7.262205810546875000e+02
7.491988525390625000e+02
7.556812133789062500e+02
9.056280517578125000e+02
5.773305664062500000e+02
8.233217163085937500e+02
1.037459106445312500e+03
6.541790771484375000e+02
8.215778198242187500e+02
7.518368530273437500e+02
8.467467041015625000e+02
7.921751708984375000e+02
8.551636352539062500e+02
7.497022094726562500e+02
6.321265258789062500e+02
6.744215087890625000e+02
6.598494873046875000e+02
7.407648315429687500e+02
6.416278076171875000e+02
9.788283081054687500e+02
8.455912475585937500e+02
8.007566528320312500e+02
7.037033691406250000e+02
6.794112548828125000e+02
7.738995971679687500e+02
6.911966552734375000e+02
7.314135742187500000e+02
7.526454467773437500e+02
8.312009277343750000e+02
6.061809082031250000e+02
6.739805908203125000e+02
6.977471313476562500e+02
6.952427368164062500e+02
7.170288085937500000e+02
9.409499511718750000e+02
5.431698608398437500e+02
7.338243408203125000e+02
7.024202270507812500e+02
7.298088989257812500e+02
7.944962158203125000e+02
7.478992919921875000e+02
6.452373046875000000e+02
8.610558471679687500e+02
8.802336425781250000e+02
7.716150512695312500e+02
8.435873413085937500e+02
6.827940063476562500e+02
6.173277587890625000e+02
5.759661254882812500e+02
9.366555786132812500e+02
6.737907104492187500e+02
9.097863159179687500e+02
7.541967773437500000e+02
8.247517700195312500e+02
5.784998168945312500e+02
8.449649658203125000e+02
8.822288208007812500e+02
8.791469116210937500e+02
8.343479614257812500e+02
7.501232299804687500e+02
8.107231445312500000e+02
8.345473022460937500e+02
6.458863525390625000e+02
9.539356079101562500e+02
6.639508056640625000e+02
8.735480346679687500e+02
6.665075073242187500e+02
5.162831420898437500e+02
1.021234985351562500e+03
7.873988037109375000e+02
7.867252197265625000e+02
7.783351440429687500e+02
5.864762573242187500e+02
8.296101684570312500e+02
7.386309204101562500e+02
8.772283325195312500e+02
8.453151855468750000e+02
6.039274291992187500e+02
1.029494018554687500e+03
8.522173461914062500e+02
8.246122436523437500e+02
8.224257812500000000e+02
8.092487792968750000e+02
8.667355346679687500e+02
8.519241943359375000e+02
8.506270141601562500e+02
5.283941040039062500e+02
8.580640869140625000e+02
9.999474487304687500e+02
6.403662719726562500e+02
8.606374511718750000e+02
9.085704956054687500e+02
8.453363647460937500e+02
8.332468261718750000e+02
8.125217285156250000e+02
7.893294067382812500e+02
8.058389282226562500e+02
1.120708251953125000e+03
7.303040161132812500e+02
7.530761718750000000e+02
9.337599487304687500e+02
8.235156860351562500e+02
7.242000122070312500e+02
9.967308959960937500e+02
7.714244384765625000e+02
8.137307128906250000e+02
7.580852661132812500e+02
6.702352294921875000e+02
9.067420043945312500e+02
6.982485351562500000e+02
7.683707885742187500e+02
7.685886230468750000e+02
8.568854980468750000e+02
8.739622802734375000e+02
6.049349365234375000e+02
7.404009399414062500e+02
9.451870117187500000e+02
5.958092041015625000e+02
9.561933593750000000e+02
5.641684570312500000e+02
7.610509643554687500e+02
7.265599365234375000e+02
5.028074035644531250e+02
7.783651733398437500e+02
8.028508911132812500e+02
6.121135864257812500e+02
8.068529052734375000e+02
8.416502685546875000e+02
7.023581542968750000e+02
6.964230957031250000e+02
8.598477172851562500e+02
7.978734130859375000e+02
6.749830322265625000e+02
8.023891601562500000e+02
9.317148437500000000e+02
8.859391479492187500e+02
8.699282836914062500e+02
7.221551513671875000e+02
8.657763061523437500e+02
7.143341674804687500e+02
6.794105834960937500e+02
6.857426757812500000e+02
9.009885864257812500e+02
6.691038208007812500e+02
5.029684448242187500e+02
8.250419311523437500e+02
7.467427368164062500e+02
1.018417053222656250e+03
9.787808227539062500e+02
7.393477172851562500e+02
8.658286743164062500e+02
8.169150390625000000e+02
6.914284057617187500e+02
7.357940673828125000e+02
6.102634887695312500e+02
7.267842407226562500e+02
7.976012573242187500e+02
7.825606079101562500e+02
5.473713989257812500e+02
9.830245971679687500e+02
6.966071166992187500e+02
6.201970214843750000e+02
7.828748168945312500e+02
7.317313232421875000e+02
6.392875976562500000e+02
4.431957092285156250e+02
7.022601318359375000e+02
7.893435058593750000e+02
7.898018798828125000e+02
5.812523193359375000e+02
6.602844848632812500e+02
7.151177368164062500e+02
7.560982666015625000e+02
5.520150146484375000e+02
7.720753784179687500e+02
6.937426147460937500e+02
6.403851928710937500e+02
8.598829345703125000e+02
8.387902832031250000e+02
9.083312377929687500e+02
7.865712280273437500e+02
8.172789306640625000e+02
7.605664672851562500e+02
6.778397216796875000e+02
5.854244995117187500e+02
9.126802368164062500e+02
5.382462158203125000e+02
8.392138671875000000e+02
6.980085449218750000e+02
6.369100952148437500e+02
5.934527587890625000e+02
5.074804077148437500e+02
4.919225158691406250e+02
8.328387451171875000e+02
6.130786743164062500e+02
8.175639038085937500e+02
7.388489379882812500e+02
7.741708984375000000e+02
8.647120361328125000e+02
8.079521484375000000e+02
7.420323486328125000e+02
1.004330200195312500e+03
6.398456420898437500e+02
9.035223999023437500e+02
8.321394653320312500e+02
6.533441162109375000e+02
7.701367797851562500e+02
7.028790893554687500e+02
8.410068969726562500e+02
7.146884765625000000e+02
7.888866577148437500e+02
9.062291870117187500e+02
6.484859008789062500e+02
7.942540283203125000e+02
8.021406250000000000e+02
8.707039794921875000e+02
7.143167724609375000e+02
6.412404785156250000e+02
7.728939819335937500e+02
6.733554077148437500e+02
6.132927856445312500e+02
9.313682250976562500e+02
7.836782836914062500e+02
9.647137451171875000e+02
8.283438110351562500e+02
7.515344848632812500e+02
7.580979003906250000e+02
8.604600219726562500e+02
7.825439453125000000e+02
6.925118408203125000e+02
8.210249633789062500e+02
7.052791137695312500e+02
6.882468261718750000e+02
7.837470703125000000e+02
9.172836914062500000e+02
6.799765014648437500e+02
8.724602050781250000e+02
8.650462036132812500e+02
8.522440795898437500e+02
7.915989990234375000e+02
8.192374267578125000e+02
7.410234985351562500e+02
7.446769409179687500e+02
7.813308715820312500e+02
7.919675903320312500e+02
6.339064941406250000e+02
6.532207031250000000e+02
7.878967895507812500e+02
8.171767578125000000e+02
6.341935424804687500e+02
1.046783813476562500e+03
6.026945190429687500e+02
6.038871459960937500e+02
8.696737670898437500e+02
8.394484863281250000e+02
8.956455078125000000e+02
7.541680908203125000e+02
8.888735351562500000e+02
8.711749877929687500e+02
6.935280151367187500e+02
8.747139282226562500e+02
9.962929687500000000e+02
6.949157104492187500e+02
8.410062255859375000e+02
7.168118896484375000e+02
6.378788452148437500e+02
6.524569702148437500e+02
8.314313354492187500e+02
7.115942993164062500e+02
8.559631958007812500e+02
6.563698730468750000e+02
6.844317626953125000e+02
5.399882812500000000e+02
8.017178344726562500e+02
9.003073730468750000e+02
6.862079467773437500e+02
9.647384033203125000e+02
9.689422607421875000e+02
7.985728149414062500e+02
6.802901000976562500e+02
8.325628051757812500e+02
8.198375854492187500e+02
9.905099487304687500e+02
7.251295166015625000e+02
5.465553588867187500e+02
7.049888916015625000e+02
6.920266723632812500e+02
8.738681640625000000e+02
7.109047241210937500e+02
7.665690307617187500e+02
6.690441284179687500e+02
6.636391601562500000e+02
7.765091552734375000e+02
5.682474975585937500e+02
5.730689086914062500e+02
6.819086914062500000e+02
8.853233642578125000e+02
6.745834350585937500e+02
7.570119018554687500e+02
9.379694213867187500e+02
8.386936035156250000e+02
7.556144409179687500e+02
8.315125122070312500e+02
6.289314575195312500e+02
9.959915771484375000e+02
8.419079589843750000e+02
6.890925292968750000e+02
8.815847778320312500e+02
6.421271362304687500e+02
7.573986206054687500e+02
6.814730224609375000e+02
9.308314208984375000e+02
9.030968017578125000e+02
7.820831298828125000e+02
7.593026733398437500e+02
6.928233032226562500e+02
7.371657104492187500e+02
5.855898437500000000e+02
7.151869506835937500e+02
7.406000976562500000e+02
7.862776489257812500e+02
7.811803588867187500e+02
7.445906982421875000e+02
7.715787963867187500e+02
6.733571777343750000e+02
7.123075561523437500e+02
7.124962768554687500e+02
8.711069335937500000e+02
7.706952514648437500e+02
7.004801025390625000e+02
7.036266479492187500e+02
5.834197387695312500e+02
8.023485107421875000e+02
8.340072631835937500e+02
6.972208862304687500e+02
9.148599243164062500e+02
7.386575927734375000e+02
7.551445922851562500e+02
7.506159667968750000e+02
7.346166381835937500e+02
7.373342285156250000e+02
7.541535644531250000e+02
4.989861755371093750e+02
9.843236083984375000e+02
7.212811889648437500e+02
8.168360595703125000e+02
1.027921752929687500e+03
7.526939697265625000e+02
5.837506713867187500e+02
9.347698974609375000e+02
6.981887207031250000e+02
8.884656982421875000e+02
7.710354003906250000e+02
5.322111816406250000e+02
7.597098388671875000e+02
1.036235351562500000e+03
6.883298339843750000e+02
8.020479125976562500e+02
8.439963378906250000e+02
7.743442993164062500e+02
6.349916992187500000e+02
7.429365844726562500e+02
5.351387939453125000e+02
7.455601806640625000e+02
8.345072021484375000e+02
8.477894287109375000e+02
6.443879394531250000e+02
8.056998291015625000e+02
8.628079223632812500e+02
9.908627929687500000e+02
8.310345458984375000e+02
8.046669921875000000e+02
7.650150146484375000e+02
7.826564941406250000e+02
7.840052490234375000e+02
6.142258300781250000e+02
7.916735839843750000e+02
8.774370727539062500e+02
8.155662231445312500e+02
5.702038574218750000e+02
9.566596679687500000e+02
7.622493286132812500e+02
7.390156250000000000e+02
6.270675659179687500e+02
7.691260375976562500e+02
7.937876586914062500e+02
9.067953491210937500e+02
6.578256835937500000e+02
9.381465454101562500e+02
5.893820800781250000e+02
5.500899047851562500e+02
6.354348754882812500e+02
8.473432617187500000e+02
8.551464843750000000e+02
7.432184448242187500e+02
6.973981933593750000e+02
8.153237304687500000e+02
9.380683593750000000e+02
8.296669311523437500e+02
8.271245117187500000e+02
6.820971069335937500e+02
8.809511108398437500e+02
5.933367309570312500e+02
8.177450561523437500e+02
8.035822143554687500e+02
8.718202514648437500e+02
7.948849487304687500e+02
6.514228515625000000e+02
8.124818115234375000e+02
8.143348388671875000e+02
6.207879028320312500e+02
6.980482177734375000e+02
6.565754394531250000e+02
7.377119750976562500e+02
8.091132202148437500e+02
7.989220581054687500e+02
8.249540405273437500e+02
6.892422485351562500e+02
9.378950805664062500e+02
7.719542236328125000e+02
8.330337524414062500e+02
7.305303955078125000e+02
8.380574340820312500e+02
7.283964233398437500e+02
7.273275756835937500e+02
6.560507812500000000e+02
7.173969726562500000e+02
8.099618530273437500e+02
7.796752319335937500e+02
7.120349121093750000e+02
7.828251953125000000e+02
9.236171264648437500e+02
7.100242919921875000e+02
7.309178466796875000e+02
7.385473632812500000e+02
8.040912475585937500e+02
9.725444946289062500e+02
8.754794311523437500e+02
7.366469116210937500e+02
8.345116577148437500e+02
6.806475219726562500e+02
5.310299682617187500e+02
6.226984863281250000e+02
5.144551391601562500e+02
8.114904785156250000e+02
7.343674316406250000e+02
6.805550537109375000e+02
8.254065551757812500e+02
8.757257080078125000e+02
7.945886230468750000e+02
7.981151733398437500e+02
7.476588745117187500e+02
6.653500976562500000e+02
6.785368652343750000e+02
6.614361572265625000e+02
6.301141357421875000e+02
5.504752197265625000e+02
7.295144042968750000e+02
6.763673706054687500e+02
9.030667724609375000e+02
7.982820434570312500e+02
7.645144042968750000e+02
8.193626098632812500e+02
6.048217773437500000e+02
8.088065185546875000e+02
7.234951782226562500e+02
7.875932006835937500e+02
7.577297973632812500e+02
9.203023681640625000e+02
7.240739135742187500e+02
7.244815063476562500e+02
7.305913085937500000e+02
8.614595336914062500e+02
7.638286132812500000e+02
8.654366455078125000e+02
7.834565429687500000e+02
3.762972717285156250e+02
8.198258056640625000e+02
6.079758300781250000e+02
8.084912109375000000e+02
6.687935791015625000e+02
6.865749511718750000e+02
8.051983642578125000e+02
8.439580688476562500e+02
7.696140747070312500e+02
9.023645629882812500e+02
7.371434936523437500e+02
8.468778076171875000e+02
5.808919677734375000e+02
8.369167480468750000e+02
7.368433227539062500e+02
6.438515625000000000e+02
8.712529296875000000e+02
8.185787353515625000e+02
9.026683959960937500e+02
7.704271240234375000e+02
4.913422546386718750e+02
7.307751464843750000e+02
8.478092651367187500e+02
6.298136596679687500e+02
1.039370483398437500e+03
7.913374633789062500e+02
7.313515625000000000e+02
5.921720581054687500e+02
7.689098510742187500e+02
8.698287963867187500e+02
8.414851684570312500e+02
5.859859619140625000e+02
5.574299316406250000e+02
7.968736572265625000e+02
6.500867919921875000e+02
7.509614868164062500e+02
6.852290649414062500e+02
7.527399902343750000e+02
5.967299194335937500e+02
7.170296630859375000e+02
7.462929077148437500e+02
8.215733032226562500e+02
7.943551025390625000e+02
9.671999511718750000e+02
8.392974243164062500e+02
8.266865844726562500e+02
6.634378051757812500e+02
9.370261840820312500e+02
8.189532470703125000e+02
5.712839965820312500e+02
6.534368896484375000e+02
8.547484741210937500e+02
9.650855102539062500e+02
6.615589599609375000e+02
6.626060791015625000e+02
8.789432983398437500e+02
5.718957519531250000e+02
6.057946777343750000e+02
6.654700317382812500e+02
7.572642822265625000e+02
7.254027709960937500e+02
9.016401367187500000e+02
7.471419677734375000e+02
7.548724365234375000e+02
8.132166748046875000e+02
6.338212280273437500e+02
6.029240722656250000e+02
7.863017578125000000e+02
7.067041625976562500e+02
6.941789550781250000e+02
6.921619873046875000e+02
8.956746826171875000e+02
7.987370605468750000e+02
8.305497436523437500e+02
8.976309814453125000e+02
7.802083740234375000e+02
7.453532104492187500e+02
7.606530761718750000e+02
8.602644042968750000e+02
7.751490478515625000e+02
7.158998413085937500e+02
9.351885986328125000e+02
7.871559448242187500e+02
8.719768066406250000e+02
9.221458129882812500e+02
7.521359252929687500e+02
7.150444946289062500e+02
8.780357666015625000e+02
7.331176757812500000e+02
7.656148681640625000e+02
8.458412475585937500e+02
5.751951293945312500e+02
7.553395996093750000e+02
7.972316894531250000e+02
7.116444091796875000e+02
6.037146606445312500e+02
8.492591552734375000e+02
6.520332641601562500e+02
7.466603393554687500e+02
8.568087768554687500e+02
6.274183959960937500e+02
4.784458923339843750e+02
8.270451660156250000e+02
6.874346313476562500e+02
7.877667236328125000e+02
8.415635375976562500e+02
6.774256591796875000e+02
8.216008300781250000e+02
6.320881347656250000e+02
7.164849853515625000e+02
7.232133178710937500e+02
6.958718261718750000e+02
7.431048583984375000e+02
9.702698974609375000e+02
7.753876953125000000e+02
6.123364868164062500e+02
8.660163574218750000e+02
8.587588500976562500e+02
7.864107666015625000e+02
7.089052124023437500e+02
7.066500854492187500e+02
8.164738159179687500e+02
9.557093505859375000e+02
7.304196166992187500e+02
9.802872314453125000e+02
8.396629638671875000e+02
8.708067016601562500e+02
6.760751342773437500e+02
7.824634399414062500e+02
7.209846801757812500e+02
8.579796142578125000e+02
8.346937866210937500e+02
9.049879760742187500e+02
8.206319580078125000e+02
7.570266113281250000e+02
7.630426025390625000e+02
8.793137817382812500e+02
8.847459106445312500e+02
8.019707641601562500e+02
5.423963623046875000e+02
9.176111450195312500e+02
7.669843750000000000e+02
5.794096069335937500e+02
8.000705566406250000e+02
9.104969482421875000e+02
7.767878417968750000e+02
6.747244262695312500e+02
7.612590942382812500e+02
8.306867065429687500e+02
5.389050292968750000e+02
5.693336181640625000e+02
9.665242919921875000e+02
9.572073364257812500e+02
6.192501831054687500e+02
7.254000854492187500e+02
7.629553833007812500e+02
1.013822753906250000e+03
7.692376098632812500e+02
7.212607421875000000e+02
6.001837158203125000e+02
7.682532958984375000e+02
7.042113037109375000e+02
8.015354003906250000e+02
8.031948852539062500e+02
9.538698730468750000e+02
8.554343261718750000e+02
7.557735595703125000e+02
1.012538146972656250e+03
6.348822021484375000e+02
7.189385986328125000e+02
7.345979614257812500e+02
7.176951904296875000e+02
7.321411743164062500e+02
5.458397216796875000e+02
9.077561035156250000e+02
8.583498535156250000e+02
7.158722534179687500e+02
8.883081665039062500e+02
9.063513793945312500e+02
7.863831176757812500e+02
7.375463256835937500e+02
7.133029174804687500e+02
7.976955566406250000e+02
9.824111328125000000e+02
7.453743896484375000e+02
7.936049194335937500e+02
1.007553039550781250e+03
9.340993652343750000e+02
7.375718383789062500e+02
6.904060668945312500e+02
9.215341796875000000e+02
7.460202026367187500e+02
6.727020874023437500e+02
7.336973876953125000e+02
7.441185913085937500e+02
7.884656982421875000e+02
7.534238281250000000e+02
8.653001098632812500e+02
6.270383300781250000e+02
6.256781005859375000e+02
7.913479614257812500e+02
7.555751342773437500e+02
5.843837280273437500e+02
6.912589111328125000e+02
5.656315307617187500e+02
7.182127685546875000e+02
7.158957519531250000e+02
7.941177368164062500e+02
7.562199707031250000e+02
7.792558593750000000e+02
7.097912597656250000e+02
5.962098999023437500e+02
8.435234375000000000e+02
7.227269897460937500e+02
6.730947875976562500e+02
8.075375976562500000e+02
8.193814086914062500e+02
7.175140991210937500e+02
7.858789062500000000e+02
6.728753662109375000e+02
7.375377807617187500e+02
8.064541015625000000e+02
7.445672607421875000e+02
6.279067993164062500e+02
6.748499145507812500e+02
5.483786621093750000e+02
7.413864746093750000e+02
4.334595642089843750e+02
9.421542968750000000e+02
9.141952514648437500e+02
6.159333496093750000e+02
8.553074951171875000e+02
7.786073608398437500e+02
7.931640625000000000e+02
8.078604736328125000e+02
8.240752563476562500e+02
8.255748291015625000e+02
6.660498657226562500e+02
8.642659301757812500e+02
8.010090332031250000e+02
8.085621337890625000e+02
8.173685913085937500e+02
8.939213867187500000e+02
5.997449951171875000e+02
8.895117187500000000e+02
9.085853881835937500e+02
7.616248779296875000e+02
8.138434448242187500e+02
8.966364746093750000e+02
6.260537109375000000e+02
6.702493286132812500e+02
7.368953247070312500e+02
7.252966918945312500e+02
8.227258300781250000e+02
7.624489135742187500e+02
9.246948242187500000e+02
6.698155517578125000e+02
8.547051391601562500e+02
6.994551391601562500e+02
8.117581787109375000e+02
8.008208007812500000e+02
9.531965942382812500e+02
6.706708374023437500e+02
7.900554809570312500e+02
7.692078857421875000e+02
8.386570434570312500e+02
7.120124511718750000e+02
1.006242919921875000e+03
1.008313171386718750e+03
8.709848022460937500e+02
7.729690551757812500e+02
6.819719238281250000e+02
9.654711914062500000e+02
5.487615356445312500e+02
7.699454956054687500e+02
7.299174804687500000e+02
6.713688964843750000e+02
6.307825927734375000e+02
7.631012573242187500e+02
7.001943969726562500e+02
9.242967529296875000e+02
5.875911254882812500e+02
6.324446411132812500e+02
7.991907348632812500e+02
8.276782836914062500e+02
6.350363159179687500e+02
8.905021362304687500e+02
6.658281250000000000e+02
7.543212890625000000e+02
6.796580810546875000e+02
9.032954711914062500e+02
7.345014648437500000e+02
9.150176391601562500e+02
8.110374755859375000e+02
9.577441406250000000e+02
8.457056274414062500e+02
8.021068115234375000e+02
6.471331176757812500e+02
8.525664062500000000e+02
8.368596801757812500e+02
6.264219360351562500e+02
6.366150512695312500e+02
7.209899291992187500e+02
1.003116699218750000e+03
6.021530761718750000e+02
9.136518554687500000e+02
6.772964477539062500e+02
8.414293823242187500e+02
7.386797485351562500e+02
9.018014526367187500e+02
8.072556762695312500e+02
7.153964233398437500e+02
9.546820678710937500e+02
8.985895385742187500e+02
8.811928100585937500e+02
8.672240600585937500e+02
6.642875366210937500e+02
7.511940307617187500e+02
7.151096191406250000e+02
7.911831054687500000e+02
6.702590942382812500e+02
9.357522583007812500e+02
7.245646362304687500e+02
8.839929199218750000e+02
6.869064941406250000e+02
7.490933227539062500e+02
5.699851074218750000e+02
8.714878540039062500e+02
7.099324340820312500e+02
7.335188598632812500e+02
8.801392822265625000e+02
8.967548217773437500e+02
8.058468017578125000e+02
6.294100341796875000e+02
6.670402832031250000e+02
8.452667236328125000e+02
7.975799560546875000e+02
8.188601684570312500e+02
7.189359741210937500e+02
7.287540893554687500e+02
6.196096801757812500e+02
7.405715942382812500e+02
8.467363891601562500e+02
7.024819335937500000e+02
9.136074218750000000e+02
6.505653686523437500e+02
9.400177001953125000e+02
8.341634521484375000e+02
6.526804809570312500e+02
8.705227661132812500e+02
6.873923950195312500e+02
6.156661376953125000e+02
7.739053344726562500e+02
6.746159057617187500e+02
8.225016479492187500e+02
7.245774536132812500e+02
9.121636962890625000e+02
6.352647705078125000e+02
8.820963134765625000e+02
9.580844116210937500e+02
6.962810668945312500e+02
9.787966918945312500e+02
7.813975219726562500e+02
7.332520141601562500e+02
7.476702880859375000e+02
8.913598022460937500e+02
7.453962402343750000e+02
8.523079833984375000e+02
6.478859863281250000e+02
8.263568115234375000e+02
8.494606933593750000e+02
8.921231689453125000e+02
7.425693359375000000e+02
6.389497070312500000e+02
7.766286621093750000e+02
7.974226684570312500e+02
6.141907348632812500e+02
7.534688110351562500e+02
8.108908081054687500e+02
6.673261108398437500e+02
7.117817382812500000e+02
6.610527343750000000e+02
8.035383300781250000e+02
5.607602539062500000e+02
7.876928100585937500e+02
8.787721557617187500e+02
9.684225463867187500e+02
7.128521728515625000e+02
6.570633544921875000e+02
7.652947998046875000e+02
8.884919433593750000e+02
8.305228271484375000e+02
6.487185668945312500e+02
5.371408081054687500e+02
8.421624145507812500e+02
8.981842651367187500e+02
9.058932495117187500e+02
8.830908203125000000e+02
6.909110107421875000e+02
6.497213134765625000e+02
7.847784423828125000e+02
6.517868041992187500e+02
8.869995117187500000e+02
8.460259399414062500e+02
7.467980346679687500e+02
7.818869628906250000e+02
7.363530273437500000e+02
7.120238037109375000e+02
8.665485839843750000e+02
8.923550415039062500e+02
7.319145507812500000e+02
6.882153930664062500e+02
8.955635986328125000e+02
7.996002807617187500e+02
8.278459472656250000e+02
7.647501831054687500e+02
8.977390747070312500e+02
9.189991455078125000e+02
7.916812133789062500e+02
8.404234619140625000e+02
8.647238159179687500e+02
6.394702148437500000e+02
7.164636840820312500e+02
8.318599243164062500e+02
9.065910644531250000e+02
9.229041748046875000e+02
8.139301757812500000e+02
9.093446044921875000e+02
8.384731445312500000e+02
6.926015625000000000e+02
7.528835449218750000e+02
6.648696289062500000e+02
7.835163574218750000e+02
7.505665283203125000e+02
8.098507080078125000e+02
9.135300903320312500e+02
8.385729980468750000e+02
7.748063354492187500e+02
6.892628784179687500e+02
8.263073120117187500e+02
6.656390991210937500e+02
9.225788574218750000e+02
8.286203613281250000e+02
5.970121459960937500e+02
8.630413818359375000e+02
8.424361572265625000e+02
8.893596191406250000e+02
6.134343872070312500e+02
7.973923339843750000e+02
6.614074096679687500e+02
7.410662231445312500e+02
7.862320556640625000e+02
6.248162231445312500e+02
5.643897705078125000e+02
8.487518920898437500e+02
8.635482788085937500e+02
7.678634643554687500e+02
7.814603881835937500e+02
9.176445312500000000e+02
9.171854858398437500e+02
4.828238525390625000e+02
6.502529296875000000e+02
9.302371215820312500e+02
7.079815673828125000e+02
8.530902099609375000e+02
8.729128417968750000e+02
8.678895263671875000e+02
7.584602661132812500e+02
6.452999877929687500e+02
8.668559570312500000e+02
6.000830078125000000e+02
7.482241210937500000e+02
8.380832519531250000e+02
1.022327392578125000e+03
7.036159667968750000e+02
6.753988037109375000e+02
8.681814575195312500e+02
8.823539428710937500e+02
7.653903808593750000e+02
7.222036743164062500e+02
8.165282592773437500e+02
5.611022949218750000e+02
6.765252685546875000e+02
6.175203857421875000e+02
9.444032592773437500e+02
7.804270629882812500e+02
9.677626953125000000e+02
8.169238281250000000e+02
8.961929321289062500e+02
8.478938598632812500e+02
8.150461425781250000e+02
7.725466918945312500e+02
6.305723876953125000e+02
7.089005737304687500e+02
5.571525878906250000e+02
8.071369018554687500e+02
6.936708984375000000e+02
8.306278076171875000e+02
7.075070800781250000e+02
6.535172729492187500e+02
7.993125610351562500e+02
7.924151611328125000e+02
9.958384399414062500e+02
7.971579589843750000e+02
8.297410888671875000e+02
8.501940307617187500e+02
8.340592041015625000e+02
5.735809326171875000e+02
7.194434204101562500e+02
6.648696289062500000e+02
8.992751464843750000e+02
8.482168579101562500e+02
8.302310791015625000e+02
7.138129272460937500e+02
8.706412963867187500e+02
7.342066040039062500e+02
9.138992309570312500e+02
5.910458984375000000e+02
7.909844360351562500e+02
7.526610107421875000e+02
7.482465820312500000e+02
9.074933471679687500e+02
8.649087524414062500e+02
6.738179321289062500e+02
8.423314819335937500e+02
4.996549987792968750e+02
4.358264465332031250e+02
7.281076660156250000e+02
7.450939331054687500e+02
6.828305053710937500e+02
7.709033813476562500e+02
8.915769653320312500e+02
7.444544677734375000e+02
6.681567382812500000e+02
7.903302612304687500e+02
7.663513183593750000e+02
6.723770751953125000e+02
7.812096557617187500e+02
7.074294433593750000e+02
8.919281616210937500e+02
4.906808776855468750e+02
8.674267578125000000e+02
6.849812622070312500e+02
7.665693969726562500e+02
5.517497558593750000e+02
4.898617553710937500e+02
9.227820434570312500e+02
7.821005249023437500e+02
7.680516357421875000e+02
8.229443359375000000e+02
8.795554199218750000e+02
8.062427978515625000e+02
8.541282348632812500e+02
6.245772094726562500e+02
5.825620117187500000e+02
8.599262084960937500e+02
8.645431518554687500e+02
6.326801757812500000e+02
6.536790161132812500e+02
8.359901123046875000e+02
7.243471679687500000e+02
9.186884765625000000e+02
7.231029663085937500e+02
4.345641784667968750e+02
6.985667724609375000e+02
6.371637573242187500e+02
8.155451049804687500e+02
8.653551635742187500e+02
7.628334960937500000e+02
5.454809570312500000e+02
7.582966308593750000e+02
6.946701660156250000e+02
8.341030883789062500e+02
7.806394042968750000e+02
8.562399902343750000e+02
6.818305053710937500e+02
6.179417114257812500e+02
5.949671630859375000e+02
5.951496582031250000e+02
7.470234375000000000e+02
5.651848144531250000e+02
8.021754760742187500e+02
8.960104370117187500e+02
6.608140869140625000e+02
7.427920532226562500e+02
7.809244384765625000e+02
5.771381225585937500e+02
6.637988281250000000e+02
7.665521240234375000e+02
7.124379272460937500e+02
7.261571655273437500e+02
8.661831665039062500e+02
7.351744995117187500e+02
6.867185668945312500e+02
8.125992431640625000e+02
7.447035522460937500e+02
6.288264770507812500e+02
6.240652465820312500e+02
8.621505737304687500e+02
8.512188720703125000e+02
8.805783081054687500e+02
9.199723510742187500e+02
6.686330566406250000e+02
9.370736083984375000e+02
8.351022949218750000e+02
8.083774414062500000e+02
9.295862426757812500e+02
7.940193481445312500e+02
9.266472167968750000e+02
6.544801635742187500e+02
7.836563110351562500e+02
7.503582763671875000e+02
7.949652709960937500e+02
6.445289306640625000e+02
4.500092468261718750e+02
6.801130371093750000e+02
9.997230834960937500e+02
6.251961669921875000e+02
8.534641113281250000e+02
7.443120727539062500e+02
5.711361694335937500e+02
8.510172729492187500e+02
8.715267333984375000e+02
6.453092651367187500e+02
7.963833618164062500e+02
6.394804077148437500e+02
5.912376708984375000e+02
5.113014526367187500e+02
6.781987915039062500e+02
8.652158203125000000e+02
8.439844360351562500e+02
7.084222412109375000e+02
5.664191894531250000e+02
7.697352905273437500e+02
8.305469360351562500e+02
7.186406250000000000e+02
7.619685058593750000e+02
9.503368530273437500e+02
9.947694702148437500e+02
7.843118896484375000e+02
6.744089965820312500e+02
7.533226318359375000e+02
9.111971435546875000e+02
1.047391235351562500e+03
7.396394653320312500e+02
7.937792358398437500e+02
7.462251586914062500e+02
5.009630126953125000e+02
8.000352172851562500e+02
7.115888061523437500e+02
6.579602050781250000e+02
6.549179687500000000e+02
8.028524169921875000e+02
7.838127441406250000e+02
8.226774291992187500e+02
7.286291503906250000e+02
7.445367431640625000e+02
7.908845214843750000e+02
7.691882934570312500e+02
9.131736450195312500e+02
7.145048217773437500e+02
8.733088378906250000e+02
9.046160888671875000e+02
6.026024169921875000e+02
8.275944824218750000e+02
5.798192138671875000e+02
8.121582641601562500e+02
6.613340454101562500e+02
7.198568725585937500e+02
6.841284790039062500e+02
8.401322631835937500e+02
7.047070312500000000e+02
5.255044555664062500e+02
7.828234252929687500e+02
7.779628295898437500e+02
5.939839477539062500e+02
5.070288696289062500e+02
8.677033081054687500e+02
7.073726196289062500e+02
7.994822998046875000e+02
7.069661254882812500e+02
9.593884277343750000e+02
6.835164184570312500e+02
4.575301818847656250e+02
8.218243408203125000e+02
6.487869262695312500e+02
7.178622436523437500e+02
6.173333740234375000e+02
9.660216674804687500e+02
8.115726928710937500e+02
6.549191284179687500e+02
7.670144042968750000e+02
9.340533447265625000e+02
7.957846069335937500e+02
8.093455200195312500e+02
8.785855102539062500e+02
7.975264892578125000e+02
6.693513183593750000e+02
6.009667968750000000e+02
8.287672119140625000e+02
9.178922729492187500e+02
7.623886108398437500e+02
8.290856933593750000e+02
5.989813232421875000e+02
8.699680786132812500e+02
8.090657958984375000e+02
9.023911132812500000e+02
9.823369140625000000e+02
7.161717529296875000e+02
9.451501464843750000e+02
1.039384155273437500e+03
7.708156738281250000e+02
7.434934082031250000e+02
9.711978149414062500e+02
5.741072387695312500e+02
5.919110717773437500e+02
7.667917480468750000e+02
8.788358154296875000e+02
9.922338867187500000e+02
9.965767211914062500e+02
6.968566894531250000e+02
8.700957031250000000e+02
5.811457519531250000e+02
7.844296264648437500e+02
9.180472412109375000e+02
6.311695556640625000e+02
8.257129516601562500e+02
7.857364501953125000e+02
8.633685913085937500e+02
8.278762817382812500e+02
7.535727539062500000e+02
9.327750854492187500e+02
7.931281127929687500e+02
8.195783691406250000e+02
8.624364624023437500e+02
7.460331420898437500e+02
7.666804809570312500e+02
7.431570434570312500e+02
8.867810668945312500e+02
7.970428466796875000e+02
8.757407836914062500e+02
8.137450561523437500e+02
8.111878662109375000e+02
7.693461303710937500e+02
8.467073364257812500e+02
7.533217773437500000e+02
6.525292968750000000e+02
7.663425292968750000e+02
8.428503417968750000e+02
6.959835815429687500e+02
9.211099243164062500e+02
6.954852294921875000e+02
6.646511840820312500e+02
8.101185302734375000e+02
6.247546997070312500e+02
6.634735107421875000e+02
8.634172363281250000e+02
7.885142822265625000e+02
7.411753540039062500e+02
6.012551269531250000e+02
6.958750000000000000e+02
8.350438232421875000e+02
8.568737182617187500e+02
9.474293823242187500e+02
7.338578491210937500e+02
6.765208740234375000e+02
9.593784179687500000e+02
6.236989746093750000e+02
7.766169433593750000e+02
4.969183349609375000e+02
8.574152221679687500e+02
7.043059692382812500e+02
8.173155517578125000e+02
7.273273315429687500e+02
7.389140625000000000e+02
6.365226440429687500e+02
7.942092285156250000e+02
9.275004882812500000e+02
6.181328735351562500e+02
7.182621459960937500e+02
5.808285522460937500e+02
6.842613525390625000e+02
7.379798583984375000e+02
9.220786743164062500e+02
8.437218627929687500e+02
6.731403808593750000e+02
8.741845703125000000e+02
8.737731323242187500e+02
6.357420043945312500e+02
7.418472290039062500e+02
6.579280395507812500e+02
7.836170654296875000e+02
9.636931762695312500e+02
7.485029296875000000e+02
7.913849487304687500e+02
7.592152099609375000e+02
9.245975341796875000e+02
1.088877929687500000e+03
6.973118286132812500e+02
9.340927734375000000e+02
7.340202636718750000e+02
8.126903076171875000e+02
5.343997802734375000e+02
1.091014282226562500e+03
6.920982055664062500e+02
7.053264160156250000e+02
8.195025024414062500e+02
8.229232177734375000e+02
8.151091308593750000e+02
8.652901000976562500e+02
6.032827148437500000e+02
7.415666503906250000e+02
6.963833618164062500e+02
8.612061157226562500e+02
6.546104125976562500e+02
5.726271972656250000e+02
6.934667968750000000e+02
6.245836791992187500e+02
6.419368286132812500e+02
7.779288940429687500e+02
8.653889160156250000e+02
8.586946411132812500e+02
8.054976806640625000e+02
8.559752197265625000e+02
5.885482788085937500e+02
8.602677001953125000e+02
7.347338867187500000e+02
8.532337646484375000e+02
8.633757324218750000e+02
8.950179443359375000e+02
6.354188842773437500e+02
7.715921630859375000e+02
8.444915161132812500e+02
7.191582641601562500e+02
6.721073608398437500e+02
5.205162963867187500e+02
7.832108154296875000e+02
7.555184326171875000e+02
6.860558471679687500e+02
7.792185668945312500e+02
7.851325683593750000e+02
9.137613525390625000e+02
6.061611938476562500e+02
6.849866943359375000e+02
8.433047485351562500e+02
6.074113769531250000e+02
8.589876098632812500e+02
8.023756713867187500e+02
7.743107299804687500e+02
8.999262084960937500e+02
8.080275878906250000e+02
6.796077270507812500e+02
7.648839111328125000e+02
6.916255493164062500e+02
7.184747924804687500e+02
7.603826904296875000e+02
8.685843505859375000e+02
8.770781860351562500e+02
8.198710937500000000e+02
7.156704711914062500e+02
8.615557250976562500e+02
8.747946777343750000e+02
7.252065429687500000e+02
8.931779785156250000e+02
9.130272216796875000e+02
8.726226806640625000e+02
8.271113281250000000e+02
8.669988403320312500e+02
9.992377319335937500e+02
6.893720703125000000e+02
7.802345581054687500e+02
7.132313842773437500e+02
7.124145507812500000e+02
6.531383056640625000e+02
8.193245239257812500e+02
9.472669677734375000e+02
7.669732666015625000e+02
7.369030151367187500e+02
6.861366577148437500e+02
9.009620361328125000e+02
7.335321655273437500e+02
8.077360229492187500e+02
7.336478881835937500e+02
6.843984375000000000e+02
7.280808715820312500e+02
8.292507934570312500e+02
6.650469360351562500e+02
7.163129882812500000e+02
8.350236206054687500e+02
8.553970947265625000e+02
7.845278320312500000e+02
6.806167602539062500e+02
8.686328125000000000e+02
7.058530883789062500e+02
8.575398559570312500e+02
6.835419311523437500e+02
8.215208129882812500e+02
6.924724121093750000e+02
8.066160888671875000e+02
7.114060668945312500e+02
7.915083618164062500e+02
8.539078979492187500e+02
8.038054199218750000e+02
8.187063598632812500e+02
8.992791748046875000e+02
9.339749755859375000e+02
7.592145385742187500e+02
7.268245239257812500e+02
8.772696533203125000e+02
9.181694335937500000e+02
8.579038696289062500e+02
7.831082153320312500e+02
1.002737304687500000e+03
8.805759887695312500e+02
8.165463867187500000e+02
7.978707275390625000e+02
7.431560058593750000e+02
5.768276977539062500e+02
9.244317016601562500e+02
6.446780395507812500e+02
7.025287475585937500e+02
7.305874023437500000e+02
7.665121459960937500e+02
5.919859619140625000e+02
8.486495361328125000e+02
7.334808959960937500e+02
8.764249877929687500e+02
7.585672607421875000e+02
7.186547241210937500e+02
8.891387939453125000e+02
8.364042358398437500e+02
7.031044311523437500e+02
7.668883666992187500e+02
7.749665527343750000e+02
6.834273071289062500e+02
6.499343261718750000e+02
6.985703735351562500e+02
1.028505371093750000e+03
7.664760742187500000e+02
7.393055419921875000e+02
6.273823242187500000e+02
8.869316406250000000e+02
7.197683105468750000e+02
7.912676391601562500e+02
8.067179565429687500e+02
5.896812744140625000e+02
8.025627441406250000e+02
7.181158447265625000e+02
8.793975830078125000e+02
6.889728393554687500e+02
8.591122436523437500e+02
8.316632690429687500e+02
9.189249267578125000e+02
8.465933837890625000e+02
9.591777343750000000e+02
5.962083129882812500e+02
8.827849121093750000e+02
7.002624511718750000e+02
8.183300170898437500e+02
7.325885009765625000e+02
8.729996948242187500e+02
7.206189575195312500e+02
6.565943603515625000e+02
5.655010986328125000e+02
6.505906372070312500e+02
7.656641235351562500e+02
9.101561889648437500e+02
5.601176757812500000e+02
7.930462646484375000e+02
7.217553710937500000e+02
9.039665527343750000e+02
8.488677978515625000e+02
7.279138183593750000e+02
8.664211425781250000e+02
6.054970092773437500e+02
8.070001831054687500e+02
6.589875488281250000e+02
7.283153686523437500e+02
7.823754882812500000e+02
7.785514526367187500e+02
6.264904174804687500e+02
7.577784423828125000e+02
9.289099731445312500e+02
7.465861206054687500e+02
8.965475463867187500e+02
9.306985473632812500e+02
8.137260131835937500e+02
6.101944580078125000e+02
7.051369018554687500e+02
7.650891723632812500e+02
7.758049316406250000e+02
9.863942260742187500e+02
8.151788330078125000e+02
8.816782226562500000e+02
6.819948730468750000e+02
6.815001220703125000e+02
6.774669189453125000e+02
8.691282348632812500e+02
8.350283813476562500e+02
7.348084106445312500e+02
1.057641479492187500e+03
7.548383789062500000e+02
6.348581542968750000e+02
8.016757202148437500e+02
6.227207641601562500e+02
7.582526245117187500e+02
7.606656494140625000e+02
5.720801391601562500e+02
8.944603271484375000e+02
7.105927124023437500e+02
7.789405517578125000e+02
8.060953369140625000e+02
9.319678344726562500e+02
1.000865539550781250e+03
9.136190795898437500e+02
1.017536254882812500e+03
8.064144897460937500e+02
5.493876953125000000e+02
9.288735961914062500e+02
5.258280639648437500e+02
6.705225219726562500e+02
9.554888305664062500e+02
8.415910034179687500e+02
6.462368774414062500e+02
8.889993896484375000e+02
8.299177856445312500e+02
6.279167480468750000e+02
7.046586914062500000e+02
8.518475952148437500e+02
7.009575805664062500e+02
5.551469116210937500e+02
6.800061035156250000e+02
9.116537475585937500e+02
6.874877319335937500e+02
8.916735229492187500e+02
9.085084228515625000e+02
7.630689697265625000e+02
7.138443603515625000e+02
7.317008666992187500e+02
8.585703735351562500e+02
5.529351196289062500e+02
7.835311279296875000e+02
6.534624023437500000e+02
6.372507324218750000e+02
7.029074707031250000e+02
8.048513183593750000e+02
7.176348876953125000e+02
6.658607177734375000e+02
7.077470703125000000e+02
6.709722290039062500e+02
7.662876586914062500e+02
5.942370605468750000e+02
6.846660156250000000e+02
7.334476928710937500e+02
8.308885498046875000e+02
9.114575195312500000e+02
8.432413940429687500e+02
7.341237792968750000e+02
6.691081542968750000e+02
7.197544555664062500e+02
7.978896484375000000e+02
6.858146362304687500e+02
8.228006591796875000e+02
8.221051635742187500e+02
8.191386718750000000e+02
8.197299194335937500e+02
8.693581542968750000e+02
6.131309814453125000e+02
6.659342651367187500e+02
8.087843627929687500e+02
8.971013793945312500e+02
7.228054809570312500e+02
8.200429077148437500e+02
6.143793945312500000e+02
8.829414062500000000e+02
7.777887573242187500e+02
7.663365478515625000e+02
9.217572631835937500e+02
8.476851806640625000e+02
4.927535095214843750e+02
7.661562500000000000e+02
8.726193847656250000e+02
8.157901611328125000e+02
9.399352416992187500e+02
6.293416748046875000e+02
8.007650756835937500e+02
7.458070678710937500e+02
8.729439697265625000e+02
7.597373046875000000e+02
7.955592041015625000e+02
8.228247680664062500e+02
7.249505615234375000e+02
9.871246948242187500e+02
7.107835693359375000e+02
6.182333374023437500e+02
7.420802001953125000e+02
6.250188598632812500e+02
6.605184326171875000e+02
8.253578491210937500e+02
7.534903564453125000e+02
6.711343994140625000e+02
9.719279174804687500e+02
6.420133666992187500e+02
9.219044189453125000e+02
5.929979858398437500e+02
7.512424316406250000e+02
6.637454223632812500e+02
9.450932617187500000e+02
7.535529785156250000e+02
1.002878051757812500e+03
8.793406982421875000e+02
7.867637939453125000e+02
8.821500244140625000e+02
7.839824829101562500e+02
6.809847412109375000e+02
7.186148681640625000e+02
8.660660400390625000e+02
4.778502197265625000e+02
8.022644653320312500e+02
7.972292480468750000e+02
6.879513549804687500e+02
8.389099121093750000e+02
7.619745483398437500e+02
7.549277343750000000e+02
6.906862182617187500e+02
7.275818481445312500e+02
7.879132080078125000e+02
9.367234497070312500e+02
7.363897705078125000e+02
8.340168457031250000e+02
7.536517944335937500e+02
6.987538452148437500e+02
6.976578979492187500e+02
7.136069946289062500e+02
6.740308837890625000e+02
8.283025512695312500e+02
8.012117919921875000e+02
8.140897216796875000e+02
6.142265014648437500e+02
9.605267333984375000e+02
6.983599853515625000e+02
8.375924682617187500e+02
8.105250854492187500e+02
6.575083618164062500e+02
8.877752685546875000e+02
8.516418457031250000e+02
6.624794311523437500e+02
8.469727783203125000e+02
7.352776489257812500e+02
8.004370727539062500e+02
7.891004638671875000e+02
7.248641967773437500e+02
7.279656372070312500e+02
7.458036499023437500e+02
5.829721069335937500e+02
9.796661376953125000e+02
1.161785766601562500e+03
8.152393188476562500e+02
6.273009033203125000e+02
8.816954956054687500e+02
7.795682373046875000e+02
9.174958496093750000e+02
6.152929077148437500e+02
8.024207153320312500e+02
8.462853393554687500e+02
7.714504394531250000e+02
5.629159545898437500e+02
1.105115478515625000e+03
9.374315795898437500e+02
7.592648925781250000e+02
9.821871337890625000e+02
9.451817626953125000e+02
8.662896728515625000e+02
9.722310791015625000e+02
9.118908691406250000e+02
8.210566406250000000e+02
8.911344604492187500e+02
7.748841552734375000e+02
7.201298217773437500e+02
9.388120117187500000e+02
5.492858276367187500e+02
5.351999511718750000e+02
8.633477783203125000e+02
9.572764892578125000e+02
5.946382446289062500e+02
8.258681640625000000e+02
9.632812500000000000e+02
5.714804077148437500e+02
8.918046264648437500e+02
6.749960327148437500e+02
8.942084350585937500e+02
7.967116088867187500e+02
6.989387817382812500e+02
6.842135620117187500e+02
8.037042846679687500e+02
8.752864379882812500e+02
9.263645629882812500e+02
8.422525024414062500e+02
8.499849853515625000e+02
7.831727294921875000e+02
8.270986328125000000e+02
8.563692016601562500e+02
7.768538818359375000e+02
6.601466674804687500e+02
8.639130249023437500e+02
7.522564086914062500e+02
7.967208862304687500e+02
6.915265502929687500e+02
7.926226196289062500e+02
7.557985229492187500e+02
5.942966308593750000e+02
7.389593505859375000e+02
7.699371948242187500e+02
7.656480712890625000e+02
8.344495849609375000e+02
8.114181518554687500e+02
1.002058227539062500e+03
7.887079467773437500e+02
6.638474121093750000e+02
9.546852416992187500e+02
8.671546020507812500e+02
7.794067382812500000e+02
7.910839233398437500e+02
7.260667724609375000e+02
7.151669921875000000e+02
8.366666259765625000e+02
5.449269409179687500e+02
9.268350219726562500e+02
9.155050659179687500e+02
7.782774047851562500e+02
6.333961181640625000e+02
6.779659423828125000e+02
8.466865844726562500e+02
7.138755493164062500e+02
8.255065307617187500e+02
5.724585571289062500e+02
6.607703247070312500e+02
8.760256347656250000e+02
6.786656494140625000e+02
7.882728271484375000e+02
7.832835693359375000e+02
8.811780395507812500e+02
8.282224121093750000e+02
8.191135864257812500e+02
8.818923950195312500e+02
7.271541748046875000e+02
6.943814697265625000e+02
7.941738281250000000e+02
7.464866333007812500e+02
7.804421997070312500e+02
8.847583007812500000e+02
6.196774902343750000e+02
9.269949340820312500e+02
7.665951538085937500e+02
6.607971191406250000e+02
8.709075317382812500e+02
8.770946655273437500e+02
6.835094604492187500e+02
6.960938720703125000e+02
7.108634643554687500e+02
9.330015258789062500e+02
8.518980102539062500e+02
8.072320556640625000e+02
6.886002197265625000e+02
8.925018920898437500e+02
6.020571899414062500e+02
9.288880615234375000e+02
7.737192993164062500e+02
7.836291503906250000e+02
9.430773315429687500e+02
9.406691894531250000e+02
8.094514160156250000e+02
7.172943115234375000e+02
7.594235229492187500e+02
7.338517456054687500e+02
6.166398315429687500e+02
7.302190551757812500e+02
6.555021972656250000e+02
6.858315429687500000e+02
8.683611450195312500e+02
9.801071777343750000e+02
6.165708618164062500e+02
8.339966430664062500e+02
5.469822998046875000e+02
7.812772827148437500e+02
9.912542114257812500e+02
6.398410644531250000e+02
7.274983520507812500e+02
7.649463500976562500e+02
7.965881347656250000e+02
8.339185791015625000e+02
8.709320068359375000e+02
6.263980102539062500e+02
7.841000366210937500e+02
8.741797485351562500e+02
7.593176269531250000e+02
6.281303100585937500e+02
9.298632812500000000e+02
7.625806274414062500e+02
8.534584960937500000e+02
6.802310791015625000e+02
7.927976684570312500e+02
6.070803222656250000e+02
8.472376708984375000e+02
8.834383544921875000e+02
7.425632324218750000e+02
6.420098876953125000e+02
8.763821411132812500e+02
6.444815063476562500e+02
9.355892944335937500e+02
4.993589172363281250e+02
8.046337280273437500e+02
7.388255615234375000e+02
6.484437866210937500e+02
6.732741088867187500e+02
8.898803710937500000e+02
6.083497924804687500e+02
7.223167724609375000e+02
7.434490356445312500e+02
8.741434936523437500e+02
9.892606811523437500e+02
6.681524047851562500e+02
6.830831909179687500e+02
8.120805664062500000e+02
6.789213256835937500e+02
6.867116699218750000e+02
8.630247802734375000e+02
7.778927001953125000e+02
6.759767456054687500e+02
6.647094726562500000e+02
7.198344726562500000e+02
6.329362182617187500e+02
7.392953491210937500e+02
6.746024780273437500e+02
7.232832641601562500e+02
7.405200805664062500e+02
6.560535278320312500e+02
7.089879150390625000e+02
9.173886108398437500e+02
8.146376342773437500e+02
7.918424682617187500e+02
7.041343994140625000e+02
5.435668945312500000e+02
8.580761718750000000e+02
5.118621826171875000e+02
6.487780151367187500e+02
8.309287109375000000e+02
7.714998779296875000e+02
8.025314331054687500e+02
7.960625610351562500e+02
8.461672973632812500e+02
6.720734252929687500e+02
7.053942260742187500e+02
8.670226440429687500e+02
5.705136108398437500e+02
6.969877929687500000e+02
8.741208496093750000e+02
7.418064575195312500e+02
7.708009033203125000e+02
8.082295532226562500e+02
7.413334960937500000e+02
9.737415771484375000e+02
9.068479003906250000e+02
9.073752441406250000e+02
1.051302978515625000e+03
6.612730102539062500e+02
6.115657348632812500e+02
7.211582641601562500e+02
8.205914306640625000e+02
6.965492553710937500e+02
7.115047607421875000e+02
7.226973876953125000e+02
8.535111083984375000e+02
8.884987182617187500e+02
7.577626953125000000e+02
8.190429077148437500e+02
7.788851928710937500e+02
5.676326293945312500e+02
8.408237304687500000e+02
5.714799194335937500e+02
8.124940185546875000e+02
7.509094848632812500e+02
8.206774902343750000e+02
7.916171875000000000e+02
5.572823486328125000e+02
7.828107299804687500e+02
7.691345214843750000e+02
7.807986450195312500e+02
9.150451049804687500e+02
8.517580566406250000e+02
4.989970092773437500e+02
8.845225219726562500e+02
8.156370849609375000e+02
9.103072509765625000e+02
7.269300537109375000e+02
7.113570556640625000e+02
9.317643432617187500e+02
8.759859008789062500e+02
6.999265747070312500e+02
8.941060180664062500e+02
6.719334716796875000e+02
8.889107666015625000e+02
6.403505249023437500e+02
7.086914062500000000e+02
1.101964843750000000e+03
6.442689208984375000e+02
6.213163452148437500e+02
7.345989990234375000e+02
5.421806030273437500e+02
9.156715087890625000e+02
7.395664062500000000e+02
4.948857421875000000e+02
7.154450683593750000e+02
8.666218261718750000e+02
7.307463378906250000e+02
7.849121093750000000e+02
8.471641845703125000e+02
7.565479736328125000e+02
7.211220703125000000e+02
7.811509399414062500e+02
7.527839965820312500e+02
7.370728149414062500e+02
7.075681762695312500e+02
7.324401245117187500e+02
9.428198242187500000e+02
8.706965332031250000e+02
9.285796508789062500e+02
8.544951171875000000e+02
7.008781738281250000e+02
8.126745605468750000e+02
7.334618530273437500e+02
7.267695922851562500e+02
6.917557373046875000e+02
8.062423095703125000e+02
7.607427978515625000e+02
6.285935668945312500e+02
7.470664062500000000e+02
9.573431396484375000e+02
8.374863281250000000e+02
5.569951171875000000e+02
7.210986938476562500e+02
8.943406982421875000e+02
8.118244628906250000e+02
7.531101074218750000e+02
8.352263793945312500e+02
7.178146362304687500e+02
8.294359130859375000e+02
5.939907836914062500e+02
7.863363037109375000e+02
6.908135375976562500e+02
8.080180053710937500e+02
7.321092529296875000e+02
7.067412719726562500e+02
5.643067626953125000e+02
7.531803588867187500e+02
8.564383544921875000e+02
7.145847167968750000e+02
1.016780639648437500e+03
8.898373413085937500e+02
8.382727661132812500e+02
6.870366210937500000e+02
7.419323120117187500e+02
8.554121093750000000e+02
8.592050170898437500e+02
7.288068237304687500e+02
5.883592529296875000e+02
5.814725952148437500e+02
8.067862548828125000e+02
7.463766479492187500e+02
7.109932250976562500e+02
7.958441772460937500e+02
6.365337524414062500e+02
8.890271606445312500e+02
7.669852905273437500e+02
9.333527832031250000e+02
7.725145874023437500e+02
9.060382690429687500e+02
7.247160034179687500e+02
6.704370117187500000e+02
9.226261596679687500e+02
6.649375610351562500e+02
6.069484863281250000e+02
6.473561401367187500e+02
7.878547363281250000e+02
7.429510498046875000e+02
7.510443725585937500e+02
9.195166625976562500e+02
7.532658691406250000e+02
8.417310791015625000e+02
8.223654174804687500e+02
5.881292724609375000e+02
6.971716918945312500e+02
6.326956176757812500e+02
7.973185424804687500e+02
5.889929199218750000e+02
7.123049316406250000e+02
5.905913085937500000e+02
6.088297729492187500e+02
7.734807128906250000e+02
7.554041748046875000e+02
8.668829956054687500e+02
8.777517089843750000e+02
9.436822509765625000e+02
9.293451538085937500e+02
7.263264770507812500e+02
6.430813598632812500e+02
7.837561645507812500e+02
6.382764282226562500e+02
3.137751464843750000e+02
9.024974365234375000e+02
6.579242553710937500e+02
9.614449462890625000e+02
9.884838867187500000e+02
9.039898071289062500e+02
8.897676391601562500e+02
8.069365844726562500e+02
9.170328979492187500e+02
6.896649169921875000e+02
7.618788452148437500e+02
7.749711914062500000e+02
9.348231201171875000e+02
9.881714477539062500e+02
7.928020019531250000e+02
6.408499145507812500e+02
7.162385253906250000e+02
7.890333251953125000e+02
6.245328979492187500e+02
7.271992187500000000e+02
8.115081787109375000e+02
6.446680908203125000e+02
6.194030151367187500e+02
7.956644897460937500e+02
9.857414550781250000e+02
7.038960571289062500e+02
9.348887939453125000e+02
7.938710937500000000e+02
9.002858276367187500e+02
8.325104980468750000e+02
8.300777587890625000e+02
8.025549316406250000e+02
8.574866943359375000e+02
7.914639282226562500e+02
9.472752075195312500e+02
6.699057006835937500e+02
7.725751342773437500e+02
8.376702880859375000e+02
7.104842529296875000e+02
8.896304931640625000e+02
7.720301513671875000e+02
7.718186645507812500e+02
8.195000610351562500e+02
8.293021240234375000e+02
7.220488281250000000e+02
7.330948486328125000e+02
7.482192382812500000e+02
7.415454101562500000e+02
7.609969482421875000e+02
7.668076782226562500e+02
7.000933837890625000e+02
6.278205566406250000e+02
7.942457885742187500e+02
9.463353881835937500e+02
6.680800170898437500e+02
5.995612792968750000e+02
7.023390502929687500e+02
8.555280761718750000e+02
8.026918945312500000e+02
7.025408935546875000e+02
6.998188476562500000e+02
7.448939819335937500e+02
8.005449218750000000e+02
4.009195861816406250e+02
7.070370483398437500e+02
8.209844970703125000e+02
7.853992919921875000e+02
8.003470458984375000e+02
6.083728027343750000e+02
7.077280883789062500e+02
7.116085205078125000e+02
8.184700927734375000e+02
7.181109619140625000e+02
8.286547851562500000e+02
8.240817260742187500e+02
1.013608276367187500e+03
8.786950073242187500e+02
8.270951538085937500e+02
9.735438232421875000e+02
9.536772460937500000e+02
6.765150146484375000e+02
7.733312988281250000e+02
6.202527465820312500e+02
8.314697875976562500e+02
5.783523559570312500e+02
7.874814453125000000e+02
7.677527465820312500e+02
4.728683471679687500e+02
8.822229003906250000e+02
8.551395263671875000e+02
7.632440795898437500e+02
7.493056640625000000e+02
8.489906005859375000e+02
8.947593383789062500e+02
8.669003906250000000e+02
7.658086547851562500e+02
6.886875000000000000e+02
6.909667358398437500e+02
6.537301635742187500e+02
7.162634887695312500e+02
8.803705444335937500e+02
8.900761718750000000e+02
6.672218017578125000e+02
5.554257202148437500e+02
1.033217651367187500e+03
6.795363159179687500e+02
6.983795166015625000e+02
8.879854736328125000e+02
7.225459594726562500e+02
7.471024780273437500e+02
8.311152343750000000e+02
9.279567871093750000e+02
7.112346801757812500e+02
6.928012695312500000e+02
9.114293823242187500e+02
6.471614379882812500e+02
7.349696655273437500e+02
7.923034667968750000e+02
7.317557373046875000e+02
6.387987670898437500e+02
7.456966552734375000e+02
8.248040161132812500e+02
7.043274536132812500e+02
6.837315673828125000e+02
8.435646972656250000e+02
5.236735229492187500e+02
7.522640380859375000e+02
7.395280151367187500e+02
7.080101928710937500e+02
9.093435058593750000e+02
6.572144775390625000e+02
7.384967651367187500e+02
7.855487060546875000e+02
9.034667968750000000e+02
7.935734252929687500e+02
8.015615234375000000e+02
5.061330261230468750e+02
9.343846435546875000e+02
8.150776977539062500e+02
8.434631347656250000e+02
8.540082397460937500e+02
9.173654785156250000e+02
8.117963256835937500e+02
8.382280883789062500e+02
7.876980590820312500e+02
9.305104980468750000e+02
7.018573608398437500e+02
6.287553100585937500e+02
9.764285278320312500e+02
7.478425903320312500e+02
8.053804321289062500e+02
8.847638549804687500e+02
9.492225341796875000e+02
6.707874755859375000e+02
8.748428955078125000e+02
8.929426269531250000e+02
6.187895507812500000e+02
5.051555175781250000e+02
4.920516967773437500e+02
9.888119506835937500e+02
5.682463378906250000e+02
8.124342041015625000e+02
7.159274291992187500e+02
8.225718994140625000e+02
9.940795898437500000e+02
7.078757324218750000e+02
9.390224609375000000e+02
8.383097534179687500e+02
6.346633300781250000e+02
6.350646972656250000e+02
1.005756958007812500e+03
9.096859130859375000e+02
7.683682861328125000e+02
8.190029296875000000e+02
7.967327270507812500e+02
7.208587036132812500e+02
7.613206176757812500e+02
9.634379272460937500e+02
7.798066406250000000e+02
7.158488769531250000e+02
9.403520507812500000e+02
7.675891113281250000e+02
7.130501098632812500e+02
6.796949462890625000e+02
7.483564453125000000e+02
7.726271362304687500e+02
7.566653442382812500e+02
8.335316772460937500e+02
8.524866333007812500e+02
6.591694946289062500e+02
7.036489257812500000e+02
8.547898559570312500e+02
5.841771240234375000e+02
7.682041015625000000e+02
7.550927734375000000e+02
6.862507324218750000e+02
9.838978881835937500e+02
6.942247314453125000e+02
7.379077148437500000e+02
8.624028320312500000e+02
8.194525756835937500e+02
6.720636596679687500e+02
8.213353271484375000e+02
7.225596923828125000e+02
7.469841918945312500e+02
9.035848999023437500e+02
8.518834838867187500e+02
6.549838867187500000e+02
1.043620239257812500e+03
5.763059082031250000e+02
6.040362548828125000e+02
8.418120117187500000e+02
6.770714111328125000e+02
7.637002563476562500e+02
9.608991699218750000e+02
8.307047729492187500e+02
7.972413940429687500e+02
6.367014770507812500e+02
8.441998901367187500e+02
8.893311157226562500e+02
8.935086059570312500e+02
6.293112792968750000e+02
5.141614990234375000e+02
8.758917846679687500e+02
7.601954956054687500e+02
8.724840698242187500e+02
6.254649658203125000e+02
8.274862060546875000e+02
9.178696899414062500e+02
8.086007690429687500e+02
1.030583496093750000e+03
9.591023559570312500e+02
6.459247436523437500e+02
7.355723876953125000e+02
7.999833984375000000e+02
7.687816772460937500e+02
7.005534057617187500e+02
5.463497924804687500e+02
8.451755981445312500e+02
8.178536987304687500e+02
6.753794555664062500e+02
8.515628051757812500e+02
8.089471435546875000e+02
7.669880981445312500e+02
7.210368652343750000e+02
5.396737670898437500e+02
5.742124023437500000e+02
8.844963989257812500e+02
6.568330688476562500e+02
8.059344482421875000e+02
8.634818115234375000e+02
7.447607421875000000e+02
8.769570312500000000e+02
8.394913940429687500e+02
8.891733398437500000e+02
7.627310180664062500e+02
7.260150146484375000e+02
7.593176269531250000e+02
6.509302978515625000e+02
5.797671508789062500e+02
6.619588012695312500e+02
5.775362548828125000e+02
9.105585327148437500e+02
6.897528686523437500e+02
1.000085449218750000e+03
8.138714599609375000e+02
9.162196655273437500e+02
5.955223999023437500e+02
8.591448364257812500e+02
9.436782226562500000e+02
6.842064819335937500e+02
6.994083251953125000e+02
7.796338500976562500e+02
8.108718261718750000e+02
7.873003540039062500e+02
8.967543945312500000e+02
5.943516235351562500e+02
6.858263549804687500e+02
8.487221069335937500e+02
9.430993652343750000e+02
7.238907470703125000e+02
8.883499755859375000e+02
8.655302734375000000e+02
6.699046020507812500e+02
6.442787475585937500e+02
7.936719970703125000e+02
8.501019897460937500e+02
6.575464477539062500e+02
9.273928833007812500e+02
8.177650146484375000e+02
6.034685058593750000e+02
8.031853027343750000e+02
8.690677490234375000e+02
7.877808837890625000e+02
6.703137207031250000e+02
7.731601562500000000e+02
7.760178222656250000e+02
8.728461914062500000e+02
7.790140991210937500e+02
6.971304931640625000e+02
9.016380004882812500e+02
4.715866088867187500e+02
6.672999877929687500e+02
7.792969360351562500e+02
6.969074096679687500e+02
7.959695434570312500e+02
6.684908447265625000e+02
8.088129272460937500e+02
6.314985961914062500e+02
7.774266967773437500e+02
6.949678344726562500e+02
7.398940429687500000e+02
9.337983398437500000e+02
8.066193237304687500e+02
6.811829223632812500e+02
7.197496337890625000e+02
5.725974731445312500e+02
8.359563598632812500e+02
8.736280517578125000e+02
6.943771972656250000e+02
7.171844482421875000e+02
7.382033081054687500e+02
4.861858520507812500e+02
6.089331665039062500e+02
5.638694458007812500e+02
6.235781250000000000e+02
6.312123413085937500e+02
9.427567138671875000e+02
6.283600463867187500e+02
1.096536376953125000e+03
8.974862670898437500e+02
1.035525268554687500e+03
6.490002441406250000e+02
5.777766723632812500e+02
7.633677978515625000e+02
7.468916625976562500e+02
8.816754150390625000e+02
9.065119018554687500e+02
6.821802978515625000e+02
6.624906616210937500e+02
9.370537109375000000e+02
8.736882324218750000e+02
7.866535034179687500e+02
8.803870849609375000e+02
6.410656738281250000e+02
8.507233886718750000e+02
6.913988647460937500e+02
8.280474853515625000e+02
6.128012695312500000e+02
6.062454223632812500e+02
8.071509399414062500e+02
7.127883911132812500e+02
8.200352783203125000e+02
8.208803100585937500e+02
6.138620605468750000e+02
8.555929565429687500e+02
6.975197143554687500e+02
8.364422607421875000e+02
7.108103637695312500e+02
7.642868041992187500e+02
6.486046752929687500e+02
8.344946289062500000e+02
7.597913208007812500e+02
7.264479370117187500e+02
5.546948242187500000e+02
7.921745605468750000e+02
9.065270385742187500e+02
8.475438232421875000e+02
7.604324340820312500e+02
8.830004882812500000e+02
6.925808715820312500e+02
9.505747070312500000e+02
7.978605346679687500e+02
7.942371826171875000e+02
6.821345214843750000e+02
6.281429443359375000e+02
7.516223144531250000e+02
7.660443725585937500e+02
7.801499023437500000e+02
7.598701782226562500e+02
5.617916870117187500e+02
8.256799316406250000e+02
6.309524536132812500e+02
6.261204833984375000e+02
5.953486938476562500e+02
7.636271972656250000e+02
7.475960083007812500e+02
5.096772460937500000e+02
7.433739013671875000e+02
7.017395629882812500e+02
6.888139648437500000e+02
8.435446166992187500e+02
7.548751831054687500e+02
7.232957153320312500e+02
8.498364257812500000e+02
6.182520141601562500e+02
6.634746704101562500e+02
8.011811523437500000e+02
8.149112548828125000e+02
8.105083007812500000e+02
9.292191162109375000e+02
7.019263305664062500e+02
6.168685302734375000e+02
7.652611694335937500e+02
8.154028320312500000e+02
7.404489135742187500e+02
8.866608886718750000e+02
7.583345336914062500e+02
7.919926757812500000e+02
7.171984252929687500e+02
6.649906616210937500e+02
7.773135375976562500e+02
9.537573852539062500e+02
8.578760986328125000e+02
5.654052734375000000e+02
9.209555053710937500e+02
8.841357421875000000e+02
9.127789916992187500e+02
8.734429931640625000e+02
8.755731811523437500e+02
5.994614257812500000e+02
8.324979858398437500e+02
6.872484741210937500e+02
8.242942504882812500e+02
7.584987792968750000e+02
9.095916137695312500e+02
8.361536254882812500e+02
6.736076660156250000e+02
6.397286376953125000e+02
8.737444458007812500e+02
7.136280517578125000e+02
1.014425842285156250e+03
7.129044189453125000e+02
6.754849853515625000e+02
5.047671813964843750e+02
7.128104858398437500e+02
8.181328125000000000e+02
9.245201416015625000e+02
9.356026611328125000e+02
5.383784179687500000e+02
7.970643920898437500e+02
8.279102783203125000e+02
8.179072875976562500e+02
9.647506103515625000e+02
8.425137329101562500e+02
5.417130126953125000e+02
9.246550903320312500e+02
9.224291992187500000e+02
7.481882934570312500e+02
7.225839843750000000e+02
8.447931518554687500e+02
6.057449340820312500e+02
8.489763793945312500e+02
7.712416992187500000e+02
8.454134521484375000e+02
7.042730712890625000e+02
8.170769653320312500e+02
8.183587036132812500e+02
3.693465270996093750e+02
6.590112915039062500e+02
7.590296020507812500e+02
8.813435668945312500e+02
7.934264526367187500e+02
1.028956542968750000e+03
7.578249511718750000e+02
7.703745727539062500e+02
6.971787719726562500e+02
6.446372070312500000e+02
6.880087890625000000e+02
7.279153442382812500e+02
8.180788574218750000e+02
7.760715332031250000e+02
9.582908325195312500e+02
8.390259399414062500e+02
1.030889160156250000e+03
7.431176147460937500e+02
6.696947021484375000e+02
7.766824340820312500e+02
6.213000488281250000e+02
7.639129028320312500e+02
8.543484497070312500e+02
8.957158203125000000e+02
8.964601440429687500e+02
8.040400390625000000e+02
6.613289184570312500e+02
5.810115966796875000e+02
8.486339111328125000e+02
7.880538940429687500e+02
6.653712768554687500e+02
7.768647460937500000e+02
6.495693969726562500e+02
9.424985351562500000e+02
8.130581665039062500e+02
8.671312866210937500e+02
8.386611328125000000e+02
5.955289306640625000e+02
6.990139770507812500e+02
7.938115234375000000e+02
6.520296630859375000e+02
5.653587646484375000e+02
7.831254272460937500e+02
6.566414794921875000e+02
5.899713134765625000e+02
7.081080322265625000e+02
6.936228027343750000e+02
6.895176391601562500e+02
9.814396972656250000e+02
5.386556396484375000e+02
9.160436401367187500e+02
8.979364624023437500e+02
8.720222778320312500e+02
8.701637573242187500e+02
7.036522216796875000e+02
6.728755493164062500e+02
8.311886596679687500e+02
9.779032592773437500e+02
6.612684936523437500e+02
7.248856201171875000e+02
8.187684936523437500e+02
6.431726074218750000e+02
7.510617675781250000e+02
8.081239013671875000e+02
9.071747436523437500e+02
8.347700195312500000e+02
6.453475341796875000e+02
6.957766113281250000e+02
9.150518798828125000e+02
8.166254272460937500e+02
8.100837402343750000e+02
6.405137329101562500e+02
1.095064575195312500e+03
6.684282836914062500e+02
7.603246459960937500e+02
8.225404052734375000e+02
8.834852905273437500e+02
8.466887207031250000e+02
8.560817260742187500e+02
7.573798828125000000e+02
8.516735839843750000e+02
6.744643554687500000e+02
5.663148803710937500e+02
8.730611572265625000e+02
6.173361206054687500e+02
6.127319946289062500e+02
8.375668945312500000e+02
7.000623779296875000e+02
7.702105102539062500e+02
6.200898437500000000e+02
7.218480834960937500e+02
7.277424316406250000e+02
8.301247558593750000e+02
6.773721923828125000e+02
6.819482421875000000e+02
8.113413085937500000e+02
6.322816162109375000e+02
6.499123535156250000e+02
8.288811645507812500e+02
8.950564575195312500e+02
7.759862060546875000e+02
9.120402832031250000e+02
9.353279418945312500e+02
7.456057739257812500e+02
8.690028686523437500e+02
6.820108032226562500e+02
7.294409790039062500e+02
6.538621215820312500e+02
6.230725708007812500e+02
6.938936767578125000e+02
7.849552001953125000e+02
6.803339843750000000e+02
7.769783935546875000e+02
8.468274536132812500e+02
8.077494506835937500e+02
8.783520507812500000e+02
9.130104370117187500e+02
7.897649536132812500e+02
6.934833984375000000e+02
8.943348999023437500e+02
9.434801635742187500e+02
8.798640747070312500e+02
5.232133789062500000e+02
7.077217407226562500e+02
8.664098510742187500e+02
6.365623779296875000e+02
8.443247070312500000e+02
6.200294189453125000e+02
7.117133789062500000e+02
7.923486938476562500e+02
8.609130249023437500e+02
7.815187988281250000e+02
7.185303344726562500e+02
6.301373291015625000e+02
6.661859741210937500e+02
7.435421142578125000e+02
7.211130981445312500e+02
7.223489379882812500e+02
8.949190673828125000e+02
6.723700561523437500e+02
7.537651367187500000e+02
9.324922485351562500e+02
6.843186645507812500e+02
7.406866455078125000e+02
6.788896484375000000e+02
5.886677246093750000e+02
8.482958374023437500e+02
6.880496826171875000e+02
9.752500000000000000e+02
8.557786865234375000e+02
8.115707397460937500e+02
6.857257690429687500e+02
7.693689575195312500e+02
6.359603881835937500e+02
6.074948730468750000e+02
9.199542236328125000e+02
7.453962402343750000e+02
6.354690551757812500e+02
8.990001831054687500e+02
7.659564208984375000e+02
6.893721313476562500e+02
7.186148071289062500e+02
9.699599609375000000e+02
6.047169799804687500e+02
6.408937377929687500e+02
6.476633911132812500e+02
7.322345581054687500e+02
7.199780883789062500e+02
8.305470581054687500e+02
7.882376708984375000e+02
7.766372680664062500e+02
6.437522583007812500e+02
7.863018798828125000e+02
8.521439208984375000e+02
7.284005126953125000e+02
9.314151611328125000e+02
6.026907958984375000e+02
9.983773803710937500e+02
5.657173461914062500e+02
1.045314575195312500e+03
7.073754882812500000e+02
7.204817504882812500e+02
9.741085205078125000e+02
9.103861694335937500e+02
7.478326416015625000e+02
7.940045776367187500e+02
8.314127807617187500e+02
7.860401000976562500e+02
7.732489013671875000e+02
8.258341674804687500e+02
7.280885620117187500e+02
6.661318359375000000e+02
7.652720336914062500e+02
6.922087402343750000e+02
1.073092895507812500e+03
5.475016479492187500e+02
9.613287353515625000e+02
6.568607177734375000e+02
9.183609619140625000e+02
6.503831787109375000e+02
7.944550170898437500e+02
8.079099121093750000e+02
6.616809082031250000e+02
8.376068115234375000e+02
5.770767822265625000e+02
7.060764160156250000e+02
6.685830078125000000e+02
7.621191406250000000e+02
7.720668334960937500e+02
7.915477294921875000e+02
6.487183227539062500e+02
5.360125122070312500e+02
5.165592041015625000e+02
6.731942749023437500e+02
7.935440673828125000e+02
7.247301635742187500e+02
6.846005249023437500e+02
5.625621337890625000e+02
8.759526977539062500e+02
6.147836303710937500e+02
7.320715942382812500e+02
5.284310913085937500e+02
8.140762939453125000e+02
6.782787475585937500e+02
8.295536499023437500e+02
6.916916503906250000e+02
6.688213500976562500e+02
6.514973754882812500e+02
8.134772338867187500e+02
8.432932128906250000e+02
8.200109863281250000e+02
7.472406616210937500e+02
6.966872558593750000e+02
9.621649169921875000e+02
8.120970458984375000e+02
8.062001953125000000e+02
7.782904052734375000e+02
8.059061889648437500e+02
6.609440917968750000e+02
7.498193359375000000e+02
6.637414550781250000e+02
7.898815307617187500e+02
7.509872436523437500e+02
7.172734375000000000e+02
6.623689575195312500e+02
8.361535644531250000e+02
9.570805664062500000e+02
9.432426147460937500e+02
6.923963623046875000e+02
9.676313476562500000e+02
8.317167968750000000e+02
5.718814086914062500e+02
7.838735961914062500e+02
6.073151855468750000e+02
8.010025024414062500e+02
7.204901733398437500e+02
7.723159179687500000e+02
7.919598388671875000e+02
8.598700561523437500e+02
7.447885131835937500e+02
8.503658447265625000e+02
6.813530273437500000e+02
7.836760253906250000e+02
7.237221069335937500e+02
8.565936279296875000e+02
7.715897827148437500e+02
8.019187011718750000e+02
8.341157836914062500e+02
6.206662597656250000e+02
7.031691894531250000e+02
8.756089477539062500e+02
7.587940673828125000e+02
7.919652709960937500e+02
6.271462402343750000e+02
6.414282226562500000e+02
8.089420776367187500e+02
5.932966308593750000e+02
6.024202880859375000e+02
6.966834106445312500e+02
7.166881103515625000e+02
8.707352905273437500e+02
7.752182617187500000e+02
7.988467407226562500e+02
8.578053588867187500e+02
9.158422241210937500e+02
7.697682495117187500e+02
8.686567382812500000e+02
7.849765625000000000e+02
6.825439453125000000e+02
8.579955444335937500e+02
8.775443725585937500e+02
9.063317260742187500e+02
8.052970581054687500e+02
7.020134887695312500e+02
7.200114135742187500e+02
8.531002197265625000e+02
8.929130249023437500e+02
8.422894897460937500e+02
7.706591186523437500e+02
1.016710937500000000e+03
7.123516235351562500e+02
7.518975219726562500e+02
6.798159790039062500e+02
7.990540161132812500e+02
7.770958862304687500e+02
7.128223266601562500e+02
7.099966430664062500e+02
7.321288452148437500e+02
5.498506469726562500e+02
9.634733276367187500e+02
7.534874877929687500e+02
8.237526855468750000e+02
8.771018676757812500e+02
9.024739379882812500e+02
1.027086059570312500e+03
7.347293701171875000e+02
6.852335205078125000e+02
5.700800781250000000e+02
7.639329833984375000e+02
6.733317871093750000e+02
8.526685791015625000e+02
7.961189575195312500e+02
8.462890014648437500e+02
8.018198852539062500e+02
7.710595092773437500e+02
5.588438720703125000e+02
6.972476196289062500e+02
8.055449218750000000e+02
8.702568969726562500e+02
8.085048217773437500e+02
8.019296264648437500e+02
7.724185791015625000e+02
1.016395629882812500e+03
6.971880493164062500e+02
8.938274536132812500e+02
8.520944213867187500e+02
5.540913696289062500e+02
7.229691772460937500e+02
7.170803222656250000e+02
8.550849609375000000e+02
9.054454956054687500e+02
6.957261352539062500e+02
7.019005737304687500e+02
8.627584838867187500e+02
8.022933959960937500e+02
6.403379516601562500e+02
8.184187622070312500e+02
9.009093627929687500e+02
7.390892333984375000e+02
9.763098144531250000e+02
5.744960937500000000e+02
7.084265747070312500e+02
7.088377075195312500e+02
7.517282714843750000e+02
8.789226074218750000e+02
7.211087646484375000e+02
7.299731445312500000e+02
8.483083496093750000e+02
6.793930664062500000e+02
8.187465820312500000e+02
8.515601806640625000e+02
7.626549682617187500e+02
6.497682495117187500e+02
6.390849609375000000e+02
7.732290649414062500e+02
8.441981201171875000e+02
1.008848083496093750e+03
6.985092163085937500e+02
1.003021545410156250e+03
7.585408935546875000e+02
9.163665161132812500e+02
7.499517211914062500e+02
7.191658935546875000e+02
6.969336547851562500e+02
8.024783325195312500e+02
7.482166137695312500e+02
6.627817382812500000e+02
6.848148803710937500e+02
6.358832397460937500e+02
5.688844604492187500e+02
8.113019409179687500e+02
9.391032714843750000e+02
6.908558349609375000e+02
8.906225585937500000e+02
7.377935791015625000e+02
7.104768676757812500e+02
7.955592651367187500e+02
8.130463256835937500e+02
6.977847900390625000e+02
8.620646972656250000e+02
6.075639648437500000e+02
7.745648193359375000e+02
8.856348266601562500e+02
7.878551635742187500e+02
6.983524169921875000e+02
7.665006103515625000e+02
8.283893432617187500e+02
5.831702880859375000e+02
8.020327148437500000e+02
7.759537963867187500e+02
7.942425537109375000e+02
6.032750244140625000e+02
6.231925659179687500e+02
8.452753295898437500e+02
7.763875732421875000e+02
5.631267089843750000e+02
6.294893188476562500e+02
8.110024414062500000e+02
8.457041015625000000e+02
9.452363891601562500e+02
8.713167724609375000e+02
7.647933349609375000e+02
9.680360717773437500e+02
6.933010864257812500e+02
6.316537475585937500e+02
8.351786499023437500e+02
8.905216674804687500e+02
7.436072387695312500e+02
7.161265258789062500e+02
7.500120239257812500e+02
4.929990234375000000e+02
7.643335571289062500e+02
8.072855834960937500e+02
6.166021728515625000e+02
7.268906250000000000e+02
9.338370361328125000e+02
7.340681152343750000e+02
7.462994384765625000e+02
7.286264648437500000e+02
7.726302490234375000e+02
9.032276000976562500e+02
1.055876708984375000e+03
9.054703979492187500e+02
7.411698608398437500e+02
8.193728027343750000e+02
9.403199462890625000e+02
8.764373779296875000e+02
6.845609741210937500e+02
7.821069335937500000e+02
8.549261474609375000e+02
7.829948730468750000e+02
9.521855468750000000e+02
6.886334228515625000e+02
5.472633666992187500e+02
7.678535156250000000e+02
8.248248901367187500e+02
7.594804077148437500e+02
8.014906616210937500e+02
9.463715209960937500e+02
7.589234008789062500e+02
8.379909667968750000e+02
6.941228027343750000e+02
8.520597534179687500e+02
6.742745971679687500e+02
7.296561279296875000e+02
7.121735229492187500e+02
7.733718872070312500e+02
5.687539672851562500e+02
8.296727294921875000e+02
6.704148559570312500e+02
6.275612792968750000e+02
7.303233642578125000e+02
8.719991455078125000e+02
8.772041015625000000e+02
6.077739257812500000e+02
6.821246337890625000e+02
9.193899536132812500e+02
7.276264038085937500e+02
9.340307617187500000e+02
7.128809204101562500e+02
4.355002441406250000e+02
6.921895141601562500e+02
8.653629150390625000e+02
6.748591308593750000e+02
8.775922851562500000e+02
8.369027099609375000e+02
5.656588745117187500e+02
1.007655944824218750e+03
8.593045654296875000e+02
7.324495239257812500e+02
7.282922973632812500e+02
8.853781127929687500e+02
7.426235961914062500e+02
8.136252441406250000e+02
8.165520019531250000e+02
7.030294189453125000e+02
6.555319213867187500e+02
5.893261108398437500e+02
8.797218017578125000e+02
8.167470703125000000e+02
8.848273315429687500e+02
7.781126708984375000e+02
7.055012817382812500e+02
7.331041259765625000e+02
8.296417236328125000e+02
9.344425659179687500e+02
6.939246826171875000e+02
1.048885986328125000e+03
8.203048095703125000e+02
7.082728271484375000e+02
8.838865966796875000e+02
8.121910400390625000e+02
7.997591552734375000e+02
8.479191894531250000e+02
7.319506225585937500e+02
1.116990722656250000e+03
8.972702026367187500e+02
8.236781616210937500e+02
7.916661987304687500e+02
7.900326538085937500e+02
6.404418334960937500e+02
5.889772949218750000e+02
7.769929809570312500e+02
8.815708007812500000e+02
9.303109130859375000e+02
8.590668334960937500e+02
7.928092041015625000e+02
6.629169921875000000e+02
9.284677734375000000e+02
1.030043945312500000e+03
7.736074829101562500e+02
9.257522583007812500e+02
7.458053588867187500e+02
6.456364135742187500e+02
8.579758300781250000e+02
7.344281616210937500e+02
8.231282348632812500e+02
5.633598022460937500e+02
8.616520385742187500e+02
8.057390136718750000e+02
7.562993164062500000e+02
7.728829345703125000e+02
5.780845336914062500e+02
4.951991271972656250e+02
9.407018432617187500e+02
7.924396972656250000e+02
8.594142456054687500e+02
6.095142822265625000e+02
5.563927001953125000e+02
8.524103393554687500e+02
8.873095703125000000e+02
7.367700195312500000e+02
8.693751220703125000e+02
7.379876098632812500e+02
6.912323608398437500e+02
5.870307617187500000e+02
5.948060913085937500e+02
5.788834228515625000e+02
7.816198730468750000e+02
7.883526000976562500e+02
8.051098632812500000e+02
5.512505493164062500e+02
9.345931396484375000e+02
8.474459228515625000e+02
8.280349121093750000e+02
7.376466064453125000e+02
7.566697387695312500e+02
8.014659423828125000e+02
7.984614257812500000e+02
9.490690917968750000e+02
5.587301025390625000e+02
6.927238769531250000e+02
6.609559936523437500e+02
5.224161376953125000e+02
6.868388671875000000e+02
6.764202880859375000e+02
8.765612792968750000e+02
7.619732055664062500e+02
7.136057739257812500e+02
6.958084716796875000e+02
9.642624511718750000e+02
7.193489990234375000e+02
7.967926025390625000e+02
9.184661254882812500e+02
8.385206298828125000e+02
8.414389038085937500e+02
8.067028808593750000e+02
8.747858276367187500e+02
9.177014770507812500e+02
9.585013427734375000e+02
7.683936157226562500e+02
8.822075195312500000e+02
8.151530151367187500e+02
7.570125122070312500e+02
6.505467529296875000e+02
7.506717529296875000e+02
7.805133666992187500e+02
7.065297851562500000e+02
5.955859985351562500e+02
8.779539184570312500e+02
6.980168457031250000e+02
8.453973999023437500e+02
6.734462890625000000e+02
6.115241088867187500e+02
6.416129760742187500e+02
8.682399291992187500e+02
6.873417968750000000e+02
7.269222412109375000e+02
7.422685546875000000e+02
8.753138427734375000e+02
8.166914672851562500e+02
8.830592041015625000e+02
7.080311889648437500e+02
8.481470336914062500e+02
7.736480712890625000e+02
9.703654174804687500e+02
7.956845092773437500e+02
5.826491699218750000e+02
6.586809692382812500e+02
6.837191162109375000e+02
6.563030395507812500e+02
7.834467773437500000e+02
9.073297729492187500e+02
6.742328491210937500e+02
6.991299438476562500e+02
7.928558349609375000e+02
6.557569580078125000e+02
7.801791992187500000e+02
6.013231811523437500e+02
8.027315063476562500e+02
5.092634582519531250e+02
8.993202514648437500e+02
7.430980224609375000e+02
8.020609130859375000e+02
6.942697143554687500e+02
8.150997924804687500e+02
9.173341064453125000e+02
5.283921508789062500e+02
7.498850708007812500e+02
8.377112426757812500e+02
5.767560424804687500e+02
8.186295776367187500e+02
7.231520385742187500e+02
9.268438110351562500e+02
6.378720092773437500e+02
7.355200195312500000e+02
7.886687622070312500e+02
7.496074829101562500e+02
6.569058837890625000e+02
7.332536621093750000e+02
8.993236083984375000e+02
7.717308349609375000e+02
8.512185668945312500e+02
7.787783203125000000e+02
6.998681640625000000e+02
7.928998413085937500e+02
9.436541748046875000e+02
8.164656372070312500e+02
8.519181518554687500e+02
7.015561523437500000e+02
7.760497436523437500e+02
9.113730468750000000e+02
6.242448730468750000e+02
6.701547241210937500e+02
7.299804687500000000e+02
6.325903930664062500e+02
1.002405517578125000e+03
6.786270751953125000e+02
7.002096557617187500e+02
6.894635009765625000e+02
8.415825805664062500e+02
6.976035156250000000e+02
7.300103149414062500e+02
8.577606811523437500e+02
9.390815429687500000e+02
8.501381225585937500e+02
8.125758666992187500e+02
7.618108520507812500e+02
8.632078857421875000e+02
6.414451904296875000e+02
6.596314697265625000e+02
8.340538940429687500e+02
8.124534912109375000e+02
8.402539062500000000e+02
9.361151733398437500e+02
8.416060180664062500e+02
6.217847290039062500e+02
9.179108886718750000e+02
7.640076904296875000e+02
6.555449829101562500e+02
6.401419677734375000e+02
5.435153198242187500e+02
9.847739868164062500e+02
7.585651245117187500e+02
6.320161743164062500e+02
7.712654418945312500e+02
8.281070556640625000e+02
7.401504516601562500e+02
8.166957397460937500e+02
8.264288940429687500e+02
4.613943786621093750e+02
6.350980224609375000e+02
6.274514770507812500e+02
8.081124267578125000e+02
9.494777832031250000e+02
8.492305297851562500e+02
7.679161376953125000e+02
7.142738037109375000e+02
7.316920166015625000e+02
9.976561889648437500e+02
8.494147949218750000e+02
7.333006591796875000e+02
6.358729858398437500e+02
8.958869628906250000e+02
6.652413940429687500e+02
7.119636230468750000e+02
8.331187133789062500e+02
6.066536865234375000e+02
9.596497192382812500e+02
8.129718017578125000e+02
6.694823608398437500e+02
7.432384643554687500e+02
7.681257324218750000e+02
8.262094116210937500e+02
7.488069458007812500e+02
8.125304565429687500e+02
8.256726074218750000e+02
8.199435424804687500e+02
7.665091552734375000e+02
8.215250854492187500e+02
6.745482788085937500e+02
7.494300537109375000e+02
8.797219848632812500e+02
9.349404296875000000e+02
7.887800292968750000e+02
8.401077270507812500e+02
7.540515747070312500e+02
8.051005859375000000e+02
7.461560668945312500e+02
7.360457763671875000e+02
5.797453613281250000e+02
7.493026123046875000e+02
8.027875366210937500e+02
5.462354125976562500e+02
9.325487670898437500e+02
9.196444702148437500e+02
8.635898437500000000e+02
8.782780151367187500e+02
7.117620849609375000e+02
8.554873046875000000e+02
6.817121582031250000e+02
6.870976562500000000e+02
9.581783447265625000e+02
8.583583984375000000e+02
6.014288940429687500e+02
7.740150756835937500e+02
6.890372314453125000e+02
8.710510864257812500e+02
9.581036376953125000e+02
9.249838867187500000e+02
9.160293579101562500e+02
5.988099365234375000e+02
6.846210327148437500e+02
8.084999389648437500e+02
6.339784545898437500e+02
8.723110351562500000e+02
7.534962158203125000e+02
7.362224731445312500e+02
8.080844726562500000e+02
8.837426147460937500e+02
7.150380859375000000e+02
9.430497436523437500e+02
8.241824951171875000e+02
7.751998901367187500e+02
7.017337646484375000e+02
8.089053344726562500e+02
8.896333007812500000e+02
6.534711303710937500e+02
7.091870727539062500e+02
6.428978881835937500e+02
6.367441406250000000e+02
8.122321166992187500e+02
7.237542114257812500e+02
7.514127807617187500e+02
5.809990234375000000e+02
8.890299072265625000e+02
8.314890136718750000e+02
8.031004638671875000e+02
9.378167114257812500e+02
7.192502441406250000e+02
9.473609619140625000e+02
8.597037353515625000e+02
6.257544555664062500e+02
8.335299072265625000e+02
5.829225463867187500e+02
8.572259521484375000e+02
8.471091918945312500e+02
8.529673461914062500e+02
6.137236328125000000e+02
9.388695678710937500e+02
6.270355834960937500e+02
8.750489501953125000e+02
7.233062744140625000e+02
1.009782470703125000e+03
7.711851806640625000e+02
7.234643554687500000e+02
6.597831420898437500e+02
8.125832519531250000e+02
8.329586791992187500e+02
5.198811035156250000e+02
6.985137329101562500e+02
9.155253906250000000e+02
7.154752197265625000e+02
7.702673339843750000e+02
8.695394897460937500e+02
7.207683105468750000e+02
1.029360961914062500e+03
8.409260864257812500e+02
8.044848632812500000e+02
9.571754760742187500e+02
7.219960327148437500e+02
8.219752807617187500e+02
7.057144165039062500e+02
5.208024902343750000e+02
6.628370361328125000e+02
7.322686767578125000e+02
8.078034057617187500e+02
9.744909667968750000e+02
8.855581665039062500e+02
6.952385253906250000e+02
6.310014648437500000e+02
8.287294311523437500e+02
8.177446289062500000e+02
7.382904052734375000e+02
6.946293945312500000e+02
5.343928833007812500e+02
6.552078857421875000e+02
8.983295898437500000e+02
7.369685668945312500e+02
9.632385253906250000e+02
6.980181884765625000e+02
9.428420410156250000e+02
7.190083618164062500e+02
7.356281127929687500e+02
6.104925537109375000e+02
7.688413696289062500e+02
7.494762573242187500e+02
7.755111694335937500e+02
6.898261108398437500e+02
5.295073242187500000e+02
6.898771972656250000e+02
7.542230834960937500e+02
8.706043701171875000e+02
4.958855590820312500e+02
7.512334594726562500e+02
6.826841430664062500e+02
8.586022949218750000e+02
8.064719238281250000e+02
8.611751098632812500e+02
9.101678466796875000e+02
6.032904052734375000e+02
7.614401245117187500e+02
8.616750488281250000e+02
7.803843994140625000e+02
8.606055908203125000e+02
8.747662353515625000e+02
7.991887817382812500e+02
7.448103637695312500e+02
8.317330322265625000e+02
7.505868530273437500e+02
7.012963256835937500e+02
9.953103637695312500e+02
8.525961303710937500e+02
6.794971923828125000e+02
9.079699707031250000e+02
6.767620239257812500e+02
7.474251098632812500e+02
8.636785278320312500e+02
5.922055053710937500e+02
7.207268676757812500e+02
8.979674072265625000e+02
6.900230102539062500e+02
7.163078002929687500e+02
8.205596923828125000e+02
8.904055175781250000e+02
7.899771118164062500e+02
5.054578247070312500e+02
5.470464477539062500e+02
5.583967285156250000e+02
7.287209472656250000e+02
6.449223632812500000e+02
8.127604370117187500e+02
8.540351562500000000e+02
6.498007812500000000e+02
7.222349243164062500e+02
6.375360107421875000e+02
7.825681762695312500e+02
1.031849121093750000e+03
9.327940063476562500e+02
6.344147949218750000e+02
6.370738525390625000e+02
7.109272460937500000e+02
7.789983520507812500e+02
7.432818603515625000e+02
7.731331176757812500e+02
7.600714721679687500e+02
8.918292846679687500e+02
9.093176269531250000e+02
7.187847900390625000e+02
7.427846069335937500e+02
4.755656127929687500e+02
8.394572753906250000e+02
8.115092773437500000e+02
8.496261596679687500e+02
5.513971557617187500e+02
6.134262084960937500e+02
7.672500000000000000e+02
7.187808837890625000e+02
7.317492065429687500e+02
8.062460937500000000e+02
9.118898315429687500e+02
8.337313232421875000e+02
1.006375000000000000e+03
7.596098022460937500e+02
6.052695922851562500e+02
7.733106689453125000e+02
5.585137939453125000e+02
8.480162963867187500e+02
8.829852905273437500e+02
6.768496704101562500e+02
7.756125488281250000e+02
5.186516113281250000e+02
8.489680175781250000e+02
8.478976440429687500e+02
7.141177368164062500e+02
6.574488525390625000e+02
7.381507568359375000e+02
7.314180297851562500e+02
8.101873779296875000e+02
5.781351928710937500e+02
6.334693603515625000e+02
5.424735107421875000e+02
7.899981689453125000e+02
7.371325073242187500e+02
7.434962768554687500e+02
8.931892089843750000e+02
6.926241455078125000e+02
7.622413330078125000e+02
7.687514648437500000e+02
9.459962768554687500e+02
6.715921630859375000e+02
8.772009277343750000e+02
6.181062622070312500e+02
7.168845214843750000e+02
6.057365722656250000e+02
9.088726806640625000e+02
7.819651489257812500e+02
7.623598632812500000e+02
7.181713256835937500e+02
8.540532226562500000e+02
7.203579101562500000e+02
6.775260009765625000e+02
7.794478759765625000e+02
9.014935913085937500e+02
7.022309570312500000e+02
8.144951782226562500e+02
9.736054077148437500e+02
6.692058715820312500e+02
7.773295898437500000e+02
1.060774047851562500e+03
7.863967285156250000e+02
7.984447631835937500e+02
7.717837524414062500e+02
8.855202636718750000e+02
6.459122924804687500e+02
6.528114013671875000e+02
6.154794311523437500e+02
7.462192993164062500e+02
6.989157714843750000e+02
6.764337158203125000e+02
8.809562377929687500e+02
6.800072021484375000e+02
9.657976074218750000e+02
6.369218750000000000e+02
7.944047241210937500e+02
7.670569458007812500e+02
6.992735595703125000e+02
5.399118652343750000e+02
6.464902343750000000e+02
6.406954345703125000e+02
6.834674072265625000e+02
6.914403686523437500e+02
6.319648437500000000e+02
6.310836181640625000e+02
6.375661621093750000e+02
6.785809936523437500e+02
6.324147949218750000e+02
7.097234497070312500e+02
5.600128173828125000e+02
7.484439086914062500e+02
6.730669555664062500e+02
8.671176147460937500e+02
1.051628417968750000e+03
6.963820190429687500e+02
6.128552246093750000e+02
7.270659790039062500e+02
8.205867309570312500e+02
7.402985229492187500e+02
6.357199096679687500e+02
8.800645751953125000e+02
7.010434570312500000e+02
8.866203002929687500e+02
7.771250610351562500e+02
9.146394042968750000e+02
7.051248779296875000e+02
7.071554565429687500e+02
8.099642944335937500e+02
8.431968994140625000e+02
7.810993652343750000e+02
8.313280029296875000e+02
6.962153930664062500e+02
6.000772094726562500e+02
7.331345825195312500e+02
8.231439819335937500e+02
7.049898681640625000e+02
9.737732543945312500e+02
1.029150756835937500e+03
8.268970336914062500e+02
7.362230834960937500e+02
7.634959106445312500e+02
8.933674926757812500e+02
6.443414916992187500e+02
9.006924438476562500e+02
8.301744995117187500e+02
7.056516113281250000e+02
7.891215209960937500e+02
6.762783203125000000e+02
6.529596557617187500e+02
5.788660278320312500e+02
9.319038085937500000e+02
8.686762695312500000e+02
1.006651916503906250e+03
8.232113037109375000e+02
7.872592773437500000e+02
7.491478271484375000e+02
8.303552246093750000e+02
8.502824707031250000e+02
8.246326904296875000e+02
6.998312988281250000e+02
7.650042724609375000e+02
6.327578735351562500e+02
5.951430053710937500e+02
6.804278564453125000e+02
5.732652587890625000e+02
8.334144287109375000e+02
7.205192260742187500e+02
8.004623413085937500e+02
5.226991577148437500e+02
7.985113525390625000e+02
8.477207031250000000e+02
8.798618774414062500e+02
8.204932861328125000e+02
4.965220336914062500e+02
6.574417724609375000e+02
7.309644165039062500e+02
7.871524047851562500e+02
6.959638671875000000e+02
8.362702636718750000e+02
8.919187011718750000e+02
4.942187194824218750e+02
8.920523681640625000e+02
7.650743408203125000e+02
1.040115112304687500e+03
6.230164794921875000e+02
6.538849487304687500e+02
6.872019042968750000e+02
8.462489624023437500e+02
8.395637207031250000e+02
6.086138916015625000e+02
7.493120727539062500e+02
9.512862548828125000e+02
6.400639648437500000e+02
6.699863281250000000e+02
8.300039672851562500e+02
7.498696899414062500e+02
5.705761718750000000e+02
7.631082153320312500e+02
8.029432373046875000e+02
6.939182739257812500e+02
7.421729736328125000e+02
1.054471313476562500e+03
6.534253540039062500e+02
7.375122680664062500e+02
6.013318481445312500e+02
9.195234985351562500e+02
5.911788940429687500e+02
7.079826660156250000e+02
6.802166748046875000e+02
6.761640014648437500e+02
8.510333862304687500e+02
5.490971069335937500e+02
8.402553100585937500e+02
1.062544311523437500e+03
7.995191040039062500e+02
8.241425170898437500e+02
7.219765014648437500e+02
9.896375122070312500e+02
7.154242553710937500e+02
5.854365844726562500e+02
6.191018066406250000e+02
7.219756469726562500e+02
7.606446533203125000e+02
8.745125732421875000e+02
7.369300537109375000e+02
7.974948730468750000e+02
9.027650756835937500e+02
7.410047607421875000e+02
6.600109252929687500e+02
6.281184692382812500e+02
7.432528076171875000e+02
8.563755493164062500e+02
6.440630493164062500e+02
4.716103210449218750e+02
6.674718627929687500e+02
7.739279174804687500e+02
8.362330322265625000e+02
6.984179687500000000e+02
8.610810546875000000e+02
7.353972778320312500e+02
8.290202636718750000e+02
7.632645874023437500e+02
5.471462402343750000e+02
6.601615600585937500e+02
7.506860351562500000e+02
7.715546264648437500e+02
6.063056640625000000e+02
7.127287597656250000e+02
8.905472412109375000e+02
8.253062133789062500e+02
5.596599731445312500e+02
8.428366088867187500e+02
7.928842163085937500e+02
6.464002685546875000e+02
8.037247924804687500e+02
7.345469970703125000e+02
7.277120971679687500e+02
9.221160888671875000e+02
8.973234252929687500e+02
8.973898315429687500e+02
8.014367675781250000e+02
7.985502929687500000e+02
8.739398193359375000e+02
7.842874755859375000e+02
7.757962646484375000e+02
7.871953735351562500e+02
6.459384155273437500e+02
8.599819335937500000e+02
7.904616699218750000e+02
8.199195556640625000e+02
8.676713256835937500e+02
7.612878417968750000e+02
6.452161254882812500e+02
6.468360595703125000e+02
7.728688964843750000e+02
5.867481079101562500e+02
9.110293579101562500e+02
7.853741455078125000e+02
6.719340209960937500e+02
7.550140380859375000e+02
7.248258666992187500e+02
8.901398925781250000e+02
8.042515258789062500e+02
7.715391845703125000e+02
9.300164184570312500e+02
7.349351806640625000e+02
7.254912719726562500e+02
9.196975708007812500e+02
4.768406066894531250e+02
8.285963134765625000e+02
8.018647460937500000e+02
7.139639892578125000e+02
7.280350952148437500e+02
7.933803710937500000e+02
7.384466552734375000e+02
7.125438232421875000e+02
5.788156127929687500e+02
7.452915649414062500e+02
7.341082153320312500e+02
8.869064331054687500e+02
8.606853027343750000e+02
6.042056884765625000e+02
8.106384887695312500e+02
9.030974731445312500e+02
8.678290405273437500e+02
7.966166992187500000e+02
6.995112304687500000e+02
8.391354370117187500e+02
9.579529418945312500e+02
7.307058105468750000e+02
6.842928466796875000e+02
5.837554931640625000e+02
6.897424316406250000e+02
7.393280639648437500e+02
8.090256958007812500e+02
6.613010864257812500e+02
8.265422973632812500e+02
7.429682006835937500e+02
7.864153442382812500e+02
8.751850585937500000e+02
8.506660156250000000e+02
7.676545410156250000e+02
8.145625000000000000e+02
7.015703125000000000e+02
6.926580810546875000e+02
8.702881469726562500e+02
8.187393798828125000e+02
5.723374023437500000e+02
9.162236328125000000e+02
8.812822265625000000e+02
7.044535522460937500e+02
8.084534912109375000e+02
8.491772460937500000e+02
9.872984619140625000e+02
1.001169738769531250e+03
7.947754516601562500e+02
5.099374084472656250e+02
7.754740600585937500e+02
7.534313354492187500e+02
8.066831054687500000e+02
6.941355590820312500e+02
6.417789916992187500e+02
8.711845092773437500e+02
6.336036987304687500e+02
7.702167968750000000e+02
8.720662231445312500e+02
7.366406250000000000e+02
8.132251586914062500e+02
8.314129028320312500e+02
7.459000244140625000e+02
7.658948364257812500e+02
6.598239746093750000e+02
4.865805969238281250e+02
5.953967895507812500e+02
8.379010009765625000e+02
7.872454833984375000e+02
6.297844238281250000e+02
8.139646606445312500e+02
7.854146118164062500e+02
6.596610717773437500e+02
7.077599487304687500e+02
6.257902832031250000e+02
7.710496215820312500e+02
5.533104248046875000e+02
7.841518554687500000e+02
6.700248413085937500e+02
8.215210571289062500e+02
5.925419921875000000e+02
8.056404418945312500e+02
8.302669677734375000e+02
7.343341064453125000e+02
6.976948242187500000e+02
8.719819335937500000e+02
6.474268188476562500e+02
7.447998657226562500e+02
5.625108032226562500e+02
6.042237548828125000e+02
8.807703857421875000e+02
6.315833129882812500e+02
8.053032226562500000e+02
8.827854614257812500e+02
9.765947265625000000e+02
7.153374023437500000e+02
8.034772949218750000e+02
9.113140258789062500e+02
8.203750610351562500e+02
7.916343994140625000e+02
6.608658447265625000e+02
5.238705444335937500e+02
8.716768188476562500e+02
5.095288085937500000e+02
8.263073730468750000e+02
6.665306396484375000e+02
7.998400878906250000e+02
7.379599609375000000e+02
8.391453857421875000e+02
6.288907470703125000e+02
9.202592163085937500e+02
7.906859741210937500e+02
5.314371948242187500e+02
6.241170043945312500e+02
8.586704711914062500e+02
7.909007568359375000e+02
7.157883911132812500e+02
6.879340820312500000e+02
6.451108398437500000e+02
6.167757568359375000e+02
8.379785156250000000e+02
7.838804321289062500e+02
9.486518554687500000e+02
8.157101440429687500e+02
7.873499145507812500e+02
7.760144042968750000e+02
7.055149536132812500e+02
5.553616333007812500e+02
7.348751831054687500e+02
4.520963439941406250e+02
7.996563720703125000e+02
8.324527587890625000e+02
7.649687500000000000e+02
7.413137817382812500e+02
6.749445190429687500e+02
8.960187377929687500e+02
7.293031616210937500e+02
8.487518920898437500e+02
7.046282348632812500e+02
7.077368164062500000e+02
6.691670532226562500e+02
8.866159057617187500e+02
6.550101318359375000e+02
7.974025268554687500e+02
6.799441528320312500e+02
7.824257812500000000e+02
9.419102172851562500e+02
8.450644531250000000e+02
8.347571411132812500e+02
5.819381713867187500e+02
7.263621826171875000e+02
7.051151733398437500e+02
6.048266601562500000e+02
8.345092773437500000e+02
9.635467529296875000e+02
5.262171630859375000e+02
8.905174560546875000e+02
8.093465576171875000e+02
7.333341064453125000e+02
8.179817504882812500e+02
7.813348999023437500e+02
8.255895385742187500e+02
5.790798339843750000e+02
9.197302246093750000e+02
7.439605712890625000e+02
6.623179321289062500e+02
6.322819824218750000e+02
7.411396484375000000e+02
8.278000488281250000e+02
7.400511474609375000e+02
6.387999877929687500e+02
7.522560424804687500e+02
8.003404541015625000e+02
7.924062500000000000e+02
6.066748657226562500e+02
6.416882324218750000e+02
8.575062866210937500e+02
7.041294555664062500e+02
6.488413696289062500e+02
8.385726928710937500e+02
5.701893920898437500e+02
8.182590942382812500e+02
7.813350830078125000e+02
8.530502929687500000e+02
7.553679809570312500e+02
7.946606445312500000e+02
7.728848266601562500e+02
9.815040893554687500e+02
9.585698852539062500e+02
7.768987426757812500e+02
9.721102294921875000e+02
7.448599243164062500e+02
7.145499877929687500e+02
8.237494506835937500e+02
9.234786987304687500e+02
6.324283447265625000e+02
8.156063232421875000e+02
6.720491333007812500e+02
7.368916625976562500e+02
7.061617431640625000e+02
8.261420288085937500e+02
7.611167602539062500e+02
7.356928100585937500e+02
7.984170532226562500e+02
6.984854125976562500e+02
6.952587280273437500e+02
1.031806884765625000e+03
7.792318115234375000e+02
8.910736694335937500e+02
7.855892333984375000e+02
7.700616455078125000e+02
8.164769897460937500e+02
6.753512573242187500e+02
6.269371948242187500e+02
6.651044311523437500e+02
8.011282348632812500e+02
8.650799560546875000e+02
4.870108032226562500e+02
7.513882446289062500e+02
9.440538940429687500e+02
7.736187133789062500e+02
7.370016479492187500e+02
7.965150756835937500e+02
8.922732543945312500e+02
8.219343261718750000e+02
7.133753662109375000e+02
7.363303222656250000e+02
4.489322204589843750e+02
9.093749389648437500e+02
8.710787963867187500e+02
8.369418945312500000e+02
8.465457153320312500e+02
8.750810546875000000e+02
8.488172607421875000e+02
7.182345581054687500e+02
8.845395507812500000e+02
8.798325805664062500e+02
8.364832153320312500e+02
7.563562622070312500e+02
7.897847900390625000e+02
1.018107604980468750e+03
7.459461059570312500e+02
8.088587036132812500e+02
9.141646728515625000e+02
5.985081176757812500e+02
9.400554809570312500e+02
8.496577758789062500e+02
8.543355102539062500e+02
5.638095703125000000e+02
7.230303344726562500e+02
9.746613769531250000e+02
8.874292602539062500e+02
9.041802978515625000e+02
1.014098571777343750e+03
6.911034545898437500e+02
6.764363403320312500e+02
7.493474121093750000e+02
7.326839599609375000e+02
8.006802368164062500e+02
7.905426025390625000e+02
8.230123291015625000e+02
6.927244873046875000e+02
7.762381591796875000e+02
9.013096923828125000e+02
8.065636596679687500e+02
6.460320434570312500e+02
7.308543701171875000e+02
7.750758056640625000e+02
7.837716064453125000e+02
8.377163696289062500e+02
5.335122680664062500e+02
6.820468139648437500e+02
8.930154418945312500e+02
8.229152832031250000e+02
6.885401611328125000e+02
8.569183349609375000e+02
6.841621093750000000e+02
6.878600463867187500e+02
8.139756469726562500e+02
7.103266601562500000e+02
8.108811645507812500e+02
1.100952148437500000e+03
6.621804809570312500e+02
5.712709960937500000e+02
7.993012084960937500e+02
8.307690429687500000e+02
7.072047729492187500e+02
7.605880126953125000e+02
6.239962768554687500e+02
8.822350463867187500e+02
4.032399597167968750e+02
9.017885742187500000e+02
9.119931640625000000e+02
5.919820556640625000e+02
7.802037353515625000e+02
6.998518066406250000e+02
5.318525390625000000e+02
7.600119628906250000e+02
6.512770996093750000e+02
7.667461547851562500e+02
6.057411499023437500e+02
8.874946289062500000e+02
6.444951782226562500e+02
6.884199829101562500e+02
8.097793579101562500e+02
7.238005371093750000e+02
8.313592529296875000e+02
9.710298461914062500e+02
8.472102661132812500e+02
8.837266845703125000e+02
9.167872314453125000e+02
7.197783813476562500e+02
8.419992065429687500e+02
6.872824707031250000e+02
6.177003784179687500e+02
7.789501953125000000e+02
6.875390014648437500e+02
8.813491210937500000e+02
8.740056762695312500e+02
7.620330810546875000e+02
9.181984863281250000e+02
9.290778198242187500e+02
7.517332153320312500e+02
8.462015991210937500e+02
6.995648193359375000e+02
7.429761962890625000e+02
7.950100097656250000e+02
6.517978515625000000e+02
7.824378051757812500e+02
7.894756469726562500e+02
7.280747070312500000e+02
7.535721435546875000e+02
6.134170532226562500e+02
8.062369995117187500e+02
6.969642333984375000e+02
7.149893188476562500e+02
8.949570922851562500e+02
8.696155395507812500e+02
8.085528564453125000e+02
6.782549438476562500e+02
1.094050048828125000e+03
9.199989624023437500e+02
7.232558593750000000e+02
8.043087768554687500e+02
8.819995117187500000e+02
7.526327514648437500e+02
5.385532836914062500e+02
6.195149536132812500e+02
7.318160400390625000e+02
8.884330444335937500e+02
7.759074707031250000e+02
5.150590209960937500e+02
8.098711547851562500e+02
6.068883056640625000e+02
7.807031860351562500e+02
5.923218383789062500e+02
8.789514770507812500e+02
7.402020874023437500e+02
6.236528320312500000e+02
8.369306640625000000e+02
6.568158569335937500e+02
9.120739746093750000e+02
6.687874755859375000e+02
7.895184936523437500e+02
8.634078369140625000e+02
6.429318237304687500e+02
8.149617309570312500e+02
8.788205566406250000e+02
7.609892578125000000e+02
5.636652832031250000e+02
7.870175781250000000e+02
6.326166992187500000e+02
1.024960571289062500e+03
5.423250122070312500e+02
7.663409423828125000e+02
7.929909667968750000e+02
9.288070678710937500e+02
7.487634277343750000e+02
7.604118652343750000e+02
6.991474609375000000e+02
8.261951293945312500e+02
8.125735473632812500e+02
8.765206909179687500e+02
8.002768554687500000e+02
6.730251464843750000e+02
6.788426513671875000e+02
8.581645507812500000e+02
8.122592163085937500e+02
6.999091186523437500e+02
5.986380004882812500e+02
7.645200805664062500e+02
9.172656860351562500e+02
8.824266357421875000e+02
6.543063354492187500e+02
9.708076782226562500e+02
1.091562255859375000e+03
8.002451782226562500e+02
7.520182495117187500e+02
6.297418212890625000e+02
9.518834228515625000e+02
7.175648803710937500e+02
7.409754028320312500e+02
9.282254638671875000e+02
1.078137084960937500e+03
7.844996948242187500e+02
8.582523803710937500e+02
6.311752319335937500e+02
5.769788818359375000e+02
6.899552612304687500e+02
7.265517578125000000e+02
7.010396118164062500e+02
9.353513793945312500e+02
7.415327148437500000e+02
8.254694213867187500e+02
7.687328491210937500e+02
8.058225708007812500e+02
8.265341186523437500e+02
5.429293212890625000e+02
7.634569702148437500e+02
8.087838134765625000e+02
8.670160522460937500e+02
8.487839355468750000e+02
8.175587768554687500e+02
6.458383178710937500e+02
8.512116088867187500e+02
5.567637329101562500e+02
8.825668334960937500e+02
7.345506591796875000e+02
9.867156982421875000e+02
7.918144531250000000e+02
9.511198120117187500e+02
7.399039916992187500e+02
8.288414916992187500e+02
7.292512207031250000e+02
6.049509887695312500e+02
6.647966308593750000e+02
6.642340087890625000e+02
6.857597656250000000e+02
7.875949707031250000e+02
7.569860839843750000e+02
7.984028930664062500e+02
6.558444213867187500e+02
7.992745971679687500e+02
6.499891967773437500e+02
8.556329956054687500e+02
8.224201660156250000e+02
8.682229003906250000e+02
7.038059692382812500e+02
4.918428039550781250e+02
7.327625122070312500e+02
7.948027954101562500e+02
8.452084960937500000e+02
8.245986328125000000e+02
6.046705322265625000e+02
5.997649536132812500e+02
7.556085205078125000e+02
7.476613769531250000e+02
4.952411804199218750e+02
6.980014038085937500e+02
7.338095092773437500e+02
6.481053466796875000e+02
7.214571533203125000e+02
1.003926635742187500e+03
5.904776000976562500e+02
5.404497070312500000e+02
5.441505737304687500e+02
6.734320068359375000e+02
9.313472900390625000e+02
5.984805297851562500e+02
8.236777954101562500e+02
6.890328979492187500e+02
8.155968627929687500e+02
8.403274536132812500e+02
7.383082275390625000e+02
7.164670410156250000e+02
7.104844970703125000e+02
9.459550170898437500e+02
6.421858520507812500e+02
7.629710693359375000e+02
7.539761962890625000e+02
7.660578613281250000e+02
6.266942749023437500e+02
5.619465332031250000e+02
6.017026977539062500e+02
6.613365478515625000e+02
8.792416992187500000e+02
8.028718872070312500e+02
5.481027221679687500e+02
4.297007141113281250e+02
8.748410644531250000e+02
5.715501708984375000e+02
8.092452392578125000e+02
8.546105957031250000e+02
7.974550781250000000e+02
8.760097656250000000e+02
7.358989868164062500e+02
9.837493286132812500e+02
6.013468017578125000e+02
7.060322265625000000e+02
8.266708984375000000e+02
7.805427246093750000e+02
5.745469970703125000e+02
8.226384277343750000e+02
6.912553100585937500e+02
8.145946655273437500e+02
5.858041992187500000e+02
6.846258544921875000e+02
8.706621704101562500e+02
7.617197265625000000e+02
6.429263916015625000e+02
7.126748046875000000e+02
8.324176635742187500e+02
7.678085327148437500e+02
6.585770263671875000e+02
8.465368652343750000e+02
7.741514282226562500e+02
9.046124267578125000e+02
7.331229248046875000e+02
1.041967041015625000e+03
7.425792846679687500e+02
7.161337280273437500e+02
8.348357543945312500e+02
8.728093872070312500e+02
7.577366943359375000e+02
6.321317138671875000e+02
7.023344726562500000e+02
7.101746826171875000e+02
7.104552001953125000e+02
9.513549194335937500e+02
6.998005981445312500e+02
7.512785644531250000e+02
7.771580200195312500e+02
9.688113403320312500e+02
8.899753417968750000e+02
7.341674804687500000e+02
8.552554321289062500e+02
7.823774414062500000e+02
7.711257934570312500e+02
7.521015014648437500e+02
8.314821777343750000e+02
7.107623291015625000e+02
5.829460449218750000e+02
6.502179565429687500e+02
5.969313354492187500e+02
7.250979003906250000e+02
8.662396240234375000e+02
6.659426879882812500e+02
8.671088867187500000e+02
1.011855590820312500e+03
7.930407714843750000e+02
6.406609497070312500e+02
7.923734741210937500e+02
9.449464721679687500e+02
8.973939819335937500e+02
8.114193115234375000e+02
8.740083618164062500e+02
5.762930908203125000e+02
7.466425170898437500e+02
6.606466064453125000e+02
5.545750732421875000e+02
8.476162719726562500e+02
7.795430297851562500e+02
9.052851562500000000e+02
8.766195678710937500e+02
9.680236206054687500e+02
7.458306884765625000e+02
6.815534667968750000e+02
8.277877807617187500e+02
8.386467285156250000e+02
8.320876464843750000e+02
8.379228515625000000e+02
8.629107055664062500e+02
7.036458129882812500e+02
8.305089721679687500e+02
8.024800415039062500e+02
7.535943603515625000e+02
8.255001220703125000e+02
8.271073608398437500e+02
5.986889038085937500e+02
5.943666992187500000e+02
6.769550781250000000e+02
7.369311523437500000e+02
7.523269653320312500e+02
8.022965698242187500e+02
7.990042724609375000e+02
6.862654418945312500e+02
4.426130065917968750e+02
7.664808349609375000e+02
7.494530029296875000e+02
7.972260131835937500e+02
7.271169433593750000e+02
6.262874755859375000e+02
6.831932373046875000e+02
8.519768066406250000e+02
6.532217407226562500e+02
8.770137939453125000e+02
6.192822265625000000e+02
5.613079833984375000e+02
6.590501708984375000e+02
9.604517211914062500e+02
7.008275146484375000e+02
8.519964599609375000e+02
6.910446777343750000e+02
7.903789672851562500e+02
9.493589477539062500e+02
9.223322143554687500e+02
7.978822631835937500e+02
8.502423706054687500e+02
5.809940185546875000e+02
5.307001342773437500e+02
7.848758544921875000e+02
7.532548828125000000e+02
7.936688232421875000e+02
7.431934814453125000e+02
7.800889282226562500e+02
8.945468750000000000e+02
9.393697509765625000e+02
7.303933715820312500e+02
8.322705078125000000e+02
7.743677368164062500e+02
7.034865112304687500e+02
3.816616821289062500e+02
6.397185058593750000e+02
7.843550415039062500e+02
6.863925781250000000e+02
8.571250000000000000e+02
6.620746459960937500e+02
5.200121459960937500e+02
8.302399902343750000e+02
8.034714965820312500e+02
5.416177368164062500e+02
7.923314208984375000e+02
6.912012939453125000e+02
1.100454345703125000e+03
8.815642089843750000e+02
5.048797912597656250e+02
7.564185791015625000e+02
8.412597045898437500e+02
5.817939453125000000e+02
7.966063842773437500e+02
8.493556518554687500e+02
7.720933837890625000e+02
6.388925781250000000e+02
7.357798461914062500e+02
8.430574340820312500e+02
5.571206665039062500e+02
6.849514770507812500e+02
6.338284912109375000e+02
9.833257446289062500e+02
6.942252197265625000e+02
9.760909423828125000e+02
6.652513427734375000e+02
7.590481567382812500e+02
8.899227905273437500e+02
6.594102172851562500e+02
7.890946655273437500e+02
6.733123779296875000e+02
7.388475341796875000e+02
7.061495361328125000e+02
8.911629638671875000e+02
7.788659057617187500e+02
7.190905151367187500e+02
6.381562500000000000e+02
7.404901123046875000e+02
9.003220825195312500e+02
5.488106689453125000e+02
7.798419799804687500e+02
6.150432128906250000e+02
8.568405151367187500e+02
8.784846191406250000e+02
7.321516113281250000e+02
8.014338989257812500e+02
6.467889404296875000e+02
8.191654052734375000e+02
7.774730224609375000e+02
8.602451782226562500e+02
7.980678100585937500e+02
7.215454101562500000e+02
6.090336914062500000e+02
6.245979614257812500e+02
6.484326782226562500e+02
5.713919677734375000e+02
7.721914672851562500e+02
7.577186279296875000e+02
6.329513549804687500e+02
9.055651245117187500e+02
5.777457885742187500e+02
6.477474975585937500e+02
1.017998474121093750e+03
8.461849975585937500e+02
6.655565795898437500e+02
7.460449218750000000e+02
6.296394042968750000e+02
7.958524169921875000e+02
8.232024536132812500e+02
6.280938720703125000e+02
1.013910827636718750e+03
8.256687622070312500e+02
5.633492431640625000e+02
6.994741821289062500e+02
7.449587402343750000e+02
6.283568725585937500e+02
8.692821044921875000e+02
6.701218872070312500e+02
7.653790893554687500e+02
8.334381713867187500e+02
6.184369506835937500e+02
7.330256347656250000e+02
8.549624633789062500e+02
7.981660766601562500e+02
7.354763183593750000e+02
4.794779357910156250e+02
6.531182861328125000e+02
5.568983154296875000e+02
6.331311645507812500e+02
7.833245849609375000e+02
6.945990600585937500e+02
9.899933471679687500e+02
8.511399536132812500e+02
7.838508911132812500e+02
7.267982788085937500e+02
8.585517578125000000e+02
9.022740478515625000e+02
9.308191528320312500e+02
7.204118652343750000e+02
9.308903808593750000e+02
7.525332031250000000e+02
7.581285400390625000e+02
8.500490722656250000e+02
6.677743530273437500e+02
7.423287963867187500e+02
7.195755004882812500e+02
9.387630004882812500e+02
8.544765625000000000e+02
6.831356811523437500e+02
8.852960815429687500e+02
6.291017456054687500e+02
8.583016357421875000e+02
7.250272827148437500e+02
6.859099731445312500e+02
7.048240966796875000e+02
6.318861083984375000e+02
9.205442504882812500e+02
9.363586425781250000e+02
8.994819335937500000e+02
6.811807861328125000e+02
7.996004638671875000e+02
8.568788452148437500e+02
7.640803222656250000e+02
7.661448364257812500e+02
7.932978515625000000e+02
6.971951904296875000e+02
8.590218505859375000e+02
9.530206298828125000e+02
7.363937988281250000e+02
5.829945068359375000e+02
6.327814331054687500e+02
6.944442138671875000e+02
1.000358825683593750e+03
8.523879394531250000e+02
9.445201416015625000e+02
7.756934814453125000e+02
9.245848999023437500e+02
6.475783081054687500e+02
8.161873168945312500e+02
8.027091064453125000e+02
1.024596557617187500e+03
6.233809814453125000e+02
5.841718139648437500e+02
6.413027343750000000e+02
7.826714477539062500e+02
5.643607177734375000e+02
5.470703735351562500e+02
7.183032836914062500e+02
8.472708129882812500e+02
9.142111816406250000e+02
6.181572875976562500e+02
1.040355957031250000e+03
8.215211791992187500e+02
6.884984741210937500e+02
6.664287109375000000e+02
8.300496826171875000e+02
7.766956787109375000e+02
8.579839477539062500e+02
5.739297485351562500e+02
8.446580200195312500e+02
9.372821044921875000e+02
6.533885498046875000e+02
7.336680297851562500e+02
7.223849487304687500e+02
6.896880493164062500e+02
6.705005493164062500e+02
7.194743041992187500e+02
5.385513305664062500e+02
6.547042236328125000e+02
6.219168701171875000e+02
6.955180664062500000e+02
7.051921997070312500e+02
5.881080932617187500e+02
6.609719848632812500e+02
7.956364746093750000e+02
6.899878540039062500e+02
6.144796752929687500e+02
8.601895751953125000e+02
9.180521240234375000e+02
8.875556640625000000e+02
6.669084472656250000e+02
8.902612915039062500e+02
6.710946044921875000e+02
8.274832153320312500e+02
7.574434204101562500e+02
6.878827514648437500e+02
7.775913085937500000e+02
6.646267700195312500e+02
7.317878417968750000e+02
7.334214477539062500e+02
8.867768554687500000e+02
8.804405517578125000e+02
8.852908935546875000e+02
8.718208007812500000e+02
6.974856567382812500e+02
7.381629028320312500e+02
9.679807128906250000e+02
6.682194824218750000e+02
7.757511596679687500e+02
9.246262817382812500e+02
8.355641479492187500e+02
6.960277709960937500e+02
8.692746582031250000e+02
9.099101562500000000e+02
9.361853027343750000e+02
5.269335327148437500e+02
6.856564941406250000e+02
6.838546142578125000e+02
9.156442260742187500e+02
7.744558715820312500e+02
8.211818237304687500e+02
7.543943481445312500e+02
6.597007446289062500e+02
5.895650634765625000e+02
9.175534667968750000e+02
8.035838012695312500e+02
5.362236328125000000e+02
8.359761962890625000e+02
8.010134887695312500e+02
7.930226440429687500e+02
9.071294555664062500e+02
8.939461669921875000e+02
6.378230590820312500e+02
1.001801391601562500e+03
7.508285522460937500e+02
7.785380249023437500e+02
6.531765747070312500e+02
6.682553710937500000e+02
6.343270263671875000e+02
9.775206909179687500e+02
8.105406494140625000e+02
7.492858886718750000e+02
1.028461425781250000e+03
7.757071533203125000e+02
7.802476196289062500e+02
7.814736328125000000e+02
7.367559204101562500e+02
8.500125732421875000e+02
7.868326416015625000e+02
6.462647094726562500e+02
8.773254394531250000e+02
8.068120727539062500e+02
7.025588378906250000e+02
9.932540283203125000e+02
6.510659179687500000e+02
7.270136108398437500e+02
6.957454223632812500e+02
7.068047485351562500e+02
6.790244140625000000e+02
7.191981201171875000e+02
8.880966796875000000e+02
7.919716186523437500e+02
7.078644409179687500e+02
7.119877929687500000e+02
7.542496948242187500e+02
8.081666870117187500e+02
6.868507080078125000e+02
4.646883239746093750e+02
9.499910278320312500e+02
8.284850463867187500e+02
6.918534545898437500e+02
6.980244750976562500e+02
7.237499389648437500e+02
8.841555786132812500e+02
8.935883789062500000e+02
7.147913208007812500e+02
9.562321777343750000e+02
7.124428710937500000e+02
9.472319335937500000e+02
5.494493408203125000e+02
1.028656127929687500e+03
8.483529052734375000e+02
8.431808471679687500e+02
8.115974121093750000e+02
8.075546875000000000e+02
7.104743652343750000e+02
9.057111206054687500e+02
8.470183715820312500e+02
8.166179199218750000e+02
9.555265502929687500e+02
7.853291625976562500e+02
8.559597778320312500e+02
9.252351074218750000e+02
8.376973876953125000e+02
7.627579956054687500e+02
8.089189453125000000e+02
3.559836425781250000e+02
6.439829711914062500e+02
6.819028320312500000e+02
7.696793823242187500e+02
7.879793090820312500e+02
8.368912963867187500e+02
5.942011108398437500e+02
7.037687377929687500e+02
8.868494873046875000e+02
5.468635864257812500e+02
8.199483032226562500e+02
8.550333251953125000e+02
8.877063598632812500e+02
6.861157226562500000e+02
5.669083862304687500e+02
9.810010375976562500e+02
7.393713378906250000e+02
7.960632324218750000e+02
7.661231689453125000e+02
7.075519409179687500e+02
7.920855712890625000e+02
7.232731323242187500e+02
7.876337280273437500e+02
7.762126464843750000e+02
6.559249877929687500e+02
7.792329101562500000e+02
8.988605346679687500e+02
9.080325317382812500e+02
6.196249389648437500e+02
7.264810791015625000e+02
8.783105468750000000e+02
8.565419311523437500e+02
5.713407592773437500e+02
9.512012939453125000e+02
6.668431396484375000e+02
6.112359008789062500e+02
7.467208862304687500e+02
6.943327026367187500e+02
9.615308837890625000e+02
7.672249755859375000e+02
6.673179931640625000e+02
8.269562988281250000e+02
9.109232177734375000e+02
7.043164062500000000e+02
1.159672851562500000e+03
7.238087158203125000e+02
6.046398315429687500e+02
7.611695556640625000e+02
9.714183959960937500e+02
9.046959838867187500e+02
8.162151489257812500e+02
9.450020141601562500e+02
8.048865356445312500e+02
8.520489501953125000e+02
6.972116699218750000e+02
7.982219848632812500e+02
6.103998413085937500e+02
8.040317993164062500e+02
7.169750366210937500e+02
7.787213134765625000e+02
6.346958618164062500e+02
7.283031616210937500e+02
8.147847290039062500e+02
7.488111572265625000e+02
6.601766357421875000e+02
7.108185424804687500e+02
7.039301147460937500e+02
8.346901245117187500e+02
6.236965332031250000e+02
7.813515014648437500e+02
8.270192871093750000e+02
8.390778808593750000e+02
8.856907348632812500e+02
7.906932373046875000e+02
6.992113647460937500e+02
8.350215454101562500e+02
9.652075805664062500e+02
5.935353393554687500e+02
7.636703491210937500e+02
7.626462402343750000e+02
6.314938354492187500e+02
7.900097045898437500e+02
7.210742187500000000e+02
5.814406127929687500e+02
7.103564453125000000e+02
6.574222412109375000e+02
5.460940551757812500e+02
6.958916015625000000e+02
9.122866821289062500e+02
7.668821411132812500e+02
7.702483520507812500e+02
5.518043823242187500e+02
7.962304077148437500e+02
7.664799194335937500e+02
5.160611572265625000e+02
7.260304565429687500e+02
8.723784790039062500e+02
8.551311035156250000e+02
9.007000122070312500e+02
6.094746093750000000e+02
8.476045532226562500e+02
9.314583740234375000e+02
6.779188842773437500e+02
7.313157958984375000e+02
7.350107421875000000e+02
8.544025878906250000e+02
8.085032348632812500e+02
9.217141113281250000e+02
6.545231323242187500e+02
6.751098632812500000e+02
7.308779296875000000e+02
7.874854125976562500e+02
9.604869995117187500e+02
6.568388671875000000e+02
6.573098754882812500e+02
8.835612182617187500e+02
1.041965332031250000e+03
7.043878784179687500e+02
8.033621826171875000e+02
6.454996948242187500e+02
7.914537963867187500e+02
6.936776733398437500e+02
8.194732055664062500e+02
7.468403320312500000e+02
7.227845458984375000e+02
6.238183593750000000e+02
8.701235961914062500e+02
8.126833496093750000e+02
6.743839721679687500e+02
6.858721313476562500e+02
6.908320312500000000e+02
9.667453613281250000e+02
8.013175659179687500e+02
8.011989746093750000e+02
7.137785034179687500e+02
1.028337524414062500e+03
6.395839233398437500e+02
8.117681274414062500e+02
6.345756835937500000e+02
7.106142578125000000e+02
7.078029785156250000e+02
8.365671386718750000e+02
7.762013549804687500e+02
8.293732299804687500e+02
5.543062133789062500e+02
6.179329223632812500e+02
5.459055786132812500e+02
7.602339477539062500e+02
9.885900268554687500e+02
7.613425903320312500e+02
8.902622070312500000e+02
9.208268432617187500e+02
9.488553466796875000e+02
6.814605712890625000e+02
8.651917114257812500e+02
6.343655395507812500e+02
9.669540405273437500e+02
5.030751342773437500e+02
7.144609375000000000e+02
8.501981201171875000e+02
7.616304321289062500e+02
7.039744262695312500e+02
6.293026733398437500e+02
8.166333618164062500e+02
7.300109863281250000e+02
7.057590942382812500e+02
8.884404907226562500e+02
7.652584228515625000e+02
7.614319458007812500e+02
5.918052368164062500e+02
7.079597167968750000e+02
7.979931030273437500e+02
7.249692993164062500e+02
7.134146118164062500e+02
1.025167968750000000e+03
9.529739379882812500e+02
6.753981933593750000e+02
7.451652832031250000e+02
6.109944458007812500e+02
7.247787475585937500e+02
9.041009521484375000e+02
5.989251708984375000e+02
8.761061401367187500e+02
8.630308227539062500e+02
6.681618041992187500e+02
5.723071289062500000e+02
8.718654785156250000e+02
6.264774780273437500e+02
7.657676391601562500e+02
7.178782958984375000e+02
9.063676757812500000e+02
7.207598876953125000e+02
7.864924926757812500e+02
7.358411865234375000e+02
7.505019531250000000e+02
5.792262573242187500e+02
7.275238647460937500e+02
5.640247802734375000e+02
8.422384643554687500e+02
6.980300903320312500e+02
8.403048706054687500e+02
1.065559448242187500e+03
7.587944946289062500e+02
6.737004394531250000e+02
7.880969238281250000e+02
7.822232055664062500e+02
7.261860351562500000e+02
7.859661254882812500e+02
1.045353515625000000e+03
8.688898925781250000e+02
8.165056762695312500e+02
8.432575073242187500e+02
7.570311889648437500e+02
8.806487426757812500e+02
7.909980468750000000e+02
6.066114501953125000e+02
6.282144775390625000e+02
6.954876098632812500e+02
5.638202514648437500e+02
7.703349609375000000e+02
7.247534179687500000e+02
7.061978759765625000e+02
7.626635742187500000e+02
6.727816772460937500e+02
8.053247070312500000e+02
8.516164550781250000e+02
7.146402587890625000e+02
6.932463989257812500e+02
6.380195922851562500e+02
7.479485473632812500e+02
7.554593505859375000e+02
7.409535522460937500e+02
7.920697021484375000e+02
6.939400024414062500e+02
6.914091796875000000e+02
8.645415649414062500e+02
5.369329223632812500e+02
7.813666992187500000e+02
6.630637817382812500e+02
9.278565673828125000e+02
8.331316528320312500e+02
5.546847534179687500e+02
8.326006469726562500e+02
8.718126831054687500e+02
7.439728393554687500e+02
7.323967285156250000e+02
9.499491577148437500e+02
6.718605346679687500e+02
7.694451904296875000e+02
7.155123291015625000e+02
8.857990112304687500e+02
7.481448974609375000e+02
8.181723022460937500e+02
7.898489990234375000e+02
6.076591796875000000e+02
7.723113403320312500e+02
6.506240234375000000e+02
9.494984741210937500e+02
1.011742248535156250e+03
8.408955078125000000e+02
5.796342163085937500e+02
7.901594238281250000e+02
7.367926025390625000e+02
7.453008422851562500e+02
5.006861267089843750e+02
7.162246704101562500e+02
7.098472900390625000e+02
7.003494262695312500e+02
7.469116210937500000e+02
7.664151000976562500e+02
7.126956176757812500e+02
7.218596191406250000e+02
6.282684936523437500e+02
7.206129760742187500e+02
8.288282470703125000e+02
6.446452026367187500e+02
8.669583129882812500e+02
7.113600463867187500e+02
7.266093750000000000e+02
8.574295043945312500e+02
7.031972656250000000e+02
7.995441894531250000e+02
8.476510009765625000e+02
4.864765930175781250e+02
1.038549072265625000e+03
6.867942504882812500e+02
6.611619873046875000e+02
7.504725952148437500e+02
8.036171875000000000e+02
9.384050903320312500e+02
9.621173706054687500e+02
7.511773071289062500e+02
7.279328613281250000e+02
7.654460449218750000e+02
7.557676391601562500e+02
7.934364624023437500e+02
7.766597290039062500e+02
8.124752807617187500e+02
8.044446411132812500e+02
8.224232788085937500e+02
6.871887207031250000e+02
7.460763549804687500e+02
6.954234008789062500e+02
8.728222045898437500e+02
8.844893188476562500e+02
6.718596191406250000e+02
7.667838745117187500e+02
8.877035522460937500e+02
7.456210327148437500e+02
5.937398681640625000e+02
5.806931762695312500e+02
8.053544921875000000e+02
9.945227050781250000e+02
9.470806884765625000e+02
7.049048461914062500e+02
5.155849609375000000e+02
7.942998657226562500e+02
6.720897216796875000e+02
7.208742675781250000e+02
9.886416625976562500e+02
7.909837646484375000e+02
7.445166625976562500e+02
7.345781250000000000e+02
7.909188842773437500e+02
7.859976196289062500e+02
4.788908996582031250e+02
7.347973632812500000e+02
7.716460571289062500e+02
8.637541503906250000e+02
7.296931152343750000e+02
7.837154541015625000e+02
8.215974731445312500e+02
8.445600585937500000e+02
8.532339477539062500e+02
7.523082275390625000e+02
6.842420654296875000e+02
6.744507446289062500e+02
5.732105712890625000e+02
9.763928222656250000e+02
8.392484130859375000e+02
7.428682250976562500e+02
5.811913452148437500e+02
7.141604614257812500e+02
8.037436523437500000e+02
7.846454467773437500e+02
7.362704467773437500e+02
7.397968139648437500e+02
8.377462768554687500e+02
7.637404785156250000e+02
7.415603637695312500e+02
8.499038696289062500e+02
7.404042968750000000e+02
6.630282592773437500e+02
7.601241455078125000e+02
7.657554931640625000e+02
7.799141235351562500e+02
7.156726074218750000e+02
6.618992309570312500e+02
9.256004028320312500e+02
8.364381713867187500e+02
7.748694458007812500e+02
9.304603881835937500e+02
7.248226318359375000e+02
8.756121215820312500e+02
7.369015502929687500e+02
8.992546386718750000e+02
7.988609008789062500e+02
6.851683959960937500e+02
8.665706176757812500e+02
8.087239379882812500e+02
1.040557373046875000e+03
5.937475585937500000e+02
8.588664550781250000e+02
7.171231079101562500e+02
9.694166870117187500e+02
6.856149291992187500e+02
9.351892089843750000e+02
7.464670410156250000e+02
6.825925292968750000e+02
7.233507080078125000e+02
7.448907470703125000e+02
7.819611816406250000e+02
8.518941040039062500e+02
9.142116088867187500e+02
7.292048950195312500e+02
9.186929321289062500e+02
1.000494201660156250e+03
5.686590576171875000e+02
7.823919067382812500e+02
9.805911254882812500e+02
7.748972167968750000e+02
6.518642578125000000e+02
8.362313232421875000e+02
8.194542236328125000e+02
8.527449951171875000e+02
9.591319580078125000e+02
7.806712036132812500e+02
9.354435424804687500e+02
7.571333007812500000e+02
6.460985717773437500e+02
8.567005615234375000e+02
7.868930053710937500e+02
7.865594482421875000e+02
6.766535034179687500e+02
6.028031005859375000e+02
7.180513916015625000e+02
9.320503540039062500e+02
8.037817382812500000e+02
6.434132080078125000e+02
7.838096313476562500e+02
8.564796142578125000e+02
8.217030639648437500e+02
8.048927612304687500e+02
7.468915405273437500e+02
7.386133422851562500e+02
8.120822143554687500e+02
8.713538208007812500e+02
8.811183471679687500e+02
7.274277343750000000e+02
6.346514892578125000e+02
6.858625488281250000e+02
5.911900634765625000e+02
8.136246337890625000e+02
8.628356933593750000e+02
6.676516113281250000e+02
6.679783325195312500e+02
6.113713378906250000e+02
6.857764282226562500e+02
9.859375610351562500e+02
5.146766357421875000e+02
7.671533203125000000e+02
8.537387084960937500e+02
6.896005859375000000e+02
7.391918334960937500e+02
8.548063964843750000e+02
6.973709716796875000e+02
6.710305175781250000e+02
7.421040039062500000e+02
8.023201293945312500e+02
7.413298339843750000e+02
8.421308593750000000e+02
6.409746704101562500e+02
7.962440795898437500e+02
8.818793334960937500e+02
7.609864501953125000e+02
7.073992919921875000e+02
6.324619750976562500e+02
8.227031860351562500e+02
9.103897705078125000e+02
5.735981445312500000e+02
8.577998657226562500e+02
8.869770507812500000e+02
1.039635498046875000e+03
9.023304443359375000e+02
8.367911987304687500e+02
7.761275024414062500e+02
6.614287109375000000e+02
7.099702148437500000e+02
7.585804443359375000e+02
7.562984008789062500e+02
7.229260253906250000e+02
7.530770874023437500e+02
7.047976074218750000e+02
6.923759155273437500e+02
7.174577026367187500e+02
7.919839477539062500e+02
7.262857055664062500e+02
9.712005004882812500e+02
8.613574218750000000e+02
8.737964477539062500e+02
8.424155273437500000e+02
1.001994140625000000e+03
7.728744506835937500e+02
6.232626342773437500e+02
6.328491821289062500e+02
5.169655151367187500e+02
8.198483276367187500e+02
7.444343872070312500e+02
9.446186523437500000e+02
7.738772583007812500e+02
6.822908325195312500e+02
6.379571533203125000e+02
5.886720581054687500e+02
8.534964599609375000e+02
8.331134643554687500e+02
6.604053955078125000e+02
8.404590454101562500e+02
7.396881713867187500e+02
7.430567626953125000e+02
7.836054687500000000e+02
9.176069335937500000e+02
6.328555908203125000e+02
7.995092163085937500e+02
6.989475708007812500e+02
8.024797973632812500e+02
6.414057617187500000e+02
7.834801025390625000e+02
7.174101562500000000e+02
6.669237060546875000e+02
8.736297607421875000e+02
5.937202758789062500e+02
7.962022094726562500e+02
7.275725708007812500e+02
8.612526855468750000e+02
5.278225708007812500e+02
7.453026123046875000e+02
7.744668579101562500e+02
8.076151123046875000e+02
7.038608398437500000e+02
7.817920532226562500e+02
6.111457519531250000e+02
6.780895996093750000e+02
7.836120605468750000e+02
6.579971923828125000e+02
7.355935668945312500e+02
8.804314575195312500e+02
7.667939453125000000e+02
8.230841674804687500e+02
8.724096069335937500e+02
9.938959960937500000e+02
5.188218994140625000e+02
7.809581909179687500e+02
8.027044067382812500e+02
5.806270141601562500e+02
7.594982299804687500e+02
7.518019409179687500e+02
4.475496520996093750e+02
7.785283813476562500e+02
9.620476684570312500e+02
8.218255004882812500e+02
5.888839721679687500e+02
7.971912231445312500e+02
8.070239257812500000e+02
7.823526000976562500e+02
7.554937744140625000e+02
5.917194824218750000e+02
6.843919067382812500e+02
9.578861083984375000e+02
8.494739379882812500e+02
6.518583374023437500e+02
7.431511840820312500e+02
5.686862182617187500e+02
7.358114013671875000e+02
9.435155639648437500e+02
8.059326782226562500e+02
9.502720336914062500e+02
5.314292602539062500e+02
6.595126953125000000e+02
9.867586669921875000e+02
8.147843627929687500e+02
8.537980957031250000e+02
8.640608520507812500e+02
6.689129638671875000e+02
8.321022949218750000e+02
6.677851562500000000e+02
8.021168212890625000e+02
7.867659912109375000e+02
6.507434692382812500e+02
9.232075195312500000e+02
8.130767822265625000e+02
5.236369628906250000e+02
7.727994384765625000e+02
8.562253417968750000e+02
8.661909179687500000e+02
6.641790161132812500e+02
7.027965087890625000e+02
8.054586791992187500e+02
6.190942993164062500e+02
5.964170532226562500e+02
8.355695190429687500e+02
7.345869750976562500e+02
8.009688110351562500e+02
8.628917236328125000e+02
7.098453979492187500e+02
9.856497802734375000e+02
8.935296020507812500e+02
8.867165527343750000e+02
9.262183227539062500e+02
8.555921630859375000e+02
7.294479370117187500e+02
7.314746093750000000e+02
7.096819458007812500e+02
6.378720092773437500e+02
8.054103393554687500e+02
8.520378417968750000e+02
8.649700317382812500e+02
6.948496093750000000e+02
8.312362670898437500e+02
6.336033325195312500e+02
4.444817504882812500e+02
8.501089477539062500e+02
8.883217773437500000e+02
5.649252929687500000e+02
6.872392578125000000e+02
6.553066406250000000e+02
7.464429321289062500e+02
8.217604370117187500e+02
7.435883178710937500e+02
6.078488769531250000e+02
7.373165283203125000e+02
7.129234619140625000e+02
8.482977294921875000e+02
8.116171264648437500e+02
8.715783691406250000e+02
7.586143798828125000e+02
6.509272460937500000e+02
9.071479492187500000e+02
5.846198120117187500e+02
9.006049804687500000e+02
9.491967773437500000e+02
6.825650024414062500e+02
7.693988037109375000e+02
8.611238403320312500e+02
7.314503784179687500e+02
7.239464721679687500e+02
7.094442138671875000e+02
9.144046630859375000e+02
1.051319946289062500e+03
6.185217285156250000e+02
6.305765991210937500e+02
7.422773437500000000e+02
7.496246948242187500e+02
8.020645751953125000e+02
7.793877563476562500e+02
7.375630493164062500e+02
7.750432128906250000e+02
6.179365234375000000e+02
7.119872436523437500e+02
6.665933227539062500e+02
8.514449462890625000e+02
7.294468383789062500e+02
8.049061279296875000e+02
6.773628540039062500e+02
8.519448242187500000e+02
7.612669067382812500e+02
6.341882324218750000e+02
7.088743286132812500e+02
7.684793090820312500e+02
8.493558349609375000e+02
8.586291503906250000e+02
8.526553955078125000e+02
7.168694458007812500e+02
8.128710937500000000e+02
7.975050048828125000e+02
7.167948608398437500e+02
7.943261108398437500e+02
8.193708496093750000e+02
7.924121704101562500e+02
6.716735839843750000e+02
7.391940307617187500e+02
8.255778198242187500e+02
8.954492187500000000e+02
8.175897216796875000e+02
5.739271240234375000e+02
9.498252563476562500e+02
8.365471191406250000e+02
7.282058715820312500e+02
6.653712768554687500e+02
7.559264526367187500e+02
9.801535644531250000e+02
8.230979003906250000e+02
7.486148681640625000e+02
6.915499877929687500e+02
7.812818603515625000e+02
7.477475585937500000e+02
6.574161987304687500e+02
5.483143920898437500e+02
4.934386291503906250e+02
7.498862304687500000e+02
7.965792846679687500e+02
8.446953735351562500e+02
8.562020874023437500e+02
8.221182861328125000e+02
6.357225341796875000e+02
6.812660522460937500e+02
8.466895141601562500e+02
9.428575439453125000e+02
7.299299316406250000e+02
8.046347656250000000e+02
7.391578979492187500e+02
5.925286865234375000e+02
6.701370239257812500e+02
5.672264404296875000e+02
6.419058837890625000e+02
7.848250732421875000e+02
1.017153320312500000e+03
6.633872680664062500e+02
7.519404296875000000e+02
7.981643066406250000e+02
8.445472412109375000e+02
7.503459472656250000e+02
7.337786254882812500e+02
9.226107177734375000e+02
7.354364013671875000e+02
8.155226440429687500e+02
7.816099853515625000e+02
6.931276855468750000e+02
8.004656982421875000e+02
8.128131713867187500e+02
8.058646240234375000e+02
9.611715087890625000e+02
6.587985229492187500e+02
6.269612426757812500e+02
6.551181640625000000e+02
7.288760375976562500e+02
6.777831420898437500e+02
6.777457275390625000e+02
5.766221313476562500e+02
8.539598999023437500e+02
5.717224121093750000e+02
9.018481445312500000e+02
6.791828002929687500e+02
7.755000610351562500e+02
8.250772705078125000e+02
7.492561645507812500e+02
6.549729614257812500e+02
6.878323974609375000e+02
7.124177246093750000e+02
7.348327026367187500e+02
9.435696411132812500e+02
6.134187011718750000e+02
7.597698364257812500e+02
6.468745727539062500e+02
7.173685913085937500e+02
9.290755004882812500e+02
8.152954711914062500e+02
8.506651000976562500e+02
8.222919921875000000e+02
4.611477050781250000e+02
9.191219482421875000e+02
8.583939819335937500e+02
6.566779174804687500e+02
7.367460327148437500e+02
6.552627563476562500e+02
7.560429687500000000e+02
7.642562866210937500e+02
6.124813232421875000e+02
7.598104248046875000e+02
7.322020874023437500e+02
8.924294433593750000e+02
8.927684326171875000e+02
6.564605712890625000e+02
8.688654785156250000e+02
5.574697265625000000e+02
9.142310180664062500e+02
7.264635009765625000e+02
8.310458374023437500e+02
7.862617797851562500e+02
6.334525146484375000e+02
6.321470947265625000e+02
8.011437377929687500e+02
9.603939819335937500e+02
8.125126953125000000e+02
7.033171386718750000e+02
6.773068847656250000e+02
9.029171142578125000e+02
5.837956542968750000e+02
7.373538208007812500e+02
8.311609497070312500e+02
8.593488769531250000e+02
8.712260742187500000e+02
8.810092773437500000e+02
7.142980346679687500e+02
6.074248657226562500e+02
7.772323608398437500e+02
4.409273376464843750e+02
8.711846313476562500e+02
7.621015014648437500e+02
6.891411743164062500e+02
7.715481567382812500e+02
7.470044555664062500e+02
8.577113037109375000e+02
6.480297851562500000e+02
9.415789794921875000e+02
7.699923706054687500e+02
7.055334472656250000e+02
7.858173217773437500e+02
6.037380981445312500e+02
8.671052856445312500e+02
8.367060546875000000e+02
8.926613769531250000e+02
6.513630371093750000e+02
6.994178466796875000e+02
7.420618286132812500e+02
8.105342407226562500e+02
8.449402465820312500e+02
6.600302124023437500e+02
5.505114135742187500e+02
8.287182006835937500e+02
7.403263549804687500e+02
7.683073730468750000e+02
9.196347045898437500e+02
6.598222045898437500e+02
5.866433715820312500e+02
4.975679931640625000e+02
6.312481689453125000e+02
5.714602050781250000e+02
9.920635986328125000e+02
8.893861694335937500e+02
8.153660278320312500e+02
7.984254150390625000e+02
8.488565063476562500e+02
7.531356811523437500e+02
9.040559692382812500e+02
6.712536010742187500e+02
6.698222045898437500e+02
6.889940795898437500e+02
6.898701171875000000e+02
6.486926879882812500e+02
7.292877807617187500e+02
6.581245727539062500e+02
8.354249877929687500e+02
6.489906616210937500e+02
7.886775512695312500e+02
7.122706298828125000e+02
7.034121093750000000e+02
8.022059936523437500e+02
6.805873413085937500e+02
8.609434814453125000e+02
7.120218505859375000e+02
6.579611206054687500e+02
7.195688476562500000e+02
7.248909301757812500e+02
6.676306152343750000e+02
9.107349243164062500e+02
6.716176757812500000e+02
6.552478637695312500e+02
6.759439086914062500e+02
7.142878417968750000e+02
7.078506469726562500e+02
8.300331420898437500e+02
8.775808105468750000e+02
7.424332885742187500e+02
8.174002075195312500e+02
7.436479492187500000e+02
8.449666748046875000e+02
8.466879882812500000e+02
5.684110717773437500e+02
8.731401977539062500e+02
7.880009765625000000e+02
7.783229370117187500e+02
8.174580078125000000e+02
6.146472778320312500e+02
6.264254760742187500e+02
6.931967163085937500e+02
9.485358886718750000e+02
6.797749023437500000e+02
6.858540649414062500e+02
6.922583007812500000e+02
5.044368286132812500e+02
7.036375732421875000e+02
7.678370971679687500e+02
8.520784301757812500e+02
8.305827026367187500e+02
1.009096069335937500e+03
7.579916381835937500e+02
7.823276977539062500e+02
7.239907836914062500e+02
5.875164184570312500e+02
6.288762817382812500e+02
6.769138183593750000e+02
7.198574829101562500e+02
8.101224975585937500e+02
7.840755615234375000e+02
7.789138183593750000e+02
8.992667236328125000e+02
6.966929931640625000e+02
8.483239746093750000e+02
8.140336303710937500e+02
8.074866333007812500e+02
8.263658447265625000e+02
6.869006958007812500e+02
5.774396972656250000e+02
6.411123657226562500e+02
9.123642578125000000e+02
9.270792236328125000e+02
7.752671508789062500e+02
9.211106567382812500e+02
8.185487670898437500e+02
9.838533325195312500e+02
8.296931762695312500e+02
6.718305053710937500e+02
9.430490722656250000e+02
7.809727783203125000e+02
7.711422729492187500e+02
5.631181640625000000e+02
7.607192993164062500e+02
7.618257446289062500e+02
8.133472290039062500e+02
9.009295043945312500e+02
5.818572387695312500e+02
6.641979980468750000e+02
6.374865722656250000e+02
7.819965820312500000e+02
8.451501464843750000e+02
4.700604248046875000e+02
7.470994873046875000e+02
7.033543090820312500e+02
7.259453125000000000e+02
5.132179565429687500e+02
7.849985961914062500e+02
7.246289062500000000e+02
7.616067504882812500e+02
6.062886962890625000e+02
9.111871337890625000e+02
9.319863281250000000e+02
6.377248535156250000e+02
7.868950195312500000e+02
6.938022460937500000e+02
8.750668945312500000e+02
6.513928222656250000e+02
8.278856201171875000e+02
8.019497070312500000e+02
5.983345336914062500e+02
8.191115722656250000e+02
7.936398925781250000e+02
9.694229736328125000e+02
6.410399780273437500e+02
5.982686767578125000e+02
8.473510742187500000e+02
6.919902343750000000e+02
5.137777099609375000e+02
6.607844848632812500e+02
7.181072387695312500e+02
7.354281616210937500e+02
7.911915893554687500e+02
8.074130859375000000e+02
8.268934936523437500e+02
9.212755126953125000e+02
7.734138183593750000e+02
7.218957519531250000e+02
7.750421752929687500e+02
6.881748046875000000e+02
8.241507568359375000e+02
6.047535400390625000e+02
8.569838256835937500e+02
8.201137084960937500e+02
9.414675292968750000e+02
7.767033081054687500e+02
8.390540161132812500e+02
7.550598144531250000e+02
7.038428955078125000e+02
6.416018676757812500e+02
5.540486450195312500e+02
8.981753540039062500e+02
7.994592285156250000e+02
9.940651245117187500e+02
5.914093627929687500e+02
8.593284912109375000e+02
9.317619018554687500e+02
6.707488403320312500e+02
9.180386962890625000e+02
5.780609741210937500e+02
6.677671508789062500e+02
6.123037719726562500e+02
7.628043823242187500e+02
6.026185302734375000e+02
5.704194946289062500e+02
7.471119384765625000e+02
7.248820800781250000e+02
8.542167358398437500e+02
6.063116455078125000e+02
8.147943115234375000e+02
8.150133666992187500e+02
7.068022460937500000e+02
6.404359130859375000e+02
8.356515502929687500e+02
6.087156372070312500e+02
6.316948852539062500e+02
8.162780151367187500e+02
7.357390747070312500e+02
5.897144165039062500e+02
7.709722900390625000e+02
7.844057617187500000e+02
7.677564086914062500e+02
8.159453735351562500e+02
5.499944458007812500e+02
7.792539672851562500e+02
7.750034790039062500e+02
5.761726074218750000e+02
6.328853759765625000e+02
7.700544433593750000e+02
7.972743530273437500e+02
6.989334106445312500e+02
9.201783447265625000e+02
6.922523193359375000e+02
7.724303588867187500e+02
5.806228027343750000e+02
7.545452270507812500e+02
8.724237060546875000e+02
4.864399414062500000e+02
8.781384277343750000e+02
6.714808959960937500e+02
9.947651977539062500e+02
6.552834472656250000e+02
6.375452880859375000e+02
7.115273437500000000e+02
8.319131469726562500e+02
6.012045288085937500e+02
7.243612670898437500e+02
6.512290649414062500e+02
6.988212280273437500e+02
8.393893432617187500e+02
6.514388427734375000e+02
7.873046264648437500e+02
8.971270751953125000e+02
8.878616943359375000e+02
7.388607788085937500e+02
8.090351562500000000e+02
9.038677978515625000e+02
1.000888000488281250e+03
6.219823608398437500e+02
7.658158569335937500e+02
7.856113281250000000e+02
7.939110107421875000e+02
7.588834838867187500e+02
7.351222534179687500e+02
8.248547363281250000e+02
7.067476196289062500e+02
9.247697753906250000e+02
6.070492553710937500e+02
6.495986328125000000e+02
7.306940917968750000e+02
7.905354003906250000e+02
6.670984497070312500e+02
9.279048461914062500e+02
6.347831420898437500e+02
7.989802246093750000e+02
8.161779174804687500e+02
6.660147094726562500e+02
6.558653564453125000e+02
8.904601440429687500e+02
7.943067626953125000e+02
7.082709960937500000e+02
5.917952270507812500e+02
7.841287841796875000e+02
9.260004272460937500e+02
7.088398437500000000e+02
8.623967895507812500e+02
7.916634521484375000e+02
7.021492309570312500e+02
8.535830078125000000e+02
7.457753295898437500e+02
5.482590942382812500e+02
8.601370849609375000e+02
6.972911376953125000e+02
7.820932617187500000e+02
7.642411499023437500e+02
6.700523681640625000e+02
7.196239013671875000e+02
6.534692993164062500e+02
8.949121704101562500e+02
7.956813964843750000e+02
8.366287841796875000e+02
9.997241210937500000e+02
7.208883666992187500e+02
7.511983032226562500e+02
7.737507324218750000e+02
8.178529052734375000e+02
7.283819580078125000e+02
7.277802124023437500e+02
5.122534179687500000e+02
8.186051635742187500e+02
9.847902832031250000e+02
7.422183227539062500e+02
8.991063842773437500e+02
9.291446533203125000e+02
8.868639526367187500e+02
8.948781127929687500e+02
8.087341918945312500e+02
8.273293457031250000e+02
7.518020019531250000e+02
7.390064697265625000e+02
8.204784545898437500e+02
7.212766113281250000e+02
8.611830444335937500e+02
6.771640625000000000e+02
6.930141601562500000e+02
9.065876464843750000e+02
7.814669189453125000e+02
6.272842407226562500e+02
6.992050170898437500e+02
6.931211547851562500e+02
9.783820800781250000e+02
6.218540039062500000e+02
5.472611083984375000e+02
7.225269775390625000e+02
7.365507812500000000e+02
6.778685913085937500e+02
7.950714721679687500e+02
7.557620239257812500e+02
7.552183227539062500e+02
6.174499511718750000e+02
8.349323120117187500e+02
6.528292236328125000e+02
6.491410522460937500e+02
7.814982910156250000e+02
8.236358032226562500e+02
7.933016357421875000e+02
7.097043457031250000e+02
9.261567993164062500e+02
7.318726806640625000e+02
7.609949340820312500e+02
6.408989257812500000e+02
1.084849365234375000e+03
9.532185668945312500e+02
5.189753417968750000e+02
6.047428588867187500e+02
6.836365356445312500e+02
8.634989013671875000e+02
8.185664062500000000e+02
8.569053344726562500e+02
9.417773437500000000e+02
9.111908569335937500e+02
5.190614013671875000e+02
6.906156616210937500e+02
8.567380371093750000e+02
9.991544799804687500e+02
6.149635009765625000e+02
9.145134887695312500e+02
7.782839965820312500e+02
6.729681396484375000e+02
6.975877685546875000e+02
8.022487182617187500e+02
7.791491088867187500e+02
6.617296752929687500e+02
6.655189819335937500e+02
6.272916870117187500e+02
8.559857177734375000e+02
5.697825317382812500e+02
6.974193725585937500e+02
5.708167724609375000e+02
8.911097412109375000e+02
6.012330932617187500e+02
7.258017578125000000e+02
6.928880615234375000e+02
7.854275512695312500e+02
6.176221923828125000e+02
7.883603515625000000e+02
8.049483642578125000e+02
7.668146362304687500e+02
6.238212280273437500e+02
6.513709106445312500e+02
7.902486572265625000e+02
6.790146484375000000e+02
7.405673217773437500e+02
8.281778564453125000e+02
6.578367919921875000e+02
9.523247680664062500e+02
6.332220458984375000e+02
6.433579101562500000e+02
6.689793701171875000e+02
8.007581176757812500e+02
6.531480102539062500e+02
7.868087768554687500e+02
8.091129760742187500e+02
7.773982543945312500e+02
6.996384277343750000e+02
9.672546997070312500e+02
8.537411499023437500e+02
8.338115234375000000e+02
6.405200805664062500e+02
9.512252807617187500e+02
7.330587158203125000e+02
7.934774169921875000e+02
6.381923828125000000e+02
7.873164062500000000e+02
7.857298583984375000e+02
8.473578491210937500e+02
5.975109863281250000e+02
7.542367553710937500e+02
8.868214721679687500e+02
7.240422973632812500e+02
7.896931152343750000e+02
7.060881958007812500e+02
8.373253784179687500e+02
6.261800537109375000e+02
8.388835449218750000e+02
6.013754882812500000e+02
9.431127929687500000e+02
9.177588500976562500e+02
7.360640869140625000e+02
7.769703369140625000e+02
7.018801879882812500e+02
6.242280273437500000e+02
7.343376464843750000e+02
1.046345703125000000e+03
8.240032348632812500e+02
1.008170227050781250e+03
6.419436035156250000e+02
6.705187377929687500e+02
6.593576660156250000e+02
8.318283691406250000e+02
5.890484619140625000e+02
7.959158935546875000e+02
7.654956054687500000e+02
5.033302612304687500e+02
8.029502563476562500e+02
6.530454101562500000e+02
9.748874511718750000e+02
9.661183471679687500e+02
7.726845092773437500e+02
6.017770385742187500e+02
6.248533935546875000e+02
6.781329345703125000e+02
5.841923828125000000e+02
7.084931030273437500e+02
7.700557861328125000e+02
7.455877685546875000e+02
8.306894531250000000e+02
7.605294799804687500e+02
7.797227783203125000e+02
7.158391723632812500e+02
6.062224121093750000e+02
7.573714599609375000e+02
7.764359130859375000e+02
8.586567382812500000e+02
5.978258666992187500e+02
5.774223022460937500e+02
9.041251831054687500e+02
6.823085937500000000e+02
6.944113159179687500e+02
6.025129394531250000e+02
8.514892578125000000e+02
8.541525878906250000e+02
7.446268310546875000e+02
8.833179931640625000e+02
9.183768920898437500e+02
9.734360961914062500e+02
7.962998657226562500e+02
7.643488159179687500e+02
6.757334594726562500e+02
7.924222412109375000e+02
7.131293945312500000e+02
9.352037353515625000e+02
8.002723999023437500e+02
8.708729248046875000e+02
8.208751220703125000e+02
7.877670898437500000e+02
6.366739501953125000e+02
5.141452636718750000e+02
8.253869018554687500e+02
8.006743164062500000e+02
7.471600341796875000e+02
6.846573486328125000e+02
8.530711669921875000e+02
8.460260620117187500e+02
7.519974365234375000e+02
8.418109741210937500e+02
6.597288208007812500e+02
7.422080078125000000e+02
8.486145629882812500e+02
8.513128662109375000e+02
7.052181396484375000e+02
9.551303100585937500e+02
7.572296752929687500e+02
8.017664184570312500e+02
8.784746093750000000e+02
7.047999267578125000e+02
7.612412109375000000e+02
7.205216064453125000e+02
8.256439819335937500e+02
9.026381225585937500e+02
6.380679931640625000e+02
8.644943237304687500e+02
8.070516357421875000e+02
6.793756103515625000e+02
5.862217407226562500e+02
9.820736694335937500e+02
8.271426391601562500e+02
9.601846923828125000e+02
6.456318359375000000e+02
6.100358276367187500e+02
8.917884521484375000e+02
1.070428710937500000e+03
1.022032104492187500e+03
7.612214965820312500e+02
7.771802368164062500e+02
7.841922607421875000e+02
8.342496337890625000e+02
5.995692749023437500e+02
7.747503051757812500e+02
5.341658935546875000e+02
7.802637939453125000e+02
5.898872680664062500e+02
8.261567382812500000e+02
7.362088012695312500e+02
5.676970825195312500e+02
7.295584106445312500e+02
8.072059326171875000e+02
8.204239501953125000e+02
6.968739624023437500e+02
7.157826538085937500e+02
7.215833129882812500e+02
7.632240600585937500e+02
7.005738525390625000e+02
8.473775634765625000e+02
8.472235107421875000e+02
6.933558959960937500e+02
7.416138305664062500e+02
7.744017333984375000e+02
1.016445556640625000e+03
9.763173217773437500e+02
7.468772583007812500e+02
6.064247436523437500e+02
9.291818237304687500e+02
6.877901611328125000e+02
7.901140136718750000e+02
7.339562377929687500e+02
8.366724853515625000e+02
7.993377075195312500e+02
9.391780395507812500e+02
7.643485717773437500e+02
8.746557006835937500e+02
6.837175903320312500e+02
7.486413574218750000e+02
1.034234252929687500e+03
8.981738891601562500e+02
8.528596191406250000e+02
8.692836914062500000e+02
8.326199340820312500e+02
8.308123779296875000e+02
7.794367675781250000e+02
8.085341186523437500e+02
9.509030151367187500e+02
7.944116821289062500e+02
6.453212890625000000e+02
7.137883911132812500e+02
8.115001220703125000e+02
6.783248291015625000e+02
6.726141357421875000e+02
8.477695922851562500e+02
7.671645507812500000e+02
8.447453613281250000e+02
6.579886474609375000e+02
6.772209472656250000e+02
7.907094726562500000e+02
6.835074462890625000e+02
7.622764282226562500e+02
7.577425537109375000e+02
7.296370239257812500e+02
8.202395629882812500e+02
6.415882568359375000e+02
7.782102661132812500e+02
6.549530029296875000e+02
9.556257324218750000e+02
7.250822143554687500e+02
7.144704589843750000e+02
6.882395019531250000e+02
6.853129882812500000e+02
9.050518188476562500e+02
9.006859130859375000e+02
6.025863037109375000e+02
9.242221679687500000e+02
8.183363647460937500e+02
7.836795043945312500e+02
5.010299377441406250e+02
8.930471191406250000e+02
8.754349365234375000e+02
8.836965332031250000e+02
8.149057617187500000e+02
7.571232299804687500e+02
7.742815551757812500e+02
7.259796142578125000e+02
6.815551147460937500e+02
7.059398803710937500e+02
7.477874755859375000e+02
8.363893432617187500e+02
7.897332153320312500e+02
7.536864624023437500e+02
8.236715698242187500e+02
6.681782836914062500e+02
9.020101928710937500e+02
6.860277099609375000e+02
5.377339477539062500e+02
6.692770996093750000e+02
7.884605102539062500e+02
7.026817016601562500e+02
6.345545654296875000e+02
6.729104003906250000e+02
8.066479492187500000e+02
6.097828369140625000e+02
8.731739501953125000e+02
8.908930053710937500e+02
5.500936889648437500e+02
6.977172851562500000e+02
6.783537597656250000e+02
6.791646728515625000e+02
6.178068847656250000e+02
8.770669555664062500e+02
7.837220458984375000e+02
6.710188598632812500e+02
8.406832275390625000e+02
8.671255493164062500e+02
7.141720581054687500e+02
1.002193420410156250e+03
7.407637329101562500e+02
7.950667724609375000e+02
7.930533447265625000e+02
7.636569824218750000e+02
7.006026611328125000e+02
8.843784790039062500e+02
7.584439697265625000e+02
8.116043701171875000e+02
7.653152465820312500e+02
7.440158081054687500e+02
6.371128540039062500e+02
7.726936035156250000e+02
8.102158813476562500e+02
6.618952636718750000e+02
7.097307739257812500e+02
8.345822753906250000e+02
7.924978027343750000e+02
5.402758178710937500e+02
7.746046142578125000e+02
7.618755493164062500e+02
8.442960205078125000e+02
5.051959533691406250e+02
6.807913818359375000e+02
5.897532348632812500e+02
8.830338745117187500e+02
5.755985107421875000e+02
8.841171264648437500e+02
7.271305541992187500e+02
6.243439941406250000e+02
7.635073242187500000e+02
8.462344360351562500e+02
7.074681396484375000e+02
5.181064453125000000e+02
8.599346923828125000e+02
6.176586914062500000e+02
6.469254760742187500e+02
7.481847534179687500e+02
6.282500000000000000e+02
6.328595581054687500e+02
5.808276367187500000e+02
5.970776367187500000e+02
7.591354980468750000e+02
6.313764038085937500e+02
8.555048828125000000e+02
8.026968383789062500e+02
6.529468994140625000e+02
7.613131103515625000e+02
7.757984008789062500e+02
7.996763916015625000e+02
7.881387939453125000e+02
6.969562988281250000e+02
7.703945312500000000e+02
7.628435058593750000e+02
9.400207519531250000e+02
6.336712036132812500e+02
5.834803466796875000e+02
7.729737548828125000e+02
8.661737060546875000e+02
7.245232543945312500e+02
9.425012817382812500e+02
8.521111450195312500e+02
6.680358886718750000e+02
6.801537475585937500e+02
6.514375610351562500e+02
7.041601562500000000e+02
7.836485595703125000e+02
7.969627685546875000e+02
9.939225463867187500e+02
7.295769042968750000e+02
7.471951904296875000e+02
8.558305053710937500e+02
7.589123535156250000e+02
6.928958740234375000e+02
7.979089965820312500e+02
7.562176513671875000e+02
8.169522705078125000e+02
7.979143066406250000e+02
9.632116699218750000e+02
7.183959960937500000e+02
1.094188842773437500e+03
7.217529907226562500e+02
6.168312377929687500e+02
8.684620361328125000e+02
8.268264160156250000e+02
7.605046386718750000e+02
4.683938598632812500e+02
8.102614746093750000e+02
7.807037353515625000e+02
5.576088256835937500e+02
8.680883178710937500e+02
7.860409545898437500e+02
7.789883422851562500e+02
7.559375610351562500e+02
8.832430419921875000e+02
8.525326538085937500e+02
9.406351318359375000e+02
7.973021850585937500e+02
9.059157714843750000e+02
7.540098876953125000e+02
6.949531860351562500e+02
5.730087280273437500e+02
8.658095703125000000e+02
6.823179321289062500e+02
8.205900268554687500e+02
7.887529907226562500e+02
5.380897216796875000e+02
6.750122680664062500e+02
8.101066284179687500e+02
6.836850585937500000e+02
6.530717773437500000e+02
6.737935791015625000e+02
7.787218017578125000e+02
6.436602783203125000e+02
6.407667846679687500e+02
8.662727050781250000e+02
7.374187011718750000e+02
9.381195068359375000e+02
7.567655639648437500e+02
7.935294799804687500e+02
7.452619628906250000e+02
7.955514526367187500e+02
6.218248901367187500e+02
5.764040527343750000e+02
7.738195190429687500e+02
7.954076538085937500e+02
5.980108642578125000e+02
7.587382812500000000e+02
6.872103271484375000e+02
7.141162109375000000e+02
7.330561523437500000e+02
7.104298706054687500e+02
7.709491577148437500e+02
6.944057617187500000e+02
5.685655517578125000e+02
8.837909545898437500e+02
7.555750122070312500e+02
7.792191162109375000e+02
7.007244873046875000e+02
1.017777832031250000e+03
7.228262939453125000e+02
8.149331054687500000e+02
7.772048950195312500e+02
6.517449340820312500e+02
8.642618408203125000e+02
7.202205200195312500e+02
9.076229858398437500e+02
7.702603759765625000e+02
7.550711669921875000e+02
6.465264282226562500e+02
7.522915649414062500e+02
7.181469726562500000e+02
9.580504150390625000e+02
8.762053222656250000e+02
7.092160644531250000e+02
6.661601562500000000e+02
8.879178466796875000e+02
9.536398925781250000e+02
5.189565429687500000e+02
6.365922851562500000e+02
7.932070922851562500e+02
6.335485229492187500e+02
9.873543090820312500e+02
5.480314331054687500e+02
8.243881835937500000e+02
9.474311523437500000e+02
5.972005615234375000e+02
8.502659912109375000e+02
7.714656372070312500e+02
5.992849731445312500e+02
8.021471557617187500e+02
8.979981689453125000e+02
7.469403076171875000e+02
5.731942749023437500e+02
8.007048950195312500e+02
7.422843627929687500e+02
7.608511962890625000e+02
7.876563110351562500e+02
7.798527221679687500e+02
6.030750732421875000e+02
8.363121337890625000e+02
8.905270996093750000e+02
8.542208862304687500e+02
8.908007812500000000e+02
8.177077026367187500e+02
8.163234863281250000e+02
6.388790283203125000e+02
9.071318969726562500e+02
7.165150756835937500e+02
9.294981079101562500e+02
4.800971069335937500e+02
7.365487060546875000e+02
5.497065429687500000e+02
7.234409790039062500e+02
8.609218139648437500e+02
8.241798095703125000e+02
5.937296142578125000e+02
7.796466064453125000e+02
7.888874511718750000e+02
9.834627685546875000e+02
8.374652709960937500e+02
6.303988037109375000e+02
7.783509521484375000e+02
5.345695800781250000e+02
7.639838867187500000e+02
8.286348876953125000e+02
5.516334228515625000e+02
1.159682739257812500e+03
8.281515502929687500e+02
9.043696289062500000e+02
5.745231323242187500e+02
8.516813964843750000e+02
7.786954956054687500e+02
7.912862548828125000e+02
8.414287109375000000e+02
4.721514892578125000e+02
8.870748901367187500e+02
9.744289550781250000e+02
7.969826660156250000e+02
6.880686645507812500e+02
6.886729125976562500e+02
7.179648437500000000e+02
9.318375244140625000e+02
7.967598876953125000e+02
7.826164550781250000e+02
7.107451171875000000e+02
7.748900756835937500e+02
8.521380615234375000e+02
8.126259765625000000e+02
8.052197265625000000e+02
8.366744995117187500e+02
7.657830810546875000e+02
7.005095825195312500e+02
7.789463500976562500e+02
7.419277343750000000e+02
8.238857421875000000e+02
7.958287963867187500e+02
9.829629516601562500e+02
9.003872680664062500e+02
7.113720092773437500e+02
8.828657226562500000e+02
8.695272827148437500e+02
7.674868774414062500e+02
8.360808715820312500e+02
5.654181518554687500e+02
7.690712280273437500e+02
9.675338134765625000e+02
7.593283691406250000e+02
8.094212646484375000e+02
9.030059814453125000e+02
7.712854003906250000e+02
8.421425781250000000e+02
4.098301391601562500e+02
6.510133056640625000e+02
7.255194091796875000e+02
8.421425170898437500e+02
7.404137573242187500e+02
7.492791748046875000e+02
8.055764160156250000e+02
8.198533325195312500e+02
9.387720336914062500e+02
9.014130249023437500e+02
9.052102661132812500e+02
6.770903320312500000e+02
6.395372314453125000e+02
8.318330078125000000e+02
7.629909667968750000e+02
6.598386840820312500e+02
6.935957031250000000e+02
7.115440673828125000e+02
6.043299560546875000e+02
6.986298828125000000e+02
7.489611816406250000e+02
5.517971801757812500e+02
9.220657958984375000e+02
7.800683593750000000e+02
7.334194946289062500e+02
9.989903564453125000e+02
7.806414794921875000e+02
5.623714599609375000e+02
6.429898681640625000e+02
8.856780395507812500e+02
6.180120849609375000e+02
9.073255004882812500e+02
6.210402221679687500e+02
7.540171508789062500e+02
7.397055053710937500e+02
6.059746704101562500e+02
9.478253784179687500e+02
6.738413085937500000e+02
6.079829101562500000e+02
7.667844238281250000e+02
9.349053955078125000e+02
7.892190551757812500e+02
7.348628540039062500e+02
1.002544433593750000e+03
7.462210083007812500e+02
9.413641967773437500e+02
8.893972778320312500e+02
7.053390502929687500e+02
7.033013916015625000e+02
8.488626098632812500e+02
7.546020507812500000e+02
9.607988281250000000e+02
9.619252929687500000e+02
7.684426879882812500e+02
9.625562133789062500e+02
7.112018432617187500e+02
6.119604492187500000e+02
7.571543579101562500e+02
6.536101074218750000e+02
8.191781005859375000e+02
9.039918823242187500e+02
6.956436767578125000e+02
8.710076904296875000e+02
6.897322387695312500e+02
7.325574340820312500e+02
5.836118774414062500e+02
9.094902954101562500e+02
1.026519287109375000e+03
7.510217895507812500e+02
8.269414062500000000e+02
7.623487548828125000e+02
7.135848388671875000e+02
8.307589721679687500e+02
6.857403564453125000e+02
8.321779174804687500e+02
9.448313598632812500e+02
6.779698486328125000e+02
7.781830444335937500e+02
5.910099487304687500e+02
8.021485595703125000e+02
7.008969726562500000e+02
7.915613403320312500e+02
5.886766967773437500e+02
8.053793945312500000e+02
5.938478393554687500e+02
7.657570800781250000e+02
8.546715087890625000e+02
6.038007812500000000e+02
8.774943237304687500e+02
6.969661254882812500e+02
7.983052978515625000e+02
6.360922241210937500e+02
7.377811279296875000e+02
1.028729736328125000e+03
8.111331787109375000e+02
7.020873413085937500e+02
7.692955932617187500e+02
9.052431640625000000e+02
7.126326904296875000e+02
7.793930053710937500e+02
7.906577148437500000e+02
8.688507080078125000e+02
8.698848876953125000e+02
7.459899902343750000e+02
6.093214721679687500e+02
7.787370605468750000e+02
9.241275024414062500e+02
8.859528808593750000e+02
8.443279418945312500e+02
8.017163696289062500e+02
7.820122070312500000e+02
7.786684570312500000e+02
7.672071533203125000e+02
5.567638549804687500e+02
6.825383300781250000e+02
6.168197631835937500e+02
6.551702270507812500e+02
6.654354248046875000e+02
6.673303833007812500e+02
8.526605224609375000e+02
6.485735473632812500e+02
8.540263061523437500e+02
8.024862670898437500e+02
7.139745483398437500e+02
8.748908691406250000e+02
8.110134277343750000e+02
7.072323608398437500e+02
7.037770996093750000e+02
8.589580078125000000e+02
8.243499755859375000e+02
8.178875122070312500e+02
8.790197753906250000e+02
6.665983886718750000e+02
7.715482177734375000e+02
7.792634887695312500e+02
5.979843750000000000e+02
7.643480224609375000e+02
7.541431274414062500e+02
6.860984497070312500e+02
9.073068847656250000e+02
7.826925659179687500e+02
8.615446777343750000e+02
6.537094116210937500e+02
6.109307250976562500e+02
7.946882934570312500e+02
7.961664428710937500e+02
6.395875854492187500e+02
9.521038818359375000e+02
7.636745605468750000e+02
9.811021118164062500e+02
5.241264038085937500e+02
7.856690063476562500e+02
8.008496704101562500e+02
8.748757934570312500e+02
6.215379028320312500e+02
7.343014526367187500e+02
8.287847900390625000e+02
8.429812011718750000e+02
5.511912231445312500e+02
5.686753540039062500e+02
6.897298583984375000e+02
7.849398193359375000e+02
8.885648193359375000e+02
7.391685180664062500e+02
7.603563842773437500e+02
7.035836181640625000e+02
9.803334960937500000e+02
9.054219360351562500e+02
8.318165283203125000e+02
7.738648071289062500e+02
5.432164306640625000e+02
7.684608764648437500e+02
8.490079956054687500e+02
7.945615234375000000e+02
8.361591796875000000e+02
8.104630737304687500e+02
5.042649230957031250e+02
8.910291748046875000e+02
7.097330932617187500e+02
7.024341430664062500e+02
5.755576782226562500e+02
6.789018554687500000e+02
9.601009521484375000e+02
7.316957397460937500e+02
8.608774414062500000e+02
7.484023437500000000e+02
9.203007812500000000e+02
7.874225463867187500e+02
8.909222412109375000e+02
7.069093017578125000e+02
7.144984741210937500e+02
1.027128295898437500e+03
8.534069824218750000e+02
9.387689819335937500e+02
7.680501098632812500e+02
7.569729003906250000e+02
7.965969848632812500e+02
8.094234619140625000e+02
8.147351074218750000e+02
6.348657836914062500e+02
7.834581298828125000e+02
5.867028198242187500e+02
7.615099487304687500e+02
6.268515014648437500e+02
7.428459472656250000e+02
8.256495361328125000e+02
9.827264404296875000e+02
9.446389160156250000e+02
6.270869750976562500e+02
6.594116821289062500e+02
5.788805541992187500e+02
7.646972045898437500e+02
8.110783081054687500e+02
9.166623535156250000e+02
5.568937377929687500e+02
6.723532104492187500e+02
8.134829711914062500e+02
6.750666503906250000e+02
7.092821655273437500e+02
7.965635375976562500e+02
8.051983642578125000e+02
8.094127807617187500e+02
7.570081176757812500e+02
8.351456298828125000e+02
1.031901489257812500e+03
8.053326416015625000e+02
5.432387084960937500e+02
7.921443481445312500e+02
6.195143432617187500e+02
9.238631591796875000e+02
8.202793579101562500e+02
8.042584838867187500e+02
7.405927734375000000e+02
9.471336059570312500e+02
6.595121459960937500e+02
6.711285400390625000e+02
8.887230224609375000e+02
8.482136840820312500e+02
9.028744506835937500e+02
9.369929199218750000e+02
8.053168945312500000e+02
8.092422485351562500e+02
7.303972778320312500e+02
5.826687622070312500e+02
6.718010864257812500e+02
8.993100585937500000e+02
5.979337768554687500e+02
6.999050292968750000e+02
7.528632202148437500e+02
9.073555908203125000e+02
9.071878662109375000e+02
6.624302978515625000e+02
7.877113037109375000e+02
9.287590332031250000e+02
8.668192749023437500e+02
5.953666381835937500e+02
8.452706909179687500e+02
1.034753906250000000e+03
7.886278686523437500e+02
6.766061401367187500e+02
7.759478149414062500e+02
8.617358398437500000e+02
8.316343994140625000e+02
7.848085937500000000e+02
8.271730957031250000e+02
8.419265747070312500e+02
6.598064575195312500e+02
6.234491577148437500e+02
8.032484741210937500e+02
8.351209716796875000e+02
5.914279174804687500e+02
7.868117065429687500e+02
7.769064331054687500e+02
8.919771118164062500e+02
5.999931030273437500e+02
5.904197998046875000e+02
6.826026611328125000e+02
7.955189208984375000e+02
8.435773925781250000e+02
8.989323730468750000e+02
7.788934326171875000e+02
8.453485107421875000e+02
8.699934692382812500e+02
9.047135009765625000e+02
8.486031494140625000e+02
8.163536987304687500e+02
8.461395874023437500e+02
8.498007812500000000e+02
6.747312011718750000e+02
6.964674072265625000e+02
8.549137573242187500e+02
7.900731811523437500e+02
8.020903320312500000e+02
8.612088623046875000e+02
7.739934082031250000e+02
6.385084838867187500e+02
7.118179931640625000e+02
7.446171264648437500e+02
8.256312866210937500e+02
6.438976440429687500e+02
9.600914916992187500e+02
5.855502319335937500e+02
7.366948852539062500e+02
8.365191040039062500e+02
7.881887207031250000e+02
6.790276489257812500e+02
8.452233886718750000e+02
6.004811401367187500e+02
6.404074096679687500e+02
6.721599731445312500e+02
7.571950073242187500e+02
8.086644897460937500e+02
6.498327026367187500e+02
5.140735473632812500e+02
8.691304321289062500e+02
7.363610839843750000e+02
8.038800048828125000e+02
6.156425170898437500e+02
5.231674194335937500e+02
8.847837524414062500e+02
5.535535888671875000e+02
7.592456054687500000e+02
7.899520263671875000e+02
8.430562133789062500e+02
8.096873779296875000e+02
7.158067016601562500e+02
8.495855102539062500e+02
7.971992187500000000e+02
6.523793945312500000e+02
8.170751342773437500e+02
7.284788208007812500e+02
5.717711181640625000e+02
9.675336914062500000e+02
8.220839233398437500e+02
5.573536987304687500e+02
6.416953125000000000e+02
8.215264892578125000e+02
7.615885009765625000e+02
8.438492431640625000e+02
5.929649047851562500e+02
6.960217285156250000e+02
8.106348876953125000e+02
7.153975219726562500e+02
5.310779418945312500e+02
8.452333374023437500e+02
7.311510620117187500e+02
6.930684204101562500e+02
8.524910888671875000e+02
6.773132324218750000e+02
7.051273193359375000e+02
7.243910522460937500e+02
8.118026733398437500e+02
7.392815551757812500e+02
7.969570922851562500e+02
7.039906616210937500e+02
7.937478637695312500e+02
1.008588928222656250e+03
5.401796264648437500e+02
6.162060546875000000e+02
7.912388916015625000e+02
6.674671020507812500e+02
7.387977905273437500e+02
6.307937011718750000e+02
4.607581481933593750e+02
7.833068237304687500e+02
8.936342163085937500e+02
9.303742675781250000e+02
8.829922485351562500e+02
8.958778686523437500e+02
5.839660644531250000e+02
8.424346923828125000e+02
9.572820434570312500e+02
8.497856445312500000e+02
8.743791503906250000e+02
8.315701904296875000e+02
6.886625366210937500e+02
6.498793945312500000e+02
6.118234863281250000e+02
7.958703613281250000e+02
7.513358154296875000e+02
6.929937133789062500e+02
6.542487182617187500e+02
8.248369750976562500e+02
7.019201049804687500e+02
6.607950439453125000e+02
7.945518798828125000e+02
8.596569213867187500e+02
7.330495605468750000e+02
7.796331787109375000e+02
7.705406494140625000e+02
9.052590332031250000e+02
7.764601440429687500e+02
6.776375732421875000e+02
5.152141723632812500e+02
8.859846191406250000e+02
7.279737548828125000e+02
6.730815429687500000e+02
7.963132934570312500e+02
6.081430053710937500e+02
7.541918334960937500e+02
9.067546997070312500e+02
8.136234130859375000e+02
6.455712280273437500e+02
6.656325073242187500e+02
7.781106567382812500e+02
7.030232543945312500e+02
8.106729125976562500e+02
7.889801025390625000e+02
8.519058227539062500e+02
1.033314086914062500e+03
7.399041137695312500e+02
8.925901489257812500e+02
7.606235351562500000e+02
9.662303466796875000e+02
7.896931152343750000e+02
9.802239379882812500e+02
7.414898071289062500e+02
7.449403076171875000e+02
5.122473144531250000e+02
6.109710693359375000e+02
7.819787597656250000e+02
7.695536499023437500e+02
8.847625732421875000e+02
9.290994873046875000e+02
8.056712646484375000e+02
8.156527099609375000e+02
6.379201049804687500e+02
7.499094238281250000e+02
9.536063232421875000e+02
1.044474853515625000e+03
6.943516845703125000e+02
6.445376586914062500e+02
8.391990966796875000e+02
8.511616821289062500e+02
6.795649414062500000e+02
7.752443847656250000e+02
8.092817993164062500e+02
7.213337402343750000e+02
9.392516479492187500e+02
6.813164062500000000e+02
8.408999023437500000e+02
5.529237060546875000e+02
8.270099487304687500e+02
6.834379272460937500e+02
9.560722045898437500e+02
8.467498168945312500e+02
7.488911743164062500e+02
8.476090087890625000e+02
7.098206787109375000e+02
9.622954101562500000e+02
6.747823486328125000e+02
7.184273681640625000e+02
7.412413330078125000e+02
7.359706420898437500e+02
6.251551513671875000e+02
7.385378417968750000e+02
6.556336669921875000e+02
8.090175170898437500e+02
7.133353271484375000e+02
8.177541503906250000e+02
8.815645141601562500e+02
8.366359863281250000e+02
7.150355224609375000e+02
9.803014526367187500e+02
7.390042114257812500e+02
9.323467407226562500e+02
7.991422119140625000e+02
6.198817138671875000e+02
7.781588134765625000e+02
8.364260864257812500e+02
7.379824829101562500e+02
7.379960937500000000e+02
7.694208374023437500e+02
7.354606323242187500e+02
9.353359985351562500e+02
6.133093872070312500e+02
5.512828979492187500e+02
5.446842651367187500e+02
7.631035156250000000e+02
7.217008056640625000e+02
8.464098510742187500e+02
5.044312744140625000e+02
6.257528686523437500e+02
7.260954589843750000e+02
7.046544189453125000e+02
9.330317993164062500e+02
7.661708374023437500e+02
6.624393310546875000e+02
8.225974731445312500e+02
6.633107299804687500e+02
7.985310058593750000e+02
7.446883544921875000e+02
6.575549926757812500e+02
7.242877807617187500e+02
8.792667236328125000e+02
9.274212646484375000e+02
7.368637084960937500e+02
5.108229064941406250e+02
7.996119384765625000e+02
7.730294189453125000e+02
6.748868408203125000e+02
7.200316772460937500e+02
6.671838989257812500e+02
7.742053833007812500e+02
6.016616821289062500e+02
7.230020141601562500e+02
8.220654296875000000e+02
7.431514282226562500e+02
6.486905517578125000e+02
7.217807617187500000e+02
8.983297729492187500e+02
7.181017456054687500e+02
7.959737548828125000e+02
8.569841308593750000e+02
9.012086181640625000e+02
9.329434204101562500e+02
8.634519653320312500e+02
6.695076904296875000e+02
6.959683837890625000e+02
9.277588500976562500e+02
8.874578247070312500e+02
8.725826416015625000e+02
6.120419311523437500e+02
6.691242065429687500e+02
8.971163940429687500e+02
9.491658935546875000e+02
6.543254394531250000e+02
7.146263427734375000e+02
7.993218994140625000e+02
6.296833496093750000e+02
6.129596557617187500e+02
9.239237060546875000e+02
7.481557617187500000e+02
7.830886840820312500e+02
7.141281127929687500e+02
7.600380249023437500e+02
8.232794799804687500e+02
8.755558471679687500e+02
7.653762817382812500e+02
6.084965820312500000e+02
7.996716308593750000e+02
7.960705566406250000e+02
7.334726562500000000e+02
6.731784057617187500e+02
5.521660156250000000e+02
6.721030273437500000e+02
7.438452758789062500e+02
7.222883911132812500e+02
7.503327026367187500e+02
7.145808105468750000e+02
9.055598144531250000e+02
9.991311645507812500e+02
5.517838134765625000e+02
7.693847045898437500e+02
9.277325439453125000e+02
8.614919433593750000e+02
7.362181396484375000e+02
7.866781005859375000e+02
9.389641113281250000e+02
7.270503540039062500e+02
7.731694946289062500e+02
5.660734252929687500e+02
8.137599487304687500e+02
8.206105957031250000e+02
6.624523315429687500e+02
8.755234985351562500e+02
6.033034057617187500e+02
7.360431518554687500e+02
6.625276489257812500e+02
8.193375854492187500e+02
6.330474853515625000e+02
5.363948364257812500e+02
8.366062622070312500e+02
9.997380371093750000e+02
8.069369506835937500e+02
7.765912475585937500e+02
7.469544677734375000e+02
5.328002319335937500e+02
6.802546386718750000e+02
7.582730102539062500e+02
8.804652709960937500e+02
6.843395385742187500e+02
6.069577636718750000e+02
7.046863403320312500e+02
8.522109375000000000e+02
7.055004272460937500e+02
8.218914794921875000e+02
8.501909179687500000e+02
7.718969116210937500e+02
8.518828125000000000e+02
6.734136352539062500e+02
8.057172851562500000e+02
7.245057983398437500e+02
7.439658813476562500e+02
7.148149414062500000e+02
7.865342407226562500e+02
8.911459350585937500e+02
7.366669311523437500e+02
8.745982055664062500e+02
8.038186035156250000e+02
8.265377197265625000e+02
5.187885742187500000e+02
7.398937377929687500e+02
5.805859985351562500e+02
9.829384765625000000e+02
8.305554809570312500e+02
8.847135009765625000e+02
7.783233032226562500e+02
7.319494018554687500e+02
9.323112182617187500e+02
6.585675659179687500e+02
6.925171508789062500e+02
6.034938354492187500e+02
8.389893188476562500e+02
5.145631713867187500e+02
8.624789428710937500e+02
8.255468750000000000e+02
7.751851196289062500e+02
7.227765502929687500e+02
7.927193603515625000e+02
9.150468139648437500e+02
8.573906860351562500e+02
8.448209228515625000e+02
6.154598388671875000e+02
7.542971801757812500e+02
8.187532958984375000e+02
7.222077636718750000e+02
7.977911987304687500e+02
7.358916625976562500e+02
6.719614257812500000e+02
7.367424316406250000e+02
8.154964599609375000e+02
5.803504638671875000e+02
6.927633056640625000e+02
5.622825927734375000e+02
9.126271972656250000e+02
9.901352539062500000e+02
7.556368408203125000e+02
7.906682128906250000e+02
6.871697387695312500e+02
7.932885131835937500e+02
7.060598144531250000e+02
8.416727294921875000e+02
1.028226928710937500e+03
7.175960083007812500e+02
6.165445556640625000e+02
6.969644775390625000e+02
8.200817260742187500e+02
7.317658691406250000e+02
7.012839965820312500e+02
6.719472045898437500e+02
8.848380737304687500e+02
7.565250244140625000e+02
7.504730224609375000e+02
6.622114257812500000e+02
7.769810791015625000e+02
7.664876708984375000e+02
6.797611083984375000e+02
5.202460937500000000e+02
8.633304443359375000e+02
5.961476440429687500e+02
9.313368530273437500e+02
8.039929809570312500e+02
8.964567871093750000e+02
6.548836059570312500e+02
7.577844238281250000e+02
8.469084472656250000e+02
7.549812011718750000e+02
8.484694213867187500e+02
8.343459472656250000e+02
7.745186157226562500e+02
6.630610961914062500e+02
6.364278564453125000e+02
7.485393066406250000e+02
5.415760498046875000e+02
6.225515136718750000e+02
8.077557373046875000e+02
7.298621215820312500e+02
7.873061523437500000e+02
6.817921142578125000e+02
9.780402221679687500e+02
6.411968383789062500e+02
6.857726440429687500e+02
5.642980346679687500e+02
6.661874389648437500e+02
6.909805297851562500e+02
6.354898681640625000e+02
7.932773437500000000e+02
7.407444458007812500e+02
7.489503784179687500e+02
1.041175537109375000e+03
9.505546875000000000e+02
8.813164672851562500e+02
8.534951782226562500e+02
7.704209594726562500e+02
6.701417236328125000e+02
1.007045471191406250e+03
7.220844116210937500e+02
9.071979370117187500e+02
7.996018676757812500e+02
7.319065551757812500e+02
6.453662109375000000e+02
8.845670166015625000e+02
1.030561279296875000e+03
5.865725097656250000e+02
8.748056030273437500e+02
6.389714965820312500e+02
8.511912841796875000e+02
8.525298461914062500e+02
6.302113647460937500e+02
9.210391845703125000e+02
7.105874633789062500e+02
6.421847534179687500e+02
7.754522094726562500e+02
6.520770874023437500e+02
1.018497863769531250e+03
9.491588134765625000e+02
7.857744750976562500e+02
7.578861083984375000e+02
6.128591308593750000e+02
6.669157104492187500e+02
8.783450927734375000e+02
9.323906250000000000e+02
8.617233276367187500e+02
7.788247070312500000e+02
6.615946044921875000e+02
9.468449707031250000e+02
7.281546020507812500e+02
8.174039306640625000e+02
8.569963989257812500e+02
6.439456176757812500e+02
6.176725463867187500e+02
9.419910278320312500e+02
7.747322998046875000e+02
6.693318481445312500e+02
8.281611938476562500e+02
6.736812133789062500e+02
6.035064697265625000e+02
6.270148315429687500e+02
9.344061889648437500e+02
5.893085327148437500e+02
8.613164062500000000e+02
8.117235717773437500e+02
6.022772827148437500e+02
7.217734985351562500e+02
8.703679199218750000e+02
8.071098022460937500e+02
6.446315917968750000e+02
6.020567016601562500e+02
7.688289184570312500e+02
7.891859741210937500e+02
8.046305541992187500e+02
7.213064575195312500e+02
8.163924560546875000e+02
9.332589111328125000e+02
4.528115539550781250e+02
7.560702514648437500e+02
9.019611206054687500e+02
8.342864379882812500e+02
7.374411010742187500e+02
8.577395019531250000e+02
6.048556518554687500e+02
7.083391113281250000e+02
7.591777343750000000e+02
9.599345703125000000e+02
7.733010253906250000e+02
7.207963867187500000e+02
7.051122436523437500e+02
7.080258178710937500e+02
8.612265625000000000e+02
9.786703491210937500e+02
8.432277221679687500e+02
1.024229370117187500e+03
7.708862915039062500e+02
8.182933959960937500e+02
7.644387817382812500e+02
9.084168701171875000e+02
8.603088989257812500e+02
9.648306274414062500e+02
7.300042114257812500e+02
6.283100585937500000e+02
8.974897460937500000e+02
8.251926269531250000e+02
6.972377929687500000e+02
7.534374389648437500e+02
8.391891479492187500e+02
7.465196533203125000e+02
6.729273681640625000e+02
6.725279541015625000e+02
7.546489257812500000e+02
9.136843872070312500e+02
5.969009399414062500e+02
8.413894653320312500e+02
5.706640625000000000e+02
6.791231689453125000e+02
6.867213134765625000e+02
6.427514038085937500e+02
7.562680053710937500e+02
8.392405395507812500e+02
5.343325195312500000e+02
6.306430664062500000e+02
6.055704345703125000e+02
7.749697875976562500e+02
7.057346801757812500e+02
7.810657958984375000e+02
8.285645141601562500e+02
6.989403076171875000e+02
5.825645751953125000e+02
7.936664428710937500e+02
8.971174316406250000e+02
6.890828857421875000e+02
7.012289428710937500e+02
7.511322631835937500e+02
6.326378784179687500e+02
6.707172851562500000e+02
7.552878417968750000e+02
8.996558837890625000e+02
7.905333251953125000e+02
8.107761840820312500e+02
7.963856811523437500e+02
8.025016479492187500e+02
8.944826660156250000e+02
7.562673339843750000e+02
6.067137451171875000e+02
9.826572265625000000e+02
9.001995849609375000e+02
9.033551635742187500e+02
7.992223510742187500e+02
8.386063842773437500e+02
5.106437072753906250e+02
7.053958129882812500e+02
9.544940795898437500e+02
6.534718627929687500e+02
7.641317749023437500e+02
7.572368164062500000e+02
8.213455810546875000e+02
8.086215209960937500e+02
8.262136230468750000e+02
6.706038818359375000e+02
1.091635864257812500e+03
6.902412719726562500e+02
7.489240112304687500e+02
7.400892333984375000e+02
8.639982910156250000e+02
6.032354736328125000e+02
1.022269897460937500e+03
6.799402465820312500e+02
7.874642333984375000e+02
6.540294189453125000e+02
8.364939575195312500e+02
8.369963378906250000e+02
7.048299560546875000e+02
7.427074584960937500e+02
6.029847412109375000e+02
7.707575073242187500e+02
7.163312988281250000e+02
8.373743286132812500e+02
6.564592285156250000e+02
6.696708374023437500e+02
7.985561523437500000e+02
7.989063720703125000e+02
8.227319335937500000e+02
7.446924438476562500e+02
7.551345825195312500e+02
8.404554443359375000e+02
7.740363159179687500e+02
7.721610717773437500e+02
9.095646972656250000e+02
6.974369506835937500e+02
6.538562011718750000e+02
7.285194702148437500e+02
6.365571899414062500e+02
8.381879272460937500e+02
7.719893188476562500e+02
1.038632202148437500e+03
8.398666381835937500e+02
8.522975463867187500e+02
7.932110595703125000e+02
6.122728881835937500e+02
1.049910278320312500e+03
7.378909912109375000e+02
7.072627563476562500e+02
7.412342529296875000e+02
8.598099975585937500e+02
7.479698486328125000e+02
8.902654418945312500e+02
7.398405761718750000e+02
5.089296569824218750e+02
5.317398071289062500e+02
7.080075683593750000e+02
7.172886352539062500e+02
8.975425415039062500e+02
7.941644287109375000e+02
7.547677001953125000e+02
8.432948608398437500e+02
6.608256225585937500e+02
9.328837280273437500e+02
7.876283569335937500e+02
6.151052246093750000e+02
8.485678100585937500e+02
5.933056640625000000e+02
7.815644531250000000e+02
8.417935180664062500e+02
7.649550170898437500e+02
8.454731445312500000e+02
8.654607543945312500e+02
7.946732177734375000e+02
9.894030761718750000e+02
7.635765380859375000e+02
8.649083251953125000e+02
7.310493774414062500e+02
6.827681274414062500e+02
7.379013671875000000e+02
5.154559326171875000e+02
7.808677368164062500e+02
7.227579345703125000e+02
9.066611938476562500e+02
7.598405761718750000e+02
5.385172729492187500e+02
7.925463867187500000e+02
8.508726806640625000e+02
8.394025878906250000e+02
8.083461914062500000e+02
8.084663085937500000e+02
8.182059936523437500e+02
7.876458129882812500e+02
6.664729614257812500e+02
8.868115234375000000e+02
9.087106933593750000e+02
7.233391723632812500e+02
6.701856079101562500e+02
5.912281494140625000e+02
7.928872680664062500e+02
7.167085571289062500e+02
7.874227905273437500e+02
6.431538696289062500e+02
8.471191406250000000e+02
6.022293090820312500e+02
7.593865966796875000e+02
7.019833984375000000e+02
7.498016967773437500e+02
8.273359985351562500e+02
8.718654174804687500e+02
7.996467895507812500e+02
7.458182373046875000e+02
4.866979370117187500e+02
6.855446166992187500e+02
6.096846923828125000e+02
6.199606323242187500e+02
6.668431396484375000e+02
8.942463378906250000e+02
7.568330688476562500e+02
7.290885009765625000e+02
8.396580200195312500e+02
8.251853027343750000e+02
6.166743164062500000e+02
6.462987670898437500e+02
9.020489501953125000e+02
6.487888183593750000e+02
5.344320678710937500e+02
7.998103637695312500e+02
6.740448608398437500e+02
6.682473754882812500e+02
9.423074340820312500e+02
8.232432250976562500e+02
8.486889648437500000e+02
8.639360961914062500e+02
8.148719482421875000e+02
8.103847656250000000e+02
7.313330688476562500e+02
8.552056884765625000e+02
8.049292602539062500e+02
8.905139770507812500e+02
7.971746826171875000e+02
8.652201538085937500e+02
9.035579223632812500e+02
5.474515380859375000e+02
6.265841674804687500e+02
5.379978027343750000e+02
6.655148925781250000e+02
7.577879638671875000e+02
7.776527709960937500e+02
5.108525695800781250e+02
6.699926147460937500e+02
7.056015014648437500e+02
7.875948486328125000e+02
6.548816528320312500e+02
7.913950805664062500e+02
8.318113403320312500e+02
5.649369506835937500e+02
6.210173950195312500e+02
8.009644165039062500e+02
7.054990844726562500e+02
5.003605346679687500e+02
7.955665893554687500e+02
7.611033325195312500e+02
7.220850830078125000e+02
9.056943359375000000e+02
7.672331542968750000e+02
8.572340698242187500e+02
6.451243896484375000e+02
8.863836059570312500e+02
8.244852905273437500e+02
8.263851928710937500e+02
6.253654785156250000e+02
7.556089477539062500e+02
8.772085571289062500e+02
9.055789794921875000e+02
9.004072265625000000e+02
7.908653564453125000e+02
8.970200195312500000e+02
8.833374023437500000e+02
6.955202026367187500e+02
9.019382324218750000e+02
8.052330932617187500e+02
8.641030273437500000e+02
9.011765747070312500e+02
7.025718994140625000e+02
7.379064331054687500e+02
8.276931152343750000e+02
8.494877319335937500e+02
8.773209228515625000e+02
8.459328613281250000e+02
8.518662109375000000e+02
9.128679199218750000e+02
9.530983886718750000e+02
9.455020751953125000e+02
9.782188720703125000e+02
6.651709594726562500e+02
8.477279663085937500e+02
9.809841308593750000e+02
6.874105224609375000e+02
7.646126708984375000e+02
7.058482055664062500e+02
7.580505981445312500e+02
6.707339477539062500e+02
7.709514770507812500e+02
8.850737915039062500e+02
8.525944213867187500e+02
8.248312988281250000e+02
6.060170898437500000e+02
5.866084594726562500e+02
8.555609130859375000e+02
7.320560302734375000e+02
7.702017822265625000e+02
9.249714965820312500e+02
7.842943725585937500e+02
8.052214355468750000e+02
6.080848999023437500e+02
7.592980957031250000e+02
8.712323608398437500e+02
7.106455078125000000e+02
9.628135986328125000e+02
5.927990112304687500e+02
6.654108276367187500e+02
8.015291137695312500e+02
7.278969726562500000e+02
7.108499755859375000e+02
6.343219604492187500e+02
5.637746582031250000e+02
7.663533935546875000e+02
9.678532714843750000e+02
7.218961181640625000e+02
7.201983032226562500e+02
7.886281738281250000e+02
6.651401367187500000e+02
6.854945068359375000e+02
5.649347534179687500e+02
9.430324707031250000e+02
9.312120971679687500e+02
7.543483886718750000e+02
9.001735839843750000e+02
5.098728942871093750e+02
7.924943847656250000e+02
6.855991821289062500e+02
6.578217163085937500e+02
6.446740722656250000e+02
7.671096801757812500e+02
6.072268676757812500e+02
8.983772583007812500e+02
8.357059326171875000e+02
6.907077636718750000e+02
9.279163208007812500e+02
8.473003540039062500e+02
7.375269775390625000e+02
7.617936401367187500e+02
6.852529296875000000e+02
6.558618164062500000e+02
8.575399780273437500e+02
6.500435180664062500e+02
7.139954833984375000e+02
7.697208862304687500e+02
6.902777709960937500e+02
7.783759765625000000e+02
7.714918823242187500e+02
1.045061157226562500e+03
7.277333984375000000e+02
8.546138916015625000e+02
9.254251098632812500e+02
6.481304931640625000e+02
5.484522094726562500e+02
7.437543945312500000e+02
6.944506225585937500e+02
8.954667968750000000e+02
6.595798950195312500e+02
7.305818481445312500e+02
7.476138305664062500e+02
9.116540527343750000e+02
9.012570190429687500e+02
7.820606079101562500e+02
6.892482299804687500e+02
6.683886108398437500e+02
7.781582641601562500e+02
6.616536254882812500e+02
8.954082641601562500e+02
6.693342285156250000e+02
6.795803222656250000e+02
7.726972045898437500e+02
7.334402465820312500e+02
8.887600097656250000e+02
8.233132934570312500e+02
8.891950683593750000e+02
6.473575439453125000e+02
7.501732788085937500e+02
6.830650634765625000e+02
9.492983398437500000e+02
7.963303222656250000e+02
6.963386230468750000e+02
9.065054321289062500e+02
1.015926452636718750e+03
8.040667114257812500e+02
8.101525878906250000e+02
7.298203735351562500e+02
5.597661743164062500e+02
8.103846435546875000e+02
8.543887939453125000e+02
7.001751098632812500e+02
7.866655273437500000e+02
7.684971313476562500e+02
6.853581542968750000e+02
9.378516845703125000e+02
7.296442871093750000e+02
7.576743774414062500e+02
7.455818481445312500e+02
6.900066528320312500e+02
8.213212280273437500e+02
8.308736572265625000e+02
6.964434814453125000e+02
6.413986206054687500e+02
6.363953857421875000e+02
6.503050537109375000e+02
7.585274047851562500e+02
6.584656372070312500e+02
8.138777465820312500e+02
7.447669067382812500e+02
6.890297851562500000e+02
7.810603637695312500e+02
6.586132812500000000e+02
7.277192382812500000e+02
7.864697875976562500e+02
7.267312011718750000e+02
5.767753295898437500e+02
6.837249145507812500e+02
7.489556884765625000e+02
7.884337768554687500e+02
9.478799438476562500e+02
7.496524658203125000e+02
7.900114746093750000e+02
8.248295898437500000e+02
9.847580566406250000e+02
6.688590087890625000e+02
7.529436645507812500e+02
6.388898925781250000e+02
9.333649291992187500e+02
8.921736450195312500e+02
7.734916381835937500e+02
8.635487670898437500e+02
7.674895019531250000e+02
9.087357788085937500e+02
8.003651733398437500e+02
6.916551513671875000e+02
6.887817382812500000e+02
7.084152221679687500e+02
6.965523071289062500e+02
7.000858154296875000e+02
6.690020141601562500e+02
8.046327514648437500e+02
8.593963012695312500e+02
8.436923828125000000e+02
6.544536132812500000e+02
6.253978271484375000e+02
7.183110961914062500e+02
8.783051757812500000e+02
8.100954589843750000e+02
7.261623535156250000e+02
8.316530761718750000e+02
6.965848388671875000e+02
6.922601928710937500e+02
7.011401977539062500e+02
8.051456909179687500e+02
6.489650878906250000e+02
7.759434204101562500e+02
7.719448852539062500e+02
8.137460937500000000e+02
7.170660400390625000e+02
7.871956787109375000e+02
7.889277954101562500e+02
8.107666625976562500e+02
7.627433471679687500e+02
7.059263305664062500e+02
7.481785888671875000e+02
7.268670654296875000e+02
7.127020874023437500e+02
6.358530273437500000e+02
6.757254028320312500e+02
8.918439331054687500e+02
6.026292114257812500e+02
7.896104125976562500e+02
8.227822265625000000e+02
6.262405395507812500e+02
7.415985717773437500e+02
7.675019531250000000e+02
7.181823120117187500e+02
8.624642333984375000e+02
9.957334594726562500e+02
7.325406494140625000e+02
6.724230957031250000e+02
7.617351684570312500e+02
7.906327514648437500e+02
8.697397460937500000e+02
8.127715454101562500e+02
5.876100463867187500e+02
6.988605957031250000e+02
7.327661132812500000e+02
8.404459838867187500e+02
9.622468261718750000e+02
9.196477661132812500e+02
7.519847412109375000e+02
8.210131835937500000e+02
6.799359741210937500e+02
8.698901977539062500e+02
6.184279785156250000e+02
9.343573608398437500e+02
7.629230957031250000e+02
8.527451782226562500e+02
7.224125976562500000e+02
7.036685791015625000e+02
8.300635375976562500e+02
7.466138916015625000e+02
8.601653442382812500e+02
8.565399169921875000e+02
8.657957153320312500e+02
4.901930541992187500e+02
6.415046997070312500e+02
8.006050415039062500e+02
7.762843627929687500e+02
9.451930541992187500e+02
5.984013671875000000e+02
7.345816040039062500e+02
9.925540771484375000e+02
8.688491210937500000e+02
8.482630615234375000e+02
8.581743774414062500e+02
7.731848754882812500e+02
6.412440795898437500e+02
6.640403442382812500e+02
8.485702514648437500e+02
7.858769531250000000e+02
7.028992919921875000e+02
6.762380981445312500e+02
8.909772949218750000e+02
6.039262084960937500e+02
1.018755310058593750e+03
7.136134033203125000e+02
7.437801513671875000e+02
9.077327270507812500e+02
7.064080200195312500e+02
8.887937622070312500e+02
6.441807250976562500e+02
6.443460693359375000e+02
7.392379760742187500e+02
8.679250488281250000e+02
5.812682495117187500e+02
9.217980957031250000e+02
9.844121093750000000e+02
7.533812866210937500e+02
5.691194458007812500e+02
8.024975585937500000e+02
7.356638183593750000e+02
7.099191284179687500e+02
7.102799682617187500e+02
8.303615112304687500e+02
1.017480529785156250e+03
9.086467285156250000e+02
8.155273437500000000e+02
8.194698486328125000e+02
6.963453979492187500e+02
8.619746704101562500e+02
5.740728149414062500e+02
6.434621582031250000e+02
7.573064575195312500e+02
7.827508544921875000e+02
7.418533935546875000e+02
7.000216674804687500e+02
7.313218994140625000e+02
8.622126464843750000e+02
8.044129638671875000e+02
7.172606811523437500e+02
7.014335327148437500e+02
8.729155273437500000e+02
9.036160278320312500e+02
8.035036010742187500e+02
6.944258422851562500e+02
8.344115600585937500e+02
7.907621459960937500e+02
7.397391967773437500e+02
7.695534057617187500e+02
6.916987304687500000e+02
5.133773193359375000e+02
5.747687988281250000e+02
6.279718017578125000e+02
8.348645019531250000e+02
8.973344726562500000e+02
7.327057495117187500e+02
8.791504516601562500e+02
7.407570190429687500e+02
8.697910156250000000e+02
8.711287231445312500e+02
7.051534423828125000e+02
6.588266601562500000e+02
6.586192016601562500e+02
8.106661376953125000e+02
5.423906250000000000e+02
8.076402587890625000e+02
7.163759155273437500e+02
7.000748291015625000e+02
9.951943359375000000e+02
6.679055786132812500e+02
6.761044921875000000e+02
7.431818237304687500e+02
7.067946777343750000e+02
8.728364257812500000e+02
7.253782348632812500e+02
8.037301635742187500e+02
6.255950927734375000e+02
6.671926269531250000e+02
7.371510620117187500e+02
7.250803833007812500e+02
7.182389526367187500e+02
8.396899414062500000e+02
5.713276977539062500e+02
7.206824340820312500e+02
8.213615112304687500e+02
7.195289306640625000e+02
6.423855590820312500e+02
8.598254394531250000e+02
8.017078247070312500e+02
7.208878173828125000e+02
7.543146972656250000e+02
6.880070190429687500e+02
6.203545532226562500e+02
7.853838500976562500e+02
6.706564331054687500e+02
6.840294189453125000e+02
8.067213134765625000e+02
7.115755615234375000e+02
8.333558959960937500e+02
7.261724853515625000e+02
6.491683959960937500e+02
7.619112548828125000e+02
7.903056640625000000e+02
7.818040161132812500e+02
5.705886230468750000e+02
7.515962524414062500e+02
9.218906250000000000e+02
7.452672119140625000e+02
6.751935424804687500e+02
6.124760131835937500e+02
9.094737548828125000e+02
7.886382446289062500e+02
8.605625000000000000e+02
7.183427124023437500e+02
6.515663452148437500e+02
7.092697753906250000e+02
6.535032958984375000e+02
7.339631347656250000e+02
6.845162963867187500e+02
6.520184936523437500e+02
7.839165039062500000e+02
9.337515869140625000e+02
7.786603393554687500e+02
8.414970092773437500e+02
8.050460205078125000e+02
9.885963745117187500e+02
8.380501708984375000e+02
7.357520141601562500e+02
9.894419555664062500e+02
9.002674560546875000e+02
7.295842895507812500e+02
9.913045043945312500e+02
7.497964477539062500e+02
6.572825317382812500e+02
6.742929687500000000e+02
7.057886962890625000e+02
1.052707885742187500e+03
7.430241699218750000e+02
6.798992919921875000e+02
7.405715942382812500e+02
6.340755615234375000e+02
9.033078002929687500e+02
5.438272705078125000e+02
7.286573486328125000e+02
7.670404663085937500e+02
7.535657958984375000e+02
7.473632812500000000e+02
9.782647094726562500e+02
7.670112304687500000e+02
8.337750854492187500e+02
6.480108032226562500e+02
7.894555664062500000e+02
5.845784301757812500e+02
8.789006347656250000e+02
5.617323608398437500e+02
8.198627319335937500e+02
7.736336059570312500e+02
7.627439575195312500e+02
7.662709350585937500e+02
6.366698608398437500e+02
8.810474243164062500e+02
9.468636474609375000e+02
6.865935058593750000e+02
7.194533081054687500e+02
7.031564941406250000e+02
6.889074096679687500e+02
6.950593872070312500e+02
9.289769897460937500e+02
8.511971435546875000e+02
8.466777954101562500e+02
1.001001464843750000e+03
7.660480957031250000e+02
6.691359863281250000e+02
7.572736206054687500e+02
8.073429565429687500e+02
7.138437500000000000e+02
5.263959350585937500e+02
9.083579101562500000e+02
1.015215881347656250e+03
1.012596923828125000e+03
8.215751342773437500e+02
5.715535888671875000e+02
1.017179687500000000e+03
9.047786865234375000e+02
9.107656860351562500e+02
7.933999633789062500e+02
7.701632080078125000e+02
7.274644165039062500e+02
7.089177246093750000e+02
7.020104980468750000e+02
8.421079101562500000e+02
7.713551635742187500e+02
7.597910156250000000e+02
6.910193481445312500e+02
7.192885131835937500e+02
7.948665161132812500e+02
5.796108398437500000e+02
9.161898803710937500e+02
5.904959716796875000e+02
7.424907836914062500e+02
9.021259765625000000e+02
9.275063476562500000e+02
7.593292846679687500e+02
8.378562011718750000e+02
7.791466674804687500e+02
7.634977416992187500e+02
5.206665039062500000e+02
7.184926757812500000e+02
6.917657470703125000e+02
6.453914184570312500e+02
8.106108398437500000e+02
6.620745849609375000e+02
7.290385131835937500e+02
8.473429565429687500e+02
6.264257202148437500e+02
7.004335327148437500e+02
6.402900390625000000e+02
6.852725219726562500e+02
8.617536621093750000e+02
8.317756347656250000e+02
8.440464477539062500e+02
8.607973022460937500e+02
8.209201660156250000e+02
7.672428588867187500e+02
7.754124755859375000e+02
8.207509155273437500e+02
8.866369628906250000e+02
8.209921875000000000e+02
7.542345581054687500e+02
8.095401611328125000e+02
7.385343627929687500e+02
6.828736572265625000e+02
1.018528503417968750e+03
9.621456909179687500e+02
1.068382324218750000e+03
5.857607421875000000e+02
5.342952270507812500e+02
9.357084350585937500e+02
8.725923461914062500e+02
8.071801757812500000e+02
7.004691162109375000e+02
8.756820678710937500e+02
8.026716918945312500e+02
7.263945922851562500e+02
7.663469238281250000e+02
8.537092285156250000e+02
8.227111816406250000e+02
5.812003173828125000e+02
8.180302734375000000e+02
7.331414184570312500e+02
8.491606445312500000e+02
9.516911010742187500e+02
6.912484130859375000e+02
7.255276489257812500e+02
8.164154663085937500e+02
9.413732299804687500e+02
7.449566650390625000e+02
6.034334716796875000e+02
5.251181640625000000e+02
9.425008544921875000e+02
7.783221435546875000e+02
8.285914916992187500e+02
7.471444091796875000e+02
7.374130249023437500e+02
5.905595703125000000e+02
7.835007324218750000e+02
9.439141845703125000e+02
8.007681884765625000e+02
8.078691406250000000e+02
7.756428833007812500e+02
6.835018920898437500e+02
8.450864868164062500e+02
8.390430297851562500e+02
7.808786621093750000e+02
7.514244995117187500e+02
7.703822631835937500e+02
7.528463745117187500e+02
8.004873657226562500e+02
7.279301757812500000e+02
7.086691894531250000e+02
8.775836791992187500e+02
1.048842285156250000e+03
6.237127685546875000e+02
8.182052612304687500e+02
6.317751464843750000e+02
7.538971557617187500e+02
9.132216796875000000e+02
7.629700317382812500e+02
7.069192504882812500e+02
5.099745178222656250e+02
7.001185913085937500e+02
6.077509765625000000e+02
6.690700683593750000e+02
9.213118286132812500e+02
6.816330566406250000e+02
7.462288818359375000e+02
7.144058227539062500e+02
6.524909057617187500e+02
7.359750976562500000e+02
8.886410522460937500e+02
7.285639648437500000e+02
9.031931152343750000e+02
7.452396240234375000e+02
9.168829345703125000e+02
7.085340576171875000e+02
8.323169555664062500e+02
7.053638916015625000e+02
7.674869384765625000e+02
7.819815673828125000e+02
8.214505615234375000e+02
7.231483764648437500e+02
7.493358764648437500e+02
8.235150756835937500e+02
9.436154174804687500e+02
7.460169067382812500e+02
8.409550170898437500e+02
7.630272827148437500e+02
7.655206909179687500e+02
6.421643676757812500e+02
7.224682006835937500e+02
7.515602416992187500e+02
6.783788452148437500e+02
8.104287109375000000e+02
6.673463134765625000e+02
7.854075927734375000e+02
8.524935302734375000e+02
8.716566772460937500e+02
6.227009277343750000e+02
8.859739379882812500e+02
7.431928710937500000e+02
5.943959960937500000e+02
6.995856933593750000e+02
7.947443237304687500e+02
5.712620849609375000e+02
7.499361572265625000e+02
7.456347656250000000e+02
8.885139770507812500e+02
6.412468872070312500e+02
7.999613037109375000e+02
7.169111328125000000e+02
7.236132812500000000e+02
6.978969726562500000e+02
6.123115844726562500e+02
8.324495849609375000e+02
8.336213989257812500e+02
7.703659667968750000e+02
8.711096191406250000e+02
7.535242919921875000e+02
6.424384155273437500e+02
7.772933349609375000e+02
7.254649047851562500e+02
8.526030273437500000e+02
6.070949096679687500e+02
5.836272583007812500e+02
7.342925415039062500e+02
7.217307128906250000e+02
9.177978515625000000e+02
9.400092163085937500e+02
8.171476440429687500e+02
6.666172485351562500e+02
6.457941894531250000e+02
7.702960815429687500e+02
6.648316040039062500e+02
8.994185791015625000e+02
7.433399047851562500e+02
6.915415649414062500e+02
5.723192138671875000e+02
7.993184814453125000e+02
8.069276733398437500e+02
7.206068115234375000e+02
7.402496337890625000e+02
7.057723388671875000e+02
6.105098266601562500e+02
7.776838378906250000e+02
7.098659667968750000e+02
7.169954833984375000e+02
7.464484863281250000e+02
8.416614990234375000e+02
8.404517822265625000e+02
7.647915649414062500e+02
6.994349365234375000e+02
9.337171630859375000e+02
7.821872558593750000e+02
8.152684936523437500e+02
6.728308105468750000e+02
5.010310668945312500e+02
8.636611328125000000e+02
8.433244018554687500e+02
8.735884399414062500e+02
6.926299438476562500e+02
6.769858398437500000e+02
7.203555297851562500e+02
9.304918212890625000e+02
8.208389282226562500e+02
7.207936401367187500e+02
7.094516601562500000e+02
6.627152709960937500e+02
7.595006103515625000e+02
6.577573242187500000e+02
9.305766601562500000e+02
7.731198120117187500e+02
7.513009033203125000e+02
7.803013305664062500e+02
7.842215576171875000e+02
7.562928466796875000e+02
6.948526611328125000e+02
8.094879760742187500e+02
7.459866333007812500e+02
7.671538696289062500e+02
5.716478271484375000e+02
6.628494873046875000e+02
7.572497558593750000e+02
8.444600219726562500e+02
7.989420166015625000e+02
6.310710449218750000e+02
7.207124633789062500e+02
6.702813110351562500e+02
8.026950683593750000e+02
5.906124267578125000e+02
6.321358032226562500e+02
6.293363647460937500e+02
8.077075195312500000e+02
7.604928588867187500e+02
8.475762939453125000e+02
6.060198974609375000e+02
8.548228759765625000e+02
8.038203125000000000e+02
6.407528076171875000e+02
8.891533813476562500e+02
8.291574096679687500e+02
6.876654052734375000e+02
5.237231445312500000e+02
8.503524780273437500e+02
7.385068359375000000e+02
7.748759765625000000e+02
6.192889404296875000e+02
9.161204833984375000e+02
7.294990234375000000e+02
6.779511108398437500e+02
7.097117919921875000e+02
8.152138671875000000e+02
7.832720947265625000e+02
8.283178710937500000e+02
7.619702148437500000e+02
6.500821533203125000e+02
6.502447509765625000e+02
7.382755126953125000e+02
6.872821655273437500e+02
8.102697753906250000e+02
7.774001464843750000e+02
8.812958374023437500e+02
8.636253662109375000e+02
8.501900024414062500e+02
7.120668945312500000e+02
1.031393432617187500e+03
8.343052978515625000e+02
7.286902465820312500e+02
6.345420532226562500e+02
8.130191650390625000e+02
8.523565673828125000e+02
6.082962036132812500e+02
6.139738159179687500e+02
7.933516845703125000e+02
7.416798095703125000e+02
7.931151123046875000e+02
8.070470581054687500e+02
7.485560913085937500e+02
6.911655883789062500e+02
5.733507080078125000e+02
6.618120727539062500e+02
5.141397094726562500e+02
6.987001342773437500e+02
8.145314941406250000e+02
7.295099487304687500e+02
8.925407104492187500e+02
5.815037231445312500e+02
7.368457641601562500e+02
5.491754150390625000e+02
7.276399536132812500e+02
5.795924072265625000e+02
8.803217163085937500e+02
8.051261596679687500e+02
6.601558837890625000e+02
8.471910400390625000e+02
7.404240112304687500e+02
7.832659301757812500e+02
5.015701599121093750e+02
8.419163208007812500e+02
8.472174072265625000e+02
9.596878662109375000e+02
8.415902099609375000e+02
9.009668579101562500e+02
6.105061645507812500e+02
8.848401489257812500e+02
8.080669555664062500e+02
8.026994018554687500e+02
8.534494628906250000e+02
5.514168701171875000e+02
7.504596557617187500e+02
9.084363403320312500e+02
8.097946777343750000e+02
6.641995239257812500e+02
6.753782348632812500e+02
6.986739501953125000e+02
8.464472045898437500e+02
7.297680053710937500e+02
8.524705810546875000e+02
7.825669555664062500e+02
6.937014770507812500e+02
7.736382446289062500e+02
7.681975708007812500e+02
6.554682006835937500e+02
8.886328125000000000e+02
7.730026855468750000e+02
9.646293945312500000e+02
7.547026367187500000e+02
7.503269042968750000e+02
7.789213867187500000e+02
9.823049926757812500e+02
7.099214477539062500e+02
8.969646606445312500e+02
8.850678710937500000e+02
7.422085571289062500e+02
8.110506591796875000e+02
8.400561523437500000e+02
6.865343017578125000e+02
9.499149169921875000e+02
6.802081298828125000e+02
7.505421142578125000e+02
6.977875976562500000e+02
7.290182495117187500e+02
8.537276000976562500e+02
8.268775024414062500e+02
8.604110717773437500e+02
7.250567626953125000e+02
9.199548339843750000e+02
9.981998901367187500e+02
6.700531005859375000e+02
7.406987915039062500e+02
8.520852050781250000e+02
8.700838012695312500e+02
6.691618652343750000e+02
8.677616577148437500e+02
7.442235717773437500e+02
7.709049072265625000e+02
9.535009155273437500e+02
9.735708007812500000e+02
7.539208984375000000e+02
7.648202514648437500e+02
6.339161987304687500e+02
7.261627807617187500e+02
6.543293457031250000e+02
6.581828613281250000e+02
6.204439697265625000e+02
6.818832397460937500e+02
9.149421386718750000e+02
7.387788696289062500e+02
8.177636718750000000e+02
8.857333374023437500e+02
7.879849243164062500e+02
7.788485107421875000e+02
8.771104125976562500e+02
7.580067749023437500e+02
5.012290954589843750e+02
8.497340698242187500e+02
8.902329711914062500e+02
6.800974121093750000e+02
7.861878662109375000e+02
8.147158813476562500e+02
7.257321166992187500e+02
6.090580444335937500e+02
6.505265502929687500e+02
8.239638061523437500e+02
6.275317382812500000e+02
7.626914672851562500e+02
6.804595947265625000e+02
7.521835937500000000e+02
7.456721801757812500e+02
7.951745605468750000e+02
9.009129028320312500e+02
7.541233520507812500e+02
7.209215087890625000e+02
7.630874633789062500e+02
6.605438232421875000e+02
6.777382812500000000e+02
9.625473022460937500e+02
8.294613647460937500e+02
7.221987915039062500e+02
9.378927001953125000e+02
7.963579711914062500e+02
8.346531982421875000e+02
7.127287597656250000e+02
6.990848999023437500e+02
5.672716064453125000e+02
4.565282287597656250e+02
8.950859375000000000e+02
5.516181030273437500e+02
8.292376098632812500e+02
8.159339599609375000e+02
7.692076416015625000e+02
6.993741455078125000e+02
8.505490722656250000e+02
8.243392944335937500e+02
6.566771850585937500e+02
8.166210937500000000e+02
7.749962768554687500e+02
5.625431518554687500e+02
8.451062622070312500e+02
7.221838989257812500e+02
8.779376220703125000e+02
6.602789916992187500e+02
6.985380859375000000e+02
6.054092407226562500e+02
8.724939575195312500e+02
8.121768798828125000e+02
7.788375854492187500e+02
7.390446777343750000e+02
7.990205078125000000e+02
8.096414794921875000e+02
6.816104125976562500e+02
8.656943969726562500e+02
6.485860595703125000e+02
6.258750000000000000e+02
8.118297729492187500e+02
7.092308959960937500e+02
9.742724609375000000e+02
8.319954223632812500e+02
7.748513793945312500e+02
6.196107177734375000e+02
6.926401367187500000e+02
7.385609741210937500e+02
7.288529663085937500e+02
6.576779785156250000e+02
7.991204833984375000e+02
8.133366699218750000e+02
9.894616699218750000e+02
6.849907226562500000e+02
7.916484985351562500e+02
8.445571899414062500e+02
8.067977294921875000e+02
6.930733032226562500e+02
7.760816040039062500e+02
7.849509887695312500e+02
7.355808105468750000e+02
7.234230346679687500e+02
7.820892944335937500e+02
6.129697265625000000e+02
6.861774291992187500e+02
7.370191040039062500e+02
8.676179199218750000e+02
7.677716674804687500e+02
5.305065917968750000e+02
6.284649047851562500e+02
7.659014282226562500e+02
7.179911499023437500e+02
8.366312255859375000e+02
7.850109252929687500e+02
8.371538696289062500e+02
6.669230957031250000e+02
7.444160766601562500e+02
9.306162719726562500e+02
7.167599487304687500e+02
8.578701782226562500e+02
9.245008544921875000e+02
7.687926635742187500e+02
8.757615356445312500e+02
6.570124511718750000e+02
8.078071899414062500e+02
7.000170898437500000e+02
7.873120727539062500e+02
9.660770263671875000e+02
6.901163330078125000e+02
1.049424804687500000e+03
5.018525695800781250e+02
8.233273315429687500e+02
6.020106201171875000e+02
9.058273315429687500e+02
7.042468261718750000e+02
7.919983520507812500e+02
8.217139282226562500e+02
7.180906982421875000e+02
6.018792724609375000e+02
9.974050292968750000e+02
6.835496826171875000e+02
7.178543090820312500e+02
8.034722290039062500e+02
7.509289550781250000e+02
7.442811279296875000e+02
9.117810668945312500e+02
7.989735717773437500e+02
8.169497680664062500e+02
8.112929077148437500e+02
9.786882324218750000e+02
5.867844238281250000e+02
8.159274902343750000e+02
7.030882568359375000e+02
7.714881591796875000e+02
8.085717773437500000e+02
8.196865844726562500e+02
1.027670166015625000e+03
6.249473266601562500e+02
9.371865234375000000e+02
7.488941650390625000e+02
8.984947509765625000e+02
8.147990722656250000e+02
5.573876342773437500e+02
8.430263061523437500e+02
7.830584106445312500e+02
7.350023193359375000e+02
6.529296875000000000e+02
7.650772705078125000e+02
7.625607910156250000e+02
6.275845947265625000e+02
7.574266967773437500e+02
7.993339843750000000e+02
7.949692993164062500e+02
7.936497802734375000e+02
6.801256103515625000e+02
6.459868164062500000e+02
6.549253540039062500e+02
9.029871826171875000e+02
7.890696411132812500e+02
7.097138671875000000e+02
7.549757690429687500e+02
6.955396728515625000e+02
8.594183349609375000e+02
7.069770507812500000e+02
8.798664550781250000e+02
7.808090820312500000e+02
7.847558593750000000e+02
7.142463378906250000e+02
7.397751464843750000e+02
7.128172607421875000e+02
7.918171997070312500e+02
9.080634155273437500e+02
8.772908325195312500e+02
8.802770996093750000e+02
6.156156005859375000e+02
5.893579101562500000e+02
8.349418945312500000e+02
7.654335327148437500e+02
7.668430786132812500e+02
6.891770629882812500e+02
8.110006103515625000e+02
6.685285644531250000e+02
7.759872436523437500e+02
9.438712768554687500e+02
8.595364379882812500e+02
8.408067016601562500e+02
7.406556396484375000e+02
7.948140869140625000e+02
7.951480102539062500e+02
9.060860595703125000e+02
8.196979980468750000e+02
8.982537841796875000e+02
6.977662963867187500e+02
7.142049560546875000e+02
8.225386352539062500e+02
7.971382446289062500e+02
7.733336791992187500e+02
7.095109252929687500e+02
7.754525146484375000e+02
1.033325195312500000e+03
8.753984375000000000e+02
6.626901855468750000e+02
6.847244262695312500e+02
9.115938720703125000e+02
6.909726562500000000e+02
6.927715454101562500e+02
7.296156005859375000e+02
6.910495605468750000e+02
8.568043212890625000e+02
8.875822753906250000e+02
9.185836791992187500e+02
6.912432861328125000e+02
6.881096191406250000e+02
9.747680664062500000e+02
8.727858276367187500e+02
9.301541748046875000e+02
7.938270263671875000e+02
7.424101562500000000e+02
8.257854003906250000e+02
7.815718383789062500e+02
8.111362304687500000e+02
7.167183227539062500e+02
6.430266723632812500e+02
6.387575683593750000e+02
8.249603881835937500e+02
8.290280151367187500e+02
9.209030151367187500e+02
9.608469848632812500e+02
9.055747070312500000e+02
7.676939697265625000e+02
9.638665771484375000e+02
1.050960205078125000e+03
7.610664672851562500e+02
6.836570434570312500e+02
8.555853271484375000e+02
6.006531372070312500e+02
6.945245971679687500e+02
8.078599243164062500e+02
4.457279357910156250e+02
6.053764038085937500e+02
8.941422119140625000e+02
8.150242919921875000e+02
9.084207153320312500e+02
7.258252563476562500e+02
7.224426879882812500e+02
1.037726196289062500e+03
7.749600830078125000e+02
7.269050903320312500e+02
8.300794067382812500e+02
7.882473144531250000e+02
4.872819213867187500e+02
8.090019531250000000e+02
8.447583007812500000e+02
6.673776855468750000e+02
8.239359741210937500e+02
6.255878906250000000e+02
7.144661254882812500e+02
7.293613281250000000e+02
8.410635986328125000e+02
5.933076171875000000e+02
8.714685058593750000e+02
8.242177734375000000e+02
7.862993774414062500e+02
7.288040771484375000e+02
6.388494873046875000e+02
7.556614379882812500e+02
6.860479125976562500e+02
6.791348876953125000e+02
8.636346435546875000e+02
6.094474487304687500e+02
7.946557617187500000e+02
8.963199462890625000e+02
8.020932617187500000e+02
9.581603393554687500e+02
9.171037597656250000e+02
6.684298095703125000e+02
8.612113037109375000e+02
7.762078857421875000e+02
1.141537719726562500e+03
6.262871704101562500e+02
8.412640991210937500e+02
9.314474487304687500e+02
5.738615722656250000e+02
9.167766113281250000e+02
6.221419067382812500e+02
5.406977539062500000e+02
9.816265258789062500e+02
7.199580078125000000e+02
5.363204345703125000e+02
9.163190917968750000e+02
7.267518920898437500e+02
8.462680053710937500e+02
7.473641357421875000e+02
7.280025634765625000e+02
7.045046997070312500e+02
6.956857910156250000e+02
6.246890869140625000e+02
9.743569335937500000e+02
7.855540771484375000e+02
4.868840637207031250e+02
7.197327270507812500e+02
6.005003051757812500e+02
7.333779907226562500e+02
5.669953613281250000e+02
6.563831787109375000e+02
8.054978027343750000e+02
6.512603149414062500e+02
5.264656982421875000e+02
6.756992187500000000e+02
8.193171386718750000e+02
8.592411499023437500e+02
7.834613647460937500e+02
7.653545532226562500e+02
6.431543579101562500e+02
6.469407958984375000e+02
9.971969604492187500e+02
1.005248596191406250e+03
7.465380249023437500e+02
9.638034057617187500e+02
8.087535400390625000e+02
6.590656127929687500e+02
7.808919067382812500e+02
7.373429565429687500e+02
7.175709838867187500e+02
7.259740600585937500e+02
5.988716430664062500e+02
7.071376342773437500e+02
7.984987182617187500e+02
8.235723876953125000e+02
7.011834716796875000e+02
9.353159179687500000e+02
7.116265258789062500e+02
8.375892944335937500e+02
7.824012451171875000e+02
9.192960815429687500e+02
7.945436401367187500e+02
5.856675415039062500e+02
8.314228515625000000e+02
5.441972045898437500e+02
5.336413574218750000e+02
8.735388793945312500e+02
8.210596313476562500e+02
6.948494262695312500e+02
8.661997070312500000e+02
9.067981567382812500e+02
8.107440795898437500e+02
8.088901367187500000e+02
9.570501708984375000e+02
8.848497924804687500e+02
7.014555664062500000e+02
7.221145629882812500e+02
7.517787475585937500e+02
9.342763671875000000e+02
8.816231689453125000e+02
6.191406860351562500e+02
6.335420532226562500e+02
7.640367431640625000e+02
8.708239135742187500e+02
8.832096557617187500e+02
7.343347778320312500e+02
7.762848510742187500e+02
5.906849975585937500e+02
9.102662353515625000e+02
7.526416625976562500e+02
8.379815063476562500e+02
8.163773803710937500e+02
7.850245361328125000e+02
5.649057617187500000e+02
9.046154174804687500e+02
7.957577514648437500e+02
7.614266967773437500e+02
7.145070190429687500e+02
8.436417236328125000e+02
9.253532714843750000e+02
8.373707885742187500e+02
8.109348754882812500e+02
7.700723266601562500e+02
7.462419433593750000e+02
7.541544189453125000e+02
6.994661865234375000e+02
5.416368408203125000e+02
7.260225830078125000e+02
7.046180419921875000e+02
7.233684692382812500e+02
8.332701416015625000e+02
8.599583740234375000e+02
8.302612304687500000e+02
7.992308349609375000e+02
9.010887451171875000e+02
7.755208129882812500e+02
7.243756103515625000e+02
9.117252807617187500e+02
9.336180419921875000e+02
7.226000976562500000e+02
6.633568725585937500e+02
7.854341430664062500e+02
7.938619384765625000e+02
9.146608886718750000e+02
6.755643920898437500e+02
8.457209472656250000e+02
8.611486816406250000e+02
7.310153198242187500e+02
7.578582763671875000e+02
7.930690917968750000e+02
8.780355224609375000e+02
6.764002075195312500e+02
6.743017578125000000e+02
5.966743164062500000e+02
7.140978393554687500e+02
8.001168823242187500e+02
7.558972778320312500e+02
7.090092163085937500e+02
8.580304565429687500e+02
6.843587036132812500e+02
6.939991455078125000e+02
7.120859985351562500e+02
5.927619628906250000e+02
9.454485473632812500e+02
6.880097045898437500e+02
8.054592895507812500e+02
7.330001220703125000e+02
8.232777709960937500e+02
8.571444091796875000e+02
7.756971435546875000e+02
7.430513305664062500e+02
8.455681152343750000e+02
8.692363891601562500e+02
7.590708007812500000e+02
7.748584594726562500e+02
7.374009399414062500e+02
6.934673461914062500e+02
6.193959350585937500e+02
7.294962768554687500e+02
8.620664062500000000e+02
6.985194091796875000e+02
8.367393188476562500e+02
8.508772583007812500e+02
8.949680786132812500e+02
8.965037841796875000e+02
7.706385498046875000e+02
7.175757446289062500e+02
7.737225952148437500e+02
7.883652343750000000e+02
8.624133911132812500e+02
8.824562377929687500e+02
7.406577148437500000e+02
7.428740844726562500e+02
8.865705566406250000e+02
8.467883300781250000e+02
1.020066894531250000e+03
7.784694824218750000e+02
8.966315917968750000e+02
7.183433227539062500e+02
8.450562744140625000e+02
8.032891235351562500e+02
6.065247192382812500e+02
8.296723022460937500e+02
7.384830322265625000e+02
8.504135131835937500e+02
7.760813598632812500e+02
7.014996337890625000e+02
9.073929443359375000e+02
9.123534545898437500e+02
6.980416870117187500e+02
9.235744628906250000e+02
8.284063110351562500e+02
7.424143676757812500e+02
8.549670410156250000e+02
6.309548339843750000e+02
8.901956787109375000e+02
9.900280761718750000e+02
6.778377075195312500e+02
7.574016723632812500e+02
8.489083862304687500e+02
1.061659179687500000e+03
8.661764526367187500e+02
6.640793457031250000e+02
8.118923339843750000e+02
6.575980224609375000e+02
8.194611206054687500e+02
7.859012451171875000e+02
7.656953735351562500e+02
8.976896362304687500e+02
8.939939575195312500e+02
5.626133422851562500e+02
7.253969116210937500e+02
8.585914306640625000e+02
6.707114257812500000e+02
9.224206542968750000e+02
7.210376586914062500e+02
8.349570312500000000e+02
7.824862060546875000e+02
8.563187866210937500e+02
6.912938842773437500e+02
7.461387329101562500e+02
7.406846313476562500e+02
8.345916748046875000e+02
7.574653930664062500e+02
7.781880493164062500e+02
6.627684326171875000e+02
6.590131225585937500e+02
6.701345214843750000e+02
8.256880493164062500e+02
5.978799438476562500e+02
8.005234985351562500e+02
6.694791259765625000e+02
8.266196289062500000e+02
7.420022583007812500e+02
8.891646118164062500e+02
8.435098266601562500e+02
6.987166748046875000e+02
9.421535644531250000e+02
7.880711669921875000e+02
9.560304565429687500e+02
7.517612915039062500e+02
9.055837402343750000e+02
6.492690429687500000e+02
7.431350708007812500e+02
7.350065307617187500e+02
9.130925903320312500e+02
8.288488769531250000e+02
8.129899902343750000e+02
6.135737304687500000e+02
9.938627319335937500e+02
9.582449951171875000e+02
4.204768371582031250e+02
8.790084228515625000e+02
7.247108764648437500e+02
8.878005371093750000e+02
7.663637695312500000e+02
5.878704223632812500e+02
8.578866577148437500e+02
8.873186035156250000e+02
6.456011352539062500e+02
7.004675292968750000e+02
8.881416625976562500e+02
7.612756347656250000e+02
8.832399291992187500e+02
6.245838623046875000e+02
9.136886596679687500e+02
8.733873901367187500e+02
6.490111694335937500e+02
6.479904174804687500e+02
6.933512573242187500e+02
7.578612060546875000e+02
7.685027465820312500e+02
7.955495605468750000e+02
8.538504028320312500e+02
8.082234497070312500e+02
8.700137329101562500e+02
8.826536865234375000e+02
8.466026611328125000e+02
7.256642456054687500e+02
8.216262207031250000e+02
6.786041870117187500e+02
7.809771728515625000e+02
8.626176147460937500e+02
1.083122558593750000e+03
6.397011108398437500e+02
5.515670166015625000e+02
7.571902465820312500e+02
6.656029663085937500e+02
7.537550048828125000e+02
7.256467895507812500e+02
6.910873413085937500e+02
7.820281982421875000e+02
8.818426513671875000e+02
6.935212402343750000e+02
8.538125000000000000e+02
7.083024902343750000e+02
8.653416137695312500e+02
6.226998901367187500e+02
8.165607910156250000e+02
9.105479736328125000e+02
7.688413696289062500e+02
7.748960571289062500e+02
5.407423706054687500e+02
1.005241027832031250e+03
7.335979614257812500e+02
8.427247924804687500e+02
7.750845336914062500e+02
7.594294433593750000e+02
6.250945434570312500e+02
6.373305053710937500e+02
7.510682373046875000e+02
9.176019287109375000e+02
8.502160034179687500e+02
8.121541748046875000e+02
8.360543823242187500e+02
6.921490478515625000e+02
7.225477905273437500e+02
8.248984375000000000e+02
5.951818237304687500e+02
6.172128906250000000e+02
7.954972534179687500e+02
7.560067138671875000e+02
8.024705810546875000e+02
6.246141967773437500e+02
7.901823730468750000e+02
8.840078735351562500e+02
7.420504150390625000e+02
8.768932495117187500e+02
8.141361694335937500e+02
5.402601318359375000e+02
8.332392578125000000e+02
8.924197387695312500e+02
9.583442993164062500e+02
7.661909179687500000e+02
6.497578735351562500e+02
7.875172729492187500e+02
9.272330322265625000e+02
1.048094482421875000e+03
8.390306396484375000e+02
8.730658569335937500e+02
7.931031494140625000e+02
7.694466552734375000e+02
8.920990600585937500e+02
7.253732910156250000e+02
5.324721069335937500e+02
8.910747680664062500e+02
7.492449951171875000e+02
6.326776123046875000e+02
8.724893798828125000e+02
7.284694213867187500e+02
6.970512695312500000e+02
6.302946166992187500e+02
8.457575073242187500e+02
6.832348632812500000e+02
7.438182983398437500e+02
8.368634033203125000e+02
4.506650390625000000e+02
6.893007812500000000e+02
7.331129150390625000e+02
6.086790161132812500e+02
8.276680908203125000e+02
7.034011840820312500e+02
9.146201171875000000e+02
8.327532958984375000e+02
7.054537353515625000e+02
6.102852783203125000e+02
6.182634277343750000e+02
6.868679199218750000e+02
8.026696166992187500e+02
6.265609130859375000e+02
8.216623535156250000e+02
9.242608642578125000e+02
7.507863159179687500e+02
7.088523559570312500e+02
6.785917968750000000e+02
6.979483032226562500e+02
5.791381835937500000e+02
7.861810913085937500e+02
6.614079589843750000e+02
7.923067626953125000e+02
7.394157104492187500e+02
7.240168457031250000e+02
9.214911499023437500e+02
8.652489013671875000e+02
6.887527465820312500e+02
8.062605590820312500e+02
7.171074218750000000e+02
8.122463989257812500e+02
7.733885498046875000e+02
6.212811889648437500e+02
5.477937622070312500e+02
8.627166748046875000e+02
1.040028320312500000e+03
5.388070068359375000e+02
8.146400756835937500e+02
9.001132202148437500e+02
8.662196044921875000e+02
6.259678955078125000e+02
7.466621093750000000e+02
7.327651367187500000e+02
8.361072998046875000e+02
8.897111816406250000e+02
8.066219482421875000e+02
7.894065551757812500e+02
3.871023254394531250e+02
7.361305541992187500e+02
7.739395751953125000e+02
5.478840332031250000e+02
9.168987426757812500e+02
5.054038391113281250e+02
5.624526367187500000e+02
5.696721191406250000e+02
7.122308959960937500e+02
6.923085327148437500e+02
6.934218139648437500e+02
7.907516479492187500e+02
8.627377929687500000e+02
9.009853515625000000e+02
7.087392578125000000e+02
8.989837036132812500e+02
9.109653930664062500e+02
6.805498657226562500e+02
6.514671630859375000e+02
8.807817993164062500e+02
1.012947570800781250e+03
6.626726684570312500e+02
7.507334594726562500e+02
8.528838500976562500e+02
9.313894653320312500e+02
7.170089111328125000e+02
5.555294799804687500e+02
7.139073486328125000e+02
7.452022094726562500e+02
6.997161865234375000e+02
6.818090209960937500e+02
7.525056762695312500e+02
7.329934082031250000e+02
6.630502319335937500e+02
7.120037231445312500e+02
8.124860229492187500e+02
8.001512451171875000e+02
7.550620727539062500e+02
7.444802856445312500e+02
7.080474243164062500e+02
7.058201293945312500e+02
7.969212646484375000e+02
7.747094116210937500e+02
8.211537475585937500e+02
8.205388793945312500e+02
9.027877807617187500e+02
7.433593750000000000e+02
7.594664916992187500e+02
7.392512817382812500e+02
6.506906127929687500e+02
8.317799072265625000e+02
8.419310913085937500e+02
6.063905029296875000e+02
7.362090454101562500e+02
8.388906250000000000e+02
4.395309143066406250e+02
6.288003540039062500e+02
8.029549560546875000e+02
1.026111816406250000e+03
7.541428222656250000e+02
7.760504150390625000e+02
9.528097534179687500e+02
6.973502807617187500e+02
7.235632324218750000e+02
8.343704833984375000e+02
7.146830444335937500e+02
8.966383666992187500e+02
7.732396850585937500e+02
1.023395751953125000e+03
7.535239868164062500e+02
6.036286621093750000e+02
7.947665405273437500e+02
8.370752563476562500e+02
6.969268188476562500e+02
7.501240234375000000e+02
7.788798217773437500e+02
7.392948608398437500e+02
6.488236694335937500e+02
5.830194702148437500e+02
6.974186401367187500e+02
7.632297973632812500e+02
8.024789428710937500e+02
8.041267700195312500e+02
6.771099853515625000e+02
8.621649780273437500e+02
9.047294311523437500e+02
7.035191040039062500e+02
7.913263549804687500e+02
7.803810424804687500e+02
8.193233642578125000e+02
5.535296020507812500e+02
8.399818725585937500e+02
5.897905883789062500e+02
6.739221801757812500e+02
6.187948608398437500e+02
7.904023437500000000e+02
9.077606201171875000e+02
7.677109375000000000e+02
8.061034545898437500e+02
7.598376464843750000e+02
7.190596923828125000e+02
8.407070922851562500e+02
8.309527587890625000e+02
7.487881469726562500e+02
8.606337890625000000e+02
7.858173217773437500e+02
9.435650634765625000e+02
7.458598022460937500e+02
1.045030273437500000e+03
7.028358764648437500e+02
8.603655395507812500e+02
5.750768432617187500e+02
5.416014404296875000e+02
7.351567382812500000e+02
9.465571899414062500e+02
7.288535766601562500e+02
8.126301269531250000e+02
6.402056274414062500e+02
7.442905883789062500e+02
8.613197021484375000e+02
6.600442504882812500e+02
9.215166015625000000e+02
9.042689208984375000e+02
9.500558471679687500e+02
7.509039306640625000e+02
6.621288452148437500e+02
7.280847778320312500e+02
6.193757934570312500e+02
7.714597167968750000e+02
8.504462890625000000e+02
8.565378417968750000e+02
7.251469726562500000e+02
7.586694946289062500e+02
7.420610351562500000e+02
7.224166870117187500e+02
9.478563842773437500e+02
9.743579101562500000e+02
6.794610595703125000e+02
7.148802490234375000e+02
9.736535034179687500e+02
7.090074462890625000e+02
8.810757446289062500e+02
7.858019409179687500e+02
6.863773193359375000e+02
6.468489990234375000e+02
9.333603515625000000e+02
8.161226196289062500e+02
6.786532592773437500e+02
7.147015380859375000e+02
6.596500854492187500e+02
7.267474365234375000e+02
7.595854492187500000e+02
6.616494750976562500e+02
6.375434570312500000e+02
9.204482421875000000e+02
8.373235473632812500e+02
8.500952758789062500e+02
7.974129028320312500e+02
6.874993286132812500e+02
7.327472534179687500e+02
8.186004028320312500e+02
5.446945190429687500e+02
6.497749633789062500e+02
6.628580932617187500e+02
8.838765258789062500e+02
7.801751708984375000e+02
8.273822631835937500e+02
8.235848999023437500e+02
7.628792724609375000e+02
5.871182861328125000e+02
6.874771728515625000e+02
7.417608032226562500e+02
9.601665039062500000e+02
8.739802246093750000e+02
8.528751220703125000e+02
7.396707763671875000e+02
7.786732177734375000e+02
6.910288696289062500e+02
8.672673950195312500e+02
9.245785522460937500e+02
6.816305541992187500e+02
8.467291870117187500e+02
8.482829589843750000e+02
7.563855590820312500e+02
6.991337890625000000e+02
8.414243774414062500e+02
6.749559936523437500e+02
1.022392578125000000e+03
6.822867431640625000e+02
9.035716552734375000e+02
5.840906372070312500e+02
7.279449462890625000e+02
8.196940307617187500e+02
8.224099731445312500e+02
8.552764892578125000e+02
8.800543212890625000e+02
7.105789794921875000e+02
9.014291992187500000e+02
6.706936035156250000e+02
4.669363708496093750e+02
7.779269409179687500e+02
8.017308959960937500e+02
8.076574096679687500e+02
6.227959594726562500e+02
7.819026489257812500e+02
9.074622802734375000e+02
6.719963378906250000e+02
6.508999023437500000e+02
9.080383300781250000e+02
7.502630615234375000e+02
8.050415649414062500e+02
6.477720947265625000e+02
6.790867309570312500e+02
6.493521728515625000e+02
6.890838623046875000e+02
6.561673583984375000e+02
6.415234985351562500e+02
8.064675292968750000e+02
7.795904541015625000e+02
7.136018066406250000e+02
6.463121337890625000e+02
8.081755981445312500e+02
7.217981567382812500e+02
9.396677856445312500e+02
5.262069091796875000e+02
7.328256225585937500e+02
7.770158691406250000e+02
8.573171997070312500e+02
6.536568603515625000e+02
6.817081298828125000e+02
7.493883056640625000e+02
9.618071289062500000e+02
7.730377807617187500e+02
7.215004882812500000e+02
9.455308227539062500e+02
1.038710571289062500e+03
5.492352905273437500e+02
5.466423950195312500e+02
9.897838134765625000e+02
8.252918090820312500e+02
8.433084106445312500e+02
7.762088623046875000e+02
8.233078613281250000e+02
7.962709960937500000e+02
9.952307128906250000e+02
6.217156372070312500e+02
7.343092041015625000e+02
6.489895629882812500e+02
7.560992431640625000e+02
6.430935058593750000e+02
8.066140747070312500e+02
6.744560546875000000e+02
8.549534301757812500e+02
8.276261596679687500e+02
6.920355224609375000e+02
9.622365112304687500e+02
7.213730468750000000e+02
8.444829101562500000e+02
7.318795166015625000e+02
6.984703369140625000e+02
7.159583129882812500e+02
7.607763061523437500e+02
7.942380981445312500e+02
8.283823242187500000e+02
9.989760742187500000e+02
6.231503906250000000e+02
7.821766967773437500e+02
5.798681030273437500e+02
7.482608032226562500e+02
6.034764404296875000e+02
6.752381591796875000e+02
5.384748535156250000e+02
5.252285766601562500e+02
7.005381469726562500e+02
9.756773071289062500e+02
7.483081054687500000e+02
6.848397216796875000e+02
6.873680419921875000e+02
5.882598266601562500e+02
7.948789062500000000e+02
6.487698974609375000e+02
1.015161499023437500e+03
6.571291503906250000e+02
5.567871704101562500e+02
5.506842041015625000e+02
8.287428588867187500e+02
7.651336669921875000e+02
7.644995727539062500e+02
7.977747802734375000e+02
7.876188964843750000e+02
6.711092529296875000e+02
6.846008300781250000e+02
9.435670776367187500e+02
6.979393920898437500e+02
7.105189819335937500e+02
8.512814941406250000e+02
9.889699707031250000e+02
6.480433959960937500e+02
8.767160644531250000e+02
6.732254028320312500e+02
6.592978515625000000e+02
8.349639282226562500e+02
5.957898559570312500e+02
8.073491210937500000e+02
7.329376831054687500e+02
7.474631958007812500e+02
7.175926513671875000e+02
9.010205078125000000e+02
7.384352416992187500e+02
7.502354736328125000e+02
8.218865356445312500e+02
8.517566528320312500e+02
9.669615478515625000e+02
8.828891601562500000e+02
5.745012817382812500e+02
7.629828491210937500e+02
5.138710937500000000e+02
8.802051391601562500e+02
9.603979492187500000e+02
8.658739013671875000e+02
7.838046875000000000e+02
7.452366943359375000e+02
7.268635253906250000e+02
8.535364379882812500e+02
7.154707641601562500e+02
7.237550659179687500e+02
8.763986816406250000e+02
8.708248901367187500e+02
8.074528198242187500e+02
8.335351562500000000e+02
7.918861694335937500e+02
7.210228271484375000e+02
7.394513549804687500e+02
6.868500366210937500e+02
8.529561767578125000e+02
7.312036132812500000e+02
7.563644409179687500e+02
5.377042236328125000e+02
5.280755004882812500e+02
8.458444213867187500e+02
6.471614990234375000e+02
7.345310668945312500e+02
7.444485473632812500e+02
8.672804565429687500e+02
7.406494140625000000e+02
9.517849121093750000e+02
6.290313720703125000e+02
8.314087524414062500e+02
8.276167602539062500e+02
5.659306030273437500e+02
8.507771606445312500e+02
8.304238281250000000e+02
6.370505981445312500e+02
8.099867553710937500e+02
6.840496826171875000e+02
8.578657226562500000e+02
8.031996459960937500e+02
6.970898437500000000e+02
7.601663208007812500e+02
7.363842163085937500e+02
6.598314208984375000e+02
7.331090087890625000e+02
8.534508056640625000e+02
6.909801025390625000e+02
6.485298461914062500e+02
6.790243530273437500e+02
6.879070434570312500e+02
6.409558105468750000e+02
6.987191162109375000e+02
7.771878051757812500e+02
7.517387084960937500e+02
7.414392700195312500e+02
7.629906005859375000e+02
6.679130249023437500e+02
7.574606323242187500e+02
8.467550048828125000e+02
4.993061523437500000e+02
7.374694213867187500e+02
1.023992980957031250e+03
6.043438110351562500e+02
8.286947631835937500e+02
9.219486694335937500e+02
8.681378173828125000e+02
9.238473510742187500e+02
9.364338378906250000e+02
8.962180175781250000e+02
7.994575195312500000e+02
8.633881835937500000e+02
7.294824218750000000e+02
8.102301635742187500e+02
7.423457641601562500e+02
7.278200683593750000e+02
7.652906494140625000e+02
7.435280761718750000e+02
7.940997924804687500e+02
7.724800415039062500e+02
7.277771606445312500e+02
7.381621093750000000e+02
6.736903686523437500e+02
7.960521240234375000e+02
6.334620971679687500e+02
7.891217651367187500e+02
7.210710449218750000e+02
8.335349121093750000e+02
8.367911987304687500e+02
7.820907592773437500e+02
7.246784667968750000e+02
7.801713256835937500e+02
7.010380249023437500e+02
6.143722534179687500e+02
7.423464355468750000e+02
6.971760253906250000e+02
8.063615722656250000e+02
7.581135864257812500e+02
9.435743408203125000e+02
6.275942993164062500e+02
7.500311889648437500e+02
7.289891357421875000e+02
8.465479736328125000e+02
8.625734252929687500e+02
8.546366577148437500e+02
7.373939208984375000e+02
6.848836059570312500e+02
7.626889648437500000e+02
7.328959350585937500e+02
7.444898071289062500e+02
7.429849243164062500e+02
8.227820434570312500e+02
8.463668212890625000e+02
9.206972656250000000e+02
7.257819213867187500e+02
7.638478393554687500e+02
6.730186767578125000e+02
6.290408325195312500e+02
8.656894531250000000e+02
8.827684326171875000e+02
7.383704833984375000e+02
7.434392700195312500e+02
7.838314819335937500e+02
8.597911987304687500e+02
6.561805419921875000e+02
7.464872436523437500e+02
6.878740844726562500e+02
8.293611450195312500e+02
6.538425903320312500e+02
8.486713256835937500e+02
7.233538208007812500e+02
8.454091186523437500e+02
7.012172241210937500e+02
8.774948120117187500e+02
8.243137817382812500e+02
5.457370605468750000e+02
8.558410644531250000e+02
8.713251342773437500e+02
7.367594604492187500e+02
7.243355712890625000e+02
6.070042114257812500e+02
9.394230346679687500e+02
7.475885620117187500e+02
7.416657714843750000e+02
8.788984985351562500e+02
1.042920776367187500e+03
7.480290527343750000e+02
7.862440185546875000e+02
6.775896606445312500e+02
6.741429443359375000e+02
7.381979980468750000e+02
8.102987670898437500e+02
6.514437866210937500e+02
7.472537231445312500e+02
7.462880249023437500e+02
9.997446289062500000e+02
7.066762695312500000e+02
7.288602294921875000e+02
6.518744506835937500e+02
7.828588256835937500e+02
8.507269897460937500e+02
7.981625976562500000e+02
8.146263427734375000e+02
7.484453735351562500e+02
7.596143188476562500e+02
9.401762084960937500e+02
6.582867431640625000e+02
7.311434936523437500e+02
8.190678710937500000e+02
7.062103271484375000e+02
6.847730102539062500e+02
6.769235229492187500e+02
8.380932617187500000e+02
8.305421142578125000e+02
7.229658813476562500e+02
8.627838134765625000e+02
8.912997436523437500e+02
6.588867797851562500e+02
9.045993652343750000e+02
7.038390502929687500e+02
7.145958251953125000e+02
8.343341064453125000e+02
5.993237304687500000e+02
9.384604492187500000e+02
7.761397094726562500e+02
7.487890014648437500e+02
6.140369262695312500e+02
7.156872558593750000e+02
6.951429443359375000e+02
5.427133789062500000e+02
6.475973510742187500e+02
8.507703857421875000e+02
9.249254150390625000e+02
8.391787719726562500e+02
6.617021484375000000e+02
9.304802246093750000e+02
6.635602416992187500e+02
6.056987304687500000e+02
8.966671752929687500e+02
8.045745239257812500e+02
5.894816284179687500e+02
6.335377807617187500e+02
7.958843383789062500e+02
6.620154418945312500e+02
8.310762329101562500e+02
7.833398437500000000e+02
7.755562744140625000e+02
7.379774780273437500e+02
6.888867187500000000e+02
7.012135009765625000e+02
7.877085571289062500e+02
6.657837524414062500e+02
8.709063720703125000e+02
5.077970581054687500e+02
6.654402465820312500e+02
7.980916137695312500e+02
6.859460449218750000e+02
8.002849121093750000e+02
6.594792480468750000e+02
7.321953125000000000e+02
7.969495849609375000e+02
1.024747070312500000e+03
7.966326293945312500e+02
6.982268676757812500e+02
8.422412719726562500e+02
6.890682983398437500e+02
6.852876586914062500e+02
9.006979370117187500e+02
6.625061645507812500e+02
8.932978515625000000e+02
8.407108154296875000e+02
8.420076293945312500e+02
8.662639770507812500e+02
7.047443237304687500e+02
9.115468139648437500e+02
8.474310302734375000e+02
7.459347534179687500e+02
6.647236938476562500e+02
8.189619750976562500e+02
6.365372924804687500e+02
8.462343139648437500e+02
6.517423095703125000e+02
7.443564453125000000e+02
8.624069824218750000e+02
7.980231323242187500e+02
5.651939086914062500e+02
6.799395141601562500e+02
8.141805419921875000e+02
8.979418945312500000e+02
8.923441162109375000e+02
1.046770629882812500e+03
8.786510009765625000e+02
6.594317626953125000e+02
7.045242919921875000e+02
5.998444824218750000e+02
6.503023681640625000e+02
6.935733642578125000e+02
7.486902465820312500e+02
7.047396850585937500e+02
5.669528198242187500e+02
7.299807128906250000e+02
7.288623046875000000e+02
9.912178344726562500e+02
7.897785034179687500e+02
8.456819458007812500e+02
6.931835327148437500e+02
7.151715698242187500e+02
9.496630859375000000e+02
1.045153686523437500e+03
8.209030151367187500e+02
8.233120117187500000e+02
7.564523315429687500e+02
7.338936157226562500e+02
7.791418457031250000e+02
7.106400756835937500e+02
9.057442626953125000e+02
8.905526733398437500e+02
6.055676879882812500e+02
7.095001831054687500e+02
6.769134521484375000e+02
7.463984985351562500e+02
5.941459960937500000e+02
5.767715454101562500e+02
8.595792846679687500e+02
9.132286376953125000e+02
8.593797607421875000e+02
7.225820922851562500e+02
7.738240356445312500e+02
8.638363037109375000e+02
8.884177856445312500e+02
7.388371582031250000e+02
6.835210571289062500e+02
6.802132568359375000e+02
1.010761413574218750e+03
7.668298339843750000e+02
6.429767456054687500e+02
8.715740966796875000e+02
7.988439941406250000e+02
8.471707153320312500e+02
6.989053344726562500e+02
8.070427246093750000e+02
9.200974731445312500e+02
7.794415893554687500e+02
8.311785888671875000e+02
6.131335449218750000e+02
9.555498657226562500e+02
9.000556030273437500e+02
8.452070922851562500e+02
7.514216918945312500e+02
8.804739990234375000e+02
7.367716064453125000e+02
6.956712036132812500e+02
7.752646484375000000e+02
6.827885131835937500e+02
9.762946777343750000e+02
8.019368896484375000e+02
8.909151611328125000e+02
6.450090942382812500e+02
6.974019165039062500e+02
6.563218994140625000e+02
5.799937744140625000e+02
7.648408203125000000e+02
7.608088378906250000e+02
7.649060668945312500e+02
5.786906127929687500e+02
7.232565917968750000e+02
8.040733032226562500e+02
8.133780517578125000e+02
7.910864257812500000e+02
7.459591674804687500e+02
8.634670410156250000e+02
7.360387573242187500e+02
7.799762573242187500e+02
1.014561828613281250e+03
7.659958496093750000e+02
7.763378295898437500e+02
8.589406738281250000e+02
5.838011474609375000e+02
9.012332153320312500e+02
6.575733642578125000e+02
8.803083496093750000e+02
5.615579223632812500e+02
7.167448120117187500e+02
8.908101806640625000e+02
8.806887817382812500e+02
6.802249755859375000e+02
7.278319091796875000e+02
7.687618408203125000e+02
7.549830932617187500e+02
7.626995239257812500e+02
6.991430053710937500e+02
7.135366210937500000e+02
7.917669067382812500e+02
8.068113403320312500e+02
8.555594482421875000e+02
6.050799560546875000e+02
6.365636596679687500e+02
6.362135009765625000e+02
7.363677978515625000e+02
4.972906188964843750e+02
9.339818725585937500e+02
7.812284545898437500e+02
7.656873168945312500e+02
7.030594482421875000e+02
6.013901367187500000e+02
7.986051025390625000e+02
7.283436889648437500e+02
6.560532836914062500e+02
7.934141235351562500e+02
8.332171020507812500e+02
7.487894287109375000e+02
7.737084960937500000e+02
5.523453369140625000e+02
8.579590454101562500e+02
8.830170898437500000e+02
7.783815307617187500e+02
8.242442626953125000e+02
6.878223876953125000e+02
8.125181274414062500e+02
7.281452636718750000e+02
6.294158325195312500e+02
8.811817016601562500e+02
8.671111450195312500e+02
6.799955444335937500e+02
9.681151123046875000e+02
7.737276000976562500e+02
8.091973266601562500e+02
7.958764648437500000e+02
5.336807250976562500e+02
7.556718139648437500e+02
7.720665283203125000e+02
9.212416381835937500e+02
7.601060180664062500e+02
7.266634521484375000e+02
8.112081298828125000e+02
9.595656127929687500e+02
7.219348754882812500e+02
6.954466552734375000e+02
7.717576293945312500e+02
8.243389892578125000e+02
7.274030761718750000e+02
5.826114501953125000e+02
8.128283691406250000e+02
7.216218261718750000e+02
9.279541625976562500e+02
8.950210571289062500e+02
6.116574096679687500e+02
6.899825439453125000e+02
8.174682617187500000e+02
7.703924560546875000e+02
7.375429077148437500e+02
7.575867919921875000e+02
8.649075317382812500e+02
7.363836669921875000e+02
6.633028564453125000e+02
9.028282470703125000e+02
6.656215820312500000e+02
7.910982666015625000e+02
6.144224853515625000e+02
6.290086059570312500e+02
8.031010131835937500e+02
6.401488647460937500e+02
9.805020751953125000e+02
8.521400756835937500e+02
7.370243530273437500e+02
7.177905273437500000e+02
6.764546508789062500e+02
6.552795410156250000e+02
7.559353027343750000e+02
8.224931030273437500e+02
8.849886474609375000e+02
8.047913208007812500e+02
7.239897460937500000e+02
8.725365600585937500e+02
8.536624145507812500e+02
6.933446655273437500e+02
6.797288818359375000e+02
7.424296264648437500e+02
7.666912841796875000e+02
5.395302734375000000e+02
8.782100830078125000e+02
6.943485717773437500e+02
6.496208496093750000e+02
9.767057495117187500e+02
7.707979736328125000e+02
8.904171142578125000e+02
8.583020019531250000e+02
7.974976196289062500e+02
7.521041870117187500e+02
7.165333251953125000e+02
7.166417846679687500e+02
7.599084472656250000e+02
6.197429809570312500e+02
7.441426391601562500e+02
5.599306030273437500e+02
8.267038574218750000e+02
7.222708740234375000e+02
8.645804443359375000e+02
7.562817993164062500e+02
5.892138061523437500e+02
7.631937255859375000e+02
6.723458862304687500e+02
6.208382568359375000e+02
9.473191528320312500e+02
8.124533691406250000e+02
8.688862304687500000e+02
8.455867919921875000e+02
8.976575317382812500e+02
8.016183471679687500e+02
6.745693969726562500e+02
7.473973388671875000e+02
6.927009277343750000e+02
8.656694946289062500e+02
7.771368408203125000e+02
7.233317260742187500e+02
7.757698364257812500e+02
7.156749877929687500e+02
6.768719482421875000e+02
8.081786499023437500e+02
7.716658935546875000e+02
7.504326782226562500e+02
8.481809692382812500e+02
6.375300903320312500e+02
7.039199218750000000e+02
7.376251831054687500e+02
5.871295776367187500e+02
6.278585205078125000e+02
6.671463012695312500e+02
9.547675170898437500e+02
8.001601562500000000e+02
8.223270874023437500e+02
8.277249755859375000e+02
6.392095947265625000e+02
8.037398681640625000e+02
8.801979370117187500e+02
7.710446777343750000e+02
7.575638427734375000e+02
7.592707519531250000e+02
8.007391967773437500e+02
7.778425903320312500e+02
8.217884521484375000e+02
8.061146850585937500e+02
5.557216796875000000e+02
8.935025024414062500e+02
6.972733154296875000e+02
6.401063232421875000e+02
3.703992004394531250e+02
7.916842651367187500e+02
8.426010742187500000e+02
8.845355834960937500e+02
6.147727661132812500e+02
9.989235839843750000e+02
7.025184936523437500e+02
7.834489135742187500e+02
8.090921020507812500e+02
7.172984619140625000e+02
7.732946777343750000e+02
8.537252197265625000e+02
9.720925292968750000e+02
5.905712280273437500e+02
8.612901000976562500e+02
1.044241943359375000e+03
8.158719482421875000e+02
8.362835693359375000e+02
6.172438964843750000e+02
8.808640747070312500e+02
6.034531250000000000e+02
7.317561645507812500e+02
7.614841308593750000e+02
7.070057373046875000e+02
8.307187500000000000e+02
7.321022338867187500e+02
6.817311401367187500e+02
8.768295288085937500e+02
8.332536621093750000e+02
7.063054199218750000e+02
8.034935913085937500e+02
5.254500122070312500e+02
8.788840332031250000e+02
8.112982788085937500e+02
8.492245483398437500e+02
6.542901000976562500e+02
8.224362182617187500e+02
5.697484130859375000e+02
7.454886474609375000e+02
5.973546142578125000e+02
8.920021972656250000e+02
7.624398193359375000e+02
6.845119018554687500e+02
7.528782348632812500e+02
9.718146362304687500e+02
7.233012084960937500e+02
5.724067993164062500e+02
8.870303344726562500e+02
7.768534545898437500e+02
7.564056396484375000e+02
7.124373168945312500e+02
6.428826293945312500e+02
6.056735229492187500e+02
6.074537353515625000e+02
7.902200927734375000e+02
8.034777832031250000e+02
8.708289794921875000e+02
7.373511352539062500e+02
7.937501831054687500e+02
8.237452392578125000e+02
7.033755493164062500e+02
9.038883666992187500e+02
5.402658081054687500e+02
6.566160888671875000e+02
7.677036132812500000e+02
7.001688842773437500e+02
7.072486572265625000e+02
6.983882446289062500e+02
9.231741943359375000e+02
6.738862915039062500e+02
6.202669067382812500e+02
7.087551879882812500e+02
8.253463745117187500e+02
8.250061645507812500e+02
8.980474243164062500e+02
8.327837524414062500e+02
8.609257202148437500e+02
7.506779174804687500e+02
9.194008178710937500e+02
6.278201293945312500e+02
8.308038940429687500e+02
7.192571411132812500e+02
8.504335937500000000e+02
6.829693603515625000e+02
7.273275146484375000e+02
7.969098510742187500e+02
1.008100708007812500e+03
9.043739013671875000e+02
8.331547851562500000e+02
8.240936889648437500e+02
7.580993652343750000e+02
9.048101806640625000e+02
7.114906616210937500e+02
5.972288818359375000e+02
7.282587280273437500e+02
6.614805908203125000e+02
8.449861450195312500e+02
7.476238403320312500e+02
8.333350219726562500e+02
8.487009277343750000e+02
7.087428588867187500e+02
8.814343872070312500e+02
6.354313354492187500e+02
5.112688293457031250e+02
7.722551269531250000e+02
8.272750854492187500e+02
7.571974487304687500e+02
4.605053405761718750e+02
6.921458129882812500e+02
7.988404541015625000e+02
9.622182617187500000e+02
8.425368041992187500e+02
8.529002685546875000e+02
6.374883422851562500e+02
5.499282226562500000e+02
7.783132934570312500e+02
8.339094238281250000e+02
7.876593017578125000e+02
8.422132568359375000e+02
8.731777343750000000e+02
8.522791748046875000e+02
8.384497070312500000e+02
4.733102722167968750e+02
7.396160888671875000e+02
7.593032836914062500e+02
8.874353027343750000e+02
7.940580444335937500e+02
8.805050659179687500e+02
5.406357421875000000e+02
7.730299072265625000e+02
8.099752807617187500e+02
9.101228027343750000e+02
8.040460815429687500e+02
8.893829345703125000e+02
8.981344604492187500e+02
6.542091064453125000e+02
8.783663940429687500e+02
7.900752563476562500e+02
6.665089721679687500e+02
7.455911254882812500e+02
7.702899780273437500e+02
9.346035156250000000e+02
7.934568481445312500e+02
7.460638427734375000e+02
7.301641235351562500e+02
5.778738403320312500e+02
6.231441650390625000e+02
6.842188720703125000e+02
8.751417846679687500e+02
8.731976318359375000e+02
7.020798339843750000e+02
7.684901733398437500e+02
9.267894287109375000e+02
9.561538696289062500e+02
9.610686645507812500e+02
7.983658447265625000e+02
9.178430786132812500e+02
8.732861328125000000e+02
7.469653320312500000e+02
9.242957153320312500e+02
7.800946044921875000e+02
6.996986694335937500e+02
7.200390625000000000e+02
8.769442138671875000e+02
7.352822265625000000e+02
8.393457641601562500e+02
7.735718383789062500e+02
7.078914794921875000e+02
6.106060180664062500e+02
6.901849365234375000e+02
5.750624389648437500e+02
7.945918579101562500e+02
7.141296997070312500e+02
7.573667602539062500e+02
8.928541259765625000e+02
8.245189819335937500e+02
6.614250488281250000e+02
7.103140869140625000e+02
1.031943359375000000e+03
5.777407836914062500e+02
8.007030639648437500e+02
5.800949707031250000e+02
9.184927368164062500e+02
7.568188476562500000e+02
9.328175048828125000e+02
7.422619018554687500e+02
7.171521606445312500e+02
6.710266113281250000e+02
8.828306884765625000e+02
7.831892700195312500e+02
6.016309814453125000e+02
7.405205688476562500e+02
4.852170715332031250e+02
7.747609863281250000e+02
7.128181762695312500e+02
9.073266601562500000e+02
7.943326416015625000e+02
8.007726440429687500e+02
7.672791748046875000e+02
7.595791625976562500e+02
7.123065185546875000e+02
6.291719970703125000e+02
7.997232055664062500e+02
9.072487182617187500e+02
8.650505981445312500e+02
7.426770629882812500e+02
7.829116210937500000e+02
8.072488403320312500e+02
7.874055175781250000e+02
6.092103271484375000e+02
8.300023803710937500e+02
6.996251831054687500e+02
8.255839843750000000e+02
7.502940673828125000e+02
6.069927368164062500e+02
7.089386596679687500e+02
6.718937377929687500e+02
6.502904663085937500e+02
9.242862548828125000e+02
7.529276123046875000e+02
8.056456909179687500e+02
9.595979614257812500e+02
5.896264648437500000e+02
5.308273925781250000e+02
7.480352783203125000e+02
9.075823364257812500e+02
9.468805541992187500e+02
7.066810913085937500e+02
8.211212768554687500e+02
6.932648315429687500e+02
8.070628051757812500e+02
6.606661987304687500e+02
7.943522338867187500e+02
9.054441528320312500e+02
7.983880004882812500e+02
8.544389038085937500e+02
6.638217773437500000e+02
7.195454101562500000e+02
8.354753417968750000e+02
8.154389038085937500e+02
7.970751342773437500e+02
7.072985229492187500e+02
1.023865600585937500e+03
7.197886962890625000e+02
6.457088623046875000e+02
7.054196777343750000e+02
7.903449707031250000e+02
5.711314697265625000e+02
6.636964721679687500e+02
6.684672851562500000e+02
8.167543334960937500e+02
9.266498413085937500e+02
8.992196655273437500e+02
7.058907470703125000e+02
8.939984130859375000e+02
7.038146362304687500e+02
6.307282104492187500e+02
9.612009277343750000e+02
6.545166015625000000e+02
7.760027465820312500e+02
6.556221313476562500e+02
6.560989379882812500e+02
8.888942871093750000e+02
6.588071289062500000e+02
6.663444824218750000e+02
6.888099365234375000e+02
7.202847290039062500e+02
9.022150268554687500e+02
9.305881347656250000e+02
9.312883911132812500e+02
6.533707885742187500e+02
1.110935180664062500e+03
9.162058715820312500e+02
8.193698120117187500e+02
5.877880249023437500e+02
7.744152832031250000e+02
7.667695922851562500e+02
7.199607543945312500e+02
6.916203613281250000e+02
9.221118164062500000e+02
9.081476440429687500e+02
5.669655761718750000e+02
8.740681152343750000e+02
8.336305541992187500e+02
7.398977661132812500e+02
6.463151855468750000e+02
7.375730590820312500e+02
7.248594970703125000e+02
5.479245605468750000e+02
7.747301025390625000e+02
7.175205078125000000e+02
6.832803955078125000e+02
7.319216918945312500e+02
7.271139526367187500e+02
8.255183715820312500e+02
6.817636108398437500e+02
7.396649169921875000e+02
8.419050292968750000e+02
7.889323730468750000e+02
6.908088989257812500e+02
6.982661132812500000e+02
6.844762573242187500e+02
8.291484375000000000e+02
7.721848754882812500e+02
6.525396118164062500e+02
8.898943481445312500e+02
1.061474609375000000e+03
8.435296630859375000e+02
8.552828979492187500e+02
6.899979248046875000e+02
8.126343383789062500e+02
8.042330322265625000e+02
7.386124877929687500e+02
5.563032836914062500e+02
8.965819091796875000e+02
8.251275024414062500e+02
8.663811645507812500e+02
7.541195678710937500e+02
7.116441650390625000e+02
7.667224731445312500e+02
6.446945190429687500e+02
7.476002807617187500e+02
7.521864624023437500e+02
5.553396606445312500e+02
8.257120361328125000e+02
7.465566406250000000e+02
7.953145141601562500e+02
8.106541748046875000e+02
8.790136718750000000e+02
7.487992553710937500e+02
7.339641723632812500e+02
8.132819824218750000e+02
8.416316528320312500e+02
8.110679931640625000e+02
6.287821044921875000e+02
9.239152221679687500e+02
8.441405639648437500e+02
8.700226440429687500e+02
6.723925170898437500e+02
7.839115600585937500e+02
7.393829345703125000e+02
6.467453613281250000e+02
6.597611083984375000e+02
8.502573242187500000e+02
6.608502807617187500e+02
7.687141113281250000e+02
7.113518676757812500e+02
9.628494262695312500e+02
8.232593994140625000e+02
7.171806030273437500e+02
7.330089721679687500e+02
8.161386108398437500e+02
8.385682983398437500e+02
6.582211303710937500e+02
7.991307983398437500e+02
8.768449707031250000e+02
6.725769042968750000e+02
6.243944702148437500e+02
7.838465576171875000e+02
5.845591430664062500e+02
7.096973876953125000e+02
8.489931640625000000e+02
8.342561645507812500e+02
5.065393371582031250e+02
7.592866821289062500e+02
7.646312255859375000e+02
8.148216552734375000e+02
6.732606201171875000e+02
7.513473510742187500e+02
8.313742675781250000e+02
7.247669677734375000e+02
9.002206420898437500e+02
6.496270141601562500e+02
7.554824829101562500e+02
6.805324707031250000e+02
7.891897583007812500e+02
6.044307250976562500e+02
7.485456542968750000e+02
7.914255981445312500e+02
8.752210693359375000e+02
8.633892211914062500e+02
8.782164916992187500e+02
7.353427734375000000e+02
7.891498413085937500e+02
8.196871948242187500e+02
7.063562622070312500e+02
8.627568359375000000e+02
5.324524536132812500e+02
6.740621948242187500e+02
7.951815185546875000e+02
9.871994628906250000e+02
8.109461059570312500e+02
6.862786865234375000e+02
8.476180419921875000e+02
5.306250610351562500e+02
8.152640991210937500e+02
7.863742065429687500e+02
9.105067138671875000e+02
8.605155029296875000e+02
5.420239868164062500e+02
8.051363525390625000e+02
5.472578735351562500e+02
8.710423583984375000e+02
7.785656127929687500e+02
6.304147338867187500e+02
6.334980468750000000e+02
7.636456909179687500e+02
8.478192749023437500e+02
6.056555175781250000e+02
6.853184204101562500e+02
6.524881591796875000e+02
8.161802978515625000e+02
5.537156982421875000e+02
9.059271240234375000e+02
7.695664062500000000e+02
7.715287475585937500e+02
8.842644653320312500e+02
9.052878417968750000e+02
7.500784301757812500e+02
6.763096313476562500e+02
7.600470581054687500e+02
7.714280395507812500e+02
7.565930175781250000e+02
9.515977172851562500e+02
7.974572753906250000e+02
5.972474365234375000e+02
6.942164306640625000e+02
6.967203369140625000e+02
8.735834350585937500e+02
6.682160034179687500e+02
5.604827880859375000e+02
8.330763549804687500e+02
7.991649780273437500e+02
5.063721008300781250e+02
7.268405151367187500e+02
8.696965332031250000e+02
7.686352539062500000e+02
4.698155822753906250e+02
7.937854003906250000e+02
8.812169799804687500e+02
7.441664428710937500e+02
8.418244628906250000e+02
5.168995971679687500e+02
8.249142456054687500e+02
1.092706909179687500e+03
8.047667236328125000e+02
8.078693237304687500e+02
6.650007324218750000e+02
8.845890502929687500e+02
7.182044677734375000e+02
8.817215576171875000e+02
7.792570190429687500e+02
6.598538208007812500e+02
7.124984741210937500e+02
7.831788330078125000e+02
6.396943969726562500e+02
6.731378173828125000e+02
8.354878540039062500e+02
6.359664916992187500e+02
7.066117553710937500e+02
8.109882202148437500e+02
7.500143432617187500e+02
9.198825073242187500e+02
9.195203857421875000e+02
9.746586303710937500e+02
6.248869628906250000e+02
6.951410522460937500e+02
6.739451904296875000e+02
9.375207519531250000e+02
6.801582031250000000e+02
7.758493652343750000e+02
6.916373291015625000e+02
7.969090576171875000e+02
6.371461791992187500e+02
8.943508300781250000e+02
6.260148315429687500e+02
7.294879150390625000e+02
7.001416015625000000e+02
7.104544677734375000e+02
7.388351440429687500e+02
7.184811401367187500e+02
6.978967285156250000e+02
9.443282470703125000e+02
8.675003662109375000e+02
6.996485595703125000e+02
6.652781372070312500e+02
8.553988647460937500e+02
8.920624389648437500e+02
9.605086669921875000e+02
7.990842895507812500e+02
7.712804565429687500e+02
6.882947998046875000e+02
8.817135009765625000e+02
5.802124633789062500e+02
8.712825317382812500e+02
7.676815185546875000e+02
4.575456848144531250e+02
7.394953613281250000e+02
7.932359619140625000e+02
7.426846923828125000e+02
8.254375000000000000e+02
7.126543579101562500e+02
7.746691894531250000e+02
7.782335815429687500e+02
7.449089965820312500e+02
9.038397827148437500e+02
7.913086547851562500e+02
8.099972534179687500e+02
6.423812866210937500e+02
7.484677734375000000e+02
8.051359863281250000e+02
8.133051147460937500e+02
8.207688598632812500e+02
9.427847900390625000e+02
6.394450683593750000e+02
8.052694702148437500e+02
8.615947875976562500e+02
7.697503662109375000e+02
8.377648315429687500e+02
7.459447021484375000e+02
8.285734252929687500e+02
9.349155273437500000e+02
8.760488891601562500e+02
6.727816162109375000e+02
6.885947875976562500e+02
9.446954956054687500e+02
9.351791381835937500e+02
8.958959350585937500e+02
8.380654296875000000e+02
7.119080810546875000e+02
7.974528808593750000e+02
5.885841064453125000e+02
7.017897949218750000e+02
8.507219238281250000e+02
8.897675170898437500e+02
7.336040039062500000e+02
7.538843383789062500e+02
7.234837036132812500e+02
6.908599853515625000e+02
7.665690917968750000e+02
6.334633178710937500e+02
8.085411987304687500e+02
7.959969482421875000e+02
9.518834228515625000e+02
7.795371093750000000e+02
9.428016967773437500e+02
9.013738403320312500e+02
7.367304687500000000e+02
8.283798828125000000e+02
5.491361694335937500e+02
4.708615112304687500e+02
6.612042846679687500e+02
9.741577758789062500e+02
8.434692993164062500e+02
8.003784179687500000e+02
6.846314086914062500e+02
8.131600952148437500e+02
6.765388793945312500e+02
6.729740600585937500e+02
6.912239990234375000e+02
5.627872314453125000e+02
7.957434082031250000e+02
7.563938598632812500e+02
7.949570922851562500e+02
6.384921875000000000e+02
7.221195068359375000e+02
7.642274169921875000e+02
7.299188842773437500e+02
7.100086059570312500e+02
8.232625122070312500e+02
7.300162963867187500e+02
5.671378784179687500e+02
6.167774047851562500e+02
5.396560668945312500e+02
8.897611083984375000e+02
7.651001586914062500e+02
7.114911499023437500e+02
8.423837890625000000e+02
6.759951171875000000e+02
8.046854858398437500e+02
8.143641967773437500e+02
5.506608886718750000e+02
5.816981811523437500e+02
6.654289550781250000e+02
8.956811523437500000e+02
7.560068359375000000e+02
8.855278930664062500e+02
7.270115356445312500e+02
7.473762207031250000e+02
7.655075073242187500e+02
8.730236206054687500e+02
8.706971435546875000e+02
8.664998779296875000e+02
8.029697875976562500e+02
8.894427490234375000e+02
7.752926635742187500e+02
1.018311157226562500e+03
6.104735107421875000e+02
7.152861328125000000e+02
6.990117797851562500e+02
6.143320922851562500e+02
6.833313598632812500e+02
7.652377929687500000e+02
5.993289794921875000e+02
7.149577636718750000e+02
5.108342590332031250e+02
7.772053833007812500e+02
6.188271484375000000e+02
7.799608764648437500e+02
7.488677978515625000e+02
9.117719726562500000e+02
7.832310791015625000e+02
7.379764404296875000e+02
8.455760498046875000e+02
6.755676879882812500e+02
4.719471740722656250e+02
6.665249633789062500e+02
6.927757568359375000e+02
6.531096801757812500e+02
7.008016357421875000e+02
7.191411132812500000e+02
6.862729492187500000e+02
5.132075805664062500e+02
7.963852539062500000e+02
9.523552246093750000e+02
8.222551879882812500e+02
7.053242187500000000e+02
6.783114624023437500e+02
6.094165039062500000e+02
6.394956054687500000e+02
8.454051513671875000e+02
9.201581420898437500e+02
8.137570800781250000e+02
7.264284667968750000e+02
6.923715209960937500e+02
9.230725097656250000e+02
8.242413330078125000e+02
8.632975463867187500e+02
7.292691650390625000e+02
7.871195068359375000e+02
8.195654907226562500e+02
6.776898193359375000e+02
9.500311889648437500e+02
7.824302368164062500e+02
8.680476074218750000e+02
6.414251708984375000e+02
8.793385620117187500e+02
8.211186523437500000e+02
7.858941650390625000e+02
7.717147216796875000e+02
6.736649780273437500e+02
6.317901611328125000e+02
7.012335815429687500e+02
8.186739501953125000e+02
6.578026733398437500e+02
8.318034057617187500e+02
8.471636352539062500e+02
8.902131347656250000e+02
7.707866821289062500e+02
8.209403686523437500e+02
6.874004516601562500e+02
8.072712402343750000e+02
7.423600463867187500e+02
7.501256713867187500e+02
6.472421264648437500e+02
8.559472045898437500e+02
7.545206909179687500e+02
7.612086181640625000e+02
8.922778320312500000e+02
8.770768432617187500e+02
1.030369628906250000e+03
7.408784790039062500e+02
7.694866943359375000e+02
7.885996704101562500e+02
7.297568969726562500e+02
6.725684204101562500e+02
6.253874511718750000e+02
9.132160644531250000e+02
8.934874267578125000e+02
6.489290161132812500e+02
8.072776489257812500e+02
1.005154968261718750e+03
6.713689575195312500e+02
6.890759887695312500e+02
8.483159790039062500e+02
8.065501708984375000e+02
7.672009277343750000e+02
6.999674682617187500e+02
8.511618041992187500e+02
7.419678344726562500e+02
6.323688354492187500e+02
6.535191040039062500e+02
8.728510742187500000e+02
8.850437622070312500e+02
6.577044067382812500e+02
7.203426513671875000e+02
7.673021850585937500e+02
8.291815185546875000e+02
8.003399047851562500e+02
7.249720458984375000e+02
8.054066772460937500e+02
7.950037841796875000e+02
7.331632080078125000e+02
5.808430786132812500e+02
7.258424682617187500e+02
7.996336669921875000e+02
6.857906494140625000e+02
8.762260131835937500e+02
6.747085571289062500e+02
8.780011596679687500e+02
7.418352661132812500e+02
6.865534667968750000e+02
9.328945312500000000e+02
7.644781494140625000e+02
7.560797119140625000e+02
9.162641601562500000e+02
5.662831420898437500e+02
7.928952636718750000e+02
8.701076660156250000e+02
9.270717773437500000e+02
8.359776000976562500e+02
8.217014160156250000e+02
8.995434570312500000e+02
6.585661621093750000e+02
7.792880249023437500e+02
6.062586059570312500e+02
7.253520507812500000e+02
6.717586059570312500e+02
7.411370239257812500e+02
9.793438720703125000e+02
8.875682983398437500e+02
8.726637573242187500e+02
7.579712524414062500e+02
6.106929931640625000e+02
9.406072387695312500e+02
8.091808471679687500e+02
6.841586914062500000e+02
5.734722900390625000e+02
6.403881835937500000e+02
8.331148071289062500e+02
8.972511596679687500e+02
6.716432495117187500e+02
7.669434814453125000e+02
4.887796630859375000e+02
8.070955810546875000e+02
1.002417785644531250e+03
8.524451293945312500e+02
6.260182495117187500e+02
7.343978881835937500e+02
7.347241210937500000e+02
9.296872558593750000e+02
6.407350463867187500e+02
9.850612792968750000e+02
5.968281250000000000e+02
7.727941894531250000e+02
7.546096191406250000e+02
7.328076782226562500e+02
7.770387573242187500e+02
7.445191040039062500e+02
8.344549560546875000e+02
7.569464111328125000e+02
7.743409423828125000e+02
7.648090209960937500e+02
6.422416381835937500e+02
9.014107055664062500e+02
7.319924316406250000e+02
5.619206542968750000e+02
6.840264892578125000e+02
7.307977905273437500e+02
7.755881347656250000e+02
7.930658569335937500e+02
7.551500244140625000e+02
6.231716308593750000e+02
7.220684814453125000e+02
6.886597900390625000e+02
6.329835815429687500e+02
7.267695922851562500e+02
8.784205932617187500e+02
7.261080932617187500e+02
5.649211425781250000e+02
7.600560302734375000e+02
8.578786621093750000e+02
7.771027221679687500e+02
7.075609130859375000e+02
4.808813476562500000e+02
6.956927490234375000e+02
7.769398193359375000e+02
7.757442626953125000e+02
9.217509155273437500e+02
8.464341430664062500e+02
8.403181762695312500e+02
7.713870239257812500e+02
8.782826538085937500e+02
8.803708496093750000e+02
6.091365356445312500e+02
5.002737121582031250e+02
7.829383544921875000e+02
6.247990722656250000e+02
8.084033813476562500e+02
7.228489379882812500e+02
7.869436035156250000e+02
8.176894531250000000e+02
7.041163940429687500e+02
5.730961303710937500e+02
9.151915893554687500e+02
9.947279052734375000e+02
8.569271850585937500e+02
7.844915771484375000e+02
7.998059692382812500e+02
8.184255371093750000e+02
7.616472167968750000e+02
6.721278076171875000e+02
8.537896118164062500e+02
7.807773437500000000e+02
6.189735717773437500e+02
7.773475341796875000e+02
6.082868041992187500e+02
7.070876464843750000e+02
5.691809082031250000e+02
8.817155761718750000e+02
8.288493041992187500e+02
8.782276000976562500e+02
6.256285400390625000e+02
5.927919921875000000e+02
6.465658569335937500e+02
8.146507568359375000e+02
6.877023315429687500e+02
8.446229248046875000e+02
6.974261474609375000e+02
7.595352172851562500e+02
9.085231933593750000e+02
8.817888183593750000e+02
7.466795654296875000e+02
8.738986816406250000e+02
7.917224121093750000e+02
7.422681884765625000e+02
7.270101318359375000e+02
7.497802734375000000e+02
7.115459594726562500e+02
7.922631835937500000e+02
7.228099975585937500e+02
6.789652099609375000e+02
7.011375732421875000e+02
8.145859375000000000e+02
7.574876708984375000e+02
6.284063110351562500e+02
8.278797607421875000e+02
4.877600708007812500e+02
8.109721069335937500e+02
7.313384399414062500e+02
9.386608276367187500e+02
7.439057006835937500e+02
8.545827026367187500e+02
5.239267578125000000e+02
8.832188720703125000e+02
1.032358642578125000e+03
6.579437255859375000e+02
7.802850341796875000e+02
5.992848510742187500e+02
7.690817871093750000e+02
7.008093872070312500e+02
7.876647338867187500e+02
1.013922973632812500e+03
9.306376342773437500e+02
9.370911254882812500e+02
8.544296264648437500e+02
8.196852416992187500e+02
7.805440063476562500e+02
8.324732055664062500e+02
7.952540283203125000e+02
9.164716186523437500e+02
6.118441162109375000e+02
7.928672485351562500e+02
7.861994018554687500e+02
7.161069946289062500e+02
8.948412475585937500e+02
8.235889282226562500e+02
7.320166625976562500e+02
7.562042846679687500e+02
1.014572143554687500e+03
7.230476684570312500e+02
7.481185913085937500e+02
7.651735839843750000e+02
7.875737304687500000e+02
7.258123168945312500e+02
7.987566528320312500e+02
8.737546386718750000e+02
8.376377563476562500e+02
8.383103027343750000e+02
5.326895751953125000e+02
8.061585083007812500e+02
8.085548095703125000e+02
6.950665893554687500e+02
7.961527709960937500e+02
7.574006347656250000e+02
5.813383789062500000e+02
6.737098388671875000e+02
7.506036376953125000e+02
8.214769287109375000e+02
7.724338378906250000e+02
7.678598022460937500e+02
8.849508666992187500e+02
7.581877441406250000e+02
8.892510375976562500e+02
7.168884887695312500e+02
8.702731323242187500e+02
8.941508178710937500e+02
8.442525634765625000e+02
8.167438964843750000e+02
7.203987426757812500e+02
1.009349304199218750e+03
5.952934570312500000e+02
4.569454650878906250e+02
7.317708129882812500e+02
8.060954589843750000e+02
6.760189819335937500e+02
7.601421508789062500e+02
8.313795776367187500e+02
7.141881103515625000e+02
4.880648803710937500e+02
7.568353271484375000e+02
7.440456542968750000e+02
9.568397827148437500e+02
8.499910888671875000e+02
7.954538574218750000e+02
7.969114379882812500e+02
7.584278564453125000e+02
8.337556152343750000e+02
9.160225830078125000e+02
7.912595214843750000e+02
8.487211914062500000e+02
7.763463134765625000e+02
8.716787109375000000e+02
8.182608032226562500e+02
7.827570800781250000e+02
7.949543457031250000e+02
7.685970458984375000e+02
5.304529418945312500e+02
8.213724365234375000e+02
7.118409423828125000e+02
7.645798950195312500e+02
6.266956787109375000e+02
7.887582397460937500e+02
8.056995849609375000e+02
8.367042236328125000e+02
8.297666625976562500e+02
7.350115356445312500e+02
1.012167480468750000e+03
7.322052612304687500e+02
7.193883056640625000e+02
8.064295043945312500e+02
8.033561401367187500e+02
5.747330322265625000e+02
6.454478759765625000e+02
8.590922851562500000e+02
8.811927490234375000e+02
9.367265625000000000e+02
8.864262695312500000e+02
6.649957885742187500e+02
9.580659179687500000e+02
7.286174926757812500e+02
5.551114501953125000e+02
7.736972656250000000e+02
7.657413330078125000e+02
8.281413574218750000e+02
6.934292602539062500e+02
7.457450561523437500e+02
6.272189331054687500e+02
6.644868774414062500e+02
6.769219360351562500e+02
7.142713623046875000e+02
6.249369506835937500e+02
5.684609985351562500e+02
8.134804077148437500e+02
6.058933105468750000e+02
6.438838500976562500e+02
7.586486206054687500e+02
6.411425781250000000e+02
7.596407470703125000e+02
7.493750610351562500e+02
6.791182250976562500e+02
8.278346557617187500e+02
9.788947753906250000e+02
7.964105224609375000e+02
6.636369018554687500e+02
6.936748046875000000e+02
8.283770141601562500e+02
6.836301269531250000e+02
8.540925292968750000e+02
8.249893798828125000e+02
7.622800292968750000e+02
6.963880615234375000e+02
6.808488159179687500e+02
7.190648193359375000e+02
9.650123901367187500e+02
7.391200561523437500e+02
6.014921264648437500e+02
7.399680786132812500e+02
7.478022460937500000e+02
7.180333862304687500e+02
4.599190673828125000e+02
6.959315795898437500e+02
6.654910278320312500e+02
7.527384033203125000e+02
5.918502807617187500e+02
5.612908935546875000e+02
7.317448120117187500e+02
7.577357177734375000e+02
6.931734008789062500e+02
6.733430175781250000e+02
6.425544433593750000e+02
8.308209838867187500e+02
7.686331176757812500e+02
6.074191284179687500e+02
8.789046630859375000e+02
7.930378417968750000e+02
8.206784667968750000e+02
8.086735229492187500e+02
8.292228393554687500e+02
8.130141601562500000e+02
7.241829223632812500e+02
7.374880981445312500e+02
7.091119384765625000e+02
7.370202026367187500e+02
4.830370178222656250e+02
7.537670288085937500e+02
8.441895751953125000e+02
8.171312255859375000e+02
8.883698120117187500e+02
9.491154174804687500e+02
8.598432006835937500e+02
7.776898193359375000e+02
1.038611694335937500e+03
8.603107299804687500e+02
9.063306884765625000e+02
6.644017944335937500e+02
6.872567138671875000e+02
6.596015625000000000e+02
8.232205200195312500e+02
9.225888061523437500e+02
7.453087768554687500e+02
6.724538574218750000e+02
8.994263305664062500e+02
7.893656616210937500e+02
6.440973510742187500e+02
7.991325073242187500e+02
4.795855407714843750e+02
4.844720458984375000e+02
7.227918701171875000e+02
7.902928466796875000e+02
7.933753662109375000e+02
7.489052124023437500e+02
7.598698730468750000e+02
8.192148437500000000e+02
6.580652465820312500e+02
1.000111083984375000e+03
8.025701904296875000e+02
7.723139648437500000e+02
6.992524414062500000e+02
1.061266113281250000e+03
7.141291503906250000e+02
6.672704467773437500e+02
8.529493408203125000e+02
5.359310913085937500e+02
7.408948364257812500e+02
7.104401245117187500e+02
5.461449584960937500e+02
7.962658691406250000e+02
8.658012695312500000e+02
7.182380371093750000e+02
7.222048339843750000e+02
8.239804687500000000e+02
9.658138427734375000e+02
4.869199829101562500e+02
9.493913574218750000e+02
6.522208251953125000e+02
7.898154296875000000e+02
4.853353881835937500e+02
8.572920532226562500e+02
7.938557128906250000e+02
6.449612426757812500e+02
8.563789672851562500e+02
6.559764404296875000e+02
6.177315063476562500e+02
7.912773437500000000e+02
6.847926025390625000e+02
7.190342407226562500e+02
7.998861083984375000e+02
6.496937866210937500e+02
8.554878540039062500e+02
8.380595703125000000e+02
6.482379760742187500e+02
8.069302978515625000e+02
8.312763061523437500e+02
6.785066528320312500e+02
7.594935302734375000e+02
6.252433471679687500e+02
8.436953735351562500e+02
6.872102050781250000e+02
9.126009521484375000e+02
5.316107177734375000e+02
6.978380737304687500e+02
8.653184814453125000e+02
6.198427734375000000e+02
6.603203125000000000e+02
7.657089843750000000e+02
8.941425781250000000e+02
8.257228393554687500e+02
8.447689208984375000e+02
6.375228271484375000e+02
5.941054687500000000e+02
9.361064453125000000e+02
8.864792480468750000e+02
8.643019409179687500e+02
7.821351928710937500e+02
6.958897705078125000e+02
9.535902099609375000e+02
8.448636474609375000e+02
6.594389038085937500e+02
7.991574707031250000e+02
5.675546875000000000e+02
8.147854614257812500e+02
7.489866333007812500e+02
6.031664428710937500e+02
8.689866943359375000e+02
7.006082763671875000e+02
7.595797729492187500e+02
8.081552124023437500e+02
6.180435180664062500e+02
5.613812866210937500e+02
8.164221191406250000e+02
8.999966430664062500e+02
6.153710937500000000e+02
7.933897705078125000e+02
6.140140380859375000e+02
5.595601196289062500e+02
6.727912597656250000e+02
8.855471191406250000e+02
9.512646484375000000e+02
6.560957641601562500e+02
8.542845458984375000e+02
9.338679809570312500e+02
9.199025268554687500e+02
7.715952758789062500e+02
8.774248046875000000e+02
8.009322509765625000e+02
6.827396850585937500e+02
7.472485961914062500e+02
8.959501342773437500e+02
7.659946289062500000e+02
9.002556152343750000e+02
8.365723266601562500e+02
7.421706542968750000e+02
6.683915405273437500e+02
6.962503662109375000e+02
7.220978393554687500e+02
8.689328613281250000e+02
9.090545043945312500e+02
7.724854125976562500e+02
6.743828735351562500e+02
5.770681762695312500e+02
7.369681396484375000e+02
6.368619384765625000e+02
7.410687255859375000e+02
6.575270385742187500e+02
8.430720214843750000e+02
6.785248413085937500e+02
6.345263671875000000e+02
8.119350585937500000e+02
9.099114379882812500e+02
5.305147094726562500e+02
8.073409423828125000e+02
1.040015747070312500e+03
6.969295654296875000e+02
8.914963378906250000e+02
6.713833007812500000e+02
8.601299438476562500e+02
6.168726806640625000e+02
6.297910766601562500e+02
7.399749755859375000e+02
7.970900268554687500e+02
8.168479614257812500e+02
7.071887817382812500e+02
8.671575927734375000e+02
7.736503295898437500e+02
7.913710937500000000e+02
6.349334106445312500e+02
8.146997680664062500e+02
9.053057250976562500e+02
6.538656005859375000e+02
6.676096191406250000e+02
8.580701293945312500e+02
7.895743408203125000e+02
6.598365478515625000e+02
7.968990478515625000e+02
7.532518920898437500e+02
9.061655883789062500e+02
8.136361083984375000e+02
5.793121337890625000e+02
6.347570190429687500e+02
7.852360839843750000e+02
5.756640014648437500e+02
7.034429321289062500e+02
9.693095703125000000e+02
7.776929931640625000e+02
6.817336425781250000e+02
8.527781372070312500e+02
7.898616333007812500e+02
6.060664062500000000e+02
9.664393920898437500e+02
7.492125854492187500e+02
5.566427001953125000e+02
8.780491333007812500e+02
7.446478881835937500e+02
7.707055053710937500e+02
7.244444580078125000e+02
8.377830200195312500e+02
8.482487182617187500e+02
6.312543334960937500e+02
7.817570190429687500e+02
6.851810302734375000e+02
8.106586914062500000e+02
7.697618408203125000e+02
7.209891967773437500e+02
6.563541259765625000e+02
7.900225830078125000e+02
9.217725219726562500e+02
6.180625000000000000e+02
8.219120483398437500e+02
8.377257080078125000e+02
6.195998535156250000e+02
8.281918334960937500e+02
9.874950561523437500e+02
7.670538330078125000e+02
6.469122924804687500e+02
7.770922851562500000e+02
6.869203491210937500e+02
9.485233764648437500e+02
7.278215942382812500e+02
9.664673461914062500e+02
8.032620239257812500e+02
5.954314575195312500e+02
8.490178222656250000e+02
9.371826171875000000e+02
7.106417236328125000e+02
6.848555297851562500e+02
7.695735473632812500e+02
8.331599121093750000e+02
4.981040039062500000e+02
7.923100585937500000e+02
7.934951171875000000e+02
7.630414428710937500e+02
8.476437377929687500e+02
6.631777343750000000e+02
6.499347534179687500e+02
7.684324340820312500e+02
7.578167114257812500e+02
7.017374267578125000e+02
7.788806762695312500e+02
8.178164062500000000e+02
8.690278320312500000e+02
1.045342041015625000e+03
7.601029663085937500e+02
7.414746093750000000e+02
8.017381591796875000e+02
7.804805908203125000e+02
8.507310180664062500e+02
7.758375244140625000e+02
7.093692016601562500e+02
7.766379394531250000e+02
7.505231323242187500e+02
9.032956542968750000e+02
6.807146606445312500e+02
6.453858642578125000e+02
7.214086303710937500e+02
8.173822021484375000e+02
9.959531250000000000e+02
6.629450683593750000e+02
6.408148193359375000e+02
6.954461059570312500e+02
7.754465942382812500e+02
9.237659912109375000e+02
8.753954467773437500e+02
8.126401977539062500e+02
7.662001342773437500e+02
8.071630249023437500e+02
7.639578857421875000e+02
6.626931762695312500e+02
5.756079101562500000e+02
9.148239746093750000e+02
9.282894287109375000e+02
8.844657592773437500e+02
8.850307006835937500e+02
8.756959838867187500e+02
9.190004882812500000e+02
4.946078491210937500e+02
8.422446289062500000e+02
8.531275634765625000e+02
6.328668212890625000e+02
7.696228637695312500e+02
7.678006591796875000e+02
7.704901733398437500e+02
8.847622070312500000e+02
7.719235229492187500e+02
9.300655517578125000e+02
6.611311035156250000e+02
9.711058959960937500e+02
6.419320678710937500e+02
7.258078002929687500e+02
5.296752929687500000e+02
7.995727539062500000e+02
7.833920898437500000e+02
8.129064331054687500e+02
8.750411987304687500e+02
6.981854248046875000e+02
8.906747436523437500e+02
8.311170654296875000e+02
8.860748901367187500e+02
8.197942504882812500e+02
8.401874389648437500e+02
9.236432495117187500e+02
7.047978515625000000e+02
7.756910400390625000e+02
8.684074707031250000e+02
6.518157348632812500e+02
7.700119018554687500e+02
7.676704101562500000e+02
7.063421020507812500e+02
8.887429809570312500e+02
8.718621826171875000e+02
5.978060913085937500e+02
5.801226196289062500e+02
8.944808349609375000e+02
8.314388427734375000e+02
7.586558837890625000e+02
6.873328857421875000e+02
8.420969848632812500e+02
5.498786621093750000e+02
5.828237304687500000e+02
7.752387695312500000e+02
9.430862426757812500e+02
8.324415283203125000e+02
5.412318725585937500e+02
8.547927246093750000e+02
7.070857543945312500e+02
6.530095214843750000e+02
7.821607666015625000e+02
7.584613037109375000e+02
7.055166625976562500e+02
8.261333007812500000e+02
1.030701904296875000e+03
6.871375122070312500e+02
8.379785766601562500e+02
8.046143798828125000e+02
6.953555908203125000e+02
6.033376464843750000e+02
8.584156494140625000e+02
7.279041748046875000e+02
1.051294555664062500e+03
6.800378417968750000e+02
6.744460449218750000e+02
6.790233154296875000e+02
6.623534545898437500e+02
8.100753173828125000e+02
7.322844238281250000e+02
8.261626586914062500e+02
8.584374389648437500e+02
7.308633422851562500e+02
8.445609741210937500e+02
7.078717041015625000e+02
7.720510864257812500e+02
5.831388549804687500e+02
5.848371582031250000e+02
5.031958923339843750e+02
6.635718383789062500e+02
7.182247314453125000e+02
7.169904785156250000e+02
6.181323852539062500e+02
8.694073486328125000e+02
6.009829711914062500e+02
6.492276611328125000e+02
9.195311889648437500e+02
6.026232299804687500e+02
8.093903808593750000e+02
8.642434082031250000e+02
9.661543579101562500e+02
6.853545532226562500e+02
7.599966430664062500e+02
7.882692260742187500e+02
8.240718383789062500e+02
7.927527465820312500e+02
9.665213623046875000e+02
7.882018432617187500e+02
9.170365600585937500e+02
8.360771484375000000e+02
9.124730224609375000e+02
6.397775268554687500e+02
8.473587036132812500e+02
7.761057739257812500e+02
8.881176757812500000e+02
8.463174438476562500e+02
8.577687377929687500e+02
7.372969970703125000e+02
8.443352050781250000e+02
9.423585205078125000e+02
5.990363769531250000e+02
5.915681152343750000e+02
8.250673217773437500e+02
7.831163940429687500e+02
8.809254760742187500e+02
8.532597045898437500e+02
8.142083129882812500e+02
8.697636108398437500e+02
4.959750061035156250e+02
8.232608642578125000e+02
8.390908203125000000e+02
5.502099609375000000e+02
6.179058837890625000e+02
7.370175781250000000e+02
8.725543823242187500e+02
6.865178222656250000e+02
7.866718139648437500e+02
5.981847534179687500e+02
8.124653320312500000e+02
6.738214111328125000e+02
6.006856689453125000e+02
6.634724121093750000e+02
7.575285034179687500e+02
1.023177795410156250e+03
7.730825195312500000e+02
7.332928466796875000e+02
6.788359985351562500e+02
1.060144897460937500e+03
6.975808105468750000e+02
7.308093261718750000e+02
6.807135620117187500e+02
7.414415283203125000e+02
7.680077514648437500e+02
7.132905883789062500e+02
8.349019775390625000e+02
8.420751342773437500e+02
7.854311523437500000e+02
8.033248291015625000e+02
6.535350341796875000e+02
7.392681274414062500e+02
6.718691406250000000e+02
6.281239013671875000e+02
8.003288574218750000e+02
8.617329101562500000e+02
6.896260986328125000e+02
7.579154663085937500e+02
6.739608154296875000e+02
7.249836425781250000e+02
7.765043334960937500e+02
7.916661376953125000e+02
8.146379394531250000e+02
8.982625122070312500e+02
8.374461669921875000e+02
7.074550170898437500e+02
8.108208618164062500e+02
8.429421386718750000e+02
7.315309448242187500e+02
7.609402465820312500e+02
9.378040161132812500e+02
8.619252929687500000e+02
8.479715576171875000e+02
7.061945800781250000e+02
8.887110595703125000e+02
8.057611083984375000e+02
4.304164428710937500e+02
7.352863159179687500e+02
9.403715820312500000e+02
7.803254394531250000e+02
8.385217285156250000e+02
7.619269409179687500e+02
8.470083618164062500e+02
7.534239501953125000e+02
6.671837768554687500e+02
7.878168945312500000e+02
7.817218627929687500e+02
6.379146728515625000e+02
9.129425048828125000e+02
9.653049316406250000e+02
7.385982666015625000e+02
6.695310058593750000e+02
7.986201171875000000e+02
7.357492065429687500e+02
8.785662231445312500e+02
9.068806152343750000e+02
9.519626464843750000e+02
6.455184936523437500e+02
8.324741210937500000e+02
6.438491821289062500e+02
7.268004150390625000e+02
8.815471191406250000e+02
7.616216430664062500e+02
6.442989501953125000e+02
7.705697021484375000e+02
8.317780761718750000e+02
8.266608276367187500e+02
8.837450561523437500e+02
7.031789550781250000e+02
8.170360107421875000e+02
8.963354492187500000e+02
6.981427001953125000e+02
7.909291381835937500e+02
6.532419433593750000e+02
7.900386962890625000e+02
7.397847290039062500e+02
7.465999145507812500e+02
7.566323852539062500e+02
7.823647460937500000e+02
6.495573730468750000e+02
8.442315673828125000e+02
6.066589355468750000e+02
7.167692260742187500e+02
7.122185668945312500e+02
7.728728637695312500e+02
8.092733764648437500e+02
8.842082519531250000e+02
6.913730468750000000e+02
8.445772705078125000e+02
1.013543945312500000e+03
6.937936401367187500e+02
7.644167480468750000e+02
6.418339233398437500e+02
8.833982543945312500e+02
9.044073486328125000e+02
8.064429321289062500e+02
9.454774169921875000e+02
9.488212280273437500e+02
6.314707031250000000e+02
8.665686035156250000e+02
7.775988159179687500e+02
8.443269653320312500e+02
8.199962768554687500e+02
7.900660400390625000e+02
8.372230834960937500e+02
8.079384155273437500e+02
6.657434692382812500e+02
8.067514648437500000e+02
1.097163574218750000e+03
8.843701171875000000e+02
7.089859619140625000e+02
7.945768432617187500e+02
9.573500366210937500e+02
8.996818237304687500e+02
8.659793701171875000e+02
4.932232666015625000e+02
7.058403320312500000e+02
7.778818359375000000e+02
7.305679321289062500e+02
1.011660766601562500e+03
6.440508422851562500e+02
6.607822875976562500e+02
6.867111206054687500e+02
9.558690795898437500e+02
9.113487548828125000e+02
8.331303710937500000e+02
8.441453247070312500e+02
7.396358642578125000e+02
7.759406127929687500e+02
8.968412475585937500e+02
7.534132080078125000e+02
8.974845581054687500e+02
7.534556884765625000e+02
8.749287109375000000e+02
5.906898803710937500e+02
7.780740356445312500e+02
6.844297485351562500e+02
8.181725463867187500e+02
6.458399047851562500e+02
7.980850219726562500e+02
8.357305297851562500e+02
7.764506835937500000e+02
8.106637573242187500e+02
8.034619140625000000e+02
9.424873046875000000e+02
1.034350219726562500e+03
6.972802734375000000e+02
8.075061035156250000e+02
7.674769287109375000e+02
5.707333374023437500e+02
7.900120849609375000e+02
7.808557128906250000e+02
8.709647827148437500e+02
7.579567260742187500e+02
7.485565185546875000e+02
6.102011718750000000e+02
8.240241699218750000e+02
7.085322265625000000e+02
8.011537475585937500e+02
9.076737060546875000e+02
7.288366088867187500e+02
7.012873535156250000e+02
9.131372070312500000e+02
7.875633544921875000e+02
7.574940795898437500e+02
8.323598632812500000e+02
7.172875366210937500e+02
7.720388183593750000e+02
8.489086303710937500e+02
9.692476806640625000e+02
6.532788085937500000e+02
7.045108032226562500e+02
1.113667968750000000e+03
9.755570068359375000e+02
7.043244628906250000e+02
7.535925903320312500e+02
9.719671630859375000e+02
8.372390747070312500e+02
8.753132324218750000e+02
8.468956298828125000e+02
8.931332397460937500e+02
5.930563354492187500e+02
6.750935668945312500e+02
6.323673095703125000e+02
7.422684326171875000e+02
6.185886230468750000e+02
8.789166870117187500e+02
7.859795532226562500e+02
8.659077758789062500e+02
7.959191894531250000e+02
7.641510009765625000e+02
7.870253906250000000e+02
7.703165893554687500e+02
7.406191406250000000e+02
8.674342041015625000e+02
6.699568481445312500e+02
8.647805786132812500e+02
9.209040527343750000e+02
9.087578735351562500e+02
8.767433471679687500e+02
6.591652832031250000e+02
7.173431396484375000e+02
8.694762573242187500e+02
7.761308593750000000e+02
9.003387451171875000e+02
8.081449584960937500e+02
7.252291259765625000e+02
1.000729125976562500e+03
9.297447509765625000e+02
8.545216674804687500e+02
8.568975219726562500e+02
7.578887939453125000e+02
8.876668701171875000e+02
8.837669677734375000e+02
8.023306274414062500e+02
5.151714477539062500e+02
8.909870605468750000e+02
7.761438598632812500e+02
9.638070068359375000e+02
8.959942016601562500e+02
6.023057861328125000e+02
7.611654052734375000e+02
8.015313110351562500e+02
6.758659667968750000e+02
6.416611328125000000e+02
8.614468994140625000e+02
8.644384155273437500e+02
6.844551391601562500e+02
6.916083374023437500e+02
9.802282714843750000e+02
8.613313598632812500e+02
7.166359863281250000e+02
5.960195922851562500e+02
7.798984375000000000e+02
6.624519042968750000e+02
5.424563598632812500e+02
6.810695800781250000e+02
6.980797119140625000e+02
6.202271728515625000e+02
8.900862426757812500e+02
6.622603149414062500e+02
7.677474975585937500e+02
7.168161621093750000e+02
7.011074218750000000e+02
8.356989746093750000e+02
9.198915405273437500e+02
8.153706665039062500e+02
9.526066894531250000e+02
9.036664428710937500e+02
6.401595458984375000e+02
6.783203125000000000e+02
8.330629882812500000e+02
6.801082153320312500e+02
8.509152221679687500e+02
8.215674438476562500e+02
9.655220947265625000e+02
9.515234985351562500e+02
6.564122314453125000e+02
5.610551147460937500e+02
7.157473144531250000e+02
6.920395507812500000e+02
7.260856323242187500e+02
5.582772827148437500e+02
7.650386352539062500e+02
6.403568115234375000e+02
8.284533691406250000e+02
6.147801513671875000e+02
9.366312866210937500e+02
7.074028320312500000e+02
8.147780151367187500e+02
8.002192382812500000e+02
7.477308349609375000e+02
8.097734375000000000e+02
8.722752075195312500e+02
7.839715576171875000e+02
8.901036987304687500e+02
9.326944580078125000e+02
7.972058105468750000e+02
7.361954345703125000e+02
5.488153076171875000e+02
6.820864868164062500e+02
7.043761596679687500e+02
8.391261596679687500e+02
9.039752197265625000e+02
7.708991088867187500e+02
7.301171264648437500e+02
8.762067871093750000e+02
8.083762817382812500e+02
8.135150756835937500e+02
8.212537841796875000e+02
7.637970581054687500e+02
7.616498413085937500e+02
6.912296752929687500e+02
8.502452392578125000e+02
7.663460693359375000e+02
9.130200805664062500e+02
7.353734741210937500e+02
7.040784301757812500e+02
8.520955810546875000e+02
5.992792968750000000e+02
8.241896362304687500e+02
8.581740722656250000e+02
7.334600219726562500e+02
8.094830932617187500e+02
6.729442749023437500e+02
7.111625976562500000e+02
8.099376831054687500e+02
7.659121093750000000e+02
7.440212402343750000e+02
8.381372070312500000e+02
7.294820556640625000e+02
8.582535400390625000e+02
9.300643920898437500e+02
8.482440185546875000e+02
8.099364624023437500e+02
8.938737182617187500e+02
8.383486328125000000e+02
8.416303710937500000e+02
9.905726928710937500e+02
7.495803833007812500e+02
8.012732543945312500e+02
6.525308227539062500e+02
5.741297607421875000e+02
8.206023559570312500e+02
9.469483032226562500e+02
6.535125122070312500e+02
8.112583007812500000e+02
7.040186157226562500e+02
6.383555297851562500e+02
7.049442749023437500e+02
5.876639404296875000e+02
7.414796142578125000e+02
8.521587524414062500e+02
7.720070190429687500e+02
8.068696899414062500e+02
5.755539550781250000e+02
9.587953491210937500e+02
6.998351440429687500e+02
6.429888916015625000e+02
7.307038574218750000e+02
8.154655761718750000e+02
7.508507080078125000e+02
8.549172363281250000e+02
9.519006347656250000e+02
7.895918579101562500e+02
9.855317993164062500e+02
7.282810058593750000e+02
6.801868286132812500e+02
9.678849487304687500e+02
9.725632934570312500e+02
6.117565307617187500e+02
7.001846313476562500e+02
7.032694702148437500e+02
7.210457763671875000e+02
6.422603149414062500e+02
9.449121093750000000e+02
6.083957519531250000e+02
7.173792724609375000e+02
8.226604614257812500e+02
6.748282470703125000e+02
5.966134643554687500e+02
7.328610229492187500e+02
8.159718017578125000e+02
9.720255737304687500e+02
6.179656372070312500e+02
6.659192504882812500e+02
9.100012817382812500e+02
6.189472656250000000e+02
8.600293579101562500e+02
6.171946411132812500e+02
8.910469360351562500e+02
6.548914184570312500e+02
6.439714965820312500e+02
8.391302490234375000e+02
7.576618041992187500e+02
6.214611206054687500e+02
7.143248901367187500e+02
6.044338989257812500e+02
7.948472290039062500e+02
8.463460693359375000e+02
7.755502929687500000e+02
8.077719726562500000e+02
7.533939208984375000e+02
7.530651245117187500e+02
6.578878784179687500e+02
9.149365234375000000e+02
5.321652221679687500e+02
8.483189086914062500e+02
9.032930908203125000e+02
6.491288452148437500e+02
8.992275390625000000e+02
7.851115112304687500e+02
6.773385009765625000e+02
5.743843994140625000e+02
7.317739868164062500e+02
9.083602905273437500e+02
7.126678466796875000e+02
7.814365234375000000e+02
8.729035034179687500e+02
9.924468994140625000e+02
7.508432006835937500e+02
6.539060668945312500e+02
5.349343872070312500e+02
8.464324951171875000e+02
5.070427856445312500e+02
8.523077392578125000e+02
8.483125610351562500e+02
9.257565917968750000e+02
9.168453979492187500e+02
7.319088745117187500e+02
8.183611450195312500e+02
8.676907348632812500e+02
7.565766601562500000e+02
8.703621826171875000e+02
7.699667968750000000e+02
7.011749267578125000e+02
7.474678344726562500e+02
6.838064575195312500e+02
6.164719848632812500e+02
7.427436523437500000e+02
7.533602905273437500e+02
6.668406372070312500e+02
7.189873046875000000e+02
6.494466552734375000e+02
6.133456420898437500e+02
9.533094482421875000e+02
1.005375061035156250e+03
6.767518310546875000e+02
7.664807739257812500e+02
8.258797607421875000e+02
7.077352294921875000e+02
8.702498779296875000e+02
7.443054809570312500e+02
7.524258422851562500e+02
7.662528686523437500e+02
7.574913940429687500e+02
7.905097045898437500e+02
9.275815429687500000e+02
8.816240234375000000e+02
8.545216674804687500e+02
5.564025268554687500e+02
8.073767089843750000e+02
5.348773803710937500e+02
8.367849121093750000e+02
6.533173217773437500e+02
7.804258422851562500e+02
7.847091674804687500e+02
8.710983886718750000e+02
1.006778564453125000e+03
8.690904541015625000e+02
7.803004150390625000e+02
8.807269287109375000e+02
7.976043701171875000e+02
8.522186279296875000e+02
6.520425415039062500e+02
8.917905883789062500e+02
9.192521362304687500e+02
6.173199462890625000e+02
7.007932128906250000e+02
7.227527465820312500e+02
7.057971191406250000e+02
7.555789794921875000e+02
6.913489990234375000e+02
7.322514648437500000e+02
8.440968627929687500e+02
5.663155517578125000e+02
8.138602905273437500e+02
7.972551879882812500e+02
5.978067016601562500e+02
6.633975219726562500e+02
6.896384277343750000e+02
6.614933471679687500e+02
1.001405883789062500e+03
8.173666992187500000e+02
8.606528930664062500e+02
8.766890869140625000e+02
8.258154296875000000e+02
7.071362915039062500e+02
6.097862548828125000e+02
8.748820800781250000e+02
8.555000000000000000e+02
8.657003784179687500e+02
5.229562377929687500e+02
7.401217651367187500e+02
8.169928588867187500e+02
9.221548461914062500e+02
8.050392456054687500e+02
8.146539306640625000e+02
7.396044311523437500e+02
7.818366699218750000e+02
7.799987792968750000e+02
6.714777832031250000e+02
7.742795410156250000e+02
7.576396484375000000e+02
9.242976074218750000e+02
7.468839111328125000e+02
7.957814941406250000e+02
6.458881835937500000e+02
7.885910034179687500e+02
9.409205932617187500e+02
8.498636474609375000e+02
6.868028564453125000e+02
7.765158691406250000e+02
6.913325805664062500e+02
6.658701782226562500e+02
7.662708129882812500e+02
9.846372680664062500e+02
6.874724121093750000e+02
9.773992309570312500e+02
7.665502929687500000e+02
9.132155151367187500e+02
7.242736206054687500e+02
7.187470703125000000e+02
8.573457031250000000e+02
7.944660034179687500e+02
7.964146118164062500e+02
6.188870849609375000e+02
1.001187011718750000e+03
9.184507446289062500e+02
8.147211914062500000e+02
7.994319458007812500e+02
8.652448730468750000e+02
7.791763916015625000e+02
7.358660888671875000e+02
9.234620971679687500e+02
9.784119262695312500e+02
8.446737670898437500e+02
6.990428466796875000e+02
7.612185668945312500e+02
7.656688842773437500e+02
6.341873779296875000e+02
6.995004272460937500e+02
8.567461547851562500e+02
7.424179077148437500e+02
9.131334838867187500e+02
6.242305297851562500e+02
7.277615966796875000e+02
7.353912353515625000e+02
9.281193237304687500e+02
9.839461059570312500e+02
7.071571655273437500e+02
8.693255004882812500e+02
8.240115356445312500e+02
1.010147155761718750e+03
7.511425781250000000e+02
8.048925170898437500e+02
6.890739135742187500e+02
9.490433959960937500e+02
6.324470825195312500e+02
6.263638916015625000e+02
6.741430053710937500e+02
1.016789672851562500e+03
8.746607055664062500e+02
7.868499755859375000e+02
8.762545166015625000e+02
7.479901123046875000e+02
7.976613769531250000e+02
8.525691528320312500e+02
8.476056518554687500e+02
5.554118652343750000e+02
6.075646972656250000e+02
7.121419067382812500e+02
8.656681518554687500e+02
9.478236083984375000e+02
8.073870239257812500e+02
7.900538940429687500e+02
9.089379272460937500e+02
7.192897338867187500e+02
7.364429931640625000e+02
7.946898193359375000e+02
7.353994140625000000e+02
6.549047851562500000e+02
8.244278564453125000e+02
8.479558715820312500e+02
5.174799804687500000e+02
7.557897949218750000e+02
7.153311767578125000e+02
8.213624877929687500e+02
1.091848266601562500e+03
7.536238403320312500e+02
8.305944213867187500e+02
8.838172607421875000e+02
8.792727661132812500e+02
8.384756469726562500e+02
7.711179199218750000e+02
7.097770385742187500e+02
8.327253417968750000e+02
6.399923095703125000e+02
8.176032714843750000e+02
8.000103759765625000e+02
9.662330932617187500e+02
7.221721801757812500e+02
7.460821533203125000e+02
6.013826293945312500e+02
6.650325927734375000e+02
5.616464233398437500e+02
5.913449096679687500e+02
7.245211181640625000e+02
7.806384887695312500e+02
6.985491333007812500e+02
6.078133544921875000e+02
8.384301757812500000e+02
7.067040405273437500e+02
6.117887573242187500e+02
7.829100952148437500e+02
8.187084960937500000e+02
7.306321411132812500e+02
8.742312011718750000e+02
9.762963867187500000e+02
7.520374145507812500e+02
7.407433471679687500e+02
8.759672241210937500e+02
8.007819824218750000e+02
7.510538940429687500e+02
8.867708129882812500e+02
9.294493408203125000e+02
5.902777099609375000e+02
6.348511962890625000e+02
7.808002319335937500e+02
7.581450805664062500e+02
6.841056518554687500e+02
7.787280273437500000e+02
7.629476318359375000e+02
9.807813720703125000e+02
7.596691284179687500e+02
8.027546386718750000e+02
7.738430786132812500e+02
6.815907592773437500e+02
8.116322021484375000e+02
9.029836425781250000e+02
8.078679199218750000e+02
7.666870727539062500e+02
9.496072387695312500e+02
4.922284545898437500e+02
8.549124145507812500e+02
6.913135986328125000e+02
7.786435546875000000e+02
6.668096313476562500e+02
8.169680786132812500e+02
6.327897949218750000e+02
6.392194213867187500e+02
9.293732299804687500e+02
8.411290283203125000e+02
7.256765136718750000e+02
8.154248657226562500e+02
6.360802612304687500e+02
7.830607299804687500e+02
7.702928466796875000e+02
5.771618652343750000e+02
7.656520385742187500e+02
8.744591674804687500e+02
7.013346557617187500e+02
7.439383544921875000e+02
8.697788696289062500e+02
9.203614501953125000e+02
3.881156311035156250e+02
7.547271118164062500e+02
8.167567749023437500e+02
7.494800415039062500e+02
6.122375488281250000e+02
7.599270019531250000e+02
6.346152343750000000e+02
7.797182617187500000e+02
7.194060058593750000e+02
9.272927246093750000e+02
6.999421386718750000e+02
4.451618652343750000e+02
7.308966064453125000e+02
6.656082763671875000e+02
7.305057983398437500e+02
1.008871459960937500e+03
8.354146728515625000e+02
7.244028320312500000e+02
6.741960449218750000e+02
7.033635864257812500e+02
6.448198852539062500e+02
6.648776245117187500e+02
6.804969482421875000e+02
9.254652709960937500e+02
8.408274536132812500e+02
8.507316284179687500e+02
7.954981689453125000e+02
8.087763671875000000e+02
7.737919311523437500e+02
7.845133666992187500e+02
6.090244750976562500e+02
8.596182250976562500e+02
7.877630615234375000e+02
9.171659545898437500e+02
6.978903808593750000e+02
9.532807006835937500e+02
5.185201416015625000e+02
7.443042602539062500e+02
7.008930053710937500e+02
8.831936645507812500e+02
9.240152587890625000e+02
8.833486328125000000e+02
8.813935546875000000e+02
7.498214111328125000e+02
6.637012329101562500e+02
8.723135375976562500e+02
7.308180541992187500e+02
6.371210327148437500e+02
7.356293945312500000e+02
7.387324218750000000e+02
7.278032836914062500e+02
7.162601928710937500e+02
6.847896118164062500e+02
9.272305908203125000e+02
8.725552978515625000e+02
6.840808105468750000e+02
7.690365600585937500e+02
7.441838989257812500e+02
5.321188354492187500e+02
8.158649291992187500e+02
8.455756835937500000e+02
8.605094604492187500e+02
9.655460205078125000e+02
8.683604736328125000e+02
5.546808471679687500e+02
6.116771850585937500e+02
5.524057617187500000e+02
7.698518676757812500e+02
8.751180419921875000e+02
8.644894409179687500e+02
7.026811523437500000e+02
8.262727050781250000e+02
8.602116088867187500e+02
7.121085815429687500e+02
6.724584350585937500e+02
7.009319458007812500e+02
7.478364868164062500e+02
9.080518188476562500e+02
7.676976318359375000e+02
6.710380249023437500e+02
7.088958129882812500e+02
7.656463623046875000e+02
8.614061279296875000e+02
6.469506225585937500e+02
9.192305297851562500e+02
5.885827026367187500e+02
8.835462646484375000e+02
7.910177612304687500e+02
6.472589111328125000e+02
8.375543823242187500e+02
8.108566284179687500e+02
7.616984863281250000e+02
8.977573852539062500e+02
7.989114379882812500e+02
6.845900268554687500e+02
7.873143310546875000e+02
9.658153076171875000e+02
6.024857177734375000e+02
6.721027221679687500e+02
7.482165527343750000e+02
6.033970336914062500e+02
7.557087402343750000e+02
5.498799438476562500e+02
7.494220581054687500e+02
6.935792846679687500e+02
8.576635131835937500e+02
8.997246704101562500e+02
7.088325805664062500e+02
6.846004638671875000e+02
7.825847778320312500e+02
9.020935668945312500e+02
6.638608398437500000e+02
9.708956298828125000e+02
7.985159912109375000e+02
9.240420532226562500e+02
8.460891723632812500e+02
7.728820800781250000e+02
7.250989990234375000e+02
1.028698364257812500e+03
8.949141845703125000e+02
8.773167114257812500e+02
4.576391601562500000e+02
8.408386230468750000e+02
7.937960815429687500e+02
6.676645507812500000e+02
7.697926025390625000e+02
8.402558593750000000e+02
6.506566772460937500e+02
6.259081420898437500e+02
9.546741943359375000e+02
7.418417968750000000e+02
7.817559814453125000e+02
8.187807006835937500e+02
1.009098876953125000e+03
8.555076904296875000e+02
8.048049926757812500e+02
7.663339843750000000e+02
6.798039550781250000e+02
8.732591552734375000e+02
5.995662841796875000e+02
7.187199096679687500e+02
8.307578125000000000e+02
7.239931030273437500e+02
7.897886352539062500e+02
7.609967041015625000e+02
7.080802612304687500e+02
7.687863159179687500e+02
8.671126098632812500e+02
6.463865966796875000e+02
5.706996459960937500e+02
5.509561767578125000e+02
8.480431518554687500e+02
6.483369750976562500e+02
7.338649291992187500e+02
7.983602294921875000e+02
7.732636718750000000e+02
7.037433471679687500e+02
6.550059204101562500e+02
5.705224609375000000e+02
7.463143310546875000e+02
7.741319580078125000e+02
7.649428710937500000e+02
6.665071411132812500e+02
8.239269409179687500e+02
8.534141845703125000e+02
7.239360351562500000e+02
6.560449218750000000e+02
9.156948852539062500e+02
6.698743896484375000e+02
5.134390258789062500e+02
7.985278320312500000e+02
7.753733520507812500e+02
6.626564941406250000e+02
8.254908447265625000e+02
7.002155761718750000e+02
7.405410156250000000e+02
6.956859741210937500e+02
9.418032836914062500e+02
6.888353881835937500e+02
8.507971801757812500e+02
8.032683715820312500e+02
7.459450073242187500e+02
4.961348266601562500e+02
8.593294067382812500e+02
8.258083496093750000e+02
7.605070800781250000e+02
7.609843750000000000e+02
9.778342285156250000e+02
8.004453125000000000e+02
7.910512695312500000e+02
7.153486938476562500e+02
8.451115112304687500e+02
7.862312011718750000e+02
7.258315429687500000e+02
5.947462158203125000e+02
7.748009643554687500e+02
9.111249389648437500e+02
6.901686401367187500e+02
8.565801391601562500e+02
9.291427001953125000e+02
7.374012451171875000e+02
8.858433227539062500e+02
7.072854003906250000e+02
8.000938720703125000e+02
7.230576171875000000e+02
7.880706176757812500e+02
7.729046630859375000e+02
6.866072998046875000e+02
8.237190551757812500e+02
7.213911743164062500e+02
7.913257446289062500e+02
5.574567260742187500e+02
6.863743286132812500e+02
5.254862060546875000e+02
8.686547241210937500e+02
5.933079223632812500e+02
7.986517333984375000e+02
9.343173828125000000e+02
8.157584838867187500e+02
7.572034301757812500e+02
4.661125183105468750e+02
9.846712036132812500e+02
8.445550537109375000e+02
9.241295776367187500e+02
6.565699462890625000e+02
8.761215209960937500e+02
6.871417846679687500e+02
7.316994628906250000e+02
6.624832763671875000e+02
7.434852905273437500e+02
6.974284057617187500e+02
7.868917236328125000e+02
7.676120605468750000e+02
1.044976318359375000e+03
7.736398925781250000e+02
8.154838256835937500e+02
5.417234497070312500e+02
6.196501464843750000e+02
7.377204589843750000e+02
7.151382446289062500e+02
6.138930053710937500e+02
7.211405029296875000e+02
7.037897338867187500e+02
8.320388183593750000e+02
7.418801879882812500e+02
8.563811035156250000e+02
7.222556152343750000e+02
6.192755126953125000e+02
9.469039916992187500e+02
8.392326660156250000e+02
6.583626098632812500e+02
5.792670898437500000e+02
1.008466247558593750e+03
6.670453491210937500e+02
7.627166137695312500e+02
6.385738525390625000e+02
9.048403930664062500e+02
6.140390014648437500e+02
7.566275024414062500e+02
8.282742919921875000e+02
7.321214599609375000e+02
8.001981201171875000e+02
8.955681152343750000e+02
7.445764770507812500e+02
6.047330322265625000e+02
7.903044433593750000e+02
7.571735229492187500e+02
6.048065185546875000e+02
8.767351684570312500e+02
6.520695190429687500e+02
8.467690429687500000e+02
8.547837524414062500e+02
8.159775390625000000e+02
9.482669677734375000e+02
6.836729125976562500e+02
7.154042358398437500e+02
9.863120117187500000e+02
6.770439453125000000e+02
6.852860717773437500e+02
6.184069213867187500e+02
8.570123901367187500e+02
6.844276123046875000e+02
8.689084472656250000e+02
9.203626098632812500e+02
7.174491577148437500e+02
8.919696655273437500e+02
8.512277221679687500e+02
8.845425415039062500e+02
6.812271118164062500e+02
8.760328979492187500e+02
7.551954345703125000e+02
9.165147094726562500e+02
6.576335449218750000e+02
9.403472900390625000e+02
7.993952026367187500e+02
7.008898925781250000e+02
6.775504150390625000e+02
7.895245971679687500e+02
8.122647705078125000e+02
8.941240844726562500e+02
7.844655761718750000e+02
9.565830078125000000e+02
8.400701904296875000e+02
7.022508544921875000e+02
8.864730834960937500e+02
6.233071289062500000e+02
6.724642944335937500e+02
7.738099365234375000e+02
8.090711059570312500e+02
5.826485595703125000e+02
7.683016357421875000e+02
8.687416992187500000e+02
8.030668334960937500e+02
8.296937866210937500e+02
8.813586425781250000e+02
7.248827514648437500e+02
8.434912109375000000e+02
8.628115234375000000e+02
6.701179809570312500e+02
7.419526977539062500e+02
7.422813110351562500e+02
5.608174438476562500e+02
6.209733886718750000e+02
6.786188964843750000e+02
7.323251342773437500e+02
8.772758178710937500e+02
7.437378540039062500e+02
7.285291137695312500e+02
5.949213867187500000e+02
7.985366210937500000e+02
6.309264526367187500e+02
8.400325927734375000e+02
9.106174926757812500e+02
6.910685424804687500e+02
8.311697387695312500e+02
8.393442382812500000e+02
5.577921142578125000e+02
8.169836425781250000e+02
6.592554321289062500e+02
7.600333251953125000e+02
7.062950439453125000e+02
8.418073120117187500e+02
7.820556030273437500e+02
8.123607788085937500e+02
7.553731689453125000e+02
8.490859375000000000e+02
7.749838867187500000e+02
5.747765502929687500e+02
8.877608642578125000e+02
8.069225463867187500e+02
9.412569580078125000e+02
6.568674316406250000e+02
7.082548217773437500e+02
7.542447509765625000e+02
6.633522338867187500e+02
7.021522216796875000e+02
5.261610717773437500e+02
7.797039184570312500e+02
8.316237792968750000e+02
7.760574340820312500e+02
9.257231445312500000e+02
7.146073608398437500e+02
7.915778808593750000e+02
6.861827392578125000e+02
7.803609008789062500e+02
7.124286499023437500e+02
7.651483154296875000e+02
6.720358276367187500e+02
6.879482421875000000e+02
8.433488769531250000e+02
7.374831542968750000e+02
8.711484375000000000e+02
7.601875000000000000e+02
6.722763061523437500e+02
6.161275024414062500e+02
9.057958984375000000e+02
8.755667724609375000e+02
9.388456420898437500e+02
6.379880371093750000e+02
8.210868530273437500e+02
1.040577026367187500e+03
8.492012939453125000e+02
7.218718261718750000e+02
4.158710937500000000e+02
5.625531005859375000e+02
6.791567382812500000e+02
6.298872680664062500e+02
9.753165283203125000e+02
6.719285888671875000e+02
4.758096618652343750e+02
8.378641967773437500e+02
5.203192749023437500e+02
7.458159790039062500e+02
9.373699340820312500e+02
7.796748657226562500e+02
7.752478637695312500e+02
7.461925659179687500e+02
6.537007446289062500e+02
1.026521850585937500e+03
7.346891479492187500e+02
7.075797119140625000e+02
4.642498474121093750e+02
9.162900390625000000e+02
5.028497924804687500e+02
8.318591918945312500e+02
8.891943969726562500e+02
8.830538940429687500e+02
4.701940612792968750e+02
9.136376342773437500e+02
8.112861938476562500e+02
8.873983154296875000e+02
8.135340576171875000e+02
7.049252319335937500e+02
6.913815917968750000e+02
6.688094482421875000e+02
7.016756591796875000e+02
7.017075805664062500e+02
7.904348144531250000e+02
7.899907226562500000e+02
7.254084472656250000e+02
9.853886718750000000e+02
8.696220703125000000e+02
9.327648925781250000e+02
8.813455200195312500e+02
7.809155273437500000e+02
8.754329833984375000e+02
5.297589111328125000e+02
8.398380737304687500e+02
6.674517822265625000e+02
7.782470092773437500e+02
6.972257690429687500e+02
6.823949584960937500e+02
7.421253662109375000e+02
7.977302856445312500e+02
7.579908447265625000e+02
8.073223266601562500e+02
7.873751220703125000e+02
6.497619628906250000e+02
6.935167846679687500e+02
8.846516113281250000e+02
9.058637695312500000e+02
8.815484008789062500e+02
7.176532592773437500e+02
7.238274536132812500e+02
7.272477416992187500e+02
6.225574951171875000e+02
8.113972167968750000e+02
7.472609863281250000e+02
8.745817260742187500e+02
8.661967163085937500e+02
6.320769653320312500e+02
8.527681274414062500e+02
7.965405273437500000e+02
7.784425048828125000e+02
8.821033325195312500e+02
8.414454956054687500e+02
6.970114746093750000e+02
8.223237304687500000e+02
9.574459228515625000e+02
7.238094482421875000e+02
1.013128234863281250e+03
8.906920166015625000e+02
7.466713256835937500e+02
1.086121948242187500e+03
6.964808349609375000e+02
8.156637573242187500e+02
7.533571777343750000e+02
9.259584960937500000e+02
6.638989868164062500e+02
8.112196044921875000e+02
6.344002075195312500e+02
6.997536010742187500e+02
9.988939208984375000e+02
9.327630004882812500e+02
5.796563110351562500e+02
7.768850708007812500e+02
8.471081542968750000e+02
7.508025512695312500e+02
7.306702880859375000e+02
7.096781005859375000e+02
6.777584838867187500e+02
8.492339477539062500e+02
7.117140502929687500e+02
8.954458007812500000e+02
9.198209228515625000e+02
9.166537475585937500e+02
7.661786499023437500e+02
8.376974487304687500e+02
7.622023315429687500e+02
7.705354003906250000e+02
8.571376342773437500e+02
8.330348510742187500e+02
8.067496337890625000e+02
6.661663818359375000e+02
5.902867431640625000e+02
8.235880737304687500e+02
6.922886352539062500e+02
9.852652587890625000e+02
8.290229492187500000e+02
8.352359619140625000e+02
6.683238525390625000e+02
8.794686889648437500e+02
7.613891601562500000e+02
7.068900756835937500e+02
8.134434814453125000e+02
7.761313476562500000e+02
8.157055053710937500e+02
8.430148315429687500e+02
6.413239746093750000e+02
7.298324584960937500e+02
7.367719116210937500e+02
5.948739013671875000e+02
9.187540283203125000e+02
7.082904052734375000e+02
7.197167968750000000e+02
9.790206298828125000e+02
8.637090454101562500e+02
1.031887207031250000e+03
5.944105834960937500e+02
8.760293579101562500e+02
4.829178466796875000e+02
8.909686889648437500e+02
6.577788085937500000e+02
8.262764892578125000e+02
7.490367431640625000e+02
8.274059448242187500e+02
8.458399047851562500e+02
7.859708862304687500e+02
5.217583007812500000e+02
9.805267333984375000e+02
8.634338989257812500e+02
7.247168579101562500e+02
6.983363037109375000e+02
7.563848266601562500e+02
6.885756835937500000e+02
8.730193481445312500e+02
8.758481445312500000e+02
5.413977050781250000e+02
9.415357055664062500e+02
9.302851562500000000e+02
8.253016357421875000e+02
8.440164184570312500e+02
5.995899658203125000e+02
6.564758911132812500e+02
8.135806884765625000e+02
5.446879882812500000e+02
8.963103637695312500e+02
9.365916748046875000e+02
7.062138671875000000e+02
9.073050537109375000e+02
6.747498779296875000e+02
5.784022827148437500e+02
8.601696166992187500e+02
7.116030273437500000e+02
7.368751220703125000e+02
7.936264038085937500e+02
7.576651000976562500e+02
6.192681274414062500e+02
7.750557250976562500e+02
7.317312011718750000e+02
9.676743164062500000e+02
7.701977539062500000e+02
7.730092773437500000e+02
8.383772583007812500e+02
7.425365600585937500e+02
6.998397827148437500e+02
7.173410644531250000e+02
6.390815429687500000e+02
8.524719848632812500e+02
7.088856201171875000e+02
8.135513916015625000e+02
8.110296630859375000e+02
6.828371582031250000e+02
7.378207397460937500e+02
7.569960327148437500e+02
8.188177490234375000e+02
7.327218017578125000e+02
7.609612426757812500e+02
6.480984497070312500e+02
9.511408691406250000e+02
5.824703979492187500e+02
6.268587036132812500e+02
7.125912475585937500e+02
7.036555175781250000e+02
9.296641235351562500e+02
6.463934936523437500e+02
6.214683227539062500e+02
6.390908203125000000e+02
4.611323547363281250e+02
8.381873168945312500e+02
5.410417480468750000e+02
7.621069946289062500e+02
9.768126831054687500e+02
9.826580200195312500e+02
6.824287109375000000e+02
5.841861572265625000e+02
6.421461791992187500e+02
7.737055053710937500e+02
9.368801269531250000e+02
6.653909912109375000e+02
8.291398315429687500e+02
7.255931396484375000e+02
8.568866577148437500e+02
7.506807250976562500e+02
7.505135498046875000e+02
8.020416870117187500e+02
7.718936767578125000e+02
7.668593139648437500e+02
9.149147949218750000e+02
6.245250854492187500e+02
9.185303955078125000e+02
9.534027709960937500e+02
6.489344482421875000e+02
9.360014648437500000e+02
7.805823974609375000e+02
5.567916259765625000e+02
5.056166381835937500e+02
7.043753051757812500e+02
7.190415039062500000e+02
7.549586791992187500e+02
7.599745483398437500e+02
7.022849121093750000e+02
5.884983520507812500e+02
5.882878417968750000e+02
1.032119995117187500e+03
8.352368774414062500e+02
7.489440917968750000e+02
7.616147460937500000e+02
7.038728637695312500e+02
8.432497558593750000e+02
8.631931152343750000e+02
7.466047973632812500e+02
8.086972045898437500e+02
7.342222290039062500e+02
8.058718261718750000e+02
6.300935058593750000e+02
7.923005371093750000e+02
7.616632690429687500e+02
6.140773925781250000e+02
7.752118530273437500e+02
8.581395874023437500e+02
4.912647094726562500e+02
6.535120849609375000e+02
7.893882446289062500e+02
6.408498535156250000e+02
8.142547607421875000e+02
7.232686157226562500e+02
7.675942993164062500e+02
7.900695190429687500e+02
6.160072631835937500e+02
6.566113281250000000e+02
7.628262939453125000e+02
8.572067871093750000e+02
7.028699340820312500e+02
8.490284423828125000e+02
8.202788696289062500e+02
7.019862670898437500e+02
8.098635864257812500e+02
7.654755859375000000e+02
7.698258056640625000e+02
8.067822265625000000e+02
9.333746948242187500e+02
6.268264160156250000e+02
8.512979125976562500e+02
7.808494873046875000e+02
7.542592163085937500e+02
7.366549682617187500e+02
6.807225952148437500e+02
8.035415649414062500e+02
7.777671508789062500e+02
8.408616943359375000e+02
6.620424804687500000e+02
8.886536254882812500e+02
6.889188842773437500e+02
7.239802246093750000e+02
8.539756469726562500e+02
7.466054687500000000e+02
7.543640747070312500e+02
6.842885742187500000e+02
9.818598022460937500e+02
8.315240478515625000e+02
7.428914184570312500e+02
8.745845947265625000e+02
7.728911743164062500e+02
8.155811767578125000e+02
5.837030639648437500e+02
9.600500488281250000e+02
7.765101928710937500e+02
8.346510620117187500e+02
6.963104858398437500e+02
7.456964721679687500e+02
8.284794311523437500e+02
7.140734863281250000e+02
8.145473632812500000e+02
8.082617187500000000e+02
8.169877319335937500e+02
7.818997192382812500e+02
8.044263305664062500e+02
7.190107421875000000e+02
8.572204589843750000e+02
6.820953979492187500e+02
7.624135131835937500e+02
7.684172973632812500e+02
9.002339477539062500e+02
8.694937744140625000e+02
7.438591308593750000e+02
1.002401550292968750e+03
8.662564697265625000e+02
8.046068725585937500e+02
9.424948730468750000e+02
8.539741210937500000e+02
7.908823852539062500e+02
6.598429565429687500e+02
8.202098999023437500e+02
5.202904052734375000e+02
8.022022705078125000e+02
6.987028198242187500e+02
8.975761718750000000e+02
6.950413818359375000e+02
6.790338134765625000e+02
5.082151184082031250e+02
8.668911132812500000e+02
5.453369140625000000e+02
6.657619628906250000e+02
7.462911987304687500e+02
7.896380004882812500e+02
7.529234619140625000e+02
5.906844482421875000e+02
8.750821533203125000e+02
6.467954711914062500e+02
7.673302612304687500e+02
8.447355957031250000e+02
9.126395263671875000e+02
9.879480590820312500e+02
7.477318725585937500e+02
7.688158569335937500e+02
5.326553344726562500e+02
8.069967651367187500e+02
6.822854614257812500e+02
7.283204345703125000e+02
7.955465698242187500e+02
6.967290039062500000e+02
7.625756225585937500e+02
9.755308227539062500e+02
8.499571533203125000e+02
8.455774536132812500e+02
6.382405395507812500e+02
7.879589233398437500e+02
8.846645507812500000e+02
7.206640014648437500e+02
6.051574707031250000e+02
6.865294189453125000e+02
7.127126464843750000e+02
6.920986938476562500e+02
7.430683593750000000e+02
6.036301879882812500e+02
8.904890747070312500e+02
9.041507568359375000e+02
6.947024536132812500e+02
7.887564086914062500e+02
8.115231933593750000e+02
8.182072753906250000e+02
6.215004272460937500e+02
1.008073425292968750e+03
7.235184326171875000e+02
9.425212402343750000e+02
5.787260131835937500e+02
7.927731933593750000e+02
6.663820800781250000e+02
9.172823486328125000e+02
1.025490356445312500e+03
7.848261718750000000e+02
9.402597045898437500e+02
6.968492431640625000e+02
7.879760131835937500e+02
8.116947021484375000e+02
8.465485229492187500e+02
5.627164306640625000e+02
7.257636718750000000e+02
6.070156250000000000e+02
7.462320556640625000e+02
6.994592285156250000e+02
7.782921752929687500e+02
9.186179809570312500e+02
8.882306518554687500e+02
6.122981567382812500e+02
7.847650756835937500e+02
5.525169067382812500e+02
7.048847045898437500e+02
5.124915161132812500e+02
8.805317382812500000e+02
7.698637084960937500e+02
6.732235107421875000e+02
9.796036987304687500e+02
6.385032348632812500e+02
7.933072509765625000e+02
5.758232421875000000e+02
6.050621948242187500e+02
8.934766235351562500e+02
6.858147583007812500e+02
6.966256713867187500e+02
9.227686157226562500e+02
8.539989013671875000e+02
6.161394653320312500e+02
7.596234130859375000e+02
7.345991821289062500e+02
7.082491455078125000e+02
9.459960327148437500e+02
6.709823608398437500e+02
5.903800659179687500e+02
8.109947509765625000e+02
8.017172851562500000e+02
4.545621337890625000e+02
7.150714111328125000e+02
5.266965942382812500e+02
8.241553344726562500e+02
7.265731201171875000e+02
7.614514770507812500e+02
6.923691406250000000e+02
6.910434570312500000e+02
8.252067871093750000e+02
9.294010009765625000e+02
5.851900634765625000e+02
6.335034179687500000e+02
6.050338745117187500e+02
6.600184326171875000e+02
7.354132080078125000e+02
9.240809326171875000e+02
5.602385253906250000e+02
7.761843261718750000e+02
6.235802001953125000e+02
6.772999267578125000e+02
6.344074096679687500e+02
9.050111694335937500e+02
7.915778198242187500e+02
7.444066162109375000e+02
9.744679565429687500e+02
8.604890747070312500e+02
9.552420043945312500e+02
8.741064453125000000e+02
7.338250122070312500e+02
7.183536376953125000e+02
5.752274780273437500e+02
5.748644409179687500e+02
1.103226928710937500e+03
7.366538085937500000e+02
6.379523315429687500e+02
8.089066772460937500e+02
8.640453491210937500e+02
7.146768798828125000e+02
8.113941040039062500e+02
7.483803100585937500e+02
7.549910888671875000e+02
7.459855346679687500e+02
7.384728393554687500e+02
8.681585693359375000e+02
7.130927734375000000e+02
5.940812988281250000e+02
6.539822998046875000e+02
6.936045532226562500e+02
7.742429809570312500e+02
8.901129760742187500e+02
7.784754028320312500e+02
7.236580810546875000e+02
7.647679443359375000e+02
7.725977783203125000e+02
7.268237915039062500e+02
1.051831542968750000e+03
7.118675537109375000e+02
8.510733032226562500e+02
8.674224243164062500e+02
6.866710205078125000e+02
6.200372314453125000e+02
7.349150390625000000e+02
5.653442993164062500e+02
7.783613281250000000e+02
7.014575195312500000e+02
8.627615356445312500e+02
7.520390625000000000e+02
7.525376586914062500e+02
7.972291870117187500e+02
7.735734252929687500e+02
7.075916748046875000e+02
8.899739379882812500e+02
7.256912841796875000e+02
8.197944946289062500e+02
6.176175537109375000e+02
8.844547119140625000e+02
8.645483398437500000e+02
6.558493041992187500e+02
8.042736816406250000e+02
6.840172729492187500e+02
6.704740600585937500e+02
7.741732788085937500e+02
9.576811523437500000e+02
9.218267211914062500e+02
7.188580322265625000e+02
7.848912353515625000e+02
6.643455810546875000e+02
7.668595581054687500e+02
8.269674682617187500e+02
5.734826049804687500e+02
7.473480224609375000e+02
6.674313354492187500e+02
9.646331787109375000e+02
9.340585327148437500e+02
7.176917724609375000e+02
7.066422729492187500e+02
8.399465942382812500e+02
6.935343017578125000e+02
5.928402099609375000e+02
6.956585083007812500e+02
7.120370483398437500e+02
8.521699218750000000e+02
8.477606201171875000e+02
7.071782836914062500e+02
5.187068481445312500e+02
7.193568725585937500e+02
6.209827880859375000e+02
7.609296875000000000e+02
6.322054443359375000e+02
9.334603881835937500e+02
7.197182006835937500e+02
7.184645996093750000e+02
5.723919677734375000e+02
6.988421020507812500e+02
7.553086547851562500e+02
6.820219726562500000e+02
7.809474487304687500e+02
6.521245117187500000e+02
7.366814575195312500e+02
7.716721191406250000e+02
7.571574096679687500e+02
8.059368896484375000e+02
8.795335083007812500e+02
7.285839843750000000e+02
8.353211669921875000e+02
8.217006835937500000e+02
7.581162109375000000e+02
8.817749023437500000e+02
8.970222167968750000e+02
7.167536010742187500e+02
7.517298583984375000e+02
1.017217102050781250e+03
8.234171142578125000e+02
9.311542358398437500e+02
6.552857666015625000e+02
9.190642089843750000e+02
5.444335937500000000e+02
8.440131835937500000e+02
7.584421997070312500e+02
7.579783325195312500e+02
7.455755615234375000e+02
8.387505493164062500e+02
1.056677734375000000e+03
7.741213989257812500e+02
6.615597534179687500e+02
8.060889892578125000e+02
8.914317016601562500e+02
7.711452636718750000e+02
9.105581665039062500e+02
7.779314575195312500e+02
7.598959960937500000e+02
7.574866943359375000e+02
7.926463012695312500e+02
7.743338623046875000e+02
5.986401367187500000e+02
8.305356445312500000e+02
8.901034545898437500e+02
9.383551635742187500e+02
6.607144165039062500e+02
7.694962768554687500e+02
8.423750000000000000e+02
8.696832275390625000e+02
8.484351196289062500e+02
8.022539062500000000e+02
6.854148559570312500e+02
7.438513183593750000e+02
6.999944458007812500e+02
7.734370727539062500e+02
8.554434814453125000e+02
1.041590698242187500e+03
7.108363647460937500e+02
8.620975341796875000e+02
7.484155883789062500e+02
7.310911254882812500e+02
8.427871704101562500e+02
8.276525268554687500e+02
8.620848388671875000e+02
8.744004516601562500e+02
5.852160034179687500e+02
5.765913085937500000e+02
6.375482177734375000e+02
7.460418701171875000e+02
5.751403808593750000e+02
8.187924194335937500e+02
7.486720581054687500e+02
9.838268432617187500e+02
6.903023071289062500e+02
6.235402221679687500e+02
5.518658447265625000e+02
7.506141357421875000e+02
8.856051025390625000e+02
8.595922241210937500e+02
7.460842895507812500e+02
8.057810058593750000e+02
7.563070068359375000e+02
5.749075927734375000e+02
8.719125366210937500e+02
8.671375122070312500e+02
9.842854614257812500e+02
9.422789306640625000e+02
1.039520751953125000e+03
6.526542968750000000e+02
8.292755737304687500e+02
6.614263916015625000e+02
6.578429565429687500e+02
7.435244140625000000e+02
8.778354492187500000e+02
9.162692871093750000e+02
6.302113647460937500e+02
7.837698364257812500e+02
7.856620483398437500e+02
9.098101196289062500e+02
5.370986328125000000e+02
8.068879394531250000e+02
7.341417846679687500e+02
1.088981567382812500e+03
7.102018432617187500e+02
7.220480346679687500e+02
6.371989135742187500e+02
7.305256958007812500e+02
8.531229858398437500e+02
6.884155273437500000e+02
7.815463256835937500e+02
9.514084472656250000e+02
8.111297607421875000e+02
9.098466796875000000e+02
9.391090087890625000e+02
9.170042724609375000e+02
5.550210571289062500e+02
7.630937500000000000e+02
9.470102539062500000e+02
9.119625854492187500e+02
6.569692993164062500e+02
7.603142089843750000e+02
7.359506835937500000e+02
8.766528320312500000e+02
8.324080810546875000e+02
6.990327758789062500e+02
7.790319213867187500e+02
6.956139526367187500e+02
7.760297851562500000e+02
7.271554565429687500e+02
7.185474853515625000e+02
7.301479492187500000e+02
6.838726806640625000e+02
8.257965698242187500e+02
7.527592163085937500e+02
5.797461547851562500e+02
9.484830932617187500e+02
8.732777709960937500e+02
7.603629150390625000e+02
8.774446411132812500e+02
7.861818237304687500e+02
5.481207885742187500e+02
8.220505371093750000e+02
6.202379760742187500e+02
5.904730834960937500e+02
8.710637817382812500e+02
5.497859497070312500e+02
6.080652465820312500e+02
7.425319824218750000e+02
7.586561889648437500e+02
7.952500000000000000e+02
6.430090332031250000e+02
6.868948974609375000e+02
6.831607666015625000e+02
7.013501586914062500e+02
7.849224243164062500e+02
6.113857421875000000e+02
8.064649658203125000e+02
7.673976440429687500e+02
7.862722167968750000e+02
9.041458129882812500e+02
6.392434082031250000e+02
5.383234252929687500e+02
4.543721313476562500e+02
9.151572265625000000e+02
1.070932495117187500e+03
7.537213745117187500e+02
8.784888916015625000e+02
7.138892211914062500e+02
7.696289062500000000e+02
7.266654663085937500e+02
6.844450073242187500e+02
5.933648681640625000e+02
6.951626586914062500e+02
7.746138305664062500e+02
9.108803710937500000e+02
7.714989624023437500e+02
9.365023193359375000e+02
8.624223022460937500e+02
6.434057006835937500e+02
5.594095458984375000e+02
9.450595703125000000e+02
7.356975708007812500e+02
8.243192138671875000e+02
7.411543579101562500e+02
6.245520629882812500e+02
7.576382446289062500e+02
7.632802734375000000e+02
7.224076538085937500e+02
6.487500610351562500e+02
7.148076171875000000e+02
6.712136840820312500e+02
7.595364990234375000e+02
8.575032958984375000e+02
9.314833374023437500e+02
7.808149414062500000e+02
8.604564208984375000e+02
5.846831665039062500e+02
7.261187744140625000e+02
7.191516723632812500e+02
8.001489257812500000e+02
7.613883056640625000e+02
6.602341308593750000e+02
8.917401123046875000e+02
7.814981689453125000e+02
6.715136108398437500e+02
4.283223571777343750e+02
9.347373657226562500e+02
8.541044921875000000e+02
7.840192871093750000e+02
7.556751708984375000e+02
8.824095458984375000e+02
9.144823608398437500e+02
9.889642944335937500e+02
8.717736816406250000e+02
6.355180053710937500e+02
6.693117065429687500e+02
8.850471191406250000e+02
7.651394653320312500e+02
8.359111938476562500e+02
7.506294555664062500e+02
5.378843994140625000e+02
7.681535644531250000e+02
6.718796386718750000e+02
8.713422241210937500e+02
7.223840942382812500e+02
7.618511352539062500e+02
7.866822509765625000e+02
9.665388183593750000e+02
7.656268920898437500e+02
5.401296997070312500e+02
6.428486938476562500e+02
6.954685058593750000e+02
7.141326904296875000e+02
8.163073730468750000e+02
6.619262084960937500e+02
6.641160888671875000e+02
7.389274291992187500e+02
1.011542480468750000e+03
7.123081665039062500e+02
7.417721557617187500e+02
9.486893920898437500e+02
8.458516235351562500e+02
7.176354370117187500e+02
9.379448242187500000e+02
5.945416259765625000e+02
8.757652587890625000e+02
7.659308471679687500e+02
6.634408569335937500e+02
8.233996582031250000e+02
9.609904174804687500e+02
6.336758422851562500e+02
7.244721069335937500e+02
6.701931762695312500e+02
9.482489013671875000e+02
5.856189575195312500e+02
8.504599609375000000e+02
8.028500366210937500e+02
8.687902221679687500e+02
8.459149169921875000e+02
8.300389404296875000e+02
6.065916137695312500e+02
9.124519042968750000e+02
6.245278930664062500e+02
7.073922729492187500e+02
8.548491821289062500e+02
9.085161743164062500e+02
7.932714843750000000e+02
7.446690063476562500e+02
8.165936889648437500e+02
7.170422973632812500e+02
6.833750000000000000e+02
8.158098754882812500e+02
8.604238891601562500e+02
7.260726318359375000e+02
7.412530517578125000e+02
8.215892944335937500e+02
6.582162475585937500e+02
5.864232788085937500e+02
7.697787475585937500e+02
6.345383911132812500e+02
8.265007934570312500e+02
7.597569580078125000e+02
7.360159912109375000e+02
9.255250244140625000e+02
9.246245117187500000e+02
6.050955200195312500e+02
6.596704711914062500e+02
9.078940429687500000e+02
7.862031250000000000e+02
7.552352905273437500e+02
4.899496765136718750e+02
7.263861083984375000e+02
9.776928710937500000e+02
7.891789550781250000e+02
8.492765502929687500e+02
6.630260620117187500e+02
6.977301635742187500e+02
9.158927001953125000e+02
7.201251831054687500e+02
6.777800903320312500e+02
8.010478515625000000e+02
7.343931884765625000e+02
7.549986572265625000e+02
6.459890136718750000e+02
7.359588012695312500e+02
6.665613403320312500e+02
7.015577392578125000e+02
6.954361572265625000e+02
7.722205810546875000e+02
8.708835449218750000e+02
7.914089965820312500e+02
5.787965698242187500e+02
7.852523193359375000e+02
8.163132324218750000e+02
8.220869140625000000e+02
6.889277954101562500e+02
7.770620727539062500e+02
7.716423950195312500e+02
8.727645874023437500e+02
6.832116088867187500e+02
8.012351684570312500e+02
7.964483032226562500e+02
7.204454956054687500e+02
5.543666381835937500e+02
9.240610351562500000e+02
8.729358520507812500e+02
7.366710205078125000e+02
9.136109619140625000e+02
6.177419433593750000e+02
6.559111328125000000e+02
8.406434936523437500e+02
7.464015502929687500e+02
7.351642456054687500e+02
8.608822021484375000e+02
8.097388305664062500e+02
7.589441528320312500e+02
6.052816772460937500e+02
7.038150024414062500e+02
8.548654174804687500e+02
6.258375854492187500e+02
7.166397705078125000e+02
8.446469116210937500e+02
7.756467285156250000e+02
7.791105346679687500e+02
9.459727783203125000e+02
8.227759399414062500e+02
7.234119262695312500e+02
8.472620239257812500e+02
7.693123168945312500e+02
7.111659545898437500e+02
1.029212158203125000e+03
6.157908935546875000e+02
7.528918457031250000e+02
8.492962646484375000e+02
8.781320190429687500e+02
5.277849121093750000e+02
9.390179443359375000e+02
7.427362670898437500e+02
9.227133789062500000e+02
8.789290771484375000e+02
7.255612792968750000e+02
8.526507568359375000e+02
6.923447265625000000e+02
7.208944702148437500e+02
8.681163330078125000e+02
8.263418579101562500e+02
8.681494750976562500e+02
7.453890991210937500e+02
8.376494750976562500e+02
7.527325439453125000e+02
9.021784667968750000e+02
5.383634643554687500e+02
6.112044677734375000e+02
6.838479003906250000e+02
8.541296997070312500e+02
6.623066406250000000e+02
8.196332397460937500e+02
7.719863281250000000e+02
8.579611206054687500e+02
8.041646728515625000e+02
1.037364379882812500e+03
9.225383300781250000e+02
8.057642211914062500e+02
8.257158813476562500e+02
7.527021484375000000e+02
7.962993164062500000e+02
9.080341186523437500e+02
7.475570068359375000e+02
9.092729492187500000e+02
8.668138427734375000e+02
7.135085449218750000e+02
8.090745239257812500e+02
5.325516967773437500e+02
7.785324707031250000e+02
7.556433715820312500e+02
7.298343505859375000e+02
7.921951293945312500e+02
7.199748535156250000e+02
7.992352294921875000e+02
1.064186157226562500e+03
7.214261474609375000e+02
7.502570190429687500e+02
8.487089233398437500e+02
8.423749389648437500e+02
5.518342895507812500e+02
7.973619384765625000e+02
8.182141113281250000e+02
6.861881713867187500e+02
7.272752685546875000e+02
7.952116699218750000e+02
7.889508056640625000e+02
7.601530761718750000e+02
8.299854736328125000e+02
7.545129394531250000e+02
9.135838623046875000e+02
7.426683959960937500e+02
7.355687255859375000e+02
5.905507812500000000e+02
8.618483886718750000e+02
7.603981323242187500e+02
8.386697998046875000e+02
7.553275756835937500e+02
7.280266723632812500e+02
7.465371704101562500e+02
1.003494323730468750e+03
9.276012573242187500e+02
9.083381347656250000e+02
7.726806640625000000e+02
9.032172851562500000e+02
8.362194824218750000e+02
8.430291748046875000e+02
8.930930175781250000e+02
5.584937744140625000e+02
7.558429565429687500e+02
7.896613769531250000e+02
8.853662719726562500e+02
7.509998168945312500e+02
6.746655883789062500e+02
8.460454711914062500e+02
7.922928466796875000e+02
9.087049560546875000e+02
9.376920776367187500e+02
9.142457885742187500e+02
7.525181884765625000e+02
1.048108154296875000e+03
7.463394775390625000e+02
8.153809814453125000e+02
7.607763671875000000e+02
7.610512695312500000e+02
8.702632446289062500e+02
8.240622558593750000e+02
7.691617431640625000e+02
8.785659179687500000e+02
8.110354003906250000e+02
7.710698242187500000e+02
8.767904663085937500e+02
6.496646118164062500e+02
9.356290283203125000e+02
8.762225952148437500e+02
6.567164916992187500e+02
8.587431030273437500e+02
6.441784057617187500e+02
6.544741210937500000e+02
8.116652832031250000e+02
8.858813476562500000e+02
7.336402587890625000e+02
7.018436279296875000e+02
5.896065063476562500e+02
6.744797363281250000e+02
5.950419311523437500e+02
8.239456176757812500e+02
7.401276245117187500e+02
9.653029785156250000e+02
7.309925537109375000e+02
7.813674316406250000e+02
7.828193969726562500e+02
6.833961181640625000e+02
7.628628540039062500e+02
5.999705810546875000e+02
5.748734741210937500e+02
6.854730224609375000e+02
8.225798950195312500e+02
6.123713378906250000e+02
7.728424072265625000e+02
7.890101318359375000e+02
8.300075073242187500e+02
7.575097656250000000e+02
6.088929443359375000e+02
5.988239135742187500e+02
7.248562011718750000e+02
8.131489868164062500e+02
8.579501342773437500e+02
7.979778442382812500e+02
8.966388549804687500e+02
8.057089843750000000e+02
7.435911865234375000e+02
7.022017822265625000e+02
7.836141357421875000e+02
7.230673217773437500e+02
5.729815673828125000e+02
7.146813964843750000e+02
7.870936889648437500e+02
5.898386840820312500e+02
7.239922485351562500e+02
9.571088867187500000e+02
6.801328735351562500e+02
7.998054199218750000e+02
8.774818115234375000e+02
6.371057739257812500e+02
7.216885375976562500e+02
9.783222656250000000e+02
6.443776245117187500e+02
7.910386352539062500e+02
8.771199340820312500e+02
7.695645751953125000e+02
7.653117065429687500e+02
8.083944091796875000e+02
6.705391235351562500e+02
9.813745727539062500e+02
7.738671264648437500e+02
6.772557373046875000e+02
6.992278442382812500e+02
6.016885375976562500e+02
7.671423950195312500e+02
8.263903198242187500e+02
5.991293334960937500e+02
6.621145019531250000e+02
9.408883056640625000e+02
8.361124267578125000e+02
6.733245849609375000e+02
6.673869018554687500e+02
5.428232421875000000e+02
6.456242065429687500e+02
7.527030029296875000e+02
7.525894775390625000e+02
7.100523071289062500e+02
3.834538879394531250e+02
7.599589843750000000e+02
5.327134399414062500e+02
6.207570190429687500e+02
6.416882324218750000e+02
8.478336181640625000e+02
7.378341064453125000e+02
7.251279907226562500e+02
5.782786254882812500e+02
7.007762451171875000e+02
7.157337646484375000e+02
7.776893920898437500e+02
7.236607055664062500e+02
8.233342895507812500e+02
8.406869506835937500e+02
7.397104492187500000e+02
7.080819091796875000e+02
7.989097900390625000e+02
8.702105712890625000e+02
6.860828857421875000e+02
1.061045410156250000e+03
7.198405761718750000e+02
6.306889038085937500e+02
7.806402587890625000e+02
7.621861572265625000e+02
6.250303955078125000e+02
7.230319824218750000e+02
9.049055175781250000e+02
9.060204467773437500e+02
8.164856567382812500e+02
6.868659057617187500e+02
6.895151977539062500e+02
8.859987182617187500e+02
8.752924194335937500e+02
8.237460327148437500e+02
8.242249755859375000e+02
9.315810546875000000e+02
8.492066650390625000e+02
7.672430419921875000e+02
9.610963745117187500e+02
6.353760986328125000e+02
8.523066406250000000e+02
7.615867309570312500e+02
6.441297607421875000e+02
1.075778930664062500e+03
7.401900024414062500e+02
8.191574707031250000e+02
8.660682983398437500e+02
7.905927734375000000e+02
7.215159301757812500e+02
6.879637451171875000e+02
6.247404174804687500e+02
8.474474487304687500e+02
8.901071166992187500e+02
7.340919799804687500e+02
9.326891479492187500e+02
6.006377563476562500e+02
7.554935913085937500e+02
6.860465698242187500e+02
7.063710327148437500e+02
8.114444580078125000e+02
7.754230346679687500e+02
8.785295410156250000e+02
4.862023620605468750e+02
8.874346923828125000e+02
6.513558959960937500e+02
6.122517089843750000e+02
8.918823242187500000e+02
4.524310913085937500e+02
7.018662109375000000e+02
7.219243164062500000e+02
7.169647827148437500e+02
9.442362060546875000e+02
8.322476196289062500e+02
1.017562194824218750e+03
8.386510620117187500e+02
8.882418823242187500e+02
7.408075561523437500e+02
9.716216430664062500e+02
8.804390258789062500e+02
9.313224487304687500e+02
7.056668090820312500e+02
5.111871643066406250e+02
7.135827026367187500e+02
6.075809326171875000e+02
8.632439575195312500e+02
8.042938842773437500e+02
8.616241455078125000e+02
9.146738281250000000e+02
6.941959228515625000e+02
9.363421630859375000e+02
7.914666748046875000e+02
7.329489746093750000e+02
8.280873413085937500e+02
5.456732177734375000e+02
8.558946533203125000e+02
9.951517944335937500e+02
7.225044555664062500e+02
7.466469726562500000e+02
7.677881469726562500e+02
1.002040161132812500e+03
9.405288696289062500e+02
6.629005737304687500e+02
7.766663818359375000e+02
5.672623291015625000e+02
8.980175170898437500e+02
8.368439331054687500e+02
6.714334716796875000e+02
6.789534912109375000e+02
8.646141357421875000e+02
6.348900146484375000e+02
8.362187500000000000e+02
7.245330200195312500e+02
7.351256103515625000e+02
8.651247558593750000e+02
7.875669555664062500e+02
4.455029907226562500e+02
9.832006835937500000e+02
7.534538574218750000e+02
6.397495727539062500e+02
7.418991088867187500e+02
9.276810913085937500e+02
8.397797241210937500e+02
7.438390502929687500e+02
7.749463500976562500e+02
6.400191650390625000e+02
9.567493286132812500e+02
1.046542358398437500e+03
5.549093017578125000e+02
6.864456176757812500e+02
7.553046264648437500e+02
9.033500366210937500e+02
9.091040039062500000e+02
8.863955078125000000e+02
7.614151000976562500e+02
6.946005249023437500e+02
6.828852539062500000e+02
7.434682006835937500e+02
6.102001342773437500e+02
5.890734252929687500e+02
7.729974365234375000e+02
7.318348388671875000e+02
6.945746459960937500e+02
6.337198486328125000e+02
7.446141357421875000e+02
8.761856689453125000e+02
8.974501953125000000e+02
6.702032470703125000e+02
6.056489868164062500e+02
7.149577636718750000e+02
6.800799560546875000e+02
6.176949462890625000e+02
6.257153930664062500e+02
7.588410034179687500e+02
7.674871826171875000e+02
7.937412719726562500e+02
9.340369873046875000e+02
9.155648193359375000e+02
7.951402587890625000e+02
7.172651367187500000e+02
5.815210571289062500e+02
6.265147705078125000e+02
9.907163085937500000e+02
7.493103637695312500e+02
9.174365844726562500e+02
7.195128784179687500e+02
9.127544555664062500e+02
8.858296508789062500e+02
6.152976074218750000e+02
6.505902709960937500e+02
7.563316650390625000e+02
7.719869384765625000e+02
9.760993652343750000e+02
8.183169555664062500e+02
8.751207885742187500e+02
5.686674194335937500e+02
7.392998657226562500e+02
8.634816894531250000e+02
7.235861206054687500e+02
9.032370605468750000e+02
7.202961425781250000e+02
6.866310424804687500e+02
7.301790771484375000e+02
9.002534790039062500e+02
7.649403686523437500e+02
7.566146850585937500e+02
6.367380981445312500e+02
7.082991333007812500e+02
7.272667846679687500e+02
1.014533691406250000e+03
7.919943237304687500e+02
9.076545410156250000e+02
9.861940307617187500e+02
9.048278198242187500e+02
8.915651855468750000e+02
7.659520874023437500e+02
7.810494384765625000e+02
6.931741943359375000e+02
7.241822509765625000e+02
8.285352783203125000e+02
8.183541259765625000e+02
8.307202758789062500e+02
9.976406860351562500e+02
7.725932006835937500e+02
8.438381347656250000e+02
6.651483154296875000e+02
7.968402709960937500e+02
5.893638916015625000e+02
9.034664916992187500e+02
6.849730834960937500e+02
7.882203979492187500e+02
6.229102172851562500e+02
7.034177246093750000e+02
8.479682006835937500e+02
8.411477050781250000e+02
7.351019897460937500e+02
7.152204589843750000e+02
7.346167602539062500e+02
7.981401977539062500e+02
7.659515380859375000e+02
6.751971435546875000e+02
9.129501342773437500e+02
7.651915893554687500e+02
6.944080200195312500e+02
8.368632202148437500e+02
6.821737060546875000e+02
9.137236328125000000e+02
8.036337890625000000e+02
8.884239501953125000e+02
8.810014648437500000e+02
8.153996582031250000e+02
7.928970336914062500e+02
6.569573364257812500e+02
7.285111694335937500e+02
9.556011352539062500e+02
7.845853881835937500e+02
7.756781005859375000e+02
6.896422119140625000e+02
8.088146972656250000e+02
6.945742187500000000e+02
6.847177124023437500e+02
7.967300415039062500e+02
5.917619018554687500e+02
7.484744262695312500e+02
8.141282348632812500e+02
6.857742919921875000e+02
8.373693847656250000e+02
7.893638916015625000e+02
6.220379638671875000e+02
7.299113769531250000e+02
7.455433959960937500e+02
7.875308837890625000e+02
6.293400268554687500e+02
5.800957641601562500e+02
8.257653198242187500e+02
9.008866577148437500e+02
8.905550537109375000e+02
5.524080200195312500e+02
4.065980529785156250e+02
5.406421508789062500e+02
7.062288818359375000e+02
8.577725830078125000e+02
7.388659667968750000e+02
6.964491577148437500e+02
7.192348632812500000e+02
5.184182739257812500e+02
9.323073730468750000e+02
9.179230346679687500e+02
7.809868774414062500e+02
8.364032592773437500e+02
7.606911010742187500e+02
7.603685913085937500e+02
5.890098266601562500e+02
8.263694458007812500e+02
7.391302490234375000e+02
7.314159545898437500e+02
7.711157226562500000e+02
9.290600585937500000e+02
1.042210937500000000e+03
8.123015136718750000e+02
7.050181274414062500e+02
7.194406127929687500e+02
7.506598510742187500e+02
8.744649047851562500e+02
7.362169189453125000e+02
6.023378906250000000e+02
8.601816406250000000e+02
7.208430175781250000e+02
7.429707641601562500e+02
7.265749511718750000e+02
8.320223999023437500e+02
7.852350463867187500e+02
9.581020507812500000e+02
7.408020629882812500e+02
7.713692626953125000e+02
6.919230346679687500e+02
7.835076904296875000e+02
7.780997924804687500e+02
7.502261962890625000e+02
7.455840454101562500e+02
8.031315307617187500e+02
7.774981689453125000e+02
9.381820068359375000e+02
6.729351806640625000e+02
8.091351318359375000e+02
7.571941528320312500e+02
8.456731567382812500e+02
9.346597290039062500e+02
5.673137207031250000e+02
1.015729187011718750e+03
8.533099975585937500e+02
8.598380126953125000e+02
9.137653808593750000e+02
7.657157592773437500e+02
8.337280883789062500e+02
6.623469848632812500e+02
7.409865722656250000e+02
9.113195190429687500e+02
5.974241943359375000e+02
6.757941284179687500e+02
9.006275634765625000e+02
6.509826660156250000e+02
8.200143432617187500e+02
8.873833618164062500e+02
9.857109985351562500e+02
7.089133300781250000e+02
7.572453002929687500e+02
8.291318969726562500e+02
8.140144042968750000e+02
5.886182250976562500e+02
5.988667602539062500e+02
5.877298583984375000e+02
7.006059570312500000e+02
7.576274414062500000e+02
7.032686157226562500e+02
6.289765014648437500e+02
6.793566894531250000e+02
7.274360961914062500e+02
7.741221313476562500e+02
9.693637695312500000e+02
7.610581054687500000e+02
8.316763305664062500e+02
6.747550659179687500e+02
6.193880004882812500e+02
8.365451049804687500e+02
6.820982666015625000e+02
9.267116699218750000e+02
9.068617553710937500e+02
7.793705444335937500e+02
6.328202514648437500e+02
8.398434448242187500e+02
7.217956542968750000e+02
8.338865356445312500e+02
7.311358642578125000e+02
7.998774414062500000e+02
8.019221801757812500e+02
7.688502807617187500e+02
7.350882568359375000e+02
7.388400268554687500e+02
7.770046386718750000e+02
8.903020019531250000e+02
7.986330566406250000e+02
8.004456787109375000e+02
7.571510009765625000e+02
8.561571655273437500e+02
8.294301147460937500e+02
7.678839721679687500e+02
9.216575317382812500e+02
8.448756713867187500e+02
7.951204223632812500e+02
7.436726684570312500e+02
6.762740478515625000e+02
8.091842041015625000e+02
6.801040649414062500e+02
6.840028686523437500e+02
5.873013916015625000e+02
8.027753295898437500e+02
7.063579711914062500e+02
8.507067260742187500e+02
9.502098388671875000e+02
6.299315185546875000e+02
8.019860839843750000e+02
5.524838867187500000e+02
7.394587402343750000e+02
8.341054687500000000e+02
8.119248657226562500e+02
7.562714233398437500e+02
7.515499877929687500e+02
8.728515625000000000e+02
7.246026611328125000e+02
9.362859497070312500e+02
8.401539916992187500e+02
7.245102539062500000e+02
8.183854370117187500e+02
9.476459350585937500e+02
5.986352539062500000e+02
7.123622436523437500e+02
9.446608886718750000e+02
7.260870361328125000e+02
6.188936157226562500e+02
9.596174316406250000e+02
7.771468505859375000e+02
7.133850708007812500e+02
9.735399169921875000e+02
5.809699096679687500e+02
8.088790893554687500e+02
6.953921508789062500e+02
6.860720825195312500e+02
7.858092041015625000e+02
7.626823730468750000e+02
7.311402587890625000e+02
8.528120117187500000e+02
5.901446533203125000e+02
8.532684936523437500e+02
8.272811889648437500e+02
6.974406127929687500e+02
7.809312133789062500e+02
7.341676635742187500e+02
8.574023437500000000e+02
8.743458862304687500e+02
8.901160888671875000e+02
5.916245117187500000e+02
9.017020874023437500e+02
7.028350219726562500e+02
6.847816162109375000e+02
8.172894897460937500e+02
6.552648315429687500e+02
6.175457763671875000e+02
5.545293579101562500e+02
8.041372680664062500e+02
9.136479492187500000e+02
7.879468383789062500e+02
8.225910034179687500e+02
9.377486572265625000e+02
9.635569458007812500e+02
7.590873413085937500e+02
8.527844238281250000e+02
8.583374023437500000e+02
7.509154663085937500e+02
9.296248168945312500e+02
8.404118652343750000e+02
6.305729980468750000e+02
7.423823852539062500e+02
9.459498901367187500e+02
8.131719970703125000e+02
7.736699218750000000e+02
6.677061157226562500e+02
8.424155883789062500e+02
7.855922241210937500e+02
9.302785034179687500e+02
7.957935791015625000e+02
8.233016967773437500e+02
7.570299682617187500e+02
7.305724487304687500e+02
4.897721862792968750e+02
6.325812988281250000e+02
7.609675903320312500e+02
7.987886352539062500e+02
6.430941162109375000e+02
6.309719848632812500e+02
9.142725830078125000e+02
8.096948242187500000e+02
7.619682617187500000e+02
7.902283935546875000e+02
8.457650756835937500e+02
8.070603637695312500e+02
6.953619995117187500e+02
8.364633789062500000e+02
7.754738769531250000e+02
5.747399902343750000e+02
7.973232421875000000e+02
6.126661376953125000e+02
6.840957641601562500e+02
9.265574340820312500e+02
8.574469604492187500e+02
7.307416381835937500e+02
8.510283203125000000e+02
5.422822875976562500e+02
7.344420776367187500e+02
7.372030029296875000e+02
6.602034301757812500e+02
7.941758422851562500e+02
8.308209838867187500e+02
6.969878540039062500e+02
8.756267700195312500e+02
9.131207275390625000e+02
5.985591430664062500e+02
7.841338500976562500e+02
9.013818969726562500e+02
6.725802001953125000e+02
6.743018798828125000e+02
7.443002929687500000e+02
6.396851196289062500e+02
7.018822631835937500e+02
9.765513916015625000e+02
7.920515136718750000e+02
6.845164184570312500e+02
7.381646118164062500e+02
7.072362060546875000e+02
7.832153930664062500e+02
7.657133789062500000e+02
8.622590942382812500e+02
8.214706420898437500e+02
7.454389648437500000e+02
6.950649414062500000e+02
8.817235717773437500e+02
9.840496826171875000e+02
7.670858764648437500e+02
7.761845092773437500e+02
7.840076293945312500e+02
7.597044067382812500e+02
7.451762695312500000e+02
7.290516967773437500e+02
6.679970703125000000e+02
8.766968994140625000e+02
8.107993164062500000e+02
8.177117309570312500e+02
8.862855224609375000e+02
6.341893920898437500e+02
6.418080444335937500e+02
6.338594360351562500e+02
8.360856933593750000e+02
7.913435668945312500e+02
8.571272583007812500e+02
8.989131469726562500e+02
9.272905273437500000e+02
7.214967041015625000e+02
8.961128540039062500e+02
7.582404174804687500e+02
8.731505737304687500e+02
8.913977661132812500e+02
6.089466552734375000e+02
7.694679565429687500e+02
7.089063110351562500e+02
9.078602294921875000e+02
9.872697143554687500e+02
8.085654907226562500e+02
9.586307983398437500e+02
6.898772583007812500e+02
7.096906738281250000e+02
9.916421508789062500e+02
9.096900634765625000e+02
8.274791259765625000e+02
5.860573730468750000e+02
6.253024291992187500e+02
8.639945678710937500e+02
9.499753417968750000e+02
8.896589965820312500e+02
8.070391845703125000e+02
8.815573730468750000e+02
8.320946044921875000e+02
6.956970825195312500e+02
7.823212890625000000e+02
5.963253173828125000e+02
8.319432373046875000e+02
5.812424316406250000e+02
5.888790893554687500e+02
7.000628051757812500e+02
7.107160034179687500e+02
6.978130493164062500e+02
6.787388916015625000e+02
7.484271850585937500e+02
7.409191284179687500e+02
9.136815795898437500e+02
8.371634521484375000e+02
8.375277709960937500e+02
7.022465209960937500e+02
5.622825317382812500e+02
7.949191284179687500e+02
7.482193603515625000e+02
5.798547973632812500e+02
6.837869873046875000e+02
7.858851318359375000e+02
9.518195190429687500e+02
9.254538574218750000e+02
8.101463012695312500e+02
8.789439086914062500e+02
5.673576049804687500e+02
6.989465332031250000e+02
8.997921752929687500e+02
6.764105224609375000e+02
5.893948974609375000e+02
8.840375976562500000e+02
5.426054077148437500e+02
5.932136840820312500e+02
7.115226440429687500e+02
8.349448242187500000e+02
7.516658935546875000e+02
6.553337402343750000e+02
6.103383178710937500e+02
9.480840454101562500e+02
7.870340576171875000e+02
5.778463134765625000e+02
8.060695190429687500e+02
9.711312866210937500e+02
8.401392822265625000e+02
8.211574096679687500e+02
6.121776733398437500e+02
7.411839599609375000e+02
6.739694824218750000e+02
6.607020263671875000e+02
5.599929199218750000e+02
8.863997192382812500e+02
7.188998413085937500e+02
8.994707641601562500e+02
5.850402221679687500e+02
7.382474975585937500e+02
7.430717773437500000e+02
9.993495483398437500e+02
8.597843017578125000e+02
6.345957641601562500e+02
6.472692871093750000e+02
9.147124633789062500e+02
5.431775512695312500e+02
7.298510742187500000e+02
5.880858764648437500e+02
6.934205932617187500e+02
8.004013671875000000e+02
7.921669921875000000e+02
9.214255981445312500e+02
7.222929687500000000e+02
8.736420288085937500e+02
6.504016113281250000e+02
6.952103271484375000e+02
7.019019775390625000e+02
8.167260742187500000e+02
9.084513549804687500e+02
8.669597778320312500e+02
7.556130981445312500e+02
6.359218139648437500e+02
8.398128662109375000e+02
6.722062377929687500e+02
5.773629150390625000e+02
4.713793945312500000e+02
7.944249267578125000e+02
6.485620727539062500e+02
7.473179931640625000e+02
6.527354736328125000e+02
7.128552246093750000e+02
6.489639282226562500e+02
1.023946472167968750e+03
6.536163330078125000e+02
6.361322021484375000e+02
6.589803466796875000e+02
7.659244995117187500e+02
7.234252319335937500e+02
8.751642456054687500e+02
6.533703613281250000e+02
7.488944702148437500e+02
6.864698486328125000e+02
9.031723022460937500e+02
8.128874511718750000e+02
8.013667602539062500e+02
6.483103027343750000e+02
7.099490966796875000e+02
5.691480102539062500e+02
6.217402954101562500e+02
7.872013549804687500e+02
7.971379394531250000e+02
6.177557373046875000e+02
7.569617919921875000e+02
7.524414672851562500e+02
7.276196899414062500e+02
8.331832885742187500e+02
7.654926147460937500e+02
7.506222534179687500e+02
6.104926757812500000e+02
9.574207763671875000e+02
8.732169799804687500e+02
8.756430053710937500e+02
6.920336914062500000e+02
8.644892578125000000e+02
1.000775756835937500e+03
8.193938598632812500e+02
8.406423339843750000e+02
7.510030517578125000e+02
7.312905883789062500e+02
7.127177124023437500e+02
6.206918334960937500e+02
6.350859985351562500e+02
7.860682373046875000e+02
6.328392333984375000e+02
9.573773193359375000e+02
8.186951293945312500e+02
9.710253906250000000e+02
9.892726440429687500e+02
7.940091552734375000e+02
9.041658935546875000e+02
7.112238769531250000e+02
7.495788574218750000e+02
8.079359741210937500e+02
7.748729858398437500e+02
7.900654296875000000e+02
7.812367553710937500e+02
8.435896606445312500e+02
7.010565185546875000e+02
5.775362548828125000e+02
6.896134643554687500e+02
7.380762939453125000e+02
8.884912719726562500e+02
7.631699829101562500e+02
5.991381835937500000e+02
6.560441284179687500e+02
6.120370483398437500e+02
8.371152343750000000e+02
7.481605224609375000e+02
7.703107910156250000e+02
7.909309692382812500e+02
6.798933715820312500e+02
6.018654174804687500e+02
5.619253540039062500e+02
8.259957885742187500e+02
7.357509765625000000e+02
6.851847534179687500e+02
7.970362548828125000e+02
7.482564697265625000e+02
8.114194946289062500e+02
7.568511352539062500e+02
8.754931640625000000e+02
7.844589233398437500e+02
9.060790405273437500e+02
6.582219848632812500e+02
8.344531250000000000e+02
7.842109375000000000e+02
9.582401123046875000e+02
7.323055419921875000e+02
9.197666625976562500e+02
7.831837768554687500e+02
7.602679443359375000e+02
8.257018432617187500e+02
7.762246093750000000e+02
6.459705200195312500e+02
7.915948486328125000e+02
7.228436279296875000e+02
8.653035888671875000e+02
6.926622314453125000e+02
7.753679809570312500e+02
8.596325683593750000e+02
8.106358032226562500e+02
7.659573364257812500e+02
6.497793579101562500e+02
6.073279418945312500e+02
8.721257934570312500e+02
9.257819213867187500e+02
9.657798461914062500e+02
7.552708129882812500e+02
8.563814697265625000e+02
6.943355102539062500e+02
8.349902343750000000e+02
7.436777343750000000e+02
8.354733276367187500e+02
8.944405517578125000e+02
8.310631713867187500e+02
9.984487915039062500e+02
8.679327392578125000e+02
8.416107788085937500e+02
8.273043212890625000e+02
7.406609497070312500e+02
6.423051757812500000e+02
8.310734863281250000e+02
8.763607788085937500e+02
7.590056152343750000e+02
6.900906982421875000e+02
5.896325683593750000e+02
7.907738037109375000e+02
7.260751342773437500e+02
6.383922119140625000e+02
7.509801635742187500e+02
8.467983398437500000e+02
7.487897338867187500e+02
7.721665039062500000e+02
8.400938110351562500e+02
6.896229858398437500e+02
7.539038696289062500e+02
7.209282836914062500e+02
6.984573364257812500e+02
6.600278320312500000e+02
6.258848876953125000e+02
7.854467163085937500e+02
9.375289916992187500e+02
7.800388183593750000e+02
7.204835205078125000e+02
8.615007934570312500e+02
8.063765258789062500e+02
6.235593872070312500e+02
1.056340332031250000e+03
8.286337280273437500e+02
1.018381347656250000e+03
6.178259277343750000e+02
6.350381469726562500e+02
7.621395263671875000e+02
6.412479248046875000e+02
9.381752319335937500e+02
4.806574401855468750e+02
7.598542480468750000e+02
8.917550659179687500e+02
7.482679443359375000e+02
6.241863403320312500e+02
6.080556640625000000e+02
7.177525634765625000e+02
8.649644775390625000e+02
7.911564331054687500e+02
8.544387207031250000e+02
8.664842529296875000e+02
7.902718505859375000e+02
6.716948852539062500e+02
9.148886718750000000e+02
6.766049804687500000e+02
7.138973999023437500e+02
8.016945190429687500e+02
8.336661987304687500e+02
9.714598388671875000e+02
8.585799560546875000e+02
5.870759887695312500e+02
6.569405517578125000e+02
7.554470825195312500e+02
6.818483886718750000e+02
1.018362304687500000e+03
7.480249633789062500e+02
5.184091796875000000e+02
7.342094116210937500e+02
9.466944580078125000e+02
8.435886840820312500e+02
6.612428588867187500e+02
7.297034301757812500e+02
7.172347412109375000e+02
1.006441345214843750e+03
6.374253540039062500e+02
7.481941528320312500e+02
7.120773315429687500e+02
7.013143310546875000e+02
7.697797241210937500e+02
8.742156372070312500e+02
9.508579711914062500e+02
7.292587280273437500e+02
7.179126586914062500e+02
6.483397827148437500e+02
6.587374877929687500e+02
8.201221923828125000e+02
8.855856933593750000e+02
7.731295776367187500e+02
7.483739624023437500e+02
7.571104125976562500e+02
7.733025512695312500e+02
7.467435302734375000e+02
7.617924804687500000e+02
9.009945068359375000e+02
7.954743041992187500e+02
8.486076660156250000e+02
7.002552490234375000e+02
6.391906127929687500e+02
6.979982910156250000e+02
6.467003173828125000e+02
6.830050048828125000e+02
8.945036621093750000e+02
7.137171020507812500e+02
8.657250366210937500e+02
8.868616333007812500e+02
9.698038330078125000e+02
8.074586181640625000e+02
7.258435668945312500e+02
6.479973144531250000e+02
1.017656311035156250e+03
7.758549194335937500e+02
8.042841796875000000e+02
8.643182373046875000e+02
7.624767456054687500e+02
7.131513671875000000e+02
8.430838012695312500e+02
6.400344238281250000e+02
7.034559326171875000e+02
6.459395141601562500e+02
7.312463989257812500e+02
8.221865844726562500e+02
5.834563598632812500e+02
8.003751831054687500e+02
8.505996093750000000e+02
7.004871215820312500e+02
6.855993041992187500e+02
8.336568603515625000e+02
7.166702880859375000e+02
7.656799316406250000e+02
8.676896362304687500e+02
8.124063110351562500e+02
8.132352294921875000e+02
9.119714355468750000e+02
6.974600830078125000e+02
8.820319824218750000e+02
9.137705688476562500e+02
9.202579345703125000e+02
8.702977294921875000e+02
7.642609863281250000e+02
7.801288452148437500e+02
7.860404052734375000e+02
6.289985351562500000e+02
5.966273193359375000e+02
8.047827148437500000e+02
7.611433715820312500e+02
9.663438720703125000e+02
7.874273681640625000e+02
7.331309814453125000e+02
7.094924316406250000e+02
6.510450439453125000e+02
7.273023071289062500e+02
9.015596313476562500e+02
8.516613769531250000e+02
6.896486206054687500e+02
7.341671142578125000e+02
7.642266235351562500e+02
6.973963623046875000e+02
8.280898437500000000e+02
7.219716186523437500e+02
7.497405395507812500e+02
8.277313842773437500e+02
8.365394897460937500e+02
9.041923828125000000e+02
5.011955261230468750e+02
8.855161743164062500e+02
6.317158813476562500e+02
6.690828247070312500e+02
9.421492919921875000e+02
7.475024414062500000e+02
4.448591613769531250e+02
8.930786132812500000e+02
9.392078247070312500e+02
7.319747314453125000e+02
6.734280395507812500e+02
8.323766479492187500e+02
7.957423095703125000e+02
6.698616333007812500e+02
6.697327880859375000e+02
5.583883056640625000e+02
8.059179077148437500e+02
5.427927856445312500e+02
7.635900878906250000e+02
8.606759033203125000e+02
7.300545654296875000e+02
8.953994140625000000e+02
7.724874877929687500e+02
9.683405761718750000e+02
6.740979003906250000e+02
6.054094848632812500e+02
5.047705688476562500e+02
6.399843750000000000e+02
9.514887695312500000e+02
6.063641357421875000e+02
7.068781127929687500e+02
7.671779785156250000e+02
8.308798828125000000e+02
7.298885498046875000e+02
8.789175415039062500e+02
6.769860839843750000e+02
1.034052978515625000e+03
9.082604980468750000e+02
7.325211791992187500e+02
8.646735839843750000e+02
6.691639404296875000e+02
7.859233398437500000e+02
6.588532104492187500e+02
6.972637329101562500e+02
8.693786621093750000e+02
6.256790161132812500e+02
9.185986938476562500e+02
8.151859741210937500e+02
7.542861328125000000e+02
8.786019287109375000e+02
8.073008422851562500e+02
7.633859252929687500e+02
6.257545166015625000e+02
8.556863403320312500e+02
7.297790527343750000e+02
7.934146728515625000e+02
5.179625244140625000e+02
7.474240722656250000e+02
6.178121948242187500e+02
8.602152099609375000e+02
7.888500976562500000e+02
8.010710449218750000e+02
6.433754272460937500e+02
4.708619384765625000e+02
5.323504638671875000e+02
6.719342651367187500e+02
5.805650024414062500e+02
8.995390625000000000e+02
7.484881591796875000e+02
7.610320434570312500e+02
7.913225708007812500e+02
9.885891113281250000e+02
8.987210083007812500e+02
8.461608276367187500e+02
7.014234619140625000e+02
9.162073974609375000e+02
8.050614013671875000e+02
9.914364013671875000e+02
8.461270141601562500e+02
6.724169921875000000e+02
5.673316650390625000e+02
6.598305053710937500e+02
6.845505371093750000e+02
8.076681518554687500e+02
7.376644287109375000e+02
9.187318115234375000e+02
8.237852172851562500e+02
7.702496948242187500e+02
8.018829956054687500e+02
6.498249511718750000e+02
7.412326660156250000e+02
6.025908203125000000e+02
7.987647094726562500e+02
9.036450805664062500e+02
7.180964355468750000e+02
9.481759643554687500e+02
4.913568725585937500e+02
6.838086547851562500e+02
5.789706420898437500e+02
8.213815917968750000e+02
7.322650146484375000e+02
7.994275512695312500e+02
6.493906860351562500e+02
7.625036621093750000e+02
6.527628784179687500e+02
8.097405395507812500e+02
8.420054931640625000e+02
4.874302062988281250e+02
7.292604370117187500e+02
9.870106811523437500e+02
8.463937988281250000e+02
6.817238159179687500e+02
9.448695068359375000e+02
6.871765136718750000e+02
5.846480102539062500e+02
9.360017700195312500e+02
8.014979858398437500e+02
7.939934692382812500e+02
8.383056030273437500e+02
6.005711669921875000e+02
8.102877807617187500e+02
8.966025390625000000e+02
6.639678955078125000e+02
8.295382080078125000e+02
6.687817993164062500e+02
7.623428955078125000e+02
6.722553100585937500e+02
7.785395507812500000e+02
7.997294311523437500e+02
8.706072998046875000e+02
8.418762817382812500e+02
7.042885131835937500e+02
8.585084228515625000e+02
5.921682739257812500e+02
9.512980346679687500e+02
7.769442138671875000e+02
5.790631103515625000e+02
8.737143554687500000e+02
6.940086669921875000e+02
8.799997558593750000e+02
7.454724731445312500e+02
6.513924560546875000e+02
7.832893066406250000e+02
9.363115234375000000e+02
7.113560180664062500e+02
8.300693969726562500e+02
7.711616821289062500e+02
7.947935791015625000e+02
7.645780639648437500e+02
6.846693115234375000e+02
1.004231506347656250e+03
7.812337646484375000e+02
5.679805908203125000e+02
6.568706054687500000e+02
9.282160034179687500e+02
8.845022583007812500e+02
8.369232177734375000e+02
8.974744873046875000e+02
8.212036743164062500e+02
7.533166503906250000e+02
7.830868530273437500e+02
8.599795532226562500e+02
6.357710571289062500e+02
7.445129394531250000e+02
6.635728759765625000e+02
5.804085083007812500e+02
6.239016113281250000e+02
7.367632446289062500e+02
9.629564208984375000e+02
8.619440307617187500e+02
8.202379760742187500e+02
8.284578857421875000e+02
7.211576538085937500e+02
6.282888183593750000e+02
9.110798339843750000e+02
6.980609130859375000e+02
5.977542724609375000e+02
5.728319091796875000e+02
6.856515502929687500e+02
7.175213012695312500e+02
6.912292480468750000e+02
6.695465698242187500e+02
6.363029174804687500e+02
8.062993774414062500e+02
9.383894653320312500e+02
6.627512817382812500e+02
9.582332153320312500e+02
7.581857910156250000e+02
9.344219970703125000e+02
8.839651489257812500e+02
6.814553222656250000e+02
9.557871704101562500e+02
8.948842163085937500e+02
7.868098144531250000e+02
8.250952148437500000e+02
6.494247436523437500e+02
1.007782714843750000e+03
8.180227661132812500e+02
7.834354248046875000e+02
1.044634399414062500e+03
8.253702392578125000e+02
8.792788085937500000e+02
8.762743530273437500e+02
6.866939086914062500e+02
8.409776000976562500e+02
9.660588989257812500e+02
7.086868286132812500e+02
5.774274291992187500e+02
7.534981079101562500e+02
8.610118408203125000e+02
7.592239990234375000e+02
5.328922119140625000e+02
8.204641723632812500e+02
8.395951538085937500e+02
7.551198730468750000e+02
7.343323974609375000e+02
7.454508056640625000e+02
6.501820068359375000e+02
6.599567260742187500e+02
5.869285888671875000e+02
9.142694091796875000e+02
8.655659790039062500e+02
7.364827880859375000e+02
7.114342041015625000e+02
7.286726684570312500e+02
9.059589843750000000e+02
5.896347656250000000e+02
9.802897949218750000e+02
8.777678833007812500e+02
8.852706909179687500e+02
7.309415893554687500e+02
9.163590087890625000e+02
7.227695922851562500e+02
7.246776733398437500e+02
8.100183105468750000e+02
6.683134155273437500e+02
7.168316040039062500e+02
1.025804809570312500e+03
7.289610595703125000e+02
9.296361083984375000e+02
8.704999389648437500e+02
5.973352050781250000e+02
8.209873657226562500e+02
6.426638793945312500e+02
8.915029907226562500e+02
7.852097167968750000e+02
8.868522338867187500e+02
9.477398071289062500e+02
8.929536743164062500e+02
7.674199218750000000e+02
9.177936401367187500e+02
8.271687622070312500e+02
8.555935058593750000e+02
8.438182373046875000e+02
7.332414550781250000e+02
6.654060058593750000e+02
9.849660034179687500e+02
7.571141357421875000e+02
7.675866699218750000e+02
9.485534057617187500e+02
5.984047241210937500e+02
7.533785400390625000e+02
8.447996826171875000e+02
8.991071166992187500e+02
6.395839843750000000e+02
8.671877441406250000e+02
6.857783203125000000e+02
8.345071411132812500e+02
8.858778076171875000e+02
8.021040649414062500e+02
8.358304443359375000e+02
8.351909179687500000e+02
5.994002075195312500e+02
9.537438354492187500e+02
6.376687011718750000e+02
6.540265502929687500e+02
4.878785095214843750e+02
7.397338867187500000e+02
7.091650390625000000e+02
7.758945922851562500e+02
7.548588256835937500e+02
7.890239868164062500e+02
6.484595336914062500e+02
6.690950927734375000e+02
6.932219238281250000e+02
6.775040893554687500e+02
8.547185058593750000e+02
6.894602050781250000e+02
6.868382568359375000e+02
8.699875488281250000e+02
7.766900634765625000e+02
7.513938598632812500e+02
9.807736206054687500e+02
7.014349365234375000e+02
7.523659057617187500e+02
6.915666503906250000e+02
9.175485229492187500e+02
6.561021728515625000e+02
7.593018798828125000e+02
9.659792480468750000e+02
8.599630737304687500e+02
6.055239257812500000e+02
7.546431884765625000e+02
7.603806762695312500e+02
7.740626831054687500e+02
6.462041015625000000e+02
5.989685668945312500e+02
8.119688110351562500e+02
9.123114013671875000e+02
7.443469238281250000e+02
5.545847167968750000e+02
8.407045898437500000e+02
6.674840698242187500e+02
7.904645996093750000e+02
8.111157836914062500e+02
9.526296386718750000e+02
7.891100463867187500e+02
8.549090576171875000e+02
8.519390869140625000e+02
8.030474853515625000e+02
9.839106445312500000e+02
7.840341796875000000e+02
8.601388549804687500e+02
9.668216552734375000e+02
7.212832031250000000e+02
7.156596679687500000e+02
5.655134277343750000e+02
8.422999267578125000e+02
9.085368041992187500e+02
7.646610107421875000e+02
8.751257934570312500e+02
7.493114624023437500e+02
6.953604736328125000e+02
7.210563964843750000e+02
7.488873901367187500e+02
7.630480957031250000e+02
8.566903076171875000e+02
8.654896850585937500e+02
6.787969360351562500e+02
6.821541748046875000e+02
5.525864257812500000e+02
6.480081787109375000e+02
7.678145751953125000e+02
8.377621459960937500e+02
6.630966796875000000e+02
8.972070312500000000e+02
9.104310302734375000e+02
6.908790283203125000e+02
6.497393798828125000e+02
8.091173706054687500e+02
8.290546875000000000e+02
9.280303955078125000e+02
8.513521118164062500e+02
7.355649414062500000e+02
8.029678344726562500e+02
7.747561645507812500e+02
9.478437500000000000e+02
8.378796997070312500e+02
7.762149047851562500e+02
7.433405761718750000e+02
8.346420288085937500e+02
8.018347167968750000e+02
9.746717529296875000e+02
7.091920776367187500e+02
8.480375976562500000e+02
9.665793457031250000e+02
1.039612915039062500e+03
7.357986450195312500e+02
7.341532592773437500e+02
4.727889709472656250e+02
8.509319458007812500e+02
7.963021240234375000e+02
7.827797241210937500e+02
6.403605957031250000e+02
8.226986694335937500e+02
6.297911376953125000e+02
7.464942016601562500e+02
7.342908325195312500e+02
8.140109252929687500e+02
8.093023071289062500e+02
1.040984497070312500e+03
8.108362426757812500e+02
8.051326293945312500e+02
8.684212646484375000e+02
8.313939208984375000e+02
6.856578979492187500e+02
7.895949707031250000e+02
7.104008178710937500e+02
7.663003540039062500e+02
8.237868652343750000e+02
7.301166992187500000e+02
9.633715820312500000e+02
6.984657592773437500e+02
8.697443847656250000e+02
8.005974121093750000e+02
9.515615844726562500e+02
6.582301635742187500e+02
9.021623535156250000e+02
5.707330932617187500e+02
6.103390502929687500e+02
8.753341674804687500e+02
6.421762695312500000e+02
6.142992553710937500e+02
5.431683959960937500e+02
8.087647705078125000e+02
6.851022338867187500e+02
7.988845214843750000e+02
8.094074707031250000e+02
9.522761840820312500e+02
7.550161132812500000e+02
7.085882568359375000e+02
7.835298461914062500e+02
5.330692749023437500e+02
8.534013061523437500e+02
7.090616455078125000e+02
6.152186279296875000e+02
9.031311645507812500e+02
8.484884643554687500e+02
8.844364624023437500e+02
7.606742553710937500e+02
7.353088378906250000e+02
6.070294799804687500e+02
7.269201049804687500e+02
6.904947509765625000e+02
8.179922485351562500e+02
8.979967041015625000e+02
7.865051879882812500e+02
5.444169921875000000e+02
8.010664062500000000e+02
6.549374389648437500e+02
7.013313598632812500e+02
6.013027343750000000e+02
8.247629394531250000e+02
7.886615600585937500e+02
6.468095092773437500e+02
7.971137695312500000e+02
9.557028198242187500e+02
8.427626953125000000e+02
7.470806274414062500e+02
6.337001953125000000e+02
7.157907104492187500e+02
7.728068847656250000e+02
8.892681274414062500e+02
7.062124023437500000e+02
7.577954711914062500e+02
9.104543457031250000e+02
5.460607910156250000e+02
7.028953247070312500e+02
7.485122070312500000e+02
8.393690185546875000e+02
9.180212402343750000e+02
6.242756347656250000e+02
5.536395874023437500e+02
7.988673095703125000e+02
5.091999206542968750e+02
5.525249633789062500e+02
7.205076904296875000e+02
1.038477905273437500e+03
6.085745239257812500e+02
8.251986694335937500e+02
7.604055786132812500e+02
8.358621826171875000e+02
6.823397827148437500e+02
6.197449340820312500e+02
8.914420776367187500e+02
9.041089477539062500e+02
6.507568359375000000e+02
8.913675537109375000e+02
9.695178833007812500e+02
6.881961059570312500e+02
7.698287963867187500e+02
7.435310058593750000e+02
9.140236816406250000e+02
7.586091918945312500e+02
8.277951049804687500e+02
8.809721679687500000e+02
8.115795288085937500e+02
8.289614868164062500e+02
7.883307495117187500e+02
5.754392089843750000e+02
8.057778320312500000e+02
6.650575561523437500e+02
6.767984619140625000e+02
6.652946777343750000e+02
7.114521484375000000e+02
7.582174072265625000e+02
6.812105102539062500e+02
8.304148559570312500e+02
8.424749755859375000e+02
8.668910522460937500e+02
8.254397583007812500e+02
8.865956420898437500e+02
4.884739990234375000e+02
7.937410888671875000e+02
9.334495239257812500e+02
8.843963623046875000e+02
7.538578491210937500e+02
5.367816162109375000e+02
7.361753540039062500e+02
8.176858520507812500e+02
8.596144409179687500e+02
9.219194946289062500e+02
8.954284057617187500e+02
9.250037841796875000e+02
6.487068481445312500e+02
7.574237670898437500e+02
7.804750366210937500e+02
7.450131225585937500e+02
8.373118896484375000e+02
9.255678710937500000e+02
6.837097167968750000e+02
5.352976684570312500e+02
8.526000976562500000e+02
8.037299194335937500e+02
9.097257080078125000e+02
6.820502319335937500e+02
6.520590209960937500e+02
7.521712036132812500e+02
6.956667480468750000e+02
8.880852050781250000e+02
9.375452270507812500e+02
6.915897827148437500e+02
7.108305053710937500e+02
7.332431640625000000e+02
8.171444702148437500e+02
7.510745849609375000e+02
8.729802246093750000e+02
7.067869873046875000e+02
5.602489013671875000e+02
7.555090332031250000e+02
8.626400756835937500e+02
6.037390136718750000e+02
8.648906860351562500e+02
7.844588623046875000e+02
8.769841918945312500e+02
7.354989624023437500e+02
8.471437988281250000e+02
7.431102294921875000e+02
8.892902221679687500e+02
7.582879028320312500e+02
6.197406005859375000e+02
6.788431396484375000e+02
8.602123413085937500e+02
6.642093505859375000e+02
7.852318725585937500e+02
9.321668701171875000e+02
9.203093872070312500e+02
7.475692138671875000e+02
8.868533935546875000e+02
7.921392822265625000e+02
6.976465454101562500e+02
1.057438476562500000e+03
9.659829101562500000e+02
9.311241455078125000e+02
9.325682983398437500e+02
9.839484252929687500e+02
7.759677734375000000e+02
8.625366821289062500e+02
6.979296264648437500e+02
6.551203613281250000e+02
7.475852050781250000e+02
7.093441772460937500e+02
8.538074951171875000e+02
7.730440673828125000e+02
8.033927612304687500e+02
8.115198364257812500e+02
7.064219970703125000e+02
8.340968017578125000e+02
5.894955444335937500e+02
7.580363159179687500e+02
8.502067260742187500e+02
8.063544921875000000e+02
6.705533447265625000e+02
7.280333251953125000e+02
6.534498291015625000e+02
7.508582763671875000e+02
6.808175659179687500e+02
7.043261108398437500e+02
7.019994506835937500e+02
7.983646850585937500e+02
8.248428344726562500e+02
7.103065795898437500e+02
7.730067749023437500e+02
8.332821655273437500e+02
6.725296020507812500e+02
6.781381225585937500e+02
6.532720336914062500e+02
5.589072265625000000e+02
8.066620483398437500e+02
5.385003662109375000e+02
7.369714355468750000e+02
6.498403930664062500e+02
8.394814453125000000e+02
6.889324340820312500e+02
7.979707641601562500e+02
9.189782714843750000e+02
6.487138061523437500e+02
9.215424804687500000e+02
8.787525634765625000e+02
6.968251342773437500e+02
8.698908081054687500e+02
8.269859008789062500e+02
7.604854736328125000e+02
9.694358520507812500e+02
8.501016235351562500e+02
8.016430053710937500e+02
9.184593505859375000e+02
7.843925170898437500e+02
9.025977172851562500e+02
9.648681030273437500e+02
8.373867187500000000e+02
8.028621215820312500e+02
5.429106445312500000e+02
6.303779907226562500e+02
5.202121582031250000e+02
7.590153198242187500e+02
9.537639160156250000e+02
9.956862792968750000e+02
9.038237304687500000e+02
6.969890747070312500e+02
9.501020507812500000e+02
5.907781982421875000e+02
8.219696044921875000e+02
5.471381835937500000e+02
8.923250732421875000e+02
8.393342285156250000e+02
8.010282592773437500e+02
7.784001464843750000e+02
6.303432617187500000e+02
8.229055175781250000e+02
5.065704345703125000e+02
4.503064270019531250e+02
6.921135253906250000e+02
9.747267456054687500e+02
6.861508789062500000e+02
7.890538940429687500e+02
7.943523559570312500e+02
5.154715576171875000e+02
7.784404907226562500e+02
7.929190063476562500e+02
7.731856689453125000e+02
6.734821166992187500e+02
6.589992065429687500e+02
7.878946533203125000e+02
8.124976806640625000e+02
7.148868408203125000e+02
1.029370849609375000e+03
7.442614746093750000e+02
7.962809448242187500e+02
7.392885131835937500e+02
6.297225341796875000e+02
8.104739990234375000e+02
6.270045166015625000e+02
8.251884765625000000e+02
7.678054199218750000e+02
7.666910400390625000e+02
8.068759765625000000e+02
9.457800292968750000e+02
5.927794799804687500e+02
8.006254272460937500e+02
7.568365478515625000e+02
6.281075439453125000e+02
7.779563598632812500e+02
8.275741577148437500e+02
6.461458129882812500e+02
6.471498413085937500e+02
7.109207153320312500e+02
7.248314208984375000e+02
7.248402099609375000e+02
7.703768310546875000e+02
7.430932617187500000e+02
7.925097656250000000e+02
6.869215087890625000e+02
7.540999145507812500e+02
6.866439819335937500e+02
8.729595336914062500e+02
7.573391113281250000e+02
6.301365966796875000e+02
6.869168090820312500e+02
7.582866821289062500e+02
7.411401977539062500e+02
8.300274658203125000e+02
8.072369384765625000e+02
5.624749145507812500e+02
6.148151855468750000e+02
7.098563842773437500e+02
7.019609985351562500e+02
8.618200073242187500e+02
1.045648803710937500e+03
9.070405273437500000e+02
7.788899536132812500e+02
7.398197631835937500e+02
6.623412475585937500e+02
7.172491455078125000e+02
8.722850952148437500e+02
7.880574340820312500e+02
8.103672485351562500e+02
5.779375000000000000e+02
6.029798583984375000e+02
8.379505615234375000e+02
8.257807006835937500e+02
7.127190551757812500e+02
5.131063232421875000e+02
7.376388549804687500e+02
8.146683349609375000e+02
7.004634399414062500e+02
6.497085571289062500e+02
7.951459960937500000e+02
7.844152221679687500e+02
7.896613769531250000e+02
6.945393676757812500e+02
7.219453125000000000e+02
6.688488769531250000e+02
8.312128906250000000e+02
8.378179931640625000e+02
7.820053100585937500e+02
8.516317138671875000e+02
6.317177734375000000e+02
8.174799804687500000e+02
6.183859252929687500e+02
5.517651977539062500e+02
6.250833740234375000e+02
7.773663330078125000e+02
8.557391967773437500e+02
5.799473876953125000e+02
7.078612670898437500e+02
7.439438476562500000e+02
6.373626098632812500e+02
5.175352783203125000e+02
6.638557128906250000e+02
7.149964599609375000e+02
6.028811035156250000e+02
8.846191406250000000e+02
7.922899780273437500e+02
7.852381591796875000e+02
6.645234985351562500e+02
7.621220092773437500e+02
7.552181396484375000e+02
8.003122558593750000e+02
6.424439697265625000e+02
9.674118041992187500e+02
7.567028808593750000e+02
8.802149658203125000e+02
7.719035034179687500e+02
6.354861450195312500e+02
7.324898681640625000e+02
6.035412597656250000e+02
9.267243041992187500e+02
9.692303466796875000e+02
9.012016601562500000e+02
6.995823364257812500e+02
8.210629882812500000e+02
6.008350830078125000e+02
8.273739013671875000e+02
7.861011962890625000e+02
6.440194091796875000e+02
7.688885498046875000e+02
8.308894042968750000e+02
8.050101928710937500e+02
7.411801757812500000e+02
5.997812500000000000e+02
8.040347290039062500e+02
7.276725463867187500e+02
8.245798950195312500e+02
9.356333618164062500e+02
7.758316040039062500e+02
7.375142211914062500e+02
8.338933715820312500e+02
7.773523559570312500e+02
6.448438720703125000e+02
7.727325439453125000e+02
7.974514770507812500e+02
7.349930419921875000e+02
8.393287353515625000e+02
9.156587524414062500e+02
8.115302734375000000e+02
6.974849853515625000e+02
7.692402343750000000e+02
5.085303955078125000e+02
7.568651123046875000e+02
7.577528686523437500e+02
7.124448242187500000e+02
8.261584472656250000e+02
8.265494995117187500e+02
6.548546142578125000e+02
8.432307128906250000e+02
8.220872192382812500e+02
9.355144042968750000e+02
8.150962524414062500e+02
6.479251708984375000e+02
7.248157348632812500e+02
7.726320800781250000e+02
6.487178344726562500e+02
9.263225097656250000e+02
5.644704589843750000e+02
7.887171630859375000e+02
7.331835327148437500e+02
7.804738769531250000e+02
6.422733764648437500e+02
7.089986572265625000e+02
7.823395385742187500e+02
7.187033081054687500e+02
8.917212524414062500e+02
6.573385620117187500e+02
8.330438842773437500e+02
7.067214965820312500e+02
7.668931884765625000e+02
6.760293579101562500e+02
8.301359252929687500e+02
8.692983398437500000e+02
6.631045532226562500e+02
8.217741699218750000e+02
8.548381958007812500e+02
6.794205932617187500e+02
8.053308105468750000e+02
8.758989868164062500e+02
4.747168884277343750e+02
8.288434448242187500e+02
7.335614624023437500e+02
7.152584228515625000e+02
6.100716552734375000e+02
8.518988647460937500e+02
8.356690063476562500e+02
7.686851196289062500e+02
8.214015502929687500e+02
6.501337890625000000e+02
8.337615356445312500e+02
8.403654174804687500e+02
9.305190429687500000e+02
8.107428588867187500e+02
5.817487182617187500e+02
6.627520751953125000e+02
5.531965942382812500e+02
6.716499023437500000e+02
7.390363159179687500e+02
6.110073242187500000e+02
7.599239501953125000e+02
8.088057250976562500e+02
7.953970947265625000e+02
7.058157958984375000e+02
8.163619384765625000e+02
5.664998779296875000e+02
9.279976196289062500e+02
6.904688110351562500e+02
9.082466430664062500e+02
8.992181396484375000e+02
7.855042724609375000e+02
1.001489746093750000e+03
8.224906616210937500e+02
8.569403686523437500e+02
5.324697875976562500e+02
9.216481933593750000e+02
7.946350708007812500e+02
7.869205932617187500e+02
7.108572998046875000e+02
7.867987060546875000e+02
6.118738403320312500e+02
7.333981933593750000e+02
6.665983886718750000e+02
8.884786987304687500e+02
7.228347778320312500e+02
7.636889648437500000e+02
8.040423583984375000e+02
6.749135131835937500e+02
8.158852539062500000e+02
6.932587280273437500e+02
5.680837402343750000e+02
8.330579833984375000e+02
7.590111083984375000e+02
6.858551025390625000e+02
9.519317016601562500e+02
8.038983764648437500e+02
6.385899047851562500e+02
8.885848388671875000e+02
9.098472290039062500e+02
5.410333862304687500e+02
9.263449096679687500e+02
9.425469360351562500e+02
6.086934204101562500e+02
8.200606079101562500e+02
7.173781127929687500e+02
8.757586669921875000e+02
6.078677368164062500e+02
8.757291259765625000e+02
9.051949462890625000e+02
8.998486328125000000e+02
1.022726318359375000e+03
8.558961791992187500e+02
8.010761718750000000e+02
6.515728149414062500e+02
7.657148437500000000e+02
5.887218017578125000e+02
7.741034545898437500e+02
6.099253540039062500e+02
7.837386474609375000e+02
8.147910766601562500e+02
8.844714355468750000e+02
8.136223754882812500e+02
7.444233398437500000e+02
7.255721435546875000e+02
8.237640380859375000e+02
8.564128417968750000e+02
7.712885131835937500e+02
7.649650268554687500e+02
7.657521362304687500e+02
5.594223022460937500e+02
7.997769775390625000e+02
6.892481079101562500e+02
6.477317504882812500e+02
7.920711669921875000e+02
7.475787353515625000e+02
7.948793334960937500e+02
7.956400146484375000e+02
7.359020996093750000e+02
6.506128540039062500e+02
7.240613403320312500e+02
1.051210571289062500e+03
6.691497802734375000e+02
9.339128417968750000e+02
6.086095581054687500e+02
7.619750366210937500e+02
6.984226074218750000e+02
7.316176757812500000e+02
6.858393554687500000e+02
8.233819580078125000e+02
6.916961669921875000e+02
9.677355957031250000e+02
8.287749023437500000e+02
6.449322509765625000e+02
4.943148498535156250e+02
8.094229125976562500e+02
7.304596557617187500e+02
7.894597167968750000e+02
9.520819091796875000e+02
7.922763671875000000e+02
8.266514282226562500e+02
7.168798828125000000e+02
9.260681762695312500e+02
7.607795410156250000e+02
8.428594970703125000e+02
8.161160888671875000e+02
8.850119018554687500e+02
6.444358520507812500e+02
6.397462768554687500e+02
7.793809814453125000e+02
7.423891601562500000e+02
7.716828002929687500e+02
8.720864868164062500e+02
6.625573730468750000e+02
6.702515869140625000e+02
7.720088500976562500e+02
7.626931152343750000e+02
9.724160156250000000e+02
6.418739013671875000e+02
8.255582275390625000e+02
7.003003540039062500e+02
6.308189086914062500e+02
8.406644897460937500e+02
7.885096435546875000e+02
7.603914184570312500e+02
8.531741333007812500e+02
7.819061889648437500e+02
4.384810485839843750e+02
6.731710205078125000e+02
8.300414428710937500e+02
6.037192993164062500e+02
7.766560058593750000e+02
9.294888305664062500e+02
7.444537963867187500e+02
8.334664916992187500e+02
8.655155029296875000e+02
6.914052734375000000e+02
7.197079467773437500e+02
7.468192138671875000e+02
6.512244873046875000e+02
7.044658813476562500e+02
8.823511352539062500e+02
5.885283203125000000e+02
6.442313842773437500e+02
6.355528564453125000e+02
8.337863769531250000e+02
7.506174926757812500e+02
7.154581298828125000e+02
7.298652343750000000e+02
6.036862182617187500e+02
7.553774414062500000e+02
6.721496582031250000e+02
8.793415527343750000e+02
7.098520507812500000e+02
7.665426635742187500e+02
7.224979248046875000e+02
7.915562133789062500e+02
7.324537963867187500e+02
6.975825195312500000e+02
5.950748901367187500e+02
8.489776000976562500e+02
7.582723388671875000e+02
7.413540649414062500e+02
6.942406616210937500e+02
8.767182006835937500e+02
7.090023803710937500e+02
7.585657348632812500e+02
7.415576171875000000e+02
9.260549316406250000e+02
7.643040771484375000e+02
9.845099487304687500e+02
8.163640747070312500e+02
7.081822509765625000e+02
9.112154541015625000e+02
6.684512939453125000e+02
8.167951049804687500e+02
8.732673339843750000e+02
8.101038818359375000e+02
8.092400512695312500e+02
7.540380859375000000e+02
5.918884277343750000e+02
9.485239257812500000e+02
6.265889282226562500e+02
8.046011352539062500e+02
7.528245849609375000e+02
7.609359130859375000e+02
5.641545410156250000e+02
9.045355224609375000e+02
5.839240722656250000e+02
7.619798583984375000e+02
6.453591308593750000e+02
8.197652587890625000e+02
7.744577026367187500e+02
7.624335327148437500e+02
6.814906616210937500e+02
8.169850463867187500e+02
8.019664306640625000e+02
6.567261352539062500e+02
8.037287597656250000e+02
1.010199951171875000e+03
7.509100952148437500e+02
7.083260498046875000e+02
9.161904296875000000e+02
6.300377807617187500e+02
7.932896728515625000e+02
6.497235717773437500e+02
6.440614013671875000e+02
9.911991577148437500e+02
9.150032348632812500e+02
7.719859008789062500e+02
6.513622436523437500e+02
5.886346435546875000e+02
6.733019409179687500e+02
6.594114379882812500e+02
7.402949829101562500e+02
6.729756469726562500e+02
9.479436035156250000e+02
7.667155151367187500e+02
8.187742309570312500e+02
7.561654052734375000e+02
8.039296264648437500e+02
7.229331665039062500e+02
1.010850952148437500e+03
8.565817871093750000e+02
7.822194824218750000e+02
7.750528564453125000e+02
6.755773925781250000e+02
7.666712036132812500e+02
7.665934448242187500e+02
7.759148559570312500e+02
8.637017211914062500e+02
8.134126586914062500e+02
7.741683349609375000e+02
7.477715454101562500e+02
7.741685180664062500e+02
7.868486328125000000e+02
8.584978027343750000e+02
8.253014526367187500e+02
8.308418579101562500e+02
8.419299926757812500e+02
5.970416870117187500e+02
8.907196044921875000e+02
9.257725219726562500e+02
9.537415161132812500e+02
5.937690429687500000e+02
8.008333740234375000e+02
7.332919311523437500e+02
7.422538452148437500e+02
9.465229492187500000e+02
7.947189331054687500e+02
7.165994262695312500e+02
6.489937133789062500e+02
5.949964599609375000e+02
4.122023925781250000e+02
8.463643188476562500e+02
7.246281738281250000e+02
8.514062500000000000e+02
7.779368896484375000e+02
7.492132568359375000e+02
7.862794799804687500e+02
9.693442993164062500e+02
7.814368286132812500e+02
7.880558471679687500e+02
8.191650390625000000e+02
9.439002075195312500e+02
8.358284912109375000e+02
8.788298950195312500e+02
7.641207885742187500e+02
6.414613037109375000e+02
8.156029663085937500e+02
8.441781616210937500e+02
6.841630249023437500e+02
7.216229248046875000e+02
7.455266723632812500e+02
8.283211059570312500e+02
6.672435302734375000e+02
8.003581542968750000e+02
8.358599243164062500e+02
8.099776611328125000e+02
6.684481201171875000e+02
5.878005981445312500e+02
9.258765869140625000e+02
7.374611206054687500e+02
7.604133300781250000e+02
8.624612426757812500e+02
7.174829711914062500e+02
8.290113525390625000e+02
7.385500488281250000e+02
8.600859985351562500e+02
6.305743408203125000e+02
9.262630615234375000e+02
6.256304321289062500e+02
8.795635986328125000e+02
6.869810180664062500e+02
6.996224365234375000e+02
6.286906127929687500e+02
8.247174682617187500e+02
1.051815795898437500e+03
7.190276489257812500e+02
7.388284912109375000e+02
8.196998901367187500e+02
6.197930297851562500e+02
7.169094848632812500e+02
7.781408691406250000e+02
7.791309814453125000e+02
7.251478271484375000e+02
8.704087524414062500e+02
9.113651733398437500e+02
7.456780395507812500e+02
7.284195556640625000e+02
9.529957885742187500e+02
7.598703613281250000e+02
7.760981445312500000e+02
8.656411743164062500e+02
9.898707885742187500e+02
7.375440063476562500e+02
7.565685424804687500e+02
6.631581420898437500e+02
6.598691406250000000e+02
7.414440307617187500e+02
7.350166015625000000e+02
8.379523315429687500e+02
8.181749267578125000e+02
8.446503295898437500e+02
6.162983398437500000e+02
6.498920288085937500e+02
8.617356567382812500e+02
7.258992919921875000e+02
6.011828002929687500e+02
7.442466430664062500e+02
6.891875000000000000e+02
5.120543212890625000e+02
6.687391357421875000e+02
7.362243041992187500e+02
6.957534179687500000e+02
6.568673095703125000e+02
8.796068115234375000e+02
8.201145629882812500e+02
8.088909301757812500e+02
8.787476806640625000e+02
5.724046020507812500e+02
9.830233154296875000e+02
7.545038452148437500e+02
6.300397338867187500e+02
8.621505126953125000e+02
6.497204589843750000e+02
9.207305908203125000e+02
8.886561889648437500e+02
7.888721923828125000e+02
7.132727661132812500e+02
5.595054931640625000e+02
7.945904541015625000e+02
7.338809204101562500e+02
8.763920288085937500e+02
8.070244140625000000e+02
8.199937744140625000e+02
8.141598510742187500e+02
7.237280883789062500e+02
8.313855590820312500e+02
6.618535766601562500e+02
8.510947265625000000e+02
7.654772338867187500e+02
7.463618774414062500e+02
9.483554077148437500e+02
7.186377563476562500e+02
6.547089843750000000e+02
9.641688842773437500e+02
9.447753295898437500e+02
8.418173828125000000e+02
7.126481323242187500e+02
6.373049316406250000e+02
7.648336181640625000e+02
6.869445190429687500e+02
7.947324829101562500e+02
7.100473632812500000e+02
8.133087768554687500e+02
6.795575561523437500e+02
6.657622680664062500e+02
8.672724609375000000e+02
7.039365844726562500e+02
6.787471923828125000e+02
7.516873168945312500e+02
8.050501098632812500e+02
7.781340942382812500e+02
8.567764282226562500e+02
6.625659179687500000e+02
9.952777709960937500e+02
8.063340454101562500e+02
7.874572143554687500e+02
7.862658691406250000e+02
1.179128051757812500e+03
7.945119018554687500e+02
9.285636596679687500e+02
8.137608642578125000e+02
5.481909179687500000e+02
6.089215087890625000e+02
6.997325439453125000e+02
1.042060791015625000e+03
6.762442626953125000e+02
9.395041503906250000e+02
7.867065429687500000e+02
7.093564453125000000e+02
8.029111328125000000e+02
6.829163818359375000e+02
8.198184814453125000e+02
5.739902343750000000e+02
8.614079589843750000e+02
6.309154052734375000e+02
6.014417724609375000e+02
6.927259521484375000e+02
8.776853027343750000e+02
5.834249877929687500e+02
9.437217407226562500e+02
6.576502685546875000e+02
7.431433715820312500e+02
5.342239990234375000e+02
8.326516723632812500e+02
8.504721679687500000e+02
8.206790161132812500e+02
8.498166503906250000e+02
9.726939086914062500e+02
7.758735961914062500e+02
7.546961059570312500e+02
7.883106689453125000e+02
5.844519653320312500e+02
7.813897094726562500e+02
7.615458984375000000e+02
8.087056274414062500e+02
6.655864257812500000e+02
8.268203735351562500e+02
7.582610473632812500e+02
6.423134765625000000e+02
8.007339477539062500e+02
7.712532958984375000e+02
7.463674926757812500e+02
6.858427124023437500e+02
7.798304443359375000e+02
8.401552734375000000e+02
7.475216674804687500e+02
6.797952880859375000e+02
6.945161743164062500e+02
7.840604858398437500e+02
8.740007324218750000e+02
7.406378784179687500e+02
8.050007934570312500e+02
8.810679321289062500e+02
8.328581542968750000e+02
7.290524902343750000e+02
9.375363159179687500e+02
6.412777709960937500e+02
5.520174560546875000e+02
7.508741455078125000e+02
6.713666381835937500e+02
6.300313720703125000e+02
9.321422729492187500e+02
7.321554565429687500e+02
9.133971557617187500e+02
7.118079833984375000e+02
7.369813232421875000e+02
6.569760742187500000e+02
9.502942504882812500e+02
8.631290893554687500e+02
1.026396362304687500e+03
8.413563232421875000e+02
6.973498535156250000e+02
7.962039794921875000e+02
9.011471557617187500e+02
8.483105468750000000e+02
8.707576904296875000e+02
6.647790527343750000e+02
7.626929321289062500e+02
8.963485717773437500e+02
5.704808349609375000e+02
8.297911376953125000e+02
7.851217651367187500e+02
6.869166870117187500e+02
7.728114013671875000e+02
7.575202026367187500e+02
5.670330810546875000e+02
9.284702758789062500e+02
7.421129150390625000e+02
8.111831054687500000e+02
8.961168212890625000e+02
9.246532592773437500e+02
6.595296630859375000e+02
7.769597167968750000e+02
9.659263305664062500e+02
6.831171875000000000e+02
9.463814086914062500e+02
7.381513671875000000e+02
8.354821777343750000e+02
6.949661865234375000e+02
6.211561279296875000e+02
6.915752563476562500e+02
8.096475219726562500e+02
8.635297241210937500e+02
6.708474121093750000e+02
6.149370727539062500e+02
8.543333129882812500e+02
9.831425170898437500e+02
8.290588989257812500e+02
6.568627319335937500e+02
6.820419921875000000e+02
7.423961791992187500e+02
6.363248291015625000e+02
5.786279907226562500e+02
5.344515380859375000e+02
8.885147094726562500e+02
5.384736938476562500e+02
8.159332885742187500e+02
8.054846191406250000e+02
6.201888427734375000e+02
5.565144042968750000e+02
7.808015747070312500e+02
6.673692016601562500e+02
8.331782226562500000e+02
8.805976562500000000e+02
8.494214477539062500e+02
6.978288574218750000e+02
8.388520507812500000e+02
6.660910644531250000e+02
5.695667724609375000e+02
7.994047241210937500e+02
7.980318603515625000e+02
6.462156982421875000e+02
7.911796264648437500e+02
6.556985473632812500e+02
6.610531616210937500e+02
6.323119506835937500e+02
7.757049560546875000e+02
5.504752807617187500e+02
8.001073608398437500e+02
6.875386352539062500e+02
8.463458862304687500e+02
7.577274169921875000e+02
8.584194946289062500e+02
6.594512939453125000e+02
8.767953491210937500e+02
8.151480102539062500e+02
8.644462280273437500e+02
8.111447143554687500e+02
8.923983764648437500e+02
5.366212768554687500e+02
6.047988281250000000e+02
7.984291381835937500e+02
6.565308837890625000e+02
8.035789184570312500e+02
8.910195922851562500e+02
7.617698364257812500e+02
6.658168334960937500e+02
8.000526733398437500e+02
7.098400878906250000e+02
7.006553955078125000e+02
1.020499694824218750e+03
6.737409057617187500e+02
7.542518310546875000e+02
8.744845581054687500e+02
8.092734985351562500e+02
8.786752319335937500e+02
8.710085449218750000e+02
8.771939086914062500e+02
6.788080444335937500e+02
8.141810913085937500e+02
7.193591918945312500e+02
8.057386474609375000e+02
9.939734497070312500e+02
4.610269165039062500e+02
9.208492431640625000e+02
7.428660888671875000e+02
7.263471679687500000e+02
7.794718017578125000e+02
8.541552734375000000e+02
6.905297241210937500e+02
7.079572753906250000e+02
9.003244018554687500e+02
7.591071777343750000e+02
8.570327148437500000e+02
8.826802368164062500e+02
7.824185180664062500e+02
7.552575073242187500e+02
7.052089843750000000e+02
7.174452514648437500e+02
7.592824096679687500e+02
7.173872680664062500e+02
7.153526000976562500e+02
8.829781494140625000e+02
9.309166870117187500e+02
7.333812255859375000e+02
6.771622314453125000e+02
6.227698364257812500e+02
7.706194458007812500e+02
8.033745117187500000e+02
7.624054565429687500e+02
6.804094238281250000e+02
8.954349365234375000e+02
6.461198120117187500e+02
1.058075317382812500e+03
6.852622070312500000e+02
8.203803710937500000e+02
9.849920043945312500e+02
7.383718261718750000e+02
8.394355468750000000e+02
8.371621704101562500e+02
6.232181396484375000e+02
5.852172851562500000e+02
7.601050415039062500e+02
8.634619750976562500e+02
6.658019409179687500e+02
6.623696899414062500e+02
7.475165405273437500e+02
9.350039672851562500e+02
8.531635131835937500e+02
9.169505615234375000e+02
7.108061523437500000e+02
6.000825195312500000e+02
8.395872802734375000e+02
6.764381103515625000e+02
6.906118774414062500e+02
9.369219360351562500e+02
8.366471557617187500e+02
6.635795898437500000e+02
9.234951171875000000e+02
6.400746459960937500e+02
8.372630004882812500e+02
7.083258056640625000e+02
8.382255859375000000e+02
7.478497314453125000e+02
8.986925048828125000e+02
6.358085937500000000e+02
4.632539367675781250e+02
8.053554077148437500e+02
7.049114990234375000e+02
8.500128784179687500e+02
6.520262451171875000e+02
5.061185913085937500e+02
7.715233764648437500e+02
6.192566528320312500e+02
7.286083984375000000e+02
7.773500366210937500e+02
7.190810546875000000e+02
5.031988830566406250e+02
9.094176635742187500e+02
9.384431762695312500e+02
5.968110351562500000e+02
9.400531616210937500e+02
7.696707763671875000e+02
8.330854492187500000e+02
5.741648559570312500e+02
7.358353881835937500e+02
9.252473754882812500e+02
7.376779785156250000e+02
7.738601684570312500e+02
8.704062500000000000e+02
9.299396972656250000e+02
6.634404907226562500e+02
5.980515136718750000e+02
7.888504028320312500e+02
6.839793701171875000e+02
6.530820312500000000e+02
9.105010986328125000e+02
7.609851684570312500e+02
5.334307250976562500e+02
8.916933593750000000e+02
7.391787719726562500e+02
7.298424682617187500e+02
6.942218017578125000e+02
7.252166748046875000e+02
6.653783569335937500e+02
8.058283081054687500e+02
9.643418579101562500e+02
7.051473388671875000e+02
6.369940795898437500e+02
7.490726928710937500e+02
8.101929321289062500e+02
7.801006469726562500e+02
7.738059082031250000e+02
9.619208374023437500e+02
8.542084960937500000e+02
6.487088623046875000e+02
8.002621459960937500e+02
7.559010620117187500e+02
7.368983154296875000e+02
8.209545288085937500e+02
6.201026000976562500e+02
8.400634155273437500e+02
6.666213378906250000e+02
6.303490600585937500e+02
8.626885375976562500e+02
9.057514648437500000e+02
7.871983642578125000e+02
7.317422485351562500e+02
7.977073974609375000e+02
7.751138916015625000e+02
8.654448852539062500e+02
5.108372802734375000e+02
7.391144409179687500e+02
7.470991210937500000e+02
6.621741943359375000e+02
7.282316894531250000e+02
8.115508422851562500e+02
7.032432861328125000e+02
7.448569335937500000e+02
5.363059082031250000e+02
8.299619750976562500e+02
6.598920898437500000e+02
8.078630371093750000e+02
8.667295532226562500e+02
8.120108032226562500e+02
5.869889526367187500e+02
7.670395507812500000e+02
9.372360839843750000e+02
8.054880981445312500e+02
7.941231689453125000e+02
9.989627685546875000e+02
6.325556640625000000e+02
7.022467041015625000e+02
8.779233398437500000e+02
5.678613891601562500e+02
7.250241088867187500e+02
7.706774902343750000e+02
7.326830444335937500e+02
8.285178222656250000e+02
6.363319091796875000e+02
8.298709716796875000e+02
8.969147338867187500e+02
5.271316528320312500e+02
9.262741088867187500e+02
6.936321411132812500e+02
1.012155334472656250e+03
7.818600463867187500e+02
7.925224609375000000e+02
7.015993041992187500e+02
8.704795532226562500e+02
6.331027221679687500e+02
8.226113891601562500e+02
6.609456176757812500e+02
5.884672851562500000e+02
8.658576660156250000e+02
9.009953613281250000e+02
6.746363525390625000e+02
7.758121337890625000e+02
6.358647460937500000e+02
7.613145141601562500e+02
8.326591186523437500e+02
9.101436157226562500e+02
7.190706787109375000e+02
6.871417236328125000e+02
7.479167480468750000e+02
8.934345703125000000e+02
7.665936279296875000e+02
6.134050903320312500e+02
8.432449340820312500e+02
7.782095336914062500e+02
7.111091918945312500e+02
8.647251586914062500e+02
9.460360717773437500e+02
7.712154541015625000e+02
9.512138671875000000e+02
9.133944702148437500e+02
9.621355590820312500e+02
7.722086181640625000e+02
6.325177612304687500e+02
9.810746459960937500e+02
7.437139892578125000e+02
7.268278808593750000e+02
7.005734252929687500e+02
6.635645141601562500e+02
9.092794189453125000e+02
9.606482543945312500e+02
7.960285644531250000e+02
9.582506713867187500e+02
8.077952880859375000e+02
8.887307128906250000e+02
7.438411865234375000e+02
9.112451782226562500e+02
9.483802490234375000e+02
8.035122070312500000e+02
6.772323608398437500e+02
9.543855590820312500e+02
7.141560058593750000e+02
7.317266235351562500e+02
8.116006469726562500e+02
8.029131469726562500e+02
6.125543823242187500e+02
7.108271484375000000e+02
8.868173217773437500e+02
7.402230834960937500e+02
7.613696899414062500e+02
6.934501342773437500e+02
8.025163574218750000e+02
9.312614746093750000e+02
6.851093139648437500e+02
8.194013061523437500e+02
7.973259887695312500e+02
7.681199951171875000e+02
8.100435791015625000e+02
6.997211914062500000e+02
5.397285156250000000e+02
7.758189086914062500e+02
8.061979370117187500e+02
5.725633544921875000e+02
8.742642211914062500e+02
7.558226318359375000e+02
1.002375549316406250e+03
8.926936645507812500e+02
7.933818359375000000e+02
6.299597167968750000e+02
4.681392822265625000e+02
8.180190429687500000e+02
7.914001464843750000e+02
1.031245727539062500e+03
7.339816284179687500e+02
7.730418701171875000e+02
8.041431274414062500e+02
7.314312133789062500e+02
6.870200805664062500e+02
6.421118774414062500e+02
8.031377563476562500e+02
8.234873657226562500e+02
8.512821044921875000e+02
7.599920043945312500e+02
7.813590698242187500e+02
7.353980102539062500e+02
7.605877685546875000e+02
1.014037353515625000e+03
7.588994750976562500e+02
8.594845581054687500e+02
8.459899902343750000e+02
8.680670166015625000e+02
6.624343261718750000e+02
7.152631835937500000e+02
8.342019653320312500e+02
9.068817138671875000e+02
7.590779418945312500e+02
8.961577758789062500e+02
8.671573486328125000e+02
6.699925537109375000e+02
7.100563964843750000e+02
6.455478515625000000e+02
8.507771606445312500e+02
8.298397827148437500e+02
8.923798217773437500e+02
7.710718994140625000e+02
8.605167236328125000e+02
8.367969360351562500e+02
8.531300048828125000e+02
8.165432739257812500e+02
8.323089599609375000e+02
7.767885742187500000e+02
1.040340698242187500e+03
6.596007080078125000e+02
6.800941772460937500e+02
5.881665649414062500e+02
8.117412109375000000e+02
7.503817749023437500e+02
8.050147705078125000e+02
7.422001342773437500e+02
8.670223999023437500e+02
8.011737670898437500e+02
8.763307495117187500e+02
6.975381469726562500e+02
8.914550781250000000e+02
5.527637329101562500e+02
7.279399414062500000e+02
7.868722534179687500e+02
8.234567260742187500e+02
8.781697387695312500e+02
7.590039672851562500e+02
8.590648193359375000e+02
7.083386230468750000e+02
9.036047363281250000e+02
8.852523193359375000e+02
7.161472167968750000e+02
8.693673095703125000e+02
7.583538208007812500e+02
9.974968872070312500e+02
6.676790771484375000e+02
6.963833618164062500e+02
8.065755004882812500e+02
7.901080932617187500e+02
7.669233398437500000e+02
6.473890991210937500e+02
8.181951904296875000e+02
8.489934692382812500e+02
8.607658691406250000e+02
7.072925415039062500e+02
7.040231933593750000e+02
9.439871826171875000e+02
6.502126464843750000e+02
5.499524536132812500e+02
9.578139648437500000e+02
8.137028198242187500e+02
6.645398559570312500e+02
8.822218017578125000e+02
6.412283935546875000e+02
7.698805541992187500e+02
4.693190612792968750e+02
7.122141113281250000e+02
8.367654418945312500e+02
7.502538452148437500e+02
7.339418945312500000e+02
7.619636840820312500e+02
8.518163452148437500e+02
7.248741455078125000e+02
7.776774902343750000e+02
7.036057128906250000e+02
7.000922241210937500e+02
6.943200683593750000e+02
8.547925415039062500e+02
9.163315429687500000e+02
5.981792602539062500e+02
6.383184204101562500e+02
8.431047973632812500e+02
5.824603271484375000e+02
8.997870483398437500e+02
8.538842773437500000e+02
7.161282348632812500e+02
7.066260375976562500e+02
7.021633300781250000e+02
6.730137939453125000e+02
3.370065917968750000e+02
8.395377807617187500e+02
7.438887939453125000e+02
9.541209106445312500e+02
7.281959228515625000e+02
7.525651855468750000e+02
7.045629882812500000e+02
7.240598754882812500e+02
7.567049560546875000e+02
8.023624877929687500e+02
8.755394287109375000e+02
9.137346191406250000e+02
7.855270385742187500e+02
8.329814453125000000e+02
1.019098632812500000e+03
8.575203247070312500e+02
8.449345092773437500e+02
8.087684326171875000e+02
7.311870727539062500e+02
1.039778198242187500e+03
7.259006347656250000e+02
8.606517333984375000e+02
7.743951416015625000e+02
8.037363281250000000e+02
6.813088989257812500e+02
6.394295043945312500e+02
6.718210449218750000e+02
6.547991943359375000e+02
7.633210449218750000e+02
9.926801147460937500e+02
8.221453247070312500e+02
8.392651977539062500e+02
7.611162719726562500e+02
8.737355957031250000e+02
7.370504760742187500e+02
5.827031860351562500e+02
8.679116821289062500e+02
8.157955322265625000e+02
8.526166381835937500e+02
7.869484863281250000e+02
8.330686645507812500e+02
8.263648071289062500e+02
9.323320312500000000e+02
7.582227783203125000e+02
8.695844726562500000e+02
8.645669555664062500e+02
9.916208496093750000e+02
9.282063598632812500e+02
7.290989379882812500e+02
8.139920043945312500e+02
9.030584106445312500e+02
7.377673950195312500e+02
6.584809570312500000e+02
7.536396484375000000e+02
6.985105590820312500e+02
5.636075439453125000e+02
8.999804077148437500e+02
6.930648193359375000e+02
6.891032714843750000e+02
8.486347656250000000e+02
6.163330688476562500e+02
5.759828491210937500e+02
8.371478271484375000e+02
8.172672119140625000e+02
8.047343750000000000e+02
8.382456665039062500e+02
7.429544677734375000e+02
7.867540283203125000e+02
7.269284667968750000e+02
5.920770263671875000e+02
9.148416137695312500e+02
9.179072875976562500e+02
7.457071533203125000e+02
6.977913208007812500e+02
9.442983398437500000e+02
8.181777954101562500e+02
6.350680541992187500e+02
7.705403442382812500e+02
8.534210815429687500e+02
8.667828979492187500e+02
6.249168701171875000e+02
7.642933349609375000e+02
8.436389770507812500e+02
8.081405639648437500e+02
7.046091918945312500e+02
7.885078735351562500e+02
7.369567260742187500e+02
9.211189575195312500e+02
9.426408081054687500e+02
8.317913818359375000e+02
7.210259399414062500e+02
7.561112670898437500e+02
7.906809692382812500e+02
8.455979614257812500e+02
7.611259765625000000e+02
6.285471801757812500e+02
8.994099121093750000e+02
7.536661376953125000e+02
9.362275390625000000e+02
7.937754516601562500e+02
9.767665405273437500e+02
7.812897338867187500e+02
6.555560302734375000e+02
6.871271972656250000e+02
8.033013305664062500e+02
7.797916870117187500e+02
7.796806030273437500e+02
7.471231079101562500e+02
8.083701782226562500e+02
5.940012207031250000e+02
6.760368652343750000e+02
4.460943603515625000e+02
6.655780639648437500e+02
8.366585693359375000e+02
7.417527465820312500e+02
1.029547607421875000e+03
7.094738769531250000e+02
7.524161376953125000e+02
9.053926391601562500e+02
8.934367065429687500e+02
8.893505249023437500e+02
7.062631835937500000e+02
6.220482177734375000e+02
6.813256225585937500e+02
9.663342895507812500e+02
7.367177124023437500e+02
7.782222290039062500e+02
8.311340332031250000e+02
6.844896240234375000e+02
7.328474121093750000e+02
6.965358276367187500e+02
7.092949829101562500e+02
7.328703613281250000e+02
7.516906127929687500e+02
6.082145996093750000e+02
8.038445434570312500e+02
5.613392333984375000e+02
7.146380004882812500e+02
8.006197509765625000e+02
8.923374633789062500e+02
8.069971313476562500e+02
9.817947998046875000e+02
6.667830810546875000e+02
7.572225341796875000e+02
6.796944580078125000e+02
7.203253173828125000e+02
7.985708618164062500e+02
7.676230468750000000e+02
7.971596069335937500e+02
8.170708618164062500e+02
8.943108520507812500e+02
7.817648925781250000e+02
6.887368164062500000e+02
7.524779663085937500e+02
3.834735717773437500e+02
7.930497436523437500e+02
9.404511718750000000e+02
7.467147216796875000e+02
6.780385131835937500e+02
7.897056274414062500e+02
8.676031494140625000e+02
8.133718872070312500e+02
8.555100097656250000e+02
6.511939697265625000e+02
1.011124267578125000e+03
7.626591796875000000e+02
6.913117675781250000e+02
8.336626586914062500e+02
7.205861816406250000e+02
8.561444702148437500e+02
6.910836181640625000e+02
7.808481445312500000e+02
9.742972412109375000e+02
8.428433227539062500e+02
8.213361816406250000e+02
8.460783081054687500e+02
9.356589355468750000e+02
8.177924804687500000e+02
8.923196411132812500e+02
7.301289062500000000e+02
8.006260986328125000e+02
7.967081909179687500e+02
8.911192626953125000e+02
7.190922851562500000e+02
5.610269775390625000e+02
7.888093261718750000e+02
5.894071044921875000e+02
5.962054443359375000e+02
8.670505371093750000e+02
7.095354614257812500e+02
7.537509765625000000e+02
6.900571899414062500e+02
5.960075683593750000e+02
7.478422851562500000e+02
5.499503173828125000e+02
7.689925537109375000e+02
7.558591308593750000e+02
7.642312011718750000e+02
7.309838867187500000e+02
7.246865234375000000e+02
6.810362548828125000e+02
5.455844116210937500e+02
8.581520385742187500e+02
7.029026489257812500e+02
6.696697387695312500e+02
7.125614013671875000e+02
7.101386108398437500e+02
5.727858276367187500e+02
8.341330566406250000e+02
9.170028686523437500e+02
8.755858764648437500e+02
8.953465576171875000e+02
8.590100708007812500e+02
7.842255249023437500e+02
8.522360839843750000e+02
7.172071533203125000e+02
8.573370971679687500e+02
7.574495239257812500e+02
9.334312744140625000e+02
8.454573364257812500e+02
8.649888916015625000e+02
8.163806762695312500e+02
8.482711181640625000e+02
7.231157226562500000e+02
7.070195922851562500e+02
8.528023681640625000e+02
7.681782226562500000e+02
8.131116333007812500e+02
7.714151611328125000e+02
6.768543090820312500e+02
9.726556396484375000e+02
8.639937133789062500e+02
8.785039062500000000e+02
8.575410766601562500e+02
7.379844360351562500e+02
7.610911254882812500e+02
8.482345581054687500e+02
5.989843750000000000e+02
7.798816528320312500e+02
9.298634033203125000e+02
9.106287841796875000e+02
8.316442260742187500e+02
9.380444335937500000e+02
6.219890747070312500e+02
8.112985839843750000e+02
8.109913940429687500e+02
6.855296020507812500e+02
6.611680908203125000e+02
7.197162475585937500e+02
7.194882202148437500e+02
8.046397705078125000e+02
5.586898803710937500e+02
6.709997558593750000e+02
8.912393188476562500e+02
9.139464111328125000e+02
9.410357055664062500e+02
5.243275146484375000e+02
5.500982055664062500e+02
6.715796508789062500e+02
8.340750122070312500e+02
6.719185180664062500e+02
6.400028076171875000e+02
7.461192016601562500e+02
6.911085205078125000e+02
1.051304077148437500e+03
8.474009399414062500e+02
6.690907592773437500e+02
7.810195312500000000e+02
8.630004272460937500e+02
7.094769897460937500e+02
8.130284423828125000e+02
8.852971191406250000e+02
7.441289672851562500e+02
5.917338256835937500e+02
6.353103027343750000e+02
8.986757202148437500e+02
6.125495605468750000e+02
7.783645019531250000e+02
6.392199096679687500e+02
7.865452270507812500e+02
6.619107055664062500e+02
7.795230712890625000e+02
4.251231384277343750e+02
6.335196533203125000e+02
7.109735107421875000e+02
7.591574707031250000e+02
6.495563354492187500e+02
8.830852661132812500e+02
9.481722412109375000e+02
9.861428833007812500e+02
6.928443603515625000e+02
6.841322631835937500e+02
7.506331176757812500e+02
6.925833129882812500e+02
7.991013793945312500e+02
7.037148437500000000e+02
6.929017333984375000e+02
7.709133911132812500e+02
8.754955444335937500e+02
7.309247436523437500e+02
7.757236938476562500e+02
7.221533813476562500e+02
6.476874389648437500e+02
7.222647705078125000e+02
8.123517456054687500e+02
6.159912719726562500e+02
7.288391723632812500e+02
6.394090576171875000e+02
9.002316894531250000e+02
6.125073242187500000e+02
9.573673706054687500e+02
8.041847534179687500e+02
7.065544433593750000e+02
7.880322875976562500e+02
9.329071044921875000e+02
7.714628295898437500e+02
7.875415649414062500e+02
8.776674804687500000e+02
7.546733398437500000e+02
9.064334106445312500e+02
7.816121826171875000e+02
8.039162597656250000e+02
6.690716552734375000e+02
5.965451049804687500e+02
7.253914184570312500e+02
6.830400390625000000e+02
7.264428710937500000e+02
7.912684936523437500e+02
9.231715087890625000e+02
7.549896240234375000e+02
7.663628540039062500e+02
7.723096313476562500e+02
6.297495117187500000e+02
7.290353393554687500e+02
9.111414794921875000e+02
8.597217407226562500e+02
5.890886230468750000e+02
9.322105102539062500e+02
5.750984497070312500e+02
8.014624633789062500e+02
7.156174316406250000e+02
5.557796630859375000e+02
9.853374023437500000e+02
7.913529052734375000e+02
9.374938964843750000e+02
6.767089233398437500e+02
6.323393554687500000e+02
7.886374511718750000e+02
8.007325439453125000e+02
7.331736450195312500e+02
7.152328491210937500e+02
7.656657104492187500e+02
8.632758178710937500e+02
8.290582275390625000e+02
7.325930175781250000e+02
9.002437744140625000e+02
6.557453613281250000e+02
5.883022460937500000e+02
7.131459960937500000e+02
8.540725708007812500e+02
6.372109375000000000e+02
9.129330444335937500e+02
5.670449829101562500e+02
7.927696533203125000e+02
7.411748046875000000e+02
8.647047729492187500e+02
7.517171020507812500e+02
6.776871337890625000e+02
8.242732543945312500e+02
7.311662597656250000e+02
5.128347778320312500e+02
7.519031982421875000e+02
6.671343994140625000e+02
4.595596313476562500e+02
7.161105346679687500e+02
8.191979980468750000e+02
8.698024291992187500e+02
5.354588012695312500e+02
8.508312377929687500e+02
8.286322021484375000e+02
7.908569946289062500e+02
7.706493530273437500e+02
6.185463256835937500e+02
7.167462768554687500e+02
7.807464599609375000e+02
7.432839965820312500e+02
6.789127197265625000e+02
7.426975097656250000e+02
7.120524902343750000e+02
6.978549804687500000e+02
6.519077148437500000e+02
7.747351684570312500e+02
7.530291137695312500e+02
6.308245239257812500e+02
7.664296875000000000e+02
6.476926269531250000e+02
7.017766723632812500e+02
7.105203247070312500e+02
7.940104980468750000e+02
8.306325073242187500e+02
6.111398925781250000e+02
7.394091186523437500e+02
6.865776977539062500e+02
7.742897338867187500e+02
7.727944335937500000e+02
5.382200317382812500e+02
8.289328002929687500e+02
5.742659912109375000e+02
7.061781616210937500e+02
9.976557006835937500e+02
7.761336669921875000e+02
8.807018432617187500e+02
7.982859497070312500e+02
7.583244628906250000e+02
9.053894042968750000e+02
7.695963745117187500e+02
8.612225952148437500e+02
4.235530700683593750e+02
6.259135742187500000e+02
7.165789184570312500e+02
9.256965332031250000e+02
7.483004760742187500e+02
7.374353637695312500e+02
8.430648803710937500e+02
8.530275878906250000e+02
7.598223876953125000e+02
9.952517700195312500e+02
6.931509399414062500e+02
8.840477905273437500e+02
8.836188354492187500e+02
6.990407104492187500e+02
7.707976684570312500e+02
7.316832885742187500e+02
7.449012451171875000e+02
6.455059204101562500e+02
6.820399780273437500e+02
8.140582885742187500e+02
8.935884399414062500e+02
7.994935913085937500e+02
8.539920043945312500e+02
8.419086914062500000e+02
6.038878173828125000e+02
6.307564697265625000e+02
8.550044555664062500e+02
6.889057006835937500e+02
8.971640014648437500e+02
7.940177001953125000e+02
7.312373046875000000e+02
6.524604492187500000e+02
7.091146240234375000e+02
7.693076171875000000e+02
7.472359619140625000e+02
8.192145996093750000e+02
8.994648437500000000e+02
7.469036865234375000e+02
7.061031494140625000e+02
7.869204711914062500e+02
7.355017089843750000e+02
8.600051269531250000e+02
6.609730224609375000e+02
8.412556152343750000e+02
8.915106811523437500e+02
9.129702758789062500e+02
8.468819580078125000e+02
6.923339233398437500e+02
5.715606079101562500e+02
7.986940917968750000e+02
8.663877563476562500e+02
8.924497680664062500e+02
7.514842529296875000e+02
8.086599731445312500e+02
7.096358642578125000e+02
9.139505004882812500e+02
7.238815307617187500e+02
7.298891601562500000e+02
7.068441772460937500e+02
9.045413818359375000e+02
7.829081420898437500e+02
8.261055908203125000e+02
6.040914916992187500e+02
7.810015869140625000e+02
7.039113769531250000e+02
5.868522949218750000e+02
6.157288208007812500e+02
6.694368896484375000e+02
7.018949584960937500e+02
7.115448608398437500e+02
9.097045288085937500e+02
7.477656860351562500e+02
7.017866821289062500e+02
8.739970092773437500e+02
7.614468994140625000e+02
6.984487304687500000e+02
7.368973999023437500e+02
6.246309204101562500e+02
6.650012817382812500e+02
8.180081787109375000e+02
8.223106689453125000e+02
7.853043212890625000e+02
8.835370483398437500e+02
8.237238159179687500e+02
7.863903198242187500e+02
8.418989868164062500e+02
7.329166870117187500e+02
5.700397338867187500e+02
7.522729492187500000e+02
6.487426757812500000e+02
9.056024169921875000e+02
6.010465087890625000e+02
7.558812866210937500e+02
7.922429199218750000e+02
7.196370239257812500e+02
8.313105468750000000e+02
5.412546997070312500e+02
8.540222167968750000e+02
7.573540039062500000e+02
6.831165771484375000e+02
8.432124023437500000e+02
7.366017456054687500e+02
5.896126708984375000e+02
6.842238769531250000e+02
9.632431030273437500e+02
8.053399658203125000e+02
6.699667968750000000e+02
5.860534057617187500e+02
9.016399536132812500e+02
6.872764282226562500e+02
8.438622436523437500e+02
8.024412841796875000e+02
6.966909179687500000e+02
7.437888793945312500e+02
8.564807128906250000e+02
8.109586791992187500e+02
7.434857177734375000e+02
7.885316162109375000e+02
6.506940307617187500e+02
8.174785766601562500e+02
6.919772338867187500e+02
7.789140014648437500e+02
7.377085571289062500e+02
8.011259765625000000e+02
6.407955932617187500e+02
7.507537231445312500e+02
7.410751342773437500e+02
8.843833007812500000e+02
5.462766723632812500e+02
7.716164550781250000e+02
7.434230346679687500e+02
8.333511352539062500e+02
6.151654663085937500e+02
8.907119140625000000e+02
8.155159912109375000e+02
7.629288940429687500e+02
4.894723205566406250e+02
8.526785278320312500e+02
9.235540161132812500e+02
8.434216918945312500e+02
7.986453857421875000e+02
6.679019165039062500e+02
7.562697753906250000e+02
5.881817016601562500e+02
6.225338745117187500e+02
8.262208862304687500e+02
7.474943237304687500e+02
7.968643798828125000e+02
9.136748657226562500e+02
8.977163085937500000e+02
6.877243652343750000e+02
6.803572998046875000e+02
7.579352416992187500e+02
7.341242065429687500e+02
9.778130493164062500e+02
5.874075927734375000e+02
8.086828613281250000e+02
7.641994628906250000e+02
7.530442504882812500e+02
8.629812622070312500e+02
7.462766723632812500e+02
6.914982299804687500e+02
7.263313598632812500e+02
5.926425170898437500e+02
6.125706787109375000e+02
7.616321411132812500e+02
7.750507812500000000e+02
8.203764648437500000e+02
8.187861938476562500e+02
6.062329101562500000e+02
7.934801635742187500e+02
6.651765136718750000e+02
8.901840820312500000e+02
4.707580566406250000e+02
8.013305053710937500e+02
7.330200805664062500e+02
6.474772949218750000e+02
7.765930175781250000e+02
7.657110595703125000e+02
8.412059936523437500e+02
6.108026733398437500e+02
7.004677734375000000e+02
4.937623291015625000e+02
8.875654907226562500e+02
8.257982788085937500e+02
8.289595947265625000e+02
7.731451416015625000e+02
6.968167724609375000e+02
6.594785156250000000e+02
7.564219360351562500e+02
8.252190551757812500e+02
6.476669921875000000e+02
7.479544677734375000e+02
8.832546386718750000e+02
7.570311889648437500e+02
8.645308227539062500e+02
9.363226318359375000e+02
6.730021362304687500e+02
8.001775512695312500e+02
9.489232177734375000e+02
6.645302734375000000e+02
6.972660522460937500e+02
7.405432128906250000e+02
8.869855346679687500e+02
1.039098388671875000e+03
8.176209106445312500e+02
7.245111694335937500e+02
7.700163574218750000e+02
8.411135864257812500e+02
8.158892822265625000e+02
8.518798828125000000e+02
7.786710815429687500e+02
8.734144287109375000e+02
6.008890380859375000e+02
6.097334594726562500e+02
5.434136962890625000e+02
7.841770629882812500e+02
8.765430908203125000e+02
6.481228027343750000e+02
6.934039916992187500e+02
7.877636718750000000e+02
9.461746826171875000e+02
8.768314819335937500e+02
7.823323974609375000e+02
8.942104492187500000e+02
7.142345581054687500e+02
8.492276611328125000e+02
7.272421875000000000e+02
8.800228881835937500e+02
7.652404174804687500e+02
5.856996459960937500e+02
7.771723022460937500e+02
9.379795532226562500e+02
7.514765014648437500e+02
7.500692138671875000e+02
8.327003784179687500e+02
7.123599853515625000e+02
9.764116210937500000e+02
7.587935180664062500e+02
8.741610107421875000e+02
8.507648315429687500e+02
8.791491699218750000e+02
8.341763305664062500e+02
6.019244384765625000e+02
6.243933715820312500e+02
7.211209106445312500e+02
8.909636230468750000e+02
6.500597534179687500e+02
8.046712036132812500e+02
7.822225341796875000e+02
8.127758789062500000e+02
5.920521240234375000e+02
7.680088500976562500e+02
7.754512329101562500e+02
6.605010375976562500e+02
7.632227172851562500e+02
8.680225219726562500e+02
9.125282592773437500e+02
7.479468383789062500e+02
7.982453613281250000e+02
8.467463378906250000e+02
7.905520019531250000e+02
9.379696044921875000e+02
6.967416992187500000e+02
8.662305908203125000e+02
8.308483276367187500e+02
8.470139160156250000e+02
5.470348510742187500e+02
7.466356201171875000e+02
8.792404174804687500e+02
6.786600952148437500e+02
9.022490844726562500e+02
7.646624145507812500e+02
9.071537475585937500e+02
7.780617065429687500e+02
6.607835693359375000e+02
7.516482543945312500e+02
6.571988525390625000e+02
6.292538452148437500e+02
8.008059082031250000e+02
7.567397460937500000e+02
5.858738403320312500e+02
5.485833129882812500e+02
9.931463012695312500e+02
8.510096435546875000e+02
9.448497314453125000e+02
6.943526611328125000e+02
9.169282836914062500e+02
6.274468383789062500e+02
6.978713378906250000e+02
7.944310302734375000e+02
6.901503906250000000e+02
7.328485717773437500e+02
6.083344726562500000e+02
7.311594238281250000e+02
7.131640625000000000e+02
8.785443725585937500e+02
1.030212036132812500e+03
6.776737670898437500e+02
6.751837158203125000e+02
8.403490600585937500e+02
7.504560546875000000e+02
8.269362792968750000e+02
9.434659423828125000e+02
8.289672241210937500e+02
6.855243530273437500e+02
8.084155273437500000e+02
5.512651367187500000e+02
8.333364257812500000e+02
8.236322021484375000e+02
5.473652343750000000e+02
7.270948486328125000e+02
7.871635131835937500e+02
4.914064636230468750e+02
9.557463378906250000e+02
7.663873901367187500e+02
6.878839721679687500e+02
7.993146972656250000e+02
9.117951660156250000e+02
8.335115966796875000e+02
8.303738403320312500e+02
7.628670654296875000e+02
5.336522827148437500e+02
7.785634155273437500e+02
5.866618652343750000e+02
6.729451293945312500e+02
9.457415161132812500e+02
7.985591430664062500e+02
7.887767333984375000e+02
8.302381591796875000e+02
6.555599365234375000e+02
8.417494506835937500e+02
7.280854492187500000e+02
7.721248168945312500e+02
8.666472778320312500e+02
7.039951782226562500e+02
8.688647460937500000e+02
1.035474487304687500e+03
5.139309692382812500e+02
8.038693847656250000e+02
7.981972656250000000e+02
8.147045898437500000e+02
7.708912963867187500e+02
9.435062866210937500e+02
6.421125488281250000e+02
7.544312744140625000e+02
9.360266723632812500e+02
8.650579223632812500e+02
6.856602783203125000e+02
6.983626098632812500e+02
7.178958129882812500e+02
8.066802978515625000e+02
7.150537109375000000e+02
6.843316040039062500e+02
1.022483398437500000e+03
8.506696777343750000e+02
7.818244628906250000e+02
5.699797363281250000e+02
7.453536376953125000e+02
7.970722045898437500e+02
8.912004394531250000e+02
6.898779907226562500e+02
6.508909301757812500e+02
6.431587524414062500e+02
7.593531494140625000e+02
8.149608764648437500e+02
5.897248535156250000e+02
8.885557861328125000e+02
8.374871215820312500e+02
6.347183227539062500e+02
8.046793823242187500e+02
5.820307006835937500e+02
8.345292358398437500e+02
9.084863891601562500e+02
6.881954956054687500e+02
5.127857055664062500e+02
7.624057617187500000e+02
7.171714477539062500e+02
6.652887573242187500e+02
7.439804077148437500e+02
7.369523925781250000e+02
6.552233276367187500e+02
4.954609680175781250e+02
8.532167968750000000e+02
9.084836425781250000e+02
8.737523803710937500e+02
6.698165893554687500e+02
6.587842407226562500e+02
8.125148925781250000e+02
6.048902587890625000e+02
5.501305541992187500e+02
8.104716796875000000e+02
5.828181762695312500e+02
7.504277343750000000e+02
8.044676513671875000e+02
7.509533081054687500e+02
7.265357666015625000e+02
8.766304321289062500e+02
7.921221313476562500e+02
7.599468383789062500e+02
7.809765625000000000e+02
7.765690307617187500e+02
9.525339355468750000e+02
1.013159790039062500e+03
6.270555419921875000e+02
9.752981567382812500e+02
6.774128417968750000e+02
7.731724243164062500e+02
8.592946777343750000e+02
4.724583740234375000e+02
8.610548095703125000e+02
8.836702880859375000e+02
7.822536621093750000e+02
9.253289184570312500e+02
9.747099609375000000e+02
6.441354370117187500e+02
5.293574218750000000e+02
6.774636840820312500e+02
6.222825927734375000e+02
6.258646850585937500e+02
8.343201293945312500e+02
8.139277343750000000e+02
6.407365112304687500e+02
8.725303344726562500e+02
9.508860473632812500e+02
7.656835327148437500e+02
5.121520385742187500e+02
7.275152587890625000e+02
9.076227416992187500e+02
7.027460937500000000e+02
8.290866088867187500e+02
8.061781616210937500e+02
7.143269653320312500e+02
8.312598876953125000e+02
8.772192382812500000e+02
1.006706665039062500e+03
8.177338256835937500e+02
7.632214355468750000e+02
7.526848754882812500e+02
8.003569335937500000e+02
7.538981323242187500e+02
5.985488891601562500e+02
8.107150878906250000e+02
6.644425048828125000e+02
4.954807434082031250e+02
8.486652832031250000e+02
7.823065795898437500e+02
9.457345581054687500e+02
5.894527587890625000e+02
9.475386352539062500e+02
8.351499633789062500e+02
7.855992431640625000e+02
8.020084838867187500e+02
6.698453979492187500e+02
6.974525756835937500e+02
6.738554077148437500e+02
9.276676025390625000e+02
5.383221435546875000e+02
8.028896484375000000e+02
6.007854003906250000e+02
6.446234130859375000e+02
9.350724487304687500e+02
9.038458862304687500e+02
5.700200195312500000e+02
6.688480834960937500e+02
8.035828247070312500e+02
8.277601318359375000e+02
8.957561035156250000e+02
7.852222290039062500e+02
7.559312744140625000e+02
7.092302856445312500e+02
6.914273071289062500e+02
1.015837951660156250e+03
8.689399414062500000e+02
8.448580932617187500e+02
8.151442260742187500e+02
7.157681884765625000e+02
6.680829467773437500e+02
4.497984924316406250e+02
7.638283691406250000e+02
6.817277221679687500e+02
7.992850952148437500e+02
8.291465454101562500e+02
9.012454223632812500e+02
7.748543701171875000e+02
6.171357421875000000e+02
8.671650390625000000e+02
8.182918090820312500e+02
6.117733154296875000e+02
7.788735961914062500e+02
9.002359619140625000e+02
8.394027099609375000e+02
8.147291870117187500e+02
7.878170776367187500e+02
7.569960937500000000e+02
8.264943237304687500e+02
7.758096313476562500e+02
5.698622436523437500e+02
8.640989379882812500e+02
8.312220458984375000e+02
6.043795166015625000e+02
7.536087036132812500e+02
7.988126831054687500e+02
9.104769897460937500e+02
8.290632324218750000e+02
5.902083129882812500e+02
6.964607543945312500e+02
6.661458740234375000e+02
7.590451049804687500e+02
8.573769531250000000e+02
8.376846923828125000e+02
9.653311767578125000e+02
6.983086547851562500e+02
9.955133056640625000e+02
8.120816040039062500e+02
8.052755126953125000e+02
7.622297363281250000e+02
9.346648559570312500e+02
6.376704101562500000e+02
7.723303222656250000e+02
8.866506347656250000e+02
6.951456298828125000e+02
8.138347778320312500e+02
6.618836059570312500e+02
8.076942749023437500e+02
6.612479248046875000e+02
9.471542358398437500e+02
6.463447265625000000e+02
8.577164306640625000e+02
6.356970825195312500e+02
8.147146606445312500e+02
7.878008422851562500e+02
8.906390991210937500e+02
7.153147583007812500e+02
7.056025390625000000e+02
7.774540405273437500e+02
9.432920532226562500e+02
7.293997802734375000e+02
8.508422851562500000e+02
9.002816772460937500e+02
7.165319824218750000e+02
8.327879638671875000e+02
8.700130004882812500e+02
7.790862426757812500e+02
8.122272338867187500e+02
7.895950317382812500e+02
8.919635620117187500e+02
9.163375244140625000e+02
8.769059448242187500e+02
9.621790161132812500e+02
6.133410034179687500e+02
8.527098999023437500e+02
6.647449951171875000e+02
6.731676025390625000e+02
7.843087158203125000e+02
7.399896240234375000e+02
8.591605834960937500e+02
9.815567016601562500e+02
6.873104858398437500e+02
7.534822998046875000e+02
7.577203369140625000e+02
9.275920410156250000e+02
7.897017822265625000e+02
7.279539184570312500e+02
6.984653320312500000e+02
8.266159057617187500e+02
9.179252319335937500e+02
5.823201293945312500e+02
6.465736083984375000e+02
8.735385131835937500e+02
7.189193725585937500e+02
6.953778686523437500e+02
7.531362304687500000e+02
4.566472778320312500e+02
9.333489379882812500e+02
6.803558349609375000e+02
9.076980590820312500e+02
6.135122070312500000e+02
7.288285522460937500e+02
8.239588623046875000e+02
8.283064575195312500e+02
8.337960205078125000e+02
8.286787719726562500e+02
8.498144531250000000e+02
7.392625732421875000e+02
7.717187500000000000e+02
6.904962768554687500e+02
8.707623901367187500e+02
7.938436889648437500e+02
8.040388183593750000e+02
8.526784057617187500e+02
7.365785522460937500e+02
8.276267089843750000e+02
6.315778808593750000e+02
9.614590454101562500e+02
7.676494750976562500e+02
8.287969360351562500e+02
7.462702026367187500e+02
9.797864379882812500e+02
6.871833496093750000e+02
7.248138427734375000e+02
5.964999389648437500e+02
6.699067993164062500e+02
7.036484985351562500e+02
7.188231811523437500e+02
9.662908325195312500e+02
7.976975708007812500e+02
6.768927612304687500e+02
6.333459472656250000e+02
9.433766479492187500e+02
8.245858154296875000e+02
6.252973022460937500e+02
7.631398925781250000e+02
9.201555175781250000e+02
5.411231079101562500e+02
6.283827514648437500e+02
7.397408447265625000e+02
1.006451171875000000e+03
6.539667968750000000e+02
7.370792236328125000e+02
8.714931030273437500e+02
6.793306274414062500e+02
8.167655639648437500e+02
7.732874755859375000e+02
7.110494384765625000e+02
1.036143676757812500e+03
8.469324951171875000e+02
7.944391479492187500e+02
6.635546264648437500e+02
5.841309814453125000e+02
7.710256347656250000e+02
6.993592529296875000e+02
7.213348388671875000e+02
7.134527587890625000e+02
7.789251708984375000e+02
7.099877929687500000e+02
6.234948730468750000e+02
8.706551513671875000e+02
9.811847534179687500e+02
7.639461669921875000e+02
5.464374389648437500e+02
7.258321533203125000e+02
8.106693725585937500e+02
6.447686767578125000e+02
6.559561157226562500e+02
7.441636962890625000e+02
7.780146484375000000e+02
5.975996093750000000e+02
9.420001220703125000e+02
6.108337402343750000e+02
7.202039184570312500e+02
7.808049316406250000e+02
8.430396118164062500e+02
7.653336791992187500e+02
9.637622070312500000e+02
8.640889282226562500e+02
7.640305175781250000e+02
8.906883544921875000e+02
9.933780517578125000e+02
9.192683105468750000e+02
7.288904418945312500e+02
7.078253784179687500e+02
7.401514282226562500e+02
7.794833984375000000e+02
7.741547851562500000e+02
8.480476684570312500e+02
8.315723266601562500e+02
6.114137573242187500e+02
8.024858398437500000e+02
9.722899169921875000e+02
8.237067260742187500e+02
9.653104248046875000e+02
8.100362548828125000e+02
8.280541381835937500e+02
7.037598876953125000e+02
9.530794067382812500e+02
9.105571899414062500e+02
9.141294555664062500e+02
8.700737915039062500e+02
7.169715576171875000e+02
7.558419799804687500e+02
6.769932250976562500e+02
9.254031372070312500e+02
9.077831420898437500e+02
6.500707397460937500e+02
6.999276733398437500e+02
7.342031250000000000e+02
8.113071899414062500e+02
7.268605957031250000e+02
6.613593750000000000e+02
7.815061645507812500e+02
6.528134155273437500e+02
9.221411743164062500e+02
7.240690307617187500e+02
7.058737792968750000e+02
8.004378051757812500e+02
9.953693847656250000e+02
8.376103515625000000e+02
8.148916625976562500e+02
8.113112182617187500e+02
7.994325561523437500e+02
6.657347412109375000e+02
7.029093627929687500e+02
8.625125122070312500e+02
8.279886474609375000e+02
7.388524169921875000e+02
8.799724731445312500e+02
8.428987426757812500e+02
8.491824951171875000e+02
9.490839233398437500e+02
7.534627685546875000e+02
9.371236572265625000e+02
8.147439575195312500e+02
8.091516723632812500e+02
8.152652587890625000e+02
6.974532470703125000e+02
6.392556762695312500e+02
7.136852416992187500e+02
7.448282470703125000e+02
5.527807006835937500e+02
9.480524902343750000e+02
8.958227539062500000e+02
7.967903442382812500e+02
6.105033569335937500e+02
8.681004028320312500e+02
9.378327636718750000e+02
7.668466796875000000e+02
7.803872680664062500e+02
8.428360595703125000e+02
7.975220947265625000e+02
6.578577270507812500e+02
8.250231933593750000e+02
7.014898681640625000e+02
8.808837280273437500e+02
8.940859375000000000e+02
7.113516235351562500e+02
7.430653686523437500e+02
6.416704711914062500e+02
7.013414306640625000e+02
8.972736206054687500e+02
8.011871948242187500e+02
9.343515625000000000e+02
9.077167358398437500e+02
1.035984130859375000e+03
7.441668701171875000e+02
7.065510864257812500e+02
6.347634887695312500e+02
8.033709716796875000e+02
8.388603515625000000e+02
6.578447265625000000e+02
5.534953002929687500e+02
7.605060424804687500e+02
7.242587280273437500e+02
8.890971679687500000e+02
7.341793823242187500e+02
8.029918212890625000e+02
8.037635498046875000e+02
9.305813598632812500e+02
7.853718261718750000e+02
8.715792846679687500e+02
6.336636352539062500e+02
8.863020019531250000e+02
6.055198974609375000e+02
1.037836914062500000e+03
7.288217163085937500e+02
7.900822143554687500e+02
6.500104980468750000e+02
9.871982421875000000e+02
7.360137939453125000e+02
8.211491699218750000e+02
6.617506103515625000e+02
7.144151000976562500e+02
6.437554321289062500e+02
6.584121704101562500e+02
7.220122070312500000e+02
8.482753906250000000e+02
7.879068603515625000e+02
6.889837646484375000e+02
7.630380249023437500e+02
8.199268188476562500e+02
9.053949584960937500e+02
8.376602172851562500e+02
1.005262573242187500e+03
8.388242797851562500e+02
9.468429565429687500e+02
6.540214233398437500e+02
6.867698364257812500e+02
8.764635620117187500e+02
8.678862915039062500e+02
7.962511596679687500e+02
6.887354736328125000e+02
6.835884399414062500e+02
1.008906433105468750e+03
8.713433837890625000e+02
6.711394653320312500e+02
7.374351196289062500e+02
8.649815673828125000e+02
7.247722167968750000e+02
5.909736328125000000e+02
6.839918823242187500e+02
8.564156494140625000e+02
7.625053710937500000e+02
8.621910400390625000e+02
7.323361816406250000e+02
8.390075073242187500e+02
8.338848876953125000e+02
6.200347900390625000e+02
7.212194213867187500e+02
7.596817626953125000e+02
7.892373046875000000e+02
7.097495117187500000e+02
9.171640625000000000e+02
7.590993041992187500e+02
7.024035034179687500e+02
4.053397216796875000e+02
8.676148681640625000e+02
7.597717285156250000e+02
7.418264770507812500e+02
7.232657470703125000e+02
8.638198852539062500e+02
7.605255126953125000e+02
9.108488769531250000e+02
6.963292236328125000e+02
6.630066528320312500e+02
8.487773437500000000e+02
9.231674194335937500e+02
9.134415283203125000e+02
7.578415527343750000e+02
8.283014526367187500e+02
8.040753784179687500e+02
9.504639282226562500e+02
9.234388427734375000e+02
7.038500366210937500e+02
6.950083007812500000e+02
9.184963378906250000e+02
7.492038574218750000e+02
6.374901733398437500e+02
7.711397094726562500e+02
9.987925415039062500e+02
7.081325073242187500e+02
6.948464965820312500e+02
7.273023071289062500e+02
6.981016235351562500e+02
8.720046386718750000e+02
7.774324951171875000e+02
7.105451660156250000e+02
7.133380737304687500e+02
6.617874755859375000e+02
6.630643310546875000e+02
7.303983154296875000e+02
6.668065185546875000e+02
8.106027832031250000e+02
7.081648559570312500e+02
6.000667724609375000e+02
7.273274536132812500e+02
6.120396118164062500e+02
6.956837158203125000e+02
8.796395263671875000e+02
7.400172119140625000e+02
7.174669189453125000e+02
6.660523681640625000e+02
6.440905151367187500e+02
8.421888427734375000e+02
8.559471435546875000e+02
7.075023193359375000e+02
9.961002197265625000e+02
5.570297241210937500e+02
8.359871215820312500e+02
8.887612304687500000e+02
6.120297851562500000e+02
7.881470947265625000e+02
6.386437988281250000e+02
7.669881591796875000e+02
8.419551391601562500e+02
5.730760498046875000e+02
9.116594848632812500e+02
8.522300415039062500e+02
6.872957763671875000e+02
7.651103515625000000e+02
6.495439453125000000e+02
6.517247924804687500e+02
7.041848754882812500e+02
8.123703613281250000e+02
6.997153930664062500e+02
7.997944946289062500e+02
6.970151367187500000e+02
6.962496948242187500e+02
8.559359741210937500e+02
6.593914794921875000e+02
7.473033447265625000e+02
8.110515747070312500e+02
8.121965332031250000e+02
9.206007080078125000e+02
5.406887817382812500e+02
7.622512817382812500e+02
6.119782104492187500e+02
4.851281127929687500e+02
1.020718933105468750e+03
7.244512329101562500e+02
1.083814208984375000e+03
8.481586303710937500e+02
6.745556030273437500e+02
7.203739624023437500e+02
6.954792480468750000e+02
9.344321289062500000e+02
7.982078857421875000e+02
7.716209716796875000e+02
8.965892944335937500e+02
8.821352539062500000e+02
7.900606689453125000e+02
7.819963378906250000e+02
6.412172851562500000e+02
9.090808105468750000e+02
6.134519653320312500e+02
7.491410522460937500e+02
8.395997924804687500e+02
9.284942626953125000e+02
6.817074584960937500e+02
7.447695922851562500e+02
4.366033935546875000e+02
7.467482910156250000e+02
7.829055175781250000e+02
9.093615112304687500e+02
7.342676391601562500e+02
8.690107421875000000e+02
9.184349365234375000e+02
7.143657226562500000e+02
6.434747924804687500e+02
8.934207763671875000e+02
8.356906127929687500e+02
6.453457641601562500e+02
6.032263793945312500e+02
8.134645996093750000e+02
8.091569213867187500e+02
8.845632324218750000e+02
7.196803588867187500e+02
9.670884399414062500e+02
7.826510009765625000e+02
8.450179443359375000e+02
7.491596679687500000e+02
8.685839843750000000e+02
5.653411254882812500e+02
6.754755859375000000e+02
6.243934326171875000e+02
8.652453002929687500e+02
5.664234619140625000e+02
6.460107421875000000e+02
7.265659790039062500e+02
7.284849243164062500e+02
9.917555541992187500e+02
7.949635009765625000e+02
8.843193359375000000e+02
8.167302856445312500e+02
6.762516479492187500e+02
7.080763549804687500e+02
6.558424072265625000e+02
8.554644775390625000e+02
4.646564636230468750e+02
7.984831542968750000e+02
7.733985595703125000e+02
8.291555786132812500e+02
9.571961669921875000e+02
7.972041015625000000e+02
6.984171142578125000e+02
7.441823120117187500e+02
8.799678344726562500e+02
8.725849609375000000e+02
7.706149291992187500e+02
7.161248168945312500e+02
7.217607421875000000e+02
8.153101196289062500e+02
6.369867553710937500e+02
6.808013916015625000e+02
6.946589355468750000e+02
6.332823486328125000e+02
8.198170776367187500e+02
7.331397094726562500e+02
7.147824096679687500e+02
7.074230346679687500e+02
7.617097167968750000e+02
9.217280273437500000e+02
8.558098144531250000e+02
7.737481689453125000e+02
7.636537475585937500e+02
9.099339599609375000e+02
6.340122680664062500e+02
7.006229858398437500e+02
6.509785156250000000e+02
6.706394042968750000e+02
8.489223022460937500e+02
6.611453857421875000e+02
9.095492553710937500e+02
8.146846923828125000e+02
8.850330810546875000e+02
7.506313476562500000e+02
7.669713745117187500e+02
8.484932861328125000e+02
7.618369750976562500e+02
8.392739868164062500e+02
5.913922729492187500e+02
7.763513793945312500e+02
7.984630737304687500e+02
6.623423461914062500e+02
7.436699218750000000e+02
7.539419555664062500e+02
8.120687255859375000e+02
9.204264526367187500e+02
8.729695434570312500e+02
7.085714721679687500e+02
7.574332275390625000e+02
7.403374633789062500e+02
7.872467651367187500e+02
7.659684448242187500e+02
9.388586425781250000e+02
7.627580566406250000e+02
5.975451049804687500e+02
4.868401794433593750e+02
6.181998901367187500e+02
7.292211303710937500e+02
9.098521118164062500e+02
6.954080200195312500e+02
8.243035888671875000e+02
7.073973388671875000e+02
7.637686157226562500e+02
7.286888427734375000e+02
9.103580932617187500e+02
8.111566162109375000e+02
7.288972167968750000e+02
8.468687744140625000e+02
8.671851806640625000e+02
7.053795166015625000e+02
8.597698974609375000e+02
7.791786499023437500e+02
7.285192871093750000e+02
6.848770141601562500e+02
6.516009521484375000e+02
7.765173950195312500e+02
6.500042114257812500e+02
6.507403564453125000e+02
8.230014648437500000e+02
6.838405151367187500e+02
7.088498535156250000e+02
8.768141479492187500e+02
7.092707519531250000e+02
9.462919311523437500e+02
7.392343750000000000e+02
6.116927490234375000e+02
6.153728637695312500e+02
6.411103515625000000e+02
6.736820068359375000e+02
6.584406738281250000e+02
6.519834594726562500e+02
7.586317138671875000e+02
7.436107177734375000e+02
9.906009521484375000e+02
5.827516479492187500e+02
7.092371826171875000e+02
7.300330200195312500e+02
6.044141235351562500e+02
6.421708984375000000e+02
8.067100830078125000e+02
6.540717163085937500e+02
8.100618286132812500e+02
8.042256469726562500e+02
8.463125610351562500e+02
7.783270874023437500e+02
9.245707397460937500e+02
6.699956054687500000e+02
8.801326904296875000e+02
8.670651245117187500e+02
6.536198120117187500e+02
7.963917846679687500e+02
8.044955444335937500e+02
6.584463500976562500e+02
7.327180175781250000e+02
7.961840820312500000e+02
7.135354614257812500e+02
7.458707885742187500e+02
8.461213989257812500e+02
6.984261474609375000e+02
6.989472045898437500e+02
8.535000000000000000e+02
8.417586669921875000e+02
9.485598754882812500e+02
7.084797363281250000e+02
6.938739013671875000e+02
6.558703002929687500e+02
7.044378051757812500e+02
4.910307617187500000e+02
7.097159423828125000e+02
8.374334106445312500e+02
8.010894165039062500e+02
7.497619018554687500e+02
8.042100219726562500e+02
8.534804077148437500e+02
9.223616943359375000e+02
8.340518798828125000e+02
8.711404418945312500e+02
8.315560302734375000e+02
6.406877441406250000e+02
7.856414794921875000e+02
5.766821289062500000e+02
8.954900512695312500e+02
9.077794799804687500e+02
5.335725708007812500e+02
8.117405395507812500e+02
6.490065917968750000e+02
6.298937377929687500e+02
7.469379882812500000e+02
6.538520507812500000e+02
9.136171875000000000e+02
8.330808105468750000e+02
6.121495971679687500e+02
8.450146484375000000e+02
8.040694580078125000e+02
5.763452758789062500e+02
8.312653198242187500e+02
8.170332031250000000e+02
8.003921508789062500e+02
6.841361694335937500e+02
8.044672241210937500e+02
8.977050781250000000e+02
6.855001831054687500e+02
8.311342163085937500e+02
1.025925659179687500e+03
6.766497192382812500e+02
6.982359008789062500e+02
6.789784545898437500e+02
8.112285156250000000e+02
9.127332763671875000e+02
1.049591430664062500e+03
6.267723388671875000e+02
9.306007080078125000e+02
6.458079223632812500e+02
7.064398803710937500e+02
7.940457763671875000e+02
7.587490234375000000e+02
7.179174804687500000e+02
8.684937133789062500e+02
6.839561767578125000e+02
8.768021850585937500e+02
7.761617431640625000e+02
8.773774414062500000e+02
9.671986083984375000e+02
7.665302734375000000e+02
7.235081787109375000e+02
8.697110595703125000e+02
7.508454589843750000e+02
8.307768554687500000e+02
7.409568481445312500e+02
9.856609497070312500e+02
7.116422729492187500e+02
9.139558105468750000e+02
8.320848999023437500e+02
1.067199951171875000e+03
9.049061279296875000e+02
6.944540405273437500e+02
9.915414428710937500e+02
6.739547729492187500e+02
9.423739013671875000e+02
8.699733276367187500e+02
7.536882934570312500e+02
7.301132812500000000e+02
9.840914306640625000e+02
6.374151000976562500e+02
6.851719970703125000e+02
8.072305908203125000e+02
8.491409912109375000e+02
7.079186401367187500e+02
7.039656372070312500e+02
7.281090698242187500e+02
7.387884521484375000e+02
7.195592041015625000e+02
8.267938842773437500e+02
8.892202758789062500e+02
6.045122680664062500e+02
5.634981689453125000e+02
7.849670410156250000e+02
8.206886596679687500e+02
7.083665161132812500e+02
8.652067871093750000e+02
7.588207397460937500e+02
5.233599853515625000e+02
8.932736206054687500e+02
8.188664550781250000e+02
7.307410888671875000e+02
7.677731323242187500e+02
8.619533691406250000e+02
6.052798461914062500e+02
7.359863891601562500e+02
6.987194824218750000e+02
7.595313720703125000e+02
7.728894042968750000e+02
9.344776611328125000e+02
9.196690063476562500e+02
6.694433593750000000e+02
9.147454833984375000e+02
8.295151977539062500e+02
7.975710449218750000e+02
1.048611938476562500e+03
5.960208129882812500e+02
6.440626220703125000e+02
7.369031982421875000e+02
8.208588256835937500e+02
7.390473632812500000e+02
7.449765014648437500e+02
6.865050048828125000e+02
7.074899291992187500e+02
8.698404541015625000e+02
7.050128784179687500e+02
7.840587768554687500e+02
8.001343383789062500e+02
7.585059814453125000e+02
7.016812133789062500e+02
4.646038208007812500e+02
6.708644409179687500e+02
7.178770751953125000e+02
7.560402832031250000e+02
9.126506347656250000e+02
7.898960571289062500e+02
8.264468383789062500e+02
8.814757690429687500e+02
8.373163452148437500e+02
8.696924438476562500e+02
7.187104492187500000e+02
8.660021972656250000e+02
6.451614379882812500e+02
7.773660888671875000e+02
6.049096679687500000e+02
8.366301269531250000e+02
6.935512084960937500e+02
8.378825683593750000e+02
8.495936279296875000e+02
7.148256835937500000e+02
8.190317382812500000e+02
8.424085083007812500e+02
7.275105590820312500e+02
6.718248291015625000e+02
7.081597290039062500e+02
8.912161865234375000e+02
7.439148559570312500e+02
5.362262573242187500e+02
7.218357543945312500e+02
7.824216918945312500e+02
7.752914428710937500e+02
8.299628906250000000e+02
6.497182617187500000e+02
4.547235717773437500e+02
7.795057983398437500e+02
8.374500122070312500e+02
7.244974365234375000e+02
7.657892456054687500e+02
5.931335449218750000e+02
6.132939453125000000e+02
6.300774536132812500e+02
8.622658081054687500e+02
8.431468505859375000e+02
6.960093994140625000e+02
6.117832031250000000e+02
7.365818481445312500e+02
7.016953735351562500e+02
7.093389892578125000e+02
8.104065551757812500e+02
7.329046020507812500e+02
6.788903198242187500e+02
5.952294921875000000e+02
8.756124877929687500e+02
8.236283569335937500e+02
8.263373413085937500e+02
8.696859741210937500e+02
7.030873413085937500e+02
9.238846435546875000e+02
8.023225708007812500e+02
8.023908691406250000e+02
7.759850463867187500e+02
7.333073730468750000e+02
8.708919067382812500e+02
7.089442749023437500e+02
8.318443603515625000e+02
8.597675781250000000e+02
6.860859375000000000e+02
7.971932983398437500e+02
1.016017456054687500e+03
7.865749511718750000e+02
6.684428100585937500e+02
7.515474853515625000e+02
8.167169189453125000e+02
8.202874145507812500e+02
8.142401123046875000e+02
7.987908325195312500e+02
7.458155517578125000e+02
7.684541015625000000e+02
9.418730468750000000e+02
8.460070800781250000e+02
8.368690795898437500e+02
8.581638183593750000e+02
7.320452270507812500e+02
7.400563354492187500e+02
8.098394775390625000e+02
8.008034057617187500e+02
5.460650634765625000e+02
7.870985717773437500e+02
7.092272338867187500e+02
4.686557006835937500e+02
8.790980834960937500e+02
8.327940063476562500e+02
7.689279174804687500e+02
8.384325561523437500e+02
7.778464965820312500e+02
7.065607299804687500e+02
8.805148925781250000e+02
7.234826660156250000e+02
7.621153564453125000e+02
8.325315551757812500e+02
6.814440917968750000e+02
8.771049804687500000e+02
7.908206787109375000e+02
7.318743896484375000e+02
7.795827636718750000e+02
7.919825439453125000e+02
7.597517700195312500e+02
7.561694335937500000e+02
7.411259765625000000e+02
8.997006225585937500e+02
8.353001708984375000e+02
4.715997314453125000e+02
8.773715820312500000e+02
6.086442260742187500e+02
6.907558593750000000e+02
6.417826538085937500e+02
7.329546508789062500e+02
6.753354492187500000e+02
6.121846923828125000e+02
9.001481323242187500e+02
7.995542602539062500e+02
7.724694824218750000e+02
7.663668212890625000e+02
5.949877929687500000e+02
7.621480712890625000e+02
8.591045532226562500e+02
1.140919555664062500e+03
6.389206542968750000e+02
6.924616699218750000e+02
7.349896850585937500e+02
6.234666137695312500e+02
7.592587280273437500e+02
7.238270263671875000e+02
7.627100830078125000e+02
8.188931274414062500e+02
8.412770996093750000e+02
7.869336547851562500e+02
8.812489624023437500e+02
6.790159912109375000e+02
6.614326171875000000e+02
7.842196655273437500e+02
7.947630004882812500e+02
7.917647094726562500e+02
7.455782470703125000e+02
9.341937255859375000e+02
6.263782348632812500e+02
7.805128173828125000e+02
8.315842895507812500e+02
7.142431640625000000e+02
6.092611083984375000e+02
9.753547363281250000e+02
8.009032592773437500e+02
8.738381958007812500e+02
8.894429321289062500e+02
7.427010498046875000e+02
4.580312805175781250e+02
9.031666259765625000e+02
5.326896362304687500e+02
7.258688964843750000e+02
6.253352661132812500e+02
7.877980346679687500e+02
8.125032958984375000e+02
8.078787231445312500e+02
8.767083129882812500e+02
7.569880371093750000e+02
7.451295776367187500e+02
8.354981079101562500e+02
8.249509887695312500e+02
6.784566040039062500e+02
8.227282104492187500e+02
6.299835205078125000e+02
5.428542480468750000e+02
6.349033813476562500e+02
8.984708251953125000e+02
9.570573120117187500e+02
6.776669311523437500e+02
9.039832153320312500e+02
6.892788696289062500e+02
8.106646118164062500e+02
6.602224121093750000e+02
9.224839477539062500e+02
7.024843750000000000e+02
7.740083007812500000e+02
6.840049438476562500e+02
7.455896606445312500e+02
9.217219848632812500e+02
8.760361938476562500e+02
8.598106079101562500e+02
7.239835815429687500e+02
6.563338012695312500e+02
6.815913696289062500e+02
9.105979003906250000e+02
6.937079467773437500e+02
7.003638305664062500e+02
9.673026733398437500e+02
7.983119506835937500e+02
1.067615722656250000e+03
9.238801879882812500e+02
7.088561401367187500e+02
8.584398803710937500e+02
9.578208007812500000e+02
8.132866821289062500e+02
8.470728149414062500e+02
7.083668823242187500e+02
6.856488647460937500e+02
7.842130126953125000e+02
7.694120483398437500e+02
7.042457885742187500e+02
5.885590209960937500e+02
7.812987670898437500e+02
9.640212402343750000e+02
7.866546020507812500e+02
8.827113037109375000e+02
7.774105834960937500e+02
7.648448486328125000e+02
7.076051025390625000e+02
6.062219238281250000e+02
7.522437133789062500e+02
7.504329833984375000e+02
7.368406982421875000e+02
7.088530273437500000e+02
8.317609863281250000e+02
7.290917358398437500e+02
7.328851928710937500e+02
7.264229125976562500e+02
6.778874511718750000e+02
9.050220947265625000e+02
6.212791748046875000e+02
6.426881103515625000e+02
7.471349487304687500e+02
8.233769531250000000e+02
8.300037841796875000e+02
7.403820800781250000e+02
9.087947387695312500e+02
6.859727172851562500e+02
8.215354003906250000e+02
8.044462280273437500e+02
7.988284301757812500e+02
8.111691894531250000e+02
8.311680908203125000e+02
6.966386108398437500e+02
1.013838256835937500e+03
7.907220458984375000e+02
7.838917236328125000e+02
6.764378662109375000e+02
6.503678588867187500e+02
9.613999633789062500e+02
6.973674926757812500e+02
8.106199951171875000e+02
9.095344238281250000e+02
8.347935180664062500e+02
7.401704711914062500e+02
4.462205505371093750e+02
7.793428955078125000e+02
6.382728881835937500e+02
8.097091064453125000e+02
8.449624023437500000e+02
9.449422607421875000e+02
8.655760498046875000e+02
8.789507446289062500e+02
5.389432373046875000e+02
8.804210815429687500e+02
7.081079101562500000e+02
6.983400268554687500e+02
7.478539428710937500e+02
7.096848754882812500e+02
6.448619995117187500e+02
8.117907104492187500e+02
6.960282592773437500e+02
8.458187866210937500e+02
8.553855590820312500e+02
6.346990356445312500e+02
7.822152709960937500e+02
9.229334106445312500e+02
8.748104858398437500e+02
7.486904907226562500e+02
8.446691894531250000e+02
7.949555664062500000e+02
5.747862548828125000e+02
8.136553344726562500e+02
7.892091674804687500e+02
5.550184936523437500e+02
7.830804443359375000e+02
7.874097290039062500e+02
6.467067260742187500e+02
8.078236083984375000e+02
9.087735595703125000e+02
7.376757202148437500e+02
5.129448852539062500e+02
8.030986938476562500e+02
7.896858520507812500e+02
6.489200439453125000e+02
8.263714599609375000e+02
7.372539672851562500e+02
6.814876098632812500e+02
6.547816772460937500e+02
6.929270629882812500e+02
7.855371704101562500e+02
9.876970825195312500e+02
8.572633056640625000e+02
6.352392578125000000e+02
5.542200317382812500e+02
9.530327758789062500e+02
8.021185302734375000e+02
8.689420776367187500e+02
7.216583251953125000e+02
8.219826049804687500e+02
6.490540771484375000e+02
7.831894531250000000e+02
7.504637451171875000e+02
7.913990478515625000e+02
7.099445800781250000e+02
8.110576171875000000e+02
6.989265747070312500e+02
6.673392333984375000e+02
7.862290039062500000e+02
8.464146728515625000e+02
8.501712036132812500e+02
7.311831665039062500e+02
7.032748413085937500e+02
8.917144165039062500e+02
7.817243652343750000e+02
5.789316406250000000e+02
6.867025756835937500e+02
7.864318847656250000e+02
6.450255126953125000e+02
7.791364746093750000e+02
6.473789062500000000e+02
7.833256225585937500e+02
9.948768310546875000e+02
5.963888549804687500e+02
7.845000610351562500e+02
8.584298706054687500e+02
9.827020263671875000e+02
7.340111083984375000e+02
7.728856201171875000e+02
7.833006591796875000e+02
7.420929565429687500e+02
7.393251953125000000e+02
8.754094238281250000e+02
8.633647460937500000e+02
8.592135009765625000e+02
9.104967651367187500e+02
5.325584716796875000e+02
6.589515380859375000e+02
8.398833007812500000e+02
7.261137084960937500e+02
8.210657348632812500e+02
1.011733520507812500e+03
9.083064575195312500e+02
7.272006225585937500e+02
8.244224243164062500e+02
7.661181030273437500e+02
7.300347900390625000e+02
9.782114257812500000e+02
7.391248779296875000e+02
8.151311645507812500e+02
8.461538085937500000e+02
7.872183227539062500e+02
8.754540405273437500e+02
7.492133178710937500e+02
7.546795043945312500e+02
7.406243896484375000e+02
6.754749145507812500e+02
8.511612548828125000e+02
7.844210205078125000e+02
6.211130981445312500e+02
8.466655883789062500e+02
7.054158325195312500e+02
9.582052612304687500e+02
7.908059082031250000e+02
7.933731079101562500e+02
7.012932128906250000e+02
8.529020996093750000e+02
8.550618896484375000e+02
7.452855224609375000e+02
8.077097778320312500e+02
8.859389648437500000e+02
7.024992065429687500e+02
7.376128540039062500e+02
6.454745483398437500e+02
7.306749267578125000e+02
7.531531372070312500e+02
5.921176147460937500e+02
8.905089721679687500e+02
7.307790527343750000e+02
7.664207763671875000e+02
7.216918945312500000e+02
8.061505126953125000e+02
5.266621093750000000e+02
7.502173461914062500e+02
9.369150390625000000e+02
7.876710815429687500e+02
9.570897216796875000e+02
7.187111816406250000e+02
5.686244506835937500e+02
6.701629638671875000e+02
7.919130249023437500e+02
7.359918823242187500e+02
9.346602783203125000e+02
7.960525512695312500e+02
6.172288818359375000e+02
8.829710693359375000e+02
9.398395996093750000e+02
7.286423339843750000e+02
8.501174316406250000e+02
6.416961669921875000e+02
7.651046752929687500e+02
8.825156250000000000e+02
7.056958618164062500e+02
8.104083862304687500e+02
1.042223388671875000e+03
5.496569824218750000e+02
8.954942016601562500e+02
8.267742309570312500e+02
5.395835571289062500e+02
6.289375000000000000e+02
8.193010864257812500e+02
6.007656250000000000e+02
7.885546264648437500e+02
6.823078613281250000e+02
6.620088500976562500e+02
7.859735107421875000e+02
7.631079711914062500e+02
6.953544921875000000e+02
7.626492309570312500e+02
7.992684936523437500e+02
9.384661254882812500e+02
1.031759399414062500e+03
9.170559692382812500e+02
8.027181396484375000e+02
8.929709472656250000e+02
8.382385864257812500e+02
7.297799072265625000e+02
9.720592651367187500e+02
7.760330810546875000e+02
8.103700561523437500e+02
8.167894287109375000e+02
8.625061645507812500e+02
8.307517089843750000e+02
8.208748168945312500e+02
9.073878784179687500e+02
8.547657470703125000e+02
7.929459838867187500e+02
7.945646362304687500e+02
9.787564697265625000e+02
7.650317993164062500e+02
9.791160888671875000e+02
7.590014648437500000e+02
7.335226440429687500e+02
6.470509033203125000e+02
9.516128540039062500e+02
6.939385375976562500e+02
6.778728637695312500e+02
6.012666015625000000e+02
7.192697753906250000e+02
8.795086669921875000e+02
7.253113403320312500e+02
5.205560913085937500e+02
7.750733642578125000e+02
6.553195190429687500e+02
8.807384033203125000e+02
8.448686523437500000e+02
9.001425170898437500e+02
7.969663696289062500e+02
8.298465576171875000e+02
6.114525756835937500e+02
8.038624877929687500e+02
6.065098876953125000e+02
8.495375366210937500e+02
6.206793212890625000e+02
7.374993896484375000e+02
8.825849609375000000e+02
8.070604248046875000e+02
7.584431762695312500e+02
8.751304321289062500e+02
5.101007385253906250e+02
7.211223754882812500e+02
8.257948608398437500e+02
6.951664428710937500e+02
7.590606079101562500e+02
8.195906372070312500e+02
6.949794311523437500e+02
9.050492553710937500e+02
8.217276611328125000e+02
9.740267333984375000e+02
7.488812255859375000e+02
8.735759277343750000e+02
8.904736328125000000e+02
8.784614868164062500e+02
8.217427978515625000e+02
5.835128784179687500e+02
9.000218505859375000e+02
6.701552734375000000e+02
7.444826660156250000e+02
7.409486083984375000e+02
6.788047485351562500e+02
8.085963745117187500e+02
7.966602783203125000e+02
7.296176757812500000e+02
7.149717407226562500e+02
9.957286376953125000e+02
9.267593994140625000e+02
8.670849609375000000e+02
7.197656250000000000e+02
7.234938354492187500e+02
9.135411987304687500e+02
8.094248657226562500e+02
6.479002685546875000e+02
5.450534057617187500e+02
8.567677612304687500e+02
7.273126831054687500e+02
6.352148437500000000e+02
8.002272338867187500e+02
7.787620849609375000e+02
6.698453369140625000e+02
7.985566406250000000e+02
7.572625732421875000e+02
8.959760131835937500e+02
7.632110595703125000e+02
6.537616577148437500e+02
8.582820434570312500e+02
8.224848632812500000e+02
7.558815307617187500e+02
6.808023071289062500e+02
9.425037231445312500e+02
6.906098022460937500e+02
8.094562377929687500e+02
8.090128784179687500e+02
7.346614379882812500e+02
9.515192871093750000e+02
7.822757568359375000e+02
7.518112182617187500e+02
7.690401000976562500e+02
4.906614074707031250e+02
6.867644042968750000e+02
6.574651489257812500e+02
6.018684082031250000e+02
7.049227294921875000e+02
6.409334716796875000e+02
5.774138183593750000e+02
9.211245117187500000e+02
7.966582031250000000e+02
6.331789550781250000e+02
5.062089233398437500e+02
7.125335693359375000e+02
7.531731567382812500e+02
5.443594970703125000e+02
8.622496948242187500e+02
6.198211669921875000e+02
1.018027099609375000e+03
7.470028076171875000e+02
7.900382690429687500e+02
8.310900878906250000e+02
6.428730468750000000e+02
6.217102661132812500e+02
5.069052429199218750e+02
8.225338134765625000e+02
8.106789550781250000e+02
7.992089233398437500e+02
8.780170898437500000e+02
7.219534912109375000e+02
7.861182250976562500e+02
6.748563232421875000e+02
8.159849243164062500e+02
9.245596313476562500e+02
7.191146240234375000e+02
7.468937988281250000e+02
5.295997314453125000e+02
7.418485717773437500e+02
7.410698852539062500e+02
8.678839111328125000e+02
7.329084472656250000e+02
6.853456420898437500e+02
8.709327392578125000e+02
9.516154785156250000e+02
6.791147460937500000e+02
8.615411987304687500e+02
7.854887695312500000e+02
7.391512451171875000e+02
7.160366821289062500e+02
5.698684692382812500e+02
8.198698120117187500e+02
8.706695556640625000e+02
7.455627441406250000e+02
8.977999267578125000e+02
9.347554321289062500e+02
6.455209350585937500e+02
5.926898193359375000e+02
8.110126953125000000e+02
5.854564208984375000e+02
8.078681640625000000e+02
8.435106201171875000e+02
8.361563720703125000e+02
7.268555908203125000e+02
9.071489257812500000e+02
7.195554809570312500e+02
7.248819580078125000e+02
4.593888244628906250e+02
8.939373168945312500e+02
7.297868652343750000e+02
7.822515869140625000e+02
7.910150146484375000e+02
7.841942749023437500e+02
8.329576416015625000e+02
7.357180786132812500e+02
7.049315185546875000e+02
8.462610473632812500e+02
6.761903686523437500e+02
7.493865966796875000e+02
1.030368408203125000e+03
7.683587646484375000e+02
8.308388061523437500e+02
8.216292724609375000e+02
8.113465576171875000e+02
7.521228027343750000e+02
9.239309692382812500e+02
6.658767089843750000e+02
7.169168090820312500e+02
7.853962402343750000e+02
9.096160278320312500e+02
1.002988647460937500e+03
9.362185058593750000e+02
8.560275878906250000e+02
6.834101562500000000e+02
7.939058837890625000e+02
7.891813354492187500e+02
6.342636718750000000e+02
6.802113647460937500e+02
8.229895019531250000e+02
6.894648437500000000e+02
8.596202392578125000e+02
8.519850463867187500e+02
8.107180175781250000e+02
5.754680175781250000e+02
8.219117431640625000e+02
8.706143188476562500e+02
6.334506225585937500e+02
8.241904907226562500e+02
7.231638183593750000e+02
5.639027709960937500e+02
6.338858032226562500e+02
8.223376464843750000e+02
7.645382690429687500e+02
7.176034545898437500e+02
6.927549438476562500e+02
7.642965087890625000e+02
8.073076171875000000e+02
6.882987670898437500e+02
9.615122680664062500e+02
8.759554443359375000e+02
7.390774536132812500e+02
9.035762329101562500e+02
6.998649902343750000e+02
7.367307128906250000e+02
8.265783691406250000e+02
7.261260986328125000e+02
5.944075317382812500e+02
9.236092529296875000e+02
7.620335083007812500e+02
6.741598510742187500e+02
7.432379150390625000e+02
8.208411254882812500e+02
1.003021362304687500e+03
6.109901123046875000e+02
8.878317871093750000e+02
9.362494506835937500e+02
1.002960937500000000e+03
5.701170654296875000e+02
6.889240722656250000e+02
6.123374023437500000e+02
7.140469360351562500e+02
6.152949829101562500e+02
8.362849121093750000e+02
9.985482177734375000e+02
8.535772705078125000e+02
7.679608764648437500e+02
9.018748779296875000e+02
7.013189086914062500e+02
8.542294311523437500e+02
1.039503295898437500e+03
5.143112182617187500e+02
7.235484619140625000e+02
5.358822631835937500e+02
7.150571289062500000e+02
6.057783203125000000e+02
6.712815551757812500e+02
9.132219238281250000e+02
8.926016845703125000e+02
8.967882690429687500e+02
7.895572509765625000e+02
6.817617797851562500e+02
8.132725830078125000e+02
8.770084228515625000e+02
6.771352539062500000e+02
9.668143920898437500e+02
7.113249511718750000e+02
6.430354003906250000e+02
5.400216064453125000e+02
8.651044921875000000e+02
7.090288696289062500e+02
8.497188720703125000e+02
6.863328857421875000e+02
7.823352050781250000e+02
8.082628173828125000e+02
6.922966918945312500e+02
9.076332397460937500e+02
8.101814575195312500e+02
7.320027465820312500e+02
6.684757080078125000e+02
7.723667602539062500e+02
7.245404052734375000e+02
6.699008789062500000e+02
4.594118652343750000e+02
8.624531250000000000e+02
7.935095825195312500e+02
8.855658569335937500e+02
9.645809936523437500e+02
7.722534790039062500e+02
7.777946166992187500e+02
6.861965942382812500e+02
9.270833129882812500e+02
7.555668945312500000e+02
7.344967041015625000e+02
9.492603759765625000e+02
7.854237060546875000e+02
6.904959716796875000e+02
7.145393066406250000e+02
7.508470458984375000e+02
7.307404174804687500e+02
8.645106811523437500e+02
7.565147094726562500e+02
7.982380371093750000e+02
8.547612304687500000e+02
8.674151000976562500e+02
8.791322631835937500e+02
7.914360351562500000e+02
7.077269897460937500e+02
7.877873535156250000e+02
6.796218872070312500e+02
9.361015014648437500e+02
8.570349731445312500e+02
6.946149902343750000e+02
8.286189575195312500e+02
7.377277832031250000e+02
6.868870239257812500e+02
8.509476928710937500e+02
7.403544311523437500e+02
9.245721435546875000e+02
7.786204833984375000e+02
7.154066772460937500e+02
6.450095825195312500e+02
8.976247558593750000e+02
8.302389526367187500e+02
8.838739013671875000e+02
7.482203979492187500e+02
6.705615844726562500e+02
7.195075683593750000e+02
7.830585937500000000e+02
9.028717041015625000e+02
8.263583984375000000e+02
7.358984985351562500e+02
7.001292114257812500e+02
6.884061279296875000e+02
6.614401855468750000e+02
7.767706298828125000e+02
7.571952514648437500e+02
8.350128173828125000e+02
8.342124023437500000e+02
7.326306762695312500e+02
9.211342773437500000e+02
5.406358032226562500e+02
6.638801269531250000e+02
5.141076660156250000e+02
7.144694824218750000e+02
1.016161621093750000e+03
7.387711791992187500e+02
7.596354980468750000e+02
5.833487548828125000e+02
8.376989135742187500e+02
8.657923583984375000e+02
8.157363281250000000e+02
7.855430297851562500e+02
5.548198852539062500e+02
7.522350463867187500e+02
8.348374023437500000e+02
6.550481567382812500e+02
9.477519531250000000e+02
1.064947753906250000e+03
6.236245727539062500e+02
6.704831542968750000e+02
9.078746337890625000e+02
9.900718383789062500e+02
7.472921752929687500e+02
8.673472290039062500e+02
6.280979614257812500e+02
7.361250000000000000e+02
6.693875732421875000e+02
1.055529907226562500e+03
9.106935424804687500e+02
6.990201416015625000e+02
6.907304687500000000e+02
4.787146911621093750e+02
7.875361328125000000e+02
7.005804443359375000e+02
7.371149291992187500e+02
7.983687744140625000e+02
8.198541870117187500e+02
8.617539672851562500e+02
5.963380126953125000e+02
6.888561401367187500e+02
8.742716064453125000e+02
8.402904663085937500e+02
7.103469848632812500e+02
7.776497192382812500e+02
7.135361938476562500e+02
7.311854858398437500e+02
9.323432006835937500e+02
8.201529541015625000e+02
8.911055908203125000e+02
6.114714965820312500e+02
5.683604125976562500e+02
9.081213989257812500e+02
6.121806030273437500e+02
6.268420410156250000e+02
8.547957153320312500e+02
9.099587402343750000e+02
7.046724243164062500e+02
6.255411376953125000e+02
8.839683837890625000e+02
8.439242553710937500e+02
8.169586181640625000e+02
7.149136352539062500e+02
8.085842285156250000e+02
7.304235229492187500e+02
8.015100097656250000e+02
9.580386962890625000e+02
9.135828857421875000e+02
9.531808471679687500e+02
7.125270385742187500e+02
8.224955444335937500e+02
8.083897094726562500e+02
7.385957641601562500e+02
8.232924194335937500e+02
6.248019409179687500e+02
7.477449951171875000e+02
8.066812133789062500e+02
7.484620971679687500e+02
6.985607910156250000e+02
8.016440429687500000e+02
6.213110351562500000e+02
7.421954956054687500e+02
7.972386474609375000e+02
7.183693237304687500e+02
8.994334106445312500e+02
7.937985229492187500e+02
7.817006835937500000e+02
7.094267578125000000e+02
9.605072631835937500e+02
7.338105468750000000e+02
7.136987915039062500e+02
7.819477539062500000e+02
7.360849609375000000e+02
8.336029663085937500e+02
7.638454589843750000e+02
6.001809692382812500e+02
7.974749145507812500e+02
7.874473266601562500e+02
7.258479614257812500e+02
7.436041259765625000e+02
9.166675415039062500e+02
8.069243774414062500e+02
7.304235839843750000e+02
7.220600585937500000e+02
6.336939086914062500e+02
8.462479248046875000e+02
7.887411499023437500e+02
7.632568969726562500e+02
5.838457641601562500e+02
8.380205078125000000e+02
7.157216186523437500e+02
6.114016723632812500e+02
6.784801635742187500e+02
7.444733276367187500e+02
8.511706542968750000e+02
8.809666137695312500e+02
7.144165649414062500e+02
8.293660888671875000e+02
7.678237915039062500e+02
8.558486938476562500e+02
7.495017700195312500e+02
6.876119384765625000e+02
9.846879882812500000e+02
8.922835693359375000e+02
7.887947387695312500e+02
9.035028076171875000e+02
9.222574462890625000e+02
7.714710083007812500e+02
6.072120971679687500e+02
5.957672729492187500e+02
7.160578002929687500e+02
7.731064453125000000e+02
8.513217163085937500e+02
8.396194458007812500e+02
7.938422241210937500e+02
9.231888427734375000e+02
6.982009277343750000e+02
9.042665405273437500e+02
6.652020874023437500e+02
4.906996154785156250e+02
7.655037841796875000e+02
8.074218139648437500e+02
8.225244750976562500e+02
8.884074707031250000e+02
1.029278442382812500e+03
5.686085815429687500e+02
7.241539306640625000e+02
8.431184692382812500e+02
8.576141967773437500e+02
8.697507324218750000e+02
9.212643432617187500e+02
8.569738159179687500e+02
7.848328247070312500e+02
7.992184448242187500e+02
7.042385253906250000e+02
7.443861694335937500e+02
6.144040527343750000e+02
6.936139526367187500e+02
8.781950683593750000e+02
7.599466552734375000e+02
7.840618896484375000e+02
5.805609741210937500e+02
9.505312500000000000e+02
7.419426269531250000e+02
6.424628295898437500e+02
6.996156005859375000e+02
5.788554687500000000e+02
8.300791015625000000e+02
9.355264282226562500e+02
6.783843383789062500e+02
7.752631225585937500e+02
7.453673706054687500e+02
7.344873046875000000e+02
6.039652709960937500e+02
7.592075805664062500e+02
6.459448852539062500e+02
9.540568237304687500e+02
8.535196533203125000e+02
7.800107421875000000e+02
8.911055908203125000e+02
8.348659057617187500e+02
7.048065185546875000e+02
9.168491821289062500e+02
7.312999267578125000e+02
7.682063598632812500e+02
8.329709472656250000e+02
7.425480957031250000e+02
6.614375610351562500e+02
9.559533081054687500e+02
1.042885742187500000e+03
7.492235717773437500e+02
7.231924438476562500e+02
7.604597778320312500e+02
9.383508300781250000e+02
7.833656005859375000e+02
9.492628173828125000e+02
6.506273193359375000e+02
7.855657958984375000e+02
7.468526611328125000e+02
6.348430175781250000e+02
8.240526123046875000e+02
6.272082519531250000e+02
8.513784790039062500e+02
8.781454467773437500e+02
6.094373779296875000e+02
8.006376953125000000e+02
7.352342529296875000e+02
7.029929199218750000e+02
7.377395629882812500e+02
7.316644897460937500e+02
7.116619873046875000e+02
6.446493530273437500e+02
4.966357421875000000e+02
6.999989624023437500e+02
6.282294921875000000e+02
7.242108154296875000e+02
8.132673950195312500e+02
8.145742187500000000e+02
6.664591674804687500e+02
8.290403442382812500e+02
7.602440185546875000e+02
9.028635253906250000e+02
6.359077148437500000e+02
8.819104614257812500e+02
1.088998657226562500e+03
9.779527587890625000e+02
7.400624389648437500e+02
6.738449096679687500e+02
7.369891357421875000e+02
8.338172607421875000e+02
7.749315185546875000e+02
7.279138183593750000e+02
6.731944580078125000e+02
7.156697998046875000e+02
7.256469116210937500e+02
6.046965942382812500e+02
6.328804321289062500e+02
8.276236572265625000e+02
6.877420043945312500e+02
9.191096801757812500e+02
1.071592651367187500e+03
6.622182617187500000e+02
7.886223144531250000e+02
8.118387451171875000e+02
8.838564453125000000e+02
7.266599121093750000e+02
6.809037475585937500e+02
7.316175537109375000e+02
9.264628906250000000e+02
6.972723999023437500e+02
6.605209350585937500e+02
7.110445556640625000e+02
8.975797119140625000e+02
9.169025878906250000e+02
7.472222290039062500e+02
6.343164062500000000e+02
7.838481445312500000e+02
7.945333251953125000e+02
5.368862304687500000e+02
7.783638916015625000e+02
8.276807861328125000e+02
7.234887695312500000e+02
6.736948242187500000e+02
1.067598999023437500e+03
8.636790771484375000e+02
6.536372680664062500e+02
5.856321411132812500e+02
9.431137695312500000e+02
7.841826171875000000e+02
7.757436523437500000e+02
6.909423217773437500e+02
7.623008422851562500e+02
6.195244750976562500e+02
7.702418212890625000e+02
8.936245117187500000e+02
8.769479980468750000e+02
7.701532592773437500e+02
8.883460693359375000e+02
6.076044921875000000e+02
6.051923217773437500e+02
5.901567382812500000e+02
8.382003173828125000e+02
9.810006103515625000e+02
8.812269287109375000e+02
8.324291381835937500e+02
7.804846801757812500e+02
7.329115600585937500e+02
7.439595336914062500e+02
8.297398071289062500e+02
7.950275268554687500e+02
7.766036376953125000e+02
7.753526000976562500e+02
8.146521606445312500e+02
7.548425903320312500e+02
8.711904907226562500e+02
6.880097656250000000e+02
1.014240295410156250e+03
8.074931640625000000e+02
9.648343505859375000e+02
8.595610351562500000e+02
7.875937500000000000e+02
7.910653686523437500e+02
8.040208740234375000e+02
6.146182250976562500e+02
8.694127807617187500e+02
5.559012451171875000e+02
5.491749877929687500e+02
9.534431762695312500e+02
8.478208618164062500e+02
9.526082763671875000e+02
8.138635253906250000e+02
6.981076049804687500e+02
8.444722900390625000e+02
7.687200927734375000e+02
5.240546875000000000e+02
6.623735961914062500e+02
7.395043334960937500e+02
1.092598022460937500e+03
7.965530395507812500e+02
8.493332519531250000e+02
7.220914306640625000e+02
7.691401367187500000e+02
6.337455444335937500e+02
7.566578369140625000e+02
8.695015258789062500e+02
8.590867309570312500e+02
6.654959106445312500e+02
7.296098022460937500e+02
6.966013183593750000e+02
6.340119018554687500e+02
6.469860839843750000e+02
8.408580932617187500e+02
5.073235778808593750e+02
8.235420532226562500e+02
8.053040161132812500e+02
8.809140625000000000e+02
7.102091064453125000e+02
6.878412475585937500e+02
9.384591674804687500e+02
7.547788696289062500e+02
7.993279418945312500e+02
8.500303955078125000e+02
8.043670043945312500e+02
8.298207397460937500e+02
8.160128784179687500e+02
8.527010498046875000e+02
9.791043090820312500e+02
7.606416015625000000e+02
6.078839111328125000e+02
6.796752319335937500e+02
8.786296386718750000e+02
7.379725341796875000e+02
7.482640991210937500e+02
7.780073242187500000e+02
6.894238891601562500e+02
9.036173706054687500e+02
7.759160156250000000e+02
9.796820068359375000e+02
6.852128906250000000e+02
8.882674560546875000e+02
6.612899169921875000e+02
6.890691528320312500e+02
7.578269042968750000e+02
7.333147583007812500e+02
7.193923950195312500e+02
6.362111206054687500e+02
6.835125732421875000e+02
1.031133789062500000e+03
7.586544189453125000e+02
7.388118286132812500e+02
6.770234375000000000e+02
9.883637084960937500e+02
6.762125244140625000e+02
7.272970581054687500e+02
7.519069824218750000e+02
8.734487915039062500e+02
6.206345214843750000e+02
8.682438964843750000e+02
5.132669067382812500e+02
8.400416870117187500e+02
6.490342407226562500e+02
6.849390258789062500e+02
5.798875732421875000e+02
5.051923217773437500e+02
9.036135253906250000e+02
7.067654418945312500e+02
8.376343994140625000e+02
7.920103149414062500e+02
1.017875061035156250e+03
7.579948120117187500e+02
8.774105224609375000e+02
9.040686645507812500e+02
7.928001098632812500e+02
6.423094482421875000e+02
5.783437500000000000e+02
8.199773559570312500e+02
6.631864624023437500e+02
6.406384277343750000e+02
7.755968017578125000e+02
5.810190429687500000e+02
6.610483398437500000e+02
9.044432373046875000e+02
8.803204956054687500e+02
6.415563964843750000e+02
8.210422363281250000e+02
5.727973022460937500e+02
8.245624389648437500e+02
7.197824096679687500e+02
6.698861694335937500e+02
7.427915039062500000e+02
8.171964111328125000e+02
8.438386840820312500e+02
9.068960571289062500e+02
1.125614868164062500e+03
6.709609375000000000e+02
7.487277832031250000e+02
6.580307006835937500e+02
8.782584228515625000e+02
7.110510864257812500e+02
8.197997436523437500e+02
6.556669311523437500e+02
7.229145507812500000e+02
7.241464233398437500e+02
7.616648559570312500e+02
6.929772949218750000e+02
7.230250244140625000e+02
8.072426147460937500e+02
8.025775146484375000e+02
7.511873168945312500e+02
6.723930664062500000e+02
7.154535522460937500e+02
7.480140380859375000e+02
9.143605957031250000e+02
5.511621704101562500e+02
5.044028930664062500e+02
7.924165039062500000e+02
7.044385986328125000e+02
6.974519042968750000e+02
7.489664306640625000e+02
9.157594604492187500e+02
7.049816894531250000e+02
9.634015502929687500e+02
9.353880615234375000e+02
5.769831542968750000e+02
5.488297729492187500e+02
7.012045288085937500e+02
8.380900268554687500e+02
6.131790771484375000e+02
8.533281860351562500e+02
8.060013427734375000e+02
9.613074340820312500e+02
7.122698364257812500e+02
7.418056640625000000e+02
6.708768310546875000e+02
7.743632202148437500e+02
6.983507080078125000e+02
1.058269531250000000e+03
8.063023071289062500e+02
9.077482299804687500e+02
6.898361206054687500e+02
7.184038085937500000e+02
8.738939208984375000e+02
6.936386108398437500e+02
8.984273071289062500e+02
8.763408203125000000e+02
6.317292480468750000e+02
8.880477905273437500e+02
7.488739013671875000e+02
6.885159301757812500e+02
6.609118041992187500e+02
8.811883544921875000e+02
7.499067993164062500e+02
7.449701538085937500e+02
7.363980102539062500e+02
6.553850708007812500e+02
9.347101440429687500e+02
6.953230590820312500e+02
7.284763793945312500e+02
7.132388916015625000e+02
7.688840332031250000e+02
7.418908081054687500e+02
5.966748657226562500e+02
7.642526855468750000e+02
7.511997680664062500e+02
6.943670043945312500e+02
9.360932006835937500e+02
7.983997802734375000e+02
6.428545532226562500e+02
7.535913085937500000e+02
7.141257934570312500e+02
8.390456542968750000e+02
8.136431274414062500e+02
8.162944946289062500e+02
7.965192871093750000e+02
8.289942016601562500e+02
6.858354492187500000e+02
9.569606933593750000e+02
6.524161987304687500e+02
9.971202392578125000e+02
8.084235229492187500e+02
7.588144531250000000e+02
7.742669677734375000e+02
7.586871337890625000e+02
8.889931030273437500e+02
8.081288452148437500e+02
7.541986694335937500e+02
6.511406250000000000e+02
7.414805908203125000e+02
6.143414306640625000e+02
6.148375244140625000e+02
7.694603881835937500e+02
7.103515014648437500e+02
8.166817626953125000e+02
7.190208740234375000e+02
4.992087707519531250e+02
7.471038818359375000e+02
5.887532348632812500e+02
6.382662353515625000e+02
9.549715576171875000e+02
9.172256469726562500e+02
8.372846679687500000e+02
7.691588745117187500e+02
8.106333618164062500e+02
9.108787841796875000e+02
8.368643188476562500e+02
7.409622802734375000e+02
8.312076416015625000e+02
6.839534912109375000e+02
8.420202026367187500e+02
6.889207763671875000e+02
8.962946166992187500e+02
5.642968139648437500e+02
7.386836547851562500e+02
8.683900756835937500e+02
7.202907104492187500e+02
5.390689086914062500e+02
8.754539794921875000e+02
6.552293701171875000e+02
8.282836914062500000e+02
8.172824096679687500e+02
6.589989624023437500e+02
5.357222290039062500e+02
9.635067138671875000e+02
9.882705078125000000e+02
7.682501831054687500e+02
6.268630371093750000e+02
8.565177001953125000e+02
6.353790893554687500e+02
7.474539794921875000e+02
7.492849731445312500e+02
7.044008178710937500e+02
7.241842651367187500e+02
7.865274047851562500e+02
8.962832031250000000e+02
7.427094726562500000e+02
6.874343872070312500e+02
8.850659179687500000e+02
8.220205688476562500e+02
7.507578125000000000e+02
8.435917358398437500e+02
7.380139770507812500e+02
6.927766113281250000e+02
8.913452758789062500e+02
7.147745971679687500e+02
8.008406372070312500e+02
6.388940429687500000e+02
9.976318359375000000e+02
6.395712890625000000e+02
6.832003784179687500e+02
8.015581054687500000e+02
5.013294067382812500e+02
8.001409912109375000e+02
6.703118286132812500e+02
5.895443115234375000e+02
8.326641845703125000e+02
9.925136718750000000e+02
5.872454223632812500e+02
5.625188598632812500e+02
7.169443969726562500e+02
8.764930419921875000e+02
8.511443481445312500e+02
9.854694824218750000e+02
7.007089843750000000e+02
7.933262939453125000e+02
9.070838012695312500e+02
9.262382202148437500e+02
7.455300292968750000e+02
8.697778320312500000e+02
7.375386962890625000e+02
8.019541015625000000e+02
7.522784423828125000e+02
7.653460693359375000e+02
6.868388671875000000e+02
5.949011230468750000e+02
8.079280395507812500e+02
7.568416137695312500e+02
6.923880004882812500e+02
5.536729736328125000e+02
4.360780334472656250e+02
6.888189697265625000e+02
7.036294555664062500e+02
7.201249389648437500e+02
6.409705200195312500e+02
7.599723510742187500e+02
6.485769042968750000e+02
8.835491333007812500e+02
6.200222778320312500e+02
8.575896606445312500e+02
6.514922485351562500e+02
7.400553588867187500e+02
6.459169311523437500e+02
8.743602905273437500e+02
7.406216430664062500e+02
7.466199951171875000e+02
7.681890869140625000e+02
6.148549194335937500e+02
8.151976318359375000e+02
5.842150878906250000e+02
8.344501342773437500e+02
8.768995971679687500e+02
8.648585815429687500e+02
7.551929931640625000e+02
7.178963012695312500e+02
8.032435302734375000e+02
8.830883789062500000e+02
8.727812500000000000e+02
7.810111083984375000e+02
6.514581909179687500e+02
8.156519775390625000e+02
7.385024414062500000e+02
8.332494506835937500e+02
6.490848388671875000e+02
7.851174926757812500e+02
7.968709106445312500e+02
6.038245849609375000e+02
8.344196777343750000e+02
6.906491088867187500e+02
9.720552368164062500e+02
9.394090576171875000e+02
8.769754028320312500e+02
6.984556274414062500e+02
7.845264282226562500e+02
5.945259399414062500e+02
7.323876342773437500e+02
6.675457153320312500e+02
1.008839599609375000e+03
6.714045410156250000e+02
8.569602050781250000e+02
8.705654907226562500e+02
6.661887817382812500e+02
8.528036499023437500e+02
7.680093383789062500e+02
8.412208862304687500e+02
9.187642211914062500e+02
8.951381225585937500e+02
7.374909057617187500e+02
6.075099487304687500e+02
8.019282836914062500e+02
7.913247070312500000e+02
8.563695068359375000e+02
7.165122070312500000e+02
8.379624023437500000e+02
8.039844360351562500e+02
8.421299438476562500e+02
9.258546142578125000e+02
6.963122558593750000e+02
6.670454711914062500e+02
7.964915771484375000e+02
7.839854736328125000e+02
8.009066162109375000e+02
8.346049804687500000e+02
9.137330932617187500e+02
8.804285888671875000e+02
7.278489379882812500e+02
9.198110961914062500e+02
7.719515991210937500e+02
6.988101196289062500e+02
8.440654296875000000e+02
8.162068481445312500e+02
7.404223632812500000e+02
7.090672607421875000e+02
8.033569946289062500e+02
8.406382446289062500e+02
7.339086914062500000e+02
9.085024414062500000e+02
8.215134277343750000e+02
8.173383178710937500e+02
7.686217041015625000e+02
7.829678344726562500e+02
7.951525878906250000e+02
1.029373291015625000e+03
7.601598510742187500e+02
6.308496704101562500e+02
7.295657348632812500e+02
6.367865600585937500e+02
9.258630981445312500e+02
8.271304931640625000e+02
6.902849121093750000e+02
7.243735351562500000e+02
7.702145385742187500e+02
7.035020141601562500e+02
7.080101318359375000e+02
6.986406860351562500e+02
7.278020629882812500e+02
7.227582397460937500e+02
7.131073608398437500e+02
9.802724609375000000e+02
7.903275756835937500e+02
9.666893310546875000e+02
5.657502441406250000e+02
6.081317749023437500e+02
7.721628417968750000e+02
8.298765869140625000e+02
8.286113281250000000e+02
8.615541381835937500e+02
7.189907836914062500e+02
6.169931640625000000e+02
7.709267578125000000e+02
6.394033203125000000e+02
8.088728027343750000e+02
7.113438720703125000e+02
9.829906616210937500e+02
8.095676879882812500e+02
7.569981079101562500e+02
8.142773437500000000e+02
8.810592041015625000e+02
9.234041748046875000e+02
7.761138305664062500e+02
7.643645019531250000e+02
7.415674438476562500e+02
7.379406127929687500e+02
8.967111206054687500e+02
8.002411499023437500e+02
6.380914306640625000e+02
6.662993164062500000e+02
5.939701538085937500e+02
8.241491088867187500e+02
5.581983032226562500e+02
5.519694213867187500e+02
7.624479980468750000e+02
7.554320678710937500e+02
8.208845214843750000e+02
7.194539794921875000e+02
7.720930786132812500e+02
7.003116455078125000e+02
6.655137329101562500e+02
6.741236572265625000e+02
8.382666015625000000e+02
6.490932617187500000e+02
6.461418457031250000e+02
4.623915710449218750e+02
5.114916992187500000e+02
8.453372802734375000e+02
8.337047729492187500e+02
9.079904174804687500e+02
8.391670532226562500e+02
8.618975830078125000e+02
7.400214843750000000e+02
7.180176391601562500e+02
8.486777343750000000e+02
8.994143676757812500e+02
7.306737670898437500e+02
8.732969970703125000e+02
6.981691284179687500e+02
6.920723876953125000e+02
7.825373535156250000e+02
6.381259765625000000e+02
7.251948242187500000e+02
9.340252075195312500e+02
8.876917114257812500e+02
6.594126586914062500e+02
7.823355102539062500e+02
8.878230590820312500e+02
9.190247192382812500e+02
9.078856811523437500e+02
7.371173706054687500e+02
9.441359863281250000e+02
9.277001953125000000e+02
6.767952270507812500e+02
7.433040161132812500e+02
9.140216064453125000e+02
5.944312133789062500e+02
1.009076599121093750e+03
8.760855712890625000e+02
5.943329467773437500e+02
7.298897094726562500e+02
7.111948242187500000e+02
7.427622070312500000e+02
8.260211791992187500e+02
8.043576049804687500e+02
6.743273315429687500e+02
7.659686889648437500e+02
7.778064575195312500e+02
6.354094848632812500e+02
8.941384887695312500e+02
8.530761108398437500e+02
7.130909423828125000e+02
8.496098632812500000e+02
9.331121826171875000e+02
8.315564575195312500e+02
8.328195800781250000e+02
8.049041748046875000e+02
7.823413696289062500e+02
6.936873168945312500e+02
7.063798217773437500e+02
6.261342163085937500e+02
8.171051635742187500e+02
5.561871948242187500e+02
8.295615234375000000e+02
8.571456909179687500e+02
8.181172485351562500e+02
8.203158569335937500e+02
7.108813476562500000e+02
8.470763549804687500e+02
5.246076049804687500e+02
8.182218627929687500e+02
7.175680541992187500e+02
7.196950073242187500e+02
8.482025756835937500e+02
7.730280151367187500e+02
7.890151977539062500e+02
9.280593261718750000e+02
8.326073608398437500e+02
8.846046142578125000e+02
6.901427612304687500e+02
9.448731689453125000e+02
7.460003051757812500e+02
6.961511840820312500e+02
6.880805053710937500e+02
7.880028076171875000e+02
8.185489501953125000e+02
6.607316284179687500e+02
9.020765991210937500e+02
8.456018676757812500e+02
7.799299926757812500e+02
9.742274780273437500e+02
7.165497436523437500e+02
7.228074340820312500e+02
8.018161621093750000e+02
8.006641235351562500e+02
8.071069946289062500e+02
5.916238403320312500e+02
9.659606323242187500e+02
7.947619018554687500e+02
7.757109375000000000e+02
7.694926757812500000e+02
7.247802124023437500e+02
7.514475097656250000e+02
8.327123413085937500e+02
7.933123168945312500e+02
7.716507568359375000e+02
7.085767211914062500e+02
7.046469726562500000e+02
7.543067016601562500e+02
9.232190551757812500e+02
6.825393066406250000e+02
6.715335083007812500e+02
7.256834106445312500e+02
7.981872558593750000e+02
8.480179443359375000e+02
8.518279418945312500e+02
9.279091796875000000e+02
6.818200683593750000e+02
5.945316772460937500e+02
9.012137451171875000e+02
6.959784545898437500e+02
7.786734619140625000e+02
8.545845947265625000e+02
8.431785278320312500e+02
7.173784790039062500e+02
6.298687133789062500e+02
8.599133300781250000e+02
9.151016235351562500e+02
8.052429199218750000e+02
7.850416870117187500e+02
8.033034667968750000e+02
7.229674682617187500e+02
4.746811523437500000e+02
6.727341308593750000e+02
6.469611206054687500e+02
6.012978515625000000e+02
7.881765136718750000e+02
7.791951293945312500e+02
6.792528076171875000e+02
6.646893920898437500e+02
6.840797119140625000e+02
5.217272949218750000e+02
6.700866088867187500e+02
5.179921875000000000e+02
7.290891113281250000e+02
5.760159301757812500e+02
7.540855712890625000e+02
5.109805908203125000e+02
7.856965942382812500e+02
7.119645385742187500e+02
9.784702148437500000e+02
6.013798217773437500e+02
8.479458007812500000e+02
7.515382690429687500e+02
7.441577148437500000e+02
6.740862426757812500e+02
9.815801391601562500e+02
8.220066528320312500e+02
6.962290039062500000e+02
7.466296997070312500e+02
7.903145751953125000e+02
8.058341064453125000e+02
7.310181884765625000e+02
7.565465698242187500e+02
7.968888549804687500e+02
9.046170654296875000e+02
8.243820800781250000e+02
6.037276000976562500e+02
8.382716064453125000e+02
8.167763061523437500e+02
6.967691650390625000e+02
5.857893066406250000e+02
8.425284423828125000e+02
7.877313232421875000e+02
6.028778686523437500e+02
6.982976074218750000e+02
6.519107055664062500e+02
7.798239746093750000e+02
9.013839111328125000e+02
7.477128295898437500e+02
8.369953613281250000e+02
7.202105102539062500e+02
8.072772827148437500e+02
7.842768554687500000e+02
7.312778320312500000e+02
8.840908813476562500e+02
8.988732299804687500e+02
6.162651367187500000e+02
6.466979370117187500e+02
7.470687866210937500e+02
8.719284057617187500e+02
7.712575073242187500e+02
6.672481689453125000e+02
7.210841064453125000e+02
7.866843872070312500e+02
7.658440551757812500e+02
6.672359619140625000e+02
7.487916259765625000e+02
7.377944335937500000e+02
5.608894042968750000e+02
6.876685791015625000e+02
7.993029174804687500e+02
6.760276489257812500e+02
7.780358886718750000e+02
7.204353027343750000e+02
6.843229370117187500e+02
5.875144042968750000e+02
8.673487548828125000e+02
8.001358642578125000e+02
6.093893432617187500e+02
6.957791748046875000e+02
7.285986938476562500e+02
6.950726318359375000e+02
9.126511230468750000e+02
1.108572143554687500e+03
7.888717651367187500e+02
7.238196411132812500e+02
9.302011108398437500e+02
6.323396606445312500e+02
8.120513916015625000e+02
7.898565673828125000e+02
6.446107788085937500e+02
6.478506469726562500e+02
6.765686035156250000e+02
6.391826782226562500e+02
8.334492187500000000e+02
7.011652221679687500e+02
5.508344726562500000e+02
9.221655273437500000e+02
6.996169433593750000e+02
8.113289794921875000e+02
6.831925048828125000e+02
4.996122131347656250e+02
6.993591918945312500e+02
7.916351928710937500e+02
7.665233154296875000e+02
6.428544921875000000e+02
6.897218017578125000e+02
7.874254760742187500e+02
9.020366821289062500e+02
1.050531616210937500e+03
9.980892944335937500e+02
5.068416748046875000e+02
7.987750244140625000e+02
6.800781860351562500e+02
6.896875000000000000e+02
8.973957519531250000e+02
6.745222167968750000e+02
6.561613769531250000e+02
5.901195068359375000e+02
6.556940917968750000e+02
7.749479980468750000e+02
6.617137451171875000e+02
8.445914916992187500e+02
7.417042236328125000e+02
8.245032958984375000e+02
7.774197387695312500e+02
7.843073730468750000e+02
9.328632812500000000e+02
6.705259399414062500e+02
8.126184082031250000e+02
8.921755981445312500e+02
6.973995971679687500e+02
9.520919189453125000e+02
9.086203002929687500e+02
8.205905151367187500e+02
7.408445434570312500e+02
8.891434326171875000e+02
4.724306640625000000e+02
8.613109130859375000e+02
8.672536010742187500e+02
9.106808471679687500e+02
7.663745727539062500e+02
7.767206420898437500e+02
8.121317138671875000e+02
8.588968505859375000e+02
9.229244995117187500e+02
7.074477539062500000e+02
9.079828491210937500e+02
9.984398803710937500e+02
7.718103637695312500e+02
8.273261718750000000e+02
6.873515625000000000e+02
6.679520263671875000e+02
6.292827758789062500e+02
7.668530883789062500e+02
9.046798095703125000e+02
6.664204711914062500e+02
6.336710205078125000e+02
8.827937622070312500e+02
8.383100585937500000e+02
8.141645507812500000e+02
7.898074340820312500e+02
7.892860717773437500e+02
8.192232666015625000e+02
6.337833251953125000e+02
7.420148315429687500e+02
8.248338012695312500e+02
8.171091308593750000e+02
8.083659667968750000e+02
9.078629760742187500e+02
7.282442016601562500e+02
6.659279785156250000e+02
7.710361938476562500e+02
7.481649169921875000e+02
8.059509277343750000e+02
8.159477539062500000e+02
7.987936401367187500e+02
5.497330322265625000e+02
7.382285156250000000e+02
7.624825439453125000e+02
7.289161987304687500e+02
7.967748413085937500e+02
6.118496704101562500e+02
9.505645141601562500e+02
8.382198486328125000e+02
7.344255371093750000e+02
7.485513305664062500e+02
7.732974853515625000e+02
6.496755981445312500e+02
5.978783569335937500e+02
6.397986450195312500e+02
7.204266357421875000e+02
7.222651977539062500e+02
8.413085327148437500e+02
7.030524902343750000e+02
7.965875244140625000e+02
6.370697021484375000e+02
8.461596069335937500e+02
8.261085815429687500e+02
7.921754760742187500e+02
6.577001342773437500e+02
7.656260986328125000e+02
8.949449462890625000e+02
1.004902587890625000e+03
8.279545288085937500e+02
5.716583862304687500e+02
7.067046508789062500e+02
7.210578613281250000e+02
7.383244628906250000e+02
6.500573730468750000e+02
7.992166748046875000e+02
9.396889648437500000e+02
8.233117675781250000e+02
1.007264526367187500e+03
1.019367858886718750e+03
9.991768188476562500e+02
8.016820068359375000e+02
5.780494384765625000e+02
8.759801635742187500e+02
6.678765258789062500e+02
7.066506958007812500e+02
8.028638916015625000e+02
5.250910034179687500e+02
8.252706298828125000e+02
7.532821655273437500e+02
8.281907958984375000e+02
7.704177246093750000e+02
8.963803100585937500e+02
8.412071533203125000e+02
8.469822387695312500e+02
8.217727661132812500e+02
9.408037719726562500e+02
8.248021240234375000e+02
7.008953247070312500e+02
8.035655517578125000e+02
8.015076293945312500e+02
7.931419067382812500e+02
7.339014282226562500e+02
9.784771728515625000e+02
8.703714599609375000e+02
6.720535888671875000e+02
6.802789916992187500e+02
7.433605346679687500e+02
6.751571655273437500e+02
6.696135253906250000e+02
8.415283203125000000e+02
7.037349243164062500e+02
7.832899169921875000e+02
8.636969604492187500e+02
9.220967407226562500e+02
7.262163696289062500e+02
8.365012207031250000e+02
7.519459838867187500e+02
8.043459472656250000e+02
7.719381713867187500e+02
6.140749511718750000e+02
8.015894165039062500e+02
8.071666259765625000e+02
8.972662353515625000e+02
6.645867309570312500e+02
7.808324584960937500e+02
7.057720947265625000e+02
8.336754760742187500e+02
8.713145141601562500e+02
9.048188476562500000e+02
9.082758178710937500e+02
6.760877075195312500e+02
6.260088500976562500e+02
7.364118041992187500e+02
7.185343627929687500e+02
8.843431396484375000e+02
8.887041625976562500e+02
7.447079467773437500e+02
6.666906127929687500e+02
8.338576660156250000e+02
9.343246459960937500e+02
7.717312622070312500e+02
9.169738159179687500e+02
7.712211303710937500e+02
7.721354370117187500e+02
6.535761108398437500e+02
7.240701904296875000e+02
7.510624389648437500e+02
7.343939208984375000e+02
7.552270507812500000e+02
7.383159179687500000e+02
6.259180908203125000e+02
6.236569213867187500e+02
9.384940185546875000e+02
9.475707397460937500e+02
9.423522338867187500e+02
9.646873168945312500e+02
7.425311279296875000e+02
7.048784790039062500e+02
6.945700073242187500e+02
5.356646118164062500e+02
7.044031372070312500e+02
8.537837524414062500e+02
9.880474243164062500e+02
7.601483154296875000e+02
8.687067871093750000e+02
7.678775024414062500e+02
7.829490966796875000e+02
8.162464599609375000e+02
9.175742187500000000e+02
6.197713012695312500e+02
7.267700195312500000e+02
8.475637817382812500e+02
6.229163818359375000e+02
8.106354980468750000e+02
8.332274780273437500e+02
8.592983398437500000e+02
8.865769653320312500e+02
9.258779296875000000e+02
9.081724853515625000e+02
6.854743652343750000e+02
6.807163085937500000e+02
6.870212402343750000e+02
6.842268066406250000e+02
7.384122314453125000e+02
8.212779541015625000e+02
9.704347534179687500e+02
7.096738891601562500e+02
5.905592041015625000e+02
6.520824584960937500e+02
6.777557373046875000e+02
7.654458007812500000e+02
8.073723144531250000e+02
8.184677124023437500e+02
7.122884521484375000e+02
8.659674682617187500e+02
8.790591430664062500e+02
5.869899902343750000e+02
5.200103149414062500e+02
6.308673706054687500e+02
7.320716552734375000e+02
8.202729492187500000e+02
5.546261596679687500e+02
6.392744140625000000e+02
9.018333129882812500e+02
6.082535400390625000e+02
4.880547485351562500e+02
7.624316406250000000e+02
7.467731323242187500e+02
7.297789306640625000e+02
8.209170532226562500e+02
7.542310180664062500e+02
7.884523315429687500e+02
7.995851440429687500e+02
6.560482788085937500e+02
5.829847412109375000e+02
7.132910156250000000e+02
8.662320556640625000e+02
9.800134277343750000e+02
6.139321289062500000e+02
7.377003784179687500e+02
7.868372802734375000e+02
8.319429321289062500e+02
7.846821289062500000e+02
8.909387817382812500e+02
6.025023803710937500e+02
6.338273925781250000e+02
5.239973144531250000e+02
6.220875854492187500e+02
7.364218139648437500e+02
6.062766113281250000e+02
9.706021728515625000e+02
8.159501953125000000e+02
7.288156127929687500e+02
5.605671997070312500e+02
8.472177734375000000e+02
7.329237060546875000e+02
8.756682128906250000e+02
8.575228271484375000e+02
7.830258789062500000e+02
7.184000854492187500e+02
9.401480102539062500e+02
7.615504150390625000e+02
7.901856079101562500e+02
7.960453491210937500e+02
8.311608886718750000e+02
6.290408325195312500e+02
6.347445678710937500e+02
6.795731201171875000e+02
8.113685913085937500e+02
6.548044433593750000e+02
7.951669921875000000e+02
8.150093994140625000e+02
7.151428222656250000e+02
7.273053588867187500e+02
7.039445190429687500e+02
7.237764892578125000e+02
5.699194946289062500e+02
5.560865478515625000e+02
8.314630126953125000e+02
9.870468750000000000e+02
7.891657104492187500e+02
8.946829833984375000e+02
6.854814453125000000e+02
8.862236938476562500e+02
1.011881652832031250e+03
9.363966064453125000e+02
6.728829345703125000e+02
8.911591796875000000e+02
7.373910522460937500e+02
7.663168334960937500e+02
8.812858276367187500e+02
8.656791992187500000e+02
7.311723022460937500e+02
8.046947021484375000e+02
8.559561157226562500e+02
8.506932373046875000e+02
5.927283935546875000e+02
8.660328979492187500e+02
7.038863525390625000e+02
5.842256469726562500e+02
7.327304077148437500e+02
7.479450073242187500e+02
6.157051391601562500e+02
8.699827270507812500e+02
8.023870849609375000e+02
8.240321044921875000e+02
1.009407287597656250e+03
6.621225585937500000e+02
8.894841918945312500e+02
5.195369873046875000e+02
8.607998657226562500e+02
7.965656127929687500e+02
6.804697875976562500e+02
7.613192749023437500e+02
7.795821533203125000e+02
8.276127319335937500e+02
6.228036499023437500e+02
6.440072631835937500e+02
8.153060302734375000e+02
6.562782592773437500e+02
6.089317016601562500e+02
6.194237060546875000e+02
6.029852294921875000e+02
5.889374389648437500e+02
6.431979370117187500e+02
8.189805297851562500e+02
6.405641479492187500e+02
8.924169311523437500e+02
7.122525634765625000e+02
7.194255981445312500e+02
8.134279174804687500e+02
8.869163818359375000e+02
6.795712890625000000e+02
6.591680297851562500e+02
5.809144897460937500e+02
4.231375122070312500e+02
8.288315429687500000e+02
7.504159545898437500e+02
7.049558715820312500e+02
9.019249267578125000e+02
7.150707397460937500e+02
9.284735717773437500e+02
8.767330932617187500e+02
6.724705200195312500e+02
7.924467163085937500e+02
8.150340576171875000e+02
7.780574951171875000e+02
7.624757080078125000e+02
8.591010131835937500e+02
6.543352050781250000e+02
6.468531494140625000e+02
6.435250244140625000e+02
7.375001220703125000e+02
7.999570922851562500e+02
9.074134521484375000e+02
7.430464477539062500e+02
7.284407958984375000e+02
6.899037475585937500e+02
6.949357910156250000e+02
8.266140747070312500e+02
9.099442749023437500e+02
6.585806884765625000e+02
9.308163452148437500e+02
7.707721557617187500e+02
8.388255615234375000e+02
6.339478759765625000e+02
8.137929077148437500e+02
5.489520874023437500e+02
7.757686767578125000e+02
8.829991455078125000e+02
7.070134887695312500e+02
7.694883422851562500e+02
6.401553344726562500e+02
6.673263549804687500e+02
7.555484619140625000e+02
8.391115112304687500e+02
7.698305053710937500e+02
6.692362060546875000e+02
7.526185302734375000e+02
7.964600830078125000e+02
7.600983276367187500e+02
7.797594604492187500e+02
6.950183105468750000e+02
7.197590942382812500e+02
8.415046386718750000e+02
6.488278808593750000e+02
7.588663940429687500e+02
9.641829223632812500e+02
7.804494628906250000e+02
8.372428588867187500e+02
6.962690429687500000e+02
6.921231079101562500e+02
8.018817138671875000e+02
8.199825439453125000e+02
6.563006591796875000e+02
7.234739379882812500e+02
6.535374755859375000e+02
7.491895141601562500e+02
7.018240356445312500e+02
8.243956909179687500e+02
7.605883789062500000e+02
8.207257080078125000e+02
7.049387207031250000e+02
5.508145751953125000e+02
8.277147216796875000e+02
8.005808715820312500e+02
7.132868652343750000e+02
8.491040649414062500e+02
8.934257812500000000e+02
8.738382568359375000e+02
5.480641479492187500e+02
1.023681579589843750e+03
7.915875854492187500e+02
8.072526245117187500e+02
8.642549438476562500e+02
8.202222290039062500e+02
7.674647216796875000e+02
7.713512573242187500e+02
1.029373535156250000e+03
6.766271972656250000e+02
6.911465454101562500e+02
8.880862426757812500e+02
8.167322998046875000e+02
8.344675903320312500e+02
8.348429565429687500e+02
8.141561889648437500e+02
8.712174072265625000e+02
9.783333740234375000e+02
7.750507812500000000e+02
8.592914428710937500e+02
8.431235961914062500e+02
8.594219970703125000e+02
6.402630615234375000e+02
9.957274780273437500e+02
5.881217651367187500e+02
7.945632934570312500e+02
6.761614379882812500e+02
7.312352294921875000e+02
7.772308959960937500e+02
1.015908325195312500e+03
7.854771118164062500e+02
5.481002197265625000e+02
8.961538696289062500e+02
6.856779174804687500e+02
6.059014892578125000e+02
9.487855224609375000e+02
9.288652343750000000e+02
5.435940551757812500e+02
7.841871337890625000e+02
8.941778564453125000e+02
8.182702636718750000e+02
8.335175170898437500e+02
9.603096313476562500e+02
8.252692871093750000e+02
8.914434204101562500e+02
6.881307983398437500e+02
9.122902221679687500e+02
6.239667358398437500e+02
7.404185180664062500e+02
6.549169311523437500e+02
7.834212036132812500e+02
8.114123535156250000e+02
8.508152465820312500e+02
7.476713867187500000e+02
7.746728515625000000e+02
8.967540283203125000e+02
6.399266357421875000e+02
6.620230102539062500e+02
8.016219482421875000e+02
9.568851318359375000e+02
7.913143920898437500e+02
9.977181396484375000e+02
5.928374023437500000e+02
7.024731445312500000e+02
6.351199951171875000e+02
8.423538208007812500e+02
7.973384399414062500e+02
8.120249633789062500e+02
6.599573364257812500e+02
6.080924682617187500e+02
6.654550781250000000e+02
6.379249267578125000e+02
7.005690307617187500e+02
6.446867065429687500e+02
7.322152709960937500e+02
8.014157104492187500e+02
8.921937255859375000e+02
7.531752319335937500e+02
8.331497192382812500e+02
8.549101562500000000e+02
9.200294799804687500e+02
7.898185424804687500e+02
9.991599731445312500e+02
6.303884887695312500e+02
6.756991577148437500e+02
6.889649658203125000e+02
8.341432495117187500e+02
7.484407958984375000e+02
7.088646240234375000e+02
7.821052246093750000e+02
6.779467773437500000e+02
6.872175292968750000e+02
9.297154541015625000e+02
7.424694213867187500e+02
1.010173034667968750e+03
9.249367065429687500e+02
7.655193481445312500e+02
9.055423583984375000e+02
5.609741821289062500e+02
5.263671875000000000e+02
9.053211669921875000e+02
9.415947265625000000e+02
7.235549316406250000e+02
8.868910522460937500e+02
7.915346679687500000e+02
8.974478759765625000e+02
9.282832641601562500e+02
6.354722290039062500e+02
6.082965087890625000e+02
8.012980346679687500e+02
8.527730712890625000e+02
8.529539184570312500e+02
7.267062988281250000e+02
6.442092285156250000e+02
6.765292968750000000e+02
8.223278198242187500e+02
7.446265258789062500e+02
7.247957153320312500e+02
6.677108154296875000e+02
7.366928710937500000e+02
6.675124511718750000e+02
6.550383300781250000e+02
8.299134521484375000e+02
8.879521484375000000e+02
6.658631591796875000e+02
6.346349487304687500e+02
8.205767822265625000e+02
8.392807006835937500e+02
8.986880493164062500e+02
7.068189697265625000e+02
8.518405151367187500e+02
6.952270507812500000e+02
6.881185913085937500e+02
6.885303344726562500e+02
7.944199829101562500e+02
6.842797851562500000e+02
6.495859985351562500e+02
6.886583251953125000e+02
7.627377319335937500e+02
8.211837158203125000e+02
7.421198730468750000e+02
7.839441528320312500e+02
1.001601867675781250e+03
7.704450683593750000e+02
7.931700439453125000e+02
7.753144531250000000e+02
6.641782836914062500e+02
8.221637573242187500e+02
8.865476074218750000e+02
8.706506347656250000e+02
9.485411987304687500e+02
5.677542724609375000e+02
7.107748413085937500e+02
6.667992553710937500e+02
9.444869384765625000e+02
9.171865844726562500e+02
3.833895263671875000e+02
7.905170898437500000e+02
5.034733581542968750e+02
8.473814086914062500e+02
7.662513427734375000e+02
7.360845336914062500e+02
6.285510864257812500e+02
8.949866333007812500e+02
1.010272094726562500e+03
8.198385620117187500e+02
7.053479614257812500e+02
6.196716308593750000e+02
6.402005615234375000e+02
7.542367553710937500e+02
8.753303833007812500e+02
9.257969360351562500e+02
6.542935180664062500e+02
7.794499511718750000e+02
7.314932250976562500e+02
8.033627319335937500e+02
6.390725708007812500e+02
9.063758544921875000e+02
7.162467651367187500e+02
9.447468872070312500e+02
6.130550537109375000e+02
7.189197387695312500e+02
8.471232299804687500e+02
8.003345947265625000e+02
8.641454467773437500e+02
7.595642089843750000e+02
6.787865600585937500e+02
9.523568725585937500e+02
8.046777954101562500e+02
5.108633117675781250e+02
8.541925048828125000e+02
8.585993041992187500e+02
8.737077026367187500e+02
8.510830078125000000e+02
7.451155395507812500e+02
6.290615234375000000e+02
8.296635742187500000e+02
8.844686889648437500e+02
6.675493164062500000e+02
8.909866943359375000e+02
7.050354003906250000e+02
8.398653564453125000e+02
7.094871215820312500e+02
7.748739013671875000e+02
6.706135253906250000e+02
8.826820068359375000e+02
4.604571533203125000e+02
9.216321411132812500e+02
7.676468505859375000e+02
7.166781005859375000e+02
7.865114135742187500e+02
7.410656738281250000e+02
6.705599975585937500e+02
8.765656738281250000e+02
6.441886596679687500e+02
7.481489868164062500e+02
4.838622436523437500e+02
8.514738159179687500e+02
8.149630126953125000e+02
7.464416503906250000e+02
8.783883056640625000e+02
6.281190185546875000e+02
7.680082397460937500e+02
6.808244018554687500e+02
5.749593505859375000e+02
6.429880371093750000e+02
7.345532836914062500e+02
7.052207641601562500e+02
1.049772827148437500e+03
6.798435668945312500e+02
9.533806152343750000e+02
7.903779907226562500e+02
6.373784179687500000e+02
6.046328735351562500e+02
6.807033081054687500e+02
7.902503662109375000e+02
7.172489624023437500e+02
8.462775268554687500e+02
5.805296020507812500e+02
5.740214843750000000e+02
6.609665527343750000e+02
6.405577392578125000e+02
6.165234985351562500e+02
6.454127197265625000e+02
5.629705200195312500e+02
7.492770385742187500e+02
9.325629272460937500e+02
6.811488647460937500e+02
7.884316406250000000e+02
6.657418212890625000e+02
7.754987792968750000e+02
8.004536743164062500e+02
7.336807250976562500e+02
6.140941162109375000e+02
8.173326416015625000e+02
8.306340332031250000e+02
5.972958374023437500e+02
7.383424682617187500e+02
8.766254272460937500e+02
7.110635375976562500e+02
9.050535278320312500e+02
6.072504272460937500e+02
7.582168579101562500e+02
5.975292358398437500e+02
7.683436889648437500e+02
8.322393188476562500e+02
8.185621948242187500e+02
9.186133422851562500e+02
7.071405029296875000e+02
7.923878173828125000e+02
8.466122436523437500e+02
9.468472290039062500e+02
8.782685546875000000e+02
7.574638061523437500e+02
6.861727905273437500e+02
7.442321166992187500e+02
8.976172485351562500e+02
5.573755493164062500e+02
7.587791748046875000e+02
8.314984130859375000e+02
8.570156860351562500e+02
6.347129516601562500e+02
6.632742309570312500e+02
5.692944946289062500e+02
8.751080932617187500e+02
6.593848266601562500e+02
8.105809936523437500e+02
6.343180541992187500e+02
7.761651611328125000e+02
7.524376831054687500e+02
7.061339111328125000e+02
7.011485595703125000e+02
7.414682006835937500e+02
8.443676147460937500e+02
9.172318115234375000e+02
6.823015136718750000e+02
7.914785156250000000e+02
7.596136474609375000e+02
8.520275878906250000e+02
5.046725463867187500e+02
9.585619506835937500e+02
9.905836181640625000e+02
7.535975341796875000e+02
5.896947631835937500e+02
7.877377319335937500e+02
9.128975219726562500e+02
8.305610961914062500e+02
6.724785156250000000e+02
5.289916992187500000e+02
6.541859741210937500e+02
6.879898071289062500e+02
6.805998535156250000e+02
7.430279541015625000e+02
6.851132812500000000e+02
7.443264770507812500e+02
7.745811157226562500e+02
1.126807128906250000e+03
7.156326904296875000e+02
8.327963867187500000e+02
9.646856079101562500e+02
7.621586303710937500e+02
7.993261718750000000e+02
8.048271484375000000e+02
7.111221923828125000e+02
9.325026245117187500e+02
7.629836425781250000e+02
9.531204223632812500e+02
6.363857421875000000e+02
9.901051025390625000e+02
9.367897338867187500e+02
7.465177612304687500e+02
7.175192871093750000e+02
6.897916870117187500e+02
8.718515625000000000e+02
9.629000854492187500e+02
6.726063842773437500e+02
6.276239013671875000e+02
6.748016357421875000e+02
7.163781738281250000e+02
8.718042602539062500e+02
7.433221435546875000e+02
8.814758300781250000e+02
7.911108398437500000e+02
7.168441772460937500e+02
6.976361083984375000e+02
6.994991455078125000e+02
7.838784790039062500e+02
8.841791992187500000e+02
7.238228149414062500e+02
7.368119506835937500e+02
6.863687133789062500e+02
8.498344726562500000e+02
6.487657470703125000e+02
7.804537353515625000e+02
6.808980102539062500e+02
7.581481933593750000e+02
8.666231079101562500e+02
7.949854736328125000e+02
8.235703125000000000e+02
7.974971313476562500e+02
7.804202270507812500e+02
5.361238403320312500e+02
6.727402954101562500e+02
9.065916748046875000e+02
7.748352050781250000e+02
8.739738159179687500e+02
7.242079467773437500e+02
6.342185668945312500e+02
9.370615844726562500e+02
7.960606689453125000e+02
7.817295532226562500e+02
7.746558837890625000e+02
6.325269775390625000e+02
8.809264526367187500e+02
8.011216430664062500e+02
7.927223510742187500e+02
7.689152832031250000e+02
7.834718017578125000e+02
9.730340576171875000e+02
7.827263183593750000e+02
6.572134399414062500e+02
7.284169311523437500e+02
8.547881469726562500e+02
7.379759521484375000e+02
6.636704101562500000e+02
7.950775756835937500e+02
6.418147583007812500e+02
8.054923706054687500e+02
6.815350952148437500e+02
9.196734619140625000e+02
8.498617553710937500e+02
7.365944213867187500e+02
6.467043457031250000e+02
8.488209228515625000e+02
7.180247802734375000e+02
8.649390258789062500e+02
7.371181030273437500e+02
8.762971801757812500e+02
8.829245605468750000e+02
7.645047607421875000e+02
7.283082885742187500e+02
7.739779052734375000e+02
7.178485717773437500e+02
6.350384521484375000e+02
6.842155151367187500e+02
1.083998046875000000e+03
7.741124877929687500e+02
6.767694702148437500e+02
8.280247192382812500e+02
9.570557250976562500e+02
7.009786376953125000e+02
6.163153686523437500e+02
8.025848388671875000e+02
8.527096557617187500e+02
8.242130126953125000e+02
7.131079101562500000e+02
8.788992309570312500e+02
8.210707397460937500e+02
6.645021362304687500e+02
7.421365966796875000e+02
8.437639160156250000e+02
6.435576171875000000e+02
8.680896606445312500e+02
7.106291503906250000e+02
7.946431274414062500e+02
5.403726806640625000e+02
7.689667358398437500e+02
7.449794311523437500e+02
8.760241699218750000e+02
8.782383422851562500e+02
7.925304565429687500e+02
7.071981201171875000e+02
8.687514648437500000e+02
8.964736938476562500e+02
8.546925048828125000e+02
8.407645874023437500e+02
7.561266479492187500e+02
7.888897094726562500e+02
8.417327270507812500e+02
9.758560791015625000e+02
7.326160278320312500e+02
8.735640869140625000e+02
9.106265258789062500e+02
5.879069213867187500e+02
8.413241577148437500e+02
6.242452392578125000e+02
8.661760253906250000e+02
7.775698242187500000e+02
6.938031005859375000e+02
7.270629272460937500e+02
1.015877807617187500e+03
9.209132080078125000e+02
9.288682861328125000e+02
6.700912475585937500e+02
7.548453369140625000e+02
7.619976806640625000e+02
8.118261718750000000e+02
8.098450317382812500e+02
7.398004760742187500e+02
8.381229858398437500e+02
7.204653930664062500e+02
8.054848632812500000e+02
7.843366699218750000e+02
8.109599609375000000e+02
7.035787353515625000e+02
8.257055053710937500e+02
8.658484497070312500e+02
8.234686889648437500e+02
8.400933227539062500e+02
6.826997070312500000e+02
5.208119506835937500e+02
7.928619384765625000e+02
6.782028198242187500e+02
7.993640136718750000e+02
8.108552856445312500e+02
7.904436035156250000e+02
8.538060913085937500e+02
6.640385742187500000e+02
8.759772338867187500e+02
6.643829345703125000e+02
7.922600708007812500e+02
8.106637573242187500e+02
4.762407836914062500e+02
7.591428222656250000e+02
8.945432739257812500e+02
9.033579101562500000e+02
6.828800659179687500e+02
7.203421630859375000e+02
5.421972656250000000e+02
9.981771240234375000e+02
8.056519775390625000e+02
5.594538574218750000e+02
7.855867919921875000e+02
9.996533813476562500e+02
8.163206787109375000e+02
6.113256835937500000e+02
8.059136962890625000e+02
7.334044189453125000e+02
8.392222290039062500e+02
7.319645996093750000e+02
6.591694946289062500e+02
9.172702636718750000e+02
6.938037719726562500e+02
6.451797485351562500e+02
6.634523315429687500e+02
8.028257446289062500e+02
8.224749755859375000e+02
8.011794433593750000e+02
6.337238769531250000e+02
8.820681152343750000e+02
8.382938232421875000e+02
8.207498168945312500e+02
7.847980346679687500e+02
6.649951782226562500e+02
7.113616333007812500e+02
5.759859619140625000e+02
8.140911254882812500e+02
6.581050415039062500e+02
7.174887084960937500e+02
7.199035644531250000e+02
9.670090942382812500e+02
7.604638061523437500e+02
7.077226562500000000e+02
5.271087036132812500e+02
1.082140380859375000e+03
6.730928344726562500e+02
7.598615112304687500e+02
5.861478271484375000e+02
9.187698974609375000e+02
7.989660034179687500e+02
8.150032348632812500e+02
8.143381347656250000e+02
7.625682373046875000e+02
6.460997924804687500e+02
8.764960327148437500e+02
6.253056030273437500e+02
8.876455078125000000e+02
5.246422119140625000e+02
6.823091430664062500e+02
7.237461547851562500e+02
9.694234619140625000e+02
8.183225097656250000e+02
8.850928344726562500e+02
4.861465759277343750e+02
8.453828125000000000e+02
5.618331909179687500e+02
7.256074829101562500e+02
8.854778442382812500e+02
7.496433715820312500e+02
8.054272460937500000e+02
7.975690917968750000e+02
3.809313659667968750e+02
7.581465454101562500e+02
6.868452758789062500e+02
8.643965454101562500e+02
7.002347412109375000e+02
7.890874023437500000e+02
8.222457275390625000e+02
8.019138183593750000e+02
7.337066040039062500e+02
7.737941284179687500e+02
8.345835571289062500e+02
7.201349487304687500e+02
6.285886230468750000e+02
9.313924560546875000e+02
6.860101928710937500e+02
8.145670166015625000e+02
8.303223266601562500e+02
8.071457519531250000e+02
7.289313964843750000e+02
7.948227539062500000e+02
9.668646850585937500e+02
6.974620361328125000e+02
7.840031127929687500e+02
9.529033813476562500e+02
8.381762695312500000e+02
1.091963867187500000e+03
8.149483032226562500e+02
8.124042358398437500e+02
6.786195678710937500e+02
6.780534057617187500e+02
7.616070556640625000e+02
8.702215576171875000e+02
8.139240112304687500e+02
7.950990600585937500e+02
8.866426391601562500e+02
9.116194458007812500e+02
8.661560668945312500e+02
7.103437500000000000e+02
9.963305664062500000e+02
7.873086547851562500e+02
6.381837768554687500e+02
9.983228759765625000e+02
7.942562866210937500e+02
7.698493041992187500e+02
8.631226806640625000e+02
1.032006347656250000e+03
8.371820068359375000e+02
7.044060058593750000e+02
8.951654052734375000e+02
6.932933349609375000e+02
7.552921752929687500e+02
8.714568481445312500e+02
6.692691040039062500e+02
9.139543457031250000e+02
7.397010498046875000e+02
6.897758789062500000e+02
7.451719970703125000e+02
4.983717956542968750e+02
8.673500366210937500e+02
6.560363159179687500e+02
7.894244384765625000e+02
9.240369262695312500e+02
9.054191284179687500e+02
7.119331054687500000e+02
6.811064453125000000e+02
4.852015686035156250e+02
8.490371093750000000e+02
9.434202880859375000e+02
9.611471557617187500e+02
7.157261962890625000e+02
7.721471557617187500e+02
6.578682250976562500e+02
9.696174316406250000e+02
6.333778686523437500e+02
6.729970092773437500e+02
6.857150878906250000e+02
8.512499389648437500e+02
7.562886962890625000e+02
6.418038330078125000e+02
7.355487060546875000e+02
8.526535034179687500e+02
7.297557983398437500e+02
7.241325683593750000e+02
7.010296020507812500e+02
7.280156250000000000e+02
7.474669799804687500e+02
8.272337036132812500e+02
7.090139160156250000e+02
8.628954467773437500e+02
8.409630737304687500e+02
6.970490722656250000e+02
4.710434875488281250e+02
7.891378784179687500e+02
7.472419433593750000e+02
5.875694580078125000e+02
7.414042968750000000e+02
8.347626342773437500e+02
8.476737060546875000e+02
8.260897827148437500e+02
6.382672119140625000e+02
9.095323486328125000e+02
7.969334106445312500e+02
5.875444335937500000e+02
6.076583862304687500e+02
8.080751953125000000e+02
9.927996215820312500e+02
7.065369262695312500e+02
7.889729614257812500e+02
8.577716674804687500e+02
8.148933715820312500e+02
7.751689453125000000e+02
5.129215087890625000e+02
8.068932495117187500e+02
7.102816772460937500e+02
6.445726928710937500e+02
7.991677856445312500e+02
7.143079833984375000e+02
6.328670654296875000e+02
6.711241455078125000e+02
6.550427246093750000e+02
8.599791870117187500e+02
7.914331054687500000e+02
6.688107299804687500e+02
6.577963867187500000e+02
8.706936035156250000e+02
6.731553955078125000e+02
7.068158569335937500e+02
8.437359008789062500e+02
7.706804199218750000e+02
7.494168701171875000e+02
7.594017944335937500e+02
5.585128173828125000e+02
9.409441528320312500e+02
6.063186645507812500e+02
9.539080200195312500e+02
8.709917602539062500e+02
6.084143676757812500e+02
9.436035156250000000e+02
8.375853881835937500e+02
9.097101440429687500e+02
9.396167602539062500e+02
6.516796264648437500e+02
7.152440795898437500e+02
8.107910766601562500e+02
8.176724853515625000e+02
7.863128662109375000e+02
5.809828491210937500e+02
8.765801391601562500e+02
1.166440917968750000e+03
7.310814208984375000e+02
8.327943725585937500e+02
6.670208129882812500e+02
7.310551757812500000e+02
8.459789428710937500e+02
7.100021362304687500e+02
7.190623168945312500e+02
7.567196655273437500e+02
8.392795410156250000e+02
7.799357299804687500e+02
7.390475463867187500e+02
8.468962402343750000e+02
6.720081176757812500e+02
8.036088256835937500e+02
9.557302856445312500e+02
8.078177490234375000e+02
6.662462158203125000e+02
9.156874389648437500e+02
6.366005859375000000e+02
7.441429443359375000e+02
5.833233642578125000e+02
7.588070678710937500e+02
7.531837768554687500e+02
7.624246826171875000e+02
8.829778442382812500e+02
8.992404785156250000e+02
6.484190673828125000e+02
8.114563598632812500e+02
6.598375244140625000e+02
8.752413330078125000e+02
7.704559326171875000e+02
8.913115234375000000e+02
7.855181884765625000e+02
6.702375488281250000e+02
9.015438232421875000e+02
8.984650878906250000e+02
7.599897460937500000e+02
7.026201171875000000e+02
8.280587768554687500e+02
7.875148315429687500e+02
9.615064086914062500e+02
6.639755249023437500e+02
8.625997924804687500e+02
8.392249755859375000e+02
8.185529785156250000e+02
7.455175781250000000e+02
8.287512207031250000e+02
7.892084960937500000e+02
7.572772827148437500e+02
8.099901733398437500e+02
8.209882202148437500e+02
6.085100708007812500e+02
9.539339599609375000e+02
8.510565185546875000e+02
7.760689697265625000e+02
8.018143310546875000e+02
7.156268920898437500e+02
8.501068115234375000e+02
6.550831298828125000e+02
8.407812500000000000e+02
7.580404663085937500e+02
7.364003295898437500e+02
7.641228027343750000e+02
7.635261840820312500e+02
7.799747314453125000e+02
7.315159912109375000e+02
8.189989013671875000e+02
6.987804565429687500e+02
7.311865234375000000e+02
7.980029296875000000e+02
6.854449462890625000e+02
8.893435058593750000e+02
7.847931518554687500e+02
8.959531250000000000e+02
8.265431518554687500e+02
4.267546081542968750e+02
8.786958618164062500e+02
9.432362060546875000e+02
6.985060424804687500e+02
7.581987915039062500e+02
8.082272949218750000e+02
8.796996459960937500e+02
8.082540893554687500e+02
4.627203063964843750e+02
8.109238281250000000e+02
8.332360229492187500e+02
9.143889160156250000e+02
6.163442993164062500e+02
6.170994873046875000e+02
6.961253662109375000e+02
8.446197509765625000e+02
6.960454101562500000e+02
5.379717407226562500e+02
9.381769409179687500e+02
5.959539184570312500e+02
6.881876831054687500e+02
8.452862548828125000e+02
7.202328491210937500e+02
9.196198120117187500e+02
6.073754272460937500e+02
8.101231689453125000e+02
6.836773071289062500e+02
5.358892211914062500e+02
7.369787597656250000e+02
7.613322753906250000e+02
9.098801269531250000e+02
6.916752319335937500e+02
9.387678833007812500e+02
8.718892822265625000e+02
1.067116699218750000e+03
9.471877441406250000e+02
7.554529418945312500e+02
9.554207763671875000e+02
7.380219116210937500e+02
9.788440551757812500e+02
6.893744506835937500e+02
7.229524536132812500e+02
7.614895629882812500e+02
7.373678588867187500e+02
6.944223022460937500e+02
4.779158020019531250e+02
8.010048828125000000e+02
8.568920288085937500e+02
7.504778442382812500e+02
7.479239501953125000e+02
7.218941040039062500e+02
8.159672851562500000e+02
8.764644775390625000e+02
6.979848632812500000e+02
8.318124389648437500e+02
8.568034057617187500e+02
6.714680175781250000e+02
7.067947387695312500e+02
7.423856201171875000e+02
5.700609741210937500e+02
7.142002563476562500e+02
6.293547363281250000e+02
8.282818603515625000e+02
8.234171752929687500e+02
7.108247070312500000e+02
9.335744628906250000e+02
6.538023071289062500e+02
8.602829589843750000e+02
7.542857666015625000e+02
8.629309082031250000e+02
7.446881713867187500e+02
6.906751708984375000e+02
9.382521362304687500e+02
9.036627197265625000e+02
6.443048095703125000e+02
9.150359497070312500e+02
6.072886962890625000e+02
6.210468139648437500e+02
7.520834350585937500e+02
8.663267211914062500e+02
1.161562133789062500e+03
8.020424194335937500e+02
7.991453857421875000e+02
7.781602172851562500e+02
7.513966064453125000e+02
7.220661621093750000e+02
7.535050659179687500e+02
8.629752807617187500e+02
6.600856933593750000e+02
6.370496826171875000e+02
7.904417724609375000e+02
8.612749023437500000e+02
9.121925659179687500e+02
8.155521240234375000e+02
6.800339965820312500e+02
8.083375854492187500e+02
7.178404541015625000e+02
7.670560913085937500e+02
9.790121459960937500e+02
9.742475585937500000e+02
5.610396118164062500e+02
9.424523315429687500e+02
6.686658935546875000e+02
8.347072753906250000e+02
7.070650024414062500e+02
7.505530395507812500e+02
8.364426269531250000e+02
8.152824707031250000e+02
7.895047607421875000e+02
8.026599121093750000e+02
8.015968627929687500e+02
6.964788208007812500e+02
8.918739624023437500e+02
9.542322998046875000e+02
7.955371704101562500e+02
1.043655761718750000e+03
6.171600952148437500e+02
7.299644165039062500e+02
5.998643798828125000e+02
5.246669311523437500e+02
6.469212646484375000e+02
5.409607543945312500e+02
8.889938964843750000e+02
8.636651000976562500e+02
8.090422363281250000e+02
9.232058715820312500e+02
5.239377441406250000e+02
8.125191040039062500e+02
9.654875488281250000e+02
6.795800781250000000e+02
7.710164184570312500e+02
7.029268188476562500e+02
9.214871215820312500e+02
9.151215209960937500e+02
7.210768432617187500e+02
1.078703979492187500e+03
9.290859375000000000e+02
7.374134521484375000e+02
6.732860107421875000e+02
6.935317993164062500e+02
5.381515502929687500e+02
8.009946899414062500e+02
8.352673339843750000e+02
9.077387695312500000e+02
7.512843627929687500e+02
6.702472534179687500e+02
7.211166992187500000e+02
7.895377807617187500e+02
8.157229003906250000e+02
8.832875976562500000e+02
7.606383666992187500e+02
5.885773315429687500e+02
5.996578369140625000e+02
8.718352661132812500e+02
7.368275146484375000e+02
7.776546630859375000e+02
7.081220703125000000e+02
8.896433105468750000e+02
6.814964599609375000e+02
6.367979125976562500e+02
7.905912475585937500e+02
5.821572265625000000e+02
9.787967529296875000e+02
7.523496093750000000e+02
8.473609619140625000e+02
7.730337524414062500e+02
5.660347900390625000e+02
8.452084960937500000e+02
7.971418457031250000e+02
7.823002319335937500e+02
9.882397460937500000e+02
8.250754394531250000e+02
7.833237915039062500e+02
6.340209350585937500e+02
8.340127563476562500e+02
6.204229736328125000e+02
6.019122924804687500e+02
8.378176879882812500e+02
8.262437744140625000e+02
7.448137207031250000e+02
7.195376586914062500e+02
8.243383178710937500e+02
5.324674072265625000e+02
9.927310791015625000e+02
7.282723388671875000e+02
9.664537963867187500e+02
7.624277954101562500e+02
7.844991455078125000e+02
6.580990600585937500e+02
7.537144165039062500e+02
6.922541503906250000e+02
4.432707824707031250e+02
5.249432983398437500e+02
7.259280395507812500e+02
1.011790222167968750e+03
7.025878295898437500e+02
7.698982543945312500e+02
7.786826171875000000e+02
7.602055053710937500e+02
7.623342285156250000e+02
8.277290649414062500e+02
7.849571533203125000e+02
8.424265747070312500e+02
7.110389404296875000e+02
7.969773559570312500e+02
9.789477539062500000e+02
7.282542724609375000e+02
6.056141967773437500e+02
7.450659179687500000e+02
8.508893432617187500e+02
6.277619018554687500e+02
8.502604370117187500e+02
6.634525146484375000e+02
9.433837890625000000e+02
8.604967041015625000e+02
6.509957275390625000e+02
7.875507202148437500e+02
6.933655395507812500e+02
7.359603271484375000e+02
7.447219848632812500e+02
7.650400390625000000e+02
8.533339233398437500e+02
8.803009033203125000e+02
7.272154541015625000e+02
5.079313659667968750e+02
6.560052490234375000e+02
6.648220825195312500e+02
6.645983276367187500e+02
8.321035766601562500e+02
1.046987915039062500e+03
8.205072021484375000e+02
7.333949584960937500e+02
7.994293823242187500e+02
8.010546875000000000e+02
6.312150878906250000e+02
8.171995239257812500e+02
7.324412231445312500e+02
9.244010620117187500e+02
9.239881591796875000e+02
9.130397338867187500e+02
9.676101074218750000e+02
7.327016601562500000e+02
8.446687011718750000e+02
8.262346191406250000e+02
8.171437377929687500e+02
6.992841186523437500e+02
7.745084838867187500e+02
8.501391601562500000e+02
7.554448852539062500e+02
8.422990112304687500e+02
8.361907348632812500e+02
6.535280151367187500e+02
8.285919799804687500e+02
8.401920166015625000e+02
6.111799316406250000e+02
8.035053100585937500e+02
6.530375366210937500e+02
7.626063842773437500e+02
9.090801391601562500e+02
7.719262695312500000e+02
8.614097290039062500e+02
9.324906005859375000e+02
6.424672241210937500e+02
7.718484497070312500e+02
8.148950195312500000e+02
5.694499511718750000e+02
5.951236572265625000e+02
7.073015747070312500e+02
5.955895996093750000e+02
8.086707153320312500e+02
8.870445556640625000e+02
8.367069091796875000e+02
5.567353515625000000e+02
7.858487548828125000e+02
6.546751098632812500e+02
6.740474243164062500e+02
6.205970458984375000e+02
8.931674804687500000e+02
8.169553833007812500e+02
7.784470825195312500e+02
8.050836181640625000e+02
6.373093872070312500e+02
6.184353637695312500e+02
7.997534790039062500e+02
8.384791870117187500e+02
7.569913330078125000e+02
7.422194824218750000e+02
7.630233154296875000e+02
6.255676879882812500e+02
5.576743164062500000e+02
8.096052856445312500e+02
7.893946533203125000e+02
8.338263549804687500e+02
7.052833251953125000e+02
7.013378906250000000e+02
6.965184936523437500e+02
7.355535888671875000e+02
7.856817016601562500e+02
5.833628540039062500e+02
6.929750976562500000e+02
8.338403930664062500e+02
9.323478393554687500e+02
8.030441284179687500e+02
9.179168701171875000e+02
8.329810791015625000e+02
6.579721679687500000e+02
8.041582031250000000e+02
7.993736572265625000e+02
7.242863159179687500e+02
6.454893798828125000e+02
5.078248901367187500e+02
8.097586059570312500e+02
7.876463623046875000e+02
8.761123657226562500e+02
7.939254760742187500e+02
8.022017211914062500e+02
6.692984619140625000e+02
9.038463745117187500e+02
6.543549804687500000e+02
7.183489379882812500e+02
8.092510375976562500e+02
6.816574096679687500e+02
6.815327758789062500e+02
8.584771118164062500e+02
5.986515502929687500e+02
8.065233154296875000e+02
8.470311889648437500e+02
8.471701660156250000e+02
7.562108154296875000e+02
8.426209106445312500e+02
8.373249511718750000e+02
8.655746459960937500e+02
7.747886962890625000e+02
7.966093750000000000e+02
6.634119873046875000e+02
6.768977661132812500e+02
5.362857055664062500e+02
7.514166870117187500e+02
4.343769226074218750e+02
7.549317626953125000e+02
5.059656982421875000e+02
8.968998413085937500e+02
7.680090942382812500e+02
7.993769531250000000e+02
7.717649536132812500e+02
6.980464477539062500e+02
6.857847900390625000e+02
7.881477661132812500e+02
7.767780151367187500e+02
9.180097656250000000e+02
5.677786865234375000e+02
7.206803588867187500e+02
9.023373413085937500e+02
7.907498168945312500e+02
5.617393188476562500e+02
6.024746093750000000e+02
7.883192749023437500e+02
1.004409545898437500e+03
7.206829833984375000e+02
7.030340576171875000e+02
9.300731811523437500e+02
6.552240600585937500e+02
7.920239257812500000e+02
8.877157592773437500e+02
6.781004028320312500e+02
5.973099975585937500e+02
8.951931152343750000e+02
7.332260742187500000e+02
7.300773315429687500e+02
7.840773925781250000e+02
7.908061523437500000e+02
8.838678588867187500e+02
8.937362060546875000e+02
9.717918701171875000e+02
7.842025146484375000e+02
9.333914794921875000e+02
9.532738037109375000e+02
1.005613952636718750e+03
8.364916381835937500e+02
8.916092529296875000e+02
7.411550292968750000e+02
6.361337890625000000e+02
7.294962768554687500e+02
6.599049072265625000e+02
8.204262084960937500e+02
6.072224121093750000e+02
9.193638305664062500e+02
6.787765502929687500e+02
7.701976318359375000e+02
7.551511230468750000e+02
9.045289306640625000e+02
7.987826538085937500e+02
6.396781005859375000e+02
7.206450195312500000e+02
8.932462768554687500e+02
8.441846313476562500e+02
8.281853027343750000e+02
9.697779541015625000e+02
8.185826416015625000e+02
9.126925659179687500e+02
8.279399414062500000e+02
8.187993774414062500e+02
6.172262573242187500e+02
8.650256958007812500e+02
8.153021850585937500e+02
7.912322998046875000e+02
8.208993530273437500e+02
6.265007934570312500e+02
9.389525146484375000e+02
7.814374389648437500e+02
7.776264648437500000e+02
8.595662231445312500e+02
8.319168090820312500e+02
8.496195678710937500e+02
8.534814453125000000e+02
7.085361938476562500e+02
8.684611816406250000e+02
9.263132324218750000e+02
8.381093139648437500e+02
7.395423583984375000e+02
7.233068237304687500e+02
8.771900634765625000e+02
6.700615234375000000e+02
7.749047851562500000e+02
7.757871093750000000e+02
6.299478759765625000e+02
7.622384643554687500e+02
6.596990966796875000e+02
6.606773071289062500e+02
8.531889648437500000e+02
7.862031250000000000e+02
8.002947998046875000e+02
8.202990112304687500e+02
7.059397583007812500e+02
8.388377075195312500e+02
6.810490722656250000e+02
7.916954345703125000e+02
7.440709838867187500e+02
8.917016601562500000e+02
8.648015747070312500e+02
8.787421875000000000e+02
7.632227172851562500e+02
8.434043579101562500e+02
9.621783447265625000e+02
8.563059692382812500e+02
8.161347045898437500e+02
7.082808227539062500e+02
6.094475708007812500e+02
8.528710937500000000e+02
8.682904663085937500e+02
7.088085937500000000e+02
7.130352172851562500e+02
8.272643432617187500e+02
8.103137207031250000e+02
6.510748901367187500e+02
7.125545043945312500e+02
7.948434448242187500e+02
8.587813110351562500e+02
8.295740966796875000e+02
6.532009887695312500e+02
8.744121704101562500e+02
6.029241943359375000e+02
8.623218383789062500e+02
7.959193725585937500e+02
7.821151733398437500e+02
8.417977294921875000e+02
7.440311889648437500e+02
6.892087402343750000e+02
8.459498901367187500e+02
7.439136962890625000e+02
7.091939086914062500e+02
7.382884521484375000e+02
8.120996704101562500e+02
7.982960205078125000e+02
9.264749145507812500e+02
8.351322631835937500e+02
7.131463623046875000e+02
8.148150634765625000e+02
7.573067626953125000e+02
8.070042114257812500e+02
5.088355407714843750e+02
6.849664916992187500e+02
7.354100341796875000e+02
7.419243774414062500e+02
7.330417480468750000e+02
7.663141479492187500e+02
7.112275390625000000e+02
7.154498901367187500e+02
8.833297119140625000e+02
8.588201293945312500e+02
8.188382568359375000e+02
6.480883789062500000e+02
8.337760009765625000e+02
8.342275390625000000e+02
7.796245727539062500e+02
7.320211181640625000e+02
9.527697753906250000e+02
7.124938964843750000e+02
8.908557128906250000e+02
7.349566040039062500e+02
9.108485107421875000e+02
6.276449584960937500e+02
7.589816894531250000e+02
8.644689941406250000e+02
7.390954589843750000e+02
8.366809692382812500e+02
8.115497436523437500e+02
7.589663696289062500e+02
1.056060302734375000e+03
8.865416870117187500e+02
5.847040405273437500e+02
8.462683105468750000e+02
5.627352294921875000e+02
8.291646118164062500e+02
7.761160278320312500e+02
6.658563232421875000e+02
7.278216552734375000e+02
6.964164428710937500e+02
8.693470458984375000e+02
5.752833251953125000e+02
8.198026733398437500e+02
8.099348754882812500e+02
8.140151367187500000e+02
5.195799560546875000e+02
7.858736572265625000e+02
9.085950317382812500e+02
9.743209228515625000e+02
6.950556640625000000e+02
7.043491821289062500e+02
6.583800659179687500e+02
6.030901489257812500e+02
6.591763916015625000e+02
6.815102539062500000e+02
9.653082275390625000e+02
6.329682006835937500e+02
8.212622680664062500e+02
7.349343872070312500e+02
7.854580078125000000e+02
1.033840698242187500e+03
5.326658935546875000e+02
7.975888061523437500e+02
7.744609985351562500e+02
8.784698486328125000e+02
8.128864746093750000e+02
7.650867309570312500e+02
6.394666748046875000e+02
9.216053466796875000e+02
7.396184692382812500e+02
7.526000976562500000e+02
6.823347778320312500e+02
8.024987792968750000e+02
6.646801147460937500e+02
6.662222900390625000e+02
9.004283447265625000e+02
7.222688598632812500e+02
6.275758666992187500e+02
7.701444091796875000e+02
7.474108276367187500e+02
6.806759033203125000e+02
7.905374755859375000e+02
8.270321655273437500e+02
6.755616455078125000e+02
8.194887695312500000e+02
9.470805053710937500e+02
7.845030517578125000e+02
5.849497070312500000e+02
6.344504394531250000e+02
8.339539184570312500e+02
6.274611816406250000e+02
1.013346801757812500e+03
5.657905883789062500e+02
7.556866455078125000e+02
8.831840209960937500e+02
9.098876342773437500e+02
7.370042114257812500e+02
8.218651123046875000e+02
8.172015380859375000e+02
7.839360961914062500e+02
6.552192382812500000e+02
6.847329101562500000e+02
7.819429321289062500e+02
7.192354125976562500e+02
6.795350952148437500e+02
7.322602539062500000e+02
7.482870483398437500e+02
6.291553344726562500e+02
6.500169067382812500e+02
7.857604370117187500e+02
7.007473754882812500e+02
7.407723999023437500e+02
8.895009765625000000e+02
5.881857910156250000e+02
7.474514770507812500e+02
7.701120605468750000e+02
8.515363159179687500e+02
7.116591186523437500e+02
5.519338989257812500e+02
8.516345825195312500e+02
7.618671875000000000e+02
8.110388183593750000e+02
7.357206420898437500e+02
7.051426391601562500e+02
7.553659057617187500e+02
5.741754150390625000e+02
6.975417480468750000e+02
8.699312133789062500e+02
8.754014282226562500e+02
9.807208251953125000e+02
8.258740844726562500e+02
6.918875732421875000e+02
8.380057983398437500e+02
8.524398803710937500e+02
9.040305175781250000e+02
1.009685913085937500e+03
7.802427368164062500e+02
8.196679687500000000e+02
7.582773437500000000e+02
6.576636962890625000e+02
7.123002929687500000e+02
8.031941528320312500e+02
7.533160400390625000e+02
7.305909423828125000e+02
6.807073974609375000e+02
7.331488037109375000e+02
7.365970458984375000e+02
6.698549804687500000e+02
4.879989929199218750e+02
7.892170410156250000e+02
9.386459350585937500e+02
7.454566650390625000e+02
5.956324462890625000e+02
7.696660156250000000e+02
6.890089721679687500e+02
9.526851806640625000e+02
7.711048583984375000e+02
5.684132690429687500e+02
7.507966918945312500e+02
5.792854614257812500e+02
7.115382690429687500e+02
6.886235351562500000e+02
7.078509521484375000e+02
8.670848999023437500e+02
9.106887207031250000e+02
6.076655273437500000e+02
9.778859252929687500e+02
8.636261596679687500e+02
9.064713745117187500e+02
6.524157104492187500e+02
7.790332031250000000e+02
7.965068359375000000e+02
7.484214477539062500e+02
7.899422607421875000e+02
6.755770263671875000e+02
5.767189941406250000e+02
5.600455322265625000e+02
7.296353149414062500e+02
8.131483764648437500e+02
7.983741455078125000e+02
8.119450683593750000e+02
7.776233520507812500e+02
5.922933349609375000e+02
8.559163208007812500e+02
8.073377685546875000e+02
7.970001220703125000e+02
7.135471191406250000e+02
7.862327880859375000e+02
7.546410522460937500e+02
8.344467773437500000e+02
8.214052124023437500e+02
7.914917602539062500e+02
8.486950683593750000e+02
9.018501586914062500e+02
6.838287963867187500e+02
7.434960327148437500e+02
7.875600585937500000e+02
9.399556884765625000e+02
8.712591552734375000e+02
6.318928833007812500e+02
7.089924316406250000e+02
7.002243652343750000e+02
1.006791931152343750e+03
6.646596069335937500e+02
8.169779663085937500e+02
7.224975585937500000e+02
8.337781372070312500e+02
9.951584472656250000e+02
7.473677368164062500e+02
9.670876464843750000e+02
7.276595458984375000e+02
8.423939208984375000e+02
6.613980712890625000e+02
7.498940429687500000e+02
6.595745239257812500e+02
8.914425659179687500e+02
7.470977783203125000e+02
8.119132690429687500e+02
6.680346069335937500e+02
7.438573608398437500e+02
9.160014648437500000e+02
7.614489746093750000e+02
8.141895751953125000e+02
8.061624145507812500e+02
7.439234008789062500e+02
8.634616699218750000e+02
5.817827148437500000e+02
6.624862670898437500e+02
8.078087768554687500e+02
6.432978515625000000e+02
7.794459228515625000e+02
8.760491333007812500e+02
6.469349365234375000e+02
7.894450073242187500e+02
6.317982788085937500e+02
7.653824462890625000e+02
7.194423828125000000e+02
8.663795776367187500e+02
7.849339599609375000e+02
7.583148803710937500e+02
8.477529907226562500e+02
6.226471557617187500e+02
8.754985961914062500e+02
7.482400512695312500e+02
7.289201049804687500e+02
6.166910400390625000e+02
6.540043334960937500e+02
5.436467285156250000e+02
8.658192138671875000e+02
8.008574829101562500e+02
8.567548828125000000e+02
8.332025756835937500e+02
8.065217895507812500e+02
9.214816894531250000e+02
6.698252563476562500e+02
8.585224609375000000e+02
8.604311523437500000e+02
7.429635620117187500e+02
9.352307739257812500e+02
7.824133911132812500e+02
8.335740966796875000e+02
5.915264282226562500e+02
8.296593627929687500e+02
6.302801513671875000e+02
6.190340576171875000e+02
7.609306640625000000e+02
8.948144531250000000e+02
7.664174194335937500e+02
7.250190429687500000e+02
8.137695312500000000e+02
7.594071044921875000e+02
6.250972900390625000e+02
1.019305175781250000e+03
8.118029174804687500e+02
8.894322509765625000e+02
7.582445068359375000e+02
9.100643310546875000e+02
7.461921386718750000e+02
8.462370605468750000e+02
8.593460693359375000e+02
7.919344482421875000e+02
7.565131225585937500e+02
8.367692871093750000e+02
6.639362182617187500e+02
1.048225585937500000e+03
9.357478027343750000e+02
8.894424438476562500e+02
8.420870361328125000e+02
8.171250610351562500e+02
7.031985473632812500e+02
8.654475097656250000e+02
7.516505126953125000e+02
8.088145751953125000e+02
8.340026855468750000e+02
1.075551879882812500e+03
8.122232666015625000e+02
7.688375854492187500e+02
7.307524414062500000e+02
7.082917480468750000e+02
8.589862670898437500e+02
7.483804321289062500e+02
6.348794555664062500e+02
8.660104370117187500e+02
7.666995239257812500e+02
8.137520751953125000e+02
6.192118530273437500e+02
8.212171020507812500e+02
6.969511108398437500e+02
8.320645751953125000e+02
7.616204223632812500e+02
6.798424072265625000e+02
6.980801391601562500e+02
4.777001647949218750e+02
5.234857788085937500e+02
9.458961791992187500e+02
7.899185180664062500e+02
7.510055541992187500e+02
7.617536621093750000e+02
9.116228637695312500e+02
8.005275268554687500e+02
6.610758666992187500e+02
7.837807617187500000e+02
8.267623901367187500e+02
8.082216186523437500e+02
6.394451904296875000e+02
7.185837402343750000e+02
7.503931274414062500e+02
7.083236083984375000e+02
9.002084960937500000e+02
7.702882690429687500e+02
7.127253417968750000e+02
6.492830200195312500e+02
8.208068237304687500e+02
8.491214599609375000e+02
6.242770385742187500e+02
7.898104248046875000e+02
9.548229370117187500e+02
8.191436157226562500e+02
6.001505126953125000e+02
7.907005615234375000e+02
7.848685302734375000e+02
7.703848876953125000e+02
7.047815551757812500e+02
9.643417968750000000e+02
6.819680786132812500e+02
6.705592041015625000e+02
4.868780212402343750e+02
9.157589111328125000e+02
6.081291503906250000e+02
7.383288574218750000e+02
8.361563720703125000e+02
7.142604370117187500e+02
7.742279052734375000e+02
7.653232421875000000e+02
8.879995727539062500e+02
7.928712158203125000e+02
8.225055541992187500e+02
8.097990722656250000e+02
8.636632080078125000e+02
9.705465087890625000e+02
6.211635131835937500e+02
7.487752075195312500e+02
8.691744995117187500e+02
8.293157348632812500e+02
6.843354492187500000e+02
8.336174926757812500e+02
7.514047851562500000e+02
4.963384399414062500e+02
6.699861450195312500e+02
7.372927856445312500e+02
6.611684570312500000e+02
8.187744140625000000e+02
5.952525024414062500e+02
5.883283081054687500e+02
7.160111083984375000e+02
9.023169555664062500e+02
7.949392089843750000e+02
6.130659790039062500e+02
9.519678344726562500e+02
8.760085449218750000e+02
8.325196533203125000e+02
6.272922363281250000e+02
6.794884643554687500e+02
7.290272827148437500e+02
8.477687377929687500e+02
8.274361572265625000e+02
6.652716674804687500e+02
8.227214965820312500e+02
7.928157958984375000e+02
5.458659057617187500e+02
6.366322021484375000e+02
7.552838745117187500e+02
7.230210571289062500e+02
7.419644775390625000e+02
1.030047363281250000e+03
7.209367675781250000e+02
9.065006713867187500e+02
6.783698120117187500e+02
6.390808105468750000e+02
8.729432373046875000e+02
5.866852416992187500e+02
7.760378417968750000e+02
6.038924560546875000e+02
6.923489990234375000e+02
8.180991821289062500e+02
5.754822387695312500e+02
7.753175048828125000e+02
7.864635620117187500e+02
5.486565551757812500e+02
8.507030639648437500e+02
8.696370239257812500e+02
6.990814819335937500e+02
6.757797851562500000e+02
5.914233398437500000e+02
8.489598999023437500e+02
6.737329101562500000e+02
9.511296997070312500e+02
8.965756225585937500e+02
8.132357788085937500e+02
8.922714233398437500e+02
8.615776977539062500e+02
8.987440185546875000e+02
8.535393066406250000e+02
9.118171386718750000e+02
8.182714843750000000e+02
6.156450195312500000e+02
8.230217285156250000e+02
8.483513183593750000e+02
1.097081665039062500e+03
5.977415771484375000e+02
6.531915893554687500e+02
6.225171508789062500e+02
8.795649414062500000e+02
9.676573486328125000e+02
8.347918090820312500e+02
7.586937866210937500e+02
7.681321411132812500e+02
8.635680541992187500e+02
7.779653320312500000e+02
7.808363037109375000e+02
7.509501953125000000e+02
4.322323608398437500e+02
5.693250732421875000e+02
6.926867065429687500e+02
7.478874511718750000e+02
8.246876220703125000e+02
8.980825805664062500e+02
8.125301513671875000e+02
8.882664184570312500e+02
5.333381958007812500e+02
7.558643798828125000e+02
7.081209716796875000e+02
9.983983154296875000e+02
6.437533569335937500e+02
7.948771362304687500e+02
8.333701782226562500e+02
5.946772460937500000e+02
8.105634765625000000e+02
7.425317993164062500e+02
7.341578369140625000e+02
8.159002075195312500e+02
7.712188110351562500e+02
7.149611816406250000e+02
5.392591552734375000e+02
5.051303405761718750e+02
5.711272583007812500e+02
8.279546508789062500e+02
6.931574096679687500e+02
7.064830322265625000e+02
7.630254516601562500e+02
7.186776123046875000e+02
6.124064941406250000e+02
6.215097656250000000e+02
8.456906738281250000e+02
9.273200073242187500e+02
8.921623535156250000e+02
6.559666748046875000e+02
7.005025024414062500e+02
5.973265991210937500e+02
8.931172485351562500e+02
6.689988403320312500e+02
8.114777221679687500e+02
6.722838134765625000e+02
8.410989379882812500e+02
9.386083374023437500e+02
6.370943603515625000e+02
8.230282592773437500e+02
7.848984985351562500e+02
8.977938232421875000e+02
8.431899414062500000e+02
7.769562988281250000e+02
5.556732177734375000e+02
7.428093872070312500e+02
8.187112426757812500e+02
7.755492553710937500e+02
6.954883422851562500e+02
6.985705566406250000e+02
7.135595703125000000e+02
8.197020874023437500e+02
7.354461059570312500e+02
6.223354492187500000e+02
8.607335205078125000e+02
7.768868408203125000e+02
9.307092895507812500e+02
8.282647705078125000e+02
6.891452636718750000e+02
5.479591674804687500e+02
8.112950439453125000e+02
6.681824951171875000e+02
8.560204467773437500e+02
7.361105346679687500e+02
7.485571899414062500e+02
8.644917602539062500e+02
7.022271118164062500e+02
8.102543334960937500e+02
8.466475830078125000e+02
8.333391113281250000e+02
8.557114257812500000e+02
7.029775390625000000e+02
6.986214599609375000e+02
7.147141113281250000e+02
8.947114257812500000e+02
8.834915771484375000e+02
7.323346557617187500e+02
7.411071777343750000e+02
8.040968017578125000e+02
8.196853637695312500e+02
7.389776611328125000e+02
8.068417358398437500e+02
8.605407104492187500e+02
5.952454223632812500e+02
1.033182617187500000e+03
7.634935913085937500e+02
4.502379150390625000e+02
8.041585693359375000e+02
5.540281982421875000e+02
8.804996948242187500e+02
5.879972534179687500e+02
8.161740112304687500e+02
8.083447875976562500e+02
7.438551635742187500e+02
6.889669189453125000e+02
9.667598876953125000e+02
7.279368286132812500e+02
6.864052124023437500e+02
6.444945678710937500e+02
9.033621215820312500e+02
9.009197998046875000e+02
7.449370727539062500e+02
7.137640991210937500e+02
5.442693481445312500e+02
8.159895629882812500e+02
9.073359375000000000e+02
7.658021240234375000e+02
6.845542602539062500e+02
7.056128540039062500e+02
8.118038330078125000e+02
7.369224243164062500e+02
7.595501708984375000e+02
7.669503173828125000e+02
6.776388549804687500e+02
7.667385253906250000e+02
1.068328857421875000e+03
7.946726684570312500e+02
7.696925659179687500e+02
7.516113281250000000e+02
8.598701782226562500e+02
7.365875244140625000e+02
8.336213989257812500e+02
6.550311889648437500e+02
9.274070434570312500e+02
6.835704956054687500e+02
7.111943359375000000e+02
6.822881469726562500e+02
7.759332275390625000e+02
5.780421142578125000e+02
8.999291381835937500e+02
7.205781860351562500e+02
9.845812377929687500e+02
6.958179931640625000e+02
8.331318969726562500e+02
7.321822509765625000e+02
6.766994018554687500e+02
8.417656250000000000e+02
8.907003173828125000e+02
8.285426025390625000e+02
8.502199096679687500e+02
6.504381713867187500e+02
8.460979003906250000e+02
5.081736145019531250e+02
9.506747436523437500e+02
8.161268920898437500e+02
1.006875000000000000e+03
7.825411987304687500e+02
8.896224975585937500e+02
6.706138305664062500e+02
6.087498168945312500e+02
7.211680908203125000e+02
8.777706298828125000e+02
7.978563232421875000e+02
6.638759765625000000e+02
7.822099609375000000e+02
9.183533325195312500e+02
9.046152343750000000e+02
7.681151123046875000e+02
7.813897705078125000e+02
8.444297485351562500e+02
8.303605957031250000e+02
8.492592163085937500e+02
7.163020019531250000e+02
6.599687500000000000e+02
7.520795898437500000e+02
8.122040405273437500e+02
7.555396728515625000e+02
7.709993286132812500e+02
5.971802368164062500e+02
7.380687866210937500e+02
8.196640014648437500e+02
8.072956542968750000e+02
9.274096679687500000e+02
6.007025146484375000e+02
9.369772338867187500e+02
7.935155029296875000e+02
7.682601928710937500e+02
7.578863525390625000e+02
8.781654052734375000e+02
8.781475219726562500e+02
6.851724243164062500e+02
8.687639160156250000e+02
9.385554809570312500e+02
8.041613769531250000e+02
9.475565185546875000e+02
7.262309570312500000e+02
7.713308105468750000e+02
8.098930664062500000e+02
8.989282836914062500e+02
6.951995239257812500e+02
8.155508422851562500e+02
7.718614501953125000e+02
6.436954956054687500e+02
7.234274902343750000e+02
6.950144653320312500e+02
5.694788818359375000e+02
8.491074218750000000e+02
7.479260253906250000e+02
8.488340454101562500e+02
7.886191406250000000e+02
8.421152343750000000e+02
6.878824462890625000e+02
8.035688476562500000e+02
5.895900878906250000e+02
5.168880004882812500e+02
6.877467651367187500e+02
6.626076049804687500e+02
6.763965454101562500e+02
9.652493896484375000e+02
5.363326416015625000e+02
8.009862670898437500e+02
7.693641357421875000e+02
8.856699218750000000e+02
8.905579833984375000e+02
5.922562866210937500e+02
7.601955566406250000e+02
9.166752929687500000e+02
6.655301513671875000e+02
7.452107543945312500e+02
7.945659790039062500e+02
8.458915405273437500e+02
7.180541381835937500e+02
8.033618164062500000e+02
7.832466430664062500e+02
7.792033691406250000e+02
6.860604248046875000e+02
7.628625488281250000e+02
9.521103515625000000e+02
8.552416992187500000e+02
6.695590209960937500e+02
8.727232055664062500e+02
9.019437866210937500e+02
7.609871215820312500e+02
8.804594116210937500e+02
9.034108886718750000e+02
1.027827392578125000e+03
8.089769287109375000e+02
8.806491088867187500e+02
6.347058105468750000e+02
7.897867431640625000e+02
6.671420288085937500e+02
8.916181640625000000e+02
6.375606079101562500e+02
7.439810180664062500e+02
8.400068359375000000e+02
8.427069702148437500e+02
6.383014526367187500e+02
8.568964233398437500e+02
8.079874267578125000e+02
8.383001098632812500e+02
7.514223632812500000e+02
6.916840820312500000e+02
7.292722167968750000e+02
7.110263061523437500e+02
7.138533935546875000e+02
8.898540039062500000e+02
7.351929321289062500e+02
6.903486938476562500e+02
8.120143432617187500e+02
9.072100219726562500e+02
8.008096313476562500e+02
7.717874145507812500e+02
9.694132690429687500e+02
8.564171142578125000e+02
7.834171752929687500e+02
8.440427856445312500e+02
7.059946899414062500e+02
6.210491943359375000e+02
6.259871826171875000e+02
7.392968139648437500e+02
8.517003173828125000e+02
9.427346191406250000e+02
7.548710327148437500e+02
6.855072631835937500e+02
7.688076782226562500e+02
6.930350952148437500e+02
6.233325805664062500e+02
9.097409667968750000e+02
7.714275512695312500e+02
8.852364501953125000e+02
6.403724365234375000e+02
7.022437744140625000e+02
6.810657348632812500e+02
6.386259155273437500e+02
6.896398925781250000e+02
7.940254516601562500e+02
6.824473266601562500e+02
7.740610351562500000e+02
6.127299804687500000e+02
6.353447265625000000e+02
8.010433959960937500e+02
6.876630249023437500e+02
8.021592407226562500e+02
8.281925048828125000e+02
8.186313476562500000e+02
6.768186645507812500e+02
8.914697875976562500e+02
8.717710571289062500e+02
8.748852539062500000e+02
5.324229736328125000e+02
8.894003906250000000e+02
6.462510986328125000e+02
6.213873291015625000e+02
7.958125000000000000e+02
7.527930297851562500e+02
6.659224243164062500e+02
9.617517089843750000e+02
8.948684082031250000e+02
5.898458862304687500e+02
7.592119750976562500e+02
5.716258544921875000e+02
1.055067504882812500e+03
1.005489990234375000e+03
7.629012451171875000e+02
7.781770629882812500e+02
6.783770141601562500e+02
7.854090576171875000e+02
6.990310058593750000e+02
6.954906616210937500e+02
6.705385131835937500e+02
5.836256713867187500e+02
9.378266601562500000e+02
7.515869750976562500e+02
8.477852172851562500e+02
7.984868164062500000e+02
7.691559448242187500e+02
8.975920410156250000e+02
7.935027465820312500e+02
7.656585693359375000e+02
4.023998413085937500e+02
7.082642211914062500e+02
8.864801025390625000e+02
6.480325927734375000e+02
8.241726684570312500e+02
6.710106811523437500e+02
7.166186523437500000e+02
6.925976562500000000e+02
7.987996215820312500e+02
8.089359741210937500e+02
7.283451538085937500e+02
7.420838623046875000e+02
7.615457763671875000e+02
7.557343139648437500e+02
7.848560180664062500e+02
6.994556884765625000e+02
8.498316650390625000e+02
7.345443725585937500e+02
9.382332763671875000e+02
7.476159057617187500e+02
6.302911987304687500e+02
7.802169189453125000e+02
7.888209838867187500e+02
6.653466796875000000e+02
7.970872192382812500e+02
8.404619750976562500e+02
9.778095703125000000e+02
5.558805541992187500e+02
9.349437255859375000e+02
7.878377075195312500e+02
7.039860839843750000e+02
8.369330444335937500e+02
8.771614990234375000e+02
7.986832885742187500e+02
8.337052612304687500e+02
8.876087036132812500e+02
7.763517456054687500e+02
7.867665405273437500e+02
8.027720947265625000e+02
7.352152099609375000e+02
8.407620239257812500e+02
6.980919189453125000e+02
7.753140258789062500e+02
7.134593505859375000e+02
6.713712158203125000e+02
6.441281127929687500e+02
6.680098876953125000e+02
7.538010253906250000e+02
8.604644775390625000e+02
9.475379028320312500e+02
8.546644287109375000e+02
7.797998657226562500e+02
6.242191772460937500e+02
8.408591308593750000e+02
8.502191162109375000e+02
7.480415649414062500e+02
7.373703002929687500e+02
8.312367553710937500e+02
7.697462158203125000e+02
7.097532958984375000e+02
5.633359375000000000e+02
5.700841674804687500e+02
7.373184814453125000e+02
8.994138793945312500e+02
5.297971191406250000e+02
5.808239746093750000e+02
6.291403808593750000e+02
7.800935058593750000e+02
5.736748657226562500e+02
8.356209716796875000e+02
1.011817321777343750e+03
6.114163208007812500e+02
9.101660766601562500e+02
7.626490478515625000e+02
8.286375122070312500e+02
8.603179931640625000e+02
7.365788574218750000e+02
7.488886108398437500e+02
7.959107055664062500e+02
8.513772583007812500e+02
7.335677490234375000e+02
8.127673339843750000e+02
6.670955810546875000e+02
8.597976074218750000e+02
7.662246704101562500e+02
7.271600952148437500e+02
5.712841186523437500e+02
6.705944213867187500e+02
1.007565246582031250e+03
9.150048828125000000e+02
6.935117187500000000e+02
8.482956542968750000e+02
8.150432739257812500e+02
7.253303833007812500e+02
7.489607543945312500e+02
6.667682495117187500e+02
9.334238281250000000e+02
7.382651977539062500e+02
8.176807250976562500e+02
6.663580932617187500e+02
3.351769104003906250e+02
8.456255493164062500e+02
8.861875000000000000e+02
7.175509643554687500e+02
7.623333129882812500e+02
6.950507202148437500e+02
8.696962280273437500e+02
8.513238525390625000e+02
8.137827758789062500e+02
8.464664306640625000e+02
7.975734863281250000e+02
5.068806762695312500e+02
6.475321655273437500e+02
8.976480102539062500e+02
8.878228149414062500e+02
3.944961242675781250e+02
5.167681884765625000e+02
7.008747558593750000e+02
7.149588012695312500e+02
9.256860351562500000e+02
1.009026000976562500e+03
6.374171752929687500e+02
9.377608032226562500e+02
7.696057128906250000e+02
7.048415527343750000e+02
8.381367187500000000e+02
7.234750366210937500e+02
8.249169311523437500e+02
7.827637939453125000e+02
7.176678466796875000e+02
6.641637573242187500e+02
8.179797363281250000e+02
8.165978393554687500e+02
8.080782470703125000e+02
8.308858642578125000e+02
8.161757812500000000e+02
4.797247619628906250e+02
7.594327392578125000e+02
7.463964843750000000e+02
5.789455566406250000e+02
7.627725830078125000e+02
7.727876586914062500e+02
6.986861572265625000e+02
6.518281250000000000e+02
6.652482299804687500e+02
7.618121337890625000e+02
6.299338989257812500e+02
6.044544067382812500e+02
9.072769165039062500e+02
8.636854248046875000e+02
6.571966552734375000e+02
9.326693725585937500e+02
6.586935424804687500e+02
7.645948486328125000e+02
8.862518920898437500e+02
6.744472045898437500e+02
7.504541625976562500e+02
6.903049316406250000e+02
8.376757202148437500e+02
8.423186645507812500e+02
8.938910522460937500e+02
9.219750976562500000e+02
8.614749145507812500e+02
6.003680419921875000e+02
8.829165649414062500e+02
8.942199707031250000e+02
7.029885253906250000e+02
7.265952148437500000e+02
7.689152832031250000e+02
7.695678100585937500e+02
5.663874511718750000e+02
8.675682373046875000e+02
6.583342895507812500e+02
7.228800659179687500e+02
8.880524902343750000e+02
6.929053955078125000e+02
6.155782470703125000e+02
8.569299316406250000e+02
6.468425292968750000e+02
7.476022338867187500e+02
9.256774291992187500e+02
6.856746215820312500e+02
5.555329589843750000e+02
7.985207519531250000e+02
7.695377197265625000e+02
6.887993774414062500e+02
7.029605712890625000e+02
8.511587524414062500e+02
7.161501464843750000e+02
6.592991943359375000e+02
8.247164916992187500e+02
8.102153930664062500e+02
8.887372436523437500e+02
9.567485351562500000e+02
6.526454467773437500e+02
6.497481079101562500e+02
7.526119384765625000e+02
8.673661499023437500e+02
7.986143188476562500e+02
8.328829956054687500e+02
7.079451904296875000e+02
7.948800048828125000e+02
9.952199707031250000e+02
7.742233886718750000e+02
6.888889770507812500e+02
8.287890014648437500e+02
8.747076416015625000e+02
9.278080444335937500e+02
9.141753540039062500e+02
8.395676879882812500e+02
8.343749389648437500e+02
6.143170776367187500e+02
7.528828735351562500e+02
7.905439453125000000e+02
6.339172363281250000e+02
7.625679931640625000e+02
8.954866943359375000e+02
9.898610839843750000e+02
8.135370483398437500e+02
9.218657226562500000e+02
8.001767578125000000e+02
7.160711059570312500e+02
7.598336181640625000e+02
8.003258056640625000e+02
6.535109252929687500e+02
8.169324340820312500e+02
9.226182250976562500e+02
8.109312133789062500e+02
6.765289916992187500e+02
6.499998779296875000e+02
6.429356689453125000e+02
7.088254394531250000e+02
7.754993286132812500e+02
8.568809204101562500e+02
9.745424194335937500e+02
6.953395996093750000e+02
7.303546752929687500e+02
6.462013549804687500e+02
8.094664306640625000e+02
7.654132690429687500e+02
7.841493530273437500e+02
7.187363891601562500e+02
7.456632690429687500e+02
8.413591918945312500e+02
6.612042236328125000e+02
8.044440307617187500e+02
6.366884765625000000e+02
8.662272949218750000e+02
6.785172729492187500e+02
6.669580078125000000e+02
7.357806396484375000e+02
6.510923461914062500e+02
7.373456420898437500e+02
8.525316162109375000e+02
8.889761962890625000e+02
6.924294433593750000e+02
8.846628417968750000e+02
8.372889404296875000e+02
7.850172119140625000e+02
7.165390014648437500e+02
6.951102905273437500e+02
8.015814208984375000e+02
7.029241943359375000e+02
9.051539306640625000e+02
8.973796386718750000e+02
6.049797973632812500e+02
8.819397583007812500e+02
6.621187133789062500e+02
7.214823608398437500e+02
7.778638916015625000e+02
7.006475830078125000e+02
9.381317138671875000e+02
8.551412353515625000e+02
6.379813842773437500e+02
8.266884155273437500e+02
7.422178955078125000e+02
8.052150878906250000e+02
6.139341430664062500e+02
1.008576354980468750e+03
6.589843139648437500e+02
7.467390747070312500e+02
8.272866210937500000e+02
6.751874389648437500e+02
7.889022216796875000e+02
7.225917358398437500e+02
7.331764526367187500e+02
6.688325805664062500e+02
9.537170410156250000e+02
8.794575805664062500e+02
8.581176757812500000e+02
8.820314331054687500e+02
7.067864990234375000e+02
6.017129516601562500e+02
6.106459960937500000e+02
7.362816772460937500e+02
7.517767333984375000e+02
8.747137451171875000e+02
1.031442260742187500e+03
8.299638671875000000e+02
8.803882446289062500e+02
1.038194091796875000e+03
8.112009887695312500e+02
7.679568481445312500e+02
7.833614501953125000e+02
6.540848999023437500e+02
7.653393554687500000e+02
8.991902465820312500e+02
6.693709106445312500e+02
8.376307373046875000e+02
6.556361694335937500e+02
6.963428344726562500e+02
7.521638793945312500e+02
9.181645507812500000e+02
6.762208251953125000e+02
5.119990844726562500e+02
8.826943359375000000e+02
6.787875366210937500e+02
8.512569580078125000e+02
7.248054199218750000e+02
7.202567749023437500e+02
6.997318725585937500e+02
7.517272949218750000e+02
9.376684570312500000e+02
7.077373657226562500e+02
8.918732910156250000e+02
7.099854736328125000e+02
8.983477783203125000e+02
7.202145996093750000e+02
7.491604003906250000e+02
6.918026733398437500e+02
6.227478637695312500e+02
6.213968505859375000e+02
9.287910766601562500e+02
7.744061279296875000e+02
8.788200073242187500e+02
7.287726440429687500e+02
8.087053222656250000e+02
7.871671752929687500e+02
8.075325317382812500e+02
8.722471313476562500e+02
7.634181518554687500e+02
8.438170166015625000e+02
7.600607910156250000e+02
7.151516113281250000e+02
7.339179687500000000e+02
7.097482910156250000e+02
6.264650268554687500e+02
7.241631469726562500e+02
9.647921142578125000e+02
8.830142822265625000e+02
9.984849243164062500e+02
8.683032226562500000e+02
5.695734863281250000e+02
6.622849731445312500e+02
8.367424316406250000e+02
8.111985473632812500e+02
8.197821655273437500e+02
6.920774536132812500e+02
7.881763916015625000e+02
7.208581542968750000e+02
6.560023193359375000e+02
6.931527709960937500e+02
7.319865112304687500e+02
8.565266723632812500e+02
9.204741821289062500e+02
8.372795410156250000e+02
7.469307861328125000e+02
8.220406494140625000e+02
7.267094116210937500e+02
7.101260375976562500e+02
6.202780151367187500e+02
9.881362304687500000e+02
8.123066406250000000e+02
8.515127563476562500e+02
8.037377319335937500e+02
6.969697875976562500e+02
7.603222656250000000e+02
8.443756103515625000e+02
7.644608764648437500e+02
4.043545837402343750e+02
8.633990478515625000e+02
7.977488403320312500e+02
8.756013793945312500e+02
6.043129272460937500e+02
9.082728271484375000e+02
5.718409423828125000e+02
8.596270141601562500e+02
7.790363769531250000e+02
5.523818969726562500e+02
4.784255065917968750e+02
9.472107543945312500e+02
5.778931884765625000e+02
7.458971557617187500e+02
8.022294311523437500e+02
9.241837158203125000e+02
6.729357299804687500e+02
6.865595092773437500e+02
7.782172851562500000e+02
8.128803710937500000e+02
7.248466796875000000e+02
7.523170166015625000e+02
7.228080444335937500e+02
7.926915283203125000e+02
8.923820190429687500e+02
5.858325805664062500e+02
8.140148315429687500e+02
7.113760986328125000e+02
9.607786254882812500e+02
6.919576416015625000e+02
1.012935241699218750e+03
8.146718139648437500e+02
7.118247070312500000e+02
9.056111450195312500e+02
7.464782104492187500e+02
8.484017944335937500e+02
7.177612915039062500e+02
7.665087280273437500e+02
8.235415039062500000e+02
8.693533325195312500e+02
8.304839477539062500e+02
7.636462402343750000e+02
7.454411010742187500e+02
9.942872314453125000e+02
8.598569946289062500e+02
7.520780029296875000e+02
6.650791625976562500e+02
6.848864135742187500e+02
8.493391723632812500e+02
8.202775268554687500e+02
6.600208129882812500e+02
1.083991699218750000e+03
7.044577636718750000e+02
7.561358642578125000e+02
7.139014282226562500e+02
7.631344604492187500e+02
8.603503417968750000e+02
8.225287475585937500e+02
7.875557250976562500e+02
8.223665771484375000e+02
8.651942749023437500e+02
9.642828369140625000e+02
7.531271972656250000e+02
8.258591308593750000e+02
6.527091064453125000e+02
1.060864624023437500e+03
9.229739379882812500e+02
8.719705200195312500e+02
7.699076538085937500e+02
7.343300170898437500e+02
9.436497192382812500e+02
8.095158081054687500e+02
7.026365966796875000e+02
8.366257934570312500e+02
8.176374511718750000e+02
9.033562622070312500e+02
1.022862976074218750e+03
7.907863769531250000e+02
8.309468994140625000e+02
6.775682983398437500e+02
8.897650756835937500e+02
6.966895141601562500e+02
6.611239013671875000e+02
8.197051391601562500e+02
7.175328369140625000e+02
9.215464477539062500e+02
6.827802124023437500e+02
6.670576782226562500e+02
5.487366333007812500e+02
6.294151000976562500e+02
9.510825195312500000e+02
8.000208740234375000e+02
7.384933471679687500e+02
6.984633789062500000e+02
7.638554077148437500e+02
7.865499267578125000e+02
7.699831542968750000e+02
5.388340454101562500e+02
7.424457397460937500e+02
8.866748657226562500e+02
7.479642944335937500e+02
7.014177856445312500e+02
9.412495117187500000e+02
7.394950561523437500e+02
7.650670166015625000e+02
7.304435424804687500e+02
7.245860595703125000e+02
7.828975830078125000e+02
8.935434570312500000e+02
8.555217285156250000e+02
6.588331909179687500e+02
7.639423828125000000e+02
8.611240234375000000e+02
6.468975219726562500e+02
6.315018310546875000e+02
8.150942993164062500e+02
8.040579223632812500e+02
6.834147338867187500e+02
6.950225830078125000e+02
8.557390747070312500e+02
7.651845703125000000e+02
8.339713134765625000e+02
7.756279907226562500e+02
5.943859252929687500e+02
8.389472656250000000e+02
7.819320068359375000e+02
6.198133544921875000e+02
7.466647338867187500e+02
6.004578247070312500e+02
6.044244995117187500e+02
7.443384399414062500e+02
7.326527709960937500e+02
6.964125366210937500e+02
5.699929809570312500e+02
8.281713867187500000e+02
8.709405517578125000e+02
6.608488159179687500e+02
8.853723754882812500e+02
7.287972412109375000e+02
8.466377563476562500e+02
8.240419921875000000e+02
9.030269165039062500e+02
8.401685180664062500e+02
6.393351440429687500e+02
7.481566772460937500e+02
9.584523315429687500e+02
8.716840820312500000e+02
7.948397216796875000e+02
8.558515625000000000e+02
7.600421752929687500e+02
9.061538696289062500e+02
8.304122314453125000e+02
7.809777221679687500e+02
8.097519531250000000e+02
8.594003906250000000e+02
8.723394775390625000e+02
7.350690307617187500e+02
8.352424926757812500e+02
7.259965820312500000e+02
8.549076538085937500e+02
7.117377319335937500e+02
7.818858032226562500e+02
4.932511901855468750e+02
6.464064331054687500e+02
9.972557983398437500e+02
7.320574340820312500e+02
6.165734863281250000e+02
7.587743530273437500e+02
8.637202148437500000e+02
7.104575805664062500e+02
7.705463867187500000e+02
7.803364868164062500e+02
7.095420532226562500e+02
7.871120605468750000e+02
7.430272216796875000e+02
7.612618408203125000e+02
7.072537841796875000e+02
8.397908325195312500e+02
7.998226928710937500e+02
8.313040771484375000e+02
9.675036010742187500e+02
9.862470703125000000e+02
5.662939453125000000e+02
8.607843627929687500e+02
8.799190673828125000e+02
7.271591796875000000e+02
6.762805786132812500e+02
7.381915283203125000e+02
8.433100585937500000e+02
8.519146728515625000e+02
6.549016113281250000e+02
7.243548583984375000e+02
8.048815307617187500e+02
1.073483032226562500e+03
6.735219726562500000e+02
7.629584960937500000e+02
7.912793579101562500e+02
6.932426147460937500e+02
9.685997924804687500e+02
8.182837524414062500e+02
8.420746459960937500e+02
6.887005004882812500e+02
7.795493774414062500e+02
7.710516967773437500e+02
1.008983459472656250e+03
7.748422851562500000e+02
6.665626831054687500e+02
6.542125854492187500e+02
6.697981567382812500e+02
9.001797485351562500e+02
7.844677124023437500e+02
7.359939575195312500e+02
8.087404785156250000e+02
9.322312011718750000e+02
9.253577270507812500e+02
8.492104492187500000e+02
7.767145385742187500e+02
8.311666870117187500e+02
7.543798828125000000e+02
1.060968383789062500e+03
7.243100585937500000e+02
8.560222778320312500e+02
9.842752075195312500e+02
7.873986816406250000e+02
6.579461669921875000e+02
7.766460571289062500e+02
8.468915405273437500e+02
7.368039550781250000e+02
8.384692382812500000e+02
8.497459106445312500e+02
7.654843750000000000e+02
8.792474365234375000e+02
8.914329223632812500e+02
7.634092407226562500e+02
8.183951416015625000e+02
7.712755126953125000e+02
8.587934570312500000e+02
6.726049804687500000e+02
5.725518798828125000e+02
8.344547729492187500e+02
7.872183227539062500e+02
7.706157836914062500e+02
7.166846923828125000e+02
7.836239624023437500e+02
7.451713867187500000e+02
6.836401367187500000e+02
7.165768432617187500e+02
8.129638061523437500e+02
8.877558593750000000e+02
8.573142089843750000e+02
8.006042480468750000e+02
8.589052734375000000e+02
9.072056274414062500e+02
7.761303100585937500e+02
7.774725952148437500e+02
7.748210449218750000e+02
8.012406616210937500e+02
8.875255737304687500e+02
6.721364746093750000e+02
7.128919677734375000e+02
9.814414672851562500e+02
6.103851928710937500e+02
8.991943359375000000e+02
6.856628417968750000e+02
6.874362792968750000e+02
6.433900146484375000e+02
6.233858032226562500e+02
6.284533691406250000e+02
7.236173095703125000e+02
7.074440307617187500e+02
8.247578735351562500e+02
6.120692749023437500e+02
7.704735717773437500e+02
8.884111938476562500e+02
9.380904541015625000e+02
7.520070800781250000e+02
7.396911621093750000e+02
5.462120971679687500e+02
8.442565307617187500e+02
7.288768920898437500e+02
7.198856811523437500e+02
6.548539428710937500e+02
6.968029174804687500e+02
6.909885253906250000e+02
5.806553955078125000e+02
7.125307617187500000e+02
8.310684814453125000e+02
9.097786254882812500e+02
8.317484741210937500e+02
8.836663208007812500e+02
5.976195678710937500e+02
7.739822998046875000e+02
8.553678588867187500e+02
6.309754638671875000e+02
8.750578613281250000e+02
6.681875000000000000e+02
7.370682373046875000e+02
8.009979248046875000e+02
7.932402954101562500e+02
3.769840087890625000e+02
8.995017089843750000e+02
8.439505615234375000e+02
7.434123535156250000e+02
9.043890991210937500e+02
5.058987731933593750e+02
8.774315795898437500e+02
8.322694702148437500e+02
7.295201416015625000e+02
7.840680541992187500e+02
5.660697021484375000e+02
5.998855590820312500e+02
7.898769531250000000e+02
7.555289916992187500e+02
7.963421630859375000e+02
8.704224853515625000e+02
8.492450561523437500e+02
7.827468261718750000e+02
7.922792358398437500e+02
7.153273315429687500e+02
6.904589843750000000e+02
6.797822875976562500e+02
8.303006591796875000e+02
7.894849853515625000e+02
8.727275390625000000e+02
6.778615112304687500e+02
6.374294433593750000e+02
9.186737670898437500e+02
6.569005737304687500e+02
8.733337402343750000e+02
6.867731933593750000e+02
8.322487792968750000e+02
1.001074584960937500e+03
6.610236816406250000e+02
8.512172241210937500e+02
8.998956298828125000e+02
7.547551879882812500e+02
7.723241577148437500e+02
6.945321655273437500e+02
6.957565917968750000e+02
7.422957763671875000e+02
7.440148925781250000e+02
7.189653320312500000e+02
9.275322265625000000e+02
8.403817749023437500e+02
7.618067016601562500e+02
6.650304565429687500e+02
7.862358398437500000e+02
7.886530151367187500e+02
7.520859985351562500e+02
6.332164306640625000e+02
8.542707519531250000e+02
7.271738281250000000e+02
6.464688720703125000e+02
6.302109985351562500e+02
8.034014282226562500e+02
7.280983276367187500e+02
7.380736694335937500e+02
8.671486816406250000e+02
7.118929443359375000e+02
9.496577148437500000e+02
8.308160400390625000e+02
7.588877563476562500e+02
5.851760253906250000e+02
8.305060424804687500e+02
9.085160522460937500e+02
7.650739135742187500e+02
8.552855834960937500e+02
7.927017211914062500e+02
8.718809204101562500e+02
8.116343383789062500e+02
7.262622070312500000e+02
9.646460571289062500e+02
7.331649780273437500e+02
7.270288696289062500e+02
5.619912109375000000e+02
7.399971923828125000e+02
7.729720458984375000e+02
8.003234252929687500e+02
8.530371093750000000e+02
7.402799682617187500e+02
8.484382934570312500e+02
8.777512207031250000e+02
7.766847534179687500e+02
6.224922485351562500e+02
9.453301391601562500e+02
7.360986328125000000e+02
6.790528564453125000e+02
7.071170043945312500e+02
6.226876831054687500e+02
7.517756347656250000e+02
9.552148437500000000e+02
7.305244750976562500e+02
5.871841430664062500e+02
8.245214843750000000e+02
7.379213867187500000e+02
7.584965209960937500e+02
8.251895751953125000e+02
5.754710693359375000e+02
7.518728027343750000e+02
5.668412475585937500e+02
8.941701660156250000e+02
7.928152465820312500e+02
5.631760864257812500e+02
1.015186523437500000e+03
5.251399536132812500e+02
7.891194458007812500e+02
8.608361816406250000e+02
1.013738098144531250e+03
7.147714843750000000e+02
7.241660156250000000e+02
9.075476074218750000e+02
8.840922851562500000e+02
6.779442749023437500e+02
8.928125610351562500e+02
6.219004516601562500e+02
7.909639282226562500e+02
6.390420532226562500e+02
6.842080078125000000e+02
4.780638732910156250e+02
8.449251098632812500e+02
8.097149658203125000e+02
6.461634521484375000e+02
8.732172851562500000e+02
5.808273925781250000e+02
9.331796875000000000e+02
1.065746337890625000e+03
4.539483032226562500e+02
7.980818481445312500e+02
6.731248779296875000e+02
9.127363891601562500e+02
7.091856079101562500e+02
8.728164062500000000e+02
9.185529174804687500e+02
6.394542846679687500e+02
8.306657104492187500e+02
6.608835449218750000e+02
7.558237304687500000e+02
8.463829956054687500e+02
6.939863891601562500e+02
6.973260498046875000e+02
1.002224548339843750e+03
8.794564208984375000e+02
5.772052001953125000e+02
8.473530273437500000e+02
8.238079223632812500e+02
6.882500610351562500e+02
8.441384277343750000e+02
8.306763305664062500e+02
7.343184204101562500e+02
9.017907714843750000e+02
7.821212768554687500e+02
6.857918090820312500e+02
6.537524414062500000e+02
5.886711425781250000e+02
5.993131103515625000e+02
8.017784423828125000e+02
7.762450561523437500e+02
7.940838623046875000e+02
8.352088623046875000e+02
7.304364013671875000e+02
8.033818969726562500e+02
6.767360839843750000e+02
7.686072387695312500e+02
6.007269287109375000e+02
7.041704101562500000e+02
8.335474853515625000e+02
7.368401489257812500e+02
8.180821533203125000e+02
8.846121215820312500e+02
8.275649414062500000e+02
6.765613403320312500e+02
5.885460205078125000e+02
9.574274902343750000e+02
6.964840698242187500e+02
9.614472045898437500e+02
6.618356323242187500e+02
6.647940673828125000e+02
9.394392089843750000e+02
9.626605834960937500e+02
7.588014526367187500e+02
7.942363891601562500e+02
7.449107055664062500e+02
6.426307983398437500e+02
8.448807983398437500e+02
8.713662719726562500e+02
6.283905639648437500e+02
7.053485717773437500e+02
1.035746582031250000e+03
7.179855957031250000e+02
7.529553833007812500e+02
7.731337890625000000e+02
6.410885620117187500e+02
6.715401000976562500e+02
9.356219482421875000e+02
6.584556274414062500e+02
7.161986694335937500e+02
8.191962890625000000e+02
7.257940673828125000e+02
5.142338256835937500e+02
7.496911010742187500e+02
7.354462890625000000e+02
9.037769165039062500e+02
8.731066284179687500e+02
5.909074707031250000e+02
7.985192260742187500e+02
6.993321533203125000e+02
8.400903930664062500e+02
9.107868652343750000e+02
6.502922363281250000e+02
7.368724975585937500e+02
6.400841064453125000e+02
8.330399780273437500e+02
6.610847167968750000e+02
7.470944213867187500e+02
6.697855224609375000e+02
6.144739379882812500e+02
8.906638793945312500e+02
6.737994384765625000e+02
7.096967163085937500e+02
6.663851928710937500e+02
8.070095825195312500e+02
9.010387573242187500e+02
6.895770263671875000e+02
7.583247680664062500e+02
7.929255371093750000e+02
7.966921386718750000e+02
8.238345336914062500e+02
8.696668090820312500e+02
7.332283325195312500e+02
8.931090087890625000e+02
7.639166259765625000e+02
9.563350830078125000e+02
7.993326416015625000e+02
9.271155395507812500e+02
5.746610717773437500e+02
9.104577026367187500e+02
7.742937622070312500e+02
6.628979492187500000e+02
7.244677124023437500e+02
7.812384643554687500e+02
5.928143920898437500e+02
7.235795898437500000e+02
7.926173706054687500e+02
7.755716552734375000e+02
5.855769653320312500e+02
8.674321899414062500e+02
9.481151123046875000e+02
6.843253173828125000e+02
6.967745971679687500e+02
9.334471435546875000e+02
8.349532470703125000e+02
8.232274780273437500e+02
7.360660400390625000e+02
6.025249633789062500e+02
7.090723876953125000e+02
6.308193969726562500e+02
7.168078002929687500e+02
7.092423706054687500e+02
7.396342773437500000e+02
6.812075195312500000e+02
7.301395263671875000e+02
8.180247802734375000e+02
7.079555053710937500e+02
8.908770141601562500e+02
7.379566040039062500e+02
7.857946777343750000e+02
7.268206176757812500e+02
7.981842651367187500e+02
7.801217651367187500e+02
6.989992065429687500e+02
9.342189331054687500e+02
8.857960815429687500e+02
8.156339111328125000e+02
8.858342895507812500e+02
7.690495605468750000e+02
7.948481445312500000e+02
8.666780395507812500e+02
7.593531494140625000e+02
8.218070678710937500e+02
8.362898559570312500e+02
8.714578247070312500e+02
9.314277954101562500e+02
8.335970458984375000e+02
8.420299682617187500e+02
7.400112915039062500e+02
4.753799743652343750e+02
6.669255371093750000e+02
8.433161621093750000e+02
6.230319824218750000e+02
9.887684936523437500e+02
9.093776245117187500e+02
7.617210693359375000e+02
7.410574951171875000e+02
8.063930053710937500e+02
7.088239135742187500e+02
1.046134887695312500e+03
6.946631469726562500e+02
6.448853759765625000e+02
7.102045288085937500e+02
8.468726196289062500e+02
5.862872314453125000e+02
5.884831542968750000e+02
5.851664428710937500e+02
9.452390747070312500e+02
8.467171630859375000e+02
8.522810058593750000e+02
6.029974365234375000e+02
6.578057861328125000e+02
7.889336547851562500e+02
7.802171630859375000e+02
8.451517333984375000e+02
6.980269775390625000e+02
8.684085083007812500e+02
7.377891845703125000e+02
5.100306091308593750e+02
7.225828857421875000e+02
8.124551391601562500e+02
7.740339965820312500e+02
8.874943237304687500e+02
7.182968139648437500e+02
9.530992431640625000e+02
8.785996093750000000e+02
7.086826782226562500e+02
9.931788330078125000e+02
6.689105224609375000e+02
8.388386230468750000e+02
6.650665283203125000e+02
6.690068359375000000e+02
9.105718383789062500e+02
8.401904296875000000e+02
7.495628662109375000e+02
8.506981201171875000e+02
7.401896972656250000e+02
6.753004150390625000e+02
9.098506469726562500e+02
6.048424682617187500e+02
7.258351440429687500e+02
6.629093627929687500e+02
8.952435302734375000e+02
8.265031127929687500e+02
7.350429687500000000e+02
8.303453979492187500e+02
8.133390502929687500e+02
8.087938232421875000e+02
8.720868530273437500e+02
8.148943481445312500e+02
6.697380371093750000e+02
6.767730102539062500e+02
5.946120605468750000e+02
6.529576416015625000e+02
5.880869750976562500e+02
8.477860107421875000e+02
7.119868774414062500e+02
8.046323852539062500e+02
8.320660400390625000e+02
7.474369506835937500e+02
7.002971801757812500e+02
7.962333374023437500e+02
8.212795410156250000e+02
6.388552246093750000e+02
9.025831298828125000e+02
6.219069824218750000e+02
7.627034301757812500e+02
7.070082397460937500e+02
7.848887939453125000e+02
5.926622314453125000e+02
8.391013183593750000e+02
8.816768798828125000e+02
8.407684326171875000e+02
5.019455566406250000e+02
8.569997558593750000e+02
7.868065795898437500e+02
6.922609863281250000e+02
9.037069702148437500e+02
6.820485839843750000e+02
9.109639892578125000e+02
8.340573730468750000e+02
8.516521606445312500e+02
6.101822509765625000e+02
7.561746826171875000e+02
7.086813354492187500e+02
8.903651123046875000e+02
7.960009765625000000e+02
7.821525878906250000e+02
7.878332519531250000e+02
7.127012939453125000e+02
7.610191040039062500e+02
7.213861083984375000e+02
5.198405151367187500e+02
1.215470703125000000e+03
6.876873168945312500e+02
8.570449218750000000e+02
6.916997680664062500e+02
8.090126953125000000e+02
8.082528076171875000e+02
8.027524414062500000e+02
7.801024780273437500e+02
8.266868896484375000e+02
6.512536621093750000e+02
7.137373657226562500e+02
9.355477905273437500e+02
6.213667602539062500e+02
6.957777099609375000e+02
7.421979370117187500e+02
8.587311401367187500e+02
7.940592041015625000e+02
9.658690795898437500e+02
6.301413574218750000e+02
7.266894531250000000e+02
7.515206298828125000e+02
7.109168701171875000e+02
6.330536499023437500e+02
8.214547119140625000e+02
7.441180419921875000e+02
8.093544311523437500e+02
8.217473144531250000e+02
7.825454711914062500e+02
9.462581787109375000e+02
9.709515991210937500e+02
7.712597045898437500e+02
6.193812255859375000e+02
7.856815795898437500e+02
6.753205566406250000e+02
8.523519897460937500e+02
7.686411132812500000e+02
9.070526733398437500e+02
8.375123901367187500e+02
6.793186645507812500e+02
8.329426879882812500e+02
6.939258422851562500e+02
8.114829711914062500e+02
6.912958374023437500e+02
6.273897705078125000e+02
8.123859252929687500e+02
6.475123901367187500e+02
8.677894287109375000e+02
7.208634033203125000e+02
9.632958984375000000e+02
8.914802856445312500e+02
5.665819091796875000e+02
8.508172607421875000e+02
8.224583740234375000e+02
8.641514892578125000e+02
7.424010620117187500e+02
7.483757324218750000e+02
9.442885131835937500e+02
6.957846069335937500e+02
6.467180175781250000e+02
8.121932373046875000e+02
7.140768432617187500e+02
8.506516723632812500e+02
7.187713012695312500e+02
9.062700805664062500e+02
8.999976806640625000e+02
5.671911621093750000e+02
7.484189453125000000e+02
8.210383911132812500e+02
1.036110107421875000e+03
7.987896118164062500e+02
9.741494140625000000e+02
7.113607177734375000e+02
7.296184692382812500e+02
8.823559570312500000e+02
7.875560302734375000e+02
7.161148071289062500e+02
8.635384521484375000e+02
6.698717041015625000e+02
8.720751953125000000e+02
9.248645629882812500e+02
7.673447875976562500e+02
9.478557128906250000e+02
6.118629760742187500e+02
7.165201416015625000e+02
6.724525146484375000e+02
8.383482055664062500e+02
8.542727661132812500e+02
8.448796997070312500e+02
7.904528808593750000e+02
1.041115234375000000e+03
7.150814208984375000e+02
5.525072021484375000e+02
7.421112670898437500e+02
6.945067749023437500e+02
6.714776000976562500e+02
6.518263549804687500e+02
7.183201904296875000e+02
7.569210205078125000e+02
6.920005493164062500e+02
7.396138916015625000e+02
7.576083374023437500e+02
7.136217651367187500e+02
6.942309570312500000e+02
6.693023681640625000e+02
7.091843872070312500e+02
7.541032104492187500e+02
7.136849365234375000e+02
9.008468627929687500e+02
8.930483398437500000e+02
7.640385742187500000e+02
8.062868041992187500e+02
7.441751098632812500e+02
7.511327514648437500e+02
6.259517211914062500e+02
6.125043945312500000e+02
7.548583984375000000e+02
9.012346191406250000e+02
6.853164062500000000e+02
7.084175415039062500e+02
7.396354370117187500e+02
8.169158935546875000e+02
8.719889526367187500e+02
7.313920898437500000e+02
7.175448608398437500e+02
6.411509399414062500e+02
7.995791625976562500e+02
8.710707397460937500e+02
6.645095214843750000e+02
7.623532714843750000e+02
4.092026977539062500e+02
6.710979003906250000e+02
7.620819702148437500e+02
6.867857666015625000e+02
9.210474243164062500e+02
6.832697753906250000e+02
7.895761108398437500e+02
7.981112670898437500e+02
7.837682495117187500e+02
9.745673217773437500e+02
7.296107788085937500e+02
8.077006225585937500e+02
9.797814941406250000e+02
6.832600097656250000e+02
6.239907836914062500e+02
7.505428466796875000e+02
9.153959350585937500e+02
7.481348266601562500e+02
7.476832275390625000e+02
6.600522460937500000e+02
7.952684936523437500e+02
7.672163696289062500e+02
8.292127075195312500e+02
9.655501708984375000e+02
8.195352172851562500e+02
7.750574340820312500e+02
8.684912109375000000e+02
6.030584106445312500e+02
7.718473510742187500e+02
9.332852783203125000e+02
7.627124633789062500e+02
6.774888305664062500e+02
6.979774169921875000e+02
7.227475585937500000e+02
8.631090698242187500e+02
7.013101806640625000e+02
9.371130981445312500e+02
8.391611328125000000e+02
6.420569458007812500e+02
7.985049438476562500e+02
6.402922973632812500e+02
7.870846557617187500e+02
7.359557495117187500e+02
6.739602050781250000e+02
7.178594970703125000e+02
9.015939941406250000e+02
7.436168212890625000e+02
8.250314941406250000e+02
1.030801879882812500e+03
8.137858276367187500e+02
5.998742675781250000e+02
5.766968994140625000e+02
7.824153442382812500e+02
9.163075561523437500e+02
6.863912353515625000e+02
7.409262084960937500e+02
7.138834228515625000e+02
6.621418457031250000e+02
6.712789306640625000e+02
8.760214233398437500e+02
5.644353637695312500e+02
9.526653442382812500e+02
9.589600830078125000e+02
6.153438110351562500e+02
6.544594116210937500e+02
8.788908081054687500e+02
8.903582153320312500e+02
6.961177978515625000e+02
7.787833862304687500e+02
7.233694458007812500e+02
8.640904541015625000e+02
5.576240234375000000e+02
9.204498291015625000e+02
8.438970336914062500e+02
8.390155029296875000e+02
8.873951416015625000e+02
5.480591430664062500e+02
6.923170166015625000e+02
8.311071166992187500e+02
6.360771484375000000e+02
8.938016357421875000e+02
9.429241333007812500e+02
7.983007812500000000e+02
6.331449584960937500e+02
7.210831909179687500e+02
7.570153808593750000e+02
7.027050170898437500e+02
7.472119750976562500e+02
7.672684326171875000e+02
6.456509399414062500e+02
7.166268920898437500e+02
9.467329101562500000e+02
7.743110351562500000e+02
9.013112182617187500e+02
7.559120483398437500e+02
8.131565551757812500e+02
7.086668090820312500e+02
6.973773803710937500e+02
1.024933227539062500e+03
5.468045043945312500e+02
7.787672119140625000e+02
7.150848388671875000e+02
5.616881103515625000e+02
5.718115844726562500e+02
5.786105346679687500e+02
8.218024291992187500e+02
8.425653076171875000e+02
8.192574462890625000e+02
7.578614501953125000e+02
6.152225952148437500e+02
8.286620483398437500e+02
6.519267578125000000e+02
5.656340942382812500e+02
8.128020629882812500e+02
8.539817504882812500e+02
6.115247802734375000e+02
9.005388793945312500e+02
6.504833374023437500e+02
7.878066406250000000e+02
7.184703369140625000e+02
7.676703491210937500e+02
7.573719482421875000e+02
7.796681518554687500e+02
8.158067626953125000e+02
5.966765747070312500e+02
7.725294799804687500e+02
8.129053344726562500e+02
8.861058959960937500e+02
8.249904174804687500e+02
9.991936035156250000e+02
8.728587646484375000e+02
8.669487304687500000e+02
9.277650756835937500e+02
7.520623168945312500e+02
6.296218872070312500e+02
7.230526733398437500e+02
8.333533325195312500e+02
7.419734497070312500e+02
8.231869506835937500e+02
8.032531738281250000e+02
7.548459472656250000e+02
8.087786254882812500e+02
8.014663696289062500e+02
7.890079956054687500e+02
8.440330200195312500e+02
6.916994018554687500e+02
5.888666992187500000e+02
1.059850097656250000e+03
5.876237792968750000e+02
6.114644775390625000e+02
6.383814086914062500e+02
7.919332275390625000e+02
6.464671020507812500e+02
7.784379882812500000e+02
6.443880615234375000e+02
7.340301513671875000e+02
6.068363647460937500e+02
7.548349609375000000e+02
7.876198730468750000e+02
8.567891235351562500e+02
7.712592163085937500e+02
7.177988891601562500e+02
6.417692260742187500e+02
9.200302734375000000e+02
5.469058227539062500e+02
6.953820800781250000e+02
8.132641601562500000e+02
6.848142700195312500e+02
9.587282714843750000e+02
5.145139770507812500e+02
8.554907836914062500e+02
6.616665649414062500e+02
6.994645385742187500e+02
7.625977172851562500e+02
4.636541137695312500e+02
7.771226196289062500e+02
7.112584838867187500e+02
8.415901489257812500e+02
8.179235839843750000e+02
9.531486816406250000e+02
6.158745117187500000e+02
8.943869018554687500e+02
9.166410522460937500e+02
5.558671875000000000e+02
7.885140991210937500e+02
7.877832641601562500e+02
7.346389160156250000e+02
8.571668701171875000e+02
7.442234497070312500e+02
6.943639526367187500e+02
8.267222290039062500e+02
8.584047241210937500e+02
9.417075195312500000e+02
5.654655151367187500e+02
7.574253540039062500e+02
6.368317871093750000e+02
8.964508666992187500e+02
7.069203491210937500e+02
6.578781127929687500e+02
7.958956298828125000e+02
7.574450683593750000e+02
5.820920410156250000e+02
6.356234130859375000e+02
8.508531494140625000e+02
8.832070312500000000e+02
8.239870605468750000e+02
6.966176757812500000e+02
7.393572387695312500e+02
7.740589599609375000e+02
8.873531494140625000e+02
8.519814453125000000e+02
6.686743164062500000e+02
7.698735961914062500e+02
