1.086747264862060547e+01
1.087036323547363281e+01
1.087003040313720703e+01
1.084982490539550781e+01
1.086722087860107422e+01
1.086581707000732422e+01
1.087293624877929688e+01
1.086964893341064453e+01
1.086904239654541016e+01
1.086203384399414062e+01
1.087386322021484375e+01
1.086839866638183594e+01
1.084780216217041016e+01
1.087052059173583984e+01
1.086881542205810547e+01
1.087615871429443359e+01
1.085771083831787109e+01
1.083877658843994141e+01
1.086768722534179688e+01
1.087833976745605469e+01
1.087326812744140625e+01
1.085001373291015625e+01
1.086433029174804688e+01
1.086239337921142578e+01
1.087120628356933594e+01
1.085910511016845703e+01
1.086971187591552734e+01
1.084539985656738281e+01
1.086718940734863281e+01
1.085805320739746094e+01
1.086428451538085938e+01
1.086135673522949219e+01
1.086169815063476562e+01
1.085775089263916016e+01
1.086102962493896484e+01
1.085063648223876953e+01
1.086926937103271484e+01
1.086468219757080078e+01
1.087983798980712891e+01
1.087304306030273438e+01
1.084335327148437500e+01
1.087905216217041016e+01
1.087700939178466797e+01
1.086028099060058594e+01
1.086030387878417969e+01
1.087176322937011719e+01
1.086624050140380859e+01
1.086672878265380859e+01
1.085362911224365234e+01
1.087618160247802734e+01
1.086617183685302734e+01
1.085964584350585938e+01
1.086354160308837891e+01
1.086810493469238281e+01
1.085119342803955078e+01
1.088196849822998047e+01
1.087074947357177734e+01
1.086670875549316406e+01
1.087937259674072266e+01
1.086869144439697266e+01
1.088016796112060547e+01
1.084515190124511719e+01
1.083290863037109375e+01
1.085985565185546875e+01
1.087456321716308594e+01
1.086568450927734375e+01
1.086047649383544922e+01
1.086446762084960938e+01
1.087344551086425781e+01
1.086597061157226562e+01
1.085137939453125000e+01
1.086908435821533203e+01
1.085736942291259766e+01
1.087152004241943359e+01
1.085721683502197266e+01
1.087911128997802734e+01
1.086691093444824219e+01
1.088356113433837891e+01
1.085783481597900391e+01
1.085189723968505859e+01
1.085598659515380859e+01
1.085906314849853516e+01
1.086373710632324219e+01
1.085903835296630859e+01
1.088434123992919922e+01
1.084795379638671875e+01
1.087178611755371094e+01
1.087794589996337891e+01
1.086618232727050781e+01
1.087905120849609375e+01
1.086137866973876953e+01
1.086774253845214844e+01
1.086082172393798828e+01
1.086636638641357422e+01
1.087279129028320312e+01
1.085793876647949219e+01
1.086062526702880859e+01
1.087512969970703125e+01
1.087615489959716797e+01
1.086076641082763672e+01
1.084155654907226562e+01
1.086891746520996094e+01
1.086550140380859375e+01
1.087874126434326172e+01
1.087757873535156250e+01
1.084859657287597656e+01
1.086720085144042969e+01
1.086293697357177734e+01
1.084534931182861328e+01
1.085048007965087891e+01
1.086690330505371094e+01
1.088440036773681641e+01
1.087337493896484375e+01
1.085977268218994141e+01
1.086877441406250000e+01
1.086720752716064453e+01
1.086171054840087891e+01
1.084204483032226562e+01
1.086474227905273438e+01
1.086503314971923828e+01
1.088156318664550781e+01
1.086380958557128906e+01
1.086228847503662109e+01
1.087521171569824219e+01
1.087343406677246094e+01
1.086124706268310547e+01
1.082963085174560547e+01
1.086435317993164062e+01
1.087213611602783203e+01
1.084354305267333984e+01
1.085755443572998047e+01
1.087096595764160156e+01
1.087037944793701172e+01
1.085572910308837891e+01
1.087549209594726562e+01
1.087681579589843750e+01
1.086446094512939453e+01
1.086676502227783203e+01
1.087849998474121094e+01
1.086900711059570312e+01
1.086222553253173828e+01
1.085358810424804688e+01
1.087417507171630859e+01
1.086406803131103516e+01
1.087687778472900391e+01
1.086465644836425781e+01
1.086794567108154297e+01
1.086334323883056641e+01
1.087462139129638672e+01
1.086280918121337891e+01
1.086071968078613281e+01
1.085179710388183594e+01
1.084580039978027344e+01
1.085110092163085938e+01
1.086483860015869141e+01
1.084575843811035156e+01
1.087310791015625000e+01
1.086683654785156250e+01
1.085012722015380859e+01
1.085785388946533203e+01
1.085928344726562500e+01
1.086722946166992188e+01
1.086815452575683594e+01
1.087533378601074219e+01
1.087369823455810547e+01
1.086306095123291016e+01
1.086738109588623047e+01
1.085090827941894531e+01
1.085776042938232422e+01
1.088309860229492188e+01
1.085178470611572266e+01
1.085041713714599609e+01
1.087723636627197266e+01
1.085942554473876953e+01
1.085979461669921875e+01
1.087619972229003906e+01
1.087134170532226562e+01
1.083914566040039062e+01
1.087580776214599609e+01
1.087505340576171875e+01
1.085527038574218750e+01
1.086227703094482422e+01
1.086998367309570312e+01
1.085837459564208984e+01
1.087720775604248047e+01
1.087328529357910156e+01
1.085836791992187500e+01
1.085642528533935547e+01
1.085891151428222656e+01
1.088624000549316406e+01
1.086443042755126953e+01
1.087337970733642578e+01
1.087734317779541016e+01
1.084759902954101562e+01
1.085222625732421875e+01
1.086489200592041016e+01
1.085032749176025391e+01
1.086701393127441406e+01
1.086526107788085938e+01
1.086270809173583984e+01
1.086114025115966797e+01
1.087101364135742188e+01
1.086879253387451172e+01
1.086490631103515625e+01
1.086036109924316406e+01
1.087603187561035156e+01
1.086574840545654297e+01
1.085522937774658203e+01
1.086002349853515625e+01
1.085246849060058594e+01
1.086659717559814453e+01
1.087094402313232422e+01
1.088554477691650391e+01
1.085416984558105469e+01
1.087667083740234375e+01
1.086210155487060547e+01
1.087354946136474609e+01
1.085521697998046875e+01
1.086633300781250000e+01
1.086261653900146484e+01
1.086285114288330078e+01
1.086322212219238281e+01
1.085383605957031250e+01
1.085020351409912109e+01
1.086978912353515625e+01
1.086763095855712891e+01
1.084814167022705078e+01
1.086726951599121094e+01
1.085511684417724609e+01
1.086365699768066406e+01
1.086973571777343750e+01
1.086432743072509766e+01
1.085466861724853516e+01
1.088273429870605469e+01
1.085491275787353516e+01
1.086767768859863281e+01
1.085961627960205078e+01
1.086566352844238281e+01
1.086240482330322266e+01
1.085958003997802734e+01
1.086524581909179688e+01
1.084907341003417969e+01
1.086049175262451172e+01
1.085467624664306641e+01
1.086300849914550781e+01
1.085966777801513672e+01
1.086296749114990234e+01
1.087521553039550781e+01
1.086191463470458984e+01
1.085259342193603516e+01
1.085996055603027344e+01
1.086006355285644531e+01
1.086616611480712891e+01
1.086836910247802734e+01
1.087444019317626953e+01
1.087514972686767578e+01
1.085515975952148438e+01
1.086107158660888672e+01
1.086673736572265625e+01
1.086005401611328125e+01
1.088165283203125000e+01
1.087820053100585938e+01
1.087998008728027344e+01
1.087144851684570312e+01
1.085757541656494141e+01
1.084938812255859375e+01
1.088758182525634766e+01
1.087859916687011719e+01
1.086367702484130859e+01
1.085384464263916016e+01
1.086330318450927734e+01
1.086492156982421875e+01
1.085234832763671875e+01
1.084367942810058594e+01
1.086192607879638672e+01
1.084949493408203125e+01
1.086899185180664062e+01
1.085033607482910156e+01
1.085163497924804688e+01
1.086470508575439453e+01
1.085136699676513672e+01
1.086665630340576172e+01
1.086260890960693359e+01
1.087156295776367188e+01
1.086922740936279297e+01
1.086457633972167969e+01
1.086584472656250000e+01
1.085953330993652344e+01
1.084823703765869141e+01
1.086939239501953125e+01
1.086601638793945312e+01
1.088735389709472656e+01
1.086243057250976562e+01
1.087132358551025391e+01
1.087126445770263672e+01
1.087258052825927734e+01
1.086390209197998047e+01
1.086146640777587891e+01
1.087150478363037109e+01
1.085285282135009766e+01
1.086559391021728516e+01
1.084635257720947266e+01
1.086348342895507812e+01
1.086686325073242188e+01
1.086999988555908203e+01
1.086103916168212891e+01
1.085152912139892578e+01
1.086382675170898438e+01
1.086506938934326172e+01
1.086623287200927734e+01
1.085345172882080078e+01
1.088141632080078125e+01
1.086526584625244141e+01
1.087667560577392578e+01
1.086591911315917969e+01
1.085362625122070312e+01
1.087320804595947266e+01
1.086069965362548828e+01
1.086369419097900391e+01
1.087110710144042969e+01
1.085506629943847656e+01
1.085832691192626953e+01
1.085785579681396484e+01
1.086137962341308594e+01
1.085817909240722656e+01
1.087119865417480469e+01
1.086261749267578125e+01
1.087220954895019531e+01
1.087478160858154297e+01
1.086380100250244141e+01
1.085731029510498047e+01
1.086317348480224609e+01
1.086394977569580078e+01
1.085468387603759766e+01
1.087288188934326172e+01
1.086220359802246094e+01
1.086692428588867188e+01
1.086226940155029297e+01
1.086686992645263672e+01
1.088197135925292969e+01
1.086153888702392578e+01
1.083854103088378906e+01
1.087203121185302734e+01
1.086548519134521484e+01
1.085390567779541016e+01
1.087570095062255859e+01
1.087559223175048828e+01
1.085593509674072266e+01
1.087348937988281250e+01
1.087080192565917969e+01
1.086956310272216797e+01
1.085978126525878906e+01
1.086125946044921875e+01
1.087503910064697266e+01
1.085728740692138672e+01
1.086258697509765625e+01
1.085096263885498047e+01
1.086226463317871094e+01
1.085770416259765625e+01
1.088277912139892578e+01
1.086689758300781250e+01
1.085206794738769531e+01
1.087805366516113281e+01
1.087033176422119141e+01
1.084356307983398438e+01
1.087030315399169922e+01
1.086611080169677734e+01
1.083533573150634766e+01
1.086205577850341797e+01
1.083880996704101562e+01
1.084118747711181641e+01
1.087163257598876953e+01
1.086539840698242188e+01
1.087213230133056641e+01
1.085846042633056641e+01
1.086333370208740234e+01
1.086129188537597656e+01
1.087390708923339844e+01
1.086430740356445312e+01
1.087696266174316406e+01
1.086722278594970703e+01
1.086811351776123047e+01
1.086779594421386719e+01
1.086494064331054688e+01
1.086070632934570312e+01
1.083399677276611328e+01
1.085528182983398438e+01
1.086203098297119141e+01
1.085131454467773438e+01
1.086381053924560547e+01
1.084629726409912109e+01
1.087492084503173828e+01
1.085824394226074219e+01
1.085478210449218750e+01
1.089416217803955078e+01
1.087259006500244141e+01
1.086694049835205078e+01
1.087508392333984375e+01
1.085650634765625000e+01
1.088307189941406250e+01
1.085151576995849609e+01
1.085216999053955078e+01
1.085401535034179688e+01
1.086709976196289062e+01
1.086977005004882812e+01
1.086920738220214844e+01
1.087877178192138672e+01
1.085224056243896484e+01
1.085734558105468750e+01
1.086853218078613281e+01
1.085904788970947266e+01
1.086172294616699219e+01
1.088451290130615234e+01
1.084882354736328125e+01
1.086923122406005859e+01
1.086561584472656250e+01
1.086278629302978516e+01
1.085084819793701172e+01
1.084971237182617188e+01
1.087457275390625000e+01
1.086754226684570312e+01
1.086371421813964844e+01
1.087394142150878906e+01
1.085596561431884766e+01
1.086795520782470703e+01
1.087418270111083984e+01
1.086913871765136719e+01
1.087313175201416016e+01
1.087015247344970703e+01
1.084924030303955078e+01
1.085340595245361328e+01
1.087375640869140625e+01
1.085446834564208984e+01
1.084382057189941406e+01
1.084014987945556641e+01
1.087435436248779297e+01
1.087640476226806641e+01
1.086729812622070312e+01
1.087330055236816406e+01
1.087509536743164062e+01
1.086401748657226562e+01
1.086678600311279297e+01
1.084300613403320312e+01
1.086859321594238281e+01
1.086626338958740234e+01
1.086051082611083984e+01
1.086715698242187500e+01
1.086134338378906250e+01
1.087281417846679688e+01
1.086372566223144531e+01
1.086358165740966797e+01
1.086292362213134766e+01
1.085420036315917969e+01
1.085936355590820312e+01
1.088193511962890625e+01
1.087214183807373047e+01
1.086373233795166016e+01
1.087937450408935547e+01
1.085818004608154297e+01
1.087360763549804688e+01
1.087371063232421875e+01
1.087186908721923828e+01
1.086771869659423828e+01
1.084866809844970703e+01
1.086494350433349609e+01
1.087709522247314453e+01
1.087748718261718750e+01
1.086155605316162109e+01
1.086623477935791016e+01
1.084777832031250000e+01
1.086471843719482422e+01
1.086008262634277344e+01
1.088410091400146484e+01
1.089264774322509766e+01
1.086573219299316406e+01
1.086527442932128906e+01
1.085981750488281250e+01
1.087672424316406250e+01
1.087436866760253906e+01
1.086360549926757812e+01
1.084579467773437500e+01
1.086202335357666016e+01
1.085575866699218750e+01
1.086406993865966797e+01
1.087658405303955078e+01
1.086876201629638672e+01
1.085758399963378906e+01
1.085353469848632812e+01
1.086150169372558594e+01
1.087183189392089844e+01
1.084871101379394531e+01
1.086429595947265625e+01
1.087232208251953125e+01
1.086408138275146484e+01
1.087293720245361328e+01
1.084666728973388672e+01
1.085227012634277344e+01
1.086438465118408203e+01
1.085839939117431641e+01
1.084885120391845703e+01
1.086998081207275391e+01
1.087983989715576172e+01
1.085524082183837891e+01
1.085731315612792969e+01
1.087674713134765625e+01
1.084214878082275391e+01
1.085899925231933594e+01
1.085620594024658203e+01
1.086646938323974609e+01
1.086219406127929688e+01
1.085824871063232422e+01
1.087516403198242188e+01
1.086248302459716797e+01
1.086710739135742188e+01
1.085839176177978516e+01
1.084561920166015625e+01
1.085892486572265625e+01
1.087529563903808594e+01
1.085628032684326172e+01
1.085904884338378906e+01
1.085174655914306641e+01
1.086997604370117188e+01
1.086619853973388672e+01
1.087138748168945312e+01
1.085149192810058594e+01
1.087111568450927734e+01
1.085882377624511719e+01
1.085190010070800781e+01
1.085544013977050781e+01
1.086598682403564453e+01
1.083038616180419922e+01
1.086211395263671875e+01
1.086365318298339844e+01
1.088229084014892578e+01
1.087075424194335938e+01
1.087488460540771484e+01
1.086149406433105469e+01
1.086906528472900391e+01
1.086046600341796875e+01
1.086616992950439453e+01
1.085769176483154297e+01
1.085066604614257812e+01
1.085437107086181641e+01
1.084720802307128906e+01
1.087911987304687500e+01
1.085921192169189453e+01
1.086684131622314453e+01
1.086308765411376953e+01
1.086834812164306641e+01
1.088538551330566406e+01
1.083293437957763672e+01
1.086356258392333984e+01
1.086912536621093750e+01
1.087404632568359375e+01
1.085552120208740234e+01
1.085373401641845703e+01
1.086704063415527344e+01
1.085531616210937500e+01
1.086262035369873047e+01
1.084931755065917969e+01
1.087720489501953125e+01
1.086458969116210938e+01
1.086567974090576172e+01
1.087530326843261719e+01
1.084704589843750000e+01
1.086177062988281250e+01
1.088107395172119141e+01
1.087759780883789062e+01
1.085216331481933594e+01
1.085193061828613281e+01
1.084619998931884766e+01
1.087316894531250000e+01
1.086077499389648438e+01
1.084804153442382812e+01
1.086383152008056641e+01
1.086555957794189453e+01
1.088194847106933594e+01
1.087301826477050781e+01
1.087799263000488281e+01
1.085893535614013672e+01
1.083661174774169922e+01
1.085717010498046875e+01
1.086015319824218750e+01
1.083143615722656250e+01
1.087608814239501953e+01
1.086366748809814453e+01
1.084213733673095703e+01
1.086175155639648438e+01
1.085529422760009766e+01
1.087658691406250000e+01
1.086748981475830078e+01
1.085608196258544922e+01
1.086023998260498047e+01
1.087768745422363281e+01
1.084561443328857422e+01
1.086541938781738281e+01
1.087110519409179688e+01
1.084209728240966797e+01
1.085454273223876953e+01
1.086851501464843750e+01
1.085097503662109375e+01
1.086583709716796875e+01
1.086565017700195312e+01
1.086217689514160156e+01
1.086987686157226562e+01
1.085782337188720703e+01
1.085356807708740234e+01
1.084208011627197266e+01
1.087932777404785156e+01
1.085573101043701172e+01
1.087401390075683594e+01
1.087663650512695312e+01
1.084975528717041016e+01
1.087033939361572266e+01
1.085605430603027344e+01
1.086991786956787109e+01
1.085319995880126953e+01
1.085853481292724609e+01
1.085075759887695312e+01
1.086281204223632812e+01
1.088243198394775391e+01
1.086353874206542969e+01
1.087228298187255859e+01
1.085076618194580078e+01
1.086643981933593750e+01
1.085909557342529297e+01
1.085903930664062500e+01
1.084684562683105469e+01
1.086238956451416016e+01
1.086075115203857422e+01
1.087039184570312500e+01
1.085752487182617188e+01
1.086794567108154297e+01
1.086501693725585938e+01
1.085236930847167969e+01
1.087112426757812500e+01
1.086538982391357422e+01
1.087602806091308594e+01
1.086935329437255859e+01
1.085662937164306641e+01
1.086001205444335938e+01
1.088360309600830078e+01
1.086290740966796875e+01
1.083307456970214844e+01
1.086864280700683594e+01
1.085923194885253906e+01
1.086913871765136719e+01
1.087489986419677734e+01
1.085755920410156250e+01
1.086203479766845703e+01
1.086218452453613281e+01
1.086987113952636719e+01
1.086330318450927734e+01
1.087549877166748047e+01
1.085477542877197266e+01
1.085717487335205078e+01
1.085782146453857422e+01
1.086537933349609375e+01
1.086287021636962891e+01
1.085334300994873047e+01
1.086948585510253906e+01
1.086220455169677734e+01
1.086859607696533203e+01
1.087869739532470703e+01
1.086450862884521484e+01
1.086607837677001953e+01
1.086243057250976562e+01
1.086364269256591797e+01
1.085338592529296875e+01
1.087486934661865234e+01
1.086873340606689453e+01
1.088072776794433594e+01
1.086804103851318359e+01
1.085758590698242188e+01
1.086663722991943359e+01
1.085799598693847656e+01
1.087339019775390625e+01
1.085160255432128906e+01
1.085837268829345703e+01
1.087578487396240234e+01
1.085984706878662109e+01
1.085122871398925781e+01
1.088276290893554688e+01
1.087447452545166016e+01
1.086408710479736328e+01
1.086896610260009766e+01
1.086765480041503906e+01
1.085355949401855469e+01
1.084019660949707031e+01
1.086911678314208984e+01
1.088080024719238281e+01
1.085221004486083984e+01
1.088105964660644531e+01
1.087243843078613281e+01
1.084961128234863281e+01
1.086089801788330078e+01
1.086018085479736328e+01
1.086457347869873047e+01
1.087934112548828125e+01
1.087800502777099609e+01
1.087633991241455078e+01
1.087314414978027344e+01
1.084946060180664062e+01
1.087953853607177734e+01
1.085106086730957031e+01
1.085896873474121094e+01
1.085466289520263672e+01
1.084634780883789062e+01
1.088419723510742188e+01
1.087415790557861328e+01
1.084215641021728516e+01
1.087184429168701172e+01
1.085481357574462891e+01
1.087449550628662109e+01
1.085963058471679688e+01
1.087324905395507812e+01
1.086475944519042969e+01
1.087061023712158203e+01
1.086691379547119141e+01
1.086412715911865234e+01
1.085208511352539062e+01
1.085377597808837891e+01
1.084448242187500000e+01
1.085703945159912109e+01
1.083771705627441406e+01
1.086125087738037109e+01
1.085783576965332031e+01
1.086880111694335938e+01
1.084564399719238281e+01
1.086290550231933594e+01
1.086929035186767578e+01
1.085551643371582031e+01
1.086391925811767578e+01
1.087610912322998047e+01
1.088766574859619141e+01
1.086543083190917969e+01
1.085579967498779297e+01
1.086184024810791016e+01
1.084677791595458984e+01
1.086616992950439453e+01
1.085943508148193359e+01
1.086433315277099609e+01
1.086964607238769531e+01
1.086269664764404297e+01
1.085569667816162109e+01
1.087273979187011719e+01
1.085966110229492188e+01
1.086507797241210938e+01
1.083509445190429688e+01
1.085441398620605469e+01
1.085102844238281250e+01
1.086950016021728516e+01
1.084175968170166016e+01
1.086522960662841797e+01
1.087336921691894531e+01
1.086870288848876953e+01
1.087697029113769531e+01
1.085032653808593750e+01
1.084295940399169922e+01
1.085083770751953125e+01
1.085378646850585938e+01
1.087839221954345703e+01
1.085496139526367188e+01
1.085973167419433594e+01
1.085460376739501953e+01
1.084576892852783203e+01
1.085468482971191406e+01
1.085840129852294922e+01
1.087250900268554688e+01
1.087845516204833984e+01
1.086320018768310547e+01
1.085954380035400391e+01
1.087194538116455078e+01
1.085603237152099609e+01
1.085314846038818359e+01
1.085275459289550781e+01
1.087165832519531250e+01
1.086674404144287109e+01
1.085287380218505859e+01
1.087628173828125000e+01
1.087503719329833984e+01
1.086074924468994141e+01
1.085577964782714844e+01
1.086249256134033203e+01
1.086528015136718750e+01
1.086439990997314453e+01
1.087152767181396484e+01
1.086163806915283203e+01
1.087546920776367188e+01
1.087081432342529297e+01
1.087115573883056641e+01
1.082232856750488281e+01
1.086985492706298828e+01
1.086114788055419922e+01
1.086588478088378906e+01
1.087052249908447266e+01
1.086743545532226562e+01
1.086735916137695312e+01
1.086460304260253906e+01
1.086096286773681641e+01
1.086675453186035156e+01
1.085574722290039062e+01
1.086564922332763672e+01
1.088331127166748047e+01
1.085595321655273438e+01
1.086730003356933594e+01
1.085799598693847656e+01
1.087716770172119141e+01
1.086466979980468750e+01
1.087111854553222656e+01
1.085006523132324219e+01
1.087253665924072266e+01
1.088057327270507812e+01
1.085095596313476562e+01
1.086543464660644531e+01
1.087673854827880859e+01
1.087208366394042969e+01
1.086634635925292969e+01
1.086475086212158203e+01
1.087771224975585938e+01
1.088085556030273438e+01
1.086427783966064453e+01
1.086049365997314453e+01
1.087155628204345703e+01
1.087399959564208984e+01
1.087799644470214844e+01
1.086955928802490234e+01
1.087155723571777344e+01
1.087854957580566406e+01
1.084902954101562500e+01
1.085057353973388672e+01
1.087242507934570312e+01
1.087451553344726562e+01
1.084396553039550781e+01
1.087800598144531250e+01
1.086374092102050781e+01
1.087363624572753906e+01
1.086904811859130859e+01
1.085678577423095703e+01
1.085831451416015625e+01
1.087214279174804688e+01
1.086450862884521484e+01
1.085856914520263672e+01
1.085770511627197266e+01
1.084438514709472656e+01
1.087357711791992188e+01
1.084858036041259766e+01
1.087602710723876953e+01
1.086389064788818359e+01
1.085416126251220703e+01
1.086605167388916016e+01
1.087270545959472656e+01
1.084883022308349609e+01
1.086472892761230469e+01
1.087056922912597656e+01
1.086579895019531250e+01
1.085932064056396484e+01
1.087100982666015625e+01
1.086699104309082031e+01
1.085510730743408203e+01
1.086037063598632812e+01
1.085272502899169922e+01
1.087867641448974609e+01
1.086640644073486328e+01
1.084040641784667969e+01
1.087374782562255859e+01
1.087319183349609375e+01
1.086962223052978516e+01
1.086557292938232422e+01
1.086253356933593750e+01
1.085237979888916016e+01
1.087541675567626953e+01
1.084601688385009766e+01
1.087017440795898438e+01
1.085246658325195312e+01
1.085355854034423828e+01
1.085347652435302734e+01
1.086149406433105469e+01
1.086576557159423828e+01
1.086834621429443359e+01
1.088057708740234375e+01
1.086962890625000000e+01
1.087929344177246094e+01
1.085197544097900391e+01
1.086532688140869141e+01
1.086437225341796875e+01
1.085593509674072266e+01
1.084066963195800781e+01
1.086808681488037109e+01
1.088118457794189453e+01
1.086908626556396484e+01
1.086007404327392578e+01
1.086356449127197266e+01
1.087699794769287109e+01
1.086097717285156250e+01
1.087571716308593750e+01
1.086271476745605469e+01
1.087048244476318359e+01
1.087607479095458984e+01
1.087482738494873047e+01
1.087474060058593750e+01
1.086909675598144531e+01
1.086015415191650391e+01
1.085168457031250000e+01
1.087772941589355469e+01
1.087938213348388672e+01
1.086828994750976562e+01
1.087034320831298828e+01
1.084826374053955078e+01
1.086582851409912109e+01
1.085727024078369141e+01
1.086834812164306641e+01
1.086856460571289062e+01
1.087232875823974609e+01
1.085769557952880859e+01
1.085795879364013672e+01
1.085499095916748047e+01
1.085253334045410156e+01
1.084717559814453125e+01
1.088010978698730469e+01
1.086226463317871094e+01
1.087735557556152344e+01
1.084594917297363281e+01
1.087750911712646484e+01
1.088639640808105469e+01
1.085568618774414062e+01
1.086886882781982422e+01
1.087876796722412109e+01
1.086704349517822266e+01
1.085421085357666016e+01
1.086265659332275391e+01
1.087911891937255859e+01
1.086290073394775391e+01
1.085595226287841797e+01
1.086046028137207031e+01
1.087118911743164062e+01
1.086029529571533203e+01
1.085968589782714844e+01
1.086248207092285156e+01
1.085736751556396484e+01
1.086660575866699219e+01
1.086506366729736328e+01
1.086332702636718750e+01
1.087006664276123047e+01
1.085623741149902344e+01
1.086717987060546875e+01
1.084700298309326172e+01
1.086695289611816406e+01
1.084690856933593750e+01
1.087051486968994141e+01
1.085118579864501953e+01
1.087399673461914062e+01
1.085512256622314453e+01
1.085511875152587891e+01
1.087925052642822266e+01
1.085285663604736328e+01
1.086871623992919922e+01
1.085995197296142578e+01
1.085386943817138672e+01
1.086974811553955078e+01
1.086990356445312500e+01
1.083831691741943359e+01
1.084723949432373047e+01
1.086693382263183594e+01
1.086666488647460938e+01
1.086114120483398438e+01
1.087287330627441406e+01
1.084154224395751953e+01
1.086213302612304688e+01
1.086172485351562500e+01
1.086311531066894531e+01
1.086700153350830078e+01
1.084917926788330078e+01
1.086994934082031250e+01
1.087108230590820312e+01
1.086247730255126953e+01
1.087845325469970703e+01
1.085772800445556641e+01
1.084902381896972656e+01
1.086936283111572266e+01
1.085667800903320312e+01
1.086216259002685547e+01
1.086345386505126953e+01
1.085972976684570312e+01
1.085794734954833984e+01
1.087029266357421875e+01
1.086680030822753906e+01
1.085039520263671875e+01
1.084053802490234375e+01
1.086579322814941406e+01
1.085968494415283203e+01
1.086920070648193359e+01
1.086248302459716797e+01
1.085222053527832031e+01
1.084117698669433594e+01
1.085415649414062500e+01
1.084626770019531250e+01
1.086721801757812500e+01
1.087718772888183594e+01
1.086240959167480469e+01
1.087267017364501953e+01
1.085689067840576172e+01
1.086625289916992188e+01
1.086063766479492188e+01
1.086467456817626953e+01
1.087601280212402344e+01
1.086567020416259766e+01
1.087032127380371094e+01
1.086295509338378906e+01
1.088291549682617188e+01
1.086354446411132812e+01
1.088548278808593750e+01
1.085216426849365234e+01
1.086461067199707031e+01
1.086940097808837891e+01
1.086151599884033203e+01
1.087453651428222656e+01
1.086752319335937500e+01
1.086652088165283203e+01
1.085945892333984375e+01
1.085105991363525391e+01
1.086057662963867188e+01
1.085004997253417969e+01
1.086418151855468750e+01
1.087368965148925781e+01
1.086279869079589844e+01
1.086140727996826172e+01
1.085708618164062500e+01
1.085364723205566406e+01
1.086905670166015625e+01
1.086701774597167969e+01
1.086402130126953125e+01
1.086039543151855469e+01
1.086798477172851562e+01
1.085874366760253906e+01
1.087278556823730469e+01
1.085802459716796875e+01
1.086250305175781250e+01
1.086446475982666016e+01
1.087410640716552734e+01
1.086536788940429688e+01
1.086218547821044922e+01
1.085752105712890625e+01
1.085108852386474609e+01
1.085775279998779297e+01
1.085322475433349609e+01
1.086059284210205078e+01
1.086914348602294922e+01
1.085035419464111328e+01
1.086925792694091797e+01
1.086223125457763672e+01
1.088403224945068359e+01
1.086364269256591797e+01
1.086418533325195312e+01
1.085295486450195312e+01
1.085735702514648438e+01
1.087646102905273438e+01
1.089596939086914062e+01
1.086123180389404297e+01
1.087436771392822266e+01
1.087218666076660156e+01
1.085668277740478516e+01
1.086506080627441406e+01
1.086436367034912109e+01
1.087547302246093750e+01
1.088093090057373047e+01
1.089077568054199219e+01
1.087040042877197266e+01
1.086303043365478516e+01
1.086071681976318359e+01
1.086272525787353516e+01
1.086000823974609375e+01
1.086410427093505859e+01
1.086737155914306641e+01
1.086758041381835938e+01
1.085336303710937500e+01
1.086094856262207031e+01
1.087143039703369141e+01
1.086234951019287109e+01
1.086404132843017578e+01
1.088043689727783203e+01
1.088052845001220703e+01
1.086588954925537109e+01
1.086902618408203125e+01
1.084935283660888672e+01
1.084739303588867188e+01
1.084758949279785156e+01
1.085777950286865234e+01
1.086588001251220703e+01
1.086468601226806641e+01
1.087572097778320312e+01
1.085986232757568359e+01
1.085350704193115234e+01
1.085512351989746094e+01
1.087076854705810547e+01
1.087166976928710938e+01
1.085802745819091797e+01
1.085881137847900391e+01
1.085498237609863281e+01
1.086591720581054688e+01
1.085833454132080078e+01
1.084916687011718750e+01
1.084465312957763672e+01
1.086208629608154297e+01
1.085629940032958984e+01
1.087601089477539062e+01
1.084544086456298828e+01
1.086622524261474609e+01
1.087190341949462891e+01
1.086671161651611328e+01
1.086608791351318359e+01
1.085239315032958984e+01
1.086575794219970703e+01
1.086598968505859375e+01
1.086360931396484375e+01
1.086758518218994141e+01
1.085750675201416016e+01
1.087132740020751953e+01
1.086259746551513672e+01
1.088222503662109375e+01
1.086539554595947266e+01
1.086844635009765625e+01
1.086808586120605469e+01
1.087124633789062500e+01
1.083992767333984375e+01
1.086283111572265625e+01
1.086518955230712891e+01
1.086737060546875000e+01
1.086753559112548828e+01
1.085059070587158203e+01
1.083707809448242188e+01
1.084935569763183594e+01
1.086028957366943359e+01
1.084708023071289062e+01
1.083431243896484375e+01
1.086996078491210938e+01
1.088138389587402344e+01
1.087490558624267578e+01
1.086426830291748047e+01
1.086894989013671875e+01
1.086186790466308594e+01
1.085213947296142578e+01
1.086130809783935547e+01
1.085618114471435547e+01
1.086380004882812500e+01
1.087812900543212891e+01
1.085728073120117188e+01
1.083265495300292969e+01
1.084613895416259766e+01
1.087117767333984375e+01
1.086202812194824219e+01
1.084671497344970703e+01
1.085366535186767578e+01
1.086810207366943359e+01
1.087178802490234375e+01
1.084388923645019531e+01
1.086326313018798828e+01
1.086833667755126953e+01
1.086002635955810547e+01
1.087520599365234375e+01
1.085561656951904297e+01
1.085227489471435547e+01
1.085938262939453125e+01
1.087262248992919922e+01
1.087092018127441406e+01
1.085551548004150391e+01
1.086502075195312500e+01
1.086256694793701172e+01
1.086651897430419922e+01
1.086889266967773438e+01
1.086114883422851562e+01
1.084933471679687500e+01
1.085732555389404297e+01
1.087071704864501953e+01
1.086743831634521484e+01
1.085108852386474609e+01
1.087982559204101562e+01
1.086453914642333984e+01
1.086663436889648438e+01
1.086132526397705078e+01
1.084499931335449219e+01
1.085586261749267578e+01
1.086112785339355469e+01
1.085538959503173828e+01
1.085841083526611328e+01
1.087800788879394531e+01
1.085867595672607422e+01
1.087169647216796875e+01
1.087627124786376953e+01
1.085824108123779297e+01
1.085592460632324219e+01
1.085070419311523438e+01
1.086619091033935547e+01
1.087169170379638672e+01
1.086603450775146484e+01
1.088103389739990234e+01
1.087602710723876953e+01
1.087130928039550781e+01
1.086509323120117188e+01
1.085456371307373047e+01
1.086363220214843750e+01
1.087258338928222656e+01
1.085479164123535156e+01
1.085914993286132812e+01
1.087518882751464844e+01
1.086153602600097656e+01
1.085373401641845703e+01
1.085784626007080078e+01
1.087954044342041016e+01
1.086507320404052734e+01
1.086314678192138672e+01
1.086101531982421875e+01
1.086592674255371094e+01
1.087704658508300781e+01
1.088074684143066406e+01
1.085534763336181641e+01
1.085346984863281250e+01
1.086330986022949219e+01
1.087653064727783203e+01
1.087411499023437500e+01
1.086654090881347656e+01
1.086346244812011719e+01
1.086475467681884766e+01
1.086793613433837891e+01
1.086407279968261719e+01
1.086733055114746094e+01
1.086552619934082031e+01
1.084432411193847656e+01
1.086937808990478516e+01
1.086178874969482422e+01
1.084497356414794922e+01
1.086357307434082031e+01
1.086116600036621094e+01
1.087538433074951172e+01
1.086231422424316406e+01
1.084716129302978516e+01
1.088631629943847656e+01
1.085998249053955078e+01
1.087475776672363281e+01
1.085525512695312500e+01
1.085374069213867188e+01
1.087172794342041016e+01
1.087468719482421875e+01
1.086157894134521484e+01
1.089172363281250000e+01
1.086866474151611328e+01
1.087434864044189453e+01
1.085792922973632812e+01
1.087848854064941406e+01
1.086789608001708984e+01
1.086269283294677734e+01
1.086767292022705078e+01
1.088547801971435547e+01
1.085351657867431641e+01
1.085698986053466797e+01
1.087214183807373047e+01
1.084551239013671875e+01
1.085867691040039062e+01
1.086418247222900391e+01
1.086779689788818359e+01
1.086827945709228516e+01
1.086253833770751953e+01
1.086539173126220703e+01
1.088255023956298828e+01
1.088003444671630859e+01
1.083874416351318359e+01
1.085898780822753906e+01
1.087253856658935547e+01
1.086487960815429688e+01
1.086416530609130859e+01
1.086635303497314453e+01
1.084015750885009766e+01
1.086387157440185547e+01
1.086634445190429688e+01
1.085088157653808594e+01
1.086842918395996094e+01
1.087934684753417969e+01
1.086103057861328125e+01
1.086184024810791016e+01
1.085351085662841797e+01
1.086100006103515625e+01
1.085224533081054688e+01
1.086237525939941406e+01
1.086722755432128906e+01
1.086833667755126953e+01
1.084971714019775391e+01
1.085740280151367188e+01
1.086741447448730469e+01
1.087442874908447266e+01
1.085478496551513672e+01
1.086291694641113281e+01
1.083399486541748047e+01
1.084878158569335938e+01
1.086518096923828125e+01
1.087847805023193359e+01
1.086277770996093750e+01
1.086480140686035156e+01
1.086995315551757812e+01
1.086591720581054688e+01
1.086875152587890625e+01
1.085984516143798828e+01
1.085647487640380859e+01
1.087637615203857422e+01
1.087080574035644531e+01
1.085772895812988281e+01
1.083536434173583984e+01
1.087693023681640625e+01
1.086605930328369141e+01
1.085897636413574219e+01
1.087252712249755859e+01
1.086027908325195312e+01
1.087093544006347656e+01
1.086485290527343750e+01
1.086566257476806641e+01
1.087321853637695312e+01
1.087766075134277344e+01
1.087485599517822266e+01
1.084038639068603516e+01
1.085841941833496094e+01
1.087079715728759766e+01
1.085847187042236328e+01
1.086551856994628906e+01
1.084682846069335938e+01
1.086400985717773438e+01
1.086953735351562500e+01
1.086328029632568359e+01
1.084624290466308594e+01
1.086935615539550781e+01
1.087684917449951172e+01
1.086943340301513672e+01
1.084776401519775391e+01
1.087123489379882812e+01
1.086117553710937500e+01
1.086840057373046875e+01
1.086850547790527344e+01
1.086513042449951172e+01
1.086641407012939453e+01
1.087050628662109375e+01
1.085970020294189453e+01
1.086555099487304688e+01
1.085332489013671875e+01
1.086299896240234375e+01
1.085164356231689453e+01
1.084042835235595703e+01
1.087383937835693359e+01
1.085883140563964844e+01
1.086590385437011719e+01
1.085451126098632812e+01
1.086615371704101562e+01
1.086582660675048828e+01
1.086541461944580078e+01
1.087737560272216797e+01
1.085858821868896484e+01
1.085670566558837891e+01
1.086288356781005859e+01
1.086566925048828125e+01
1.086055278778076172e+01
1.086614608764648438e+01
1.087202453613281250e+01
1.087581729888916016e+01
1.086267948150634766e+01
1.086573886871337891e+01
1.086843109130859375e+01
1.086149120330810547e+01
1.087225151062011719e+01
1.087829971313476562e+01
1.086236858367919922e+01
1.086784458160400391e+01
1.086844921112060547e+01
1.086429691314697266e+01
1.085495185852050781e+01
1.084326553344726562e+01
1.087334918975830078e+01
1.087220001220703125e+01
1.085682487487792969e+01
1.084123706817626953e+01
1.084788894653320312e+01
1.086161231994628906e+01
1.084405136108398438e+01
1.084972763061523438e+01
1.085810470581054688e+01
1.085689640045166016e+01
1.087823772430419922e+01
1.086380672454833984e+01
1.087611675262451172e+01
1.086577987670898438e+01
1.086114215850830078e+01
1.085294914245605469e+01
1.086346054077148438e+01
1.087180614471435547e+01
1.085096168518066406e+01
1.085395145416259766e+01
1.087145137786865234e+01
1.085861015319824219e+01
1.085214614868164062e+01
1.087341690063476562e+01
1.088214302062988281e+01
1.086039638519287109e+01
1.086384391784667969e+01
1.085984134674072266e+01
1.088254547119140625e+01
1.084944725036621094e+01
1.085443401336669922e+01
1.087956523895263672e+01
1.088096141815185547e+01
1.087794971466064453e+01
1.085716438293457031e+01
1.085391521453857422e+01
1.087626075744628906e+01
1.085867023468017578e+01
1.086449241638183594e+01
1.086868381500244141e+01
1.086171245574951172e+01
1.083459949493408203e+01
1.086435031890869141e+01
1.086619663238525391e+01
1.086262702941894531e+01
1.085774517059326172e+01
1.084548187255859375e+01
1.087294960021972656e+01
1.086721515655517578e+01
1.085564613342285156e+01
1.087003517150878906e+01
1.087201309204101562e+01
1.086404705047607422e+01
1.086552810668945312e+01
1.086333656311035156e+01
1.086946678161621094e+01
1.085614109039306641e+01
1.087916755676269531e+01
1.085605239868164062e+01
1.085269165039062500e+01
1.087616252899169922e+01
1.086723709106445312e+01
1.086125087738037109e+01
1.089344310760498047e+01
1.088443088531494141e+01
1.086587047576904297e+01
1.086738491058349609e+01
1.088126087188720703e+01
1.085699081420898438e+01
1.087198066711425781e+01
1.085521888732910156e+01
1.086970043182373047e+01
1.084958171844482422e+01
1.085933780670166016e+01
1.086860179901123047e+01
1.085285377502441406e+01
1.086086940765380859e+01
1.085520172119140625e+01
1.086440181732177734e+01
1.085899734497070312e+01
1.086368560791015625e+01
1.086093902587890625e+01
1.086977100372314453e+01
1.085378646850585938e+01
1.086460304260253906e+01
1.086149978637695312e+01
1.086543178558349609e+01
1.085254192352294922e+01
1.082126522064208984e+01
1.086462688446044922e+01
1.086890506744384766e+01
1.086036491394042969e+01
1.087479114532470703e+01
1.086472320556640625e+01
1.086438560485839844e+01
1.084324169158935547e+01
1.087469387054443359e+01
1.086727809906005859e+01
1.086395168304443359e+01
1.086587142944335938e+01
1.087379074096679688e+01
1.087030792236328125e+01
1.086993694305419922e+01
1.086818981170654297e+01
1.088292121887207031e+01
1.087311649322509766e+01
1.085466766357421875e+01
1.087254428863525391e+01
1.087068367004394531e+01
1.086290550231933594e+01
1.088114833831787109e+01
1.085276508331298828e+01
1.086328411102294922e+01
1.087860393524169922e+01
1.085551548004150391e+01
1.086470985412597656e+01
1.085910034179687500e+01
1.083485126495361328e+01
1.087294578552246094e+01
1.086822700500488281e+01
1.087267780303955078e+01
1.085190105438232422e+01
1.085794448852539062e+01
1.086310577392578125e+01
1.088232803344726562e+01
1.086352157592773438e+01
1.086520195007324219e+01
1.083685684204101562e+01
1.087458705902099609e+01
1.086182308197021484e+01
1.084608745574951172e+01
1.086664390563964844e+01
1.087333106994628906e+01
1.086703491210937500e+01
1.087240123748779297e+01
1.088572025299072266e+01
1.086778640747070312e+01
1.086522960662841797e+01
1.085829830169677734e+01
1.087627887725830078e+01
1.086967563629150391e+01
1.086651515960693359e+01
1.085995483398437500e+01
1.086071300506591797e+01
1.087722873687744141e+01
1.085079193115234375e+01
1.086296653747558594e+01
1.086426544189453125e+01
1.087228298187255859e+01
1.087433528900146484e+01
1.086029148101806641e+01
1.086206150054931641e+01
1.086056804656982422e+01
1.087020301818847656e+01
1.087130832672119141e+01
1.086817073822021484e+01
1.086806869506835938e+01
1.086461925506591797e+01
1.086598682403564453e+01
1.084472846984863281e+01
1.086623001098632812e+01
1.086182689666748047e+01
1.086154651641845703e+01
1.084331226348876953e+01
1.084916019439697266e+01
1.087479209899902344e+01
1.086672210693359375e+01
1.086779499053955078e+01
1.086722373962402344e+01
1.086387634277343750e+01
1.083234977722167969e+01
1.085589504241943359e+01
1.087338733673095703e+01
1.084651660919189453e+01
1.087090301513671875e+01
1.086323165893554688e+01
1.086860084533691406e+01
1.085402488708496094e+01
1.084796047210693359e+01
1.085953140258789062e+01
1.087652015686035156e+01
1.086606884002685547e+01
1.085844993591308594e+01
1.087605667114257812e+01
1.082346630096435547e+01
1.083894252777099609e+01
1.086532211303710938e+01
1.085256195068359375e+01
1.084479713439941406e+01
1.087295436859130859e+01
1.086580085754394531e+01
1.085716056823730469e+01
1.084842109680175781e+01
1.084984588623046875e+01
1.085187149047851562e+01
1.087692451477050781e+01
1.086155319213867188e+01
1.087222290039062500e+01
1.086375904083251953e+01
1.084485054016113281e+01
1.086607170104980469e+01
1.086101055145263672e+01
1.085719966888427734e+01
1.086970043182373047e+01
1.087279987335205078e+01
1.085514259338378906e+01
1.086268615722656250e+01
1.083790302276611328e+01
1.086526584625244141e+01
1.084923267364501953e+01
1.086898326873779297e+01
1.087710571289062500e+01
1.087179946899414062e+01
1.087702369689941406e+01
1.087266635894775391e+01
1.086504077911376953e+01
1.084731960296630859e+01
1.085635662078857422e+01
1.086733913421630859e+01
1.086240482330322266e+01
1.086463546752929688e+01
1.085963058471679688e+01
1.086974239349365234e+01
1.086205577850341797e+01
1.088132381439208984e+01
1.085500144958496094e+01
1.085107707977294922e+01
1.087673854827880859e+01
1.084549999237060547e+01
1.086795711517333984e+01
1.088229370117187500e+01
1.086076450347900391e+01
1.086385917663574219e+01
1.086664295196533203e+01
1.086911392211914062e+01
1.085453510284423828e+01
1.086889266967773438e+01
1.086829185485839844e+01
1.087177944183349609e+01
1.086806392669677734e+01
1.086984062194824219e+01
1.084301280975341797e+01
1.085510826110839844e+01
1.085940170288085938e+01
1.085641002655029297e+01
1.087677955627441406e+01
1.087753963470458984e+01
1.087660026550292969e+01
1.085333442687988281e+01
1.086160945892333984e+01
1.087040424346923828e+01
1.086116123199462891e+01
1.086156558990478516e+01
1.086818027496337891e+01
1.087529754638671875e+01
1.086943244934082031e+01
1.085026073455810547e+01
1.086106491088867188e+01
1.087558937072753906e+01
1.086177921295166016e+01
1.087742328643798828e+01
1.086622238159179688e+01
1.086881065368652344e+01
1.086385822296142578e+01
1.086502361297607422e+01
1.088387012481689453e+01
1.086742019653320312e+01
1.085821533203125000e+01
1.085746479034423828e+01
1.085489749908447266e+01
1.086048221588134766e+01
1.085604095458984375e+01
1.084650230407714844e+01
1.086385250091552734e+01
1.087719058990478516e+01
1.085294151306152344e+01
1.085661315917968750e+01
1.087021350860595703e+01
1.086808776855468750e+01
1.086000537872314453e+01
1.086771774291992188e+01
1.087639522552490234e+01
1.087372589111328125e+01
1.085339355468750000e+01
1.086000823974609375e+01
1.087159061431884766e+01
1.085737609863281250e+01
1.086201286315917969e+01
1.085899829864501953e+01
1.086781215667724609e+01
1.087474441528320312e+01
1.086493873596191406e+01
1.088146877288818359e+01
1.086412906646728516e+01
1.086872386932373047e+01
1.085577201843261719e+01
1.087471103668212891e+01
1.086356067657470703e+01
1.087378597259521484e+01
1.086872768402099609e+01
1.087427806854248047e+01
1.084265995025634766e+01
1.086594009399414062e+01
1.085238456726074219e+01
1.083164215087890625e+01
1.086448001861572266e+01
1.086363601684570312e+01
1.087004947662353516e+01
1.087145233154296875e+01
1.085420894622802734e+01
1.087894725799560547e+01
1.085570144653320312e+01
1.085302162170410156e+01
1.087206459045410156e+01
1.084861278533935547e+01
1.084697437286376953e+01
1.085944175720214844e+01
1.087010860443115234e+01
1.084532642364501953e+01
1.085803318023681641e+01
1.083685684204101562e+01
1.086214160919189453e+01
1.087503051757812500e+01
1.087034797668457031e+01
1.086612892150878906e+01
1.085809326171875000e+01
1.085471534729003906e+01
1.087451553344726562e+01
1.086757946014404297e+01
1.087306690216064453e+01
1.086222934722900391e+01
1.085990810394287109e+01
1.086393928527832031e+01
1.086740684509277344e+01
1.086408996582031250e+01
1.085072898864746094e+01
1.084273242950439453e+01
1.086106300354003906e+01
1.087771034240722656e+01
1.085963058471679688e+01
1.085829544067382812e+01
1.087271785736083984e+01
1.086186981201171875e+01
1.085092258453369141e+01
1.089487934112548828e+01
1.087187385559082031e+01
1.087468528747558594e+01
1.084374523162841797e+01
1.087051296234130859e+01
1.085909843444824219e+01
1.086044883728027344e+01
1.085149955749511719e+01
1.085949611663818359e+01
1.086821269989013672e+01
1.083819770812988281e+01
1.086872386932373047e+01
1.085783576965332031e+01
1.085731315612792969e+01
1.085942840576171875e+01
1.086549186706542969e+01
1.085487747192382812e+01
1.085315036773681641e+01
1.088374614715576172e+01
1.086953544616699219e+01
1.086170005798339844e+01
1.086414909362792969e+01
1.086563491821289062e+01
1.086006069183349609e+01
1.086790370941162109e+01
1.085609912872314453e+01
1.086808013916015625e+01
1.087255573272705078e+01
1.087114238739013672e+01
1.087279319763183594e+01
1.086756515502929688e+01
1.085182762145996094e+01
1.085895919799804688e+01
1.086174488067626953e+01
1.084639263153076172e+01
1.085187721252441406e+01
1.085377597808837891e+01
1.086373043060302734e+01
1.085354137420654297e+01
1.087124538421630859e+01
1.087059974670410156e+01
1.085390281677246094e+01
1.086922550201416016e+01
1.086662673950195312e+01
1.085865592956542969e+01
1.086721229553222656e+01
1.085123157501220703e+01
1.088908004760742188e+01
1.085409641265869141e+01
1.085710334777832031e+01
1.085147571563720703e+01
1.086068725585937500e+01
1.084525489807128906e+01
1.086846351623535156e+01
1.084656429290771484e+01
1.084904384613037109e+01
1.086936378479003906e+01
1.086484050750732422e+01
1.087427806854248047e+01
1.086855125427246094e+01
1.087562370300292969e+01
1.088821411132812500e+01
1.085754966735839844e+01
1.086615371704101562e+01
1.087051391601562500e+01
1.084916973114013672e+01
1.082702255249023438e+01
1.086691856384277344e+01
1.085207748413085938e+01
1.084746456146240234e+01
1.087160587310791016e+01
1.085599231719970703e+01
1.086816501617431641e+01
1.087226104736328125e+01
1.086355876922607422e+01
1.086049938201904297e+01
1.087067604064941406e+01
1.085578632354736328e+01
1.086953449249267578e+01
1.085059642791748047e+01
1.085926055908203125e+01
1.085556411743164062e+01
1.087228584289550781e+01
1.086593055725097656e+01
1.086026191711425781e+01
1.085420417785644531e+01
1.085768318176269531e+01
1.086539173126220703e+01
1.087680625915527344e+01
1.086600685119628906e+01
1.085414409637451172e+01
1.086955547332763672e+01
1.085810661315917969e+01
1.087968444824218750e+01
1.086618137359619141e+01
1.085301113128662109e+01
1.085095691680908203e+01
1.086549091339111328e+01
1.086064815521240234e+01
1.084184455871582031e+01
1.087052345275878906e+01
1.087218952178955078e+01
1.086927604675292969e+01
1.085974693298339844e+01
1.087229919433593750e+01
1.086880970001220703e+01
1.086371612548828125e+01
1.086120700836181641e+01
1.088093757629394531e+01
1.086680603027343750e+01
1.085333347320556641e+01
1.086338710784912109e+01
1.086763477325439453e+01
1.087034034729003906e+01
1.087555313110351562e+01
1.086506843566894531e+01
1.086120605468750000e+01
1.087441921234130859e+01
1.084718704223632812e+01
1.087302875518798828e+01
1.085989856719970703e+01
1.085372924804687500e+01
1.087100696563720703e+01
1.085418987274169922e+01
1.087028121948242188e+01
1.086326599121093750e+01
1.085341835021972656e+01
1.086668109893798828e+01
1.087697601318359375e+01
1.087987232208251953e+01
1.084425735473632812e+01
1.086913585662841797e+01
1.087923431396484375e+01
1.085274314880371094e+01
1.085906314849853516e+01
1.088308715820312500e+01
1.086374187469482422e+01
1.085973358154296875e+01
1.082552433013916016e+01
1.086270809173583984e+01
1.085595607757568359e+01
1.086480712890625000e+01
1.087490177154541016e+01
1.086113452911376953e+01
1.085855865478515625e+01
1.087400531768798828e+01
1.086609554290771484e+01
1.086046123504638672e+01
1.085750007629394531e+01
1.084757995605468750e+01
1.086049556732177734e+01
1.086501789093017578e+01
1.086594009399414062e+01
1.084725666046142578e+01
1.086652374267578125e+01
1.087206935882568359e+01
1.086421585083007812e+01
1.087153339385986328e+01
1.085659122467041016e+01
1.086513805389404297e+01
1.088311862945556641e+01
1.086854648590087891e+01
1.087206745147705078e+01
1.087109947204589844e+01
1.086880588531494141e+01
1.087713336944580078e+01
1.087345981597900391e+01
1.084647178649902344e+01
1.086205959320068359e+01
1.087345123291015625e+01
1.087847709655761719e+01
1.086237907409667969e+01
1.087557029724121094e+01
1.087729454040527344e+01
1.086824703216552734e+01
1.087508583068847656e+01
1.086485576629638672e+01
1.086332321166992188e+01
1.084391880035400391e+01
1.087510871887207031e+01
1.085165405273437500e+01
1.086190891265869141e+01
1.086749744415283203e+01
1.085235309600830078e+01
1.087393569946289062e+01
1.085165214538574219e+01
1.087363147735595703e+01
1.085006332397460938e+01
1.087125778198242188e+01
1.087665557861328125e+01
1.085381221771240234e+01
1.085533809661865234e+01
1.086811733245849609e+01
1.085766792297363281e+01
1.087440681457519531e+01
1.085600090026855469e+01
1.087264347076416016e+01
1.085573863983154297e+01
1.087933063507080078e+01
1.085414314270019531e+01
1.086530208587646484e+01
1.084235095977783203e+01
1.086241340637207031e+01
1.085258674621582031e+01
1.086444282531738281e+01
1.086418247222900391e+01
1.086475467681884766e+01
1.087142848968505859e+01
1.085888195037841797e+01
1.085761070251464844e+01
1.085082626342773438e+01
1.086692142486572266e+01
1.086689662933349609e+01
1.085609722137451172e+01
1.086466026306152344e+01
1.086740589141845703e+01
1.086425018310546875e+01
1.084055137634277344e+01
1.086458969116210938e+01
1.086481761932373047e+01
1.085116481781005859e+01
1.088648128509521484e+01
1.085857486724853516e+01
1.086312484741210938e+01
1.085032844543457031e+01
1.087147331237792969e+01
1.086830902099609375e+01
1.086659240722656250e+01
1.085287475585937500e+01
1.086767196655273438e+01
1.085469055175781250e+01
1.085862541198730469e+01
1.087752723693847656e+01
1.086439990997314453e+01
1.086601638793945312e+01
1.087927246093750000e+01
1.084889793395996094e+01
1.085546684265136719e+01
1.084486865997314453e+01
1.086151695251464844e+01
1.087640762329101562e+01
1.084973907470703125e+01
1.087530708312988281e+01
1.085430431365966797e+01
1.086980152130126953e+01
1.086528301239013672e+01
1.087330436706542969e+01
1.086239433288574219e+01
1.084175205230712891e+01
1.086585807800292969e+01
1.086163711547851562e+01
1.086440849304199219e+01
1.085644435882568359e+01
1.086631774902343750e+01
1.085689640045166016e+01
1.087662696838378906e+01
1.085841846466064453e+01
1.087734317779541016e+01
1.087817573547363281e+01
1.084181976318359375e+01
1.086415004730224609e+01
1.086317348480224609e+01
1.086744499206542969e+01
1.083083724975585938e+01
1.087459278106689453e+01
1.085547733306884766e+01
1.087075996398925781e+01
1.087529850006103516e+01
1.086329555511474609e+01
1.086619186401367188e+01
1.087544918060302734e+01
1.087562370300292969e+01
1.086330699920654297e+01
1.085836791992187500e+01
1.086983013153076172e+01
1.086239528656005859e+01
1.086591911315917969e+01
1.085739994049072266e+01
1.086461067199707031e+01
1.085955142974853516e+01
1.086661815643310547e+01
1.086628341674804688e+01
1.085858345031738281e+01
1.086758518218994141e+01
1.086624240875244141e+01
1.085521125793457031e+01
1.087283992767333984e+01
1.088174533843994141e+01
1.087653541564941406e+01
1.085575675964355469e+01
1.085400772094726562e+01
1.087788391113281250e+01
1.085973739624023438e+01
1.086448574066162109e+01
1.086452198028564453e+01
1.086629199981689453e+01
1.084207630157470703e+01
1.086233997344970703e+01
1.086643600463867188e+01
1.086363697052001953e+01
1.087116241455078125e+01
1.087221527099609375e+01
1.085726070404052734e+01
1.085280990600585938e+01
1.084471225738525391e+01
1.087133502960205078e+01
1.086174011230468750e+01
1.087021350860595703e+01
1.086584854125976562e+01
1.086990451812744141e+01
1.085293960571289062e+01
1.086703395843505859e+01
1.086665058135986328e+01
1.086288070678710938e+01
1.086230754852294922e+01
1.085824680328369141e+01
1.084730720520019531e+01
1.088173580169677734e+01
1.087466621398925781e+01
1.083927822113037109e+01
1.085853099822998047e+01
1.088827514648437500e+01
1.087476158142089844e+01
1.086068534851074219e+01
1.086680507659912109e+01
1.086777687072753906e+01
1.085411453247070312e+01
1.085817337036132812e+01
1.084813690185546875e+01
1.086242771148681641e+01
1.086447048187255859e+01
1.086806106567382812e+01
1.085921096801757812e+01
1.085704231262207031e+01
1.087795162200927734e+01
1.087986278533935547e+01
1.086275672912597656e+01
1.087194156646728516e+01
1.087053966522216797e+01
1.087287616729736328e+01
1.086789131164550781e+01
1.085093021392822266e+01
1.087404727935791016e+01
1.087049198150634766e+01
1.086027050018310547e+01
1.086051750183105469e+01
1.086006164550781250e+01
1.086321544647216797e+01
1.084128570556640625e+01
1.087731456756591797e+01
1.085687828063964844e+01
1.086766719818115234e+01
1.084894084930419922e+01
1.086068916320800781e+01
1.085371303558349609e+01
1.086835384368896484e+01
1.085980987548828125e+01
1.085169029235839844e+01
1.085646915435791016e+01
1.087775516510009766e+01
1.085918807983398438e+01
1.085974311828613281e+01
1.087065601348876953e+01
1.085468864440917969e+01
1.086478233337402344e+01
1.086570358276367188e+01
1.084183788299560547e+01
1.085183334350585938e+01
1.087581920623779297e+01
1.084981918334960938e+01
1.089174079895019531e+01
1.086807727813720703e+01
1.085863208770751953e+01
1.086705398559570312e+01
1.083640193939208984e+01
1.086459159851074219e+01
1.086743259429931641e+01
1.087851333618164062e+01
1.086840438842773438e+01
1.084940338134765625e+01
1.085821723937988281e+01
1.086389446258544922e+01
1.085468006134033203e+01
1.085791015625000000e+01
1.087224388122558594e+01
1.087907886505126953e+01
1.085946464538574219e+01
1.086665153503417969e+01
1.086264801025390625e+01
1.085714149475097656e+01
1.086830043792724609e+01
1.087199497222900391e+01
1.086426925659179688e+01
1.086483860015869141e+01
1.085935592651367188e+01
1.084825611114501953e+01
1.086087799072265625e+01
1.087179946899414062e+01
1.086268234252929688e+01
1.087181091308593750e+01
1.085305213928222656e+01
1.086241531372070312e+01
1.085662174224853516e+01
1.088397312164306641e+01
1.085865974426269531e+01
1.086755180358886719e+01
1.086312770843505859e+01
1.085841369628906250e+01
1.087190723419189453e+01
1.086107444763183594e+01
1.086397457122802734e+01
1.086436843872070312e+01
1.085477161407470703e+01
1.085621738433837891e+01
1.085116100311279297e+01
1.085436344146728516e+01
1.087328910827636719e+01
1.085772323608398438e+01
1.085418605804443359e+01
1.088279056549072266e+01
1.087699890136718750e+01
1.087326335906982422e+01
1.087028980255126953e+01
1.087047481536865234e+01
1.086795616149902344e+01
1.086752891540527344e+01
1.086824321746826172e+01
1.088605785369873047e+01
1.086828422546386719e+01
1.085154819488525391e+01
1.086846351623535156e+01
1.086415958404541016e+01
1.086424160003662109e+01
1.085002899169921875e+01
1.086397647857666016e+01
1.088088607788085938e+01
1.086633110046386719e+01
1.085710906982421875e+01
1.087305927276611328e+01
1.086859416961669922e+01
1.085773372650146484e+01
1.088547801971435547e+01
1.087231826782226562e+01
1.085094928741455078e+01
1.085267543792724609e+01
1.088627433776855469e+01
1.084792709350585938e+01
1.087318515777587891e+01
1.085112094879150391e+01
1.086056900024414062e+01
1.086042404174804688e+01
1.086820411682128906e+01
1.086413097381591797e+01
1.087214469909667969e+01
1.086128044128417969e+01
1.086737060546875000e+01
1.085793781280517578e+01
1.086566066741943359e+01
1.086105155944824219e+01
1.085696506500244141e+01
1.085804367065429688e+01
1.084721469879150391e+01
1.086843013763427734e+01
1.085810184478759766e+01
1.086460590362548828e+01
1.087658119201660156e+01
1.086401939392089844e+01
1.088183403015136719e+01
1.085857582092285156e+01
1.085437202453613281e+01
1.087430572509765625e+01
1.086986541748046875e+01
1.087347698211669922e+01
1.086992168426513672e+01
1.087926673889160156e+01
1.085564804077148438e+01
1.086043357849121094e+01
1.083693504333496094e+01
1.087904453277587891e+01
1.085453224182128906e+01
1.086817073822021484e+01
1.087340354919433594e+01
1.086242485046386719e+01
1.084257221221923828e+01
1.086179065704345703e+01
1.087035369873046875e+01
1.084566211700439453e+01
1.085226154327392578e+01
1.086332607269287109e+01
1.086213588714599609e+01
1.085789299011230469e+01
1.085867691040039062e+01
1.086605453491210938e+01
1.085554981231689453e+01
1.085404300689697266e+01
1.085558891296386719e+01
1.085934448242187500e+01
1.086781883239746094e+01
1.084950637817382812e+01
1.087127494812011719e+01
1.087467479705810547e+01
1.086767768859863281e+01
1.085530471801757812e+01
1.087411689758300781e+01
1.085592555999755859e+01
1.085079860687255859e+01
1.086644458770751953e+01
1.086748981475830078e+01
1.086463451385498047e+01
1.087917995452880859e+01
1.087666320800781250e+01
1.086151313781738281e+01
1.086772632598876953e+01
1.086175251007080078e+01
1.085322380065917969e+01
1.085669422149658203e+01
1.084755039215087891e+01
1.085972976684570312e+01
1.086979484558105469e+01
1.085038852691650391e+01
1.085468196868896484e+01
1.087071418762207031e+01
1.084404563903808594e+01
1.086741447448730469e+01
1.087578868865966797e+01
1.084398555755615234e+01
1.087599182128906250e+01
1.087584972381591797e+01
1.082985401153564453e+01
1.087064266204833984e+01
1.083921146392822266e+01
1.086387443542480469e+01
1.086718940734863281e+01
1.086435699462890625e+01
1.086325740814208984e+01
1.088663578033447266e+01
1.086359786987304688e+01
1.085501194000244141e+01
1.085072517395019531e+01
1.083892345428466797e+01
1.086266136169433594e+01
1.085667800903320312e+01
1.086891555786132812e+01
1.085694789886474609e+01
1.085668849945068359e+01
1.085278606414794922e+01
1.088687610626220703e+01
1.084634780883789062e+01
1.085993289947509766e+01
1.084656810760498047e+01
1.086333370208740234e+01
1.087737655639648438e+01
1.085336589813232422e+01
1.087098503112792969e+01
1.086842250823974609e+01
1.087701225280761719e+01
1.085593986511230469e+01
1.085585689544677734e+01
1.086581134796142578e+01
1.086171627044677734e+01
1.087261962890625000e+01
1.086079216003417969e+01
1.086659049987792969e+01
1.086747550964355469e+01
1.087770462036132812e+01
1.085149002075195312e+01
1.088116359710693359e+01
1.086405086517333984e+01
1.084851264953613281e+01
1.087282085418701172e+01
1.087398147583007812e+01
1.086790275573730469e+01
1.086644554138183594e+01
1.086398887634277344e+01
1.086015415191650391e+01
1.084580135345458984e+01
1.086867618560791016e+01
1.086817169189453125e+01
1.088070011138916016e+01
1.088318538665771484e+01
1.088226985931396484e+01
1.086255264282226562e+01
1.086587715148925781e+01
1.086370658874511719e+01
1.086424922943115234e+01
1.086871623992919922e+01
1.085829734802246094e+01
1.086932659149169922e+01
1.086231040954589844e+01
1.084943389892578125e+01
1.085889339447021484e+01
1.085699272155761719e+01
1.085935401916503906e+01
1.085908126831054688e+01
1.085472869873046875e+01
1.086237049102783203e+01
1.087174701690673828e+01
1.087208938598632812e+01
1.086635971069335938e+01
1.086388492584228516e+01
1.087342262268066406e+01
1.085954570770263672e+01
1.086378288269042969e+01
1.088281345367431641e+01
1.085780525207519531e+01
1.086726379394531250e+01
1.088596725463867188e+01
1.085444355010986328e+01
1.085123062133789062e+01
1.086563205718994141e+01
1.086741828918457031e+01
1.086283111572265625e+01
1.084642601013183594e+01
1.085623550415039062e+01
1.086360645294189453e+01
1.086502647399902344e+01
1.085896205902099609e+01
1.087967395782470703e+01
1.087556743621826172e+01
1.085005950927734375e+01
1.085114002227783203e+01
1.087001419067382812e+01
1.087261104583740234e+01
1.086011409759521484e+01
1.085189437866210938e+01
1.086630439758300781e+01
1.084436225891113281e+01
1.086806011199951172e+01
1.085964870452880859e+01
1.085410404205322266e+01
1.084921741485595703e+01
1.085541057586669922e+01
1.087543392181396484e+01
1.085858440399169922e+01
1.086050224304199219e+01
1.086778163909912109e+01
1.085964775085449219e+01
1.085083866119384766e+01
1.086182880401611328e+01
1.086941432952880859e+01
1.084980487823486328e+01
1.086882877349853516e+01
1.087194633483886719e+01
1.085024547576904297e+01
1.087081718444824219e+01
1.086755657196044922e+01
1.086945915222167969e+01
1.085427570343017578e+01
1.084900188446044922e+01
1.086854457855224609e+01
1.084885215759277344e+01
1.085071563720703125e+01
1.085648822784423828e+01
1.086430358886718750e+01
1.086389923095703125e+01
1.087107372283935547e+01
1.085143852233886719e+01
1.086323451995849609e+01
1.085808372497558594e+01
1.088622379302978516e+01
1.085700416564941406e+01
1.085907173156738281e+01
1.086190414428710938e+01
1.087432575225830078e+01
1.086484622955322266e+01
1.086519527435302734e+01
1.086537361145019531e+01
1.086206245422363281e+01
1.087714958190917969e+01
1.086124420166015625e+01
1.085441589355468750e+01
1.085603427886962891e+01
1.087638664245605469e+01
1.085654067993164062e+01
1.085491180419921875e+01
1.087462806701660156e+01
1.087270259857177734e+01
1.083889579772949219e+01
1.086354160308837891e+01
1.086348152160644531e+01
1.085280036926269531e+01
1.085528945922851562e+01
1.084795761108398438e+01
1.085927677154541016e+01
1.085327243804931641e+01
1.085773277282714844e+01
1.085547447204589844e+01
1.086332130432128906e+01
1.087903213500976562e+01
1.087600708007812500e+01
1.085152149200439453e+01
1.086055088043212891e+01
1.085440826416015625e+01
1.085458469390869141e+01
1.085539054870605469e+01
1.085347366333007812e+01
1.087879276275634766e+01
1.087051677703857422e+01
1.087059497833251953e+01
1.087279891967773438e+01
1.087563133239746094e+01
1.086675548553466797e+01
1.085597610473632812e+01
1.086330413818359375e+01
1.085825252532958984e+01
1.083540821075439453e+01
1.085461235046386719e+01
1.087001419067382812e+01
1.086662960052490234e+01
1.088434028625488281e+01
1.085490608215332031e+01
1.086130332946777344e+01
1.089122009277343750e+01
1.086343383789062500e+01
1.087906169891357422e+01
1.086111164093017578e+01
1.086285018920898438e+01
1.085237789154052734e+01
1.086270523071289062e+01
1.086302089691162109e+01
1.085200691223144531e+01
1.084262657165527344e+01
1.085852432250976562e+01
1.086506366729736328e+01
1.087478923797607422e+01
1.085870742797851562e+01
1.086014652252197266e+01
1.085616397857666016e+01
1.085050201416015625e+01
1.082704544067382812e+01
1.087391281127929688e+01
1.083966922760009766e+01
1.085391044616699219e+01
1.087254238128662109e+01
1.086660480499267578e+01
1.085745716094970703e+01
1.086743640899658203e+01
1.089013957977294922e+01
1.086206531524658203e+01
1.087086200714111328e+01
1.086710166931152344e+01
1.084056472778320312e+01
1.085844612121582031e+01
1.086917114257812500e+01
1.085302543640136719e+01
1.086255645751953125e+01
1.086505031585693359e+01
1.085022735595703125e+01
1.085853958129882812e+01
1.085836315155029297e+01
1.086169910430908203e+01
1.085984230041503906e+01
1.085709476470947266e+01
1.085064125061035156e+01
1.086202716827392578e+01
1.086678028106689453e+01
1.085378265380859375e+01
1.084626007080078125e+01
1.086728000640869141e+01
1.086406803131103516e+01
1.088502597808837891e+01
1.085937976837158203e+01
1.085695171356201172e+01
1.085938072204589844e+01
1.085269165039062500e+01
1.087763214111328125e+01
1.085966777801513672e+01
1.086129665374755859e+01
1.086586952209472656e+01
1.086763954162597656e+01
1.085445022583007812e+01
1.085744190216064453e+01
1.085161304473876953e+01
1.084188365936279297e+01
1.084023284912109375e+01
1.086154460906982422e+01
1.088444137573242188e+01
1.087267780303955078e+01
1.086088180541992188e+01
1.083699607849121094e+01
1.086408710479736328e+01
1.085487270355224609e+01
1.084519004821777344e+01
1.086862373352050781e+01
1.086209583282470703e+01
1.085756969451904297e+01
1.086128425598144531e+01
1.087225437164306641e+01
1.086156177520751953e+01
1.086451244354248047e+01
1.085481262207031250e+01
1.087735843658447266e+01
1.086442470550537109e+01
1.087076950073242188e+01
1.086625957489013672e+01
1.087221908569335938e+01
1.086345386505126953e+01
1.087175369262695312e+01
1.087052059173583984e+01
1.085961341857910156e+01
1.084781169891357422e+01
1.088111877441406250e+01
1.085237121582031250e+01
1.085601425170898438e+01
1.087087631225585938e+01
1.086303806304931641e+01
1.087512683868408203e+01
1.086768341064453125e+01
1.087468338012695312e+01
1.086207580566406250e+01
1.086628723144531250e+01
1.087672901153564453e+01
1.086586570739746094e+01
1.086771869659423828e+01
1.087011337280273438e+01
1.086099720001220703e+01
1.085085868835449219e+01
1.088323402404785156e+01
1.086172962188720703e+01
1.085427761077880859e+01
1.086811828613281250e+01
1.088031578063964844e+01
1.086318778991699219e+01
1.085677623748779297e+01
1.086008262634277344e+01
1.085380744934082031e+01
1.087907123565673828e+01
1.086163425445556641e+01
1.087654399871826172e+01
1.085085010528564453e+01
1.085602283477783203e+01
1.086526870727539062e+01
1.085951995849609375e+01
1.086514759063720703e+01
1.086049365997314453e+01
1.085350799560546875e+01
1.086686706542968750e+01
1.084289169311523438e+01
1.086900520324707031e+01
1.085596561431884766e+01
1.085862350463867188e+01
1.086435127258300781e+01
1.088150310516357422e+01
1.086348819732666016e+01
1.086733818054199219e+01
1.085535240173339844e+01
1.085808467864990234e+01
1.085393428802490234e+01
1.086003494262695312e+01
1.085537052154541016e+01
1.087200927734375000e+01
1.086454391479492188e+01
1.088156700134277344e+01
1.085966587066650391e+01
1.086881542205810547e+01
1.085734462738037109e+01
1.088287830352783203e+01
1.085266876220703125e+01
1.086423778533935547e+01
1.087636756896972656e+01
1.087979030609130859e+01
1.086480998992919922e+01
1.086453342437744141e+01
1.087838935852050781e+01
1.086491298675537109e+01
1.084298133850097656e+01
1.085097980499267578e+01
1.087856960296630859e+01
1.086759185791015625e+01
1.086229801177978516e+01
1.086499786376953125e+01
1.087204933166503906e+01
1.087726783752441406e+01
1.087256240844726562e+01
1.084861564636230469e+01
1.088004684448242188e+01
1.085953712463378906e+01
1.085958385467529297e+01
1.087752532958984375e+01
1.086987590789794922e+01
1.085915088653564453e+01
1.085864257812500000e+01
1.085367393493652344e+01
1.088326263427734375e+01
1.087484264373779297e+01
1.087120723724365234e+01
1.086270332336425781e+01
1.085504722595214844e+01
1.085392093658447266e+01
1.085558509826660156e+01
1.085680389404296875e+01
1.086854171752929688e+01
1.087022399902343750e+01
1.087568378448486328e+01
1.087031364440917969e+01
1.085198497772216797e+01
1.086956024169921875e+01
1.084924125671386719e+01
1.087622165679931641e+01
1.084470844268798828e+01
1.086136627197265625e+01
1.085550117492675781e+01
1.087107563018798828e+01
1.087359333038330078e+01
1.087241458892822266e+01
1.087225151062011719e+01
1.086806678771972656e+01
1.087523269653320312e+01
1.085352802276611328e+01
1.087763023376464844e+01
1.085451889038085938e+01
1.088047027587890625e+01
1.086981296539306641e+01
1.085947799682617188e+01
1.086482143402099609e+01
1.087134838104248047e+01
1.086141490936279297e+01
1.086828327178955078e+01
1.087422370910644531e+01
1.086691665649414062e+01
1.087309646606445312e+01
1.086227035522460938e+01
1.085844612121582031e+01
1.086067867279052734e+01
1.087117767333984375e+01
1.085462093353271484e+01
1.086942958831787109e+01
1.086357212066650391e+01
1.083713436126708984e+01
1.086065483093261719e+01
1.087157249450683594e+01
1.086727142333984375e+01
1.087711048126220703e+01
1.087270450592041016e+01
1.087127399444580078e+01
1.088119792938232422e+01
1.087514877319335938e+01
1.086446762084960938e+01
1.085337257385253906e+01
1.085694599151611328e+01
1.086112499237060547e+01
1.086771678924560547e+01
1.086542129516601562e+01
1.086805629730224609e+01
1.085457134246826172e+01
1.085044193267822266e+01
1.085009193420410156e+01
1.086300754547119141e+01
1.085863208770751953e+01
1.084757518768310547e+01
1.086900901794433594e+01
1.087327003479003906e+01
1.087284660339355469e+01
1.087740898132324219e+01
1.087359523773193359e+01
1.085834789276123047e+01
1.084881210327148438e+01
1.086835289001464844e+01
1.086608219146728516e+01
1.086091423034667969e+01
1.087058353424072266e+01
1.085526657104492188e+01
1.087039470672607422e+01
1.085445117950439453e+01
1.086559772491455078e+01
1.086596965789794922e+01
1.086826896667480469e+01
1.085001182556152344e+01
1.085327243804931641e+01
1.087469673156738281e+01
1.086348819732666016e+01
1.086845397949218750e+01
1.086790943145751953e+01
1.086553382873535156e+01
1.085276603698730469e+01
1.085766983032226562e+01
1.087071800231933594e+01
1.085242080688476562e+01
1.086146640777587891e+01
1.086968135833740234e+01
1.086341762542724609e+01
1.087840175628662109e+01
1.086941337585449219e+01
1.087344646453857422e+01
1.087845039367675781e+01
1.086050891876220703e+01
1.085020637512207031e+01
1.087052059173583984e+01
1.085173511505126953e+01
1.085445785522460938e+01
1.085632133483886719e+01
1.086965560913085938e+01
1.085630798339843750e+01
1.086130237579345703e+01
1.086636734008789062e+01
1.086434459686279297e+01
1.087124252319335938e+01
1.086917972564697266e+01
1.085495853424072266e+01
1.084879875183105469e+01
1.086420249938964844e+01
1.085913276672363281e+01
1.085317420959472656e+01
1.085396289825439453e+01
1.087441921234130859e+01
1.084189510345458984e+01
1.085776329040527344e+01
1.086723136901855469e+01
1.087430000305175781e+01
1.086703872680664062e+01
1.086739540100097656e+01
1.087274837493896484e+01
1.087545204162597656e+01
1.087281227111816406e+01
1.086840724945068359e+01
1.086833858489990234e+01
1.084810829162597656e+01
1.086014366149902344e+01
1.087959289550781250e+01
1.086297416687011719e+01
1.085106468200683594e+01
1.086921882629394531e+01
1.086018562316894531e+01
1.086372661590576172e+01
1.086411571502685547e+01
1.086832904815673828e+01
1.086921215057373047e+01
1.087090492248535156e+01
1.086452770233154297e+01
1.087497997283935547e+01
1.086033153533935547e+01
1.086617469787597656e+01
1.085301399230957031e+01
1.085898303985595703e+01
1.087198638916015625e+01
1.085780429840087891e+01
1.086357593536376953e+01
1.086184215545654297e+01
1.086604022979736328e+01
1.085964679718017578e+01
1.087012767791748047e+01
1.085452842712402344e+01
1.086881160736083984e+01
1.083424663543701172e+01
1.087331485748291016e+01
1.085537815093994141e+01
1.083311462402343750e+01
1.087702560424804688e+01
1.086522006988525391e+01
1.085858440399169922e+01
1.087202835083007812e+01
1.084164333343505859e+01
1.086770153045654297e+01
1.086873435974121094e+01
1.086915206909179688e+01
1.085652732849121094e+01
1.087723541259765625e+01
1.087102699279785156e+01
1.086935424804687500e+01
1.088183784484863281e+01
1.086353492736816406e+01
1.086565876007080078e+01
1.085589694976806641e+01
1.085887718200683594e+01
1.085743141174316406e+01
1.086150169372558594e+01
1.085006618499755859e+01
1.086964797973632812e+01
1.087085151672363281e+01
1.086752223968505859e+01
1.085063076019287109e+01
1.086389160156250000e+01
1.086503124237060547e+01
1.088067436218261719e+01
1.084631252288818359e+01
1.087605094909667969e+01
1.085594749450683594e+01
1.086796951293945312e+01
1.086766433715820312e+01
1.086764812469482422e+01
1.087131309509277344e+01
1.087167358398437500e+01
1.088593006134033203e+01
1.087301826477050781e+01
1.086372375488281250e+01
1.086538791656494141e+01
1.085977745056152344e+01
1.087876987457275391e+01
1.084612369537353516e+01
1.085502719879150391e+01
1.087173175811767578e+01
1.087787723541259766e+01
1.087746238708496094e+01
1.085053443908691406e+01
1.087514781951904297e+01
1.085799884796142578e+01
1.086288261413574219e+01
1.085812187194824219e+01
1.087110424041748047e+01
1.085724067687988281e+01
1.085345840454101562e+01
1.086741924285888672e+01
1.084704780578613281e+01
1.087559700012207031e+01
1.086176490783691406e+01
1.086561775207519531e+01
1.086000537872314453e+01
1.085695075988769531e+01
1.084896183013916016e+01
1.087593460083007812e+01
1.087818527221679688e+01
1.087558746337890625e+01
1.084553623199462891e+01
1.087201690673828125e+01
1.083280467987060547e+01
1.086242580413818359e+01
1.086424922943115234e+01
1.087242889404296875e+01
1.086992740631103516e+01
1.087839221954345703e+01
1.084135723114013672e+01
1.086524963378906250e+01
1.087321567535400391e+01
1.085193729400634766e+01
1.087134361267089844e+01
1.086705875396728516e+01
1.087005233764648438e+01
1.086468601226806641e+01
1.087745380401611328e+01
1.087449836730957031e+01
1.086818599700927734e+01
1.085823917388916016e+01
1.088460350036621094e+01
1.087124347686767578e+01
1.086075305938720703e+01
1.087146759033203125e+01
1.086166954040527344e+01
1.085177230834960938e+01
1.086273193359375000e+01
1.086084556579589844e+01
1.086371803283691406e+01
1.086677837371826172e+01
1.086591625213623047e+01
1.088466739654541016e+01
1.086924743652343750e+01
1.086576366424560547e+01
1.087781524658203125e+01
1.083928775787353516e+01
1.085400199890136719e+01
1.084038066864013672e+01
1.086423492431640625e+01
1.087294197082519531e+01
1.085182571411132812e+01
1.085486316680908203e+01
1.085156536102294922e+01
1.086513614654541016e+01
1.084360027313232422e+01
1.087039470672607422e+01
1.086050987243652344e+01
1.084085178375244141e+01
1.087718963623046875e+01
1.086498928070068359e+01
1.086775112152099609e+01
1.085466670989990234e+01
1.085927486419677734e+01
1.086368083953857422e+01
1.083952045440673828e+01
1.087395763397216797e+01
1.085381031036376953e+01
1.086530208587646484e+01
1.088525485992431641e+01
1.087301635742187500e+01
1.087560272216796875e+01
1.086451435089111328e+01
1.084657764434814453e+01
1.086731910705566406e+01
1.087246417999267578e+01
1.085155582427978516e+01
1.085580825805664062e+01
1.085794353485107422e+01
1.086728286743164062e+01
1.087053394317626953e+01
1.085203075408935547e+01
1.087446594238281250e+01
1.087017536163330078e+01
1.083285999298095703e+01
1.087394237518310547e+01
1.085326290130615234e+01
1.086298274993896484e+01
1.086070537567138672e+01
1.085620880126953125e+01
1.087013721466064453e+01
1.085485267639160156e+01
1.086577415466308594e+01
1.085041809082031250e+01
1.084712314605712891e+01
1.085580539703369141e+01
1.088583469390869141e+01
1.086455726623535156e+01
1.083981418609619141e+01
1.087486553192138672e+01
1.087139225006103516e+01
1.087732696533203125e+01
1.085649490356445312e+01
1.087707519531250000e+01
1.086378383636474609e+01
1.086674213409423828e+01
1.085572528839111328e+01
1.087070941925048828e+01
1.087063789367675781e+01
1.086573505401611328e+01
1.086356067657470703e+01
1.086062145233154297e+01
1.086652660369873047e+01
1.086801242828369141e+01
1.083860588073730469e+01
1.086375522613525391e+01
1.085356807708740234e+01
1.087423229217529297e+01
1.085629272460937500e+01
1.086418533325195312e+01
1.086531257629394531e+01
1.084783840179443359e+01
1.085827064514160156e+01
1.086695766448974609e+01
1.086214256286621094e+01
1.086208820343017578e+01
1.086783027648925781e+01
1.085911083221435547e+01
1.086616420745849609e+01
1.087432670593261719e+01
1.087844657897949219e+01
1.085369777679443359e+01
1.086072635650634766e+01
1.087405586242675781e+01
1.084444427490234375e+01
1.085766601562500000e+01
1.085776519775390625e+01
1.085536956787109375e+01
1.085369968414306641e+01
1.086312961578369141e+01
1.085377502441406250e+01
1.084709453582763672e+01
1.083696937561035156e+01
1.084278583526611328e+01
1.084303665161132812e+01
1.085004043579101562e+01
1.085896015167236328e+01
1.084363079071044922e+01
1.084302616119384766e+01
1.086770820617675781e+01
1.083447265625000000e+01
1.084148883819580078e+01
1.086934280395507812e+01
1.085967159271240234e+01
1.083940219879150391e+01
1.086659431457519531e+01
1.086989498138427734e+01
1.086169528961181641e+01
1.088158226013183594e+01
1.085876941680908203e+01
1.085887432098388672e+01
1.085855102539062500e+01
1.084640693664550781e+01
1.087417316436767578e+01
1.084776782989501953e+01
1.087196922302246094e+01
1.087282562255859375e+01
1.087016105651855469e+01
1.085685253143310547e+01
1.086884307861328125e+01
1.086249637603759766e+01
1.086503410339355469e+01
1.087191295623779297e+01
1.087015151977539062e+01
1.085127067565917969e+01
1.087838172912597656e+01
1.089309406280517578e+01
1.085700321197509766e+01
1.085719680786132812e+01
1.087242889404296875e+01
1.087622928619384766e+01
1.086690616607666016e+01
1.086629962921142578e+01
1.087895202636718750e+01
1.084142494201660156e+01
1.088764858245849609e+01
1.087272739410400391e+01
1.085762405395507812e+01
1.086549472808837891e+01
1.086911678314208984e+01
1.086735725402832031e+01
1.087271022796630859e+01
1.088669872283935547e+01
1.086637783050537109e+01
1.085985946655273438e+01
1.083057785034179688e+01
1.087746810913085938e+01
1.086809921264648438e+01
1.087307548522949219e+01
1.088083457946777344e+01
1.087557220458984375e+01
1.085544776916503906e+01
1.085061359405517578e+01
1.086948871612548828e+01
1.083817481994628906e+01
1.089049911499023438e+01
1.086920261383056641e+01
1.086731147766113281e+01
1.087057113647460938e+01
1.086173534393310547e+01
1.086949348449707031e+01
1.085184288024902344e+01
1.084500885009765625e+01
1.087188625335693359e+01
1.086127471923828125e+01
1.087465858459472656e+01
1.084371757507324219e+01
1.086494445800781250e+01
1.086277866363525391e+01
1.086338329315185547e+01
1.087793254852294922e+01
1.086763858795166016e+01
1.086015987396240234e+01
1.085678195953369141e+01
1.085866260528564453e+01
1.085079288482666016e+01
1.086997413635253906e+01
1.087744903564453125e+01
1.085961532592773438e+01
1.085025310516357422e+01
1.087176799774169922e+01
1.086925697326660156e+01
1.086798954010009766e+01
1.087321758270263672e+01
1.086233711242675781e+01
1.086441326141357422e+01
1.086985969543457031e+01
1.087086677551269531e+01
1.085326290130615234e+01
1.084975814819335938e+01
1.086533260345458984e+01
1.085254287719726562e+01
1.087010383605957031e+01
1.086639404296875000e+01
1.086720466613769531e+01
1.085847568511962891e+01
1.087924003601074219e+01
1.085720634460449219e+01
1.086547946929931641e+01
1.086074638366699219e+01
1.085903549194335938e+01
1.085450363159179688e+01
1.085799694061279297e+01
1.087046432495117188e+01
1.087938499450683594e+01
1.087342357635498047e+01
1.086231231689453125e+01
1.086782073974609375e+01
1.085199069976806641e+01
1.085350418090820312e+01
1.086398124694824219e+01
1.085925102233886719e+01
1.084856033325195312e+01
1.086020374298095703e+01
1.086214542388916016e+01
1.086616706848144531e+01
1.085716247558593750e+01
1.084927463531494141e+01
1.085539722442626953e+01
1.087387657165527344e+01
1.085666847229003906e+01
1.086682987213134766e+01
1.086286354064941406e+01
1.086163806915283203e+01
1.086816024780273438e+01
1.085061931610107422e+01
1.085811614990234375e+01
1.087230873107910156e+01
1.085818767547607422e+01
1.086230278015136719e+01
1.085486602783203125e+01
1.087004566192626953e+01
1.085189247131347656e+01
1.086791324615478516e+01
1.087306880950927734e+01
1.087456035614013672e+01
1.086120605468750000e+01
1.085782146453857422e+01
1.086370468139648438e+01
1.085981464385986328e+01
1.086366367340087891e+01
1.086936569213867188e+01
1.086326313018798828e+01
1.087253665924072266e+01
1.087209987640380859e+01
1.086156463623046875e+01
1.085873413085937500e+01
1.083505249023437500e+01
1.086025905609130859e+01
1.087529087066650391e+01
1.086430740356445312e+01
1.085713672637939453e+01
1.085839653015136719e+01
1.086606025695800781e+01
1.084922313690185547e+01
1.087488269805908203e+01
1.086643028259277344e+01
1.081846714019775391e+01
1.087492561340332031e+01
1.084105396270751953e+01
1.080482578277587891e+01
1.077869510650634766e+01
1.075989341735839844e+01
1.073179626464843750e+01
1.070414447784423828e+01
1.069291210174560547e+01
1.064370536804199219e+01
1.065672683715820312e+01
1.063585376739501953e+01
1.062415027618408203e+01
1.058942508697509766e+01
1.061204528808593750e+01
1.057164955139160156e+01
1.059064006805419922e+01
1.059003353118896484e+01
1.055425071716308594e+01
1.055957221984863281e+01
1.055707645416259766e+01
1.056616783142089844e+01
1.051021671295166016e+01
1.054154491424560547e+01
1.055026817321777344e+01
1.053062534332275391e+01
1.055246543884277344e+01
1.051934432983398438e+01
1.045422554016113281e+01
1.051738166809082031e+01
1.051062393188476562e+01
1.052402496337890625e+01
1.053001213073730469e+01
1.049605083465576172e+01
1.046246719360351562e+01
1.041071033477783203e+01
1.047827816009521484e+01
1.047291088104248047e+01
1.048546218872070312e+01
1.046871280670166016e+01
1.045438766479492188e+01
1.045431518554687500e+01
1.048230648040771484e+01
1.046991634368896484e+01
1.046095275878906250e+01
1.043409824371337891e+01
1.043778133392333984e+01
1.043987655639648438e+01
1.045209693908691406e+01
1.045938014984130859e+01
1.043533229827880859e+01
1.042803287506103516e+01
1.045478916168212891e+01
1.046463584899902344e+01
1.045519351959228516e+01
1.042881870269775391e+01
1.038741683959960938e+01
1.040527153015136719e+01
1.043182563781738281e+01
1.040633487701416016e+01
1.041714763641357422e+01
1.041371536254882812e+01
1.040955448150634766e+01
1.043734169006347656e+01
1.038055706024169922e+01
1.037183094024658203e+01
1.045326328277587891e+01
1.041279983520507812e+01
1.042088031768798828e+01
1.041600513458251953e+01
1.040157794952392578e+01
1.044989109039306641e+01
1.041923522949218750e+01
1.036942291259765625e+01
1.043753433227539062e+01
1.039273738861083984e+01
1.037820053100585938e+01
1.036543846130371094e+01
1.040390110015869141e+01
1.038330554962158203e+01
1.039546012878417969e+01
1.038697433471679688e+01
1.036693096160888672e+01
1.034674930572509766e+01
1.035840034484863281e+01
1.043735313415527344e+01
1.035134696960449219e+01
1.038647365570068359e+01
1.035196399688720703e+01
1.039740467071533203e+01
1.038825130462646484e+01
1.038528060913085938e+01
1.032853412628173828e+01
1.039861679077148438e+01
1.037357711791992188e+01
1.039028930664062500e+01
1.036571598052978516e+01
1.039886665344238281e+01
1.037982273101806641e+01
1.040474700927734375e+01
1.033292388916015625e+01
1.032750320434570312e+01
1.032131004333496094e+01
1.038762760162353516e+01
1.040825748443603516e+01
1.032599830627441406e+01
1.036168956756591797e+01
1.036161804199218750e+01
1.036495780944824219e+01
1.035717487335205078e+01
1.038528633117675781e+01
1.038446903228759766e+01
1.036704730987548828e+01
1.040687370300292969e+01
1.036459064483642578e+01
1.040432548522949219e+01
1.037011528015136719e+01
1.032136535644531250e+01
1.041275024414062500e+01
1.039265346527099609e+01
1.033353900909423828e+01
1.032365608215332031e+01
1.039423274993896484e+01
1.034682559967041016e+01
1.031909179687500000e+01
1.032552051544189453e+01
1.030755996704101562e+01
1.036844253540039062e+01
1.028812980651855469e+01
1.034754657745361328e+01
1.036234378814697266e+01
1.032931423187255859e+01
1.028525829315185547e+01
1.037800693511962891e+01
1.031576251983642578e+01
1.034309673309326172e+01
1.035871124267578125e+01
1.026451301574707031e+01
1.032180118560791016e+01
1.036293315887451172e+01
1.032054519653320312e+01
1.036018371582031250e+01
1.035399150848388672e+01
1.030698490142822266e+01
1.031099128723144531e+01
1.037196636199951172e+01
1.032727050781250000e+01
1.028104496002197266e+01
1.024977397918701172e+01
1.031464099884033203e+01
1.031077194213867188e+01
1.033128452301025391e+01
1.032187938690185547e+01
1.033343315124511719e+01
1.029743099212646484e+01
1.034288597106933594e+01
1.032869625091552734e+01
1.031301879882812500e+01
1.037605190277099609e+01
1.031368160247802734e+01
1.029366683959960938e+01
1.038134574890136719e+01
1.034874916076660156e+01
1.028524208068847656e+01
1.025700855255126953e+01
1.035569667816162109e+01
1.036584091186523438e+01
1.029207897186279297e+01
1.035691642761230469e+01
1.034737682342529297e+01
1.030415821075439453e+01
1.025251674652099609e+01
1.036328125000000000e+01
1.035845470428466797e+01
1.034196090698242188e+01
1.027633190155029297e+01
1.033794021606445312e+01
1.026343250274658203e+01
1.032750797271728516e+01
1.032445049285888672e+01
1.034537029266357422e+01
1.035044288635253906e+01
1.031188869476318359e+01
1.029145336151123047e+01
1.033158779144287109e+01
1.029424190521240234e+01
1.027664852142333984e+01
1.032105731964111328e+01
1.031629657745361328e+01
1.038020801544189453e+01
1.034407901763916016e+01
1.027827835083007812e+01
1.030046463012695312e+01
1.031710243225097656e+01
1.029926967620849609e+01
1.031145763397216797e+01
1.026208400726318359e+01
1.029703807830810547e+01
1.025053310394287109e+01
1.025440406799316406e+01
1.031419754028320312e+01
1.036859226226806641e+01
1.025168991088867188e+01
1.025591850280761719e+01
1.030155944824218750e+01
1.031229209899902344e+01
1.026698398590087891e+01
1.025560760498046875e+01
1.027582740783691406e+01
1.028744029998779297e+01
1.033391380310058594e+01
1.032043457031250000e+01
1.024984455108642578e+01
1.028073596954345703e+01
1.032730007171630859e+01
1.027102661132812500e+01
1.026813697814941406e+01
1.027256774902343750e+01
1.028000926971435547e+01
1.023706340789794922e+01
1.031177425384521484e+01
1.025879669189453125e+01
1.032056808471679688e+01
1.026978683471679688e+01
1.028021240234375000e+01
1.026058101654052734e+01
1.024338817596435547e+01
1.026694583892822266e+01
1.024738502502441406e+01
1.024439144134521484e+01
1.024100494384765625e+01
1.026886463165283203e+01
1.027015018463134766e+01
1.028245639801025391e+01
1.032761669158935547e+01
1.026115894317626953e+01
1.025954055786132812e+01
1.025906944274902344e+01
1.029835987091064453e+01
1.033152866363525391e+01
1.028066444396972656e+01
1.025909709930419922e+01
1.030109500885009766e+01
1.024706840515136719e+01
1.021525192260742188e+01
1.028943157196044922e+01
1.025760936737060547e+01
1.026155567169189453e+01
1.014538383483886719e+01
1.028848075866699219e+01
1.022008514404296875e+01
1.029312705993652344e+01
1.028615283966064453e+01
1.021200942993164062e+01
1.024122524261474609e+01
1.022610950469970703e+01
1.021234321594238281e+01
1.030518150329589844e+01
1.033758449554443359e+01
1.027673053741455078e+01
1.021466445922851562e+01
1.029478073120117188e+01
1.026363563537597656e+01
1.019300842285156250e+01
1.023163032531738281e+01
1.023260784149169922e+01
1.026961421966552734e+01
1.027758884429931641e+01
1.024164009094238281e+01
1.032920932769775391e+01
1.026581859588623047e+01
1.021698760986328125e+01
1.021807289123535156e+01
1.027146434783935547e+01
1.023974132537841797e+01
1.029727172851562500e+01
1.025100231170654297e+01
1.024451541900634766e+01
1.025672435760498047e+01
1.028430080413818359e+01
1.025636768341064453e+01
1.022637939453125000e+01
1.020055294036865234e+01
1.025234889984130859e+01
1.024883937835693359e+01
1.028664398193359375e+01
1.020092296600341797e+01
1.022377872467041016e+01
1.025082492828369141e+01
1.019197368621826172e+01
1.023271465301513672e+01
1.020774364471435547e+01
1.022905445098876953e+01
1.015481853485107422e+01
1.025948143005371094e+01
1.017357063293457031e+01
1.023392295837402344e+01
1.025416660308837891e+01
1.020796871185302734e+01
1.020576858520507812e+01
1.025933837890625000e+01
1.027653217315673828e+01
1.024310588836669922e+01
1.022688579559326172e+01
1.022398471832275391e+01
1.024293422698974609e+01
1.020956325531005859e+01
1.022924041748046875e+01
1.024488162994384766e+01
1.022023963928222656e+01
1.027776336669921875e+01
1.018779754638671875e+01
1.022621154785156250e+01
1.031754302978515625e+01
1.021692657470703125e+01
1.018928241729736328e+01
1.026291942596435547e+01
1.022701072692871094e+01
1.025528621673583984e+01
1.021520042419433594e+01
1.018702411651611328e+01
1.010793399810791016e+01
1.024479293823242188e+01
1.019303035736083984e+01
1.022310924530029297e+01
1.019258499145507812e+01
1.014241218566894531e+01
1.020095443725585938e+01
1.028804874420166016e+01
1.023098850250244141e+01
1.023337936401367188e+01
1.021487045288085938e+01
1.019428253173828125e+01
1.017117595672607422e+01
1.015656852722167969e+01
1.020881462097167969e+01
1.015262699127197266e+01
1.018471527099609375e+01
1.018904495239257812e+01
1.013544273376464844e+01
1.022568511962890625e+01
1.021881484985351562e+01
1.018471717834472656e+01
1.019972610473632812e+01
1.023716545104980469e+01
1.010746765136718750e+01
1.022679042816162109e+01
1.016787052154541016e+01
1.023981666564941406e+01
1.025409889221191406e+01
1.025885391235351562e+01
1.011448860168457031e+01
1.023172855377197266e+01
1.018146228790283203e+01
1.018457698822021484e+01
1.015473937988281250e+01
1.026287555694580078e+01
1.016634654998779297e+01
1.014471817016601562e+01
1.016630363464355469e+01
1.020513439178466797e+01
1.021323394775390625e+01
1.017335033416748047e+01
1.023561000823974609e+01
1.018341350555419922e+01
1.017849826812744141e+01
1.022484111785888672e+01
1.014863491058349609e+01
1.026893711090087891e+01
1.015852451324462891e+01
1.021002101898193359e+01
1.017644882202148438e+01
1.015953636169433594e+01
1.014644813537597656e+01
1.021685695648193359e+01
1.013591670989990234e+01
1.022909450531005859e+01
1.018901824951171875e+01
1.009587764739990234e+01
1.022819900512695312e+01
1.018787288665771484e+01
1.028851318359375000e+01
1.018411922454833984e+01
1.019771289825439453e+01
1.018196487426757812e+01
1.019613933563232422e+01
1.015332698822021484e+01
1.012507057189941406e+01
1.020430278778076172e+01
1.023845481872558594e+01
1.010997581481933594e+01
1.020355415344238281e+01
1.016071701049804688e+01
1.014799785614013672e+01
1.008174228668212891e+01
1.018488216400146484e+01
1.014498615264892578e+01
1.015647602081298828e+01
1.022449302673339844e+01
1.016797447204589844e+01
1.015809249877929688e+01
1.016948413848876953e+01
1.017224311828613281e+01
1.015339851379394531e+01
1.018334484100341797e+01
1.010317134857177734e+01
1.015545558929443359e+01
1.020506572723388672e+01
1.026329898834228516e+01
1.011582660675048828e+01
1.009963035583496094e+01
1.020410919189453125e+01
1.017298698425292969e+01
1.013307857513427734e+01
1.013266754150390625e+01
1.017300701141357422e+01
1.017557334899902344e+01
1.015494346618652344e+01
1.021340179443359375e+01
1.016040706634521484e+01
1.015503692626953125e+01
1.007793903350830078e+01
1.011574935913085938e+01
1.011689090728759766e+01
1.005513763427734375e+01
1.018629837036132812e+01
1.016090011596679688e+01
1.014702987670898438e+01
1.017156696319580078e+01
1.009900093078613281e+01
1.010226154327392578e+01
1.011582851409912109e+01
1.018647575378417969e+01
1.018525505065917969e+01
1.017889690399169922e+01
1.017167091369628906e+01
1.008463287353515625e+01
1.003395080566406250e+01
1.016112422943115234e+01
1.007052612304687500e+01
1.014230251312255859e+01
1.004898643493652344e+01
1.013296794891357422e+01
1.012982368469238281e+01
1.020952892303466797e+01
1.013567638397216797e+01
1.015643501281738281e+01
1.014978313446044922e+01
1.005284976959228516e+01
1.018180370330810547e+01
1.017605781555175781e+01
1.016890621185302734e+01
1.010412693023681641e+01
1.008286190032958984e+01
1.012715148925781250e+01
1.011007499694824219e+01
1.008441925048828125e+01
1.011739730834960938e+01
1.011687183380126953e+01
1.012461090087890625e+01
1.012562370300292969e+01
1.006215763092041016e+01
1.015217971801757812e+01
1.007776069641113281e+01
1.005416393280029297e+01
1.008753490447998047e+01
1.012272262573242188e+01
1.013513660430908203e+01
1.010140228271484375e+01
1.011370849609375000e+01
1.007479953765869141e+01
1.017170429229736328e+01
1.007980060577392578e+01
1.010165882110595703e+01
1.003983974456787109e+01
1.008579254150390625e+01
1.008472156524658203e+01
1.011199665069580078e+01
1.015182209014892578e+01
1.011074638366699219e+01
1.010120010375976562e+01
1.011645412445068359e+01
1.004712677001953125e+01
1.007671260833740234e+01
1.005652427673339844e+01
1.015025329589843750e+01
1.015569972991943359e+01
1.015942668914794922e+01
1.015861415863037109e+01
1.012067604064941406e+01
1.001293563842773438e+01
1.002746582031250000e+01
1.003874301910400391e+01
1.008443355560302734e+01
1.008413600921630859e+01
1.007706356048583984e+01
1.012941360473632812e+01
1.011013698577880859e+01
1.013820171356201172e+01
1.004353427886962891e+01
1.010430717468261719e+01
9.979474067687988281e+00
1.004808044433593750e+01
1.004666900634765625e+01
9.964164733886718750e+00
1.008275413513183594e+01
1.007265090942382812e+01
1.003099250793457031e+01
1.006207561492919922e+01
1.007531642913818359e+01
9.975119590759277344e+00
1.006137847900390625e+01
1.012594127655029297e+01
1.001955890655517578e+01
1.010429382324218750e+01
1.005058002471923828e+01
1.002512550354003906e+01
1.006245040893554688e+01
1.006077194213867188e+01
1.005688571929931641e+01
1.006553459167480469e+01
1.000425720214843750e+01
1.001544284820556641e+01
1.011316585540771484e+01
9.905234336853027344e+00
1.002214145660400391e+01
1.006202697753906250e+01
1.001612949371337891e+01
1.001885509490966797e+01
1.007441234588623047e+01
1.006783294677734375e+01
1.008282661437988281e+01
9.991958618164062500e+00
1.004036426544189453e+01
1.003459644317626953e+01
1.005272102355957031e+01
1.004485607147216797e+01
1.005495357513427734e+01
1.008622741699218750e+01
1.004776954650878906e+01
1.007395553588867188e+01
1.005369663238525391e+01
1.006314849853515625e+01
1.016300678253173828e+01
9.996212959289550781e+00
1.005300807952880859e+01
1.004476928710937500e+01
1.007407188415527344e+01
1.004916763305664062e+01
1.004698085784912109e+01
1.004140663146972656e+01
1.002749729156494141e+01
1.012930870056152344e+01
1.010421657562255859e+01
1.003151607513427734e+01
1.000079631805419922e+01
1.007473850250244141e+01
1.002978610992431641e+01
1.003683090209960938e+01
9.988861083984375000e+00
1.001448631286621094e+01
1.004732227325439453e+01
9.941304206848144531e+00
9.949582099914550781e+00
9.985885620117187500e+00
1.007353115081787109e+01
1.003895854949951172e+01
1.002124977111816406e+01
1.005151367187500000e+01
1.003077697753906250e+01
1.006917381286621094e+01
1.004069805145263672e+01
1.003740882873535156e+01
1.009785556793212891e+01
1.002436065673828125e+01
1.001895427703857422e+01
1.002908420562744141e+01
1.002378368377685547e+01
9.997778892517089844e+00
1.011123085021972656e+01
1.008058071136474609e+01
1.005802059173583984e+01
1.002591896057128906e+01
1.007103157043457031e+01
9.993589401245117188e+00
9.992650032043457031e+00
9.940639495849609375e+00
9.958109855651855469e+00
1.003448104858398438e+01
1.003904342651367188e+01
1.000313663482666016e+01
9.971552848815917969e+00
9.974739074707031250e+00
1.005212974548339844e+01
9.989023208618164062e+00
9.994925498962402344e+00
9.995761871337890625e+00
9.955036163330078125e+00
1.000854301452636719e+01
9.958730697631835938e+00
1.006468868255615234e+01
9.977242469787597656e+00
1.006645679473876953e+01
1.005743122100830078e+01
1.000610065460205078e+01
9.934224128723144531e+00
9.935205459594726562e+00
1.008072280883789062e+01
9.947753906250000000e+00
9.928941726684570312e+00
1.008990478515625000e+01
1.001455402374267578e+01
9.939764022827148438e+00
9.995280265808105469e+00
9.981107711791992188e+00
1.000171089172363281e+01
9.927296638488769531e+00
1.001572513580322266e+01
1.001783180236816406e+01
9.919699668884277344e+00
9.997922897338867188e+00
9.853328704833984375e+00
1.013450241088867188e+01
1.001962280273437500e+01
9.983864784240722656e+00
9.965067863464355469e+00
9.881879806518554688e+00
1.000620555877685547e+01
9.824135780334472656e+00
9.947031021118164062e+00
9.998741149902343750e+00
9.965599060058593750e+00
9.987402915954589844e+00
9.956190109252929688e+00
9.838330268859863281e+00
1.000314521789550781e+01
9.945430755615234375e+00
9.893857955932617188e+00
9.948358535766601562e+00
1.003223419189453125e+01
1.002419567108154297e+01
9.885034561157226562e+00
9.920215606689453125e+00
9.960466384887695312e+00
9.984417915344238281e+00
1.006428050994873047e+01
9.963726043701171875e+00
9.967753410339355469e+00
9.923553466796875000e+00
9.902606010437011719e+00
9.923767089843750000e+00
9.904283523559570312e+00
9.791429519653320312e+00
9.829171180725097656e+00
9.878293037414550781e+00
9.919405937194824219e+00
9.928165435791015625e+00
9.954007148742675781e+00
9.787201881408691406e+00
9.979701995849609375e+00
9.867660522460937500e+00
9.942933082580566406e+00
9.892867088317871094e+00
9.891847610473632812e+00
9.905381202697753906e+00
9.891107559204101562e+00
9.906471252441406250e+00
9.894374847412109375e+00
9.919361114501953125e+00
9.898173332214355469e+00
9.869204521179199219e+00
1.004998874664306641e+01
9.944027900695800781e+00
1.005336380004882812e+01
9.894927024841308594e+00
9.940566062927246094e+00
9.914904594421386719e+00
9.915655136108398438e+00
9.816226959228515625e+00
1.007405567169189453e+01
9.851770401000976562e+00
9.883485794067382812e+00
9.906958580017089844e+00
9.923497200012207031e+00
9.982178688049316406e+00
9.994814872741699219e+00
9.887572288513183594e+00
1.008472442626953125e+01
9.866398811340332031e+00
9.904078483581542969e+00
9.972446441650390625e+00
9.899901390075683594e+00
9.987483978271484375e+00
9.939276695251464844e+00
9.869006156921386719e+00
9.892489433288574219e+00
9.867424011230468750e+00
9.987580299377441406e+00
9.936957359313964844e+00
9.931578636169433594e+00
9.908624649047851562e+00
9.807361602783203125e+00
9.966785430908203125e+00
9.913681983947753906e+00
9.859980583190917969e+00
9.987314224243164062e+00
9.935806274414062500e+00
9.834156990051269531e+00
9.940783500671386719e+00
9.904713630676269531e+00
9.936117172241210938e+00
9.950135231018066406e+00
1.000259304046630859e+01
9.893131256103515625e+00
9.879578590393066406e+00
9.790614128112792969e+00
9.839332580566406250e+00
9.959218978881835938e+00
9.877412796020507812e+00
9.836954116821289062e+00
9.889883041381835938e+00
9.876171112060546875e+00
1.004052734375000000e+01
9.811028480529785156e+00
9.909800529479980469e+00
9.933619499206542969e+00
9.874340057373046875e+00
9.875315666198730469e+00
9.918585777282714844e+00
9.832935333251953125e+00
9.844752311706542969e+00
9.892531394958496094e+00
9.803730964660644531e+00
9.832788467407226562e+00
9.933450698852539062e+00
9.838878631591796875e+00
9.901779174804687500e+00
9.836480140686035156e+00
9.833341598510742188e+00
9.976318359375000000e+00
9.829454421997070312e+00
9.932023048400878906e+00
9.859613418579101562e+00
9.826967239379882812e+00
9.893915176391601562e+00
9.880900382995605469e+00
9.890019416809082031e+00
9.757678031921386719e+00
9.845334053039550781e+00
9.855780601501464844e+00
9.728614807128906250e+00
9.854248046875000000e+00
9.864451408386230469e+00
9.858065605163574219e+00
9.897353172302246094e+00
9.873523712158203125e+00
9.875750541687011719e+00
9.918098449707031250e+00
9.872811317443847656e+00
9.778077125549316406e+00
9.841468811035156250e+00
9.901887893676757812e+00
9.862967491149902344e+00
9.900856971740722656e+00
9.812490463256835938e+00
9.823390007019042969e+00
9.800587654113769531e+00
9.723283767700195312e+00
9.836898803710937500e+00
9.758493423461914062e+00
9.916002273559570312e+00
9.663667678833007812e+00
9.876323699951171875e+00
9.900081634521484375e+00
9.805112838745117188e+00
9.834664344787597656e+00
9.876470565795898438e+00
9.824679374694824219e+00
9.872464179992675781e+00
9.901999473571777344e+00
9.868122100830078125e+00
9.876215934753417969e+00
9.833923339843750000e+00
9.766778945922851562e+00
9.867981910705566406e+00
9.677591323852539062e+00
9.795954704284667969e+00
9.884349822998046875e+00
9.777908325195312500e+00
9.874174118041992188e+00
9.781469345092773438e+00
9.861913681030273438e+00
9.957374572753906250e+00
9.821797370910644531e+00
9.786745071411132812e+00
9.864511489868164062e+00
9.896768569946289062e+00
9.906132698059082031e+00
9.849636077880859375e+00
9.775205612182617188e+00
9.770417213439941406e+00
9.776164054870605469e+00
9.830685615539550781e+00
9.826416015625000000e+00
9.846085548400878906e+00
9.865441322326660156e+00
9.770856857299804688e+00
9.823331832885742188e+00
9.822990417480468750e+00
9.813890457153320312e+00
9.761761665344238281e+00
9.823838233947753906e+00
9.860231399536132812e+00
9.623326301574707031e+00
9.747818946838378906e+00
9.841212272644042969e+00
9.875459671020507812e+00
9.747844696044921875e+00
9.756592750549316406e+00
9.780343055725097656e+00
9.931303024291992188e+00
9.908450126647949219e+00
9.780874252319335938e+00
9.829419136047363281e+00
9.737936973571777344e+00
9.786674499511718750e+00
9.717266082763671875e+00
9.847473144531250000e+00
9.749014854431152344e+00
9.887523651123046875e+00
9.775353431701660156e+00
9.752182006835937500e+00
9.949822425842285156e+00
9.729769706726074219e+00
9.867094039916992188e+00
9.867747306823730469e+00
9.860567092895507812e+00
9.813941001892089844e+00
9.847074508666992188e+00
9.852872848510742188e+00
9.776874542236328125e+00
9.761590003967285156e+00
9.836556434631347656e+00
9.783818244934082031e+00
9.824274063110351562e+00
9.592666625976562500e+00
9.738870620727539062e+00
9.807743072509765625e+00
9.700614929199218750e+00
9.830038070678710938e+00
9.667322158813476562e+00
9.827800750732421875e+00
9.632230758666992188e+00
9.839109420776367188e+00
9.801280975341796875e+00
9.689906120300292969e+00
9.784050941467285156e+00
9.721179008483886719e+00
9.681083679199218750e+00
9.754690170288085938e+00
9.897623062133789062e+00
9.823299407958984375e+00
9.730714797973632812e+00
9.787675857543945312e+00
9.709970474243164062e+00
9.814024925231933594e+00
9.882159233093261719e+00
9.539289474487304688e+00
9.769881248474121094e+00
9.626107215881347656e+00
9.836398124694824219e+00
9.732549667358398438e+00
9.755267143249511719e+00
9.687854766845703125e+00
9.729865074157714844e+00
9.730082511901855469e+00
9.756245613098144531e+00
9.816968917846679688e+00
9.825851440429687500e+00
9.734287261962890625e+00
9.796714782714843750e+00
9.865958213806152344e+00
9.653059005737304688e+00
9.719381332397460938e+00
9.746176719665527344e+00
9.728662490844726562e+00
9.717053413391113281e+00
9.658464431762695312e+00
9.813833236694335938e+00
9.905620574951171875e+00
9.876021385192871094e+00
9.711315155029296875e+00
9.660099029541015625e+00
9.647427558898925781e+00
9.752340316772460938e+00
9.675477027893066406e+00
9.636852264404296875e+00
9.715505599975585938e+00
9.724696159362792969e+00
9.812685966491699219e+00
9.775847434997558594e+00
9.782161712646484375e+00
9.787451744079589844e+00
9.705325126647949219e+00
9.711647987365722656e+00
9.677777290344238281e+00
9.893613815307617188e+00
9.630373954772949219e+00
9.848840713500976562e+00
9.769150733947753906e+00
9.756754875183105469e+00
9.727662086486816406e+00
9.705910682678222656e+00
9.762635231018066406e+00
9.785536766052246094e+00
9.700221061706542969e+00
9.795980453491210938e+00
9.619650840759277344e+00
9.613273620605468750e+00
9.621694564819335938e+00
9.880492210388183594e+00
9.577346801757812500e+00
9.776785850524902344e+00
9.690659523010253906e+00
9.623735427856445312e+00
9.794192314147949219e+00
9.671022415161132812e+00
9.614700317382812500e+00
9.723533630371093750e+00
9.708918571472167969e+00
9.757956504821777344e+00
9.806070327758789062e+00
9.690959930419921875e+00
9.530162811279296875e+00
9.709142684936523438e+00
9.751610755920410156e+00
9.579505920410156250e+00
9.747980117797851562e+00
9.695444107055664062e+00
9.703198432922363281e+00
9.742383003234863281e+00
9.641375541687011719e+00
9.796756744384765625e+00
9.710533142089843750e+00
9.696209907531738281e+00
9.686550140380859375e+00
9.574710845947265625e+00
9.702786445617675781e+00
9.705874443054199219e+00
9.783177375793457031e+00
9.650803565979003906e+00
9.656455993652343750e+00
9.709835052490234375e+00
9.650565147399902344e+00
9.769040107727050781e+00
9.568533897399902344e+00
9.835987091064453125e+00
9.657842636108398438e+00
9.747218132019042969e+00
9.753177642822265625e+00
9.696623802185058594e+00
9.553275108337402344e+00
9.661314964294433594e+00
9.639955520629882812e+00
9.857022285461425781e+00
9.597068786621093750e+00
9.574575424194335938e+00
9.691414833068847656e+00
9.604619026184082031e+00
9.410589218139648438e+00
9.657311439514160156e+00
9.670763969421386719e+00
9.667602539062500000e+00
9.757441520690917969e+00
9.650924682617187500e+00
9.505868911743164062e+00
9.721640586853027344e+00
9.797760963439941406e+00
9.711224555969238281e+00
9.767439842224121094e+00
9.624113082885742188e+00
9.620141029357910156e+00
9.652582168579101562e+00
9.818427085876464844e+00
9.693671226501464844e+00
9.648229598999023438e+00
9.603844642639160156e+00
9.540424346923828125e+00
9.588335037231445312e+00
9.734806060791015625e+00
9.495287895202636719e+00
9.559982299804687500e+00
9.730876922607421875e+00
9.657912254333496094e+00
9.554626464843750000e+00
9.776745796203613281e+00
9.706604003906250000e+00
9.739800453186035156e+00
9.651721954345703125e+00
9.683639526367187500e+00
9.556752204895019531e+00
9.522026062011718750e+00
9.693585395812988281e+00
9.705690383911132812e+00
9.567424774169921875e+00
9.705124855041503906e+00
9.829754829406738281e+00
9.558288574218750000e+00
9.705699920654296875e+00
9.632286071777343750e+00
9.466347694396972656e+00
9.772547721862792969e+00
9.672748565673828125e+00
9.671975135803222656e+00
9.681873321533203125e+00
9.751862525939941406e+00
9.802407264709472656e+00
9.613982200622558594e+00
9.700530052185058594e+00
9.786724090576171875e+00
9.705912590026855469e+00
9.694909095764160156e+00
9.600745201110839844e+00
9.719489097595214844e+00
9.637453079223632812e+00
9.558851242065429688e+00
9.710099220275878906e+00
9.726693153381347656e+00
9.663154602050781250e+00
9.517925262451171875e+00
9.567330360412597656e+00
9.750240325927734375e+00
9.642641067504882812e+00
9.422921180725097656e+00
9.526014328002929688e+00
9.634278297424316406e+00
9.593317031860351562e+00
9.749943733215332031e+00
9.501456260681152344e+00
9.670433998107910156e+00
9.702201843261718750e+00
9.660892486572265625e+00
9.555260658264160156e+00
9.699115753173828125e+00
9.591084480285644531e+00
9.668771743774414062e+00
9.580551147460937500e+00
9.628752708435058594e+00
9.566164016723632812e+00
9.572337150573730469e+00
9.554341316223144531e+00
9.805619239807128906e+00
9.544660568237304688e+00
9.624697685241699219e+00
9.569746017456054688e+00
9.646717071533203125e+00
9.620895385742187500e+00
9.573348045349121094e+00
9.655949592590332031e+00
9.590120315551757812e+00
9.686972618103027344e+00
9.569756507873535156e+00
9.525446891784667969e+00
9.594494819641113281e+00
9.574757575988769531e+00
9.465574264526367188e+00
9.399730682373046875e+00
9.655068397521972656e+00
9.500128746032714844e+00
9.643054962158203125e+00
9.689028739929199219e+00
9.521505355834960938e+00
9.662058830261230469e+00
9.722542762756347656e+00
9.649583816528320312e+00
9.607947349548339844e+00
9.635705947875976562e+00
9.610152244567871094e+00
9.552651405334472656e+00
9.555413246154785156e+00
9.558134078979492188e+00
9.620228767395019531e+00
9.588708877563476562e+00
9.648571014404296875e+00
9.566540718078613281e+00
9.511093139648437500e+00
9.614403724670410156e+00
9.659405708312988281e+00
9.557168960571289062e+00
9.537888526916503906e+00
9.594127655029296875e+00
9.591527938842773438e+00
9.678421974182128906e+00
9.542136192321777344e+00
9.443656921386718750e+00
9.711403846740722656e+00
9.587987899780273438e+00
9.624277114868164062e+00
9.437438964843750000e+00
9.561039924621582031e+00
9.786739349365234375e+00
9.571932792663574219e+00
9.540644645690917969e+00
9.583749771118164062e+00
9.542084693908691406e+00
9.558775901794433594e+00
9.624578475952148438e+00
9.601450920104980469e+00
9.571877479553222656e+00
9.563550949096679688e+00
9.620736122131347656e+00
9.563269615173339844e+00
9.578429222106933594e+00
9.415880203247070312e+00
9.545115470886230469e+00
9.639838218688964844e+00
9.571994781494140625e+00
9.474663734436035156e+00
9.607420921325683594e+00
9.723847389221191406e+00
9.523906707763671875e+00
9.513626098632812500e+00
9.550070762634277344e+00
9.533435821533203125e+00
9.335593223571777344e+00
9.467044830322265625e+00
9.491647720336914062e+00
9.483599662780761719e+00
9.670547485351562500e+00
9.658224105834960938e+00
9.536117553710937500e+00
9.556169509887695312e+00
9.494514465332031250e+00
9.574313163757324219e+00
9.526641845703125000e+00
9.510322570800781250e+00
9.452527046203613281e+00
9.667422294616699219e+00
9.514149665832519531e+00
9.495476722717285156e+00
9.674593925476074219e+00
9.528379440307617188e+00
9.611714363098144531e+00
9.682848930358886719e+00
9.613437652587890625e+00
9.478481292724609375e+00
9.663223266601562500e+00
9.632058143615722656e+00
9.637129783630371094e+00
9.581439018249511719e+00
9.679659843444824219e+00
9.421793937683105469e+00
9.515990257263183594e+00
9.562357902526855469e+00
9.456423759460449219e+00
9.642339706420898438e+00
9.621543884277343750e+00
9.666772842407226562e+00
9.583680152893066406e+00
9.469123840332031250e+00
9.527360916137695312e+00
9.442615509033203125e+00
9.564579010009765625e+00
9.598041534423828125e+00
9.616161346435546875e+00
9.692539215087890625e+00
9.423291206359863281e+00
9.405488014221191406e+00
9.722707748413085938e+00
9.656945228576660156e+00
9.419728279113769531e+00
9.370155334472656250e+00
9.614086151123046875e+00
9.428990364074707031e+00
9.432790756225585938e+00
9.544204711914062500e+00
9.559418678283691406e+00
9.568719863891601562e+00
9.401809692382812500e+00
9.495919227600097656e+00
9.600193023681640625e+00
9.560320854187011719e+00
9.477059364318847656e+00
9.584833145141601562e+00
9.543164253234863281e+00
9.553905487060546875e+00
9.537238121032714844e+00
9.413053512573242188e+00
9.590608596801757812e+00
9.535973548889160156e+00
9.425872802734375000e+00
9.636767387390136719e+00
9.629932403564453125e+00
9.490559577941894531e+00
9.589176177978515625e+00
9.581758499145507812e+00
9.577892303466796875e+00
9.748839378356933594e+00
9.373683929443359375e+00
9.616858482360839844e+00
9.660003662109375000e+00
9.463562011718750000e+00
9.372044563293457031e+00
9.623419761657714844e+00
9.468924522399902344e+00
9.693804740905761719e+00
9.491662979125976562e+00
9.386841773986816406e+00
9.531956672668457031e+00
9.450697898864746094e+00
9.513061523437500000e+00
9.562514305114746094e+00
9.507801055908203125e+00
9.471733093261718750e+00
9.434820175170898438e+00
9.553601264953613281e+00
9.503472328186035156e+00
9.608508110046386719e+00
9.601970672607421875e+00
9.382260322570800781e+00
9.604619026184082031e+00
9.481989860534667969e+00
9.505906105041503906e+00
9.456632614135742188e+00
9.508049011230468750e+00
9.409765243530273438e+00
9.663046836853027344e+00
9.438296318054199219e+00
9.317713737487792969e+00
9.641084671020507812e+00
9.440618515014648438e+00
9.473353385925292969e+00
9.441067695617675781e+00
9.323928833007812500e+00
9.603113174438476562e+00
9.418406486511230469e+00
9.467154502868652344e+00
9.372042655944824219e+00
9.609455108642578125e+00
9.571456909179687500e+00
9.553490638732910156e+00
9.453899383544921875e+00
9.558004379272460938e+00
9.419346809387207031e+00
9.484914779663085938e+00
9.488540649414062500e+00
9.571701049804687500e+00
9.380258560180664062e+00
9.430019378662109375e+00
9.629209518432617188e+00
9.500350952148437500e+00
9.526211738586425781e+00
9.604410171508789062e+00
9.443347930908203125e+00
9.376188278198242188e+00
9.563250541687011719e+00
9.530656814575195312e+00
9.493227005004882812e+00
9.474981307983398438e+00
9.388199806213378906e+00
9.506817817687988281e+00
9.556925773620605469e+00
9.356215476989746094e+00
9.469377517700195312e+00
9.448435783386230469e+00
9.434972763061523438e+00
9.449191093444824219e+00
9.466849327087402344e+00
9.540535926818847656e+00
9.377714157104492188e+00
9.496112823486328125e+00
9.408414840698242188e+00
9.401266098022460938e+00
9.487436294555664062e+00
9.573400497436523438e+00
9.480855941772460938e+00
9.474073410034179688e+00
9.378123283386230469e+00
9.519274711608886719e+00
9.298628807067871094e+00
9.473308563232421875e+00
9.640610694885253906e+00
9.411281585693359375e+00
9.461376190185546875e+00
9.517493247985839844e+00
9.470176696777343750e+00
9.529181480407714844e+00
9.428093910217285156e+00
9.459037780761718750e+00
9.522982597351074219e+00
9.554826736450195312e+00
9.515553474426269531e+00
9.512727737426757812e+00
9.500931739807128906e+00
9.591996192932128906e+00
9.544446945190429688e+00
9.384113311767578125e+00
9.406768798828125000e+00
9.484045982360839844e+00
9.527988433837890625e+00
9.548967361450195312e+00
9.456087112426757812e+00
9.379121780395507812e+00
9.558631896972656250e+00
9.572374343872070312e+00
9.501379966735839844e+00
9.486495018005371094e+00
9.463481903076171875e+00
9.374785423278808594e+00
9.452494621276855469e+00
9.420504570007324219e+00
9.532298088073730469e+00
9.455045700073242188e+00
9.317762374877929688e+00
9.301213264465332031e+00
9.310354232788085938e+00
9.490377426147460938e+00
9.386322975158691406e+00
9.420954704284667969e+00
9.284870147705078125e+00
9.548625946044921875e+00
9.385741233825683594e+00
9.376477241516113281e+00
9.505455970764160156e+00
9.510514259338378906e+00
9.291197776794433594e+00
9.396015167236328125e+00
9.540410041809082031e+00
9.382492065429687500e+00
9.367007255554199219e+00
9.439081192016601562e+00
9.476222991943359375e+00
9.637574195861816406e+00
9.359605789184570312e+00
9.397108078002929688e+00
9.277181625366210938e+00
9.527112007141113281e+00
9.315618515014648438e+00
9.325325965881347656e+00
9.439032554626464844e+00
9.521836280822753906e+00
9.500481605529785156e+00
9.330939292907714844e+00
9.313199043273925781e+00
9.244410514831542969e+00
9.411651611328125000e+00
9.372314453125000000e+00
9.553349494934082031e+00
9.410660743713378906e+00
9.432299613952636719e+00
9.344800949096679688e+00
9.386958122253417969e+00
9.371169090270996094e+00
9.295483589172363281e+00
9.426937103271484375e+00
9.327957153320312500e+00
9.446202278137207031e+00
9.310875892639160156e+00
9.287110328674316406e+00
9.265846252441406250e+00
9.394522666931152344e+00
9.509441375732421875e+00
9.474919319152832031e+00
9.322738647460937500e+00
9.278597831726074219e+00
9.459530830383300781e+00
9.427886009216308594e+00
9.383906364440917969e+00
9.301280021667480469e+00
9.388497352600097656e+00
9.410946846008300781e+00
9.420179367065429688e+00
9.338263511657714844e+00
9.423617362976074219e+00
9.474946022033691406e+00
9.412587165832519531e+00
9.371681213378906250e+00
9.304269790649414062e+00
9.332169532775878906e+00
9.483300209045410156e+00
9.379951477050781250e+00
9.364171981811523438e+00
9.475452423095703125e+00
9.243346214294433594e+00
9.324093818664550781e+00
9.428118705749511719e+00
9.481902122497558594e+00
9.364299774169921875e+00
9.465063095092773438e+00
9.376677513122558594e+00
9.455460548400878906e+00
9.332368850708007812e+00
9.422346115112304688e+00
9.355158805847167969e+00
9.344957351684570312e+00
9.395710945129394531e+00
9.480395317077636719e+00
9.358142852783203125e+00
9.410314559936523438e+00
9.373139381408691406e+00
9.311369895935058594e+00
9.146418571472167969e+00
9.470090866088867188e+00
9.332240104675292969e+00
9.157052993774414062e+00
9.256606101989746094e+00
9.454866409301757812e+00
9.214694976806640625e+00
9.321846961975097656e+00
9.390178680419921875e+00
9.344713211059570312e+00
9.481848716735839844e+00
9.364782333374023438e+00
9.425076484680175781e+00
9.414502143859863281e+00
9.206658363342285156e+00
9.514882087707519531e+00
9.544761657714843750e+00
9.433225631713867188e+00
9.451260566711425781e+00
9.231256484985351562e+00
9.367278099060058594e+00
9.414199829101562500e+00
9.436030387878417969e+00
9.386992454528808594e+00
9.479830741882324219e+00
9.164200782775878906e+00
9.340415000915527344e+00
9.332872390747070312e+00
9.271374702453613281e+00
9.384351730346679688e+00
9.414726257324218750e+00
9.410534858703613281e+00
9.425576210021972656e+00
9.176131248474121094e+00
9.458434104919433594e+00
9.207983016967773438e+00
9.185241699218750000e+00
9.479877471923828125e+00
9.393321990966796875e+00
9.563714981079101562e+00
9.440374374389648438e+00
9.441570281982421875e+00
9.376000404357910156e+00
9.536721229553222656e+00
9.390294075012207031e+00
9.588572502136230469e+00
9.408866882324218750e+00
9.217110633850097656e+00
9.400138854980468750e+00
9.331856727600097656e+00
9.368129730224609375e+00
9.430990219116210938e+00
9.210776329040527344e+00
9.291947364807128906e+00
9.359105110168457031e+00
9.351535797119140625e+00
9.436380386352539062e+00
9.294797897338867188e+00
9.286778450012207031e+00
9.203981399536132812e+00
9.484691619873046875e+00
9.247493743896484375e+00
9.199207305908203125e+00
9.145273208618164062e+00
9.295801162719726562e+00
9.379041671752929688e+00
9.589784622192382812e+00
9.289262771606445312e+00
9.286451339721679688e+00
9.621318817138671875e+00
9.311657905578613281e+00
9.319664001464843750e+00
9.364353179931640625e+00
9.243853569030761719e+00
9.413406372070312500e+00
9.379844665527343750e+00
9.302277565002441406e+00
9.185588836669921875e+00
9.350738525390625000e+00
9.260602951049804688e+00
9.423281669616699219e+00
9.236862182617187500e+00
9.337532043457031250e+00
9.371087074279785156e+00
9.409171104431152344e+00
9.375209808349609375e+00
9.420172691345214844e+00
9.280699729919433594e+00
9.208621025085449219e+00
9.272187232971191406e+00
9.411794662475585938e+00
9.259696006774902344e+00
9.434543609619140625e+00
9.543883323669433594e+00
9.318692207336425781e+00
9.181436538696289062e+00
9.012609481811523438e+00
9.337086677551269531e+00
9.261061668395996094e+00
9.404110908508300781e+00
9.356612205505371094e+00
9.365882873535156250e+00
9.301991462707519531e+00
9.281049728393554688e+00
9.324622154235839844e+00
9.361210823059082031e+00
9.334564208984375000e+00
9.456944465637207031e+00
9.247847557067871094e+00
9.477489471435546875e+00
9.353734016418457031e+00
9.365016937255859375e+00
9.218723297119140625e+00
9.428708076477050781e+00
9.248543739318847656e+00
9.301549911499023438e+00
9.290826797485351562e+00
9.301890373229980469e+00
9.335732460021972656e+00
9.402235984802246094e+00
9.317040443420410156e+00
9.255706787109375000e+00
9.373504638671875000e+00
9.396950721740722656e+00
9.318570137023925781e+00
9.466073036193847656e+00
9.327808380126953125e+00
9.294710159301757812e+00
9.519837379455566406e+00
9.238034248352050781e+00
9.412330627441406250e+00
9.341631889343261719e+00
9.296038627624511719e+00
9.403812408447265625e+00
8.999916076660156250e+00
9.267497062683105469e+00
9.161848068237304688e+00
9.123997688293457031e+00
9.127426147460937500e+00
9.237014770507812500e+00
9.280673980712890625e+00
9.392542839050292969e+00
9.121596336364746094e+00
9.471645355224609375e+00
9.199264526367187500e+00
9.444095611572265625e+00
9.212906837463378906e+00
9.113553047180175781e+00
9.428981781005859375e+00
9.027625083923339844e+00
9.322655677795410156e+00
9.444455146789550781e+00
9.422771453857421875e+00
9.076176643371582031e+00
9.252084732055664062e+00
9.418292045593261719e+00
9.282031059265136719e+00
9.288481712341308594e+00
9.342854499816894531e+00
9.351251602172851562e+00
9.333394050598144531e+00
9.323289871215820312e+00
9.317044258117675781e+00
9.230397224426269531e+00
9.264875411987304688e+00
9.288639068603515625e+00
9.294772148132324219e+00
9.178737640380859375e+00
9.448307991027832031e+00
9.226779937744140625e+00
9.376708030700683594e+00
9.127011299133300781e+00
9.283160209655761719e+00
9.379719734191894531e+00
9.291084289550781250e+00
9.432176589965820312e+00
9.247581481933593750e+00
9.349477767944335938e+00
9.384783744812011719e+00
9.239412307739257812e+00
9.274089813232421875e+00
9.403680801391601562e+00
9.167086601257324219e+00
9.255287170410156250e+00
9.308145523071289062e+00
9.439613342285156250e+00
9.461356163024902344e+00
9.341260910034179688e+00
9.239387512207031250e+00
9.050676345825195312e+00
9.470589637756347656e+00
9.285490036010742188e+00
9.335935592651367188e+00
9.226062774658203125e+00
9.322764396667480469e+00
9.218232154846191406e+00
9.289526939392089844e+00
9.350410461425781250e+00
9.290249824523925781e+00
9.419129371643066406e+00
9.247374534606933594e+00
9.226289749145507812e+00
9.195957183837890625e+00
9.254380226135253906e+00
9.246977806091308594e+00
9.328749656677246094e+00
9.415966033935546875e+00
9.311635971069335938e+00
9.346828460693359375e+00
9.081947326660156250e+00
9.191927909851074219e+00
9.238074302673339844e+00
9.364049911499023438e+00
9.390624046325683594e+00
9.250350952148437500e+00
9.172175407409667969e+00
9.212588310241699219e+00
9.169192314147949219e+00
9.365922927856445312e+00
8.981052398681640625e+00
9.011057853698730469e+00
9.316397666931152344e+00
9.304860115051269531e+00
9.400765419006347656e+00
9.267767906188964844e+00
9.269057273864746094e+00
9.160891532897949219e+00
9.271629333496093750e+00
9.258885383605957031e+00
9.199191093444824219e+00
9.210902214050292969e+00
9.321043968200683594e+00
9.220138549804687500e+00
9.092341423034667969e+00
9.137254714965820312e+00
9.342840194702148438e+00
9.459760665893554688e+00
9.251581192016601562e+00
9.168253898620605469e+00
9.424021720886230469e+00
9.233263015747070312e+00
9.310917854309082031e+00
9.096632003784179688e+00
9.368301391601562500e+00
9.262542724609375000e+00
9.303232192993164062e+00
9.331697463989257812e+00
9.198120117187500000e+00
9.180547714233398438e+00
9.252670288085937500e+00
9.174221038818359375e+00
9.079017639160156250e+00
9.361234664916992188e+00
9.149873733520507812e+00
9.169340133666992188e+00
9.173319816589355469e+00
9.275342941284179688e+00
9.282806396484375000e+00
9.331675529479980469e+00
9.008542060852050781e+00
9.200251579284667969e+00
9.269909858703613281e+00
9.188659667968750000e+00
9.328645706176757812e+00
9.252846717834472656e+00
9.292330741882324219e+00
9.224863052368164062e+00
9.420987129211425781e+00
9.333555221557617188e+00
9.294886589050292969e+00
9.149504661560058594e+00
9.286056518554687500e+00
9.282766342163085938e+00
9.219704627990722656e+00
9.349528312683105469e+00
9.304705619812011719e+00
9.270453453063964844e+00
9.199641227722167969e+00
9.274427413940429688e+00
9.224220275878906250e+00
9.126402854919433594e+00
9.300109863281250000e+00
9.145015716552734375e+00
9.220925331115722656e+00
9.191625595092773438e+00
9.230132102966308594e+00
9.242109298706054688e+00
9.198851585388183594e+00
9.236638069152832031e+00
9.352432250976562500e+00
9.345953941345214844e+00
9.139125823974609375e+00
9.383591651916503906e+00
9.302145004272460938e+00
9.239858627319335938e+00
9.320631980895996094e+00
9.102972984313964844e+00
9.340299606323242188e+00
9.196593284606933594e+00
9.224217414855957031e+00
9.071605682373046875e+00
9.357989311218261719e+00
9.334427833557128906e+00
9.293556213378906250e+00
9.260486602783203125e+00
9.165262222290039062e+00
9.292135238647460938e+00
9.284894943237304688e+00
9.263144493103027344e+00
9.180907249450683594e+00
9.304633140563964844e+00
9.319138526916503906e+00
9.062725067138671875e+00
9.377436637878417969e+00
9.250539779663085938e+00
9.356760025024414062e+00
9.248625755310058594e+00
9.383614540100097656e+00
9.129067420959472656e+00
9.345559120178222656e+00
9.338526725769042969e+00
9.146276473999023438e+00
9.307159423828125000e+00
9.499354362487792969e+00
9.140276908874511719e+00
9.235472679138183594e+00
9.405667304992675781e+00
9.277050971984863281e+00
9.063326835632324219e+00
9.308702468872070312e+00
9.165577888488769531e+00
8.967365264892578125e+00
9.360065460205078125e+00
9.267510414123535156e+00
9.298823356628417969e+00
9.315650939941406250e+00
9.182698249816894531e+00
8.708793640136718750e+00
9.433218955993652344e+00
9.272309303283691406e+00
9.262040138244628906e+00
9.078782081604003906e+00
9.319707870483398438e+00
9.179304122924804688e+00
9.218194007873535156e+00
9.236648559570312500e+00
9.116961479187011719e+00
9.289257049560546875e+00
9.192387580871582031e+00
9.165333747863769531e+00
9.164672851562500000e+00
9.212085723876953125e+00
9.316973686218261719e+00
9.230660438537597656e+00
9.342261314392089844e+00
9.148501396179199219e+00
9.023011207580566406e+00
9.171959877014160156e+00
9.184613227844238281e+00
9.363425254821777344e+00
9.264068603515625000e+00
9.186371803283691406e+00
8.958062171936035156e+00
9.248492240905761719e+00
9.177888870239257812e+00
9.214528083801269531e+00
9.235102653503417969e+00
9.262858390808105469e+00
9.267164230346679688e+00
9.293614387512207031e+00
9.096077919006347656e+00
9.275416374206542969e+00
9.110464096069335938e+00
9.282827377319335938e+00
9.230194091796875000e+00
9.245032310485839844e+00
9.377995491027832031e+00
9.225919723510742188e+00
9.259771347045898438e+00
9.234302520751953125e+00
9.336716651916503906e+00
9.145076751708984375e+00
9.296597480773925781e+00
9.336795806884765625e+00
9.175661087036132812e+00
9.230160713195800781e+00
9.085205078125000000e+00
9.273633956909179688e+00
9.275869369506835938e+00
8.904099464416503906e+00
9.291861534118652344e+00
8.930695533752441406e+00
9.309236526489257812e+00
9.322360038757324219e+00
9.212226867675781250e+00
9.237122535705566406e+00
9.158694267272949219e+00
9.146397590637207031e+00
9.155829429626464844e+00
9.224026679992675781e+00
9.215608596801757812e+00
9.245186805725097656e+00
9.276742935180664062e+00
9.237545013427734375e+00
9.230744361877441406e+00
9.286396980285644531e+00
9.231992721557617188e+00
9.150033950805664062e+00
9.248582839965820312e+00
9.244475364685058594e+00
9.083556175231933594e+00
9.071388244628906250e+00
9.087169647216796875e+00
9.259377479553222656e+00
9.032886505126953125e+00
9.129534721374511719e+00
9.157181739807128906e+00
9.221610069274902344e+00
9.340344429016113281e+00
9.256732940673828125e+00
9.202475547790527344e+00
9.297901153564453125e+00
9.123696327209472656e+00
9.208242416381835938e+00
9.349390983581542969e+00
9.287319183349609375e+00
9.219383239746093750e+00
9.228215217590332031e+00
9.099887847900390625e+00
9.263803482055664062e+00
9.144097328186035156e+00
9.228692054748535156e+00
9.342104911804199219e+00
8.999414443969726562e+00
9.248558044433593750e+00
9.151883125305175781e+00
9.190946578979492188e+00
9.308208465576171875e+00
9.213594436645507812e+00
9.248281478881835938e+00
9.047781944274902344e+00
9.231886863708496094e+00
9.217434883117675781e+00
9.196049690246582031e+00
9.120308876037597656e+00
9.215796470642089844e+00
9.264329910278320312e+00
9.270218849182128906e+00
9.198770523071289062e+00
8.959821701049804688e+00
9.168155670166015625e+00
8.996261596679687500e+00
9.134520530700683594e+00
8.989106178283691406e+00
9.230751037597656250e+00
9.204874992370605469e+00
9.301198959350585938e+00
9.213114738464355469e+00
9.164565086364746094e+00
9.083610534667968750e+00
9.173453330993652344e+00
9.172230720520019531e+00
9.042972564697265625e+00
9.253225326538085938e+00
9.337696075439453125e+00
9.007470130920410156e+00
9.286259651184082031e+00
9.318422317504882812e+00
8.949237823486328125e+00
9.142930984497070312e+00
9.222464561462402344e+00
8.978312492370605469e+00
9.220941543579101562e+00
9.249981880187988281e+00
9.092388153076171875e+00
9.100876808166503906e+00
9.073591232299804688e+00
9.319123268127441406e+00
9.225603103637695312e+00
9.215697288513183594e+00
9.168797492980957031e+00
8.963971138000488281e+00
9.226287841796875000e+00
9.191172599792480469e+00
9.101358413696289062e+00
9.138780593872070312e+00
9.228972434997558594e+00
9.069391250610351562e+00
9.169485092163085938e+00
9.177120208740234375e+00
9.254040718078613281e+00
9.185604095458984375e+00
9.226073265075683594e+00
9.158514976501464844e+00
9.293495178222656250e+00
9.151742935180664062e+00
9.088788986206054688e+00
9.166229248046875000e+00
9.152399063110351562e+00
8.989062309265136719e+00
9.174973487854003906e+00
9.297174453735351562e+00
9.285818099975585938e+00
9.277941703796386719e+00
9.097995758056640625e+00
9.388458251953125000e+00
9.142020225524902344e+00
9.116049766540527344e+00
9.078498840332031250e+00
9.029262542724609375e+00
9.308738708496093750e+00
9.193503379821777344e+00
9.116452217102050781e+00
9.317747116088867188e+00
9.084331512451171875e+00
9.206596374511718750e+00
9.273228645324707031e+00
9.062534332275390625e+00
9.219258308410644531e+00
9.089047431945800781e+00
9.311060905456542969e+00
9.146368026733398438e+00
9.204344749450683594e+00
9.161975860595703125e+00
9.239995002746582031e+00
9.301115989685058594e+00
9.175998687744140625e+00
9.186411857604980469e+00
9.202431678771972656e+00
9.063936233520507812e+00
9.162832260131835938e+00
9.229067802429199219e+00
9.116564750671386719e+00
9.001840591430664062e+00
9.142096519470214844e+00
9.130145072937011719e+00
9.234609603881835938e+00
8.812058448791503906e+00
9.099377632141113281e+00
9.253591537475585938e+00
9.166007041931152344e+00
9.210575103759765625e+00
9.114361763000488281e+00
9.153616905212402344e+00
9.234093666076660156e+00
9.214250564575195312e+00
9.116245269775390625e+00
9.223309516906738281e+00
9.050786972045898438e+00
8.950327873229980469e+00
9.166169166564941406e+00
9.165767669677734375e+00
9.079457283020019531e+00
9.088912963867187500e+00
9.035482406616210938e+00
8.931613922119140625e+00
9.059360504150390625e+00
9.170921325683593750e+00
9.146762847900390625e+00
9.132793426513671875e+00
9.255806922912597656e+00
9.170553207397460938e+00
9.173179626464843750e+00
9.169797897338867188e+00
9.260299682617187500e+00
9.219390869140625000e+00
9.175334930419921875e+00
8.963543891906738281e+00
8.929035186767578125e+00
9.179470062255859375e+00
9.081598281860351562e+00
9.215474128723144531e+00
9.160284042358398438e+00
9.115402221679687500e+00
9.234129905700683594e+00
9.137033462524414062e+00
8.992177009582519531e+00
9.107537269592285156e+00
9.152314186096191406e+00
9.274452209472656250e+00
9.078213691711425781e+00
9.153041839599609375e+00
9.119132041931152344e+00
8.928277969360351562e+00
9.178310394287109375e+00
9.106728553771972656e+00
9.036104202270507812e+00
8.770887374877929688e+00
8.935933113098144531e+00
9.164785385131835938e+00
9.103478431701660156e+00
8.975087165832519531e+00
9.087383270263671875e+00
9.129820823669433594e+00
9.240126609802246094e+00
9.144503593444824219e+00
8.972650527954101562e+00
9.095507621765136719e+00
9.213481903076171875e+00
9.001381874084472656e+00
9.394907951354980469e+00
9.271143913269042969e+00
9.164121627807617188e+00
9.181934356689453125e+00
9.083353042602539062e+00
9.165437698364257812e+00
9.199405670166015625e+00
9.149620056152343750e+00
9.297203063964843750e+00
9.102693557739257812e+00
9.123840332031250000e+00
9.132304191589355469e+00
9.266947746276855469e+00
9.191527366638183594e+00
9.175799369812011719e+00
8.977597236633300781e+00
9.229346275329589844e+00
8.924642562866210938e+00
9.060770034790039062e+00
9.166872024536132812e+00
9.135706901550292969e+00
9.019724845886230469e+00
9.207097053527832031e+00
9.102473258972167969e+00
9.163949966430664062e+00
9.048361778259277344e+00
9.220305442810058594e+00
9.188454627990722656e+00
9.199498176574707031e+00
9.205872535705566406e+00
9.080263137817382812e+00
9.381646156311035156e+00
9.054131507873535156e+00
9.438671112060546875e+00
9.006475448608398438e+00
9.101732254028320312e+00
8.901729583740234375e+00
9.255046844482421875e+00
9.175969123840332031e+00
9.137118339538574219e+00
9.070876121520996094e+00
9.019262313842773438e+00
9.087327957153320312e+00
9.092744827270507812e+00
9.036602020263671875e+00
9.210740089416503906e+00
9.234565734863281250e+00
9.158449172973632812e+00
9.042340278625488281e+00
9.171291351318359375e+00
9.224473953247070312e+00
9.094930648803710938e+00
9.145812034606933594e+00
9.042383193969726562e+00
9.154786109924316406e+00
9.193442344665527344e+00
8.877627372741699219e+00
9.125210762023925781e+00
9.216691017150878906e+00
9.146553993225097656e+00
9.014713287353515625e+00
9.106942176818847656e+00
8.929981231689453125e+00
9.069263458251953125e+00
9.211671829223632812e+00
9.143251419067382812e+00
9.126832962036132812e+00
8.757705688476562500e+00
9.140496253967285156e+00
9.122545242309570312e+00
9.213141441345214844e+00
8.910657882690429688e+00
9.259004592895507812e+00
9.116470336914062500e+00
9.012490272521972656e+00
9.101943969726562500e+00
9.051193237304687500e+00
9.244949340820312500e+00
9.030156135559082031e+00
8.981169700622558594e+00
9.198253631591796875e+00
9.026095390319824219e+00
9.033454895019531250e+00
9.198488235473632812e+00
9.050942420959472656e+00
9.135014533996582031e+00
9.420691490173339844e+00
9.231888771057128906e+00
8.986487388610839844e+00
9.142707824707031250e+00
9.033844947814941406e+00
9.199153900146484375e+00
9.139752388000488281e+00
9.016002655029296875e+00
9.279635429382324219e+00
9.200496673583984375e+00
8.738604545593261719e+00
8.935761451721191406e+00
9.019477844238281250e+00
9.020067214965820312e+00
9.126853942871093750e+00
9.095027923583984375e+00
9.076140403747558594e+00
9.146858215332031250e+00
9.071328163146972656e+00
9.029310226440429688e+00
9.236392974853515625e+00
9.048315048217773438e+00
9.089340209960937500e+00
9.030011177062988281e+00
9.108198165893554688e+00
9.048701286315917969e+00
8.955060958862304688e+00
9.160091400146484375e+00
9.211740493774414062e+00
9.424438476562500000e+00
9.184513092041015625e+00
9.234872817993164062e+00
9.294920921325683594e+00
9.096352577209472656e+00
9.030236244201660156e+00
9.126258850097656250e+00
8.999570846557617188e+00
9.077857971191406250e+00
9.070794105529785156e+00
9.087765693664550781e+00
9.246199607849121094e+00
8.964266777038574219e+00
9.052589416503906250e+00
8.984922409057617188e+00
9.071808815002441406e+00
9.103158950805664062e+00
9.003479957580566406e+00
9.117737770080566406e+00
8.983819007873535156e+00
9.178870201110839844e+00
9.011270523071289062e+00
9.111628532409667969e+00
9.048889160156250000e+00
9.025929450988769531e+00
9.044583320617675781e+00
9.157924652099609375e+00
9.240653991699218750e+00
8.876584053039550781e+00
8.988265037536621094e+00
9.128798484802246094e+00
9.235518455505371094e+00
9.007126808166503906e+00
9.054139137268066406e+00
9.130290031433105469e+00
9.181387901306152344e+00
9.188281059265136719e+00
8.947357177734375000e+00
9.073593139648437500e+00
9.116960525512695312e+00
9.152711868286132812e+00
9.282325744628906250e+00
9.131786346435546875e+00
9.080339431762695312e+00
9.282097816467285156e+00
9.172513008117675781e+00
9.053803443908691406e+00
9.065910339355468750e+00
9.141724586486816406e+00
9.103404045104980469e+00
8.921284675598144531e+00
8.972599029541015625e+00
9.118493080139160156e+00
9.080108642578125000e+00
9.194511413574218750e+00
9.013799667358398438e+00
8.898988723754882812e+00
9.102033615112304688e+00
9.099469184875488281e+00
9.202279090881347656e+00
9.094513893127441406e+00
8.953479766845703125e+00
8.988209724426269531e+00
9.080157279968261719e+00
9.065735816955566406e+00
9.011109352111816406e+00
8.924530029296875000e+00
8.883628845214843750e+00
9.288252830505371094e+00
9.018038749694824219e+00
9.065058708190917969e+00
9.134174346923828125e+00
9.057561874389648438e+00
9.057404518127441406e+00
9.010772705078125000e+00
8.988568305969238281e+00
9.158919334411621094e+00
9.069128036499023438e+00
9.186167716979980469e+00
9.081428527832031250e+00
9.097935676574707031e+00
8.867445945739746094e+00
9.113025665283203125e+00
9.105122566223144531e+00
9.008156776428222656e+00
9.252060890197753906e+00
8.934114456176757812e+00
9.150004386901855469e+00
9.105458259582519531e+00
9.152694702148437500e+00
9.098814964294433594e+00
8.984850883483886719e+00
9.063014984130859375e+00
9.050971031188964844e+00
8.934539794921875000e+00
9.070214271545410156e+00
9.203093528747558594e+00
9.037042617797851562e+00
9.252712249755859375e+00
9.075937271118164062e+00
9.227152824401855469e+00
9.062836647033691406e+00
9.155518531799316406e+00
9.141649246215820312e+00
8.883014678955078125e+00
8.946661949157714844e+00
9.080327987670898438e+00
9.251381874084472656e+00
9.143338203430175781e+00
9.175803184509277344e+00
9.009122848510742188e+00
9.178640365600585938e+00
9.175395965576171875e+00
9.167858123779296875e+00
9.029940605163574219e+00
8.928159713745117188e+00
8.989669799804687500e+00
9.239484786987304688e+00
9.150221824645996094e+00
9.128430366516113281e+00
8.920696258544921875e+00
9.059492111206054688e+00
8.916922569274902344e+00
9.121310234069824219e+00
9.096993446350097656e+00
8.971287727355957031e+00
9.083394050598144531e+00
8.982093811035156250e+00
9.048415184020996094e+00
9.025195121765136719e+00
9.054970741271972656e+00
8.849743843078613281e+00
8.988236427307128906e+00
8.799149513244628906e+00
8.967151641845703125e+00
8.933377265930175781e+00
9.280292510986328125e+00
9.165883064270019531e+00
8.987112045288085938e+00
8.977768898010253906e+00
9.052494049072265625e+00
9.153435707092285156e+00
9.090991020202636719e+00
9.013606071472167969e+00
9.117277145385742188e+00
9.062269210815429688e+00
9.142879486083984375e+00
9.212185859680175781e+00
9.095857620239257812e+00
9.026081085205078125e+00
8.951481819152832031e+00
9.364094734191894531e+00
9.055715560913085938e+00
8.916013717651367188e+00
9.098423004150390625e+00
9.120282173156738281e+00
9.034154891967773438e+00
8.835909843444824219e+00
9.161181449890136719e+00
9.257003784179687500e+00
9.133629798889160156e+00
8.905058860778808594e+00
8.997277259826660156e+00
8.941884994506835938e+00
9.181190490722656250e+00
9.137794494628906250e+00
9.119712829589843750e+00
8.959612846374511719e+00
9.007719039916992188e+00
9.016942977905273438e+00
8.859472274780273438e+00
9.107216835021972656e+00
8.987510681152343750e+00
8.906305313110351562e+00
9.053405761718750000e+00
8.971047401428222656e+00
9.100130081176757812e+00
8.996964454650878906e+00
9.001474380493164062e+00
9.034646034240722656e+00
9.062613487243652344e+00
8.980448722839355469e+00
9.142917633056640625e+00
9.177262306213378906e+00
9.127326965332031250e+00
9.117263793945312500e+00
9.133256912231445312e+00
9.024597167968750000e+00
9.063032150268554688e+00
8.915761947631835938e+00
8.999378204345703125e+00
8.928281784057617188e+00
9.190041542053222656e+00
9.066965103149414062e+00
9.132804870605468750e+00
9.095518112182617188e+00
9.042197227478027344e+00
9.118782997131347656e+00
9.035352706909179688e+00
9.062495231628417969e+00
8.971667289733886719e+00
9.101469993591308594e+00
8.946132659912109375e+00
8.983041763305664062e+00
9.013206481933593750e+00
9.161157608032226562e+00
9.031303405761718750e+00
8.775812149047851562e+00
8.830883026123046875e+00
9.179061889648437500e+00
9.128488540649414062e+00
8.952743530273437500e+00
9.090023994445800781e+00
8.929655075073242188e+00
8.940063476562500000e+00
9.181365966796875000e+00
9.129073143005371094e+00
9.017465591430664062e+00
9.111003875732421875e+00
9.001699447631835938e+00
9.314064025878906250e+00
9.128799438476562500e+00
8.886771202087402344e+00
8.740018844604492188e+00
8.965573310852050781e+00
9.091528892517089844e+00
8.936714172363281250e+00
9.245178222656250000e+00
9.037726402282714844e+00
9.144696235656738281e+00
9.039272308349609375e+00
9.051778793334960938e+00
8.984251022338867188e+00
9.126632690429687500e+00
9.142020225524902344e+00
9.228785514831542969e+00
8.948273658752441406e+00
9.342894554138183594e+00
8.944519996643066406e+00
8.943017959594726562e+00
8.940463066101074219e+00
8.957827568054199219e+00
9.072277069091796875e+00
9.004403114318847656e+00
9.211390495300292969e+00
8.981825828552246094e+00
9.076036453247070312e+00
9.107245445251464844e+00
9.052263259887695312e+00
9.115745544433593750e+00
8.915505409240722656e+00
8.942889213562011719e+00
8.997192382812500000e+00
8.927686691284179688e+00
8.888820648193359375e+00
8.991525650024414062e+00
9.097573280334472656e+00
8.953977584838867188e+00
9.020927429199218750e+00
9.189772605895996094e+00
9.199750900268554688e+00
9.045275688171386719e+00
9.005312919616699219e+00
9.058041572570800781e+00
8.971126556396484375e+00
9.187456130981445312e+00
9.314148902893066406e+00
8.927725791931152344e+00
9.076770782470703125e+00
9.119440078735351562e+00
9.037873268127441406e+00
8.894121170043945312e+00
8.928314208984375000e+00
8.895036697387695312e+00
8.968206405639648438e+00
9.118972778320312500e+00
9.008452415466308594e+00
9.067292213439941406e+00
9.034307479858398438e+00
9.139696121215820312e+00
9.107947349548339844e+00
9.101389884948730469e+00
9.051751136779785156e+00
9.074423789978027344e+00
9.044075012207031250e+00
8.976634979248046875e+00
8.796572685241699219e+00
8.985569000244140625e+00
9.102066993713378906e+00
9.156526565551757812e+00
8.945252418518066406e+00
9.035614967346191406e+00
9.018562316894531250e+00
9.067322731018066406e+00
9.041049003601074219e+00
8.906896591186523438e+00
9.091490745544433594e+00
8.984527587890625000e+00
9.270989418029785156e+00
8.998519897460937500e+00
8.856299400329589844e+00
9.139530181884765625e+00
8.963052749633789062e+00
8.977076530456542969e+00
8.990863800048828125e+00
9.181755065917968750e+00
8.980754852294921875e+00
9.081573486328125000e+00
9.015872955322265625e+00
9.162534713745117188e+00
8.810963630676269531e+00
9.142919540405273438e+00
9.093476295471191406e+00
8.928958892822265625e+00
9.187308311462402344e+00
8.940877914428710938e+00
9.022909164428710938e+00
9.201653480529785156e+00
9.164588928222656250e+00
9.158380508422851562e+00
9.086928367614746094e+00
9.005828857421875000e+00
8.970116615295410156e+00
8.846730232238769531e+00
9.163623809814453125e+00
8.979729652404785156e+00
9.168076515197753906e+00
8.985362052917480469e+00
8.812305450439453125e+00
9.124717712402343750e+00
9.047116279602050781e+00
8.911519050598144531e+00
8.892719268798828125e+00
9.002136230468750000e+00
9.030312538146972656e+00
9.189413070678710938e+00
9.017679214477539062e+00
9.077721595764160156e+00
9.059026718139648438e+00
9.006558418273925781e+00
8.943188667297363281e+00
8.973237037658691406e+00
8.994179725646972656e+00
9.208882331848144531e+00
9.100817680358886719e+00
9.091163635253906250e+00
9.089550018310546875e+00
9.153131484985351562e+00
9.024310111999511719e+00
9.146172523498535156e+00
9.073825836181640625e+00
9.061563491821289062e+00
9.009827613830566406e+00
9.098537445068359375e+00
9.096967697143554688e+00
9.026166915893554688e+00
9.319631576538085938e+00
9.060619354248046875e+00
8.990415573120117188e+00
9.233503341674804688e+00
9.182951927185058594e+00
9.127734184265136719e+00
9.017606735229492188e+00
9.224974632263183594e+00
9.145957946777343750e+00
9.163481712341308594e+00
9.042350769042968750e+00
9.056548118591308594e+00
9.098265647888183594e+00
9.020414352416992188e+00
9.004890441894531250e+00
8.955363273620605469e+00
8.905271530151367188e+00
8.955591201782226562e+00
9.028386116027832031e+00
9.095312118530273438e+00
9.066361427307128906e+00
9.103599548339843750e+00
8.933599472045898438e+00
9.051182746887207031e+00
8.766958236694335938e+00
8.907130241394042969e+00
8.905005455017089844e+00
8.982267379760742188e+00
9.141485214233398438e+00
9.146747589111328125e+00
8.916097640991210938e+00
9.101273536682128906e+00
9.008056640625000000e+00
9.049337387084960938e+00
8.901153564453125000e+00
9.131348609924316406e+00
8.923716545104980469e+00
9.067546844482421875e+00
8.966030120849609375e+00
8.861482620239257812e+00
9.008802413940429688e+00
8.866477966308593750e+00
8.917037010192871094e+00
9.131460189819335938e+00
9.047887802124023438e+00
9.057899475097656250e+00
9.013909339904785156e+00
9.115351676940917969e+00
9.135427474975585938e+00
8.853232383728027344e+00
8.996935844421386719e+00
8.904158592224121094e+00
9.141937255859375000e+00
9.092050552368164062e+00
9.082331657409667969e+00
9.036123275756835938e+00
9.120410919189453125e+00
9.085838317871093750e+00
9.074883460998535156e+00
9.017191886901855469e+00
8.950116157531738281e+00
8.874428749084472656e+00
8.921407699584960938e+00
8.895879745483398438e+00
9.057309150695800781e+00
9.012806892395019531e+00
8.978143692016601562e+00
8.973973274230957031e+00
8.860371589660644531e+00
9.080421447753906250e+00
9.020207405090332031e+00
8.763822555541992188e+00
9.086382865905761719e+00
9.112011909484863281e+00
8.983826637268066406e+00
9.249992370605468750e+00
8.651745796203613281e+00
8.989855766296386719e+00
8.924289703369140625e+00
8.933217048645019531e+00
9.033937454223632812e+00
9.163908958435058594e+00
9.149846076965332031e+00
9.077560424804687500e+00
9.064581871032714844e+00
8.988061904907226562e+00
9.042650222778320312e+00
8.898960113525390625e+00
8.958014488220214844e+00
9.008356094360351562e+00
9.063197135925292969e+00
9.248544692993164062e+00
9.076488494873046875e+00
9.136793136596679688e+00
8.812259674072265625e+00
8.977226257324218750e+00
8.998059272766113281e+00
8.804759025573730469e+00
9.100259780883789062e+00
8.807247161865234375e+00
9.054480552673339844e+00
8.911181449890136719e+00
8.873351097106933594e+00
9.133919715881347656e+00
8.939072608947753906e+00
9.010804176330566406e+00
8.889490127563476562e+00
9.033484458923339844e+00
8.973596572875976562e+00
9.209206581115722656e+00
9.099264144897460938e+00
8.787075996398925781e+00
8.834754943847656250e+00
8.777297019958496094e+00
8.923119544982910156e+00
8.906404495239257812e+00
8.950079917907714844e+00
8.995979309082031250e+00
9.089140892028808594e+00
8.845696449279785156e+00
9.121363639831542969e+00
8.933732986450195312e+00
8.920466423034667969e+00
8.855393409729003906e+00
9.013301849365234375e+00
9.003165245056152344e+00
9.020326614379882812e+00
8.992275238037109375e+00
8.903926849365234375e+00
8.832514762878417969e+00
8.948061943054199219e+00
8.934130668640136719e+00
8.846847534179687500e+00
8.957967758178710938e+00
8.970108985900878906e+00
8.746219635009765625e+00
9.060295104980468750e+00
9.153608322143554688e+00
8.988158226013183594e+00
9.032749176025390625e+00
8.812345504760742188e+00
9.031311035156250000e+00
9.069313049316406250e+00
9.243054389953613281e+00
8.881402015686035156e+00
8.992440223693847656e+00
8.985231399536132812e+00
8.975105285644531250e+00
8.836934089660644531e+00
9.075292587280273438e+00
8.863427162170410156e+00
9.022232055664062500e+00
8.978524208068847656e+00
9.004292488098144531e+00
9.038536071777343750e+00
9.264875411987304688e+00
8.946201324462890625e+00
8.928250312805175781e+00
8.938359260559082031e+00
9.029125213623046875e+00
9.061618804931640625e+00
8.770908355712890625e+00
8.999803543090820312e+00
8.832698822021484375e+00
9.042778015136718750e+00
9.079165458679199219e+00
9.087751388549804688e+00
8.981960296630859375e+00
9.072939872741699219e+00
9.081915855407714844e+00
8.997903823852539062e+00
9.005720138549804688e+00
8.859232902526855469e+00
8.964928627014160156e+00
8.923833847045898438e+00
8.734314918518066406e+00
9.063760757446289062e+00
8.679310798645019531e+00
9.105482101440429688e+00
8.967496871948242188e+00
8.928945541381835938e+00
8.775364875793457031e+00
9.003303527832031250e+00
8.991756439208984375e+00
8.905918121337890625e+00
9.098613739013671875e+00
8.847973823547363281e+00
9.090867996215820312e+00
8.851439476013183594e+00
8.735669136047363281e+00
9.192352294921875000e+00
9.226713180541992188e+00
9.106903076171875000e+00
8.793840408325195312e+00
8.932965278625488281e+00
9.016313552856445312e+00
8.943896293640136719e+00
8.951312065124511719e+00
8.909520149230957031e+00
9.004552841186523438e+00
9.142524719238281250e+00
8.999221801757812500e+00
9.047697067260742188e+00
9.007237434387207031e+00
9.046298027038574219e+00
9.047620773315429688e+00
8.933781623840332031e+00
8.715476989746093750e+00
9.025885581970214844e+00
9.097681999206542969e+00
8.943577766418457031e+00
8.820780754089355469e+00
8.969619750976562500e+00
9.067481040954589844e+00
8.984405517578125000e+00
9.103538513183593750e+00
9.204320907592773438e+00
8.891174316406250000e+00
9.067399024963378906e+00
8.863419532775878906e+00
8.858236312866210938e+00
9.039090156555175781e+00
9.055401802062988281e+00
8.969162940979003906e+00
8.930850028991699219e+00
8.904960632324218750e+00
8.929041862487792969e+00
9.050013542175292969e+00
9.026004791259765625e+00
8.997697830200195312e+00
8.870884895324707031e+00
9.083494186401367188e+00
8.927333831787109375e+00
8.971343040466308594e+00
8.917572021484375000e+00
8.897928237915039062e+00
8.985303878784179688e+00
8.829936027526855469e+00
9.030205726623535156e+00
8.767407417297363281e+00
9.112091064453125000e+00
9.137970924377441406e+00
8.937024116516113281e+00
8.858810424804687500e+00
8.985320091247558594e+00
8.944208145141601562e+00
8.662231445312500000e+00
9.004978179931640625e+00
8.919258117675781250e+00
8.925629615783691406e+00
8.992099761962890625e+00
9.069418907165527344e+00
8.969387054443359375e+00
8.820844650268554688e+00
9.100950241088867188e+00
9.047021865844726562e+00
8.600059509277343750e+00
8.891672134399414062e+00
9.001505851745605469e+00
8.947729110717773438e+00
8.951259613037109375e+00
9.075468063354492188e+00
8.840762138366699219e+00
9.002860069274902344e+00
8.987322807312011719e+00
8.994790077209472656e+00
9.047862052917480469e+00
8.957220077514648438e+00
9.212512016296386719e+00
8.876187324523925781e+00
8.959805488586425781e+00
8.991996765136718750e+00
8.918483734130859375e+00
9.120635986328125000e+00
8.980046272277832031e+00
9.004950523376464844e+00
8.885787010192871094e+00
9.037429809570312500e+00
8.899449348449707031e+00
9.061965942382812500e+00
8.816625595092773438e+00
9.142356872558593750e+00
8.854958534240722656e+00
8.994577407836914062e+00
8.952614784240722656e+00
8.792008399963378906e+00
8.879757881164550781e+00
8.803119659423828125e+00
9.158373832702636719e+00
8.985184669494628906e+00
8.893972396850585938e+00
8.914649963378906250e+00
8.935304641723632812e+00
9.094929695129394531e+00
9.080681800842285156e+00
8.928812026977539062e+00
9.016983032226562500e+00
9.017985343933105469e+00
8.929086685180664062e+00
8.481441497802734375e+00
9.061009407043457031e+00
8.955180168151855469e+00
9.147925376892089844e+00
9.066416740417480469e+00
8.761552810668945312e+00
8.816044807434082031e+00
9.020317077636718750e+00
8.966369628906250000e+00
9.004309654235839844e+00
8.932229042053222656e+00
9.022403717041015625e+00
8.726011276245117188e+00
9.014763832092285156e+00
8.768282890319824219e+00
8.965970993041992188e+00
9.117811203002929688e+00
8.832400321960449219e+00
8.804388999938964844e+00
8.874623298645019531e+00
8.954078674316406250e+00
8.809016227722167969e+00
8.985977172851562500e+00
8.926044464111328125e+00
9.075797080993652344e+00
8.952512741088867188e+00
8.972445487976074219e+00
8.927766799926757812e+00
8.963692665100097656e+00
8.901649475097656250e+00
9.041802406311035156e+00
9.057565689086914062e+00
9.104368209838867188e+00
8.938483238220214844e+00
8.963836669921875000e+00
8.889945030212402344e+00
8.868954658508300781e+00
9.093426704406738281e+00
8.907098770141601562e+00
9.059575080871582031e+00
8.823044776916503906e+00
9.064341545104980469e+00
9.097709655761718750e+00
9.133523941040039062e+00
8.874505996704101562e+00
9.111421585083007812e+00
8.832098960876464844e+00
8.805491447448730469e+00
9.062500000000000000e+00
8.880002975463867188e+00
8.943604469299316406e+00
8.960831642150878906e+00
9.041391372680664062e+00
8.882023811340332031e+00
8.881551742553710938e+00
8.908207893371582031e+00
8.968549728393554688e+00
9.031779289245605469e+00
8.941033363342285156e+00
9.067910194396972656e+00
8.958621025085449219e+00
9.063052177429199219e+00
8.973967552185058594e+00
8.789614677429199219e+00
9.018509864807128906e+00
8.949226379394531250e+00
8.966924667358398438e+00
9.145128250122070312e+00
8.918008804321289062e+00
8.917528152465820312e+00
9.023319244384765625e+00
8.946896553039550781e+00
8.896286010742187500e+00
8.797024726867675781e+00
8.887587547302246094e+00
9.048867225646972656e+00
8.938138008117675781e+00
8.937148094177246094e+00
8.867745399475097656e+00
8.806413650512695312e+00
8.754422187805175781e+00
8.904267311096191406e+00
8.873258590698242188e+00
8.888579368591308594e+00
8.713600158691406250e+00
8.831172943115234375e+00
8.868104934692382812e+00
9.144325256347656250e+00
8.802496910095214844e+00
8.876748085021972656e+00
9.122818946838378906e+00
8.677747726440429688e+00
8.846919059753417969e+00
8.994091033935546875e+00
8.846110343933105469e+00
8.881759643554687500e+00
8.778172492980957031e+00
8.777636528015136719e+00
8.950439453125000000e+00
8.856297492980957031e+00
9.069589614868164062e+00
8.880129814147949219e+00
8.880527496337890625e+00
9.006031036376953125e+00
8.773802757263183594e+00
8.696458816528320312e+00
9.036918640136718750e+00
8.909879684448242188e+00
8.758979797363281250e+00
9.063745498657226562e+00
8.828087806701660156e+00
9.027005195617675781e+00
8.884997367858886719e+00
8.800586700439453125e+00
9.007390022277832031e+00
8.995735168457031250e+00
8.943625450134277344e+00
8.898191452026367188e+00
8.364242553710937500e+00
8.996490478515625000e+00
9.147567749023437500e+00
8.825670242309570312e+00
9.082151412963867188e+00
9.000436782836914062e+00
8.729361534118652344e+00
8.918420791625976562e+00
8.790555000305175781e+00
8.988858222961425781e+00
8.947849273681640625e+00
8.969232559204101562e+00
8.941338539123535156e+00
8.866567611694335938e+00
8.879268646240234375e+00
8.938400268554687500e+00
8.585867881774902344e+00
9.023864746093750000e+00
8.605993270874023438e+00
8.687727928161621094e+00
9.174151420593261719e+00
8.836688995361328125e+00
9.007070541381835938e+00
9.037825584411621094e+00
8.881292343139648438e+00
8.925477981567382812e+00
8.848967552185058594e+00
8.935574531555175781e+00
8.898548126220703125e+00
8.927061080932617188e+00
8.848801612854003906e+00
8.905811309814453125e+00
9.112294197082519531e+00
9.010464668273925781e+00
8.943067550659179688e+00
9.014505386352539062e+00
9.045877456665039062e+00
8.990623474121093750e+00
8.900691986083984375e+00
8.947700500488281250e+00
8.827479362487792969e+00
8.939270019531250000e+00
8.936472892761230469e+00
8.952281951904296875e+00
9.018424034118652344e+00
8.909632682800292969e+00
8.975800514221191406e+00
8.857745170593261719e+00
8.867107391357421875e+00
8.931103706359863281e+00
8.897383689880371094e+00
8.763710021972656250e+00
8.924005508422851562e+00
9.052743911743164062e+00
8.901112556457519531e+00
8.669219970703125000e+00
8.480389595031738281e+00
8.838013648986816406e+00
8.833829879760742188e+00
9.070389747619628906e+00
8.870732307434082031e+00
8.776312828063964844e+00
8.929454803466796875e+00
9.061094284057617188e+00
8.831336975097656250e+00
8.934531211853027344e+00
8.873113632202148438e+00
8.846209526062011719e+00
8.983065605163574219e+00
8.942604064941406250e+00
8.928696632385253906e+00
9.137391090393066406e+00
8.962829589843750000e+00
8.919250488281250000e+00
8.897762298583984375e+00
8.826016426086425781e+00
9.039416313171386719e+00
9.004811286926269531e+00
9.001450538635253906e+00
8.878136634826660156e+00
8.723095893859863281e+00
9.038249015808105469e+00
8.689800262451171875e+00
8.952187538146972656e+00
8.930206298828125000e+00
8.868800163269042969e+00
8.848272323608398438e+00
8.973743438720703125e+00
8.866716384887695312e+00
8.710251808166503906e+00
8.966587066650390625e+00
8.898199081420898438e+00
9.076298713684082031e+00
9.064156532287597656e+00
9.110922813415527344e+00
8.783225059509277344e+00
8.875276565551757812e+00
8.972612380981445312e+00
8.810993194580078125e+00
8.954631805419921875e+00
8.887341499328613281e+00
8.913431167602539062e+00
8.884716033935546875e+00
8.937047004699707031e+00
8.767606735229492188e+00
8.878471374511718750e+00
8.918684959411621094e+00
8.987258911132812500e+00
8.966874122619628906e+00
8.965612411499023438e+00
8.765825271606445312e+00
8.956899642944335938e+00
8.858159065246582031e+00
8.694046974182128906e+00
8.882382392883300781e+00
8.852120399475097656e+00
8.931946754455566406e+00
8.803576469421386719e+00
8.843834877014160156e+00
9.018453598022460938e+00
8.790311813354492188e+00
8.843018531799316406e+00
8.765936851501464844e+00
9.094174385070800781e+00
8.939380645751953125e+00
8.953718185424804688e+00
8.903023719787597656e+00
9.126940727233886719e+00
8.880342483520507812e+00
8.716113090515136719e+00
9.079060554504394531e+00
8.780090332031250000e+00
8.948711395263671875e+00
8.886281013488769531e+00
8.851829528808593750e+00
9.156394004821777344e+00
8.840446472167968750e+00
8.978432655334472656e+00
8.771111488342285156e+00
8.888328552246093750e+00
8.962752342224121094e+00
8.885048866271972656e+00
8.785905838012695312e+00
8.889874458312988281e+00
8.945078849792480469e+00
8.919305801391601562e+00
9.083468437194824219e+00
8.831019401550292969e+00
8.956287384033203125e+00
8.824211120605468750e+00
9.184101104736328125e+00
8.951848030090332031e+00
8.805216789245605469e+00
8.930393218994140625e+00
8.987007141113281250e+00
8.887616157531738281e+00
8.861613273620605469e+00
8.805444717407226562e+00
8.933693885803222656e+00
8.751342773437500000e+00
8.892340660095214844e+00
9.075668334960937500e+00
8.845396995544433594e+00
9.037662506103515625e+00
8.927203178405761719e+00
8.950173377990722656e+00
8.955378532409667969e+00
9.056207656860351562e+00
8.727108955383300781e+00
8.930159568786621094e+00
8.985521316528320312e+00
9.120227813720703125e+00
9.106679916381835938e+00
8.953873634338378906e+00
8.938269615173339844e+00
8.912515640258789062e+00
9.025658607482910156e+00
8.925388336181640625e+00
9.056357383728027344e+00
8.866148948669433594e+00
8.724700927734375000e+00
8.868757247924804688e+00
8.857374191284179688e+00
9.147261619567871094e+00
8.529319763183593750e+00
8.919622421264648438e+00
8.878561973571777344e+00
8.891057014465332031e+00
8.755703926086425781e+00
8.698772430419921875e+00
8.902704238891601562e+00
8.998924255371093750e+00
8.765517234802246094e+00
8.868000984191894531e+00
8.841701507568359375e+00
8.722683906555175781e+00
8.855061531066894531e+00
8.906170845031738281e+00
8.915286064147949219e+00
8.997085571289062500e+00
8.992062568664550781e+00
8.918522834777832031e+00
8.870934486389160156e+00
8.867812156677246094e+00
8.795563697814941406e+00
8.875498771667480469e+00
9.050848007202148438e+00
8.975332260131835938e+00
8.994475364685058594e+00
8.903872489929199219e+00
8.897692680358886719e+00
8.762648582458496094e+00
8.840808868408203125e+00
8.925636291503906250e+00
8.995830535888671875e+00
8.903357505798339844e+00
8.953691482543945312e+00
8.811733245849609375e+00
8.778345108032226562e+00
8.893467903137207031e+00
8.842019081115722656e+00
8.891244888305664062e+00
8.998830795288085938e+00
8.923913002014160156e+00
8.771998405456542969e+00
8.905316352844238281e+00
8.930179595947265625e+00
8.741232872009277344e+00
8.855958938598632812e+00
9.042095184326171875e+00
8.705520629882812500e+00
8.853237152099609375e+00
9.034397125244140625e+00
8.903686523437500000e+00
8.977600097656250000e+00
8.914048194885253906e+00
8.823617935180664062e+00
8.888854026794433594e+00
8.961849212646484375e+00
8.932868003845214844e+00
8.929385185241699219e+00
8.884674072265625000e+00
8.957461357116699219e+00
8.927848815917968750e+00
9.125095367431640625e+00
8.949360847473144531e+00
8.780920028686523438e+00
9.055716514587402344e+00
8.735856056213378906e+00
8.836747169494628906e+00
8.995861053466796875e+00
8.927492141723632812e+00
8.840800285339355469e+00
9.100132942199707031e+00
8.953593254089355469e+00
8.885270118713378906e+00
8.899573326110839844e+00
8.606544494628906250e+00
8.920028686523437500e+00
8.879468917846679688e+00
8.891645431518554688e+00
8.874634742736816406e+00
8.819229125976562500e+00
9.006748199462890625e+00
8.656051635742187500e+00
8.849885940551757812e+00
8.831685066223144531e+00
9.002893447875976562e+00
8.937570571899414062e+00
8.877300262451171875e+00
8.971824645996093750e+00
8.919248580932617188e+00
8.970958709716796875e+00
9.024889945983886719e+00
8.885119438171386719e+00
8.950087547302246094e+00
8.862689971923828125e+00
9.092824935913085938e+00
8.926041603088378906e+00
8.686406135559082031e+00
8.940771102905273438e+00
8.801281929016113281e+00
8.939615249633789062e+00
8.802511215209960938e+00
8.855234146118164062e+00
8.664089202880859375e+00
8.905987739562988281e+00
8.942475318908691406e+00
8.934372901916503906e+00
9.037199020385742188e+00
8.963138580322265625e+00
8.554656982421875000e+00
8.793031692504882812e+00
8.762682914733886719e+00
8.940631866455078125e+00
9.087463378906250000e+00
8.923146247863769531e+00
8.788269996643066406e+00
8.904745101928710938e+00
8.934347152709960938e+00
8.826287269592285156e+00
8.777579307556152344e+00
8.949069023132324219e+00
8.765277862548828125e+00
8.887578964233398438e+00
8.990522384643554688e+00
8.760050773620605469e+00
8.986816406250000000e+00
9.003890037536621094e+00
8.875356674194335938e+00
8.891945838928222656e+00
8.836905479431152344e+00
8.952721595764160156e+00
8.739064216613769531e+00
8.980457305908203125e+00
8.822318077087402344e+00
8.925269126892089844e+00
8.512370109558105469e+00
8.823729515075683594e+00
8.929569244384765625e+00
8.799481391906738281e+00
8.940403938293457031e+00
8.923273086547851562e+00
8.882107734680175781e+00
9.019274711608886719e+00
8.752172470092773438e+00
8.730853080749511719e+00
8.917674064636230469e+00
8.714422225952148438e+00
8.721817016601562500e+00
8.754528999328613281e+00
8.968810081481933594e+00
8.952308654785156250e+00
9.028622627258300781e+00
9.060623168945312500e+00
8.912036895751953125e+00
9.013076782226562500e+00
8.841392517089843750e+00
8.888718605041503906e+00
8.852799415588378906e+00
8.715909957885742188e+00
8.949354171752929688e+00
8.825889587402343750e+00
8.980319023132324219e+00
8.853860855102539062e+00
8.786976814270019531e+00
8.940485000610351562e+00
8.820602416992187500e+00
8.682325363159179688e+00
8.928834915161132812e+00
8.947810173034667969e+00
8.946406364440917969e+00
8.826452255249023438e+00
8.791202545166015625e+00
9.110284805297851562e+00
8.897232055664062500e+00
8.839073181152343750e+00
8.928375244140625000e+00
8.905049324035644531e+00
8.861646652221679688e+00
8.899285316467285156e+00
8.877648353576660156e+00
8.876637458801269531e+00
8.847847938537597656e+00
8.825929641723632812e+00
8.776410102844238281e+00
8.871205329895019531e+00
8.416612625122070312e+00
8.798091888427734375e+00
8.778472900390625000e+00
8.801617622375488281e+00
8.828741073608398438e+00
9.048465728759765625e+00
8.970806121826171875e+00
9.152734756469726562e+00
9.073553085327148438e+00
9.014368057250976562e+00
8.579834938049316406e+00
8.862524986267089844e+00
8.783361434936523438e+00
8.843880653381347656e+00
8.988570213317871094e+00
8.814483642578125000e+00
8.929644584655761719e+00
8.979140281677246094e+00
8.663481712341308594e+00
8.914920806884765625e+00
8.747915267944335938e+00
8.642836570739746094e+00
8.954548835754394531e+00
9.015178680419921875e+00
8.874681472778320312e+00
8.961211204528808594e+00
8.656825065612792969e+00
8.805908203125000000e+00
8.918093681335449219e+00
8.844699859619140625e+00
8.927485466003417969e+00
8.815959930419921875e+00
8.711559295654296875e+00
8.976723670959472656e+00
8.964485168457031250e+00
8.908955574035644531e+00
8.998824119567871094e+00
8.848974227905273438e+00
8.861107826232910156e+00
8.670783042907714844e+00
8.924951553344726562e+00
9.012567520141601562e+00
8.898521423339843750e+00
8.847203254699707031e+00
8.863481521606445312e+00
8.608925819396972656e+00
8.778320312500000000e+00
8.843206405639648438e+00
9.005493164062500000e+00
9.072689056396484375e+00
8.961138725280761719e+00
9.122484207153320312e+00
9.021061897277832031e+00
8.964539527893066406e+00
9.029525756835937500e+00
8.922209739685058594e+00
8.976467132568359375e+00
8.771539688110351562e+00
8.977497100830078125e+00
8.865024566650390625e+00
8.895218849182128906e+00
8.905380249023437500e+00
8.834071159362792969e+00
8.844983100891113281e+00
8.870884895324707031e+00
8.774397850036621094e+00
8.591399192810058594e+00
8.762565612792968750e+00
8.920768737792968750e+00
8.928867340087890625e+00
9.001220703125000000e+00
8.922473907470703125e+00
8.760423660278320312e+00
8.827810287475585938e+00
9.025312423706054688e+00
8.902039527893066406e+00
8.903495788574218750e+00
8.877251625061035156e+00
8.852379798889160156e+00
9.024333953857421875e+00
8.824573516845703125e+00
8.946207046508789062e+00
8.936769485473632812e+00
9.141846656799316406e+00
8.796174049377441406e+00
8.653115272521972656e+00
8.819554328918457031e+00
8.891283988952636719e+00
8.936303138732910156e+00
8.728754997253417969e+00
8.905680656433105469e+00
8.939917564392089844e+00
8.928790092468261719e+00
8.890931129455566406e+00
8.778326034545898438e+00
8.765988349914550781e+00
8.813635826110839844e+00
9.073801040649414062e+00
9.094741821289062500e+00
8.783152580261230469e+00
8.902132987976074219e+00
8.873004913330078125e+00
8.968697547912597656e+00
8.876182556152343750e+00
8.920840263366699219e+00
8.859820365905761719e+00
8.917805671691894531e+00
8.802836418151855469e+00
8.941811561584472656e+00
8.912904739379882812e+00
8.790564537048339844e+00
8.798719406127929688e+00
8.749316215515136719e+00
9.007830619812011719e+00
8.913757324218750000e+00
8.887528419494628906e+00
8.900733947753906250e+00
8.852739334106445312e+00
8.870144844055175781e+00
8.875833511352539062e+00
8.666086196899414062e+00
8.818353652954101562e+00
8.780161857604980469e+00
8.846628189086914062e+00
8.918511390686035156e+00
8.706397056579589844e+00
8.812449455261230469e+00
8.801740646362304688e+00
8.983898162841796875e+00
8.920948982238769531e+00
8.991196632385253906e+00
8.638592720031738281e+00
8.961021423339843750e+00
8.912561416625976562e+00
8.682267189025878906e+00
8.865946769714355469e+00
8.975758552551269531e+00
8.946633338928222656e+00
9.021587371826171875e+00
8.811709403991699219e+00
8.736802101135253906e+00
8.716512680053710938e+00
8.828743934631347656e+00
8.672955513000488281e+00
8.993985176086425781e+00
9.007268905639648438e+00
8.843954086303710938e+00
8.845945358276367188e+00
8.749785423278808594e+00
8.815958976745605469e+00
8.824131011962890625e+00
8.492470741271972656e+00
8.964127540588378906e+00
9.017094612121582031e+00
8.827037811279296875e+00
8.732512474060058594e+00
9.019835472106933594e+00
9.024046897888183594e+00
8.959228515625000000e+00
8.804021835327148438e+00
8.878087997436523438e+00
8.852529525756835938e+00
8.755454063415527344e+00
8.754473686218261719e+00
8.806018829345703125e+00
8.977562904357910156e+00
8.889425277709960938e+00
8.825860023498535156e+00
8.817921638488769531e+00
8.884547233581542969e+00
8.979334831237792969e+00
8.634539604187011719e+00
8.804894447326660156e+00
8.859417915344238281e+00
8.761473655700683594e+00
8.757231712341308594e+00
8.688309669494628906e+00
8.720762252807617188e+00
8.887013435363769531e+00
8.879914283752441406e+00
8.909861564636230469e+00
8.912661552429199219e+00
8.758268356323242188e+00
8.848486900329589844e+00
9.085637092590332031e+00
9.080121994018554688e+00
8.841150283813476562e+00
8.900891304016113281e+00
8.672142028808593750e+00
8.832941055297851562e+00
8.948462486267089844e+00
8.770143508911132812e+00
8.909519195556640625e+00
8.769140243530273438e+00
8.921974182128906250e+00
9.031431198120117188e+00
8.843654632568359375e+00
8.947959899902343750e+00
9.009028434753417969e+00
8.733404159545898438e+00
8.768680572509765625e+00
8.889688491821289062e+00
8.795907974243164062e+00
8.945989608764648438e+00
8.795943260192871094e+00
8.817014694213867188e+00
8.924257278442382812e+00
8.876731872558593750e+00
8.727217674255371094e+00
8.924704551696777344e+00
8.947371482849121094e+00
8.638659477233886719e+00
8.799549102783203125e+00
8.768993377685546875e+00
8.762547492980957031e+00
8.855111122131347656e+00
8.880944252014160156e+00
8.685835838317871094e+00
8.960482597351074219e+00
8.668328285217285156e+00
8.788182258605957031e+00
8.839399337768554688e+00
8.843112945556640625e+00
9.033405303955078125e+00
8.847693443298339844e+00
8.886532783508300781e+00
8.863471031188964844e+00
8.924904823303222656e+00
8.882348060607910156e+00
8.853054046630859375e+00
8.828174591064453125e+00
8.835166931152343750e+00
8.566591262817382812e+00
8.950262069702148438e+00
8.748527526855468750e+00
8.889734268188476562e+00
8.820659637451171875e+00
8.827738761901855469e+00
8.688217163085937500e+00
9.010361671447753906e+00
8.882868766784667969e+00
8.773202896118164062e+00
8.984688758850097656e+00
8.970536231994628906e+00
8.924850463867187500e+00
8.790807723999023438e+00
8.919156074523925781e+00
9.021119117736816406e+00
8.870935440063476562e+00
8.831210136413574219e+00
8.908775329589843750e+00
8.763664245605468750e+00
8.794116973876953125e+00
8.834738731384277344e+00
8.639917373657226562e+00
8.716283798217773438e+00
8.932210922241210938e+00
8.714324951171875000e+00
8.870429039001464844e+00
8.861738204956054688e+00
8.959696769714355469e+00
8.631793022155761719e+00
8.934201240539550781e+00
8.813930511474609375e+00
8.810062408447265625e+00
8.983515739440917969e+00
8.927540779113769531e+00
8.696889877319335938e+00
8.936364173889160156e+00
8.891749382019042969e+00
8.749377250671386719e+00
9.061722755432128906e+00
8.859228134155273438e+00
8.987171173095703125e+00
8.701951980590820312e+00
8.874665260314941406e+00
8.775713920593261719e+00
8.908778190612792969e+00
8.717085838317871094e+00
8.895936012268066406e+00
8.943920135498046875e+00
8.909254074096679688e+00
9.018669128417968750e+00
8.803336143493652344e+00
8.897671699523925781e+00
8.746995925903320312e+00
8.748829841613769531e+00
8.838727951049804688e+00
8.802205085754394531e+00
8.854953765869140625e+00
8.895337104797363281e+00
8.955360412597656250e+00
8.796742439270019531e+00
8.814843177795410156e+00
8.842628479003906250e+00
8.952406883239746094e+00
8.881194114685058594e+00
9.033474922180175781e+00
8.935548782348632812e+00
8.683990478515625000e+00
8.789542198181152344e+00
8.764608383178710938e+00
8.785300254821777344e+00
9.012507438659667969e+00
8.868816375732421875e+00
8.972324371337890625e+00
8.990198135375976562e+00
8.751048088073730469e+00
8.828928947448730469e+00
8.679096221923828125e+00
8.661253929138183594e+00
8.894755363464355469e+00
8.647983551025390625e+00
8.907106399536132812e+00
8.836336135864257812e+00
9.032559394836425781e+00
8.837062835693359375e+00
8.889564514160156250e+00
8.868623733520507812e+00
9.001282691955566406e+00
8.840931892395019531e+00
8.701939582824707031e+00
8.801183700561523438e+00
8.938671112060546875e+00
8.903355598449707031e+00
8.949909210205078125e+00
8.747089385986328125e+00
8.969327926635742188e+00
8.798272132873535156e+00
8.801717758178710938e+00
8.899710655212402344e+00
8.813689231872558594e+00
8.998726844787597656e+00
8.862853050231933594e+00
8.797316551208496094e+00
8.730087280273437500e+00
8.947371482849121094e+00
8.798540115356445312e+00
8.934655189514160156e+00
8.772690773010253906e+00
8.843613624572753906e+00
8.756479263305664062e+00
9.070350646972656250e+00
8.967826843261718750e+00
8.925339698791503906e+00
8.802876472473144531e+00
8.893181800842285156e+00
8.771180152893066406e+00
8.734285354614257812e+00
9.055707931518554688e+00
8.890019416809082031e+00
8.836851119995117188e+00
8.763267517089843750e+00
8.765938758850097656e+00
8.930581092834472656e+00
8.581635475158691406e+00
8.954998970031738281e+00
8.927134513854980469e+00
8.824819564819335938e+00
8.667401313781738281e+00
8.828744888305664062e+00
8.732423782348632812e+00
8.804574966430664062e+00
8.930248260498046875e+00
8.689747810363769531e+00
8.906315803527832031e+00
8.860417366027832031e+00
8.829869270324707031e+00
8.792298316955566406e+00
8.735965728759765625e+00
8.630467414855957031e+00
8.792384147644042969e+00
8.931183815002441406e+00
8.679711341857910156e+00
8.694864273071289062e+00
8.945390701293945312e+00
8.973581314086914062e+00
8.875969886779785156e+00
9.035446166992187500e+00
8.921894073486328125e+00
8.310841560363769531e+00
8.653556823730468750e+00
8.879070281982421875e+00
8.810513496398925781e+00
8.511171340942382812e+00
9.059150695800781250e+00
8.652847290039062500e+00
8.944199562072753906e+00
8.969363212585449219e+00
8.867786407470703125e+00
8.965911865234375000e+00
8.632399559020996094e+00
8.792068481445312500e+00
8.838411331176757812e+00
8.878295898437500000e+00
8.964447021484375000e+00
8.926238059997558594e+00
8.955886840820312500e+00
8.806333541870117188e+00
8.934533119201660156e+00
8.867076873779296875e+00
8.973764419555664062e+00
8.808293342590332031e+00
8.659605979919433594e+00
8.766269683837890625e+00
8.927958488464355469e+00
8.895223617553710938e+00
8.811557769775390625e+00
8.815856933593750000e+00
8.787426948547363281e+00
8.792238235473632812e+00
8.655423164367675781e+00
8.967522621154785156e+00
8.849678039550781250e+00
8.801124572753906250e+00
8.746450424194335938e+00
8.892949104309082031e+00
8.837141036987304688e+00
8.863857269287109375e+00
8.681049346923828125e+00
8.735327720642089844e+00
8.612627029418945312e+00
9.063812255859375000e+00
9.042255401611328125e+00
8.646326065063476562e+00
8.777854919433593750e+00
8.590959548950195312e+00
8.928297042846679688e+00
8.861821174621582031e+00
8.780039787292480469e+00
8.705399513244628906e+00
8.981546401977539062e+00
8.875280380249023438e+00
8.803374290466308594e+00
8.881351470947265625e+00
8.834897994995117188e+00
8.741680145263671875e+00
8.624324798583984375e+00
8.691346168518066406e+00
8.654026031494140625e+00
8.753030776977539062e+00
8.770024299621582031e+00
8.703728675842285156e+00
9.063236236572265625e+00
8.950895309448242188e+00
8.813556671142578125e+00
9.131309509277343750e+00
8.776678085327148438e+00
8.671373367309570312e+00
8.810731887817382812e+00
8.775665283203125000e+00
8.934844017028808594e+00
8.592892646789550781e+00
8.838845252990722656e+00
8.849336624145507812e+00
8.930835723876953125e+00
8.739669799804687500e+00
8.964919090270996094e+00
8.900722503662109375e+00
8.800383567810058594e+00
8.647902488708496094e+00
8.902873039245605469e+00
8.749019622802734375e+00
8.715500831604003906e+00
8.661526679992675781e+00
8.959136962890625000e+00
8.766913414001464844e+00
8.969009399414062500e+00
8.904104232788085938e+00
8.636022567749023438e+00
8.878505706787109375e+00
8.769324302673339844e+00
8.978353500366210938e+00
8.784831047058105469e+00
8.865979194641113281e+00
8.730366706848144531e+00
8.785879135131835938e+00
8.833148956298828125e+00
8.660590171813964844e+00
8.904656410217285156e+00
8.843172073364257812e+00
8.889783859252929688e+00
8.941034317016601562e+00
8.909501075744628906e+00
8.758987426757812500e+00
8.908511161804199219e+00
8.722087860107421875e+00
8.852232933044433594e+00
9.074074745178222656e+00
8.843063354492187500e+00
8.610511779785156250e+00
8.936787605285644531e+00
8.709591865539550781e+00
8.907561302185058594e+00
8.799227714538574219e+00
8.787981033325195312e+00
8.849923133850097656e+00
8.748417854309082031e+00
8.901881217956542969e+00
8.876748085021972656e+00
8.875396728515625000e+00
8.838006019592285156e+00
8.901851654052734375e+00
8.841091156005859375e+00
8.744866371154785156e+00
8.819850921630859375e+00
8.919171333312988281e+00
8.544277191162109375e+00
8.813364028930664062e+00
8.843482017517089844e+00
8.732100486755371094e+00
8.639682769775390625e+00
8.740180969238281250e+00
8.634277343750000000e+00
8.882169723510742188e+00
8.863438606262207031e+00
8.615649223327636719e+00
8.785108566284179688e+00
8.839473724365234375e+00
8.826613426208496094e+00
8.906435966491699219e+00
8.729237556457519531e+00
8.845774650573730469e+00
8.831002235412597656e+00
8.727849006652832031e+00
8.725608825683593750e+00
8.837561607360839844e+00
8.793125152587890625e+00
8.862201690673828125e+00
8.639728546142578125e+00
8.572116851806640625e+00
8.598609924316406250e+00
8.804048538208007812e+00
9.003499031066894531e+00
8.766877174377441406e+00
8.921311378479003906e+00
8.921304702758789062e+00
8.644863128662109375e+00
8.966339111328125000e+00
8.983083724975585938e+00
8.764164924621582031e+00
8.694749832153320312e+00
9.014977455139160156e+00
8.775273323059082031e+00
8.890887260437011719e+00
8.894594192504882812e+00
8.981829643249511719e+00
9.054540634155273438e+00
8.662326812744140625e+00
9.007170677185058594e+00
8.690621376037597656e+00
8.634308815002441406e+00
8.612104415893554688e+00
8.736675262451171875e+00
8.823781967163085938e+00
8.931924819946289062e+00
8.923720359802246094e+00
8.798495292663574219e+00
8.747789382934570312e+00
8.970573425292968750e+00
8.842378616333007812e+00
8.863897323608398438e+00
8.901475906372070312e+00
8.471320152282714844e+00
8.675120353698730469e+00
8.714425086975097656e+00
8.992718696594238281e+00
8.815404891967773438e+00
8.819727897644042969e+00
8.988060951232910156e+00
8.586950302124023438e+00
8.767318725585937500e+00
8.804466247558593750e+00
8.705675125122070312e+00
8.789023399353027344e+00
8.645874023437500000e+00
8.990364074707031250e+00
8.923766136169433594e+00
8.728279113769531250e+00
8.806328773498535156e+00
8.692939758300781250e+00
8.762149810791015625e+00
8.969331741333007812e+00
8.707195281982421875e+00
8.895676612854003906e+00
9.005243301391601562e+00
8.626689910888671875e+00
8.899595260620117188e+00
8.684145927429199219e+00
8.806957244873046875e+00
8.740866661071777344e+00
8.882158279418945312e+00
8.802099227905273438e+00
8.840681076049804688e+00
8.362030982971191406e+00
8.510515213012695312e+00
8.840835571289062500e+00
8.789889335632324219e+00
8.906621932983398438e+00
8.727705001831054688e+00
9.061057090759277344e+00
8.674133300781250000e+00
8.865570068359375000e+00
8.700891494750976562e+00
8.819931983947753906e+00
8.805495262145996094e+00
8.864834785461425781e+00
8.911289215087890625e+00
8.917417526245117188e+00
8.839412689208984375e+00
8.619273185729980469e+00
8.699427604675292969e+00
8.693302154541015625e+00
8.954869270324707031e+00
8.873952865600585938e+00
8.801496505737304688e+00
8.667263031005859375e+00
8.895193099975585938e+00
8.888288497924804688e+00
8.558652877807617188e+00
8.574370384216308594e+00
8.934461593627929688e+00
8.831590652465820312e+00
8.812560081481933594e+00
8.799612998962402344e+00
8.796197891235351562e+00
8.707962036132812500e+00
8.595800399780273438e+00
8.623843193054199219e+00
8.928558349609375000e+00
8.944725990295410156e+00
8.802990913391113281e+00
8.746662139892578125e+00
8.883932113647460938e+00
8.831441879272460938e+00
8.781169891357421875e+00
8.502998352050781250e+00
8.686221122741699219e+00
8.781862258911132812e+00
8.586482048034667969e+00
8.644667625427246094e+00
8.855648994445800781e+00
8.989040374755859375e+00
8.597088813781738281e+00
8.670821189880371094e+00
8.786715507507324219e+00
8.791319847106933594e+00
8.849565505981445312e+00
8.375475883483886719e+00
8.987938880920410156e+00
8.968584060668945312e+00
8.671380043029785156e+00
8.924360275268554688e+00
8.662200927734375000e+00
8.499620437622070312e+00
8.906868934631347656e+00
8.633235931396484375e+00
8.801159858703613281e+00
8.887128829956054688e+00
8.768628120422363281e+00
8.802224159240722656e+00
8.632206916809082031e+00
8.625414848327636719e+00
8.943290710449218750e+00
8.720991134643554688e+00
8.928855895996093750e+00
8.639227867126464844e+00
8.722512245178222656e+00
8.901246070861816406e+00
8.698893547058105469e+00
8.807298660278320312e+00
8.891946792602539062e+00
8.945349693298339844e+00
8.750652313232421875e+00
8.776190757751464844e+00
8.703487396240234375e+00
8.710335731506347656e+00
8.979785919189453125e+00
8.777427673339843750e+00
8.887159347534179688e+00
8.722715377807617188e+00
8.603871345520019531e+00
8.969841003417968750e+00
8.837860107421875000e+00
8.894839286804199219e+00
8.611892700195312500e+00
8.752853393554687500e+00
8.839813232421875000e+00
8.619984626770019531e+00
8.999365806579589844e+00
8.732965469360351562e+00
8.734931945800781250e+00
8.779211997985839844e+00
8.813877105712890625e+00
8.776088714599609375e+00
8.946160316467285156e+00
8.713304519653320312e+00
8.750415802001953125e+00
8.943140983581542969e+00
8.843280792236328125e+00
8.871174812316894531e+00
8.652372360229492188e+00
8.844600677490234375e+00
8.823866844177246094e+00
8.914550781250000000e+00
8.865229606628417969e+00
8.728893280029296875e+00
8.786915779113769531e+00
8.875759124755859375e+00
8.881649017333984375e+00
8.674020767211914062e+00
8.654605865478515625e+00
8.565852165222167969e+00
8.879966735839843750e+00
8.631164550781250000e+00
8.596557617187500000e+00
8.703665733337402344e+00
8.898438453674316406e+00
8.759716033935546875e+00
8.813435554504394531e+00
8.478042602539062500e+00
8.708833694458007812e+00
8.726651191711425781e+00
8.782085418701171875e+00
8.737387657165527344e+00
8.672046661376953125e+00
8.761149406433105469e+00
8.678242683410644531e+00
8.832933425903320312e+00
8.885780334472656250e+00
8.844817161560058594e+00
8.707715034484863281e+00
9.001137733459472656e+00
8.743582725524902344e+00
8.817166328430175781e+00
8.756266593933105469e+00
8.679715156555175781e+00
8.707035064697265625e+00
8.695337295532226562e+00
8.763230323791503906e+00
8.773529052734375000e+00
8.918382644653320312e+00
8.759878158569335938e+00
8.531364440917968750e+00
8.739327430725097656e+00
8.700431823730468750e+00
8.663467407226562500e+00
8.826745033264160156e+00
8.629818916320800781e+00
8.875034332275390625e+00
8.756402015686035156e+00
8.632732391357421875e+00
8.989260673522949219e+00
8.753266334533691406e+00
8.900412559509277344e+00
8.881121635437011719e+00
8.761594772338867188e+00
8.803336143493652344e+00
8.816733360290527344e+00
8.721848487854003906e+00
8.987260818481445312e+00
8.798794746398925781e+00
8.652811050415039062e+00
8.770082473754882812e+00
8.846823692321777344e+00
8.828397750854492188e+00
8.748974800109863281e+00
8.819491386413574219e+00
8.754941940307617188e+00
8.524188995361328125e+00
8.904028892517089844e+00
8.833541870117187500e+00
8.763863563537597656e+00
8.589621543884277344e+00
8.750018119812011719e+00
8.813165664672851562e+00
8.630031585693359375e+00
8.728652000427246094e+00
8.659989356994628906e+00
8.941003799438476562e+00
8.890474319458007812e+00
8.766175270080566406e+00
8.847664833068847656e+00
8.611437797546386719e+00
8.781213760375976562e+00
8.772034645080566406e+00
8.918904304504394531e+00
8.820390701293945312e+00
8.788970947265625000e+00
8.775598526000976562e+00
8.937611579895019531e+00
8.821406364440917969e+00
8.584373474121093750e+00
8.768016815185546875e+00
8.656802177429199219e+00
9.048934936523437500e+00
8.802085876464843750e+00
8.900742530822753906e+00
8.791505813598632812e+00
8.834360122680664062e+00
8.927992820739746094e+00
8.743747711181640625e+00
8.671310424804687500e+00
8.778725624084472656e+00
9.008954048156738281e+00
8.806761741638183594e+00
8.791159629821777344e+00
8.664428710937500000e+00
8.740592956542968750e+00
8.788957595825195312e+00
8.912424087524414062e+00
8.861706733703613281e+00
8.862189292907714844e+00
8.704596519470214844e+00
8.649209022521972656e+00
8.641377449035644531e+00
8.962289810180664062e+00
8.888051986694335938e+00
8.801052093505859375e+00
8.633741378784179688e+00
8.812738418579101562e+00
8.732861518859863281e+00
8.715886116027832031e+00
8.789418220520019531e+00
8.889835357666015625e+00
8.757537841796875000e+00
8.849202156066894531e+00
8.838768005371093750e+00
8.888375282287597656e+00
8.768136024475097656e+00
8.635523796081542969e+00
8.843174934387207031e+00
8.817418098449707031e+00
8.663768768310546875e+00
8.694222450256347656e+00
8.923372268676757812e+00
8.970259666442871094e+00
8.825978279113769531e+00
8.812352180480957031e+00
8.833887100219726562e+00
8.719598770141601562e+00
8.782640457153320312e+00
9.111439704895019531e+00
8.775041580200195312e+00
8.726998329162597656e+00
8.838644981384277344e+00
8.835309028625488281e+00
8.814749717712402344e+00
8.940688133239746094e+00
8.746569633483886719e+00
8.813913345336914062e+00
8.870554924011230469e+00
8.687005043029785156e+00
8.780836105346679688e+00
8.750991821289062500e+00
8.838253974914550781e+00
8.582958221435546875e+00
8.862818717956542969e+00
8.756430625915527344e+00
8.993066787719726562e+00
8.849901199340820312e+00
8.738374710083007812e+00
8.755275726318359375e+00
8.723015785217285156e+00
8.894927978515625000e+00
8.753456115722656250e+00
8.818507194519042969e+00
8.759306907653808594e+00
8.565063476562500000e+00
8.637286186218261719e+00
8.838990211486816406e+00
8.806202888488769531e+00
8.892292022705078125e+00
8.946533203125000000e+00
8.706510543823242188e+00
8.650580406188964844e+00
8.756654739379882812e+00
8.872785568237304688e+00
8.729139328002929688e+00
8.668712615966796875e+00
8.552607536315917969e+00
8.928810119628906250e+00
8.844083786010742188e+00
8.735500335693359375e+00
8.785653114318847656e+00
8.697519302368164062e+00
8.676976203918457031e+00
8.776346206665039062e+00
8.626647949218750000e+00
8.725321769714355469e+00
8.770587921142578125e+00
8.716877937316894531e+00
8.754438400268554688e+00
8.651810646057128906e+00
8.673768997192382812e+00
8.766875267028808594e+00
8.560642242431640625e+00
8.704061508178710938e+00
8.582020759582519531e+00
8.812425613403320312e+00
8.657200813293457031e+00
8.786275863647460938e+00
8.855825424194335938e+00
8.923173904418945312e+00
8.739856719970703125e+00
8.870371818542480469e+00
8.818007469177246094e+00
8.744126319885253906e+00
8.854815483093261719e+00
8.948225975036621094e+00
8.823240280151367188e+00
8.683677673339843750e+00
8.608696937561035156e+00
8.737396240234375000e+00
8.545457839965820312e+00
8.754172325134277344e+00
8.747744560241699219e+00
8.558291435241699219e+00
8.687051773071289062e+00
8.914653778076171875e+00
8.971399307250976562e+00
8.735742568969726562e+00
8.949048042297363281e+00
8.423505783081054688e+00
8.814422607421875000e+00
8.990904808044433594e+00
8.474229812622070312e+00
8.742155075073242188e+00
8.726968765258789062e+00
8.880489349365234375e+00
8.819569587707519531e+00
8.556814193725585938e+00
8.840304374694824219e+00
8.731340408325195312e+00
8.827405929565429688e+00
8.824016571044921875e+00
8.824093818664550781e+00
8.595289230346679688e+00
8.567903518676757812e+00
8.961341857910156250e+00
8.919033050537109375e+00
8.773248672485351562e+00
8.571387290954589844e+00
8.858465194702148438e+00
8.891170501708984375e+00
8.866605758666992188e+00
8.858551025390625000e+00
8.825999259948730469e+00
8.884387969970703125e+00
8.916779518127441406e+00
8.713969230651855469e+00
8.765039443969726562e+00
8.675583839416503906e+00
8.850988388061523438e+00
8.781156539916992188e+00
8.954545974731445312e+00
8.624722480773925781e+00
8.923059463500976562e+00
8.836020469665527344e+00
8.732036590576171875e+00
8.746249198913574219e+00
8.860974311828613281e+00
8.554625511169433594e+00
9.018782615661621094e+00
8.950338363647460938e+00
8.829874038696289062e+00
8.794293403625488281e+00
8.863139152526855469e+00
8.814830780029296875e+00
8.822039604187011719e+00
8.882884979248046875e+00
8.770941734313964844e+00
8.699999809265136719e+00
8.936100006103515625e+00
8.673294067382812500e+00
8.885724067687988281e+00
8.617653846740722656e+00
8.748623847961425781e+00
8.595541000366210938e+00
9.166648864746093750e+00
8.853981018066406250e+00
8.840152740478515625e+00
8.712997436523437500e+00
8.583866119384765625e+00
8.279434204101562500e+00
8.518386840820312500e+00
8.615946769714355469e+00
8.721940040588378906e+00
8.712704658508300781e+00
8.647332191467285156e+00
8.823929786682128906e+00
8.889725685119628906e+00
8.756762504577636719e+00
8.622912406921386719e+00
8.520169258117675781e+00
8.814059257507324219e+00
8.798851013183593750e+00
8.805072784423828125e+00
8.934510231018066406e+00
8.810326576232910156e+00
8.629958152770996094e+00
8.778572082519531250e+00
8.768836021423339844e+00
8.951976776123046875e+00
8.737915992736816406e+00
8.713279724121093750e+00
8.930202484130859375e+00
8.580912590026855469e+00
8.869634628295898438e+00
8.731665611267089844e+00
8.866260528564453125e+00
8.800630569458007812e+00
8.766389846801757812e+00
8.922245025634765625e+00
8.903266906738281250e+00
8.701907157897949219e+00
8.737299919128417969e+00
8.919338226318359375e+00
8.730137825012207031e+00
8.911438941955566406e+00
8.736879348754882812e+00
8.661239624023437500e+00
8.490720748901367188e+00
8.565461158752441406e+00
8.845433235168457031e+00
8.462585449218750000e+00
8.702602386474609375e+00
8.437172889709472656e+00
8.647246360778808594e+00
8.689350128173828125e+00
8.607655525207519531e+00
8.753473281860351562e+00
8.828706741333007812e+00
8.961466789245605469e+00
8.728627204895019531e+00
8.849683761596679688e+00
8.927829742431640625e+00
8.699665069580078125e+00
8.871817588806152344e+00
8.863526344299316406e+00
8.742559432983398438e+00
8.818721771240234375e+00
8.821607589721679688e+00
8.897559165954589844e+00
8.711975097656250000e+00
8.723452568054199219e+00
8.724440574645996094e+00
8.752033233642578125e+00
8.700260162353515625e+00
8.878940582275390625e+00
8.707680702209472656e+00
8.726142883300781250e+00
8.491397857666015625e+00
8.811728477478027344e+00
8.732160568237304688e+00
8.768077850341796875e+00
8.574487686157226562e+00
8.778515815734863281e+00
8.929808616638183594e+00
8.693623542785644531e+00
8.515692710876464844e+00
8.654685020446777344e+00
8.707432746887207031e+00
8.395237922668457031e+00
8.648114204406738281e+00
8.693261146545410156e+00
8.659889221191406250e+00
8.784500122070312500e+00
8.847233772277832031e+00
8.662098884582519531e+00
8.866286277770996094e+00
8.760973930358886719e+00
8.680367469787597656e+00
8.658960342407226562e+00
8.598077774047851562e+00
8.657320976257324219e+00
8.762852668762207031e+00
8.873022079467773438e+00
8.685281753540039062e+00
8.691861152648925781e+00
8.600455284118652344e+00
8.721012115478515625e+00
8.763005256652832031e+00
8.867899894714355469e+00
8.770323753356933594e+00
8.789297103881835938e+00
8.712420463562011719e+00
8.650790214538574219e+00
8.696517944335937500e+00
8.716799736022949219e+00
8.773853302001953125e+00
8.674972534179687500e+00
8.852186203002929688e+00
8.590412139892578125e+00
8.756749153137207031e+00
8.704317092895507812e+00
8.754419326782226562e+00
8.768150329589843750e+00
8.683855056762695312e+00
8.871728897094726562e+00
8.905210494995117188e+00
8.819238662719726562e+00
8.802242279052734375e+00
8.832129478454589844e+00
9.014593124389648438e+00
8.848304748535156250e+00
8.840542793273925781e+00
8.794852256774902344e+00
8.883443832397460938e+00
8.345541000366210938e+00
8.874750137329101562e+00
8.838009834289550781e+00
8.465806961059570312e+00
8.849831581115722656e+00
8.810518264770507812e+00
8.674512863159179688e+00
8.683086395263671875e+00
8.736910820007324219e+00
8.600393295288085938e+00
8.363883972167968750e+00
8.642961502075195312e+00
9.056251525878906250e+00
8.710925102233886719e+00
8.791306495666503906e+00
8.772841453552246094e+00
8.786080360412597656e+00
8.772134780883789062e+00
8.507808685302734375e+00
8.796154975891113281e+00
8.843760490417480469e+00
8.754550933837890625e+00
8.730319976806640625e+00
8.946487426757812500e+00
8.821053504943847656e+00
8.645567893981933594e+00
8.863762855529785156e+00
8.807213783264160156e+00
8.604084968566894531e+00
8.667451858520507812e+00
8.849885940551757812e+00
8.865051269531250000e+00
9.033089637756347656e+00
8.704380989074707031e+00
8.784461021423339844e+00
8.689110755920410156e+00
8.723826408386230469e+00
8.688326835632324219e+00
8.835787773132324219e+00
8.845980644226074219e+00
8.873634338378906250e+00
8.477742195129394531e+00
8.771678924560546875e+00
8.758296012878417969e+00
8.607954978942871094e+00
8.463708877563476562e+00
8.740267753601074219e+00
8.895503044128417969e+00
8.841144561767578125e+00
8.658582687377929688e+00
8.669654846191406250e+00
8.651352882385253906e+00
8.672888755798339844e+00
8.594626426696777344e+00
8.610755920410156250e+00
8.882520675659179688e+00
8.703882217407226562e+00
8.741686820983886719e+00
8.876317024230957031e+00
8.870017051696777344e+00
8.697710990905761719e+00
8.708777427673339844e+00
8.759594917297363281e+00
8.714423179626464844e+00
8.703242301940917969e+00
8.598063468933105469e+00
8.710083007812500000e+00
8.924745559692382812e+00
8.779675483703613281e+00
8.846655845642089844e+00
8.762541770935058594e+00
8.754865646362304688e+00
8.761819839477539062e+00
8.635838508605957031e+00
8.704971313476562500e+00
8.679262161254882812e+00
8.691411018371582031e+00
8.914509773254394531e+00
8.668004989624023438e+00
8.875247955322265625e+00
8.771701812744140625e+00
8.639143943786621094e+00
8.806302070617675781e+00
8.916240692138671875e+00
8.798390388488769531e+00
8.723279953002929688e+00
8.790555000305175781e+00
8.452923774719238281e+00
8.843682289123535156e+00
8.745615005493164062e+00
8.740308761596679688e+00
8.638394355773925781e+00
8.723436355590820312e+00
8.496093750000000000e+00
8.813055992126464844e+00
8.806388854980468750e+00
8.730876922607421875e+00
8.905780792236328125e+00
8.967444419860839844e+00
8.742012023925781250e+00
8.804948806762695312e+00
8.789075851440429688e+00
8.849410057067871094e+00
8.644676208496093750e+00
8.805806159973144531e+00
8.685251235961914062e+00
8.528126716613769531e+00
8.974886894226074219e+00
8.833999633789062500e+00
8.745203018188476562e+00
8.716269493103027344e+00
8.838350296020507812e+00
8.773412704467773438e+00
8.795099258422851562e+00
8.735347747802734375e+00
8.701466560363769531e+00
8.815692901611328125e+00
8.763202667236328125e+00
8.714672088623046875e+00
8.760994911193847656e+00
8.562114715576171875e+00
8.794939041137695312e+00
8.819988250732421875e+00
8.590359687805175781e+00
8.692931175231933594e+00
8.819347381591796875e+00
8.745774269104003906e+00
8.762457847595214844e+00
8.716394424438476562e+00
8.738425254821777344e+00
8.721299171447753906e+00
8.681813240051269531e+00
8.838783264160156250e+00
8.721625328063964844e+00
8.765339851379394531e+00
8.670411109924316406e+00
8.877094268798828125e+00
8.635657310485839844e+00
8.774931907653808594e+00
8.833846092224121094e+00
8.588985443115234375e+00
8.790957450866699219e+00
8.775442123413085938e+00
8.643342018127441406e+00
8.631744384765625000e+00
8.645858764648437500e+00
8.741613388061523438e+00
8.708314895629882812e+00
8.523108482360839844e+00
8.410138130187988281e+00
8.747519493103027344e+00
8.619318008422851562e+00
8.810584068298339844e+00
9.013463020324707031e+00
8.618350982666015625e+00
8.554799079895019531e+00
8.902864456176757812e+00
8.808395385742187500e+00
8.697060585021972656e+00
8.602516174316406250e+00
8.802522659301757812e+00
8.886910438537597656e+00
8.757307052612304688e+00
8.669236183166503906e+00
8.686927795410156250e+00
8.925559997558593750e+00
8.634610176086425781e+00
8.539875984191894531e+00
8.886873245239257812e+00
8.874746322631835938e+00
8.840564727783203125e+00
8.687891006469726562e+00
8.756209373474121094e+00
8.952896118164062500e+00
8.839656829833984375e+00
8.797389984130859375e+00
8.620071411132812500e+00
8.998275756835937500e+00
8.721303939819335938e+00
8.721913337707519531e+00
8.819021224975585938e+00
8.892929077148437500e+00
8.665186882019042969e+00
8.875700950622558594e+00
8.842304229736328125e+00
8.797957420349121094e+00
8.590061187744140625e+00
8.310713768005371094e+00
8.600995063781738281e+00
8.780916213989257812e+00
8.720384597778320312e+00
8.707670211791992188e+00
8.633794784545898438e+00
8.709734916687011719e+00
8.665996551513671875e+00
8.537991523742675781e+00
8.612252235412597656e+00
8.412958145141601562e+00
8.704559326171875000e+00
8.945323944091796875e+00
8.672573089599609375e+00
8.869171142578125000e+00
8.753669738769531250e+00
8.482137680053710938e+00
8.735036849975585938e+00
8.799637794494628906e+00
8.821269035339355469e+00
8.748940467834472656e+00
8.902596473693847656e+00
8.668060302734375000e+00
8.678821563720703125e+00
8.728749275207519531e+00
8.532929420471191406e+00
8.692730903625488281e+00
8.797019958496093750e+00
8.691548347473144531e+00
8.795022964477539062e+00
8.625547409057617188e+00
8.819174766540527344e+00
8.827728271484375000e+00
8.713926315307617188e+00
8.756071090698242188e+00
8.785983085632324219e+00
8.663166999816894531e+00
8.685804367065429688e+00
8.768417358398437500e+00
8.816722869873046875e+00
8.819913864135742188e+00
8.863744735717773438e+00
8.511978149414062500e+00
8.723507881164550781e+00
8.827387809753417969e+00
8.469356536865234375e+00
8.769478797912597656e+00
8.642187118530273438e+00
8.456266403198242188e+00
8.818002700805664062e+00
8.998313903808593750e+00
8.774628639221191406e+00
8.835339546203613281e+00
8.291893959045410156e+00
8.547386169433593750e+00
8.799632072448730469e+00
8.613352775573730469e+00
8.588599205017089844e+00
8.536097526550292969e+00
8.657841682434082031e+00
8.549301147460937500e+00
8.675893783569335938e+00
8.742996215820312500e+00
8.768742561340332031e+00
8.720126152038574219e+00
8.862139701843261719e+00
8.676579475402832031e+00
8.776446342468261719e+00
8.634379386901855469e+00
8.601293563842773438e+00
8.740486145019531250e+00
8.546133995056152344e+00
8.716797828674316406e+00
8.924081802368164062e+00
8.699565887451171875e+00
8.791516304016113281e+00
8.795866012573242188e+00
8.502060890197753906e+00
8.771793365478515625e+00
8.814690589904785156e+00
8.612326622009277344e+00
8.810786247253417969e+00
8.755218505859375000e+00
8.737186431884765625e+00
8.629517555236816406e+00
8.584114074707031250e+00
8.821048736572265625e+00
8.596538543701171875e+00
8.707067489624023438e+00
8.500991821289062500e+00
8.626752853393554688e+00
8.722552299499511719e+00
8.678098678588867188e+00
8.673044204711914062e+00
8.715221405029296875e+00
8.530543327331542969e+00
8.667489051818847656e+00
8.607602119445800781e+00
8.637930870056152344e+00
8.858997344970703125e+00
8.676956176757812500e+00
8.850823402404785156e+00
8.847797393798828125e+00
8.675377845764160156e+00
8.674781799316406250e+00
8.705504417419433594e+00
8.761770248413085938e+00
8.751651763916015625e+00
8.827350616455078125e+00
8.719646453857421875e+00
8.741444587707519531e+00
8.727584838867187500e+00
8.636824607849121094e+00
8.715080261230468750e+00
8.828357696533203125e+00
8.698527336120605469e+00
8.674725532531738281e+00
8.737708091735839844e+00
8.738069534301757812e+00
8.748975753784179688e+00
8.591492652893066406e+00
8.770521163940429688e+00
8.720309257507324219e+00
8.681916236877441406e+00
8.604161262512207031e+00
8.830523490905761719e+00
8.702881813049316406e+00
8.533408164978027344e+00
8.769279479980468750e+00
8.817679405212402344e+00
8.989837646484375000e+00
8.856063842773437500e+00
8.669661521911621094e+00
8.602482795715332031e+00
8.442798614501953125e+00
8.786927223205566406e+00
8.603785514831542969e+00
8.963606834411621094e+00
8.727724075317382812e+00
8.462030410766601562e+00
8.728549003601074219e+00
8.766423225402832031e+00
8.613909721374511719e+00
8.670228958129882812e+00
8.672544479370117188e+00
8.577152252197265625e+00
8.736996650695800781e+00
8.786684036254882812e+00
8.390652656555175781e+00
8.781820297241210938e+00
8.595881462097167969e+00
8.451786041259765625e+00
8.612011909484863281e+00
8.877788543701171875e+00
8.705576896667480469e+00
8.684112548828125000e+00
8.703959465026855469e+00
8.657116889953613281e+00
8.621204376220703125e+00
8.612296104431152344e+00
8.785676956176757812e+00
8.868126869201660156e+00
8.866022109985351562e+00
8.928018569946289062e+00
8.699354171752929688e+00
8.580439567565917969e+00
8.649614334106445312e+00
8.639928817749023438e+00
8.585888862609863281e+00
8.701063156127929688e+00
8.681105613708496094e+00
8.800862312316894531e+00
8.735752105712890625e+00
8.725621223449707031e+00
8.844743728637695312e+00
8.813866615295410156e+00
8.735297203063964844e+00
8.660747528076171875e+00
8.595675468444824219e+00
8.666616439819335938e+00
8.785579681396484375e+00
8.706682205200195312e+00
8.878595352172851562e+00
8.669092178344726562e+00
8.413901329040527344e+00
8.655263900756835938e+00
8.599151611328125000e+00
8.865902900695800781e+00
8.560293197631835938e+00
8.593180656433105469e+00
8.859962463378906250e+00
8.566069602966308594e+00
8.926742553710937500e+00
8.664912223815917969e+00
8.679583549499511719e+00
8.724144935607910156e+00
8.783920288085937500e+00
8.772603988647460938e+00
8.822733879089355469e+00
8.613618850708007812e+00
8.785319328308105469e+00
8.851501464843750000e+00
8.841248512268066406e+00
8.679794311523437500e+00
8.828895568847656250e+00
8.736761093139648438e+00
8.772836685180664062e+00
8.697167396545410156e+00
8.875753402709960938e+00
8.566216468811035156e+00
8.558048248291015625e+00
8.693467140197753906e+00
8.675056457519531250e+00
8.664968490600585938e+00
8.658374786376953125e+00
8.731488227844238281e+00
8.713186264038085938e+00
8.751178741455078125e+00
8.801252365112304688e+00
8.759319305419921875e+00
8.589569091796875000e+00
8.745090484619140625e+00
8.715527534484863281e+00
8.683022499084472656e+00
8.707382202148437500e+00
8.645467758178710938e+00
8.456810951232910156e+00
8.897772789001464844e+00
8.669221878051757812e+00
8.797203063964843750e+00
8.665719032287597656e+00
8.757583618164062500e+00
8.625562667846679688e+00
8.707385063171386719e+00
8.625780105590820312e+00
8.741880416870117188e+00
8.684275627136230469e+00
8.861745834350585938e+00
8.706292152404785156e+00
8.638909339904785156e+00
8.923167228698730469e+00
8.732582092285156250e+00
8.746091842651367188e+00
8.892653465270996094e+00
8.723237037658691406e+00
8.678442955017089844e+00
8.671703338623046875e+00
8.771823883056640625e+00
8.674054145812988281e+00
8.716537475585937500e+00
8.682960510253906250e+00
8.768977165222167969e+00
8.707102775573730469e+00
8.858078956604003906e+00
8.569481849670410156e+00
8.839673042297363281e+00
8.728805541992187500e+00
8.739238739013671875e+00
8.598052024841308594e+00
8.753870964050292969e+00
8.565195083618164062e+00
8.757601737976074219e+00
8.579749107360839844e+00
8.802154541015625000e+00
8.861932754516601562e+00
8.662448883056640625e+00
8.883119583129882812e+00
8.868535041809082031e+00
8.611202239990234375e+00
8.802721977233886719e+00
8.625840187072753906e+00
8.646142959594726562e+00
8.439786911010742188e+00
8.760436058044433594e+00
8.929249763488769531e+00
8.616539955139160156e+00
8.788712501525878906e+00
8.511485099792480469e+00
8.752983093261718750e+00
8.799364089965820312e+00
8.784213066101074219e+00
8.937735557556152344e+00
8.509633064270019531e+00
8.791472434997558594e+00
8.620581626892089844e+00
8.778178215026855469e+00
8.602090835571289062e+00
8.629752159118652344e+00
8.747326850891113281e+00
8.685960769653320312e+00
8.674033164978027344e+00
8.784992218017578125e+00
8.832822799682617188e+00
8.735912322998046875e+00
8.835074424743652344e+00
8.783680915832519531e+00
8.744446754455566406e+00
8.304929733276367188e+00
8.499375343322753906e+00
8.755133628845214844e+00
8.706715583801269531e+00
8.868849754333496094e+00
8.679181098937988281e+00
8.779970169067382812e+00
8.711729049682617188e+00
8.870648384094238281e+00
8.626519203186035156e+00
8.659967422485351562e+00
8.878239631652832031e+00
8.636107444763183594e+00
8.813749313354492188e+00
8.664139747619628906e+00
8.732779502868652344e+00
8.561166763305664062e+00
8.934130668640136719e+00
8.881498336791992188e+00
8.814370155334472656e+00
8.613369941711425781e+00
8.744304656982421875e+00
8.793560981750488281e+00
8.645255088806152344e+00
8.700481414794921875e+00
8.469357490539550781e+00
8.761487960815429688e+00
8.622300148010253906e+00
8.630022048950195312e+00
8.586541175842285156e+00
8.682826042175292969e+00
8.642927169799804688e+00
8.996412277221679688e+00
8.621600151062011719e+00
8.639024734497070312e+00
8.635846138000488281e+00
8.784047126770019531e+00
8.535414695739746094e+00
8.645339012145996094e+00
8.620639801025390625e+00
8.672888755798339844e+00
8.682149887084960938e+00
8.629302024841308594e+00
8.639785766601562500e+00
8.780059814453125000e+00
8.604074478149414062e+00
8.815567970275878906e+00
8.509416580200195312e+00
8.757461547851562500e+00
8.709312438964843750e+00
8.600161552429199219e+00
8.928426742553710938e+00
8.454751014709472656e+00
8.741600036621093750e+00
8.559809684753417969e+00
8.664343833923339844e+00
8.915007591247558594e+00
8.627591133117675781e+00
8.719481468200683594e+00
8.743059158325195312e+00
8.721091270446777344e+00
8.729555130004882812e+00
8.876053810119628906e+00
8.701499938964843750e+00
8.441373825073242188e+00
8.582442283630371094e+00
8.366353988647460938e+00
8.766809463500976562e+00
8.488198280334472656e+00
8.644011497497558594e+00
8.806072235107421875e+00
8.704245567321777344e+00
8.886487960815429688e+00
8.685980796813964844e+00
8.839511871337890625e+00
8.608861923217773438e+00
8.666411399841308594e+00
8.679821014404296875e+00
8.747617721557617188e+00
8.662696838378906250e+00
8.583947181701660156e+00
8.633703231811523438e+00
8.720315933227539062e+00
8.643525123596191406e+00
8.923629760742187500e+00
8.576796531677246094e+00
8.752461433410644531e+00
8.781439781188964844e+00
8.747767448425292969e+00
8.782849311828613281e+00
8.676636695861816406e+00
8.742856025695800781e+00
8.817587852478027344e+00
8.703047752380371094e+00
8.581202507019042969e+00
8.647841453552246094e+00
8.736994743347167969e+00
8.833016395568847656e+00
8.731260299682617188e+00
8.731585502624511719e+00
8.765788078308105469e+00
8.887083053588867188e+00
8.589799880981445312e+00
8.648735046386718750e+00
8.492600440979003906e+00
8.669122695922851562e+00
8.271791458129882812e+00
8.679641723632812500e+00
8.618358612060546875e+00
8.873214721679687500e+00
8.687066078186035156e+00
8.654538154602050781e+00
8.587716102600097656e+00
8.644457817077636719e+00
8.597898483276367188e+00
8.672604560852050781e+00
8.581612586975097656e+00
8.641392707824707031e+00
8.629750251770019531e+00
8.719614982604980469e+00
8.694436073303222656e+00
8.782083511352539062e+00
8.701402664184570312e+00
8.490118980407714844e+00
8.605772972106933594e+00
8.724060058593750000e+00
8.757760047912597656e+00
8.737065315246582031e+00
8.649776458740234375e+00
8.547419548034667969e+00
8.576402664184570312e+00
8.754817008972167969e+00
8.747092247009277344e+00
8.856926918029785156e+00
8.622426986694335938e+00
8.924133300781250000e+00
8.553329467773437500e+00
8.504826545715332031e+00
8.599532127380371094e+00
8.621944427490234375e+00
8.672402381896972656e+00
8.746636390686035156e+00
8.737297058105468750e+00
8.585956573486328125e+00
8.459626197814941406e+00
8.661124229431152344e+00
8.758541107177734375e+00
8.790917396545410156e+00
8.518172264099121094e+00
8.740829467773437500e+00
8.679872512817382812e+00
8.669774055480957031e+00
8.278943061828613281e+00
8.493002891540527344e+00
8.512854576110839844e+00
8.575197219848632812e+00
8.609986305236816406e+00
8.667137145996093750e+00
8.734666824340820312e+00
8.770545959472656250e+00
8.758089065551757812e+00
8.640261650085449219e+00
8.838358879089355469e+00
8.821695327758789062e+00
8.645912170410156250e+00
8.453515052795410156e+00
8.799046516418457031e+00
8.792702674865722656e+00
8.633707046508789062e+00
8.616965293884277344e+00
8.584909439086914062e+00
8.807990074157714844e+00
8.619050025939941406e+00
8.495770454406738281e+00
8.672240257263183594e+00
8.687257766723632812e+00
8.591667175292968750e+00
8.555666923522949219e+00
8.779219627380371094e+00
8.845503807067871094e+00
8.758973121643066406e+00
8.570121765136718750e+00
8.592309951782226562e+00
8.739268302917480469e+00
8.824491500854492188e+00
8.718808174133300781e+00
8.755502700805664062e+00
8.426145553588867188e+00
8.833216667175292969e+00
8.672283172607421875e+00
8.673980712890625000e+00
8.551304817199707031e+00
8.843338012695312500e+00
8.384721755981445312e+00
8.450197219848632812e+00
8.857005119323730469e+00
8.696588516235351562e+00
8.599034309387207031e+00
8.694790840148925781e+00
8.671025276184082031e+00
8.722603797912597656e+00
8.654117584228515625e+00
8.655133247375488281e+00
8.527494430541992188e+00
8.958600997924804688e+00
8.659572601318359375e+00
8.687354087829589844e+00
8.653385162353515625e+00
8.738610267639160156e+00
8.744853973388671875e+00
8.603863716125488281e+00
8.586041450500488281e+00
8.818205833435058594e+00
8.585958480834960938e+00
8.500271797180175781e+00
8.405712127685546875e+00
8.474861145019531250e+00
8.515727996826171875e+00
8.742101669311523438e+00
8.675660133361816406e+00
8.862323760986328125e+00
8.590595245361328125e+00
8.557540893554687500e+00
8.805727958679199219e+00
8.655030250549316406e+00
8.913156509399414062e+00
8.589734077453613281e+00
8.719721794128417969e+00
8.761375427246093750e+00
8.450078010559082031e+00
8.521628379821777344e+00
8.771298408508300781e+00
8.737045288085937500e+00
8.499690055847167969e+00
8.852543830871582031e+00
8.795561790466308594e+00
8.881751060485839844e+00
8.590750694274902344e+00
8.640912055969238281e+00
8.658026695251464844e+00
8.547212600708007812e+00
8.719116210937500000e+00
8.723663330078125000e+00
8.482399940490722656e+00
8.985028266906738281e+00
8.536763191223144531e+00
8.686073303222656250e+00
8.618024826049804688e+00
8.424993515014648438e+00
8.671877861022949219e+00
8.665448188781738281e+00
8.659921646118164062e+00
8.534140586853027344e+00
8.587368011474609375e+00
8.591454505920410156e+00
8.664477348327636719e+00
8.802751541137695312e+00
8.538075447082519531e+00
8.651700973510742188e+00
8.822159767150878906e+00
8.710248947143554688e+00
8.641880035400390625e+00
8.407407760620117188e+00
8.842133522033691406e+00
8.492260932922363281e+00
8.875593185424804688e+00
8.502635955810546875e+00
8.593820571899414062e+00
8.682801246643066406e+00
8.753122329711914062e+00
8.754187583923339844e+00
8.698558807373046875e+00
8.503199577331542969e+00
8.516131401062011719e+00
8.538582801818847656e+00
8.578898429870605469e+00
8.550265312194824219e+00
8.692905426025390625e+00
8.431011199951171875e+00
8.504587173461914062e+00
8.700870513916015625e+00
8.465554237365722656e+00
8.756169319152832031e+00
8.823921203613281250e+00
8.962046623229980469e+00
8.624319076538085938e+00
8.743453979492187500e+00
8.629591941833496094e+00
8.559813499450683594e+00
8.785477638244628906e+00
8.535320281982421875e+00
8.726672172546386719e+00
8.413156509399414062e+00
8.461473464965820312e+00
8.681202888488769531e+00
8.492282867431640625e+00
8.563615798950195312e+00
8.632920265197753906e+00
8.415365219116210938e+00
8.673116683959960938e+00
8.561333656311035156e+00
8.812700271606445312e+00
8.637634277343750000e+00
8.823173522949218750e+00
8.612410545349121094e+00
8.695683479309082031e+00
8.662754058837890625e+00
8.509074211120605469e+00
8.798483848571777344e+00
8.552884101867675781e+00
8.683573722839355469e+00
8.427745819091796875e+00
8.728920936584472656e+00
8.664640426635742188e+00
8.749014854431152344e+00
8.654429435729980469e+00
8.528275489807128906e+00
8.436902999877929688e+00
8.699458122253417969e+00
8.620170593261718750e+00
8.821106910705566406e+00
8.506180763244628906e+00
8.813681602478027344e+00
8.557569503784179688e+00
8.771126747131347656e+00
8.519177436828613281e+00
8.762064933776855469e+00
8.733835220336914062e+00
8.659358024597167969e+00
8.646323204040527344e+00
8.806138038635253906e+00
8.399354934692382812e+00
8.601465225219726562e+00
8.703022956848144531e+00
8.798438072204589844e+00
8.608399391174316406e+00
8.784400939941406250e+00
8.670408248901367188e+00
8.674083709716796875e+00
8.677939414978027344e+00
8.809578895568847656e+00
8.726871490478515625e+00
8.318769454956054688e+00
8.776372909545898438e+00
8.751120567321777344e+00
8.749752998352050781e+00
8.566528320312500000e+00
8.661039352416992188e+00
8.347256660461425781e+00
8.827056884765625000e+00
8.751723289489746094e+00
8.713913917541503906e+00
8.424269676208496094e+00
8.958048820495605469e+00
8.405687332153320312e+00
8.708881378173828125e+00
8.637113571166992188e+00
8.756512641906738281e+00
8.642333030700683594e+00
8.551823616027832031e+00
8.509963035583496094e+00
8.698556900024414062e+00
8.541041374206542969e+00
8.802191734313964844e+00
8.653796195983886719e+00
8.658632278442382812e+00
8.800915718078613281e+00
8.619936943054199219e+00
8.579622268676757812e+00
8.708627700805664062e+00
8.771842002868652344e+00
8.633869171142578125e+00
8.708017349243164062e+00
8.448277473449707031e+00
8.573947906494140625e+00
8.713546752929687500e+00
8.723187446594238281e+00
8.648055076599121094e+00
8.448020935058593750e+00
8.720216751098632812e+00
8.705488204956054688e+00
8.698541641235351562e+00
8.378181457519531250e+00
8.686804771423339844e+00
8.796858787536621094e+00
8.862726211547851562e+00
8.449103355407714844e+00
8.751184463500976562e+00
8.520342826843261719e+00
8.630306243896484375e+00
8.537333488464355469e+00
8.933808326721191406e+00
8.588844299316406250e+00
8.711742401123046875e+00
8.654805183410644531e+00
8.654302597045898438e+00
8.630148887634277344e+00
8.631331443786621094e+00
8.475341796875000000e+00
8.723639488220214844e+00
8.621151924133300781e+00
8.553624153137207031e+00
8.704558372497558594e+00
8.596219062805175781e+00
8.734187126159667969e+00
8.766246795654296875e+00
8.796677589416503906e+00
8.626714706420898438e+00
8.291502952575683594e+00
8.650256156921386719e+00
8.768969535827636719e+00
8.648265838623046875e+00
8.772721290588378906e+00
8.733093261718750000e+00
8.666893005371093750e+00
8.759325981140136719e+00
8.760589599609375000e+00
8.435815811157226562e+00
8.784604072570800781e+00
8.717514991760253906e+00
8.734519004821777344e+00
8.674715042114257812e+00
8.522991180419921875e+00
8.709797859191894531e+00
8.559790611267089844e+00
8.741458892822265625e+00
8.575208663940429688e+00
8.620347976684570312e+00
8.831281661987304688e+00
8.768735885620117188e+00
8.463238716125488281e+00
8.817106246948242188e+00
8.775933265686035156e+00
8.772747039794921875e+00
8.923007965087890625e+00
8.653608322143554688e+00
8.721190452575683594e+00
8.621529579162597656e+00
8.220748901367187500e+00
8.697617530822753906e+00
8.780659675598144531e+00
8.674949645996093750e+00
8.659154891967773438e+00
8.653500556945800781e+00
8.671305656433105469e+00
8.849510192871093750e+00
8.628045082092285156e+00
8.718036651611328125e+00
8.586908340454101562e+00
8.589147567749023438e+00
8.612699508666992188e+00
8.619956016540527344e+00
8.401341438293457031e+00
8.563152313232421875e+00
8.492269515991210938e+00
8.776004791259765625e+00
8.667104721069335938e+00
8.610123634338378906e+00
8.678418159484863281e+00
8.674241065979003906e+00
8.887545585632324219e+00
8.644918441772460938e+00
8.554974555969238281e+00
8.723644256591796875e+00
8.493007659912109375e+00
8.529056549072265625e+00
8.790418624877929688e+00
8.681026458740234375e+00
8.623624801635742188e+00
8.719048500061035156e+00
8.611432075500488281e+00
8.707190513610839844e+00
8.560258865356445312e+00
8.505896568298339844e+00
8.691096305847167969e+00
8.782704353332519531e+00
8.615340232849121094e+00
8.591329574584960938e+00
8.754297256469726562e+00
8.609506607055664062e+00
8.728222846984863281e+00
8.814391136169433594e+00
8.688620567321777344e+00
8.779904365539550781e+00
8.590331077575683594e+00
8.663512229919433594e+00
8.698290824890136719e+00
8.787137031555175781e+00
8.766921043395996094e+00
8.413803100585937500e+00
8.608455657958984375e+00
8.726896286010742188e+00
8.626670837402343750e+00
8.754228591918945312e+00
8.545592308044433594e+00
8.559479713439941406e+00
8.715227127075195312e+00
8.601477622985839844e+00
8.615775108337402344e+00
8.947883605957031250e+00
8.533357620239257812e+00
8.826354980468750000e+00
8.855181694030761719e+00
8.869724273681640625e+00
8.702750205993652344e+00
8.720390319824218750e+00
8.699646949768066406e+00
8.632998466491699219e+00
8.596649169921875000e+00
8.490352630615234375e+00
8.687458038330078125e+00
8.528087615966796875e+00
8.622294425964355469e+00
8.410838127136230469e+00
8.663334846496582031e+00
8.633568763732910156e+00
8.716413497924804688e+00
8.505728721618652344e+00
8.611487388610839844e+00
8.836868286132812500e+00
8.612580299377441406e+00
8.424998283386230469e+00
8.541253089904785156e+00
8.638331413269042969e+00
8.695265769958496094e+00
8.585003852844238281e+00
8.561947822570800781e+00
8.796013832092285156e+00
8.647661209106445312e+00
8.599268913269042969e+00
8.576416969299316406e+00
8.779345512390136719e+00
8.689671516418457031e+00
8.669986724853515625e+00
8.541304588317871094e+00
8.652099609375000000e+00
8.436986923217773438e+00
8.614158630371093750e+00
8.575080871582031250e+00
8.762748718261718750e+00
8.553205490112304688e+00
8.735494613647460938e+00
8.584794998168945312e+00
8.698817253112792969e+00
8.718353271484375000e+00
8.711158752441406250e+00
8.586418151855468750e+00
8.740313529968261719e+00
8.584310531616210938e+00
8.462538719177246094e+00
8.573882102966308594e+00
8.505167961120605469e+00
8.565853118896484375e+00
8.669294357299804688e+00
8.771868705749511719e+00
8.645044326782226562e+00
8.470844268798828125e+00
8.401687622070312500e+00
8.507035255432128906e+00
8.591718673706054688e+00
8.619730949401855469e+00
8.830593109130859375e+00
8.507658958435058594e+00
8.597706794738769531e+00
8.693325996398925781e+00
8.752406120300292969e+00
8.635242462158203125e+00
8.712469100952148438e+00
8.549117088317871094e+00
8.585593223571777344e+00
8.551074981689453125e+00
8.736345291137695312e+00
8.521886825561523438e+00
8.532818794250488281e+00
8.666707992553710938e+00
8.539705276489257812e+00
8.636973381042480469e+00
8.645153999328613281e+00
8.872452735900878906e+00
8.404431343078613281e+00
8.775514602661132812e+00
8.600725173950195312e+00
8.556149482727050781e+00
8.568500518798828125e+00
8.856123924255371094e+00
8.606060981750488281e+00
8.693559646606445312e+00
8.719687461853027344e+00
8.528246879577636719e+00
8.839818000793457031e+00
8.713711738586425781e+00
8.563463211059570312e+00
8.604639053344726562e+00
8.558059692382812500e+00
8.661192893981933594e+00
8.646023750305175781e+00
8.579545021057128906e+00
8.695699691772460938e+00
8.846504211425781250e+00
8.542272567749023438e+00
8.703365325927734375e+00
8.558365821838378906e+00
8.622368812561035156e+00
8.537761688232421875e+00
8.750704765319824219e+00
8.617070198059082031e+00
8.706995010375976562e+00
8.731652259826660156e+00
8.735230445861816406e+00
8.610080718994140625e+00
8.704024314880371094e+00
8.739691734313964844e+00
8.358180046081542969e+00
8.534729003906250000e+00
8.469617843627929688e+00
8.533891677856445312e+00
8.754664421081542969e+00
8.822891235351562500e+00
8.654417037963867188e+00
8.710733413696289062e+00
8.514017105102539062e+00
8.545773506164550781e+00
8.691526412963867188e+00
8.750849723815917969e+00
8.787825584411621094e+00
8.488634109497070312e+00
8.435668945312500000e+00
8.556975364685058594e+00
8.734056472778320312e+00
8.673043251037597656e+00
8.763833999633789062e+00
8.538358688354492188e+00
8.830740928649902344e+00
8.691925048828125000e+00
8.766825675964355469e+00
8.498904228210449219e+00
8.488809585571289062e+00
8.638348579406738281e+00
8.512051582336425781e+00
8.828960418701171875e+00
8.592514991760253906e+00
8.873396873474121094e+00
8.675913810729980469e+00
8.514543533325195312e+00
8.586153030395507812e+00
8.665810585021972656e+00
8.604698181152343750e+00
8.603841781616210938e+00
8.648178100585937500e+00
8.667601585388183594e+00
8.662628173828125000e+00
8.634990692138671875e+00
8.657162666320800781e+00
8.616947174072265625e+00
8.579764366149902344e+00
8.608450889587402344e+00
8.546554565429687500e+00
8.668880462646484375e+00
8.759861946105957031e+00
8.644359588623046875e+00
8.821706771850585938e+00
8.552461624145507812e+00
8.687171936035156250e+00
8.744005203247070312e+00
8.825132369995117188e+00
8.888114929199218750e+00
8.664630889892578125e+00
8.575548171997070312e+00
8.696347236633300781e+00
8.619174957275390625e+00
8.548981666564941406e+00
8.819979667663574219e+00
8.633550643920898438e+00
8.413558959960937500e+00
8.517129898071289062e+00
8.566603660583496094e+00
8.672229766845703125e+00
8.839033126831054688e+00
8.489040374755859375e+00
8.751576423645019531e+00
8.707750320434570312e+00
8.435029983520507812e+00
8.536452293395996094e+00
8.729654312133789062e+00
8.715978622436523438e+00
8.500414848327636719e+00
8.587718963623046875e+00
8.676114082336425781e+00
8.825148582458496094e+00
8.811139106750488281e+00
8.691482543945312500e+00
8.663891792297363281e+00
8.549994468688964844e+00
8.547137260437011719e+00
8.735066413879394531e+00
8.657936096191406250e+00
8.654518127441406250e+00
8.693799972534179688e+00
8.754488945007324219e+00
8.613270759582519531e+00
8.711021423339843750e+00
8.678240776062011719e+00
8.553791046142578125e+00
8.692918777465820312e+00
8.923111915588378906e+00
8.630044937133789062e+00
8.612138748168945312e+00
8.591128349304199219e+00
8.637625694274902344e+00
8.454297065734863281e+00
8.383713722229003906e+00
8.654422760009765625e+00
8.498513221740722656e+00
8.759679794311523438e+00
8.739918708801269531e+00
8.565735816955566406e+00
8.436697006225585938e+00
8.713935852050781250e+00
8.804018974304199219e+00
8.726205825805664062e+00
8.671198844909667969e+00
8.628545761108398438e+00
8.416795730590820312e+00
8.676661491394042969e+00
8.703115463256835938e+00
8.546268463134765625e+00
8.698466300964355469e+00
8.531524658203125000e+00
8.559802055358886719e+00
8.776404380798339844e+00
8.672148704528808594e+00
8.809549331665039062e+00
8.664724349975585938e+00
8.805035591125488281e+00
8.693330764770507812e+00
8.637978553771972656e+00
8.583724975585937500e+00
8.645526885986328125e+00
8.714469909667968750e+00
8.531623840332031250e+00
8.345456123352050781e+00
8.594159126281738281e+00
8.821536064147949219e+00
8.669027328491210938e+00
8.532857894897460938e+00
8.812248229980468750e+00
8.579646110534667969e+00
8.545997619628906250e+00
8.383280754089355469e+00
8.793489456176757812e+00
8.769164085388183594e+00
8.383643150329589844e+00
8.725819587707519531e+00
8.627958297729492188e+00
8.720124244689941406e+00
8.512683868408203125e+00
8.672636032104492188e+00
8.536986351013183594e+00
8.718013763427734375e+00
8.354397773742675781e+00
8.730245590209960938e+00
8.636879920959472656e+00
8.490332603454589844e+00
8.878955841064453125e+00
8.569399833679199219e+00
8.537334442138671875e+00
8.522011756896972656e+00
8.824639320373535156e+00
8.504652976989746094e+00
8.556239128112792969e+00
8.497573852539062500e+00
8.686599731445312500e+00
8.819702148437500000e+00
8.541869163513183594e+00
8.580219268798828125e+00
8.595637321472167969e+00
8.689192771911621094e+00
8.630782127380371094e+00
8.458750724792480469e+00
8.570044517517089844e+00
8.802647590637207031e+00
8.598766326904296875e+00
8.509115219116210938e+00
8.761838912963867188e+00
8.730842590332031250e+00
8.880907058715820312e+00
8.646391868591308594e+00
8.664344787597656250e+00
8.617053985595703125e+00
8.594579696655273438e+00
8.439105033874511719e+00
8.754104614257812500e+00
8.643043518066406250e+00
8.517016410827636719e+00
8.756098747253417969e+00
8.590759277343750000e+00
8.736970901489257812e+00
8.536020278930664062e+00
8.728690147399902344e+00
8.551774024963378906e+00
8.632506370544433594e+00
8.782424926757812500e+00
8.534927368164062500e+00
8.528576850891113281e+00
8.471126556396484375e+00
8.622626304626464844e+00
8.573143959045410156e+00
8.523321151733398438e+00
8.796807289123535156e+00
8.528196334838867188e+00
8.550820350646972656e+00
8.574109077453613281e+00
8.479320526123046875e+00
8.612519264221191406e+00
8.406825065612792969e+00
8.530356407165527344e+00
8.835233688354492188e+00
8.644405364990234375e+00
8.791177749633789062e+00
8.687771797180175781e+00
8.519309043884277344e+00
8.451586723327636719e+00
8.628928184509277344e+00
8.966805458068847656e+00
8.936820030212402344e+00
8.463529586791992188e+00
8.610413551330566406e+00
8.740621566772460938e+00
8.521981239318847656e+00
8.508216857910156250e+00
8.458888053894042969e+00
8.619400978088378906e+00
8.510397911071777344e+00
8.606036186218261719e+00
8.314465522766113281e+00
8.600346565246582031e+00
8.832170486450195312e+00
8.747789382934570312e+00
8.659050941467285156e+00
8.779615402221679688e+00
8.509417533874511719e+00
8.774327278137207031e+00
8.661917686462402344e+00
8.578988075256347656e+00
8.311752319335937500e+00
8.842726707458496094e+00
8.790526390075683594e+00
8.445683479309082031e+00
8.562683105468750000e+00
8.568847656250000000e+00
8.317873954772949219e+00
8.609091758728027344e+00
8.850817680358886719e+00
8.591034889221191406e+00
8.769938468933105469e+00
8.700809478759765625e+00
8.761261940002441406e+00
8.636207580566406250e+00
8.684183120727539062e+00
8.473237037658691406e+00
8.454898834228515625e+00
8.554574012756347656e+00
8.523335456848144531e+00
8.618936538696289062e+00
8.504978179931640625e+00
8.589682579040527344e+00
8.584089279174804688e+00
8.564625740051269531e+00
8.604265213012695312e+00
8.738351821899414062e+00
8.488373756408691406e+00
8.831929206848144531e+00
8.723586082458496094e+00
8.599590301513671875e+00
8.538395881652832031e+00
8.606653213500976562e+00
8.498203277587890625e+00
8.627202033996582031e+00
8.594674110412597656e+00
8.667971611022949219e+00
8.529901504516601562e+00
8.714601516723632812e+00
8.715674400329589844e+00
8.512670516967773438e+00
8.731191635131835938e+00
8.726576805114746094e+00
8.824420928955078125e+00
8.591663360595703125e+00
8.337977409362792969e+00
8.816227912902832031e+00
8.476620674133300781e+00
8.731904983520507812e+00
8.548281669616699219e+00
8.339000701904296875e+00
8.438378334045410156e+00
8.844996452331542969e+00
8.585173606872558594e+00
8.534530639648437500e+00
8.697875022888183594e+00
8.663117408752441406e+00
8.684155464172363281e+00
8.582312583923339844e+00
8.481319427490234375e+00
8.424287796020507812e+00
8.615051269531250000e+00
8.690690994262695312e+00
8.638464927673339844e+00
8.565785408020019531e+00
8.723063468933105469e+00
8.634294509887695312e+00
8.563683509826660156e+00
8.474544525146484375e+00
8.531025886535644531e+00
8.720030784606933594e+00
8.594805717468261719e+00
8.744458198547363281e+00
8.637039184570312500e+00
8.785676956176757812e+00
8.562583923339843750e+00
8.489344596862792969e+00
8.597123146057128906e+00
8.473670005798339844e+00
8.732138633728027344e+00
8.578395843505859375e+00
8.502117156982421875e+00
8.440423011779785156e+00
8.485997200012207031e+00
8.634292602539062500e+00
8.674424171447753906e+00
8.564680099487304688e+00
8.912093162536621094e+00
8.359425544738769531e+00
8.640882492065429688e+00
8.675741195678710938e+00
8.622407913208007812e+00
8.582394599914550781e+00
8.711454391479492188e+00
8.589252471923828125e+00
8.741550445556640625e+00
8.593181610107421875e+00
8.690497398376464844e+00
8.432217597961425781e+00
8.597854614257812500e+00
8.755507469177246094e+00
8.786232948303222656e+00
8.513237953186035156e+00
8.725907325744628906e+00
8.513249397277832031e+00
8.627488136291503906e+00
8.719022750854492188e+00
8.644594192504882812e+00
8.574159622192382812e+00
8.409320831298828125e+00
8.543106079101562500e+00
8.835050582885742188e+00
8.504498481750488281e+00
8.755265235900878906e+00
8.585381507873535156e+00
8.578890800476074219e+00
8.656329154968261719e+00
8.666312217712402344e+00
8.503002166748046875e+00
8.699795722961425781e+00
8.673951148986816406e+00
8.751992225646972656e+00
8.432965278625488281e+00
8.534388542175292969e+00
8.691102981567382812e+00
8.831371307373046875e+00
8.565362930297851562e+00
8.542662620544433594e+00
8.455625534057617188e+00
8.560045242309570312e+00
8.640011787414550781e+00
8.822735786437988281e+00
8.660518646240234375e+00
8.563097953796386719e+00
8.420909881591796875e+00
8.570929527282714844e+00
8.758808135986328125e+00
8.752138137817382812e+00
8.702433586120605469e+00
8.571675300598144531e+00
8.433038711547851562e+00
8.532943725585937500e+00
8.650623321533203125e+00
9.046909332275390625e+00
8.428765296936035156e+00
8.487092971801757812e+00
8.628615379333496094e+00
8.409893035888671875e+00
8.608956336975097656e+00
8.708619117736816406e+00
8.368528366088867188e+00
8.601819992065429688e+00
8.604007720947265625e+00
8.671305656433105469e+00
8.417477607727050781e+00
8.780081748962402344e+00
8.404287338256835938e+00
8.595107078552246094e+00
8.611871719360351562e+00
8.378428459167480469e+00
8.643181800842285156e+00
8.459829330444335938e+00
8.503822326660156250e+00
8.390912055969238281e+00
8.684309005737304688e+00
8.558161735534667969e+00
8.670432090759277344e+00
8.528057098388671875e+00
8.408999443054199219e+00
8.735578536987304688e+00
8.389384269714355469e+00
8.535977363586425781e+00
8.690818786621093750e+00
8.545075416564941406e+00
8.610840797424316406e+00
8.490698814392089844e+00
8.654918670654296875e+00
8.660723686218261719e+00
8.467298507690429688e+00
8.768791198730468750e+00
8.551241874694824219e+00
8.671763420104980469e+00
8.598043441772460938e+00
8.535220146179199219e+00
8.833580017089843750e+00
8.771670341491699219e+00
8.532855987548828125e+00
8.528852462768554688e+00
8.620089530944824219e+00
8.599353790283203125e+00
8.409280776977539062e+00
8.690142631530761719e+00
8.656266212463378906e+00
8.653240203857421875e+00
8.774395942687988281e+00
8.655922889709472656e+00
8.549747467041015625e+00
8.787315368652343750e+00
8.546463012695312500e+00
8.393041610717773438e+00
8.517274856567382812e+00
8.514931678771972656e+00
8.448532104492187500e+00
8.519295692443847656e+00
8.640435218811035156e+00
8.783371925354003906e+00
8.572921752929687500e+00
8.630969047546386719e+00
8.508704185485839844e+00
8.548133850097656250e+00
8.628979682922363281e+00
8.691239356994628906e+00
8.404778480529785156e+00
8.500520706176757812e+00
8.519195556640625000e+00
8.635346412658691406e+00
8.698815345764160156e+00
8.372490882873535156e+00
8.577166557312011719e+00
8.390289306640625000e+00
8.502003669738769531e+00
8.479983329772949219e+00
8.683281898498535156e+00
8.586855888366699219e+00
8.670030593872070312e+00
8.669789314270019531e+00
8.677169799804687500e+00
8.384160041809082031e+00
8.700621604919433594e+00
8.597824096679687500e+00
8.572263717651367188e+00
8.677745819091796875e+00
8.520816802978515625e+00
8.650852203369140625e+00
8.650767326354980469e+00
8.768863677978515625e+00
8.523969650268554688e+00
8.649512290954589844e+00
8.429864883422851562e+00
8.769792556762695312e+00
8.581280708312988281e+00
8.711263656616210938e+00
8.484525680541992188e+00
8.513161659240722656e+00
8.734724044799804688e+00
8.586512565612792969e+00
8.625808715820312500e+00
8.473369598388671875e+00
8.628822326660156250e+00
8.580038070678710938e+00
8.533779144287109375e+00
8.538630485534667969e+00
8.537201881408691406e+00
8.773926734924316406e+00
8.425772666931152344e+00
8.542394638061523438e+00
8.647011756896972656e+00
8.656575202941894531e+00
8.808770179748535156e+00
8.741184234619140625e+00
8.570855140686035156e+00
8.096518516540527344e+00
8.662676811218261719e+00
8.597381591796875000e+00
8.675790786743164062e+00
8.594207763671875000e+00
8.390731811523437500e+00
8.229645729064941406e+00
8.525609016418457031e+00
8.564387321472167969e+00
8.543492317199707031e+00
8.783948898315429688e+00
8.659736633300781250e+00
8.609603881835937500e+00
8.822147369384765625e+00
8.730109214782714844e+00
8.742787361145019531e+00
8.294775962829589844e+00
8.639151573181152344e+00
8.470819473266601562e+00
8.533943176269531250e+00
8.604657173156738281e+00
8.728983879089355469e+00
8.163630485534667969e+00
8.646907806396484375e+00
8.713819503784179688e+00
8.430609703063964844e+00
8.580677986145019531e+00
8.552399635314941406e+00
8.680434226989746094e+00
8.611726760864257812e+00
8.517060279846191406e+00
8.696513175964355469e+00
8.514116287231445312e+00
8.635945320129394531e+00
8.681367874145507812e+00
8.509833335876464844e+00
8.600492477416992188e+00
8.496722221374511719e+00
8.503697395324707031e+00
8.435660362243652344e+00
8.381958961486816406e+00
8.642356872558593750e+00
8.640491485595703125e+00
8.588022232055664062e+00
8.432879447937011719e+00
8.574968338012695312e+00
8.655220031738281250e+00
8.533185005187988281e+00
8.538943290710449219e+00
8.443365097045898438e+00
8.735265731811523438e+00
8.784090995788574219e+00
8.522893905639648438e+00
8.578537940979003906e+00
8.521493911743164062e+00
8.451884269714355469e+00
8.384129524230957031e+00
8.549647331237792969e+00
8.607832908630371094e+00
8.482853889465332031e+00
8.790781974792480469e+00
8.722142219543457031e+00
8.470118522644042969e+00
8.651605606079101562e+00
8.503684997558593750e+00
8.644546508789062500e+00
8.378877639770507812e+00
8.649842262268066406e+00
8.839711189270019531e+00
8.673939704895019531e+00
8.582459449768066406e+00
8.434851646423339844e+00
8.510306358337402344e+00
8.348368644714355469e+00
8.676468849182128906e+00
8.552012443542480469e+00
8.390748023986816406e+00
8.634446144104003906e+00
8.611150741577148438e+00
8.617620468139648438e+00
8.694004058837890625e+00
8.677444458007812500e+00
8.496692657470703125e+00
8.607174873352050781e+00
8.605422019958496094e+00
8.416003227233886719e+00
8.620958328247070312e+00
8.719923973083496094e+00
8.238492012023925781e+00
8.855077743530273438e+00
8.679070472717285156e+00
8.462241172790527344e+00
8.805388450622558594e+00
8.552476882934570312e+00
8.359807968139648438e+00
8.522636413574218750e+00
8.723458290100097656e+00
8.783058166503906250e+00
8.502291679382324219e+00
8.491279602050781250e+00
8.647192955017089844e+00
8.613706588745117188e+00
8.333916664123535156e+00
8.361087799072265625e+00
8.662343025207519531e+00
8.536064147949218750e+00
8.525148391723632812e+00
8.290586471557617188e+00
8.457153320312500000e+00
8.421054840087890625e+00
8.586631774902343750e+00
8.684826850891113281e+00
8.576287269592285156e+00
8.420495986938476562e+00
8.610057830810546875e+00
8.642128944396972656e+00
8.746640205383300781e+00
8.672364234924316406e+00
8.665512084960937500e+00
8.374432563781738281e+00
8.669240951538085938e+00
8.475703239440917969e+00
8.639621734619140625e+00
8.431865692138671875e+00
8.528260231018066406e+00
8.497128486633300781e+00
8.369088172912597656e+00
8.849411010742187500e+00
8.376877784729003906e+00
8.574487686157226562e+00
8.711278915405273438e+00
8.635558128356933594e+00
8.446252822875976562e+00
8.449507713317871094e+00
8.612300872802734375e+00
8.595420837402343750e+00
8.644330978393554688e+00
8.693543434143066406e+00
8.471883773803710938e+00
8.675614356994628906e+00
8.625382423400878906e+00
8.640013694763183594e+00
8.464740753173828125e+00
8.526436805725097656e+00
8.686436653137207031e+00
8.559453010559082031e+00
8.482561111450195312e+00
8.648424148559570312e+00
8.484364509582519531e+00
8.647922515869140625e+00
8.510010719299316406e+00
8.489852905273437500e+00
8.506546020507812500e+00
8.587632179260253906e+00
8.607917785644531250e+00
8.564947128295898438e+00
8.277283668518066406e+00
8.418073654174804688e+00
8.749789237976074219e+00
8.453639984130859375e+00
8.478415489196777344e+00
8.465092658996582031e+00
8.454528808593750000e+00
8.552719116210937500e+00
8.486667633056640625e+00
8.362747192382812500e+00
8.607338905334472656e+00
8.693250656127929688e+00
8.615527153015136719e+00
8.390072822570800781e+00
8.479393005371093750e+00
8.651331901550292969e+00
8.471436500549316406e+00
8.509374618530273438e+00
8.566577911376953125e+00
8.712973594665527344e+00
8.570538520812988281e+00
8.554281234741210938e+00
8.745206832885742188e+00
8.575571060180664062e+00
8.509758949279785156e+00
8.595639228820800781e+00
8.546360015869140625e+00
8.399127006530761719e+00
8.768638610839843750e+00
8.700963020324707031e+00
8.517999649047851562e+00
8.625028610229492188e+00
8.397309303283691406e+00
8.537905693054199219e+00
8.535557746887207031e+00
8.543736457824707031e+00
8.285341262817382812e+00
8.674854278564453125e+00
8.667189598083496094e+00
8.630130767822265625e+00
8.587206840515136719e+00
8.585434913635253906e+00
8.509458541870117188e+00
8.256622314453125000e+00
8.514225006103515625e+00
8.580746650695800781e+00
8.536852836608886719e+00
8.520103454589843750e+00
8.366410255432128906e+00
8.535440444946289062e+00
8.457601547241210938e+00
8.772286415100097656e+00
8.564233779907226562e+00
8.512839317321777344e+00
8.524879455566406250e+00
8.556798934936523438e+00
8.605248451232910156e+00
8.345588684082031250e+00
8.714240074157714844e+00
8.585933685302734375e+00
8.631209373474121094e+00
8.645908355712890625e+00
8.516068458557128906e+00
8.584127426147460938e+00
8.381788253784179688e+00
8.646246910095214844e+00
8.553246498107910156e+00
8.432603836059570312e+00
8.656373977661132812e+00
8.532212257385253906e+00
8.493107795715332031e+00
8.590223312377929688e+00
8.503411293029785156e+00
8.566371917724609375e+00
8.540368080139160156e+00
8.661087036132812500e+00
8.532055854797363281e+00
8.660890579223632812e+00
8.645399093627929688e+00
8.568493843078613281e+00
8.358740806579589844e+00
8.488306999206542969e+00
8.456639289855957031e+00
8.489032745361328125e+00
8.348741531372070312e+00
8.424102783203125000e+00
8.499815940856933594e+00
8.568799018859863281e+00
8.425281524658203125e+00
8.577367782592773438e+00
8.610805511474609375e+00
8.616746902465820312e+00
8.740973472595214844e+00
8.574482917785644531e+00
8.248185157775878906e+00
8.494425773620605469e+00
8.523396492004394531e+00
8.498893737792968750e+00
8.556684494018554688e+00
8.581052780151367188e+00
8.456380844116210938e+00
8.624643325805664062e+00
8.565560340881347656e+00
8.486425399780273438e+00
8.588233947753906250e+00
8.445529937744140625e+00
8.431633949279785156e+00
8.589865684509277344e+00
8.646103858947753906e+00
8.389982223510742188e+00
8.594456672668457031e+00
8.499873161315917969e+00
8.519349098205566406e+00
8.641773223876953125e+00
8.494459152221679688e+00
8.598989486694335938e+00
8.433410644531250000e+00
8.870998382568359375e+00
8.475545883178710938e+00
8.455045700073242188e+00
8.458930015563964844e+00
8.329584121704101562e+00
8.166152000427246094e+00
8.351641654968261719e+00
8.585946083068847656e+00
8.439275741577148438e+00
8.290836334228515625e+00
8.418536186218261719e+00
8.421690940856933594e+00
8.498070716857910156e+00
8.451392173767089844e+00
8.516413688659667969e+00
8.420752525329589844e+00
8.580474853515625000e+00
8.695762634277343750e+00
8.457360267639160156e+00
8.456993103027343750e+00
8.475503921508789062e+00
8.570522308349609375e+00
8.379790306091308594e+00
8.522445678710937500e+00
8.495985031127929688e+00
8.537605285644531250e+00
8.619540214538574219e+00
8.611072540283203125e+00
8.611000061035156250e+00
8.476333618164062500e+00
8.518780708312988281e+00
8.617729187011718750e+00
8.614735603332519531e+00
8.466853141784667969e+00
8.484740257263183594e+00
8.781315803527832031e+00
8.611263275146484375e+00
8.787648200988769531e+00
8.409592628479003906e+00
8.432512283325195312e+00
8.488734245300292969e+00
8.257289886474609375e+00
8.579712867736816406e+00
8.546073913574218750e+00
8.116131782531738281e+00
8.632859230041503906e+00
8.456299781799316406e+00
8.690448760986328125e+00
8.631663322448730469e+00
8.605462074279785156e+00
8.772574424743652344e+00
8.558650016784667969e+00
8.487396240234375000e+00
8.578603744506835938e+00
8.689414024353027344e+00
8.555488586425781250e+00
8.632796287536621094e+00
8.395215988159179688e+00
8.342941284179687500e+00
8.511692047119140625e+00
8.589010238647460938e+00
8.382397651672363281e+00
8.723170280456542969e+00
8.479123115539550781e+00
8.504929542541503906e+00
8.641613960266113281e+00
8.504362106323242188e+00
8.622213363647460938e+00
8.764820098876953125e+00
8.282313346862792969e+00
8.543061256408691406e+00
8.576816558837890625e+00
8.550681114196777344e+00
8.604031562805175781e+00
8.283830642700195312e+00
8.505847930908203125e+00
8.478133201599121094e+00
8.564321517944335938e+00
8.657553672790527344e+00
8.576682090759277344e+00
8.603070259094238281e+00
8.723457336425781250e+00
8.447290420532226562e+00
8.371857643127441406e+00
8.646200180053710938e+00
8.733577728271484375e+00
8.623034477233886719e+00
8.342437744140625000e+00
8.578579902648925781e+00
8.501653671264648438e+00
8.625597000122070312e+00
8.627289772033691406e+00
8.338837623596191406e+00
8.582962989807128906e+00
8.671578407287597656e+00
8.513356208801269531e+00
8.737987518310546875e+00
8.626213073730468750e+00
8.412416458129882812e+00
8.424161911010742188e+00
8.556635856628417969e+00
8.607981681823730469e+00
8.655023574829101562e+00
8.598318099975585938e+00
8.728765487670898438e+00
8.616828918457031250e+00
8.541381835937500000e+00
8.508304595947265625e+00
8.704021453857421875e+00
8.548774719238281250e+00
8.427721977233886719e+00
8.540125846862792969e+00
8.702065467834472656e+00
8.440422058105468750e+00
8.593052864074707031e+00
8.294071197509765625e+00
8.527769088745117188e+00
8.549116134643554688e+00
8.389983177185058594e+00
8.477289199829101562e+00
8.669538497924804688e+00
8.545994758605957031e+00
8.407253265380859375e+00
8.619053840637207031e+00
8.568768501281738281e+00
8.494193077087402344e+00
8.549785614013671875e+00
8.802322387695312500e+00
8.486549377441406250e+00
8.355122566223144531e+00
8.483290672302246094e+00
8.718382835388183594e+00
8.537190437316894531e+00
8.427023887634277344e+00
8.663591384887695312e+00
8.604490280151367188e+00
8.484425544738769531e+00
8.630776405334472656e+00
8.690667152404785156e+00
8.560741424560546875e+00
8.687188148498535156e+00
8.456373214721679688e+00
8.700950622558593750e+00
8.361488342285156250e+00
8.553518295288085938e+00
8.553979873657226562e+00
8.550140380859375000e+00
8.649373054504394531e+00
8.531418800354003906e+00
8.457432746887207031e+00
8.581302642822265625e+00
8.609750747680664062e+00
8.782213211059570312e+00
8.537091255187988281e+00
8.464849472045898438e+00
8.487114906311035156e+00
8.675957679748535156e+00
8.688360214233398438e+00
8.557724952697753906e+00
8.531450271606445312e+00
8.567107200622558594e+00
8.591216087341308594e+00
8.238956451416015625e+00
8.192538261413574219e+00
8.468533515930175781e+00
8.612836837768554688e+00
8.468245506286621094e+00
8.505584716796875000e+00
8.297870635986328125e+00
8.681579589843750000e+00
8.435964584350585938e+00
8.454802513122558594e+00
8.629860877990722656e+00
8.332519531250000000e+00
8.511887550354003906e+00
8.732541084289550781e+00
8.497676849365234375e+00
8.406056404113769531e+00
8.523668289184570312e+00
8.433939933776855469e+00
8.597683906555175781e+00
8.624892234802246094e+00
8.507637977600097656e+00
8.711551666259765625e+00
8.346153259277343750e+00
8.540757179260253906e+00
8.447605133056640625e+00
8.671910285949707031e+00
8.409743309020996094e+00
8.438434600830078125e+00
8.258291244506835938e+00
8.329953193664550781e+00
8.635644912719726562e+00
8.312948226928710938e+00
8.631821632385253906e+00
8.422612190246582031e+00
8.606022834777832031e+00
8.461800575256347656e+00
8.610155105590820312e+00
8.570233345031738281e+00
8.403245925903320312e+00
8.582873344421386719e+00
8.441674232482910156e+00
8.488527297973632812e+00
8.622464179992675781e+00
8.477501869201660156e+00
8.572773933410644531e+00
8.441533088684082031e+00
8.556722640991210938e+00
8.418766021728515625e+00
8.347826957702636719e+00
8.446115493774414062e+00
8.100237846374511719e+00
8.523537635803222656e+00
8.799146652221679688e+00
8.606013298034667969e+00
8.065671920776367188e+00
8.551989555358886719e+00
8.653739929199218750e+00
8.533925056457519531e+00
8.327798843383789062e+00
8.377190589904785156e+00
8.557357788085937500e+00
8.554261207580566406e+00
8.372896194458007812e+00
8.606200218200683594e+00
8.344927787780761719e+00
8.498662948608398438e+00
8.246722221374511719e+00
8.575984001159667969e+00
8.526290893554687500e+00
8.422883987426757812e+00
8.558318138122558594e+00
8.475907325744628906e+00
8.406319618225097656e+00
8.619384765625000000e+00
8.502573966979980469e+00
8.397805213928222656e+00
8.540011405944824219e+00
8.631770133972167969e+00
8.417818069458007812e+00
8.553863525390625000e+00
8.432100296020507812e+00
8.621483802795410156e+00
8.214447975158691406e+00
8.678968429565429688e+00
8.452787399291992188e+00
8.644211769104003906e+00
8.499134063720703125e+00
8.617652893066406250e+00
8.527268409729003906e+00
8.653377532958984375e+00
8.443352699279785156e+00
8.525488853454589844e+00
8.490789413452148438e+00
8.512216567993164062e+00
8.726060867309570312e+00
8.496522903442382812e+00
8.440132141113281250e+00
8.510085105895996094e+00
8.469783782958984375e+00
8.489717483520507812e+00
8.640374183654785156e+00
8.591368675231933594e+00
8.541815757751464844e+00
8.299711227416992188e+00
8.622214317321777344e+00
8.624594688415527344e+00
8.507925033569335938e+00
8.371297836303710938e+00
8.495285987854003906e+00
8.503977775573730469e+00
8.509837150573730469e+00
8.628068923950195312e+00
8.634464263916015625e+00
8.674813270568847656e+00
8.479294776916503906e+00
8.544886589050292969e+00
8.192863464355468750e+00
8.191508293151855469e+00
8.538838386535644531e+00
8.346804618835449219e+00
8.562557220458984375e+00
8.750065803527832031e+00
8.430735588073730469e+00
8.564021110534667969e+00
8.433803558349609375e+00
8.569972991943359375e+00
8.656064033508300781e+00
8.575117111206054688e+00
8.533697128295898438e+00
8.517635345458984375e+00
8.176269531250000000e+00
8.450757980346679688e+00
8.446371078491210938e+00
8.484221458435058594e+00
8.519017219543457031e+00
8.376517295837402344e+00
8.436051368713378906e+00
8.202476501464843750e+00
8.302019119262695312e+00
8.529659271240234375e+00
8.415634155273437500e+00
8.605364799499511719e+00
8.611601829528808594e+00
8.587027549743652344e+00
8.419230461120605469e+00
8.435148239135742188e+00
8.253985404968261719e+00
8.432948112487792969e+00
8.505044937133789062e+00
8.730283737182617188e+00
8.577612876892089844e+00
8.470468521118164062e+00
8.610345840454101562e+00
8.548480987548828125e+00
8.709714889526367188e+00
8.564271926879882812e+00
8.514931678771972656e+00
8.468396186828613281e+00
8.611312866210937500e+00
8.614868164062500000e+00
8.728621482849121094e+00
8.535057067871093750e+00
8.523841857910156250e+00
8.803393363952636719e+00
8.676948547363281250e+00
8.727741241455078125e+00
8.487105369567871094e+00
8.595759391784667969e+00
8.465596199035644531e+00
8.359760284423828125e+00
8.408227920532226562e+00
8.377511024475097656e+00
8.643213272094726562e+00
8.634843826293945312e+00
8.340577125549316406e+00
8.615804672241210938e+00
8.491015434265136719e+00
8.515105247497558594e+00
8.277994155883789062e+00
8.473969459533691406e+00
8.568910598754882812e+00
8.468866348266601562e+00
8.535943031311035156e+00
8.547829627990722656e+00
8.475480079650878906e+00
8.725185394287109375e+00
8.686875343322753906e+00
8.665106773376464844e+00
8.532645225524902344e+00
8.501412391662597656e+00
8.690325736999511719e+00
8.220121383666992188e+00
8.323861122131347656e+00
8.534040451049804688e+00
8.522604942321777344e+00
8.646955490112304688e+00
8.604170799255371094e+00
8.574692726135253906e+00
8.639975547790527344e+00
8.476686477661132812e+00
8.472390174865722656e+00
8.559753417968750000e+00
8.650812149047851562e+00
8.562898635864257812e+00
8.621351242065429688e+00
8.467541694641113281e+00
8.462909698486328125e+00
8.488152503967285156e+00
8.476231575012207031e+00
8.489805221557617188e+00
8.621925354003906250e+00
8.560757637023925781e+00
8.361109733581542969e+00
8.356225967407226562e+00
8.500642776489257812e+00
8.606994628906250000e+00
8.228544235229492188e+00
8.461821556091308594e+00
8.645928382873535156e+00
8.515444755554199219e+00
8.614450454711914062e+00
8.538516044616699219e+00
8.363916397094726562e+00
8.357184410095214844e+00
8.405811309814453125e+00
8.409996032714843750e+00
8.424485206604003906e+00
8.465222358703613281e+00
8.300784111022949219e+00
8.413189888000488281e+00
8.532228469848632812e+00
8.579024314880371094e+00
8.046060562133789062e+00
8.275665283203125000e+00
8.388794898986816406e+00
8.358486175537109375e+00
8.570091247558593750e+00
8.357481956481933594e+00
8.342296600341796875e+00
8.712121963500976562e+00
8.592850685119628906e+00
8.470676422119140625e+00
8.509837150573730469e+00
8.628384590148925781e+00
8.537296295166015625e+00
8.662062644958496094e+00
8.632431030273437500e+00
8.606737136840820312e+00
8.469363212585449219e+00
8.811008453369140625e+00
8.603407859802246094e+00
8.421010017395019531e+00
8.686981201171875000e+00
8.524485588073730469e+00
8.654463768005371094e+00
8.388832092285156250e+00
8.525628089904785156e+00
8.575330734252929688e+00
8.311569213867187500e+00
8.668986320495605469e+00
8.726409912109375000e+00
8.439030647277832031e+00
8.423831939697265625e+00
8.192586898803710938e+00
8.207274436950683594e+00
8.502587318420410156e+00
8.536479949951171875e+00
8.540322303771972656e+00
8.550092697143554688e+00
8.437005043029785156e+00
8.402828216552734375e+00
8.552382469177246094e+00
8.389127731323242188e+00
8.534544944763183594e+00
8.672144889831542969e+00
8.889495849609375000e+00
8.615166664123535156e+00
8.549830436706542969e+00
8.544764518737792969e+00
8.393470764160156250e+00
8.460922241210937500e+00
8.367672920227050781e+00
8.371637344360351562e+00
8.493903160095214844e+00
8.488061904907226562e+00
8.365275382995605469e+00
8.334022521972656250e+00
8.241980552673339844e+00
8.377868652343750000e+00
8.507427215576171875e+00
8.334339141845703125e+00
8.571948051452636719e+00
8.397567749023437500e+00
8.532556533813476562e+00
8.472573280334472656e+00
8.404573440551757812e+00
8.371523857116699219e+00
8.463631629943847656e+00
8.361073493957519531e+00
8.576704025268554688e+00
8.430994987487792969e+00
8.417012214660644531e+00
8.441546440124511719e+00
8.496728897094726562e+00
8.644418716430664062e+00
8.527994155883789062e+00
8.544356346130371094e+00
8.502382278442382812e+00
8.670512199401855469e+00
8.648947715759277344e+00
8.390594482421875000e+00
8.677349090576171875e+00
8.382390022277832031e+00
8.205341339111328125e+00
8.267231941223144531e+00
8.505398750305175781e+00
8.498187065124511719e+00
8.332512855529785156e+00
8.513724327087402344e+00
8.523795127868652344e+00
8.405705451965332031e+00
8.430809974670410156e+00
8.467736244201660156e+00
8.138230323791503906e+00
8.458229064941406250e+00
8.553059577941894531e+00
8.572606086730957031e+00
8.468496322631835938e+00
8.402186393737792969e+00
8.491586685180664062e+00
8.673735618591308594e+00
8.385044097900390625e+00
8.562120437622070312e+00
8.454471588134765625e+00
8.456889152526855469e+00
8.432810783386230469e+00
8.484888076782226562e+00
8.653392791748046875e+00
8.518165588378906250e+00
8.264655113220214844e+00
8.630311012268066406e+00
8.562216758728027344e+00
8.578261375427246094e+00
8.666028976440429688e+00
8.617231369018554688e+00
8.645782470703125000e+00
8.588860511779785156e+00
8.641490936279296875e+00
8.281768798828125000e+00
8.475274085998535156e+00
8.484892845153808594e+00
8.595213890075683594e+00
8.406100273132324219e+00
8.458942413330078125e+00
8.428826332092285156e+00
8.605207443237304688e+00
8.606909751892089844e+00
8.594481468200683594e+00
8.595036506652832031e+00
8.702461242675781250e+00
8.696658134460449219e+00
8.291713714599609375e+00
8.552610397338867188e+00
8.584965705871582031e+00
8.444245338439941406e+00
8.491610527038574219e+00
8.364046096801757812e+00
8.548585891723632812e+00
8.437951087951660156e+00
8.649280548095703125e+00
8.226016044616699219e+00
8.178340911865234375e+00
8.547422409057617188e+00
8.441285133361816406e+00
8.478438377380371094e+00
8.341220855712890625e+00
8.661917686462402344e+00
8.362103462219238281e+00
8.276823043823242188e+00
8.488341331481933594e+00
8.426848411560058594e+00
8.571200370788574219e+00
8.338397026062011719e+00
8.455061912536621094e+00
8.542243003845214844e+00
8.369932174682617188e+00
8.169486999511718750e+00
8.489636421203613281e+00
8.446917533874511719e+00
8.370265007019042969e+00
8.493398666381835938e+00
8.455282211303710938e+00
8.231974601745605469e+00
8.349116325378417969e+00
8.453600883483886719e+00
8.523334503173828125e+00
8.097356796264648438e+00
8.502964019775390625e+00
8.520275115966796875e+00
8.681960105895996094e+00
8.555405616760253906e+00
8.343507766723632812e+00
8.776012420654296875e+00
8.385729789733886719e+00
8.474338531494140625e+00
8.475239753723144531e+00
8.457727432250976562e+00
8.661211967468261719e+00
8.437253952026367188e+00
8.533433914184570312e+00
8.305339813232421875e+00
8.466249465942382812e+00
8.388775825500488281e+00
8.473818778991699219e+00
8.720390319824218750e+00
8.672468185424804688e+00
8.472567558288574219e+00
8.297745704650878906e+00
8.538534164428710938e+00
8.619564056396484375e+00
8.383679389953613281e+00
8.572709083557128906e+00
8.465357780456542969e+00
8.386660575866699219e+00
8.602458953857421875e+00
8.589221000671386719e+00
8.581057548522949219e+00
8.461623191833496094e+00
8.443210601806640625e+00
8.269871711730957031e+00
8.484517097473144531e+00
8.463563919067382812e+00
8.632288932800292969e+00
8.448137283325195312e+00
8.507923126220703125e+00
8.410470962524414062e+00
8.575741767883300781e+00
8.550223350524902344e+00
8.476443290710449219e+00
8.668311119079589844e+00
8.628739356994628906e+00
8.593053817749023438e+00
8.352265357971191406e+00
8.424658775329589844e+00
8.558263778686523438e+00
8.616473197937011719e+00
8.626790046691894531e+00
8.546175003051757812e+00
8.485860824584960938e+00
8.371470451354980469e+00
8.497919082641601562e+00
8.639684677124023438e+00
8.453721046447753906e+00
8.489727020263671875e+00
8.313446998596191406e+00
8.333384513854980469e+00
8.429949760437011719e+00
8.470662117004394531e+00
8.113636016845703125e+00
8.454120635986328125e+00
8.172037124633789062e+00
8.403379440307617188e+00
8.422923088073730469e+00
8.504068374633789062e+00
8.480995178222656250e+00
8.631573677062988281e+00
8.467019081115722656e+00
8.457940101623535156e+00
8.352075576782226562e+00
8.593797683715820312e+00
8.466748237609863281e+00
8.431933403015136719e+00
8.454584121704101562e+00
8.382752418518066406e+00
8.597268104553222656e+00
8.390560150146484375e+00
8.427466392517089844e+00
8.498275756835937500e+00
8.604483604431152344e+00
8.697552680969238281e+00
8.548059463500976562e+00
8.221482276916503906e+00
8.460866928100585938e+00
8.519564628601074219e+00
8.485286712646484375e+00
8.505510330200195312e+00
8.739099502563476562e+00
8.475486755371093750e+00
8.456236839294433594e+00
8.304131507873535156e+00
8.685063362121582031e+00
8.412868499755859375e+00
8.499069213867187500e+00
8.474273681640625000e+00
8.357910156250000000e+00
8.448375701904296875e+00
8.598599433898925781e+00
8.686039924621582031e+00
8.544198989868164062e+00
8.429907798767089844e+00
8.437146186828613281e+00
8.410999298095703125e+00
8.463499069213867188e+00
8.533911705017089844e+00
8.504469871520996094e+00
8.530291557312011719e+00
8.367699623107910156e+00
8.344598770141601562e+00
8.531641006469726562e+00
8.308040618896484375e+00
8.441499710083007812e+00
8.291747093200683594e+00
8.491545677185058594e+00
8.552508354187011719e+00
8.254186630249023438e+00
8.634710311889648438e+00
8.571135520935058594e+00
8.103863716125488281e+00
8.388874053955078125e+00
8.650240898132324219e+00
8.546876907348632812e+00
8.409081459045410156e+00
8.291430473327636719e+00
8.440919876098632812e+00
8.580823898315429688e+00
8.361536026000976562e+00
8.345763206481933594e+00
8.423305511474609375e+00
8.452569961547851562e+00
8.493083953857421875e+00
8.514141082763671875e+00
8.391698837280273438e+00
8.652437210083007812e+00
8.373087882995605469e+00
8.553720474243164062e+00
8.360444068908691406e+00
8.551274299621582031e+00
8.509318351745605469e+00
8.383708953857421875e+00
8.555475234985351562e+00
8.716129302978515625e+00
8.668529510498046875e+00
8.566685676574707031e+00
8.612280845642089844e+00
8.399701118469238281e+00
8.607104301452636719e+00
8.542845726013183594e+00
8.282062530517578125e+00
8.500624656677246094e+00
8.388893127441406250e+00
8.401916503906250000e+00
8.441427230834960938e+00
8.424126625061035156e+00
8.541148185729980469e+00
8.537975311279296875e+00
8.403409004211425781e+00
8.469008445739746094e+00
8.506349563598632812e+00
8.536464691162109375e+00
8.306525230407714844e+00
8.455802917480468750e+00
8.567248344421386719e+00
8.398268699645996094e+00
8.649663925170898438e+00
8.572883605957031250e+00
8.368046760559082031e+00
8.689322471618652344e+00
8.375526428222656250e+00
8.516125679016113281e+00
8.657739639282226562e+00
8.431675910949707031e+00
8.501535415649414062e+00
8.436785697937011719e+00
8.467701911926269531e+00
8.467815399169921875e+00
8.365095138549804688e+00
8.449414253234863281e+00
8.225132942199707031e+00
8.509227752685546875e+00
8.571814537048339844e+00
8.571501731872558594e+00
8.733913421630859375e+00
8.370742797851562500e+00
8.574280738830566406e+00
8.626901626586914062e+00
8.461501121520996094e+00
8.670865058898925781e+00
8.332343101501464844e+00
8.458643913269042969e+00
8.528861999511718750e+00
8.537156105041503906e+00
8.469684600830078125e+00
8.481072425842285156e+00
8.519490242004394531e+00
8.595163345336914062e+00
8.371742248535156250e+00
8.341294288635253906e+00
8.493497848510742188e+00
8.371295928955078125e+00
8.596285820007324219e+00
8.505096435546875000e+00
8.388599395751953125e+00
8.634602546691894531e+00
8.514459609985351562e+00
8.626884460449218750e+00
8.352905273437500000e+00
8.376389503479003906e+00
8.522564888000488281e+00
8.186282157897949219e+00
8.417523384094238281e+00
8.462113380432128906e+00
8.689365386962890625e+00
8.582555770874023438e+00
8.571774482727050781e+00
8.386448860168457031e+00
8.400573730468750000e+00
8.599370956420898438e+00
8.514743804931640625e+00
8.246722221374511719e+00
8.646868705749511719e+00
8.210331916809082031e+00
8.653935432434082031e+00
8.443634986877441406e+00
8.402173042297363281e+00
8.455502510070800781e+00
8.582346916198730469e+00
8.398941993713378906e+00
8.721344947814941406e+00
8.537994384765625000e+00
8.337479591369628906e+00
8.519166946411132812e+00
8.796837806701660156e+00
8.306967735290527344e+00
8.424674987792968750e+00
8.647715568542480469e+00
8.386729240417480469e+00
8.452014923095703125e+00
8.489183425903320312e+00
8.252418518066406250e+00
8.540071487426757812e+00
8.566643714904785156e+00
8.466875076293945312e+00
8.556819915771484375e+00
8.546977043151855469e+00
8.335299491882324219e+00
8.608695983886718750e+00
8.576521873474121094e+00
8.457149505615234375e+00
8.749055862426757812e+00
8.376552581787109375e+00
8.537706375122070312e+00
8.584955215454101562e+00
8.344806671142578125e+00
8.363424301147460938e+00
8.410769462585449219e+00
8.240090370178222656e+00
8.550802230834960938e+00
8.560952186584472656e+00
8.381054878234863281e+00
8.575560569763183594e+00
8.315677642822265625e+00
8.310807228088378906e+00
8.574229240417480469e+00
8.564958572387695312e+00
8.527876853942871094e+00
8.675813674926757812e+00
8.284609794616699219e+00
8.635210990905761719e+00
8.292113304138183594e+00
8.330209732055664062e+00
8.556508064270019531e+00
8.535090446472167969e+00
8.695660591125488281e+00
8.275625228881835938e+00
8.335266113281250000e+00
8.465866088867187500e+00
8.651522636413574219e+00
8.449477195739746094e+00
8.274943351745605469e+00
8.697722434997558594e+00
8.397510528564453125e+00
8.383141517639160156e+00
8.607151985168457031e+00
8.480010032653808594e+00
8.507577896118164062e+00
8.540175437927246094e+00
8.314393043518066406e+00
8.732840538024902344e+00
8.339165687561035156e+00
8.365511894226074219e+00
8.530250549316406250e+00
8.491724967956542969e+00
8.590088844299316406e+00
8.455240249633789062e+00
8.536379814147949219e+00
8.193454742431640625e+00
8.353220939636230469e+00
8.354601860046386719e+00
8.158507347106933594e+00
8.400045394897460938e+00
8.380302429199218750e+00
8.498500823974609375e+00
8.583276748657226562e+00
8.350330352783203125e+00
8.444909095764160156e+00
8.537981033325195312e+00
8.436882972717285156e+00
8.669026374816894531e+00
8.636013031005859375e+00
8.603606224060058594e+00
8.328844070434570312e+00
8.430010795593261719e+00
8.404303550720214844e+00
8.496255874633789062e+00
8.444542884826660156e+00
8.530905723571777344e+00
8.467808723449707031e+00
8.433031082153320312e+00
8.289528846740722656e+00
8.477929115295410156e+00
8.404233932495117188e+00
8.402635574340820312e+00
8.391467094421386719e+00
8.415305137634277344e+00
8.379341125488281250e+00
8.516254425048828125e+00
8.703082084655761719e+00
8.285166740417480469e+00
8.451857566833496094e+00
8.177228927612304688e+00
8.415916442871093750e+00
8.382471084594726562e+00
8.668059349060058594e+00
8.519028663635253906e+00
8.153668403625488281e+00
8.509210586547851562e+00
8.544178009033203125e+00
8.380613327026367188e+00
8.347782135009765625e+00
8.075685501098632812e+00
8.514524459838867188e+00
8.618540763854980469e+00
8.454818725585937500e+00
8.460639953613281250e+00
8.430772781372070312e+00
8.203933715820312500e+00
8.608757019042968750e+00
8.273678779602050781e+00
8.382772445678710938e+00
8.421052932739257812e+00
8.470292091369628906e+00
8.529442787170410156e+00
8.581190109252929688e+00
8.428414344787597656e+00
8.431993484497070312e+00
8.393602371215820312e+00
8.461249351501464844e+00
8.235923767089843750e+00
8.658638954162597656e+00
8.580274581909179688e+00
8.585275650024414062e+00
8.682626724243164062e+00
8.509779930114746094e+00
8.454509735107421875e+00
8.322672843933105469e+00
8.527079582214355469e+00
8.309168815612792969e+00
8.454010963439941406e+00
8.463795661926269531e+00
8.401975631713867188e+00
8.394392967224121094e+00
8.314381599426269531e+00
8.374816894531250000e+00
8.339841842651367188e+00
8.095370292663574219e+00
8.430651664733886719e+00
8.636683464050292969e+00
8.532019615173339844e+00
8.600595474243164062e+00
8.453433036804199219e+00
8.228000640869140625e+00
8.399785041809082031e+00
8.589436531066894531e+00
8.445325851440429688e+00
8.402439117431640625e+00
8.582057952880859375e+00
8.610569000244140625e+00
8.617592811584472656e+00
8.456331253051757812e+00
8.081269264221191406e+00
8.387533187866210938e+00
8.605834007263183594e+00
8.491249084472656250e+00
8.328937530517578125e+00
8.484931945800781250e+00
8.394474983215332031e+00
8.373484611511230469e+00
8.518812179565429688e+00
8.319561004638671875e+00
8.492135047912597656e+00
8.269937515258789062e+00
8.495330810546875000e+00
8.598375320434570312e+00
8.317367553710937500e+00
8.335497856140136719e+00
8.510345458984375000e+00
8.348016738891601562e+00
8.477034568786621094e+00
8.338922500610351562e+00
8.455442428588867188e+00
8.394989013671875000e+00
8.546096801757812500e+00
8.577339172363281250e+00
8.769357681274414062e+00
8.488091468811035156e+00
8.488196372985839844e+00
8.712608337402343750e+00
8.451812744140625000e+00
8.360219955444335938e+00
8.675577163696289062e+00
8.369481086730957031e+00
8.588950157165527344e+00
8.436484336853027344e+00
8.374372482299804688e+00
8.657959938049316406e+00
8.255946159362792969e+00
8.266635894775390625e+00
8.450061798095703125e+00
8.337284088134765625e+00
8.492565155029296875e+00
8.287646293640136719e+00
8.276379585266113281e+00
8.254572868347167969e+00
8.294262886047363281e+00
8.484635353088378906e+00
8.291626930236816406e+00
8.332067489624023438e+00
8.277850151062011719e+00
8.328824043273925781e+00
8.294855117797851562e+00
8.473035812377929688e+00
8.571122169494628906e+00
8.349635124206542969e+00
8.260178565979003906e+00
8.381814956665039062e+00
8.495410919189453125e+00
8.324748039245605469e+00
8.560724258422851562e+00
8.706804275512695312e+00
8.443179130554199219e+00
8.414756774902343750e+00
8.213283538818359375e+00
8.795059204101562500e+00
8.599577903747558594e+00
8.424884796142578125e+00
8.056762695312500000e+00
8.504628181457519531e+00
8.719024658203125000e+00
8.279966354370117188e+00
8.549239158630371094e+00
8.679645538330078125e+00
8.256535530090332031e+00
8.195643424987792969e+00
8.596032142639160156e+00
8.433192253112792969e+00
8.362798690795898438e+00
8.272072792053222656e+00
8.537375450134277344e+00
8.463989257812500000e+00
8.478673934936523438e+00
8.268772125244140625e+00
8.275588035583496094e+00
8.479293823242187500e+00
8.572864532470703125e+00
8.414316177368164062e+00
8.615530967712402344e+00
8.338752746582031250e+00
8.422446250915527344e+00
8.458979606628417969e+00
8.482992172241210938e+00
8.286583900451660156e+00
8.382843971252441406e+00
8.467128753662109375e+00
8.463135719299316406e+00
8.541702270507812500e+00
8.391309738159179688e+00
8.290918350219726562e+00
8.311654090881347656e+00
8.494814872741699219e+00
8.517187118530273438e+00
8.583500862121582031e+00
8.571640014648437500e+00
8.443354606628417969e+00
8.542827606201171875e+00
8.466095924377441406e+00
8.488296508789062500e+00
8.389076232910156250e+00
8.123831748962402344e+00
8.437788009643554688e+00
8.366103172302246094e+00
8.518112182617187500e+00
8.492413520812988281e+00
8.548166275024414062e+00
8.225888252258300781e+00
8.751675605773925781e+00
8.484177589416503906e+00
8.281908035278320312e+00
8.545736312866210938e+00
8.385396003723144531e+00
8.662737846374511719e+00
8.494512557983398438e+00
8.468829154968261719e+00
8.470316886901855469e+00
8.402729034423828125e+00
8.419538497924804688e+00
8.179268836975097656e+00
8.506900787353515625e+00
8.597452163696289062e+00
8.179135322570800781e+00
8.412534713745117188e+00
8.645695686340332031e+00
8.501889228820800781e+00
8.397144317626953125e+00
8.270784378051757812e+00
8.408648490905761719e+00
8.514052391052246094e+00
8.535161972045898438e+00
8.348619461059570312e+00
8.584598541259765625e+00
8.460289001464843750e+00
8.312212944030761719e+00
8.432878494262695312e+00
8.215468406677246094e+00
8.438695907592773438e+00
8.310503005981445312e+00
8.485313415527343750e+00
8.377361297607421875e+00
8.453392982482910156e+00
8.345056533813476562e+00
8.719224929809570312e+00
8.401658058166503906e+00
8.455614089965820312e+00
8.278760910034179688e+00
8.503781318664550781e+00
8.109533309936523438e+00
8.475186347961425781e+00
8.282582283020019531e+00
8.307533264160156250e+00
8.336400032043457031e+00
8.486489295959472656e+00
8.585808753967285156e+00
8.372682571411132812e+00
8.426424980163574219e+00
8.279937744140625000e+00
8.354761123657226562e+00
8.399899482727050781e+00
8.575377464294433594e+00
8.228168487548828125e+00
8.361416816711425781e+00
8.237458229064941406e+00
8.375059127807617188e+00
8.343656539916992188e+00
8.669865608215332031e+00
8.497070312500000000e+00
8.384337425231933594e+00
8.591854095458984375e+00
8.241986274719238281e+00
8.432198524475097656e+00
8.399542808532714844e+00
8.500256538391113281e+00
8.457795143127441406e+00
8.394174575805664062e+00
8.327767372131347656e+00
8.715745925903320312e+00
8.445903778076171875e+00
8.686834335327148438e+00
8.620024681091308594e+00
8.481668472290039062e+00
8.457590103149414062e+00
8.382469177246093750e+00
8.215227127075195312e+00
8.251851081848144531e+00
8.280040740966796875e+00
8.451086044311523438e+00
8.459794998168945312e+00
8.558965682983398438e+00
8.351937294006347656e+00
8.288475990295410156e+00
8.696349143981933594e+00
8.443159103393554688e+00
8.320568084716796875e+00
8.690816879272460938e+00
8.507461547851562500e+00
8.256105422973632812e+00
8.444971084594726562e+00
8.578640937805175781e+00
7.987284183502197266e+00
8.366567611694335938e+00
8.757500648498535156e+00
8.715968132019042969e+00
8.531092643737792969e+00
8.511967658996582031e+00
8.427253723144531250e+00
8.669750213623046875e+00
8.577497482299804688e+00
8.651823043823242188e+00
8.441253662109375000e+00
8.403223037719726562e+00
8.400177955627441406e+00
8.343735694885253906e+00
8.485687255859375000e+00
8.192110061645507812e+00
8.243316650390625000e+00
8.501523971557617188e+00
8.476703643798828125e+00
8.391016006469726562e+00
8.179203987121582031e+00
8.499465942382812500e+00
8.467290878295898438e+00
8.611930847167968750e+00
8.373879432678222656e+00
8.329167366027832031e+00
8.381889343261718750e+00
8.485098838806152344e+00
8.403264999389648438e+00
8.396978378295898438e+00
8.363380432128906250e+00
8.638586044311523438e+00
8.440387725830078125e+00
8.543125152587890625e+00
8.543093681335449219e+00
8.471658706665039062e+00
8.471994400024414062e+00
8.200630187988281250e+00
8.233400344848632812e+00
8.346166610717773438e+00
8.412734031677246094e+00
8.709004402160644531e+00
8.322204589843750000e+00
8.291480064392089844e+00
8.557229042053222656e+00
8.457430839538574219e+00
8.452714920043945312e+00
8.498232841491699219e+00
8.060847282409667969e+00
8.273060798645019531e+00
8.433056831359863281e+00
8.537122726440429688e+00
8.326233863830566406e+00
8.431148529052734375e+00
8.264911651611328125e+00
8.323687553405761719e+00
8.129304885864257812e+00
8.340366363525390625e+00
8.593299865722656250e+00
8.510832786560058594e+00
8.461359024047851562e+00
8.327829360961914062e+00
8.528677940368652344e+00
8.644112586975097656e+00
8.522157669067382812e+00
8.301886558532714844e+00
8.440258026123046875e+00
8.467518806457519531e+00
8.095781326293945312e+00
8.320752143859863281e+00
8.464688301086425781e+00
8.388583183288574219e+00
8.537582397460937500e+00
8.464719772338867188e+00
8.274937629699707031e+00
8.398165702819824219e+00
8.311116218566894531e+00
8.428307533264160156e+00
8.421360969543457031e+00
8.406311988830566406e+00
8.153694152832031250e+00
8.411218643188476562e+00
8.395996093750000000e+00
8.454034805297851562e+00
8.290322303771972656e+00
8.541920661926269531e+00
8.332896232604980469e+00
8.295582771301269531e+00
8.485040664672851562e+00
8.407708168029785156e+00
8.415321350097656250e+00
8.179393768310546875e+00
8.607416152954101562e+00
8.737094879150390625e+00
8.348838806152343750e+00
8.764551162719726562e+00
8.521079063415527344e+00
8.317229270935058594e+00
8.383546829223632812e+00
8.428037643432617188e+00
8.470174789428710938e+00
8.432106971740722656e+00
8.549712181091308594e+00
8.479051589965820312e+00
8.432054519653320312e+00
8.393773078918457031e+00
8.475960731506347656e+00
8.365011215209960938e+00
8.195789337158203125e+00
8.617210388183593750e+00
8.439771652221679688e+00
8.479721069335937500e+00
8.487802505493164062e+00
8.617788314819335938e+00
8.179360389709472656e+00
8.294201850891113281e+00
8.359521865844726562e+00
8.534348487854003906e+00
8.260106086730957031e+00
8.401599884033203125e+00
8.387351036071777344e+00
8.214160919189453125e+00
8.299252510070800781e+00
8.479563713073730469e+00
8.462554931640625000e+00
8.201192855834960938e+00
8.668855667114257812e+00
8.365982055664062500e+00
8.350789070129394531e+00
8.477755546569824219e+00
8.250201225280761719e+00
8.367478370666503906e+00
8.376365661621093750e+00
8.318617820739746094e+00
8.339877128601074219e+00
8.463406562805175781e+00
8.541139602661132812e+00
8.505291938781738281e+00
8.356815338134765625e+00
8.328101158142089844e+00
8.326649665832519531e+00
8.336448669433593750e+00
8.469207763671875000e+00
8.465522766113281250e+00
8.406415939331054688e+00
8.397536277770996094e+00
8.113128662109375000e+00
8.567917823791503906e+00
8.423440933227539062e+00
8.401062965393066406e+00
8.256254196166992188e+00
8.411790847778320312e+00
8.252513885498046875e+00
8.230809211730957031e+00
8.459994316101074219e+00
8.259085655212402344e+00
8.387787818908691406e+00
8.296902656555175781e+00
8.342641830444335938e+00
8.643732070922851562e+00
8.520087242126464844e+00
8.413934707641601562e+00
8.454577445983886719e+00
8.349620819091796875e+00
8.497550010681152344e+00
8.302934646606445312e+00
8.358240127563476562e+00
8.300685882568359375e+00
8.377233505249023438e+00
8.408743858337402344e+00
8.399956703186035156e+00
8.337368011474609375e+00
8.175377845764160156e+00
8.326511383056640625e+00
8.485907554626464844e+00
8.517523765563964844e+00
8.363490104675292969e+00
8.332378387451171875e+00
8.235413551330566406e+00
8.484928131103515625e+00
8.544360160827636719e+00
8.429541587829589844e+00
8.472283363342285156e+00
8.493579864501953125e+00
8.463209152221679688e+00
8.584830284118652344e+00
8.317989349365234375e+00
8.576510429382324219e+00
8.437632560729980469e+00
8.460600852966308594e+00
8.317854881286621094e+00
8.218757629394531250e+00
8.240653991699218750e+00
8.372933387756347656e+00
8.329081535339355469e+00
8.501173973083496094e+00
8.448586463928222656e+00
8.443762779235839844e+00
8.346461296081542969e+00
8.476946830749511719e+00
8.188599586486816406e+00
8.329463958740234375e+00
8.420482635498046875e+00
8.324695587158203125e+00
8.607768058776855469e+00
8.265612602233886719e+00
8.253159523010253906e+00
8.412396430969238281e+00
8.522184371948242188e+00
8.447165489196777344e+00
8.620799064636230469e+00
8.128643035888671875e+00
8.377715110778808594e+00
8.405501365661621094e+00
8.421883583068847656e+00
8.361303329467773438e+00
8.372628211975097656e+00
8.439895629882812500e+00
8.402678489685058594e+00
8.397381782531738281e+00
8.206556320190429688e+00
8.542180061340332031e+00
8.354345321655273438e+00
8.657874107360839844e+00
8.531889915466308594e+00
8.447631835937500000e+00
8.327881813049316406e+00
8.384564399719238281e+00
8.177045822143554688e+00
8.366333007812500000e+00
8.108915328979492188e+00
8.678519248962402344e+00
8.491669654846191406e+00
8.313623428344726562e+00
8.369122505187988281e+00
8.259336471557617188e+00
8.439324378967285156e+00
8.389290809631347656e+00
8.436204910278320312e+00
8.334588050842285156e+00
8.487131118774414062e+00
8.628894805908203125e+00
8.408749580383300781e+00
8.478346824645996094e+00
8.489508628845214844e+00
8.258349418640136719e+00
8.501754760742187500e+00
8.600665092468261719e+00
8.376583099365234375e+00
8.189949989318847656e+00
8.543694496154785156e+00
8.532255172729492188e+00
8.490130424499511719e+00
8.388244628906250000e+00
8.502571105957031250e+00
8.394708633422851562e+00
8.252944946289062500e+00
8.489546775817871094e+00
8.252968788146972656e+00
8.427000045776367188e+00
8.103216171264648438e+00
8.001776695251464844e+00
8.099774360656738281e+00
8.125052452087402344e+00
8.342438697814941406e+00
8.261114120483398438e+00
8.461541175842285156e+00
8.558620452880859375e+00
8.306065559387207031e+00
8.294458389282226562e+00
8.432225227355957031e+00
8.436679840087890625e+00
8.459012985229492188e+00
8.348412513732910156e+00
8.386311531066894531e+00
8.549507141113281250e+00
8.409792900085449219e+00
8.646123886108398438e+00
8.364338874816894531e+00
8.380978584289550781e+00
8.373065948486328125e+00
8.322889328002929688e+00
8.535160064697265625e+00
8.263732910156250000e+00
8.317674636840820312e+00
8.354588508605957031e+00
8.501636505126953125e+00
8.644729614257812500e+00
8.460754394531250000e+00
8.502078056335449219e+00
8.165152549743652344e+00
8.388506889343261719e+00
8.009170532226562500e+00
8.309521675109863281e+00
8.275602340698242188e+00
8.338459968566894531e+00
8.404278755187988281e+00
8.406627655029296875e+00
8.353683471679687500e+00
8.343743324279785156e+00
8.552018165588378906e+00
8.355800628662109375e+00
8.485800743103027344e+00
8.206015586853027344e+00
8.501273155212402344e+00
8.451863288879394531e+00
8.503132820129394531e+00
8.579899787902832031e+00
8.232165336608886719e+00
8.390210151672363281e+00
8.447023391723632812e+00
8.153196334838867188e+00
8.553174018859863281e+00
8.608713150024414062e+00
8.344054222106933594e+00
8.472990989685058594e+00
8.107092857360839844e+00
8.274353027343750000e+00
8.440952301025390625e+00
8.370806694030761719e+00
8.356093406677246094e+00
8.278156280517578125e+00
8.542624473571777344e+00
8.262170791625976562e+00
8.368675231933593750e+00
8.468139648437500000e+00
8.426434516906738281e+00
8.589032173156738281e+00
8.365777015686035156e+00
8.543908119201660156e+00
8.232187271118164062e+00
8.379211425781250000e+00
8.505697250366210938e+00
8.409138679504394531e+00
8.458894729614257812e+00
8.521011352539062500e+00
8.415614128112792969e+00
8.556046485900878906e+00
8.339173316955566406e+00
8.348958969116210938e+00
8.311326026916503906e+00
8.414135932922363281e+00
8.519083976745605469e+00
8.509340286254882812e+00
8.465078353881835938e+00
8.298565864562988281e+00
8.504053115844726562e+00
8.418235778808593750e+00
8.444901466369628906e+00
8.625150680541992188e+00
8.358793258666992188e+00
8.652559280395507812e+00
8.387956619262695312e+00
8.423886299133300781e+00
8.498131752014160156e+00
7.922409534454345703e+00
8.299570083618164062e+00
8.143055915832519531e+00
8.281285285949707031e+00
8.478136062622070312e+00
8.357673645019531250e+00
8.434914588928222656e+00
8.491835594177246094e+00
8.533774375915527344e+00
8.369964599609375000e+00
8.443230628967285156e+00
8.147281646728515625e+00
8.213720321655273438e+00
8.218904495239257812e+00
8.253536224365234375e+00
8.253814697265625000e+00
8.448180198669433594e+00
8.432990074157714844e+00
8.446870803833007812e+00
8.629699707031250000e+00
8.302165031433105469e+00
8.519990921020507812e+00
8.412725448608398438e+00
8.485952377319335938e+00
8.120242118835449219e+00
8.558280944824218750e+00
8.369116783142089844e+00
8.316765785217285156e+00
8.385831832885742188e+00
8.402131080627441406e+00
8.304738044738769531e+00
8.162653923034667969e+00
8.568744659423828125e+00
8.438384056091308594e+00
8.201527595520019531e+00
8.440850257873535156e+00
8.335330009460449219e+00
8.398436546325683594e+00
8.401919364929199219e+00
8.322821617126464844e+00
8.309277534484863281e+00
8.352039337158203125e+00
8.197656631469726562e+00
8.236802101135253906e+00
8.459989547729492188e+00
8.385894775390625000e+00
8.314637184143066406e+00
8.382800102233886719e+00
8.389241218566894531e+00
8.324029922485351562e+00
8.398244857788085938e+00
8.355646133422851562e+00
8.412895202636718750e+00
8.410636901855468750e+00
8.501236915588378906e+00
8.385518074035644531e+00
8.346633911132812500e+00
8.361466407775878906e+00
8.309369087219238281e+00
8.363557815551757812e+00
8.194396972656250000e+00
8.280967712402343750e+00
8.425184249877929688e+00
8.575560569763183594e+00
8.446067810058593750e+00
8.441437721252441406e+00
8.144330978393554688e+00
8.531923294067382812e+00
8.159305572509765625e+00
8.367302894592285156e+00
7.866381645202636719e+00
8.442268371582031250e+00
8.429656982421875000e+00
8.332365989685058594e+00
8.320416450500488281e+00
8.335688591003417969e+00
8.418991088867187500e+00
8.491168975830078125e+00
8.405191421508789062e+00
8.546195983886718750e+00
8.396227836608886719e+00
8.445955276489257812e+00
8.546266555786132812e+00
8.319323539733886719e+00
8.274836540222167969e+00
8.526981353759765625e+00
8.408807754516601562e+00
8.572513580322265625e+00
8.250379562377929688e+00
8.377223968505859375e+00
8.250508308410644531e+00
8.198654174804687500e+00
8.354214668273925781e+00
8.302532196044921875e+00
8.301436424255371094e+00
8.557982444763183594e+00
8.482497215270996094e+00
8.324106216430664062e+00
8.546257972717285156e+00
8.268885612487792969e+00
8.266546249389648438e+00
8.477252006530761719e+00
8.296016693115234375e+00
8.290478706359863281e+00
8.318468093872070312e+00
8.353461265563964844e+00
8.280170440673828125e+00
8.374171257019042969e+00
8.327934265136718750e+00
8.522518157958984375e+00
8.256354331970214844e+00
8.457882881164550781e+00
8.508659362792968750e+00
8.529603004455566406e+00
8.301569938659667969e+00
8.378655433654785156e+00
8.388074874877929688e+00
8.567843437194824219e+00
8.564033508300781250e+00
8.703227043151855469e+00
8.398311614990234375e+00
8.473656654357910156e+00
8.400827407836914062e+00
8.401835441589355469e+00
8.386124610900878906e+00
8.527285575866699219e+00
8.456506729125976562e+00
8.427989006042480469e+00
8.633826255798339844e+00
8.473822593688964844e+00
8.391420364379882812e+00
8.330944061279296875e+00
8.430313110351562500e+00
8.011178970336914062e+00
8.196322441101074219e+00
8.338315963745117188e+00
8.306719779968261719e+00
8.388944625854492188e+00
8.265468597412109375e+00
8.341807365417480469e+00
8.493179321289062500e+00
8.394942283630371094e+00
8.249771118164062500e+00
8.220002174377441406e+00
8.256043434143066406e+00
8.340294837951660156e+00
8.228094100952148438e+00
8.280128479003906250e+00
8.121671676635742188e+00
8.224030494689941406e+00
8.328157424926757812e+00
8.292443275451660156e+00
8.390154838562011719e+00
8.331209182739257812e+00
8.292719841003417969e+00
8.398887634277343750e+00
8.495459556579589844e+00
8.513732910156250000e+00
8.434663772583007812e+00
8.484584808349609375e+00
8.373487472534179688e+00
8.406020164489746094e+00
8.512684822082519531e+00
8.193663597106933594e+00
8.012475967407226562e+00
8.107913970947265625e+00
8.365307807922363281e+00
8.492736816406250000e+00
8.196123123168945312e+00
8.555115699768066406e+00
8.243432044982910156e+00
8.274729728698730469e+00
7.906464576721191406e+00
8.469689369201660156e+00
8.431303024291992188e+00
8.317349433898925781e+00
8.252362251281738281e+00
8.371996879577636719e+00
8.427744865417480469e+00
8.346847534179687500e+00
8.212522506713867188e+00
8.415704727172851562e+00
8.494238853454589844e+00
8.303965568542480469e+00
8.404539108276367188e+00
8.300162315368652344e+00
8.247256278991699219e+00
8.326964378356933594e+00
8.422258377075195312e+00
8.500660896301269531e+00
8.375334739685058594e+00
8.555688858032226562e+00
8.472312927246093750e+00
8.451812744140625000e+00
8.217872619628906250e+00
8.412670135498046875e+00
8.641307830810546875e+00
8.136167526245117188e+00
8.412861824035644531e+00
8.304520606994628906e+00
8.482338905334472656e+00
8.489796638488769531e+00
8.094082832336425781e+00
8.306234359741210938e+00
8.333531379699707031e+00
8.443085670471191406e+00
8.627388000488281250e+00
8.258927345275878906e+00
8.186250686645507812e+00
8.520384788513183594e+00
8.404608726501464844e+00
8.306060791015625000e+00
8.328774452209472656e+00
8.295469284057617188e+00
8.419188499450683594e+00
8.299633979797363281e+00
8.332866668701171875e+00
8.302429199218750000e+00
8.441596984863281250e+00
8.499418258666992188e+00
8.367568969726562500e+00
8.298381805419921875e+00
8.390882492065429688e+00
8.257243156433105469e+00
8.559848785400390625e+00
8.280734062194824219e+00
8.134751319885253906e+00
8.339940071105957031e+00
8.374244689941406250e+00
8.388662338256835938e+00
8.574398040771484375e+00
8.282129287719726562e+00
8.234450340270996094e+00
8.402325630187988281e+00
8.292634010314941406e+00
8.351381301879882812e+00
8.389947891235351562e+00
8.444088935852050781e+00
8.280418395996093750e+00
8.275102615356445312e+00
8.600325584411621094e+00
8.478697776794433594e+00
8.333687782287597656e+00
8.496755599975585938e+00
8.493961334228515625e+00
8.165659904479980469e+00
8.387397766113281250e+00
8.424704551696777344e+00
8.327755928039550781e+00
8.460562705993652344e+00
8.516109466552734375e+00
8.369385719299316406e+00
8.240080833435058594e+00
8.404575347900390625e+00
8.448940277099609375e+00
8.384098052978515625e+00
8.251946449279785156e+00
8.404900550842285156e+00
8.166282653808593750e+00
8.314321517944335938e+00
7.890433788299560547e+00
8.326010704040527344e+00
8.544243812561035156e+00
8.491116523742675781e+00
8.343731880187988281e+00
8.282392501831054688e+00
8.418486595153808594e+00
8.481030464172363281e+00
8.216494560241699219e+00
8.304639816284179688e+00
8.049246788024902344e+00
8.172627449035644531e+00
8.173224449157714844e+00
8.597345352172851562e+00
8.172706604003906250e+00
8.231214523315429688e+00
8.369524002075195312e+00
8.321763038635253906e+00
8.196754455566406250e+00
8.504751205444335938e+00
8.322937965393066406e+00
8.475975036621093750e+00
8.238248825073242188e+00
8.595415115356445312e+00
8.336531639099121094e+00
8.412602424621582031e+00
8.502821922302246094e+00
8.243653297424316406e+00
8.302424430847167969e+00
8.433356285095214844e+00
8.419150352478027344e+00
8.383155822753906250e+00
8.387310028076171875e+00
8.254158973693847656e+00
8.321652412414550781e+00
8.174224853515625000e+00
8.320908546447753906e+00
8.263795852661132812e+00
8.104683876037597656e+00
8.230488777160644531e+00
8.367337226867675781e+00
8.453221321105957031e+00
8.489011764526367188e+00
8.544514656066894531e+00
8.258961677551269531e+00
8.125712394714355469e+00
8.600690841674804688e+00
8.316805839538574219e+00
8.513689041137695312e+00
8.386345863342285156e+00
8.325881958007812500e+00
8.331111907958984375e+00
8.357489585876464844e+00
8.294229507446289062e+00
8.630148887634277344e+00
8.093910217285156250e+00
8.476363182067871094e+00
8.527198791503906250e+00
8.398952484130859375e+00
8.533037185668945312e+00
8.307837486267089844e+00
8.314643859863281250e+00
8.146825790405273438e+00
8.380592346191406250e+00
8.377518653869628906e+00
8.246745109558105469e+00
8.262696266174316406e+00
8.344763755798339844e+00
8.172102928161621094e+00
8.225347518920898438e+00
8.161640167236328125e+00
8.421884536743164062e+00
8.376143455505371094e+00
8.354299545288085938e+00
8.323485374450683594e+00
8.408269882202148438e+00
8.247387886047363281e+00
8.372260093688964844e+00
8.436161994934082031e+00
8.403747558593750000e+00
8.618033409118652344e+00
8.349520683288574219e+00
8.506432533264160156e+00
8.053753852844238281e+00
8.480844497680664062e+00
8.289257049560546875e+00
8.411978721618652344e+00
7.956295967102050781e+00
8.480983734130859375e+00
8.102836608886718750e+00
8.361141204833984375e+00
8.394792556762695312e+00
8.591304779052734375e+00
8.477380752563476562e+00
8.340856552124023438e+00
8.394357681274414062e+00
8.493001937866210938e+00
8.325870513916015625e+00
8.274628639221191406e+00
8.367914199829101562e+00
7.966491699218750000e+00
8.342112541198730469e+00
8.538779258728027344e+00
8.258780479431152344e+00
8.379426956176757812e+00
8.352562904357910156e+00
8.632082939147949219e+00
8.589324951171875000e+00
8.297021865844726562e+00
8.416882514953613281e+00
8.328246116638183594e+00
8.456573486328125000e+00
8.616308212280273438e+00
8.388384819030761719e+00
8.614518165588378906e+00
8.500372886657714844e+00
8.128815650939941406e+00
8.388763427734375000e+00
8.460697174072265625e+00
8.484855651855468750e+00
8.463499069213867188e+00
8.427626609802246094e+00
8.619317054748535156e+00
8.303858757019042969e+00
8.167277336120605469e+00
7.889219284057617188e+00
8.395794868469238281e+00
8.237833976745605469e+00
8.557908058166503906e+00
8.196130752563476562e+00
8.434419631958007812e+00
8.603267669677734375e+00
8.523055076599121094e+00
8.302220344543457031e+00
8.235404014587402344e+00
8.360967636108398438e+00
8.365753173828125000e+00
8.394429206848144531e+00
8.303895950317382812e+00
8.304437637329101562e+00
8.205721855163574219e+00
8.289320945739746094e+00
8.271842002868652344e+00
8.167443275451660156e+00
8.460916519165039062e+00
8.454483985900878906e+00
8.468625068664550781e+00
8.566330909729003906e+00
8.315517425537109375e+00
8.441938400268554688e+00
8.296480178833007812e+00
8.150482177734375000e+00
8.465929985046386719e+00
8.490303039550781250e+00
8.631231307983398438e+00
8.474064826965332031e+00
8.369448661804199219e+00
8.294106483459472656e+00
8.239085197448730469e+00
8.519246101379394531e+00
8.276226043701171875e+00
8.287339210510253906e+00
8.330198287963867188e+00
8.444094657897949219e+00
8.559030532836914062e+00
8.383509635925292969e+00
8.330665588378906250e+00
8.170317649841308594e+00
8.251268386840820312e+00
8.015132904052734375e+00
7.991131305694580078e+00
8.334514617919921875e+00
8.351176261901855469e+00
8.498893737792968750e+00
8.191967010498046875e+00
8.532560348510742188e+00
8.196752548217773438e+00
8.404911041259765625e+00
8.225017547607421875e+00
8.574061393737792969e+00
8.390792846679687500e+00
8.470852851867675781e+00
8.439900398254394531e+00
8.297237396240234375e+00
8.276597023010253906e+00
8.375846862792968750e+00
8.330807685852050781e+00
8.339848518371582031e+00
8.290633201599121094e+00
8.321782112121582031e+00
8.418472290039062500e+00
8.334695816040039062e+00
8.474151611328125000e+00
8.362259864807128906e+00
8.304538726806640625e+00
8.243024826049804688e+00
8.329197883605957031e+00
8.042197227478027344e+00
8.077608108520507812e+00
8.302746772766113281e+00
8.268384933471679688e+00
8.519916534423828125e+00
8.459564208984375000e+00
8.274125099182128906e+00
8.391664505004882812e+00
8.347558975219726562e+00
8.128640174865722656e+00
8.425704002380371094e+00
8.421047210693359375e+00
8.375927925109863281e+00
8.233983039855957031e+00
8.442673683166503906e+00
8.514680862426757812e+00
8.295614242553710938e+00
8.435682296752929688e+00
8.439248085021972656e+00
8.504524230957031250e+00
8.222915649414062500e+00
8.243024826049804688e+00
8.402009010314941406e+00
8.227150917053222656e+00
8.317484855651855469e+00
8.555478096008300781e+00
8.448099136352539062e+00
8.300389289855957031e+00
8.137543678283691406e+00
8.556789398193359375e+00
8.278717994689941406e+00
8.385564804077148438e+00
8.321049690246582031e+00
8.473701477050781250e+00
8.448691368103027344e+00
8.359256744384765625e+00
8.516416549682617188e+00
8.489042282104492188e+00
8.266339302062988281e+00
8.289898872375488281e+00
8.166803359985351562e+00
8.516901016235351562e+00
8.378553390502929688e+00
8.445684432983398438e+00
8.518578529357910156e+00
8.419842720031738281e+00
8.514191627502441406e+00
8.326965332031250000e+00
8.295398712158203125e+00
8.478935241699218750e+00
8.332173347473144531e+00
8.311249732971191406e+00
8.311255455017089844e+00
8.497440338134765625e+00
8.421356201171875000e+00
8.378258705139160156e+00
8.362107276916503906e+00
8.268355369567871094e+00
8.268234252929687500e+00
8.557628631591796875e+00
8.126204490661621094e+00
8.365683555603027344e+00
8.016010284423828125e+00
8.502234458923339844e+00
8.422418594360351562e+00
8.275727272033691406e+00
8.532028198242187500e+00
8.227754592895507812e+00
8.170260429382324219e+00
8.395316123962402344e+00
8.547048568725585938e+00
8.467885971069335938e+00
8.213983535766601562e+00
8.131300926208496094e+00
8.299409866333007812e+00
8.459666252136230469e+00
8.293020248413085938e+00
8.118255615234375000e+00
7.804202556610107422e+00
8.358213424682617188e+00
8.478978157043457031e+00
8.312977790832519531e+00
8.320387840270996094e+00
7.970100879669189453e+00
8.471257209777832031e+00
8.145825386047363281e+00
8.554744720458984375e+00
8.590723991394042969e+00
8.291386604309082031e+00
8.382107734680175781e+00
8.207367897033691406e+00
8.238162040710449219e+00
8.405900955200195312e+00
8.382413864135742188e+00
8.449200630187988281e+00
8.472290039062500000e+00
8.322475433349609375e+00
8.319263458251953125e+00
8.425562858581542969e+00
8.507731437683105469e+00
8.005034446716308594e+00
8.348586082458496094e+00
8.200012207031250000e+00
8.254593849182128906e+00
8.325028419494628906e+00
8.516131401062011719e+00
8.165301322937011719e+00
8.399640083312988281e+00
8.315019607543945312e+00
8.477259635925292969e+00
8.222623825073242188e+00
8.543956756591796875e+00
8.265297889709472656e+00
8.370537757873535156e+00
8.155738830566406250e+00
8.324875831604003906e+00
8.602976799011230469e+00
8.438277244567871094e+00
8.432124137878417969e+00
8.300329208374023438e+00
8.180876731872558594e+00
8.134392738342285156e+00
8.332957267761230469e+00
8.324441909790039062e+00
8.370451927185058594e+00
8.556748390197753906e+00
8.280494689941406250e+00
8.362780570983886719e+00
8.129128456115722656e+00
8.338401794433593750e+00
8.259100914001464844e+00
8.641030311584472656e+00
7.784410476684570312e+00
8.338949203491210938e+00
8.301095962524414062e+00
8.356922149658203125e+00
8.476870536804199219e+00
7.864064216613769531e+00
8.054482460021972656e+00
8.253380775451660156e+00
7.980534553527832031e+00
8.244885444641113281e+00
8.405850410461425781e+00
8.601140975952148438e+00
8.453804969787597656e+00
8.221943855285644531e+00
8.320980072021484375e+00
8.529925346374511719e+00
8.171294212341308594e+00
8.403148651123046875e+00
8.553532600402832031e+00
8.355574607849121094e+00
8.421455383300781250e+00
8.395586967468261719e+00
8.032094001770019531e+00
8.103857994079589844e+00
8.306690216064453125e+00
8.377629280090332031e+00
8.417536735534667969e+00
8.237256050109863281e+00
8.439932823181152344e+00
8.398619651794433594e+00
8.344353675842285156e+00
7.965346336364746094e+00
8.417345046997070312e+00
8.264470100402832031e+00
8.272608757019042969e+00
8.410648345947265625e+00
8.181043624877929688e+00
8.386465072631835938e+00
8.305602073669433594e+00
8.285535812377929688e+00
8.440403938293457031e+00
8.217042922973632812e+00
8.333951950073242188e+00
8.388298034667968750e+00
8.349628448486328125e+00
8.493280410766601562e+00
8.432934761047363281e+00
8.231702804565429688e+00
8.367061614990234375e+00
8.304295539855957031e+00
8.283415794372558594e+00
8.143375396728515625e+00
8.321350097656250000e+00
8.447071075439453125e+00
8.310157775878906250e+00
8.348258972167968750e+00
8.487917900085449219e+00
8.339244842529296875e+00
8.200986862182617188e+00
8.477378845214843750e+00
8.383362770080566406e+00
8.358711242675781250e+00
8.340221405029296875e+00
8.473834991455078125e+00
8.273159980773925781e+00
8.391416549682617188e+00
8.328477859497070312e+00
8.408484458923339844e+00
8.496590614318847656e+00
8.257916450500488281e+00
8.318946838378906250e+00
8.201951980590820312e+00
8.165927886962890625e+00
8.341653823852539062e+00
8.122759819030761719e+00
8.311959266662597656e+00
8.259698867797851562e+00
8.382364273071289062e+00
8.370747566223144531e+00
8.407273292541503906e+00
8.414211273193359375e+00
8.442330360412597656e+00
8.261578559875488281e+00
8.499363899230957031e+00
8.444316864013671875e+00
8.182293891906738281e+00
8.247105598449707031e+00
8.254644393920898438e+00
8.120107650756835938e+00
8.437507629394531250e+00
8.322925567626953125e+00
8.243996620178222656e+00
8.271455764770507812e+00
8.161648750305175781e+00
8.521453857421875000e+00
8.325470924377441406e+00
8.408273696899414062e+00
8.233219146728515625e+00
8.368782997131347656e+00
8.396561622619628906e+00
8.377285957336425781e+00
8.385581970214843750e+00
8.264449119567871094e+00
8.391286849975585938e+00
8.525144577026367188e+00
8.534272193908691406e+00
8.379635810852050781e+00
8.381280899047851562e+00
8.288670539855957031e+00
8.333623886108398438e+00
8.249129295349121094e+00
8.102051734924316406e+00
8.470464706420898438e+00
8.254317283630371094e+00
8.275737762451171875e+00
8.450329780578613281e+00
8.519072532653808594e+00
8.252804756164550781e+00
8.558957099914550781e+00
8.158612251281738281e+00
8.429996490478515625e+00
8.340407371520996094e+00
8.383358001708984375e+00
8.612764358520507812e+00
8.435081481933593750e+00
8.168584823608398438e+00
8.165775299072265625e+00
8.395999908447265625e+00
8.097440719604492188e+00
8.376652717590332031e+00
8.502803802490234375e+00
8.230256080627441406e+00
8.419742584228515625e+00
8.178090095520019531e+00
8.469444274902343750e+00
8.433326721191406250e+00
8.424830436706542969e+00
8.207316398620605469e+00
8.489606857299804688e+00
8.250295639038085938e+00
8.246568679809570312e+00
8.379531860351562500e+00
8.355064392089843750e+00
8.498622894287109375e+00
8.271721839904785156e+00
8.316761016845703125e+00
8.519106864929199219e+00
8.249368667602539062e+00
8.238572120666503906e+00
8.208062171936035156e+00
8.274296760559082031e+00
8.232876777648925781e+00
8.331857681274414062e+00
8.105558395385742188e+00
8.135040283203125000e+00
8.316806793212890625e+00
8.416254997253417969e+00
8.279309272766113281e+00
8.406164169311523438e+00
8.327860832214355469e+00
8.445493698120117188e+00
8.537851333618164062e+00
8.521873474121093750e+00
8.292236328125000000e+00
8.292028427124023438e+00
8.430256843566894531e+00
8.272612571716308594e+00
8.515971183776855469e+00
8.325764656066894531e+00
8.310075759887695312e+00
8.447714805603027344e+00
8.616281509399414062e+00
8.368499755859375000e+00
8.411518096923828125e+00
8.458614349365234375e+00
8.460455894470214844e+00
8.217603683471679688e+00
8.390072822570800781e+00
8.249227523803710938e+00
8.285770416259765625e+00
8.604793548583984375e+00
8.291659355163574219e+00
8.079866409301757812e+00
8.338369369506835938e+00
8.253579139709472656e+00
8.277051925659179688e+00
8.344457626342773438e+00
8.369496345520019531e+00
8.208915710449218750e+00
8.405189514160156250e+00
8.391321182250976562e+00
8.112889289855957031e+00
8.401277542114257812e+00
8.265185356140136719e+00
7.980372428894042969e+00
8.192699432373046875e+00
8.413784980773925781e+00
8.333583831787109375e+00
8.421340942382812500e+00
8.330178260803222656e+00
8.310550689697265625e+00
8.121071815490722656e+00
8.253859519958496094e+00
8.710138320922851562e+00
8.339105606079101562e+00
8.404497146606445312e+00
8.325109481811523438e+00
8.188301086425781250e+00
8.116608619689941406e+00
8.436092376708984375e+00
8.244585037231445312e+00
8.292194366455078125e+00
8.463129997253417969e+00
8.311073303222656250e+00
8.365572929382324219e+00
8.251130104064941406e+00
8.167437553405761719e+00
8.331324577331542969e+00
8.317581176757812500e+00
8.255867958068847656e+00
8.431233406066894531e+00
8.527030944824218750e+00
8.603957176208496094e+00
8.371301651000976562e+00
8.438775062561035156e+00
8.282467842102050781e+00
8.361515045166015625e+00
8.210499763488769531e+00
8.092217445373535156e+00
8.173267364501953125e+00
8.366282463073730469e+00
8.262585639953613281e+00
8.493322372436523438e+00
8.199397087097167969e+00
8.387199401855468750e+00
8.459692955017089844e+00
8.329650878906250000e+00
8.046216011047363281e+00
8.232261657714843750e+00
8.427328109741210938e+00
8.139522552490234375e+00
8.412825584411621094e+00
8.355493545532226562e+00
8.332681655883789062e+00
8.316219329833984375e+00
8.323826789855957031e+00
8.283152580261230469e+00
8.429831504821777344e+00
8.558637619018554688e+00
8.125347137451171875e+00
8.504578590393066406e+00
8.235428810119628906e+00
8.344013214111328125e+00
8.383332252502441406e+00
8.416203498840332031e+00
8.444602012634277344e+00
8.434435844421386719e+00
8.483272552490234375e+00
8.124693870544433594e+00
8.254455566406250000e+00
8.370555877685546875e+00
8.377582550048828125e+00
8.250359535217285156e+00
8.429397583007812500e+00
8.026537895202636719e+00
8.145955085754394531e+00
8.578701019287109375e+00
8.570481300354003906e+00
8.108890533447265625e+00
8.362630844116210938e+00
7.990952491760253906e+00
8.558556556701660156e+00
8.125002861022949219e+00
8.286429405212402344e+00
8.214310646057128906e+00
8.465386390686035156e+00
7.779233932495117188e+00
8.334513664245605469e+00
8.510954856872558594e+00
8.411186218261718750e+00
8.283761978149414062e+00
8.414007186889648438e+00
8.240413665771484375e+00
8.262220382690429688e+00
8.333030700683593750e+00
7.965003013610839844e+00
8.321497917175292969e+00
7.957528114318847656e+00
8.310163497924804688e+00
8.370881080627441406e+00
8.314842224121093750e+00
8.325985908508300781e+00
8.278116226196289062e+00
8.566902160644531250e+00
8.252033233642578125e+00
8.330224990844726562e+00
8.145808219909667969e+00
8.236706733703613281e+00
8.430908203125000000e+00
8.474808692932128906e+00
8.298630714416503906e+00
8.406048774719238281e+00
8.254901885986328125e+00
8.095783233642578125e+00
8.364020347595214844e+00
8.317689895629882812e+00
8.292486190795898438e+00
8.395201683044433594e+00
8.038393974304199219e+00
8.205588340759277344e+00
8.110151290893554688e+00
8.298648834228515625e+00
8.184335708618164062e+00
8.199874877929687500e+00
8.264444351196289062e+00
8.297253608703613281e+00
8.466904640197753906e+00
7.971825599670410156e+00
8.254534721374511719e+00
8.341341972351074219e+00
8.307633399963378906e+00
8.576164245605468750e+00
8.284491539001464844e+00
8.537239074707031250e+00
8.187279701232910156e+00
8.504134178161621094e+00
8.398463249206542969e+00
8.164858818054199219e+00
8.471594810485839844e+00
8.629418373107910156e+00
8.553051948547363281e+00
8.120984077453613281e+00
8.327747344970703125e+00
8.279216766357421875e+00
8.327665328979492188e+00
8.507678985595703125e+00
8.229138374328613281e+00
8.046973228454589844e+00
8.261585235595703125e+00
8.315423965454101562e+00
8.253437995910644531e+00
8.291072845458984375e+00
8.337860107421875000e+00
8.165826797485351562e+00
8.226903915405273438e+00
8.334787368774414062e+00
8.611680984497070312e+00
8.188167572021484375e+00
8.506438255310058594e+00
8.307820320129394531e+00
8.454259872436523438e+00
8.240200996398925781e+00
8.237523078918457031e+00
8.479250907897949219e+00
8.384901046752929688e+00
8.384910583496093750e+00
8.313829421997070312e+00
8.272834777832031250e+00
8.205366134643554688e+00
8.230132102966308594e+00
8.320870399475097656e+00
8.102874755859375000e+00
8.345235824584960938e+00
8.185294151306152344e+00
8.273986816406250000e+00
8.330989837646484375e+00
8.044031143188476562e+00
8.514852523803710938e+00
8.240564346313476562e+00
8.323587417602539062e+00
8.312933921813964844e+00
8.412606239318847656e+00
8.318832397460937500e+00
8.352560997009277344e+00
8.114437103271484375e+00
8.239902496337890625e+00
8.391211509704589844e+00
8.323210716247558594e+00
8.340428352355957031e+00
8.459746360778808594e+00
8.323202133178710938e+00
8.325270652770996094e+00
8.360968589782714844e+00
8.314262390136718750e+00
8.248803138732910156e+00
8.392023086547851562e+00
8.309018135070800781e+00
8.489546775817871094e+00
8.427832603454589844e+00
8.334775924682617188e+00
8.531945228576660156e+00
8.263617515563964844e+00
8.124981880187988281e+00
8.563709259033203125e+00
8.305027961730957031e+00
8.321700096130371094e+00
8.282218933105468750e+00
8.369457244873046875e+00
8.187401771545410156e+00
8.311775207519531250e+00
8.324651718139648438e+00
8.332902908325195312e+00
8.262687683105468750e+00
8.380991935729980469e+00
8.362729072570800781e+00
8.255535125732421875e+00
8.552334785461425781e+00
8.132316589355468750e+00
8.226446151733398438e+00
8.353494644165039062e+00
8.460691452026367188e+00
8.398033142089843750e+00
8.401052474975585938e+00
8.408291816711425781e+00
8.294245719909667969e+00
8.097289085388183594e+00
8.236818313598632812e+00
8.455357551574707031e+00
8.597319602966308594e+00
8.341936111450195312e+00
8.413095474243164062e+00
8.262720108032226562e+00
8.504837989807128906e+00
8.194444656372070312e+00
8.215789794921875000e+00
8.397727012634277344e+00
8.172300338745117188e+00
8.414143562316894531e+00
8.551098823547363281e+00
8.528357505798339844e+00
8.220220565795898438e+00
8.245553970336914062e+00
8.418821334838867188e+00
8.340517044067382812e+00
8.154145240783691406e+00
8.426028251647949219e+00
8.342185974121093750e+00
8.477547645568847656e+00
8.432162284851074219e+00
8.309112548828125000e+00
8.410080909729003906e+00
8.523329734802246094e+00
8.360880851745605469e+00
8.283366203308105469e+00
8.287919998168945312e+00
8.234749794006347656e+00
8.424678802490234375e+00
8.305963516235351562e+00
8.189164161682128906e+00
8.514728546142578125e+00
8.217135429382324219e+00
8.387391090393066406e+00
8.316011428833007812e+00
8.400684356689453125e+00
8.568711280822753906e+00
8.446463584899902344e+00
8.214844703674316406e+00
8.267870903015136719e+00
8.150459289550781250e+00
8.379568099975585938e+00
8.072869300842285156e+00
8.114913940429687500e+00
8.206307411193847656e+00
8.274904251098632812e+00
8.407385826110839844e+00
8.660780906677246094e+00
8.225416183471679688e+00
8.199980735778808594e+00
8.376671791076660156e+00
8.223597526550292969e+00
8.273173332214355469e+00
7.904752254486083984e+00
8.258674621582031250e+00
8.482910156250000000e+00
8.317453384399414062e+00
8.445940017700195312e+00
8.468749046325683594e+00
8.360176086425781250e+00
8.481311798095703125e+00
8.526497840881347656e+00
8.335711479187011719e+00
8.471550941467285156e+00
8.389415740966796875e+00
8.378725051879882812e+00
8.258823394775390625e+00
8.499820709228515625e+00
8.170342445373535156e+00
8.329040527343750000e+00
8.129794120788574219e+00
8.234578132629394531e+00
8.111720085144042969e+00
8.321205139160156250e+00
8.206088066101074219e+00
8.279705047607421875e+00
8.491125106811523438e+00
8.060485839843750000e+00
8.581195831298828125e+00
8.193765640258789062e+00
8.217555046081542969e+00
8.368168830871582031e+00
8.068209648132324219e+00
8.423962593078613281e+00
8.465973854064941406e+00
8.259906768798828125e+00
8.187654495239257812e+00
8.556318283081054688e+00
8.272030830383300781e+00
8.316935539245605469e+00
8.274152755737304688e+00
8.427731513977050781e+00
8.237086296081542969e+00
8.395462036132812500e+00
8.230944633483886719e+00
8.350156784057617188e+00
8.336519241333007812e+00
8.376150131225585938e+00
8.489853858947753906e+00
8.349625587463378906e+00
7.821960449218750000e+00
8.284275054931640625e+00
8.353162765502929688e+00
8.439045906066894531e+00
8.278519630432128906e+00
8.246973991394042969e+00
8.506871223449707031e+00
8.115367889404296875e+00
8.367425918579101562e+00
8.166664123535156250e+00
8.312645912170410156e+00
8.490758895874023438e+00
8.398958206176757812e+00
8.371965408325195312e+00
8.342281341552734375e+00
8.212680816650390625e+00
8.360937118530273438e+00
8.549074172973632812e+00
8.196870803833007812e+00
8.306647300720214844e+00
7.992835044860839844e+00
8.216464996337890625e+00
8.162498474121093750e+00
8.390101432800292969e+00
8.448021888732910156e+00
8.185507774353027344e+00
8.238310813903808594e+00
8.391328811645507812e+00
8.474701881408691406e+00
8.427323341369628906e+00
8.215358734130859375e+00
8.440752983093261719e+00
8.493073463439941406e+00
8.356241226196289062e+00
8.346618652343750000e+00
8.280953407287597656e+00
8.342017173767089844e+00
8.310095787048339844e+00
8.391114234924316406e+00
8.492740631103515625e+00
8.266469955444335938e+00
8.479979515075683594e+00
8.452591896057128906e+00
8.344596862792968750e+00
8.327390670776367188e+00
8.426693916320800781e+00
8.194878578186035156e+00
8.410511970520019531e+00
8.221401214599609375e+00
8.215233802795410156e+00
8.252161979675292969e+00
8.379204750061035156e+00
8.272899627685546875e+00
8.304871559143066406e+00
8.356834411621093750e+00
8.274738311767578125e+00
8.036415100097656250e+00
8.332860946655273438e+00
8.447478294372558594e+00
8.452950477600097656e+00
8.364206314086914062e+00
8.258772850036621094e+00
8.227312088012695312e+00
8.203243255615234375e+00
8.235590934753417969e+00
8.365976333618164062e+00
8.281813621520996094e+00
8.236709594726562500e+00
8.293964385986328125e+00
8.018772125244140625e+00
8.227679252624511719e+00
8.439534187316894531e+00
8.358428955078125000e+00
8.429347991943359375e+00
8.664463996887207031e+00
8.412725448608398438e+00
8.319759368896484375e+00
8.332815170288085938e+00
8.519629478454589844e+00
8.076368331909179688e+00
8.442089080810546875e+00
8.320771217346191406e+00
8.407275199890136719e+00
8.366597175598144531e+00
8.376088142395019531e+00
8.061129570007324219e+00
8.318470001220703125e+00
8.293128013610839844e+00
8.292723655700683594e+00
8.141356468200683594e+00
8.172325134277343750e+00
8.323395729064941406e+00
8.137912750244140625e+00
7.706721782684326172e+00
8.434694290161132812e+00
8.495438575744628906e+00
8.382425308227539062e+00
8.397507667541503906e+00
8.409023284912109375e+00
8.565298080444335938e+00
8.324501037597656250e+00
8.152472496032714844e+00
8.331839561462402344e+00
8.251221656799316406e+00
8.431597709655761719e+00
8.433335304260253906e+00
8.155957221984863281e+00
8.404110908508300781e+00
8.200452804565429688e+00
8.415369987487792969e+00
8.120734214782714844e+00
8.142502784729003906e+00
8.526332855224609375e+00
8.400775909423828125e+00
8.595978736877441406e+00
7.953341007232666016e+00
8.326294898986816406e+00
8.252438545227050781e+00
8.338603019714355469e+00
8.359267234802246094e+00
8.144774436950683594e+00
8.439752578735351562e+00
8.223890304565429688e+00
7.861751556396484375e+00
8.051292419433593750e+00
8.272867202758789062e+00
7.995339393615722656e+00
8.428235054016113281e+00
8.331997871398925781e+00
8.160485267639160156e+00
8.289227485656738281e+00
8.520042419433593750e+00
8.153474807739257812e+00
8.225315093994140625e+00
8.388066291809082031e+00
8.143181800842285156e+00
8.057120323181152344e+00
8.289950370788574219e+00
8.207477569580078125e+00
8.347304344177246094e+00
8.483161926269531250e+00
8.499660491943359375e+00
8.536781311035156250e+00
8.559586524963378906e+00
8.316580772399902344e+00
8.376115798950195312e+00
8.203986167907714844e+00
8.266743659973144531e+00
8.584074974060058594e+00
8.461119651794433594e+00
8.489727020263671875e+00
8.451465606689453125e+00
8.275769233703613281e+00
7.896499633789062500e+00
8.234142303466796875e+00
8.158579826354980469e+00
8.448599815368652344e+00
8.439029693603515625e+00
8.544223785400390625e+00
8.384766578674316406e+00
8.316978454589843750e+00
7.984838962554931641e+00
8.368476867675781250e+00
8.259008407592773438e+00
8.265759468078613281e+00
8.391818046569824219e+00
8.172606468200683594e+00
8.194837570190429688e+00
8.254379272460937500e+00
8.224292755126953125e+00
7.886345863342285156e+00
8.209082603454589844e+00
8.251508712768554688e+00
8.325811386108398438e+00
8.034668922424316406e+00
8.257375717163085938e+00
8.299623489379882812e+00
8.287101745605468750e+00
8.342421531677246094e+00
8.499596595764160156e+00
8.304391860961914062e+00
8.132391929626464844e+00
8.328913688659667969e+00
8.213623046875000000e+00
8.304565429687500000e+00
8.237454414367675781e+00
8.284670829772949219e+00
8.242275238037109375e+00
8.281744003295898438e+00
8.428702354431152344e+00
8.231474876403808594e+00
8.417469978332519531e+00
8.221015930175781250e+00
8.063437461853027344e+00
8.412096977233886719e+00
8.227856636047363281e+00
8.587192535400390625e+00
8.336275100708007812e+00
8.112378120422363281e+00
8.261035919189453125e+00
8.250834465026855469e+00
8.192716598510742188e+00
8.275037765502929688e+00
8.308192253112792969e+00
8.378854751586914062e+00
8.310759544372558594e+00
8.151680946350097656e+00
8.280966758728027344e+00
8.385262489318847656e+00
8.321714401245117188e+00
8.191224098205566406e+00
8.343525886535644531e+00
8.191419601440429688e+00
8.349670410156250000e+00
8.510468482971191406e+00
8.253534317016601562e+00
8.387537956237792969e+00
8.369934082031250000e+00
8.203701972961425781e+00
8.435420036315917969e+00
8.587025642395019531e+00
8.367355346679687500e+00
8.645124435424804688e+00
8.326262474060058594e+00
8.019137382507324219e+00
8.324315071105957031e+00
8.338891983032226562e+00
8.300859451293945312e+00
8.526738166809082031e+00
8.357763290405273438e+00
8.128599166870117188e+00
8.238861083984375000e+00
8.479578971862792969e+00
8.176136016845703125e+00
8.338443756103515625e+00
8.397963523864746094e+00
8.198752403259277344e+00
8.430733680725097656e+00
8.256690979003906250e+00
8.535441398620605469e+00
7.973405838012695312e+00
8.205336570739746094e+00
8.394888877868652344e+00
8.360167503356933594e+00
8.318549156188964844e+00
8.212144851684570312e+00
8.326881408691406250e+00
8.313016891479492188e+00
8.093091964721679688e+00
8.420687675476074219e+00
7.932425498962402344e+00
8.228813171386718750e+00
8.432849884033203125e+00
8.158607482910156250e+00
8.109517097473144531e+00
8.266886711120605469e+00
8.279973983764648438e+00
8.171442985534667969e+00
8.221714019775390625e+00
7.788991928100585938e+00
8.379403114318847656e+00
8.123272895812988281e+00
8.096035003662109375e+00
8.181876182556152344e+00
8.377288818359375000e+00
8.528954505920410156e+00
8.211978912353515625e+00
7.991898536682128906e+00
8.413798332214355469e+00
8.292517662048339844e+00
8.140592575073242188e+00
8.275775909423828125e+00
8.120767593383789062e+00
8.283831596374511719e+00
8.443152427673339844e+00
8.206487655639648438e+00
8.334068298339843750e+00
8.451103210449218750e+00
8.321589469909667969e+00
8.260677337646484375e+00
8.254152297973632812e+00
8.137339591979980469e+00
8.474042892456054688e+00
8.386447906494140625e+00
8.359214782714843750e+00
8.346892356872558594e+00
8.502080917358398438e+00
8.072930335998535156e+00
8.302769660949707031e+00
8.242065429687500000e+00
8.397685050964355469e+00
8.176711082458496094e+00
8.362131118774414062e+00
8.336648941040039062e+00
8.143202781677246094e+00
8.221352577209472656e+00
8.276073455810546875e+00
8.288671493530273438e+00
8.457417488098144531e+00
8.179975509643554688e+00
8.086463928222656250e+00
8.392186164855957031e+00
8.082284927368164062e+00
8.251212120056152344e+00
8.026041030883789062e+00
8.334656715393066406e+00
8.158355712890625000e+00
8.097334861755371094e+00
8.165846824645996094e+00
8.234372138977050781e+00
8.296394348144531250e+00
8.155094146728515625e+00
8.314378738403320312e+00
8.541334152221679688e+00
8.308455467224121094e+00
8.338169097900390625e+00
8.202436447143554688e+00
8.191809654235839844e+00
8.144465446472167969e+00
8.233054161071777344e+00
8.093516349792480469e+00
8.263950347900390625e+00
8.365243911743164062e+00
8.124949455261230469e+00
8.244594573974609375e+00
8.184106826782226562e+00
8.323152542114257812e+00
8.249411582946777344e+00
8.180341720581054688e+00
8.093133926391601562e+00
8.295868873596191406e+00
8.100709915161132812e+00
8.385770797729492188e+00
8.514981269836425781e+00
8.365980148315429688e+00
8.261733055114746094e+00
8.382717132568359375e+00
8.418017387390136719e+00
8.211339950561523438e+00
8.505456924438476562e+00
8.261017799377441406e+00
8.078513145446777344e+00
8.196778297424316406e+00
8.499186515808105469e+00
8.305215835571289062e+00
8.147861480712890625e+00
8.423169136047363281e+00
8.275615692138671875e+00
8.416139602661132812e+00
8.319881439208984375e+00
8.033910751342773438e+00
8.079582214355468750e+00
8.355170249938964844e+00
8.298428535461425781e+00
8.288355827331542969e+00
8.432990074157714844e+00
8.488481521606445312e+00
8.245142936706542969e+00
8.518599510192871094e+00
8.347675323486328125e+00
8.379675865173339844e+00
8.312923431396484375e+00
8.376320838928222656e+00
8.489616394042968750e+00
8.392025947570800781e+00
8.205125808715820312e+00
8.373692512512207031e+00
8.318034172058105469e+00
8.375775337219238281e+00
8.465174674987792969e+00
8.377998352050781250e+00
8.330518722534179688e+00
8.428231239318847656e+00
8.467039108276367188e+00
8.439495086669921875e+00
8.270708084106445312e+00
8.168304443359375000e+00
8.319389343261718750e+00
8.252087593078613281e+00
8.266199111938476562e+00
7.881570339202880859e+00
8.437350273132324219e+00
8.199063301086425781e+00
8.257598876953125000e+00
8.267400741577148438e+00
8.419309616088867188e+00
8.436974525451660156e+00
8.213136672973632812e+00
8.328402519226074219e+00
8.220796585083007812e+00
8.394371986389160156e+00
8.345455169677734375e+00
8.308375358581542969e+00
8.184262275695800781e+00
8.059610366821289062e+00
8.566662788391113281e+00
8.221035003662109375e+00
8.355912208557128906e+00
8.433385848999023438e+00
8.357298851013183594e+00
8.149237632751464844e+00
8.344989776611328125e+00
8.158473014831542969e+00
8.343841552734375000e+00
8.332438468933105469e+00
8.320136070251464844e+00
8.314011573791503906e+00
8.163965225219726562e+00
8.182175636291503906e+00
8.404726982116699219e+00
8.262391090393066406e+00
8.166913986206054688e+00
8.291941642761230469e+00
8.031742095947265625e+00
8.313028335571289062e+00
8.349098205566406250e+00
8.136449813842773438e+00
8.359176635742187500e+00
8.204379081726074219e+00
8.339438438415527344e+00
8.407006263732910156e+00
8.172119140625000000e+00
8.591820716857910156e+00
8.201544761657714844e+00
8.165678024291992188e+00
8.201640129089355469e+00
8.261776924133300781e+00
8.030262947082519531e+00
8.504828453063964844e+00
8.428765296936035156e+00
8.383795738220214844e+00
8.353558540344238281e+00
8.424215316772460938e+00
8.278939247131347656e+00
8.255770683288574219e+00
8.581571578979492188e+00
8.185700416564941406e+00
8.319632530212402344e+00
8.223135948181152344e+00
8.163618087768554688e+00
8.136123657226562500e+00
8.360877990722656250e+00
8.380956649780273438e+00
8.243680000305175781e+00
8.300706863403320312e+00
8.300070762634277344e+00
8.196307182312011719e+00
8.298665046691894531e+00
8.078419685363769531e+00
8.344141960144042969e+00
8.284088134765625000e+00
8.493321418762207031e+00
8.313943862915039062e+00
8.343247413635253906e+00
8.423747062683105469e+00
8.256563186645507812e+00
8.420611381530761719e+00
8.579288482666015625e+00
8.366100311279296875e+00
8.384449005126953125e+00
8.393197059631347656e+00
8.049030303955078125e+00
8.125290870666503906e+00
8.266204833984375000e+00
8.350028991699218750e+00
8.348194122314453125e+00
8.151735305786132812e+00
8.219950675964355469e+00
8.241350173950195312e+00
8.351099014282226562e+00
7.859404563903808594e+00
8.198138236999511719e+00
8.123567581176757812e+00
8.395071029663085938e+00
8.234136581420898438e+00
8.394156455993652344e+00
8.281167030334472656e+00
8.209062576293945312e+00
8.302238464355468750e+00
8.244029045104980469e+00
8.795750617980957031e+00
8.375390052795410156e+00
8.187886238098144531e+00
8.375841140747070312e+00
8.450675964355468750e+00
8.269927978515625000e+00
7.916283130645751953e+00
8.382651329040527344e+00
8.487070083618164062e+00
8.062792778015136719e+00
8.376010894775390625e+00
8.189461708068847656e+00
8.278608322143554688e+00
8.294795036315917969e+00
8.013463973999023438e+00
8.295752525329589844e+00
8.564653396606445312e+00
8.082242965698242188e+00
8.289261817932128906e+00
8.232327461242675781e+00
8.282534599304199219e+00
8.172704696655273438e+00
8.308946609497070312e+00
8.393288612365722656e+00
8.207858085632324219e+00
8.279814720153808594e+00
8.207509040832519531e+00
8.412737846374511719e+00
8.304292678833007812e+00
8.303891181945800781e+00
8.317936897277832031e+00
8.505835533142089844e+00
8.380244255065917969e+00
8.306564331054687500e+00
8.093811035156250000e+00
8.272763252258300781e+00
8.410943031311035156e+00
8.196083068847656250e+00
8.221944808959960938e+00
8.182844161987304688e+00
8.232676506042480469e+00
8.425702095031738281e+00
8.097294807434082031e+00
8.243203163146972656e+00
8.176358222961425781e+00
8.312921524047851562e+00
8.165182113647460938e+00
8.405586242675781250e+00
8.018810272216796875e+00
8.183441162109375000e+00
8.176802635192871094e+00
8.301988601684570312e+00
8.212759971618652344e+00
8.388034820556640625e+00
8.023991584777832031e+00
8.277792930603027344e+00
8.393690109252929688e+00
8.040804862976074219e+00
8.339571952819824219e+00
8.156275749206542969e+00
8.179492950439453125e+00
8.556725502014160156e+00
8.323064804077148438e+00
8.393885612487792969e+00
8.449786186218261719e+00
8.491673469543457031e+00
8.086750030517578125e+00
8.321950912475585938e+00
7.875193119049072266e+00
8.284672737121582031e+00
8.459712982177734375e+00
8.426232337951660156e+00
8.398614883422851562e+00
8.196076393127441406e+00
8.361504554748535156e+00
7.943065643310546875e+00
8.191343307495117188e+00
8.252012252807617188e+00
8.129518508911132812e+00
8.181229591369628906e+00
8.345084190368652344e+00
8.314713478088378906e+00
8.332112312316894531e+00
8.301516532897949219e+00
8.201232910156250000e+00
8.185832977294921875e+00
8.365924835205078125e+00
8.154000282287597656e+00
8.402192115783691406e+00
8.276645660400390625e+00
8.274865150451660156e+00
8.240575790405273438e+00
8.274624824523925781e+00
8.282244682312011719e+00
8.013036727905273438e+00
8.370290756225585938e+00
8.261760711669921875e+00
8.353954315185546875e+00
8.258019447326660156e+00
8.213753700256347656e+00
8.276281356811523438e+00
8.319770812988281250e+00
8.390041351318359375e+00
8.334334373474121094e+00
8.428699493408203125e+00
8.439098358154296875e+00
8.199849128723144531e+00
8.434836387634277344e+00
8.209326744079589844e+00
8.337107658386230469e+00
8.138373374938964844e+00
8.074230194091796875e+00
8.353657722473144531e+00
8.265743255615234375e+00
8.160296440124511719e+00
8.356195449829101562e+00
8.332177162170410156e+00
8.294128417968750000e+00
8.370511054992675781e+00
8.296742439270019531e+00
8.255503654479980469e+00
8.378540992736816406e+00
8.382079124450683594e+00
8.398646354675292969e+00
8.307250976562500000e+00
8.144226074218750000e+00
8.341025352478027344e+00
8.273605346679687500e+00
8.293036460876464844e+00
8.385887145996093750e+00
8.252119064331054688e+00
8.334066390991210938e+00
8.185401916503906250e+00
8.453499794006347656e+00
7.841796875000000000e+00
8.373392105102539062e+00
8.376835823059082031e+00
8.271607398986816406e+00
8.365411758422851562e+00
8.520799636840820312e+00
8.040016174316406250e+00
8.215930938720703125e+00
8.400894165039062500e+00
8.192042350769042969e+00
8.480958938598632812e+00
8.459695816040039062e+00
8.543041229248046875e+00
8.638796806335449219e+00
8.298659324645996094e+00
8.141369819641113281e+00
8.224349021911621094e+00
8.251697540283203125e+00
8.067222595214843750e+00
8.255498886108398438e+00
8.037431716918945312e+00
8.525753021240234375e+00
8.055130958557128906e+00
8.548522949218750000e+00
8.344119071960449219e+00
7.993990898132324219e+00
8.249650955200195312e+00
8.094470977783203125e+00
8.401631355285644531e+00
8.302875518798828125e+00
8.342170715332031250e+00
8.307380676269531250e+00
8.302260398864746094e+00
8.129673004150390625e+00
7.934830665588378906e+00
8.267991065979003906e+00
8.034518241882324219e+00
8.096554756164550781e+00
8.284241676330566406e+00
8.384584426879882812e+00
7.760152339935302734e+00
8.055411338806152344e+00
8.209802627563476562e+00
7.651916027069091797e+00
8.135993957519531250e+00
8.246457099914550781e+00
8.343486785888671875e+00
8.448987960815429688e+00
8.238857269287109375e+00
8.138043403625488281e+00
8.311914443969726562e+00
8.394617080688476562e+00
8.127596855163574219e+00
8.388591766357421875e+00
8.347461700439453125e+00
8.398572921752929688e+00
8.313041687011718750e+00
7.809839725494384766e+00
8.236269950866699219e+00
8.390346527099609375e+00
8.499392509460449219e+00
8.330945968627929688e+00
8.156615257263183594e+00
8.213993072509765625e+00
8.182032585144042969e+00
8.307911872863769531e+00
8.446876525878906250e+00
8.344113349914550781e+00
8.308137893676757812e+00
8.376278877258300781e+00
8.231320381164550781e+00
8.262086868286132812e+00
8.275210380554199219e+00
8.112784385681152344e+00
8.232005119323730469e+00
8.121786117553710938e+00
8.126698493957519531e+00
8.384604454040527344e+00
8.175901412963867188e+00
8.158102989196777344e+00
8.307929039001464844e+00
8.200160980224609375e+00
8.469767570495605469e+00
8.129710197448730469e+00
8.368705749511718750e+00
8.355761528015136719e+00
8.357240676879882812e+00
8.364489555358886719e+00
8.311322212219238281e+00
8.166797637939453125e+00
8.409484863281250000e+00
8.074721336364746094e+00
8.305225372314453125e+00
8.265158653259277344e+00
8.112734794616699219e+00
8.327093124389648438e+00
8.218341827392578125e+00
8.286726951599121094e+00
8.310816764831542969e+00
8.188914299011230469e+00
8.469327926635742188e+00
8.366393089294433594e+00
8.250020027160644531e+00
8.121941566467285156e+00
8.116871833801269531e+00
8.421257019042968750e+00
8.125171661376953125e+00
8.455915451049804688e+00
8.410118103027343750e+00
8.283861160278320312e+00
8.169947624206542969e+00
8.597952842712402344e+00
8.275496482849121094e+00
8.242674827575683594e+00
8.255956649780273438e+00
8.331665992736816406e+00
8.272582054138183594e+00
8.198212623596191406e+00
8.580459594726562500e+00
8.284542083740234375e+00
8.482116699218750000e+00
8.075000762939453125e+00
8.332916259765625000e+00
8.407150268554687500e+00
8.301683425903320312e+00
8.098338127136230469e+00
8.244090080261230469e+00
8.171725273132324219e+00
8.118361473083496094e+00
7.989509582519531250e+00
8.372351646423339844e+00
8.280575752258300781e+00
7.933527469635009766e+00
8.535484313964843750e+00
8.049591064453125000e+00
8.299339294433593750e+00
8.415242195129394531e+00
8.308522224426269531e+00
8.322720527648925781e+00
8.250409126281738281e+00
8.194096565246582031e+00
8.370815277099609375e+00
8.342206954956054688e+00
8.394602775573730469e+00
8.328460693359375000e+00
8.442030906677246094e+00
8.361629486083984375e+00
8.519447326660156250e+00
8.207882881164550781e+00
8.261162757873535156e+00
8.402495384216308594e+00
8.213551521301269531e+00
8.475419998168945312e+00
8.178826332092285156e+00
8.072294235229492188e+00
8.192393302917480469e+00
8.105982780456542969e+00
8.260565757751464844e+00
8.292471885681152344e+00
8.260329246520996094e+00
8.366049766540527344e+00
8.263234138488769531e+00
8.549931526184082031e+00
8.223670005798339844e+00
8.165388107299804688e+00
8.226030349731445312e+00
8.583087921142578125e+00
8.168386459350585938e+00
8.398591041564941406e+00
8.215847969055175781e+00
8.246882438659667969e+00
8.169937133789062500e+00
8.237426757812500000e+00
8.193347930908203125e+00
8.339838981628417969e+00
7.866820335388183594e+00
8.267971992492675781e+00
8.325828552246093750e+00
8.285809516906738281e+00
8.094102859497070312e+00
8.331377983093261719e+00
8.448886871337890625e+00
8.246589660644531250e+00
8.155811309814453125e+00
7.916975975036621094e+00
8.273151397705078125e+00
8.318416595458984375e+00
8.252238273620605469e+00
8.409364700317382812e+00
8.040941238403320312e+00
8.334769248962402344e+00
8.182715415954589844e+00
8.491773605346679688e+00
8.180348396301269531e+00
8.194669723510742188e+00
8.346138000488281250e+00
8.100513458251953125e+00
8.125031471252441406e+00
8.357330322265625000e+00
8.176008224487304688e+00
8.382431030273437500e+00
8.504996299743652344e+00
8.258973121643066406e+00
8.278313636779785156e+00
8.007052421569824219e+00
8.386877059936523438e+00
8.229831695556640625e+00
8.140291213989257812e+00
8.343036651611328125e+00
8.237994194030761719e+00
8.176861763000488281e+00
8.259402275085449219e+00
8.085155487060546875e+00
8.274669647216796875e+00
8.269704818725585938e+00
8.220088005065917969e+00
8.274600028991699219e+00
7.992480754852294922e+00
8.199226379394531250e+00
8.150967597961425781e+00
8.299308776855468750e+00
8.440063476562500000e+00
8.087992668151855469e+00
8.458682060241699219e+00
8.289367675781250000e+00
8.094153404235839844e+00
8.349861145019531250e+00
8.258406639099121094e+00
8.205083847045898438e+00
8.451068878173828125e+00
8.240411758422851562e+00
8.344896316528320312e+00
7.847424507141113281e+00
8.074096679687500000e+00
8.087375640869140625e+00
8.102594375610351562e+00
8.348650932312011719e+00
8.223794937133789062e+00
8.325497627258300781e+00
8.227455139160156250e+00
7.944824218750000000e+00
8.184992790222167969e+00
8.289176940917968750e+00
8.202415466308593750e+00
8.239315986633300781e+00
8.268895149230957031e+00
8.351584434509277344e+00
8.337755203247070312e+00
7.939877510070800781e+00
8.321658134460449219e+00
8.316261291503906250e+00
8.310276031494140625e+00
8.243755340576171875e+00
8.417769432067871094e+00
8.152003288269042969e+00
8.276018142700195312e+00
8.296375274658203125e+00
8.057586669921875000e+00
8.313552856445312500e+00
8.354518890380859375e+00
8.141912460327148438e+00
8.229639053344726562e+00
8.269804954528808594e+00
8.251868247985839844e+00
8.167077064514160156e+00
8.185463905334472656e+00
8.143963813781738281e+00
8.311688423156738281e+00
8.371805191040039062e+00
8.157017707824707031e+00
8.190878868103027344e+00
8.375838279724121094e+00
8.361277580261230469e+00
8.329306602478027344e+00
8.215267181396484375e+00
8.214822769165039062e+00
8.474817276000976562e+00
8.201544761657714844e+00
8.131587028503417969e+00
8.426394462585449219e+00
8.197631835937500000e+00
8.303275108337402344e+00
8.162232398986816406e+00
8.102097511291503906e+00
8.483059883117675781e+00
8.203307151794433594e+00
8.314129829406738281e+00
8.401928901672363281e+00
8.311479568481445312e+00
8.314069747924804688e+00
8.358874320983886719e+00
8.151350975036621094e+00
8.259238243103027344e+00
7.952824115753173828e+00
8.268416404724121094e+00
8.176968574523925781e+00
7.835380077362060547e+00
8.228406906127929688e+00
8.215797424316406250e+00
8.485981941223144531e+00
8.459448814392089844e+00
8.445981979370117188e+00
8.379598617553710938e+00
8.490149497985839844e+00
8.286088943481445312e+00
8.161839485168457031e+00
8.388275146484375000e+00
8.284759521484375000e+00
8.148067474365234375e+00
8.374929428100585938e+00
8.546545028686523438e+00
8.094769477844238281e+00
8.232419013977050781e+00
8.384583473205566406e+00
8.309928894042968750e+00
8.322714805603027344e+00
8.205418586730957031e+00
8.169351577758789062e+00
8.151464462280273438e+00
8.191215515136718750e+00
8.001806259155273438e+00
8.153613090515136719e+00
8.294472694396972656e+00
8.448294639587402344e+00
8.065917968750000000e+00
8.128157615661621094e+00
8.473291397094726562e+00
8.367377281188964844e+00
8.223347663879394531e+00
8.149765014648437500e+00
8.095215797424316406e+00
8.073187828063964844e+00
8.194906234741210938e+00
8.412805557250976562e+00
8.252987861633300781e+00
7.842356204986572266e+00
8.324277877807617188e+00
8.233861923217773438e+00
8.274134635925292969e+00
8.232278823852539062e+00
8.246493339538574219e+00
8.356724739074707031e+00
8.098678588867187500e+00
8.234365463256835938e+00
8.414240837097167969e+00
8.427428245544433594e+00
8.289927482604980469e+00
8.227358818054199219e+00
8.434498786926269531e+00
8.527236938476562500e+00
8.540108680725097656e+00
8.015438079833984375e+00
8.254890441894531250e+00
8.192121505737304688e+00
8.376459121704101562e+00
8.202811241149902344e+00
8.468260765075683594e+00
8.230255126953125000e+00
8.260692596435546875e+00
8.197251319885253906e+00
8.081122398376464844e+00
8.244616508483886719e+00
8.337314605712890625e+00
8.392942428588867188e+00
8.395265579223632812e+00
8.162871360778808594e+00
8.342122077941894531e+00
8.036087989807128906e+00
8.264463424682617188e+00
8.316528320312500000e+00
8.399567604064941406e+00
8.288579940795898438e+00
8.360020637512207031e+00
7.788239002227783203e+00
8.133054733276367188e+00
8.208869934082031250e+00
8.440674781799316406e+00
8.421138763427734375e+00
8.212003707885742188e+00
8.212018013000488281e+00
8.276655197143554688e+00
8.425642967224121094e+00
8.390358924865722656e+00
8.161106109619140625e+00
8.354070663452148438e+00
8.211034774780273438e+00
8.371571540832519531e+00
8.034729003906250000e+00
8.374897956848144531e+00
8.366580963134765625e+00
8.311396598815917969e+00
8.444026947021484375e+00
8.359033584594726562e+00
8.385196685791015625e+00
8.318577766418457031e+00
8.332133293151855469e+00
8.134638786315917969e+00
8.172373771667480469e+00
8.363975524902343750e+00
8.088182449340820312e+00
8.197551727294921875e+00
8.375581741333007812e+00
8.299055099487304688e+00
8.438175201416015625e+00
8.286907196044921875e+00
8.344254493713378906e+00
8.288012504577636719e+00
8.254924774169921875e+00
8.080906867980957031e+00
8.080431938171386719e+00
8.224005699157714844e+00
8.146201133728027344e+00
8.138262748718261719e+00
8.391134262084960938e+00
8.294719696044921875e+00
8.376862525939941406e+00
8.407967567443847656e+00
8.380008697509765625e+00
8.227501869201660156e+00
8.418742179870605469e+00
8.144678115844726562e+00
8.341455459594726562e+00
8.403307914733886719e+00
8.257396697998046875e+00
8.084750175476074219e+00
8.335504531860351562e+00
8.166559219360351562e+00
8.309757232666015625e+00
8.379323005676269531e+00
8.246308326721191406e+00
8.224624633789062500e+00
8.155078887939453125e+00
8.205969810485839844e+00
8.236765861511230469e+00
8.313538551330566406e+00
8.117687225341796875e+00
8.217885017395019531e+00
8.254195213317871094e+00
8.490073204040527344e+00
8.533546447753906250e+00
8.217947006225585938e+00
8.364284515380859375e+00
8.234069824218750000e+00
8.267920494079589844e+00
8.293594360351562500e+00
8.392657279968261719e+00
8.255344390869140625e+00
8.237049102783203125e+00
8.115625381469726562e+00
8.257888793945312500e+00
8.216981887817382812e+00
8.353220939636230469e+00
8.498882293701171875e+00
8.211377143859863281e+00
8.194120407104492188e+00
8.199568748474121094e+00
8.201912879943847656e+00
8.061877250671386719e+00
8.151943206787109375e+00
8.397224426269531250e+00
8.291725158691406250e+00
8.039676666259765625e+00
8.268348693847656250e+00
8.291279792785644531e+00
8.361765861511230469e+00
8.208000183105468750e+00
8.232429504394531250e+00
8.390440940856933594e+00
8.180903434753417969e+00
8.321722984313964844e+00
8.200527191162109375e+00
8.434776306152343750e+00
8.082434654235839844e+00
8.346772193908691406e+00
8.258763313293457031e+00
8.222509384155273438e+00
8.223614692687988281e+00
8.129526138305664062e+00
8.082802772521972656e+00
8.231779098510742188e+00
8.458011627197265625e+00
8.460716247558593750e+00
8.257635116577148438e+00
8.147618293762207031e+00
8.393691062927246094e+00
8.283242225646972656e+00
8.182684898376464844e+00
8.196669578552246094e+00
8.245737075805664062e+00
8.373008728027343750e+00
8.337141990661621094e+00
8.217164993286132812e+00
8.353458404541015625e+00
8.232275962829589844e+00
8.397981643676757812e+00
8.086315155029296875e+00
8.385858535766601562e+00
8.215724945068359375e+00
8.026546478271484375e+00
8.348690032958984375e+00
8.383373260498046875e+00
8.255032539367675781e+00
8.506916046142578125e+00
8.182889938354492188e+00
8.124813079833984375e+00
7.886352539062500000e+00
8.238601684570312500e+00
8.271597862243652344e+00
8.475222587585449219e+00
8.359988212585449219e+00
8.330772399902343750e+00
8.259636878967285156e+00
8.359535217285156250e+00
8.540283203125000000e+00
8.484761238098144531e+00
8.195458412170410156e+00
8.010155677795410156e+00
8.353334426879882812e+00
8.140558242797851562e+00
8.131154060363769531e+00
8.222258567810058594e+00
8.248069763183593750e+00
8.177523612976074219e+00
8.115190505981445312e+00
8.200356483459472656e+00
8.224841117858886719e+00
8.255523681640625000e+00
8.404778480529785156e+00
8.145367622375488281e+00
8.395231246948242188e+00
8.187566757202148438e+00
8.360849380493164062e+00
8.141648292541503906e+00
8.080559730529785156e+00
8.126413345336914062e+00
8.395058631896972656e+00
8.536339759826660156e+00
8.172443389892578125e+00
8.268745422363281250e+00
8.070406913757324219e+00
8.388584136962890625e+00
8.221287727355957031e+00
8.013812065124511719e+00
8.423840522766113281e+00
8.276277542114257812e+00
7.979081153869628906e+00
8.324268341064453125e+00
8.231289863586425781e+00
7.978183269500732422e+00
8.215739250183105469e+00
8.450757980346679688e+00
8.181413650512695312e+00
8.177918434143066406e+00
8.219091415405273438e+00
8.024222373962402344e+00
8.167575836181640625e+00
8.355443000793457031e+00
8.452276229858398438e+00
8.111420631408691406e+00
8.261384963989257812e+00
8.015714645385742188e+00
8.147132873535156250e+00
8.167016029357910156e+00
8.449523925781250000e+00
8.210863113403320312e+00
8.106121063232421875e+00
8.041137695312500000e+00
8.181619644165039062e+00
8.289166450500488281e+00
8.204333305358886719e+00
8.280101776123046875e+00
8.340513229370117188e+00
8.255429267883300781e+00
8.356363296508789062e+00
8.315649986267089844e+00
8.084915161132812500e+00
8.239076614379882812e+00
8.521865844726562500e+00
8.134336471557617188e+00
8.334838867187500000e+00
8.201717376708984375e+00
8.194264411926269531e+00
8.285513877868652344e+00
8.218376159667968750e+00
8.130414962768554688e+00
8.257343292236328125e+00
8.200551033020019531e+00
8.360276222229003906e+00
8.446206092834472656e+00
8.134050369262695312e+00
8.442337989807128906e+00
8.283941268920898438e+00
8.117394447326660156e+00
8.488820075988769531e+00
8.346184730529785156e+00
8.177656173706054688e+00
8.297336578369140625e+00
8.448634147644042969e+00
8.313166618347167969e+00
8.293066024780273438e+00
8.012365341186523438e+00
8.081617355346679688e+00
8.320641517639160156e+00
8.190351486206054688e+00
8.307238578796386719e+00
8.331849098205566406e+00
8.448863983154296875e+00
7.957655429840087891e+00
8.354344367980957031e+00
8.342783927917480469e+00
8.244636535644531250e+00
8.158301353454589844e+00
8.435558319091796875e+00
8.351271629333496094e+00
8.309480667114257812e+00
8.024530410766601562e+00
8.240103721618652344e+00
8.371201515197753906e+00
8.308014869689941406e+00
8.440836906433105469e+00
8.231616020202636719e+00
8.336353302001953125e+00
8.197264671325683594e+00
8.277729988098144531e+00
8.374326705932617188e+00
8.440629005432128906e+00
8.152635574340820312e+00
8.587841987609863281e+00
8.369803428649902344e+00
8.151659011840820312e+00
8.135645866394042969e+00
8.346693038940429688e+00
8.166549682617187500e+00
8.347606658935546875e+00
8.331648826599121094e+00
8.386809349060058594e+00
8.211556434631347656e+00
8.352170944213867188e+00
8.188152313232421875e+00
8.089034080505371094e+00
8.243811607360839844e+00
8.124371528625488281e+00
8.205116271972656250e+00
8.162024497985839844e+00
8.287984848022460938e+00
8.336427688598632812e+00
8.309835433959960938e+00
8.260149002075195312e+00
8.341788291931152344e+00
8.274236679077148438e+00
8.174245834350585938e+00
8.229483604431152344e+00
8.329477310180664062e+00
8.106266975402832031e+00
8.314700126647949219e+00
8.213144302368164062e+00
8.306874275207519531e+00
8.127778053283691406e+00
8.001171112060546875e+00
8.186754226684570312e+00
8.074036598205566406e+00
8.000542640686035156e+00
8.210474014282226562e+00
7.914714813232421875e+00
8.311613082885742188e+00
8.420236587524414062e+00
8.247021675109863281e+00
8.461812973022460938e+00
8.253002166748046875e+00
7.917183876037597656e+00
8.364815711975097656e+00
8.323738098144531250e+00
8.256003379821777344e+00
8.382810592651367188e+00
8.461043357849121094e+00
8.137419700622558594e+00
8.154467582702636719e+00
8.331266403198242188e+00
8.437987327575683594e+00
8.170218467712402344e+00
8.183532714843750000e+00
8.186925888061523438e+00
8.172541618347167969e+00
8.263864517211914062e+00
8.453745841979980469e+00
8.253018379211425781e+00
8.074069976806640625e+00
8.296258926391601562e+00
8.153769493103027344e+00
8.444729804992675781e+00
8.188959121704101562e+00
8.271904945373535156e+00
8.038225173950195312e+00
8.011522293090820312e+00
8.421258926391601562e+00
8.080924034118652344e+00
8.327140808105468750e+00
8.272052764892578125e+00
7.907829284667968750e+00
8.161085128784179688e+00
8.110572814941406250e+00
8.240458488464355469e+00
8.367082595825195312e+00
8.229321479797363281e+00
8.390715599060058594e+00
8.442892074584960938e+00
8.228412628173828125e+00
8.298323631286621094e+00
8.302312850952148438e+00
8.232295036315917969e+00
8.138248443603515625e+00
8.223847389221191406e+00
8.241124153137207031e+00
8.110056877136230469e+00
8.389382362365722656e+00
8.394542694091796875e+00
8.184433937072753906e+00
8.100435256958007812e+00
8.419722557067871094e+00
8.391171455383300781e+00
8.393787384033203125e+00
8.246657371520996094e+00
8.165421485900878906e+00
7.952711582183837891e+00
8.299746513366699219e+00
7.863837242126464844e+00
8.025530815124511719e+00
8.304068565368652344e+00
8.424514770507812500e+00
8.430095672607421875e+00
8.462202072143554688e+00
8.156339645385742188e+00
8.257467269897460938e+00
8.335397720336914062e+00
8.289832115173339844e+00
8.215781211853027344e+00
8.283750534057617188e+00
8.085486412048339844e+00
8.212919235229492188e+00
8.248805999755859375e+00
8.397312164306640625e+00
7.934488296508789062e+00
8.014940261840820312e+00
8.252453804016113281e+00
8.571709632873535156e+00
8.267252922058105469e+00
8.156327247619628906e+00
8.264410018920898438e+00
8.260338783264160156e+00
8.274314880371093750e+00
8.463992118835449219e+00
8.338492393493652344e+00
8.232414245605468750e+00
8.338436126708984375e+00
8.226693153381347656e+00
8.286207199096679688e+00
8.177287101745605469e+00
8.072379112243652344e+00
8.386429786682128906e+00
8.140582084655761719e+00
7.957529067993164062e+00
8.447680473327636719e+00
8.265023231506347656e+00
8.186018943786621094e+00
8.210704803466796875e+00
8.312369346618652344e+00
8.485136032104492188e+00
8.454066276550292969e+00
8.399572372436523438e+00
8.178212165832519531e+00
8.353930473327636719e+00
8.232295036315917969e+00
8.255229949951171875e+00
8.303733825683593750e+00
8.201530456542968750e+00
8.184415817260742188e+00
8.230689048767089844e+00
8.342979431152343750e+00
8.138718605041503906e+00
8.442600250244140625e+00
8.234870910644531250e+00
8.452437400817871094e+00
8.126634597778320312e+00
8.086259841918945312e+00
8.045765876770019531e+00
8.229914665222167969e+00
8.397892951965332031e+00
8.169216156005859375e+00
8.161440849304199219e+00
8.241110801696777344e+00
8.313757896423339844e+00
8.089768409729003906e+00
8.301612854003906250e+00
8.192753791809082031e+00
8.431282043457031250e+00
8.163119316101074219e+00
8.420053482055664062e+00
8.272881507873535156e+00
8.172184944152832031e+00
8.328145980834960938e+00
8.059431076049804688e+00
8.264747619628906250e+00
8.206912994384765625e+00
8.328907966613769531e+00
8.151556015014648438e+00
8.167525291442871094e+00
8.150295257568359375e+00
7.952121734619140625e+00
8.183930397033691406e+00
8.267222404479980469e+00
8.177265167236328125e+00
8.049138069152832031e+00
8.396531105041503906e+00
8.259784698486328125e+00
8.325774192810058594e+00
8.274623870849609375e+00
8.072401046752929688e+00
7.965160846710205078e+00
8.185747146606445312e+00
8.525182723999023438e+00
8.300450325012207031e+00
8.465598106384277344e+00
8.268869400024414062e+00
8.166265487670898438e+00
8.248210906982421875e+00
8.174827575683593750e+00
8.393242835998535156e+00
8.354698181152343750e+00
7.604587078094482422e+00
8.126349449157714844e+00
8.105329513549804688e+00
8.317287445068359375e+00
8.101096153259277344e+00
8.054732322692871094e+00
8.033293724060058594e+00
8.149025917053222656e+00
8.209802627563476562e+00
8.291895866394042969e+00
8.309709548950195312e+00
8.321763038635253906e+00
8.191873550415039062e+00
8.137335777282714844e+00
8.323819160461425781e+00
8.283585548400878906e+00
8.155779838562011719e+00
8.416563034057617188e+00
8.381866455078125000e+00
8.162087440490722656e+00
8.296460151672363281e+00
8.090258598327636719e+00
8.218558311462402344e+00
8.122991561889648438e+00
8.369327545166015625e+00
8.372880935668945312e+00
8.218428611755371094e+00
8.223914146423339844e+00
8.237998962402343750e+00
8.276105880737304688e+00
8.211654663085937500e+00
8.108849525451660156e+00
8.245076179504394531e+00
8.311779022216796875e+00
8.360080718994140625e+00
8.049244880676269531e+00
8.485646247863769531e+00
8.283479690551757812e+00
8.251934051513671875e+00
8.251124382019042969e+00
8.294905662536621094e+00
8.118386268615722656e+00
8.267087936401367188e+00
8.302279472351074219e+00
8.329934120178222656e+00
8.170086860656738281e+00
8.339885711669921875e+00
8.239730834960937500e+00
8.387894630432128906e+00
8.275159835815429688e+00
8.269227981567382812e+00
8.426396369934082031e+00
8.379963874816894531e+00
8.200872421264648438e+00
8.022976875305175781e+00
8.071528434753417969e+00
8.290161132812500000e+00
8.402715682983398438e+00
8.028639793395996094e+00
8.312599182128906250e+00
8.162093162536621094e+00
8.218928337097167969e+00
8.160427093505859375e+00
8.096926689147949219e+00
8.362729072570800781e+00
8.121105194091796875e+00
8.291708946228027344e+00
8.249547958374023438e+00
8.599004745483398438e+00
8.160175323486328125e+00
8.144588470458984375e+00
8.504401206970214844e+00
8.072084426879882812e+00
8.298769950866699219e+00
8.303068161010742188e+00
8.190951347351074219e+00
8.187018394470214844e+00
8.473084449768066406e+00
8.037106513977050781e+00
8.326972961425781250e+00
8.304174423217773438e+00
8.515761375427246094e+00
8.306525230407714844e+00
8.254290580749511719e+00
8.406652450561523438e+00
8.310096740722656250e+00
8.134105682373046875e+00
8.013282775878906250e+00
8.395560264587402344e+00
8.054394721984863281e+00
8.158114433288574219e+00
7.995748519897460938e+00
8.205068588256835938e+00
7.950785636901855469e+00
8.214795112609863281e+00
8.076418876647949219e+00
8.445116996765136719e+00
8.446374893188476562e+00
8.382731437683105469e+00
8.391773223876953125e+00
8.083734512329101562e+00
8.230059623718261719e+00
8.216534614562988281e+00
8.372619628906250000e+00
8.421143531799316406e+00
8.170918464660644531e+00
8.192550659179687500e+00
8.319566726684570312e+00
8.361819267272949219e+00
8.241209983825683594e+00
8.356637954711914062e+00
8.398923873901367188e+00
8.304899215698242188e+00
8.430601119995117188e+00
8.149461746215820312e+00
8.207653045654296875e+00
8.282624244689941406e+00
7.881175041198730469e+00
8.140666007995605469e+00
8.269129753112792969e+00
8.470291137695312500e+00
8.267196655273437500e+00
8.347307205200195312e+00
8.462541580200195312e+00
8.331221580505371094e+00
8.261819839477539062e+00
8.121710777282714844e+00
8.114521026611328125e+00
8.286511421203613281e+00
8.378364562988281250e+00
8.278580665588378906e+00
8.325264930725097656e+00
8.216340065002441406e+00
8.232380867004394531e+00
8.182354927062988281e+00
8.383449554443359375e+00
8.375314712524414062e+00
8.178501129150390625e+00
8.263397216796875000e+00
8.332809448242187500e+00
7.997332096099853516e+00
8.249283790588378906e+00
8.295536994934082031e+00
8.109679222106933594e+00
8.186351776123046875e+00
8.188652038574218750e+00
8.125926971435546875e+00
8.470368385314941406e+00
8.015947341918945312e+00
8.213150024414062500e+00
8.054383277893066406e+00
8.487000465393066406e+00
8.328505516052246094e+00
7.608406543731689453e+00
8.263333320617675781e+00
8.166370391845703125e+00
8.344753265380859375e+00
8.374948501586914062e+00
8.008671760559082031e+00
8.298258781433105469e+00
8.182457923889160156e+00
8.258985519409179688e+00
8.438532829284667969e+00
8.503683090209960938e+00
8.243621826171875000e+00
8.311696052551269531e+00
8.274540901184082031e+00
8.298582077026367188e+00
8.336915969848632812e+00
8.316552162170410156e+00
8.228464126586914062e+00
8.369473457336425781e+00
8.197268486022949219e+00
8.262864112854003906e+00
8.152042388916015625e+00
8.290213584899902344e+00
8.210902214050292969e+00
8.244480133056640625e+00
8.322499275207519531e+00
8.317582130432128906e+00
8.184103965759277344e+00
8.330589294433593750e+00
8.445541381835937500e+00
8.272661209106445312e+00
8.154673576354980469e+00
8.342647552490234375e+00
8.024627685546875000e+00
8.264298439025878906e+00
8.424203872680664062e+00
8.372804641723632812e+00
8.503891944885253906e+00
8.292770385742187500e+00
8.243547439575195312e+00
8.289865493774414062e+00
8.506389617919921875e+00
8.203917503356933594e+00
8.264290809631347656e+00
8.361738204956054688e+00
8.320111274719238281e+00
8.377768516540527344e+00
8.146347045898437500e+00
7.989521503448486328e+00
8.228489875793457031e+00
8.206171035766601562e+00
8.436607360839843750e+00
8.435972213745117188e+00
8.267617225646972656e+00
8.002253532409667969e+00
8.141793251037597656e+00
8.232549667358398438e+00
8.341048240661621094e+00
8.488312721252441406e+00
8.178466796875000000e+00
8.500635147094726562e+00
8.078920364379882812e+00
8.240012168884277344e+00
8.124430656433105469e+00
8.276375770568847656e+00
8.391966819763183594e+00
8.226029396057128906e+00
8.303365707397460938e+00
8.355476379394531250e+00
8.254360198974609375e+00
8.210521697998046875e+00
8.263259887695312500e+00
8.300647735595703125e+00
8.118213653564453125e+00
8.157163619995117188e+00
8.284814834594726562e+00
8.341448783874511719e+00
8.311508178710937500e+00
8.536280632019042969e+00
8.228465080261230469e+00
8.366099357604980469e+00
8.088696479797363281e+00
8.300625801086425781e+00
8.163407325744628906e+00
8.330923080444335938e+00
8.092277526855468750e+00
8.188100814819335938e+00
8.087540626525878906e+00
8.208039283752441406e+00
8.345634460449218750e+00
8.194089889526367188e+00
8.209514617919921875e+00
8.371016502380371094e+00
8.129778861999511719e+00
8.105904579162597656e+00
8.249771118164062500e+00
8.323090553283691406e+00
8.325872421264648438e+00
8.294793128967285156e+00
8.282216072082519531e+00
8.424432754516601562e+00
8.219224929809570312e+00
8.412201881408691406e+00
7.993300437927246094e+00
8.356403350830078125e+00
8.386448860168457031e+00
8.431970596313476562e+00
8.158885955810546875e+00
8.332641601562500000e+00
7.925719738006591797e+00
8.242132186889648438e+00
8.153005599975585938e+00
8.116752624511718750e+00
8.204457283020019531e+00
8.293531417846679688e+00
8.280090332031250000e+00
8.266193389892578125e+00
8.243149757385253906e+00
8.326455116271972656e+00
7.987049579620361328e+00
8.019739151000976562e+00
8.257435798645019531e+00
8.102299690246582031e+00
8.303920745849609375e+00
8.076964378356933594e+00
8.231081962585449219e+00
8.210985183715820312e+00
8.264996528625488281e+00
8.455598831176757812e+00
8.250890731811523438e+00
8.237965583801269531e+00
7.948111534118652344e+00
7.955992221832275391e+00
8.182812690734863281e+00
8.149808883666992188e+00
8.411383628845214844e+00
8.250873565673828125e+00
8.057176589965820312e+00
8.142647743225097656e+00
8.217604637145996094e+00
8.287837982177734375e+00
8.251382827758789062e+00
8.090865135192871094e+00
8.005753517150878906e+00
8.339040756225585938e+00
8.300515174865722656e+00
8.405691146850585938e+00
8.212966918945312500e+00
8.361025810241699219e+00
8.036882400512695312e+00
8.317817687988281250e+00
8.339269638061523438e+00
8.315452575683593750e+00
8.220013618469238281e+00
8.059913635253906250e+00
8.377830505371093750e+00
8.365149497985839844e+00
8.104088783264160156e+00
8.142533302307128906e+00
8.134230613708496094e+00
8.378370285034179688e+00
8.351663589477539062e+00
7.807972431182861328e+00
8.201021194458007812e+00
8.502648353576660156e+00
8.387577056884765625e+00
8.183026313781738281e+00
8.182845115661621094e+00
8.272373199462890625e+00
8.294421195983886719e+00
8.474449157714843750e+00
8.061560630798339844e+00
7.795705795288085938e+00
8.208203315734863281e+00
7.878143310546875000e+00
8.165175437927246094e+00
8.398132324218750000e+00
8.270061492919921875e+00
8.342794418334960938e+00
8.445103645324707031e+00
8.115764617919921875e+00
8.347068786621093750e+00
8.286621093750000000e+00
8.371314048767089844e+00
8.633749961853027344e+00
8.300920486450195312e+00
8.246498107910156250e+00
8.208230018615722656e+00
7.985458374023437500e+00
8.366116523742675781e+00
8.351464271545410156e+00
8.467880249023437500e+00
7.986402511596679688e+00
8.136914253234863281e+00
8.427133560180664062e+00
8.070052146911621094e+00
8.110947608947753906e+00
8.156658172607421875e+00
8.173937797546386719e+00
8.146806716918945312e+00
8.109682083129882812e+00
8.100344657897949219e+00
8.476571083068847656e+00
8.027299880981445312e+00
8.373154640197753906e+00
8.110879898071289062e+00
8.035666465759277344e+00
8.132457733154296875e+00
8.542057037353515625e+00
8.150033950805664062e+00
8.594330787658691406e+00
8.425539970397949219e+00
8.353744506835937500e+00
7.862008094787597656e+00
8.277758598327636719e+00
8.180388450622558594e+00
8.255715370178222656e+00
8.147321701049804688e+00
8.052065849304199219e+00
8.219931602478027344e+00
8.292949676513671875e+00
8.261512756347656250e+00
8.245971679687500000e+00
8.183418273925781250e+00
8.255451202392578125e+00
8.468029975891113281e+00
8.238816261291503906e+00
8.150677680969238281e+00
8.284514427185058594e+00
8.301090240478515625e+00
8.218111991882324219e+00
8.046043395996093750e+00
8.447728157043457031e+00
8.285844802856445312e+00
8.206015586853027344e+00
8.067675590515136719e+00
8.342809677124023438e+00
8.221666336059570312e+00
8.294787406921386719e+00
8.223047256469726562e+00
8.090649604797363281e+00
8.500688552856445312e+00
8.372149467468261719e+00
8.054433822631835938e+00
8.156465530395507812e+00
8.501808166503906250e+00
8.281398773193359375e+00
8.179772377014160156e+00
8.347097396850585938e+00
8.547586441040039062e+00
8.329211235046386719e+00
8.085774421691894531e+00
8.132040977478027344e+00
8.299200057983398438e+00
8.346891403198242188e+00
8.295879364013671875e+00
8.439097404479980469e+00
8.124102592468261719e+00
8.252649307250976562e+00
8.348079681396484375e+00
8.122255325317382812e+00
8.381947517395019531e+00
8.217862129211425781e+00
8.311220169067382812e+00
8.334945678710937500e+00
7.878363132476806641e+00
8.262162208557128906e+00
8.342887878417968750e+00
8.194383621215820312e+00
8.424299240112304688e+00
8.089965820312500000e+00
8.350493431091308594e+00
8.321142196655273438e+00
8.153365135192871094e+00
8.136308670043945312e+00
8.001807212829589844e+00
8.382629394531250000e+00
8.224779129028320312e+00
8.377873420715332031e+00
8.308376312255859375e+00
8.241414070129394531e+00
8.172847747802734375e+00
8.205917358398437500e+00
8.201161384582519531e+00
8.265017509460449219e+00
8.301445960998535156e+00
8.275721549987792969e+00
8.240468025207519531e+00
8.485815048217773438e+00
7.953619480133056641e+00
8.202483177185058594e+00
8.256543159484863281e+00
8.388147354125976562e+00
8.159387588500976562e+00
8.169414520263671875e+00
8.177680015563964844e+00
8.290458679199218750e+00
8.191025733947753906e+00
8.293170928955078125e+00
8.153413772583007812e+00
8.237565040588378906e+00
8.048952102661132812e+00
8.243290901184082031e+00
8.186041831970214844e+00
8.381052017211914062e+00
7.992204189300537109e+00
8.118989944458007812e+00
8.240257263183593750e+00
8.393301963806152344e+00
8.216735839843750000e+00
8.196482658386230469e+00
7.881603717803955078e+00
8.127619743347167969e+00
8.161665916442871094e+00
8.402290344238281250e+00
8.402020454406738281e+00
8.200570106506347656e+00
8.187460899353027344e+00
8.157025337219238281e+00
8.151818275451660156e+00
7.952033042907714844e+00
8.279716491699218750e+00
7.986456871032714844e+00
8.270753860473632812e+00
8.076164245605468750e+00
8.254775047302246094e+00
8.209649085998535156e+00
8.186022758483886719e+00
8.296379089355468750e+00
8.138358116149902344e+00
8.253156661987304688e+00
8.243248939514160156e+00
8.249793052673339844e+00
8.237351417541503906e+00
8.307679176330566406e+00
8.391588211059570312e+00
8.230177879333496094e+00
8.179149627685546875e+00
8.099540710449218750e+00
8.269489288330078125e+00
8.213265419006347656e+00
8.216550827026367188e+00
7.982234954833984375e+00
8.253293037414550781e+00
8.268518447875976562e+00
8.203852653503417969e+00
8.213136672973632812e+00
8.158478736877441406e+00
8.260998725891113281e+00
8.239828109741210938e+00
8.594058990478515625e+00
8.284668922424316406e+00
8.484428405761718750e+00
8.393967628479003906e+00
8.198039054870605469e+00
8.111878395080566406e+00
8.289967536926269531e+00
8.121928215026855469e+00
8.069874763488769531e+00
8.325505256652832031e+00
8.192558288574218750e+00
8.007872581481933594e+00
8.083354949951171875e+00
8.118563652038574219e+00
8.290947914123535156e+00
8.408443450927734375e+00
8.248901367187500000e+00
7.941956043243408203e+00
8.254215240478515625e+00
8.337280273437500000e+00
8.200369834899902344e+00
8.460090637207031250e+00
8.391393661499023438e+00
8.385919570922851562e+00
8.215824127197265625e+00
8.225899696350097656e+00
8.306814193725585938e+00
8.254174232482910156e+00
8.442543983459472656e+00
8.083690643310546875e+00
8.275734901428222656e+00
8.315966606140136719e+00
8.357833862304687500e+00
7.927904605865478516e+00
8.192193984985351562e+00
8.354036331176757812e+00
7.899438381195068359e+00
7.925818443298339844e+00
8.202929496765136719e+00
8.298419952392578125e+00
8.209996223449707031e+00
8.032181739807128906e+00
8.217069625854492188e+00
8.001408576965332031e+00
8.200398445129394531e+00
8.289365768432617188e+00
8.230746269226074219e+00
8.465505599975585938e+00
8.097555160522460938e+00
8.381530761718750000e+00
8.187835693359375000e+00
8.313193321228027344e+00
8.265311241149902344e+00
8.048775672912597656e+00
8.045771598815917969e+00
8.458177566528320312e+00
8.296856880187988281e+00
8.275464057922363281e+00
8.256449699401855469e+00
8.210704803466796875e+00
8.030759811401367188e+00
8.252151489257812500e+00
8.444020271301269531e+00
8.115625381469726562e+00
8.373065948486328125e+00
8.279800415039062500e+00
8.360430717468261719e+00
8.230256080627441406e+00
8.334020614624023438e+00
8.256134986877441406e+00
8.092264175415039062e+00
8.120729446411132812e+00
8.135122299194335938e+00
8.490575790405273438e+00
8.366971015930175781e+00
8.171525001525878906e+00
7.838078975677490234e+00
8.333086967468261719e+00
8.558361053466796875e+00
8.306984901428222656e+00
8.272022247314453125e+00
8.292086601257324219e+00
8.336431503295898438e+00
8.182910919189453125e+00
8.326108932495117188e+00
8.150490760803222656e+00
8.356327056884765625e+00
8.515174865722656250e+00
8.068178176879882812e+00
8.190871238708496094e+00
8.221414566040039062e+00
8.147819519042968750e+00
8.332716941833496094e+00
8.222645759582519531e+00
8.406599998474121094e+00
8.093528747558593750e+00
8.287251472473144531e+00
8.300345420837402344e+00
8.082438468933105469e+00
8.481632232666015625e+00
8.163859367370605469e+00
8.228011131286621094e+00
7.930673122406005859e+00
8.484541893005371094e+00
8.288938522338867188e+00
8.250112533569335938e+00
8.038693428039550781e+00
8.241714477539062500e+00
8.130014419555664062e+00
8.370342254638671875e+00
8.385174751281738281e+00
8.251723289489746094e+00
8.093592643737792969e+00
7.851168632507324219e+00
8.238990783691406250e+00
8.220797538757324219e+00
7.792925834655761719e+00
7.931052684783935547e+00
8.423734664916992188e+00
8.373587608337402344e+00
8.089900016784667969e+00
8.094563484191894531e+00
8.081559181213378906e+00
8.270114898681640625e+00
8.275321960449218750e+00
7.961844444274902344e+00
8.203942298889160156e+00
8.383848190307617188e+00
8.473528861999511719e+00
8.093689918518066406e+00
8.172649383544921875e+00
8.026456832885742188e+00
8.031144142150878906e+00
8.185907363891601562e+00
8.273509025573730469e+00
8.332785606384277344e+00
8.403531074523925781e+00
8.229225158691406250e+00
8.106460571289062500e+00
8.587320327758789062e+00
8.215318679809570312e+00
8.119605064392089844e+00
8.208567619323730469e+00
8.114647865295410156e+00
8.313177108764648438e+00
8.152935981750488281e+00
8.182333946228027344e+00
8.213227272033691406e+00
8.301296234130859375e+00
8.225116729736328125e+00
8.329053878784179688e+00
8.167672157287597656e+00
8.459402084350585938e+00
8.286286354064941406e+00
8.465713500976562500e+00
7.877985477447509766e+00
8.289432525634765625e+00
8.280792236328125000e+00
8.416752815246582031e+00
8.480779647827148438e+00
8.166603088378906250e+00
8.469135284423828125e+00
8.229464530944824219e+00
8.274744033813476562e+00
8.156952857971191406e+00
8.414936065673828125e+00
8.166543006896972656e+00
8.245865821838378906e+00
8.138843536376953125e+00
8.355625152587890625e+00
8.382784843444824219e+00
8.305813789367675781e+00
8.114883422851562500e+00
8.022047042846679688e+00
8.123923301696777344e+00
8.392747879028320312e+00
8.268934249877929688e+00
8.297326087951660156e+00
8.312494277954101562e+00
8.082072257995605469e+00
7.934691905975341797e+00
7.778658390045166016e+00
8.222456932067871094e+00
8.230854988098144531e+00
8.108163833618164062e+00
8.226775169372558594e+00
8.415942192077636719e+00
8.197377204895019531e+00
8.388365745544433594e+00
8.222579956054687500e+00
8.203312873840332031e+00
8.283966064453125000e+00
8.099134445190429688e+00
8.128122329711914062e+00
8.182748794555664062e+00
8.398443222045898438e+00
8.212261199951171875e+00
8.289585113525390625e+00
8.354763984680175781e+00
8.152817726135253906e+00
8.283350944519042969e+00
8.434526443481445312e+00
8.340341567993164062e+00
8.144073486328125000e+00
8.387296676635742188e+00
8.250576972961425781e+00
8.086981773376464844e+00
8.133165359497070312e+00
8.298126220703125000e+00
8.236689567565917969e+00
8.066776275634765625e+00
7.978507995605468750e+00
8.098435401916503906e+00
8.666865348815917969e+00
8.022981643676757812e+00
8.288833618164062500e+00
8.281394004821777344e+00
8.175308227539062500e+00
8.339845657348632812e+00
8.273229598999023438e+00
8.275028228759765625e+00
8.377166748046875000e+00
8.276990890502929688e+00
8.321075439453125000e+00
8.328246116638183594e+00
8.225803375244140625e+00
8.267221450805664062e+00
8.171057701110839844e+00
8.364348411560058594e+00
8.380040168762207031e+00
8.123868942260742188e+00
8.149910926818847656e+00
8.328476905822753906e+00
7.781707286834716797e+00
8.296138763427734375e+00
8.183202743530273438e+00
8.147937774658203125e+00
8.080722808837890625e+00
7.940710544586181641e+00
8.173847198486328125e+00
8.208137512207031250e+00
8.192462921142578125e+00
8.314769744873046875e+00
8.242903709411621094e+00
8.229125022888183594e+00
8.333728790283203125e+00
7.852519512176513672e+00
8.154510498046875000e+00
8.387125968933105469e+00
8.043369293212890625e+00
8.296638488769531250e+00
8.259306907653808594e+00
8.094071388244628906e+00
8.264823913574218750e+00
8.301407814025878906e+00
8.135072708129882812e+00
8.152605056762695312e+00
8.281203269958496094e+00
8.150807380676269531e+00
8.152679443359375000e+00
8.144054412841796875e+00
8.355385780334472656e+00
8.228947639465332031e+00
8.163850784301757812e+00
8.089286804199218750e+00
8.302709579467773438e+00
8.354122161865234375e+00
8.289523124694824219e+00
8.558882713317871094e+00
8.348094940185546875e+00
8.175396919250488281e+00
8.081869125366210938e+00
8.225806236267089844e+00
8.084081649780273438e+00
8.135292053222656250e+00
8.242321014404296875e+00
8.395633697509765625e+00
8.088005065917968750e+00
8.168560981750488281e+00
8.223753929138183594e+00
8.298299789428710938e+00
8.336341857910156250e+00
8.265086174011230469e+00
8.125392913818359375e+00
8.329300880432128906e+00
8.417180061340332031e+00
8.612852096557617188e+00
8.172647476196289062e+00
8.300425529479980469e+00
8.233901023864746094e+00
8.182857513427734375e+00
8.073065757751464844e+00
8.276679039001464844e+00
8.244863510131835938e+00
8.026037216186523438e+00
8.176311492919921875e+00
8.273417472839355469e+00
8.182247161865234375e+00
8.233468055725097656e+00
8.294025421142578125e+00
8.279369354248046875e+00
8.179310798645019531e+00
8.228135108947753906e+00
8.088436126708984375e+00
8.275521278381347656e+00
8.264791488647460938e+00
8.214689254760742188e+00
8.067041397094726562e+00
8.054620742797851562e+00
8.411043167114257812e+00
8.441733360290527344e+00
8.012820243835449219e+00
7.990118980407714844e+00
8.312341690063476562e+00
8.143282890319824219e+00
8.383614540100097656e+00
8.348637580871582031e+00
8.244235038757324219e+00
8.170421600341796875e+00
8.131108283996582031e+00
8.271241188049316406e+00
8.093973159790039062e+00
8.109957695007324219e+00
8.417334556579589844e+00
8.278185844421386719e+00
8.330126762390136719e+00
8.104303359985351562e+00
8.228112220764160156e+00
8.145003318786621094e+00
7.966877937316894531e+00
8.263619422912597656e+00
8.392166137695312500e+00
8.199176788330078125e+00
7.904340267181396484e+00
8.520499229431152344e+00
7.759922504425048828e+00
8.334742546081542969e+00
8.306668281555175781e+00
8.322236061096191406e+00
8.062088012695312500e+00
8.101074218750000000e+00
8.177935600280761719e+00
8.460122108459472656e+00
8.322236061096191406e+00
8.095910072326660156e+00
8.339410781860351562e+00
8.339248657226562500e+00
8.095489501953125000e+00
8.106853485107421875e+00
8.291810989379882812e+00
8.187589645385742188e+00
8.273004531860351562e+00
8.249705314636230469e+00
8.023309707641601562e+00
8.246412277221679688e+00
8.458698272705078125e+00
8.247837066650390625e+00
8.199468612670898438e+00
8.542993545532226562e+00
8.364089012145996094e+00
8.219230651855468750e+00
8.182517051696777344e+00
8.485290527343750000e+00
7.867540359497070312e+00
8.095267295837402344e+00
8.243072509765625000e+00
8.224115371704101562e+00
8.229050636291503906e+00
8.096196174621582031e+00
8.186394691467285156e+00
8.277770042419433594e+00
8.272295951843261719e+00
7.844719409942626953e+00
8.190731048583984375e+00
8.266022682189941406e+00
7.972375869750976562e+00
8.254809379577636719e+00
8.158075332641601562e+00
8.064762115478515625e+00
8.463657379150390625e+00
8.188595771789550781e+00
8.239264488220214844e+00
8.253424644470214844e+00
8.100078582763671875e+00
8.109501838684082031e+00
8.147212982177734375e+00
8.429944992065429688e+00
8.159552574157714844e+00
8.135199546813964844e+00
8.378995895385742188e+00
8.325000762939453125e+00
8.204678535461425781e+00
8.082560539245605469e+00
8.205714225769042969e+00
8.140811920166015625e+00
8.180832862854003906e+00
8.210806846618652344e+00
8.220090866088867188e+00
8.006971359252929688e+00
8.226685523986816406e+00
8.033631324768066406e+00
8.255002975463867188e+00
8.364495277404785156e+00
7.993655204772949219e+00
8.245637893676757812e+00
8.226043701171875000e+00
8.339859008789062500e+00
8.511354446411132812e+00
8.375631332397460938e+00
8.033596992492675781e+00
8.364349365234375000e+00
8.295110702514648438e+00
7.955861091613769531e+00
8.360378265380859375e+00
8.283702850341796875e+00
8.191403388977050781e+00
8.188335418701171875e+00
8.344962120056152344e+00
8.305392265319824219e+00
8.188638687133789062e+00
7.957040786743164062e+00
7.832343578338623047e+00
8.323045730590820312e+00
7.906838893890380859e+00
8.166543960571289062e+00
8.178435325622558594e+00
8.151468276977539062e+00
8.131209373474121094e+00
8.192097663879394531e+00
8.084529876708984375e+00
8.200256347656250000e+00
8.489886283874511719e+00
8.265217781066894531e+00
8.295349121093750000e+00
8.394315719604492188e+00
8.363373756408691406e+00
8.332836151123046875e+00
8.077053070068359375e+00
8.215457916259765625e+00
8.073204040527343750e+00
8.226944923400878906e+00
8.127625465393066406e+00
8.252902984619140625e+00
8.265563011169433594e+00
8.296609878540039062e+00
8.247822761535644531e+00
8.054785728454589844e+00
8.094076156616210938e+00
8.047760963439941406e+00
7.919014930725097656e+00
8.281784057617187500e+00
8.259415626525878906e+00
8.308197975158691406e+00
7.999364376068115234e+00
8.253324508666992188e+00
8.237825393676757812e+00
8.317333221435546875e+00
8.295982360839843750e+00
8.155977249145507812e+00
7.984931468963623047e+00
8.264994621276855469e+00
8.294647216796875000e+00
8.047061920166015625e+00
8.352664947509765625e+00
8.300616264343261719e+00
8.157804489135742188e+00
8.221976280212402344e+00
8.320000648498535156e+00
8.048493385314941406e+00
8.150154113769531250e+00
8.011543273925781250e+00
8.137818336486816406e+00
8.182797431945800781e+00
8.300285339355468750e+00
8.530537605285644531e+00
8.242503166198730469e+00
8.165198326110839844e+00
8.111158370971679688e+00
8.160674095153808594e+00
8.242095947265625000e+00
8.065234184265136719e+00
7.968228340148925781e+00
7.996016025543212891e+00
8.097621917724609375e+00
8.374373435974121094e+00
8.288184165954589844e+00
7.981929302215576172e+00
7.911162376403808594e+00
8.136367797851562500e+00
8.192458152770996094e+00
8.267454147338867188e+00
8.178173065185546875e+00
8.294656753540039062e+00
8.012089729309082031e+00
8.046945571899414062e+00
8.028746604919433594e+00
7.998621940612792969e+00
8.113996505737304688e+00
8.280345916748046875e+00
8.196971893310546875e+00
8.276890754699707031e+00
8.505033493041992188e+00
8.269292831420898438e+00
8.226895332336425781e+00
8.368334770202636719e+00
8.222248077392578125e+00
8.308009147644042969e+00
8.413425445556640625e+00
8.022456169128417969e+00
8.031226158142089844e+00
8.217543601989746094e+00
8.217808723449707031e+00
8.524085044860839844e+00
8.240495681762695312e+00
8.182799339294433594e+00
8.243913650512695312e+00
8.334344863891601562e+00
8.302483558654785156e+00
8.097070693969726562e+00
8.137537002563476562e+00
8.445937156677246094e+00
8.180832862854003906e+00
8.025717735290527344e+00
8.336574554443359375e+00
8.257186889648437500e+00
8.217451095581054688e+00
8.287534713745117188e+00
8.107478141784667969e+00
8.238982200622558594e+00
8.204019546508789062e+00
8.272094726562500000e+00
8.223077774047851562e+00
8.389213562011718750e+00
8.339632034301757812e+00
8.399957656860351562e+00
8.181624412536621094e+00
8.144718170166015625e+00
8.055494308471679688e+00
8.277492523193359375e+00
8.083129882812500000e+00
8.346505165100097656e+00
8.190310478210449219e+00
8.232394218444824219e+00
8.181956291198730469e+00
7.920819759368896484e+00
8.062591552734375000e+00
8.336872100830078125e+00
8.112434387207031250e+00
8.310736656188964844e+00
8.122599601745605469e+00
8.164570808410644531e+00
8.265291213989257812e+00
7.997984886169433594e+00
8.196865081787109375e+00
8.123236656188964844e+00
8.281205177307128906e+00
8.079610824584960938e+00
8.215395927429199219e+00
8.414960861206054688e+00
8.176269531250000000e+00
7.843253612518310547e+00
8.344976425170898438e+00
8.310004234313964844e+00
8.147896766662597656e+00
8.380698204040527344e+00
8.016692161560058594e+00
8.246514320373535156e+00
7.982948780059814453e+00
8.343435287475585938e+00
8.362609863281250000e+00
8.087458610534667969e+00
8.236637115478515625e+00
8.343156814575195312e+00
8.316510200500488281e+00
8.262190818786621094e+00
8.102203369140625000e+00
8.385558128356933594e+00
8.344209671020507812e+00
8.216775894165039062e+00
8.012612342834472656e+00
8.364771842956542969e+00
8.163619041442871094e+00
8.196625709533691406e+00
8.298862457275390625e+00
8.072066307067871094e+00
8.395090103149414062e+00
8.149151802062988281e+00
8.203029632568359375e+00
7.960366725921630859e+00
7.984223842620849609e+00
8.412311553955078125e+00
8.189807891845703125e+00
8.436117172241210938e+00
8.156748771667480469e+00
8.069510459899902344e+00
8.535148620605468750e+00
8.321136474609375000e+00
8.032150268554687500e+00
8.228591918945312500e+00
8.206742286682128906e+00
8.184148788452148438e+00
8.057603836059570312e+00
7.950304985046386719e+00
8.200155258178710938e+00
8.474605560302734375e+00
8.279923439025878906e+00
8.210562705993652344e+00
8.140378952026367188e+00
8.321002006530761719e+00
8.244519233703613281e+00
8.212157249450683594e+00
8.419557571411132812e+00
8.096131324768066406e+00
7.855113506317138672e+00
8.178788185119628906e+00
8.383477210998535156e+00
8.234176635742187500e+00
8.174762725830078125e+00
8.208401679992675781e+00
8.429338455200195312e+00
8.416899681091308594e+00
7.782128810882568359e+00
8.224436759948730469e+00
8.423326492309570312e+00
8.429619789123535156e+00
8.180769920349121094e+00
8.150843620300292969e+00
8.079777717590332031e+00
8.045731544494628906e+00
8.281515121459960938e+00
8.173663139343261719e+00
8.323257446289062500e+00
8.401024818420410156e+00
8.226590156555175781e+00
8.221716880798339844e+00
8.210153579711914062e+00
8.250082969665527344e+00
8.508669853210449219e+00
8.298914909362792969e+00
8.169363975524902344e+00
8.159062385559082031e+00
8.096837997436523438e+00
7.969914436340332031e+00
8.293390274047851562e+00
8.046601295471191406e+00
8.156543731689453125e+00
7.878077030181884766e+00
8.190501213073730469e+00
8.335367202758789062e+00
8.189292907714843750e+00
8.422108650207519531e+00
8.378151893615722656e+00
8.219706535339355469e+00
8.375047683715820312e+00
8.409873008728027344e+00
8.071411132812500000e+00
8.072577476501464844e+00
8.124816894531250000e+00
8.057232856750488281e+00
8.109281539916992188e+00
8.222251892089843750e+00
8.326693534851074219e+00
8.208036422729492188e+00
8.245318412780761719e+00
8.271568298339843750e+00
8.189695358276367188e+00
8.143879890441894531e+00
8.310119628906250000e+00
8.068251609802246094e+00
8.200056076049804688e+00
8.186875343322753906e+00
7.927369117736816406e+00
8.391381263732910156e+00
8.170771598815917969e+00
8.291433334350585938e+00
8.328351020812988281e+00
8.151981353759765625e+00
8.399260520935058594e+00
8.233223915100097656e+00
8.221885681152343750e+00
8.194983482360839844e+00
8.188143730163574219e+00
8.164528846740722656e+00
8.264471054077148438e+00
8.397413253784179688e+00
8.353455543518066406e+00
8.124444961547851562e+00
8.285181045532226562e+00
8.155690193176269531e+00
8.347754478454589844e+00
8.189975738525390625e+00
8.443247795104980469e+00
8.038489341735839844e+00
8.335791587829589844e+00
8.171445846557617188e+00
8.307187080383300781e+00
8.063247680664062500e+00
8.291935920715332031e+00
8.324889183044433594e+00
8.166955947875976562e+00
8.104625701904296875e+00
8.062543869018554688e+00
7.922053813934326172e+00
8.267745018005371094e+00
8.322339057922363281e+00
8.452435493469238281e+00
8.234915733337402344e+00
8.287929534912109375e+00
8.088324546813964844e+00
8.477993011474609375e+00
8.172502517700195312e+00
7.983189105987548828e+00
8.256665229797363281e+00
8.106760978698730469e+00
8.092711448669433594e+00
8.017320632934570312e+00
8.293796539306640625e+00
7.931084156036376953e+00
8.190575599670410156e+00
7.983758926391601562e+00
8.288811683654785156e+00
8.208925247192382812e+00
8.135428428649902344e+00
8.021833419799804688e+00
7.991575241088867188e+00
8.214529037475585938e+00
8.365017890930175781e+00
7.980030059814453125e+00
8.072300910949707031e+00
8.180296897888183594e+00
8.127628326416015625e+00
8.422224044799804688e+00
8.356978416442871094e+00
8.351085662841796875e+00
8.106681823730468750e+00
8.334351539611816406e+00
8.313903808593750000e+00
8.155990600585937500e+00
8.187248229980468750e+00
8.209543228149414062e+00
8.128220558166503906e+00
8.416144371032714844e+00
8.204006195068359375e+00
8.285271644592285156e+00
8.081788063049316406e+00
8.362389564514160156e+00
8.119824409484863281e+00
8.194374084472656250e+00
7.718644618988037109e+00
8.180122375488281250e+00
8.410913467407226562e+00
8.197309494018554688e+00
8.141972541809082031e+00
8.061298370361328125e+00
8.336194992065429688e+00
8.116704940795898438e+00
7.918266296386718750e+00
8.214228630065917969e+00
8.241640090942382812e+00
8.261263847351074219e+00
7.932251453399658203e+00
8.213750839233398438e+00
8.107272148132324219e+00
8.157694816589355469e+00
8.393777847290039062e+00
8.359647750854492188e+00
8.125157356262207031e+00
8.205136299133300781e+00
8.125992774963378906e+00
8.266516685485839844e+00
8.065516471862792969e+00
8.270734786987304688e+00
8.194552421569824219e+00
8.161956787109375000e+00
8.317132949829101562e+00
8.404749870300292969e+00
8.260967254638671875e+00
8.161442756652832031e+00
8.256742477416992188e+00
8.229804039001464844e+00
8.309282302856445312e+00
8.168923377990722656e+00
8.133109092712402344e+00
8.214035987854003906e+00
8.304314613342285156e+00
8.215029716491699219e+00
8.174255371093750000e+00
8.163351058959960938e+00
8.319941520690917969e+00
7.972248077392578125e+00
8.139660835266113281e+00
7.996815681457519531e+00
8.356516838073730469e+00
8.364226341247558594e+00
8.447874069213867188e+00
8.314432144165039062e+00
8.102559089660644531e+00
8.259320259094238281e+00
7.935517311096191406e+00
8.169551849365234375e+00
8.194816589355468750e+00
8.450317382812500000e+00
7.968472480773925781e+00
8.253302574157714844e+00
7.954568386077880859e+00
8.290407180786132812e+00
7.982000827789306641e+00
8.107040405273437500e+00
8.140123367309570312e+00
7.945710659027099609e+00
8.292030334472656250e+00
8.290437698364257812e+00
8.262738227844238281e+00
8.321397781372070312e+00
8.317515373229980469e+00
8.104634284973144531e+00
8.297368049621582031e+00
8.454063415527343750e+00
7.931614875793457031e+00
8.271751403808593750e+00
8.369982719421386719e+00
8.102201461791992188e+00
8.234520912170410156e+00
8.238538742065429688e+00
8.115592956542968750e+00
8.427038192749023438e+00
8.139347076416015625e+00
8.385276794433593750e+00
8.125514030456542969e+00
7.952378749847412109e+00
8.338195800781250000e+00
7.876340389251708984e+00
8.344649314880371094e+00
8.001579284667968750e+00
8.267449378967285156e+00
8.014169692993164062e+00
8.193345069885253906e+00
8.012395858764648438e+00
8.250718116760253906e+00
8.263084411621093750e+00
8.172840118408203125e+00
8.450523376464843750e+00
8.307380676269531250e+00
8.336297035217285156e+00
8.332917213439941406e+00
7.687025547027587891e+00
8.329546928405761719e+00
8.111149787902832031e+00
8.316759109497070312e+00
8.126145362854003906e+00
8.211268424987792969e+00
7.860900402069091797e+00
8.421401023864746094e+00
8.241993904113769531e+00
8.079584121704101562e+00
8.199244499206542969e+00
8.364653587341308594e+00
8.064655303955078125e+00
8.011622428894042969e+00
8.039005279541015625e+00
8.410847663879394531e+00
8.368833541870117188e+00
8.120566368103027344e+00
7.939538478851318359e+00
8.114391326904296875e+00
8.052942276000976562e+00
8.375692367553710938e+00
8.198527336120605469e+00
8.098757743835449219e+00
8.351111412048339844e+00
8.313255310058593750e+00
8.116891860961914062e+00
8.439471244812011719e+00
8.303627014160156250e+00
8.235491752624511719e+00
8.158395767211914062e+00
8.379062652587890625e+00
8.287412643432617188e+00
7.989679336547851562e+00
8.115318298339843750e+00
8.035112380981445312e+00
7.866408348083496094e+00
8.043590545654296875e+00
8.068297386169433594e+00
8.226747512817382812e+00
8.295934677124023438e+00
8.258161544799804688e+00
8.109779357910156250e+00
8.045106887817382812e+00
8.068335533142089844e+00
8.062941551208496094e+00
8.484421730041503906e+00
8.204488754272460938e+00
8.163578033447265625e+00
8.315705299377441406e+00
8.290960311889648438e+00
8.237334251403808594e+00
8.301937103271484375e+00
8.262400627136230469e+00
8.196681976318359375e+00
8.224727630615234375e+00
8.205733299255371094e+00
8.270723342895507812e+00
8.246645927429199219e+00
8.207188606262207031e+00
8.568365097045898438e+00
8.385961532592773438e+00
8.414500236511230469e+00
8.426961898803710938e+00
8.031110763549804688e+00
8.258709907531738281e+00
8.349436759948730469e+00
8.178615570068359375e+00
8.426095008850097656e+00
8.242765426635742188e+00
8.339023590087890625e+00
8.289352416992187500e+00
8.088820457458496094e+00
8.040582656860351562e+00
8.178586006164550781e+00
8.104100227355957031e+00
8.211999893188476562e+00
8.034111022949218750e+00
8.242105484008789062e+00
8.383815765380859375e+00
8.297626495361328125e+00
8.143236160278320312e+00
8.530116081237792969e+00
8.086089134216308594e+00
8.213267326354980469e+00
8.155361175537109375e+00
8.198724746704101562e+00
8.397572517395019531e+00
8.196723937988281250e+00
8.054303169250488281e+00
8.281518936157226562e+00
8.026248931884765625e+00
8.134059906005859375e+00
8.068167686462402344e+00
8.517427444458007812e+00
8.009868621826171875e+00
8.109507560729980469e+00
8.233775138854980469e+00
8.321479797363281250e+00
8.160862922668457031e+00
8.187117576599121094e+00
8.343671798706054688e+00
8.347552299499511719e+00
8.194951057434082031e+00
8.265379905700683594e+00
8.321145057678222656e+00
7.916926383972167969e+00
8.378630638122558594e+00
8.010524749755859375e+00
8.301247596740722656e+00
8.104556083679199219e+00
7.966993331909179688e+00
8.198165893554687500e+00
8.247188568115234375e+00
8.368092536926269531e+00
8.245696067810058594e+00
8.333420753479003906e+00
8.237133979797363281e+00
7.956419944763183594e+00
8.208662033081054688e+00
7.992789268493652344e+00
8.201277732849121094e+00
8.417958259582519531e+00
8.355274200439453125e+00
8.244984626770019531e+00
8.357158660888671875e+00
8.327412605285644531e+00
8.340404510498046875e+00
7.805759429931640625e+00
8.111796379089355469e+00
8.267205238342285156e+00
8.455810546875000000e+00
8.367848396301269531e+00
8.254190444946289062e+00
8.177606582641601562e+00
8.162794113159179688e+00
8.263019561767578125e+00
8.114611625671386719e+00
8.253354072570800781e+00
8.252995491027832031e+00
8.125957489013671875e+00
7.939424991607666016e+00
8.502912521362304688e+00
8.056968688964843750e+00
7.951071262359619141e+00
8.102062225341796875e+00
8.193748474121093750e+00
8.231361389160156250e+00
8.017368316650390625e+00
8.118424415588378906e+00
8.341149330139160156e+00
8.148710250854492188e+00
8.299719810485839844e+00
8.361573219299316406e+00
8.360748291015625000e+00
8.174262046813964844e+00
8.045333862304687500e+00
8.360036849975585938e+00
8.063436508178710938e+00
8.332165718078613281e+00
7.879406452178955078e+00
8.219734191894531250e+00
8.212501525878906250e+00
8.430279731750488281e+00
8.132675170898437500e+00
7.957930564880371094e+00
8.287522315979003906e+00
8.295140266418457031e+00
8.262873649597167969e+00
8.376691818237304688e+00
8.194739341735839844e+00
8.139328002929687500e+00
8.347969055175781250e+00
8.063033103942871094e+00
8.378204345703125000e+00
7.813533782958984375e+00
8.295644760131835938e+00
8.090233802795410156e+00
8.214712142944335938e+00
8.293276786804199219e+00
8.301561355590820312e+00
8.225813865661621094e+00
8.173108100891113281e+00
7.995458126068115234e+00
8.144525527954101562e+00
8.248774528503417969e+00
8.003645896911621094e+00
8.193539619445800781e+00
8.145633697509765625e+00
8.316427230834960938e+00
8.381354331970214844e+00
8.311569213867187500e+00
8.255303382873535156e+00
8.082906723022460938e+00
8.121980667114257812e+00
8.172693252563476562e+00
8.364993095397949219e+00
8.089220046997070312e+00
8.311685562133789062e+00
8.248526573181152344e+00
8.264464378356933594e+00
8.212860107421875000e+00
8.044150352478027344e+00
8.348818778991699219e+00
8.223727226257324219e+00
8.172000885009765625e+00
8.173475265502929688e+00
8.290019035339355469e+00
8.385373115539550781e+00
8.174307823181152344e+00
7.919151782989501953e+00
8.020580291748046875e+00
8.220201492309570312e+00
8.147119522094726562e+00
8.305961608886718750e+00
7.914487838745117188e+00
8.005779266357421875e+00
8.156887054443359375e+00
8.293642997741699219e+00
8.087362289428710938e+00
8.078909873962402344e+00
8.302375793457031250e+00
8.140467643737792969e+00
8.163249969482421875e+00
8.138416290283203125e+00
8.161670684814453125e+00
8.075137138366699219e+00
8.098947525024414062e+00
8.161464691162109375e+00
8.385665893554687500e+00
8.013907432556152344e+00
8.250887870788574219e+00
8.274229049682617188e+00
8.097452163696289062e+00
8.075116157531738281e+00
8.165791511535644531e+00
8.336114883422851562e+00
7.861644268035888672e+00
8.306787490844726562e+00
8.209184646606445312e+00
8.099587440490722656e+00
8.109668731689453125e+00
7.854215621948242188e+00
8.265156745910644531e+00
8.232530593872070312e+00
8.106685638427734375e+00
8.397237777709960938e+00
8.092466354370117188e+00
8.019205093383789062e+00
8.263704299926757812e+00
8.289895057678222656e+00
8.295686721801757812e+00
8.570235252380371094e+00
8.290386199951171875e+00
8.484033584594726562e+00
8.201565742492675781e+00
8.109745025634765625e+00
8.239228248596191406e+00
8.243991851806640625e+00
8.248987197875976562e+00
8.136024475097656250e+00
8.146260261535644531e+00
8.116246223449707031e+00
8.263944625854492188e+00
8.362800598144531250e+00
8.241799354553222656e+00
8.352712631225585938e+00
8.078927040100097656e+00
8.063845634460449219e+00
8.137116432189941406e+00
8.246590614318847656e+00
8.318455696105957031e+00
8.162704467773437500e+00
8.093771934509277344e+00
8.141406059265136719e+00
8.031819343566894531e+00
7.816145420074462891e+00
8.247467041015625000e+00
8.423986434936523438e+00
8.229848861694335938e+00
8.232701301574707031e+00
8.293296813964843750e+00
8.236310005187988281e+00
8.297629356384277344e+00
8.043958663940429688e+00
8.511782646179199219e+00
8.248969078063964844e+00
8.267019271850585938e+00
8.374055862426757812e+00
8.145697593688964844e+00
8.066124916076660156e+00
8.340526580810546875e+00
8.189270019531250000e+00
8.382324218750000000e+00
8.049062728881835938e+00
8.188822746276855469e+00
8.420891761779785156e+00
8.174813270568847656e+00
8.342974662780761719e+00
8.212355613708496094e+00
8.177504539489746094e+00
8.018499374389648438e+00
8.205892562866210938e+00
8.198892593383789062e+00
8.228549003601074219e+00
8.355501174926757812e+00
8.288632392883300781e+00
8.263029098510742188e+00
8.342445373535156250e+00
7.981928348541259766e+00
8.177765846252441406e+00
8.403861999511718750e+00
8.328420639038085938e+00
8.186979293823242188e+00
8.186217308044433594e+00
8.165525436401367188e+00
8.152359962463378906e+00
8.353551864624023438e+00
8.145695686340332031e+00
8.334939002990722656e+00
8.303665161132812500e+00
7.962508678436279297e+00
8.394304275512695312e+00
8.187363624572753906e+00
8.221201896667480469e+00
8.261861801147460938e+00
8.090085983276367188e+00
8.289751052856445312e+00
8.259653091430664062e+00
8.300176620483398438e+00
8.119211196899414062e+00
8.211567878723144531e+00
8.054410934448242188e+00
8.174448013305664062e+00
8.298396110534667969e+00
8.163582801818847656e+00
7.728559017181396484e+00
8.345707893371582031e+00
8.402929306030273438e+00
8.147468566894531250e+00
8.169522285461425781e+00
8.296191215515136719e+00
8.307769775390625000e+00
8.280029296875000000e+00
7.994897842407226562e+00
8.363254547119140625e+00
8.346527099609375000e+00
8.295150756835937500e+00
8.225324630737304688e+00
8.189059257507324219e+00
7.789833068847656250e+00
8.048305511474609375e+00
8.159593582153320312e+00
8.188721656799316406e+00
8.282946586608886719e+00
8.379284858703613281e+00
8.213641166687011719e+00
8.304883003234863281e+00
8.192635536193847656e+00
8.368042945861816406e+00
8.121609687805175781e+00
7.983302116394042969e+00
8.130673408508300781e+00
8.278217315673828125e+00
8.125829696655273438e+00
8.353560447692871094e+00
8.338518142700195312e+00
8.294612884521484375e+00
8.446340560913085938e+00
7.931689262390136719e+00
8.374688148498535156e+00
8.279396057128906250e+00
8.298623085021972656e+00
8.168997764587402344e+00
8.128545761108398438e+00
8.240409851074218750e+00
7.994163990020751953e+00
8.296722412109375000e+00
8.351042747497558594e+00
8.278992652893066406e+00
8.123911857604980469e+00
8.283480644226074219e+00
8.297582626342773438e+00
8.057302474975585938e+00
8.048838615417480469e+00
8.400608062744140625e+00
8.045839309692382812e+00
8.113780021667480469e+00
8.268938064575195312e+00
8.270672798156738281e+00
8.125688552856445312e+00
8.170340538024902344e+00
7.916137695312500000e+00
8.228913307189941406e+00
8.104282379150390625e+00
7.958216190338134766e+00
7.886454105377197266e+00
8.287151336669921875e+00
7.964924335479736328e+00
8.084809303283691406e+00
8.070458412170410156e+00
8.094528198242187500e+00
8.349437713623046875e+00
8.097668647766113281e+00
8.053730010986328125e+00
8.154164314270019531e+00
8.278227806091308594e+00
8.066498756408691406e+00
8.388874053955078125e+00
8.217281341552734375e+00
8.228477478027343750e+00
8.153487205505371094e+00
8.289397239685058594e+00
8.204970359802246094e+00
7.967483043670654297e+00
7.992582321166992188e+00
8.223957061767578125e+00
8.322585105895996094e+00
8.234948158264160156e+00
8.042184829711914062e+00
8.044620513916015625e+00
8.286812782287597656e+00
8.021203994750976562e+00
8.242839813232421875e+00
8.098883628845214844e+00
8.345733642578125000e+00
7.695871353149414062e+00
8.180305480957031250e+00
8.086756706237792969e+00
8.329813003540039062e+00
7.871136665344238281e+00
7.937102794647216797e+00
8.290805816650390625e+00
8.217328071594238281e+00
7.802237510681152344e+00
8.400185585021972656e+00
8.339766502380371094e+00
8.113062858581542969e+00
8.404105186462402344e+00
8.294711112976074219e+00
8.436472892761230469e+00
8.157539367675781250e+00
8.217792510986328125e+00
8.271100044250488281e+00
8.285799026489257812e+00
8.067633628845214844e+00
8.037652969360351562e+00
8.336062431335449219e+00
8.186876296997070312e+00
8.256541252136230469e+00
8.218228340148925781e+00
8.271244049072265625e+00
8.334586143493652344e+00
8.322124481201171875e+00
8.252168655395507812e+00
8.138272285461425781e+00
8.154117584228515625e+00
8.201988220214843750e+00
8.251327514648437500e+00
8.356895446777343750e+00
8.238011360168457031e+00
8.145206451416015625e+00
8.268543243408203125e+00
8.134546279907226562e+00
8.250918388366699219e+00
8.387443542480468750e+00
8.096239089965820312e+00
8.249719619750976562e+00
8.212945938110351562e+00
8.311499595642089844e+00
8.045331001281738281e+00
7.956212520599365234e+00
8.362994194030761719e+00
8.224080085754394531e+00
8.209568977355957031e+00
8.090960502624511719e+00
8.279998779296875000e+00
8.078357696533203125e+00
8.227582931518554688e+00
8.226238250732421875e+00
8.464358329772949219e+00
8.106498718261718750e+00
8.228344917297363281e+00
8.437220573425292969e+00
8.293329238891601562e+00
8.206001281738281250e+00
8.311438560485839844e+00
8.121559143066406250e+00
8.003028869628906250e+00
8.242210388183593750e+00
8.254994392395019531e+00
8.202011108398437500e+00
8.197315216064453125e+00
8.189200401306152344e+00
8.102869987487792969e+00
8.033791542053222656e+00
8.161848068237304688e+00
7.827527523040771484e+00
8.065662384033203125e+00
8.259731292724609375e+00
8.192987442016601562e+00
8.053999900817871094e+00
8.221329689025878906e+00
8.306481361389160156e+00
8.302678108215332031e+00
8.154967308044433594e+00
8.357711791992187500e+00
8.083390235900878906e+00
8.537552833557128906e+00
8.350617408752441406e+00
8.117109298706054688e+00
8.204677581787109375e+00
8.240097999572753906e+00
8.285159111022949219e+00
8.252914428710937500e+00
8.218561172485351562e+00
8.114284515380859375e+00
8.230921745300292969e+00
8.363281250000000000e+00
8.371920585632324219e+00
8.273397445678710938e+00
8.257455825805664062e+00
8.190643310546875000e+00
8.228413581848144531e+00
8.003786087036132812e+00
7.951291561126708984e+00
8.262830734252929688e+00
7.992428779602050781e+00
8.277551651000976562e+00
8.035763740539550781e+00
8.259602546691894531e+00
8.164191246032714844e+00
8.337344169616699219e+00
8.235998153686523438e+00
8.289487838745117188e+00
8.338466644287109375e+00
8.291675567626953125e+00
8.127750396728515625e+00
8.281648635864257812e+00
8.300978660583496094e+00
8.494915008544921875e+00
8.124155998229980469e+00
8.154686927795410156e+00
8.289165496826171875e+00
8.043233871459960938e+00
8.308565139770507812e+00
7.920879364013671875e+00
8.381698608398437500e+00
8.137060165405273438e+00
8.267957687377929688e+00
7.910571098327636719e+00
8.152527809143066406e+00
8.295283317565917969e+00
8.176569938659667969e+00
8.208967208862304688e+00
8.309963226318359375e+00
8.017416954040527344e+00
8.207117080688476562e+00
8.181235313415527344e+00
8.168960571289062500e+00
8.084184646606445312e+00
8.370829582214355469e+00
7.983319759368896484e+00
8.382987022399902344e+00
8.105417251586914062e+00
8.232738494873046875e+00
8.030479431152343750e+00
8.037228584289550781e+00
8.266558647155761719e+00
8.228090286254882812e+00
8.417469978332519531e+00
8.292906761169433594e+00
8.259219169616699219e+00
8.372334480285644531e+00
8.162528991699218750e+00
8.211146354675292969e+00
8.284726142883300781e+00
8.309907913208007812e+00
8.093843460083007812e+00
8.094505310058593750e+00
8.318073272705078125e+00
8.241683959960937500e+00
7.958574295043945312e+00
8.230206489562988281e+00
8.343980789184570312e+00
8.054442405700683594e+00
8.282036781311035156e+00
8.061088562011718750e+00
8.332575798034667969e+00
8.510672569274902344e+00
8.027707099914550781e+00
8.109566688537597656e+00
8.196754455566406250e+00
8.086155891418457031e+00
8.017036437988281250e+00
7.779388427734375000e+00
8.216049194335937500e+00
8.128724098205566406e+00
8.223400115966796875e+00
8.128969192504882812e+00
8.197311401367187500e+00
8.275745391845703125e+00
8.136777877807617188e+00
8.181092262268066406e+00
8.276670455932617188e+00
7.925392627716064453e+00
8.132863044738769531e+00
8.125705718994140625e+00
8.215034484863281250e+00
8.164090156555175781e+00
7.815367221832275391e+00
8.231291770935058594e+00
8.121209144592285156e+00
8.153532981872558594e+00
8.150571823120117188e+00
8.294722557067871094e+00
8.150381088256835938e+00
8.162023544311523438e+00
8.315749168395996094e+00
8.304345130920410156e+00
7.973046302795410156e+00
8.283424377441406250e+00
7.924797058105468750e+00
8.298913955688476562e+00
8.141621589660644531e+00
7.968728065490722656e+00
8.068781852722167969e+00
8.234088897705078125e+00
7.934230804443359375e+00
7.962027549743652344e+00
8.022530555725097656e+00
8.093968391418457031e+00
8.008646011352539062e+00
8.452200889587402344e+00
8.067034721374511719e+00
8.192056655883789062e+00
8.232724189758300781e+00
8.216824531555175781e+00
8.098285675048828125e+00
8.113332748413085938e+00
8.009083747863769531e+00
8.188709259033203125e+00
8.225605964660644531e+00
8.375247955322265625e+00
8.046070098876953125e+00
8.319337844848632812e+00
8.246562004089355469e+00
8.090842247009277344e+00
8.217879295349121094e+00
8.456571578979492188e+00
8.181905746459960938e+00
8.171915054321289062e+00
8.074047088623046875e+00
8.046626091003417969e+00
8.204739570617675781e+00
8.254975318908691406e+00
8.142733573913574219e+00
7.951235294342041016e+00
8.308497428894042969e+00
8.239667892456054688e+00
8.081780433654785156e+00
8.466760635375976562e+00
8.246468544006347656e+00
8.213656425476074219e+00
8.215181350708007812e+00
8.217352867126464844e+00
8.199931144714355469e+00
8.436202049255371094e+00
8.316316604614257812e+00
8.351618766784667969e+00
7.885989189147949219e+00
8.135648727416992188e+00
8.222735404968261719e+00
7.806294918060302734e+00
8.257914543151855469e+00
8.161937713623046875e+00
8.341922760009765625e+00
8.395690917968750000e+00
8.177929878234863281e+00
8.322688102722167969e+00
8.199419021606445312e+00
8.341376304626464844e+00
8.086246490478515625e+00
8.284200668334960938e+00
8.203220367431640625e+00
8.084095954895019531e+00
8.194180488586425781e+00
8.189495086669921875e+00
8.205285072326660156e+00
7.950284004211425781e+00
8.267499923706054688e+00
8.180816650390625000e+00
8.229419708251953125e+00
8.244426727294921875e+00
8.374835014343261719e+00
8.166469573974609375e+00
7.862558841705322266e+00
8.263114929199218750e+00
8.138382911682128906e+00
8.279123306274414062e+00
8.276852607727050781e+00
8.131304740905761719e+00
8.348001480102539062e+00
8.316931724548339844e+00
8.145610809326171875e+00
8.126196861267089844e+00
8.164299011230468750e+00
8.114748954772949219e+00
8.071620941162109375e+00
8.385581016540527344e+00
7.845882415771484375e+00
8.274603843688964844e+00
8.111674308776855469e+00
7.936718940734863281e+00
7.878035068511962891e+00
8.272514343261718750e+00
8.150321960449218750e+00
7.830423355102539062e+00
8.254198074340820312e+00
8.175339698791503906e+00
8.126175880432128906e+00
8.195500373840332031e+00
8.356956481933593750e+00
8.497170448303222656e+00
8.163594245910644531e+00
8.318007469177246094e+00
8.099205017089843750e+00
7.971941471099853516e+00
8.139751434326171875e+00
8.199161529541015625e+00
8.240206718444824219e+00
8.247385025024414062e+00
7.778198242187500000e+00
8.279278755187988281e+00
7.950641632080078125e+00
8.004676818847656250e+00
8.319590568542480469e+00
8.074060440063476562e+00
8.090846061706542969e+00
8.232034683227539062e+00
8.324649810791015625e+00
8.222777366638183594e+00
8.391211509704589844e+00
8.358325958251953125e+00
8.116643905639648438e+00
8.405364036560058594e+00
8.190069198608398438e+00
8.281661987304687500e+00
8.123696327209472656e+00
8.016045570373535156e+00
8.096892356872558594e+00
7.999598026275634766e+00
8.316305160522460938e+00
8.263338088989257812e+00
8.314283370971679688e+00
8.240516662597656250e+00
8.231485366821289062e+00
7.847110748291015625e+00
7.938974380493164062e+00
8.212306976318359375e+00
8.182035446166992188e+00
8.271018028259277344e+00
7.933409690856933594e+00
8.059167861938476562e+00
8.264090538024902344e+00
8.150648117065429688e+00
8.286878585815429688e+00
8.058842658996582031e+00
8.129155158996582031e+00
8.097206115722656250e+00
8.011523246765136719e+00
8.077537536621093750e+00
8.233859062194824219e+00
8.215386390686035156e+00
8.244976043701171875e+00
8.400949478149414062e+00
7.992102622985839844e+00
8.394136428833007812e+00
7.843635082244873047e+00
8.125682830810546875e+00
8.155990600585937500e+00
8.155444145202636719e+00
8.229648590087890625e+00
8.236300468444824219e+00
8.336067199707031250e+00
8.214951515197753906e+00
8.042958259582519531e+00
8.233394622802734375e+00
8.182741165161132812e+00
8.307385444641113281e+00
8.204064369201660156e+00
7.887838840484619141e+00
8.272102355957031250e+00
8.299622535705566406e+00
8.156732559204101562e+00
8.287110328674316406e+00
8.311424255371093750e+00
7.885100841522216797e+00
8.285974502563476562e+00
8.325777053833007812e+00
8.144129753112792969e+00
8.150733947753906250e+00
8.067461967468261719e+00
8.275587081909179688e+00
8.178728103637695312e+00
8.042553901672363281e+00
8.286283493041992188e+00
8.162136077880859375e+00
8.204639434814453125e+00
8.264082908630371094e+00
8.268317222595214844e+00
8.236506462097167969e+00
8.228674888610839844e+00
8.614784240722656250e+00
8.118533134460449219e+00
8.183205604553222656e+00
8.191087722778320312e+00
7.975524425506591797e+00
8.244499206542968750e+00
8.097874641418457031e+00
7.850214958190917969e+00
8.059575080871582031e+00
8.344185829162597656e+00
8.361403465270996094e+00
8.116929054260253906e+00
8.099810600280761719e+00
8.160930633544921875e+00
8.087669372558593750e+00
8.032345771789550781e+00
8.298542022705078125e+00
8.000853538513183594e+00
8.116328239440917969e+00
8.421233177185058594e+00
8.143813133239746094e+00
8.218029022216796875e+00
8.386240959167480469e+00
8.244310379028320312e+00
8.168127059936523438e+00
8.215915679931640625e+00
8.205967903137207031e+00
8.028223991394042969e+00
8.292266845703125000e+00
8.013990402221679688e+00
8.396549224853515625e+00
8.166707992553710938e+00
8.267818450927734375e+00
8.485517501831054688e+00
7.964793682098388672e+00
8.257683753967285156e+00
8.266044616699218750e+00
8.295088768005371094e+00
8.121195793151855469e+00
8.357260704040527344e+00
8.223354339599609375e+00
8.357196807861328125e+00
8.266532897949218750e+00
7.989275455474853516e+00
8.169903755187988281e+00
8.279347419738769531e+00
8.286288261413574219e+00
7.699122905731201172e+00
8.410173416137695312e+00
8.041688919067382812e+00
8.207802772521972656e+00
8.081755638122558594e+00
8.272464752197265625e+00
8.286024093627929688e+00
8.124801635742187500e+00
8.058733940124511719e+00
8.155005455017089844e+00
8.150426864624023438e+00
8.300912857055664062e+00
8.129049301147460938e+00
8.460433959960937500e+00
8.222101211547851562e+00
8.152670860290527344e+00
8.282295227050781250e+00
8.270768165588378906e+00
8.334928512573242188e+00
8.323353767395019531e+00
8.026070594787597656e+00
8.175059318542480469e+00
8.018155097961425781e+00
8.327569961547851562e+00
8.053145408630371094e+00
8.001978874206542969e+00
8.452476501464843750e+00
7.888085365295410156e+00
8.292176246643066406e+00
8.113281250000000000e+00
8.024547576904296875e+00
8.095720291137695312e+00
8.367305755615234375e+00
8.112583160400390625e+00
8.459562301635742188e+00
8.150830268859863281e+00
8.321295738220214844e+00
8.245893478393554688e+00
8.099219322204589844e+00
8.213226318359375000e+00
8.143406867980957031e+00
8.147185325622558594e+00
8.315979957580566406e+00
8.208344459533691406e+00
7.994050025939941406e+00
7.761868000030517578e+00
8.322157859802246094e+00
8.213099479675292969e+00
8.338006019592285156e+00
8.171021461486816406e+00
7.967313766479492188e+00
7.940023422241210938e+00
8.112271308898925781e+00
8.286928176879882812e+00
8.367671966552734375e+00
8.046362876892089844e+00
8.340184211730957031e+00
8.182208061218261719e+00
8.191538810729980469e+00
8.081375122070312500e+00
8.108113288879394531e+00
8.176424980163574219e+00
8.372027397155761719e+00
8.134528160095214844e+00
8.421800613403320312e+00
8.343299865722656250e+00
8.175588607788085938e+00
8.389847755432128906e+00
8.350690841674804688e+00
8.065404891967773438e+00
8.431517601013183594e+00
8.151968002319335938e+00
8.136980056762695312e+00
8.412869453430175781e+00
8.315363883972167969e+00
8.111241340637207031e+00
8.005271911621093750e+00
8.255760192871093750e+00
8.336932182312011719e+00
8.199707031250000000e+00
8.273973464965820312e+00
8.014996528625488281e+00
8.215894699096679688e+00
8.182333946228027344e+00
8.256981849670410156e+00
8.304462432861328125e+00
8.068716049194335938e+00
8.155669212341308594e+00
8.235637664794921875e+00
8.250489234924316406e+00
8.199528694152832031e+00
8.136929512023925781e+00
8.197669029235839844e+00
8.262670516967773438e+00
8.118179321289062500e+00
8.312001228332519531e+00
8.081582069396972656e+00
8.242924690246582031e+00
8.249925613403320312e+00
8.219161987304687500e+00
8.165165901184082031e+00
8.344717979431152344e+00
8.217669486999511719e+00
8.221205711364746094e+00
8.035892486572265625e+00
8.150523185729980469e+00
8.331455230712890625e+00
8.014940261840820312e+00
7.994698047637939453e+00
8.087494850158691406e+00
8.413816452026367188e+00
8.250960350036621094e+00
8.253531455993652344e+00
8.240856170654296875e+00
7.922980308532714844e+00
8.100849151611328125e+00
8.201844215393066406e+00
8.246756553649902344e+00
7.937316894531250000e+00
8.018997192382812500e+00
8.230064392089843750e+00
8.603274345397949219e+00
7.938764572143554688e+00
8.284907341003417969e+00
8.076581001281738281e+00
8.480476379394531250e+00
8.281620979309082031e+00
8.130147933959960938e+00
8.248845100402832031e+00
8.107491493225097656e+00
8.122963905334472656e+00
8.249485015869140625e+00
8.303194046020507812e+00
8.120114326477050781e+00
8.199025154113769531e+00
8.131519317626953125e+00
8.276496887207031250e+00
8.191636085510253906e+00
8.324704170227050781e+00
8.304622650146484375e+00
8.348628044128417969e+00
8.269324302673339844e+00
8.251730918884277344e+00
8.245552062988281250e+00
8.088673591613769531e+00
8.402751922607421875e+00
8.080358505249023438e+00
7.984034061431884766e+00
8.207424163818359375e+00
8.108300209045410156e+00
8.055327415466308594e+00
8.254087448120117188e+00
8.049271583557128906e+00
8.057549476623535156e+00
8.366425514221191406e+00
8.203682899475097656e+00
8.551191329956054688e+00
8.227452278137207031e+00
8.202074050903320312e+00
7.945281505584716797e+00
8.110344886779785156e+00
8.093553543090820312e+00
7.854524612426757812e+00
8.145562171936035156e+00
8.413008689880371094e+00
8.344507217407226562e+00
8.435102462768554688e+00
7.863523006439208984e+00
8.243101119995117188e+00
8.357770919799804688e+00
8.281368255615234375e+00
7.978753089904785156e+00
8.322380065917968750e+00
8.133123397827148438e+00
8.088553428649902344e+00
8.127437591552734375e+00
8.494956970214843750e+00
8.068553924560546875e+00
8.256402015686035156e+00
8.341954231262207031e+00
8.058200836181640625e+00
8.493531227111816406e+00
8.129749298095703125e+00
7.938706874847412109e+00
8.167211532592773438e+00
8.228847503662109375e+00
8.304392814636230469e+00
8.267363548278808594e+00
8.323417663574218750e+00
8.167366981506347656e+00
7.971365928649902344e+00
8.026712417602539062e+00
8.236166954040527344e+00
8.175839424133300781e+00
7.834115028381347656e+00
8.125518798828125000e+00
8.033514022827148438e+00
8.181470870971679688e+00
7.704085826873779297e+00
8.204049110412597656e+00
8.363745689392089844e+00
8.212158203125000000e+00
8.046966552734375000e+00
8.182518005371093750e+00
8.209228515625000000e+00
8.160226821899414062e+00
8.311467170715332031e+00
8.387228012084960938e+00
7.956477642059326172e+00
8.345624923706054688e+00
8.331912040710449219e+00
7.965294361114501953e+00
8.130787849426269531e+00
7.908061981201171875e+00
8.267118453979492188e+00
8.099469184875488281e+00
8.187067031860351562e+00
8.145928382873535156e+00
8.459597587585449219e+00
8.202926635742187500e+00
8.305312156677246094e+00
8.384832382202148438e+00
8.326500892639160156e+00
8.103506088256835938e+00
8.229895591735839844e+00
8.145574569702148438e+00
8.021075248718261719e+00
8.155549049377441406e+00
8.372038841247558594e+00
7.994490623474121094e+00
8.100023269653320312e+00
8.339703559875488281e+00
8.192038536071777344e+00
7.899021625518798828e+00
8.316970825195312500e+00
8.198940277099609375e+00
8.430020332336425781e+00
8.416749000549316406e+00
8.238674163818359375e+00
8.005511283874511719e+00
8.368906974792480469e+00
8.163036346435546875e+00
8.014328002929687500e+00
8.184991836547851562e+00
8.447760581970214844e+00
7.810587406158447266e+00
8.281980514526367188e+00
8.261395454406738281e+00
8.194500923156738281e+00
8.315104484558105469e+00
8.256678581237792969e+00
8.043284416198730469e+00
8.105082511901855469e+00
8.136980056762695312e+00
8.276440620422363281e+00
8.122653007507324219e+00
8.101191520690917969e+00
8.293434143066406250e+00
8.173586845397949219e+00
8.183885574340820312e+00
8.149024963378906250e+00
8.117190361022949219e+00
8.330826759338378906e+00
8.292248725891113281e+00
7.996503829956054688e+00
8.357373237609863281e+00
8.135305404663085938e+00
7.904533386230468750e+00
8.132761001586914062e+00
8.149083137512207031e+00
8.262028694152832031e+00
8.011538505554199219e+00
8.314351081848144531e+00
8.140813827514648438e+00
8.031531333923339844e+00
8.195323944091796875e+00
8.060611724853515625e+00
7.923403739929199219e+00
8.199914932250976562e+00
8.177226066589355469e+00
7.658139705657958984e+00
8.045269012451171875e+00
8.249483108520507812e+00
8.140310287475585938e+00
8.327192306518554688e+00
8.092598915100097656e+00
8.197693824768066406e+00
8.037011146545410156e+00
8.178845405578613281e+00
7.993731975555419922e+00
8.170537948608398438e+00
8.312129020690917969e+00
7.961360454559326172e+00
8.222853660583496094e+00
8.148042678833007812e+00
8.118081092834472656e+00
8.236925125122070312e+00
8.153641700744628906e+00
8.148231506347656250e+00
8.169587135314941406e+00
8.346589088439941406e+00
8.054347991943359375e+00
8.273606300354003906e+00
8.239986419677734375e+00
8.136370658874511719e+00
8.324140548706054688e+00
7.893643856048583984e+00
8.143719673156738281e+00
8.217826843261718750e+00
8.281419754028320312e+00
8.126196861267089844e+00
8.314398765563964844e+00
8.326630592346191406e+00
8.166395187377929688e+00
8.132002830505371094e+00
8.256956100463867188e+00
8.242051124572753906e+00
7.915868759155273438e+00
8.416379928588867188e+00
8.053069114685058594e+00
8.181010246276855469e+00
8.113384246826171875e+00
8.174903869628906250e+00
8.315970420837402344e+00
8.271245956420898438e+00
8.113537788391113281e+00
8.274361610412597656e+00
8.137060165405273438e+00
8.188863754272460938e+00
7.991342544555664062e+00
8.174238204956054688e+00
8.120578765869140625e+00
8.326247215270996094e+00
8.116024017333984375e+00
8.084280967712402344e+00
8.252938270568847656e+00
8.168146133422851562e+00
8.366861343383789062e+00
8.273056983947753906e+00
8.023283958435058594e+00
8.215645790100097656e+00
8.119495391845703125e+00
8.391384124755859375e+00
8.142674446105957031e+00
7.962243556976318359e+00
8.346589088439941406e+00
8.305296897888183594e+00
8.242897033691406250e+00
8.260121345520019531e+00
8.130937576293945312e+00
8.100509643554687500e+00
8.217252731323242188e+00
8.185527801513671875e+00
8.249937057495117188e+00
8.236140251159667969e+00
8.380207061767578125e+00
8.293498992919921875e+00
8.246382713317871094e+00
8.358001708984375000e+00
8.144000053405761719e+00
8.190179824829101562e+00
8.305955886840820312e+00
8.284477233886718750e+00
8.087858200073242188e+00
8.288691520690917969e+00
7.896415233612060547e+00
8.282975196838378906e+00
7.996821403503417969e+00
8.245785713195800781e+00
8.233744621276855469e+00
8.257472038269042969e+00
8.263401031494140625e+00
8.178748130798339844e+00
8.312588691711425781e+00
8.128951072692871094e+00
8.200159072875976562e+00
8.334215164184570312e+00
7.544608116149902344e+00
8.188486099243164062e+00
8.360463142395019531e+00
8.274231910705566406e+00
8.244991302490234375e+00
8.220639228820800781e+00
8.265176773071289062e+00
8.116520881652832031e+00
7.980403423309326172e+00
8.305675506591796875e+00
8.144435882568359375e+00
8.265246391296386719e+00
8.012402534484863281e+00
8.223223686218261719e+00
8.379637718200683594e+00
8.119897842407226562e+00
8.235196113586425781e+00
8.102396965026855469e+00
8.142732620239257812e+00
8.217651367187500000e+00
7.845769882202148438e+00
8.287875175476074219e+00
8.291647911071777344e+00
8.063492774963378906e+00
8.096087455749511719e+00
8.171372413635253906e+00
7.993385791778564453e+00
8.230673789978027344e+00
8.043297767639160156e+00
8.160909652709960938e+00
8.398488998413085938e+00
8.147396087646484375e+00
8.491871833801269531e+00
8.101680755615234375e+00
8.139465332031250000e+00
8.264348030090332031e+00
8.222373962402343750e+00
8.017936706542968750e+00
8.220003128051757812e+00
8.192785263061523438e+00
8.182475090026855469e+00
8.148135185241699219e+00
7.841354846954345703e+00
8.111470222473144531e+00
8.494512557983398438e+00
8.285461425781250000e+00
7.849110603332519531e+00
7.990419864654541016e+00
7.841511726379394531e+00
8.250414848327636719e+00
8.277802467346191406e+00
8.002099037170410156e+00
8.147366523742675781e+00
8.064993858337402344e+00
8.063216209411621094e+00
8.028052330017089844e+00
7.890669822692871094e+00
8.045526504516601562e+00
8.171587944030761719e+00
8.169554710388183594e+00
8.338381767272949219e+00
8.029339790344238281e+00
8.170520782470703125e+00
8.097105979919433594e+00
8.351387977600097656e+00
7.863053321838378906e+00
8.363308906555175781e+00
8.052182197570800781e+00
8.315544128417968750e+00
8.289885520935058594e+00
7.999404907226562500e+00
8.186239242553710938e+00
8.023245811462402344e+00
8.073290824890136719e+00
8.367578506469726562e+00
8.144015312194824219e+00
8.226983070373535156e+00
8.128560066223144531e+00
8.173856735229492188e+00
8.114224433898925781e+00
8.023796081542968750e+00
8.081780433654785156e+00
8.185256004333496094e+00
8.296901702880859375e+00
8.112093925476074219e+00
8.072697639465332031e+00
8.272570610046386719e+00
8.206647872924804688e+00
8.281957626342773438e+00
8.226473808288574219e+00
8.327785491943359375e+00
8.170841217041015625e+00
8.238072395324707031e+00
8.248102188110351562e+00
8.220714569091796875e+00
8.228158950805664062e+00
8.219119071960449219e+00
8.229319572448730469e+00
8.242084503173828125e+00
8.131004333496093750e+00
7.869943618774414062e+00
8.291331291198730469e+00
8.151569366455078125e+00
8.184284210205078125e+00
7.987831592559814453e+00
8.271162986755371094e+00
7.901929378509521484e+00
8.263739585876464844e+00
8.137016296386718750e+00
8.456708908081054688e+00
8.009119033813476562e+00
8.229804992675781250e+00
8.135319709777832031e+00
8.008749008178710938e+00
8.225526809692382812e+00
7.992415904998779297e+00
8.091226577758789062e+00
8.362321853637695312e+00
8.160560607910156250e+00
8.052496910095214844e+00
8.238760948181152344e+00
8.108447074890136719e+00
7.997395038604736328e+00
8.219171524047851562e+00
8.224625587463378906e+00
8.165971755981445312e+00
7.880698680877685547e+00
8.235137939453125000e+00
8.040637016296386719e+00
8.206040382385253906e+00
8.346796989440917969e+00
7.960682868957519531e+00
7.761744499206542969e+00
8.133239746093750000e+00
8.189372062683105469e+00
8.160305976867675781e+00
7.584899902343750000e+00
8.426115989685058594e+00
8.253302574157714844e+00
8.081614494323730469e+00
8.115167617797851562e+00
8.138159751892089844e+00
7.981666088104248047e+00
8.004725456237792969e+00
8.240008354187011719e+00
8.283936500549316406e+00
8.118706703186035156e+00
7.935115337371826172e+00
8.266372680664062500e+00
8.221515655517578125e+00
8.291046142578125000e+00
8.212235450744628906e+00
8.174977302551269531e+00
8.084660530090332031e+00
8.295881271362304688e+00
8.047365188598632812e+00
8.367663383483886719e+00
8.136685371398925781e+00
8.292842864990234375e+00
8.058786392211914062e+00
8.147682189941406250e+00
8.360879898071289062e+00
8.040128707885742188e+00
7.812831878662109375e+00
8.295369148254394531e+00
8.195321083068847656e+00
8.274002075195312500e+00
8.389176368713378906e+00
7.890925884246826172e+00
8.521034240722656250e+00
8.346532821655273438e+00
8.053784370422363281e+00
8.112765312194824219e+00
8.180027961730957031e+00
8.235746383666992188e+00
8.049507141113281250e+00
8.238848686218261719e+00
8.140852928161621094e+00
7.985411167144775391e+00
8.155716896057128906e+00
8.170806884765625000e+00
8.053048133850097656e+00
7.995325088500976562e+00
8.033604621887207031e+00
8.148801803588867188e+00
8.226004600524902344e+00
8.208968162536621094e+00
7.978519439697265625e+00
8.108370780944824219e+00
7.958385467529296875e+00
8.161832809448242188e+00
8.191657066345214844e+00
8.032155036926269531e+00
8.237369537353515625e+00
8.247129440307617188e+00
8.106123924255371094e+00
8.352758407592773438e+00
8.345547676086425781e+00
8.199172019958496094e+00
8.013415336608886719e+00
8.221920013427734375e+00
8.285802841186523438e+00
8.215757369995117188e+00
8.049315452575683594e+00
8.231058120727539062e+00
7.891901969909667969e+00
8.124265670776367188e+00
8.143479347229003906e+00
8.139428138732910156e+00
7.927859306335449219e+00
8.210826873779296875e+00
7.852156639099121094e+00
8.036265373229980469e+00
8.007823944091796875e+00
8.349079132080078125e+00
8.183506011962890625e+00
8.202039718627929688e+00
8.359728813171386719e+00
8.003181457519531250e+00
8.039952278137207031e+00
8.012980461120605469e+00
8.001421928405761719e+00
8.224707603454589844e+00
7.992504119873046875e+00
8.094590187072753906e+00
7.803522586822509766e+00
8.255069732666015625e+00
8.159471511840820312e+00
8.204087257385253906e+00
8.140014648437500000e+00
8.137493133544921875e+00
8.327637672424316406e+00
7.952261924743652344e+00
8.349349021911621094e+00
7.899822235107421875e+00
7.777537822723388672e+00
8.260617256164550781e+00
8.266585350036621094e+00
8.160025596618652344e+00
8.212320327758789062e+00
8.367827415466308594e+00
8.422142028808593750e+00
8.193133354187011719e+00
8.402318000793457031e+00
8.162094116210937500e+00
8.278578758239746094e+00
8.086875915527343750e+00
8.063711166381835938e+00
8.238311767578125000e+00
8.303297996520996094e+00
8.126373291015625000e+00
8.053577423095703125e+00
7.902968406677246094e+00
8.033266067504882812e+00
8.309219360351562500e+00
8.164353370666503906e+00
8.274612426757812500e+00
8.141417503356933594e+00
8.153918266296386719e+00
8.136146545410156250e+00
8.319741249084472656e+00
7.960456371307373047e+00
8.176812171936035156e+00
8.140008926391601562e+00
8.172935485839843750e+00
8.316839218139648438e+00
7.981629371643066406e+00
8.220434188842773438e+00
8.231181144714355469e+00
8.386523246765136719e+00
8.058351516723632812e+00
8.131254196166992188e+00
8.273708343505859375e+00
8.361143112182617188e+00
8.081068038940429688e+00
8.339180946350097656e+00
8.174756050109863281e+00
8.369211196899414062e+00
8.280312538146972656e+00
8.306997299194335938e+00
8.170975685119628906e+00
8.160364151000976562e+00
7.985099315643310547e+00
8.119629859924316406e+00
8.296008110046386719e+00
8.084718704223632812e+00
8.093311309814453125e+00
8.159804344177246094e+00
8.214156150817871094e+00
8.271018028259277344e+00
8.044515609741210938e+00
8.179018020629882812e+00
8.126427650451660156e+00
8.134334564208984375e+00
8.267950057983398438e+00
7.915602684020996094e+00
8.094483375549316406e+00
8.080708503723144531e+00
8.240127563476562500e+00
8.174521446228027344e+00
8.036055564880371094e+00
8.443069458007812500e+00
8.265626907348632812e+00
8.478483200073242188e+00
8.578505516052246094e+00
8.040457725524902344e+00
8.153162002563476562e+00
8.159605026245117188e+00
8.261763572692871094e+00
7.913281917572021484e+00
7.932152748107910156e+00
8.265071868896484375e+00
8.205902099609375000e+00
8.086266517639160156e+00
8.126120567321777344e+00
8.374406814575195312e+00
8.172833442687988281e+00
8.188128471374511719e+00
8.133556365966796875e+00
8.232049942016601562e+00
8.342980384826660156e+00
8.166954040527343750e+00
8.229913711547851562e+00
8.208353042602539062e+00
7.953021049499511719e+00
8.058395385742187500e+00
7.884999752044677734e+00
8.398297309875488281e+00
8.301239013671875000e+00
8.229240417480468750e+00
8.139354705810546875e+00
7.970457077026367188e+00
7.982162952423095703e+00
8.176445007324218750e+00
8.177351951599121094e+00
8.351708412170410156e+00
8.353673934936523438e+00
8.090579986572265625e+00
8.304298400878906250e+00
8.008732795715332031e+00
8.274451255798339844e+00
7.956166267395019531e+00
8.189753532409667969e+00
8.047358512878417969e+00
8.118034362792968750e+00
7.944472312927246094e+00
8.219861984252929688e+00
8.400238037109375000e+00
8.160302162170410156e+00
8.221562385559082031e+00
8.331314086914062500e+00
8.218159675598144531e+00
8.200054168701171875e+00
8.155756950378417969e+00
8.222479820251464844e+00
8.352333068847656250e+00
8.282347679138183594e+00
7.982568740844726562e+00
8.241295814514160156e+00
8.295762062072753906e+00
8.273931503295898438e+00
8.120776176452636719e+00
8.120322227478027344e+00
8.132480621337890625e+00
8.185900688171386719e+00
7.912076950073242188e+00
8.158394813537597656e+00
8.402165412902832031e+00
8.226210594177246094e+00
8.235138893127441406e+00
8.044054985046386719e+00
8.360227584838867188e+00
8.407197952270507812e+00
8.271802902221679688e+00
8.379877090454101562e+00
8.279112815856933594e+00
8.509701728820800781e+00
8.230959892272949219e+00
8.198405265808105469e+00
8.155944824218750000e+00
8.098945617675781250e+00
8.155985832214355469e+00
7.864892959594726562e+00
8.302387237548828125e+00
8.600251197814941406e+00
8.362093925476074219e+00
8.214693069458007812e+00
8.155378341674804688e+00
8.127765655517578125e+00
8.064262390136718750e+00
8.286156654357910156e+00
8.188225746154785156e+00
8.321586608886718750e+00
8.256708145141601562e+00
8.237965583801269531e+00
8.063518524169921875e+00
8.087806701660156250e+00
8.370746612548828125e+00
7.935444355010986328e+00
8.280076980590820312e+00
8.074179649353027344e+00
8.135403633117675781e+00
8.119594573974609375e+00
8.292197227478027344e+00
8.207812309265136719e+00
8.356514930725097656e+00
7.987686157226562500e+00
8.161118507385253906e+00
8.231074333190917969e+00
7.821043491363525391e+00
8.183864593505859375e+00
8.283528327941894531e+00
8.267777442932128906e+00
8.120446205139160156e+00
8.091424942016601562e+00
7.904071331024169922e+00
7.908739089965820312e+00
8.005381584167480469e+00
8.231516838073730469e+00
8.340045928955078125e+00
8.377151489257812500e+00
8.346823692321777344e+00
8.107229232788085938e+00
7.913154602050781250e+00
8.425871849060058594e+00
8.187419891357421875e+00
8.372177124023437500e+00
8.341829299926757812e+00
8.282702445983886719e+00
8.376070022583007812e+00
8.207053184509277344e+00
8.082200050354003906e+00
8.062485694885253906e+00
8.337230682373046875e+00
7.663652420043945312e+00
8.209835052490234375e+00
7.893606662750244141e+00
8.091073036193847656e+00
8.050860404968261719e+00
8.231696128845214844e+00
8.356212615966796875e+00
8.111609458923339844e+00
8.077111244201660156e+00
7.912216663360595703e+00
8.370564460754394531e+00
8.154756546020507812e+00
8.157446861267089844e+00
7.747529506683349609e+00
8.174598693847656250e+00
8.075138092041015625e+00
8.289600372314453125e+00
8.394757270812988281e+00
8.186597824096679688e+00
7.952041149139404297e+00
8.002931594848632812e+00
8.244221687316894531e+00
8.128620147705078125e+00
8.186965942382812500e+00
7.952828884124755859e+00
8.203106880187988281e+00
8.364394187927246094e+00
8.278089523315429688e+00
8.143487930297851562e+00
8.192689895629882812e+00
8.377816200256347656e+00
7.748081207275390625e+00
8.046046257019042969e+00
8.283133506774902344e+00
8.226847648620605469e+00
8.382631301879882812e+00
8.184192657470703125e+00
8.076008796691894531e+00
8.094500541687011719e+00
8.378119468688964844e+00
8.451352119445800781e+00
8.114063262939453125e+00
8.073202133178710938e+00
8.116043090820312500e+00
8.093456268310546875e+00
8.114576339721679688e+00
8.162997245788574219e+00
7.837222576141357422e+00
8.080304145812988281e+00
8.286464691162109375e+00
8.052918434143066406e+00
8.217154502868652344e+00
8.070616722106933594e+00
8.196525573730468750e+00
7.884963512420654297e+00
8.056862831115722656e+00
8.154223442077636719e+00
8.293761253356933594e+00
8.192049026489257812e+00
8.132606506347656250e+00
8.289286613464355469e+00
8.490122795104980469e+00
7.964682579040527344e+00
8.237960815429687500e+00
8.456391334533691406e+00
8.296552658081054688e+00
8.060278892517089844e+00
8.304705619812011719e+00
8.078402519226074219e+00
7.987179756164550781e+00
8.421401977539062500e+00
7.915533542633056641e+00
8.161519050598144531e+00
7.822070121765136719e+00
8.194220542907714844e+00
8.190437316894531250e+00
8.337479591369628906e+00
8.275884628295898438e+00
8.137848854064941406e+00
8.223760604858398438e+00
8.095603942871093750e+00
8.185653686523437500e+00
8.041749954223632812e+00
8.210353851318359375e+00
8.187389373779296875e+00
7.938380718231201172e+00
8.169295310974121094e+00
8.203504562377929688e+00
7.942931175231933594e+00
8.147329330444335938e+00
8.206823348999023438e+00
8.222191810607910156e+00
8.088745117187500000e+00
8.349199295043945312e+00
7.933239936828613281e+00
8.018333435058593750e+00
8.089154243469238281e+00
8.306621551513671875e+00
7.783232688903808594e+00
8.082382202148437500e+00
8.117218017578125000e+00
8.206002235412597656e+00
8.044854164123535156e+00
8.191626548767089844e+00
8.182971954345703125e+00
8.185880661010742188e+00
8.148963928222656250e+00
7.925001621246337891e+00
7.956434249877929688e+00
7.880280017852783203e+00
8.183032035827636719e+00
8.040182113647460938e+00
8.299475669860839844e+00
8.108387947082519531e+00
8.248101234436035156e+00
8.286092758178710938e+00
8.241489410400390625e+00
8.087772369384765625e+00
8.177053451538085938e+00
8.438287734985351562e+00
8.375795364379882812e+00
8.193499565124511719e+00
8.217097282409667969e+00
8.140309333801269531e+00
8.080822944641113281e+00
7.976148128509521484e+00
8.230867385864257812e+00
8.157044410705566406e+00
8.149225234985351562e+00
8.194000244140625000e+00
8.255110740661621094e+00
8.341589927673339844e+00
8.104779243469238281e+00
7.971828937530517578e+00
8.144407272338867188e+00
8.245655059814453125e+00
7.951977729797363281e+00
8.191253662109375000e+00
7.906208992004394531e+00
8.252648353576660156e+00
8.341244697570800781e+00
8.161060333251953125e+00
8.014548301696777344e+00
8.355470657348632812e+00
8.146786689758300781e+00
8.311861991882324219e+00
8.271803855895996094e+00
8.099668502807617188e+00
8.358072280883789062e+00
8.300296783447265625e+00
8.262993812561035156e+00
8.220849037170410156e+00
8.312954902648925781e+00
8.073966026306152344e+00
8.072409629821777344e+00
8.122109413146972656e+00
8.035745620727539062e+00
7.992267131805419922e+00
8.226660728454589844e+00
8.208348274230957031e+00
8.162838935852050781e+00
8.053674697875976562e+00
8.159564971923828125e+00
8.186308860778808594e+00
8.236757278442382812e+00
8.390411376953125000e+00
8.295792579650878906e+00
8.018959999084472656e+00
8.134673118591308594e+00
8.016899108886718750e+00
8.269592285156250000e+00
8.266378402709960938e+00
7.827190876007080078e+00
8.135675430297851562e+00
8.050130844116210938e+00
8.163449287414550781e+00
7.657924652099609375e+00
8.181460380554199219e+00
8.017301559448242188e+00
8.135895729064941406e+00
8.271842956542968750e+00
8.166282653808593750e+00
8.015719413757324219e+00
8.013599395751953125e+00
7.828330993652343750e+00
7.991576194763183594e+00
8.002861022949218750e+00
8.232695579528808594e+00
8.214852333068847656e+00
8.134851455688476562e+00
8.224771499633789062e+00
8.255848884582519531e+00
8.192296981811523438e+00
8.277969360351562500e+00
8.421839714050292969e+00
8.075036048889160156e+00
8.224909782409667969e+00
8.117070198059082031e+00
8.303971290588378906e+00
7.959530830383300781e+00
8.035052299499511719e+00
8.193977355957031250e+00
8.188981056213378906e+00
8.309215545654296875e+00
8.316413879394531250e+00
7.885821819305419922e+00
8.236343383789062500e+00
8.067796707153320312e+00
8.315450668334960938e+00
7.673273563385009766e+00
8.333517074584960938e+00
8.025492668151855469e+00
8.325075149536132812e+00
8.093159675598144531e+00
8.100612640380859375e+00
8.336321830749511719e+00
8.295257568359375000e+00
8.201718330383300781e+00
8.269404411315917969e+00
8.127464294433593750e+00
8.188583374023437500e+00
8.104782104492187500e+00
7.934929847717285156e+00
7.973614692687988281e+00
8.317364692687988281e+00
8.193598747253417969e+00
8.130970001220703125e+00
8.164673805236816406e+00
8.093636512756347656e+00
8.175351142883300781e+00
8.087882041931152344e+00
8.006447792053222656e+00
8.184230804443359375e+00
8.179370880126953125e+00
8.236406326293945312e+00
7.980186462402343750e+00
7.788360118865966797e+00
8.204928398132324219e+00
8.086846351623535156e+00
8.202661514282226562e+00
8.186915397644042969e+00
8.296802520751953125e+00
8.097564697265625000e+00
8.370502471923828125e+00
8.136540412902832031e+00
8.287267684936523438e+00
8.148199081420898438e+00
8.288670539855957031e+00
8.221424102783203125e+00
7.983374595642089844e+00
8.164697647094726562e+00
8.263684272766113281e+00
8.121915817260742188e+00
8.133385658264160156e+00
7.960202693939208984e+00
8.099206924438476562e+00
7.997608661651611328e+00
8.260729789733886719e+00
8.378805160522460938e+00
8.026278495788574219e+00
7.951133728027343750e+00
8.103209495544433594e+00
8.473001480102539062e+00
8.228919982910156250e+00
8.000116348266601562e+00
8.298389434814453125e+00
8.000712394714355469e+00
8.301672935485839844e+00
8.272702217102050781e+00
8.393745422363281250e+00
8.227455139160156250e+00
8.179824829101562500e+00
8.112054824829101562e+00
8.288364410400390625e+00
8.407876968383789062e+00
8.123265266418457031e+00
7.942318916320800781e+00
8.217032432556152344e+00
8.053886413574218750e+00
8.404693603515625000e+00
8.403997421264648438e+00
8.315846443176269531e+00
8.194488525390625000e+00
8.391731262207031250e+00
8.073887825012207031e+00
8.206012725830078125e+00
8.153446197509765625e+00
8.211031913757324219e+00
8.126863479614257812e+00
8.218602180480957031e+00
8.119606971740722656e+00
8.056547164916992188e+00
7.983109951019287109e+00
7.895022392272949219e+00
8.469210624694824219e+00
8.141805648803710938e+00
8.092576980590820312e+00
7.799010753631591797e+00
8.150964736938476562e+00
7.982718944549560547e+00
8.079951286315917969e+00
8.088915824890136719e+00
8.326720237731933594e+00
8.217265129089355469e+00
8.079982757568359375e+00
8.084042549133300781e+00
8.285497665405273438e+00
8.048356056213378906e+00
8.116305351257324219e+00
8.286025047302246094e+00
8.088862419128417969e+00
8.200077056884765625e+00
8.037535667419433594e+00
8.181964874267578125e+00
8.350620269775390625e+00
8.222283363342285156e+00
7.979631423950195312e+00
7.929045677185058594e+00
8.044406890869140625e+00
8.132752418518066406e+00
8.175769805908203125e+00
7.865275382995605469e+00
8.041220664978027344e+00
8.243876457214355469e+00
8.163376808166503906e+00
8.046516418457031250e+00
8.148669242858886719e+00
8.226375579833984375e+00
8.341424942016601562e+00
8.176512718200683594e+00
7.940790653228759766e+00
7.982504367828369141e+00
7.925515651702880859e+00
8.197028160095214844e+00
8.048066139221191406e+00
8.135535240173339844e+00
8.255069732666015625e+00
8.044241905212402344e+00
8.263367652893066406e+00
8.240530014038085938e+00
8.094252586364746094e+00
8.222924232482910156e+00
8.237235069274902344e+00
8.016694068908691406e+00
8.172605514526367188e+00
7.880416393280029297e+00
8.362097740173339844e+00
8.238094329833984375e+00
8.134130477905273438e+00
8.233033180236816406e+00
8.148337364196777344e+00
7.928168773651123047e+00
8.157466888427734375e+00
8.254470825195312500e+00
8.056379318237304688e+00
8.371354103088378906e+00
8.375478744506835938e+00
8.183916091918945312e+00
8.323820114135742188e+00
8.266634941101074219e+00
8.194011688232421875e+00
8.150968551635742188e+00
8.026191711425781250e+00
8.168942451477050781e+00
8.225813865661621094e+00
8.121253013610839844e+00
8.137654304504394531e+00
8.249863624572753906e+00
8.267966270446777344e+00
8.087043762207031250e+00
8.362415313720703125e+00
8.119209289550781250e+00
8.230883598327636719e+00
8.188022613525390625e+00
8.121633529663085938e+00
8.019806861877441406e+00
8.165060997009277344e+00
7.961034774780273438e+00
7.951827049255371094e+00
8.109866142272949219e+00
7.989058971405029297e+00
7.990169048309326172e+00
8.139825820922851562e+00
8.423734664916992188e+00
8.159828186035156250e+00
8.255330085754394531e+00
8.254159927368164062e+00
8.133618354797363281e+00
7.942631244659423828e+00
8.228500366210937500e+00
8.057511329650878906e+00
8.418502807617187500e+00
8.091153144836425781e+00
8.181080818176269531e+00
8.059836387634277344e+00
8.062466621398925781e+00
8.369770050048828125e+00
8.153660774230957031e+00
8.340404510498046875e+00
8.257541656494140625e+00
8.169897079467773438e+00
8.201083183288574219e+00
8.036069869995117188e+00
8.028505325317382812e+00
8.351197242736816406e+00
8.246701240539550781e+00
8.123433113098144531e+00
7.974307060241699219e+00
8.254054069519042969e+00
8.213947296142578125e+00
8.271256446838378906e+00
7.970692157745361328e+00
8.442073822021484375e+00
8.417113304138183594e+00
8.063796997070312500e+00
8.204751014709472656e+00
8.470192909240722656e+00
8.394932746887207031e+00
7.981662750244140625e+00
8.160307884216308594e+00
8.222765922546386719e+00
8.022897720336914062e+00
8.185014724731445312e+00
8.067271232604980469e+00
8.182085037231445312e+00
8.197052001953125000e+00
8.127313613891601562e+00
8.121006965637207031e+00
8.337973594665527344e+00
8.024243354797363281e+00
8.080519676208496094e+00
8.136664390563964844e+00
8.093184471130371094e+00
8.055548667907714844e+00
8.152055740356445312e+00
8.117981910705566406e+00
7.828530311584472656e+00
8.127952575683593750e+00
7.969939708709716797e+00
8.192859649658203125e+00
8.193343162536621094e+00
8.150753974914550781e+00
8.251610755920410156e+00
7.956686496734619141e+00
8.261234283447265625e+00
8.001335144042968750e+00
8.213618278503417969e+00
8.311344146728515625e+00
8.109225273132324219e+00
8.318814277648925781e+00
8.070872306823730469e+00
8.208992958068847656e+00
8.184367179870605469e+00
8.133389472961425781e+00
8.170939445495605469e+00
8.244035720825195312e+00
8.389625549316406250e+00
8.294117927551269531e+00
8.150310516357421875e+00
8.153274536132812500e+00
8.291908264160156250e+00
8.021066665649414062e+00
8.289885520935058594e+00
8.265709877014160156e+00
8.110336303710937500e+00
8.189215660095214844e+00
8.271574020385742188e+00
8.193268775939941406e+00
8.261077880859375000e+00
8.092883110046386719e+00
7.954241752624511719e+00
8.222300529479980469e+00
8.277197837829589844e+00
8.061707496643066406e+00
8.315937042236328125e+00
8.228979110717773438e+00
8.268984794616699219e+00
8.477969169616699219e+00
8.087478637695312500e+00
8.289683341979980469e+00
8.420998573303222656e+00
8.283606529235839844e+00
8.154657363891601562e+00
8.118698120117187500e+00
8.154975891113281250e+00
8.473081588745117188e+00
8.143994331359863281e+00
8.370417594909667969e+00
8.234635353088378906e+00
8.197458267211914062e+00
8.028248786926269531e+00
8.203057289123535156e+00
8.168404579162597656e+00
8.334793090820312500e+00
8.050551414489746094e+00
8.388561248779296875e+00
8.108262062072753906e+00
8.130340576171875000e+00
8.171719551086425781e+00
8.405747413635253906e+00
7.603065013885498047e+00
8.029463768005371094e+00
7.984679222106933594e+00
7.961249351501464844e+00
8.250261306762695312e+00
8.180388450622558594e+00
8.273925781250000000e+00
7.979981422424316406e+00
8.090240478515625000e+00
8.174198150634765625e+00
8.218285560607910156e+00
8.247491836547851562e+00
8.234966278076171875e+00
8.180229187011718750e+00
8.114098548889160156e+00
8.016016006469726562e+00
8.270725250244140625e+00
8.099886894226074219e+00
8.199769973754882812e+00
8.132576942443847656e+00
8.190052986145019531e+00
8.231065750122070312e+00
8.165011405944824219e+00
8.317217826843261719e+00
8.122342109680175781e+00
8.072525978088378906e+00
8.226691246032714844e+00
8.072002410888671875e+00
7.887380123138427734e+00
8.129155158996582031e+00
7.779147148132324219e+00
8.050783157348632812e+00
8.283143043518066406e+00
8.285642623901367188e+00
8.052277565002441406e+00
7.908614158630371094e+00
8.454727172851562500e+00
8.164994239807128906e+00
8.232869148254394531e+00
8.547008514404296875e+00
8.401202201843261719e+00
8.216761589050292969e+00
8.265830039978027344e+00
8.229244232177734375e+00
8.152573585510253906e+00
8.267724037170410156e+00
8.121340751647949219e+00
8.163949966430664062e+00
8.220390319824218750e+00
7.889653682708740234e+00
8.227630615234375000e+00
8.303077697753906250e+00
8.302942276000976562e+00
8.347595214843750000e+00
8.271342277526855469e+00
8.154756546020507812e+00
8.149362564086914062e+00
8.063294410705566406e+00
8.223507881164550781e+00
8.163879394531250000e+00
8.463777542114257812e+00
7.954116344451904297e+00
8.265850067138671875e+00
8.168110847473144531e+00
8.202319145202636719e+00
8.262819290161132812e+00
8.144327163696289062e+00
8.133309364318847656e+00
8.414109230041503906e+00
8.284543991088867188e+00
8.239846229553222656e+00
8.160183906555175781e+00
8.168752670288085938e+00
8.095228195190429688e+00
7.745029926300048828e+00
8.189146995544433594e+00
8.367563247680664062e+00
8.065098762512207031e+00
8.408206939697265625e+00
8.269895553588867188e+00
8.213858604431152344e+00
8.225311279296875000e+00
8.219604492187500000e+00
8.289006233215332031e+00
8.308431625366210938e+00
8.253209114074707031e+00
8.225072860717773438e+00
7.984990596771240234e+00
7.983160018920898438e+00
8.077225685119628906e+00
8.142660140991210938e+00
7.907036781311035156e+00
8.322315216064453125e+00
7.957838535308837891e+00
8.297836303710937500e+00
8.093194007873535156e+00
8.065939903259277344e+00
8.132854461669921875e+00
7.991152286529541016e+00
8.053274154663085938e+00
8.125705718994140625e+00
8.229726791381835938e+00
8.363902091979980469e+00
8.206966400146484375e+00
8.311593055725097656e+00
8.009809494018554688e+00
8.145482063293457031e+00
8.175342559814453125e+00
8.212548255920410156e+00
8.286801338195800781e+00
7.958116054534912109e+00
8.396307945251464844e+00
8.244361877441406250e+00
8.414294242858886719e+00
8.402020454406738281e+00
8.115842819213867188e+00
8.189073562622070312e+00
8.256733894348144531e+00
8.078708648681640625e+00
8.171661376953125000e+00
8.166018486022949219e+00
8.363743782043457031e+00
8.287078857421875000e+00
8.062625885009765625e+00
8.107118606567382812e+00
8.169174194335937500e+00
8.182773590087890625e+00
8.305268287658691406e+00
8.275789260864257812e+00
8.245081901550292969e+00
8.076309204101562500e+00
8.085410118103027344e+00
8.135993003845214844e+00
8.317376136779785156e+00
8.341439247131347656e+00
7.919520378112792969e+00
8.245953559875488281e+00
8.221374511718750000e+00
8.271111488342285156e+00
8.175996780395507812e+00
8.277562141418457031e+00
8.526007652282714844e+00
8.259405136108398438e+00
8.168456077575683594e+00
8.113462448120117188e+00
8.292909622192382812e+00
8.103366851806640625e+00
7.959895133972167969e+00
8.024991989135742188e+00
8.207470893859863281e+00
7.875325202941894531e+00
7.994303703308105469e+00
8.116450309753417969e+00
8.128831863403320312e+00
8.284663200378417969e+00
8.154022216796875000e+00
8.284619331359863281e+00
7.798167228698730469e+00
8.276569366455078125e+00
8.212130546569824219e+00
7.989398002624511719e+00
7.995559692382812500e+00
8.224186897277832031e+00
8.035906791687011719e+00
8.192271232604980469e+00
8.125124931335449219e+00
8.135350227355957031e+00
8.216891288757324219e+00
8.423446655273437500e+00
8.096215248107910156e+00
8.113988876342773438e+00
8.386760711669921875e+00
7.882194042205810547e+00
7.923717498779296875e+00
8.269554138183593750e+00
8.337602615356445312e+00
8.218953132629394531e+00
8.055289268493652344e+00
8.176035881042480469e+00
8.124305725097656250e+00
8.254108428955078125e+00
8.121480941772460938e+00
8.260245323181152344e+00
8.050092697143554688e+00
8.339464187622070312e+00
8.101540565490722656e+00
8.184777259826660156e+00
8.341983795166015625e+00
7.883840560913085938e+00
8.314983367919921875e+00
8.357213973999023438e+00
8.303584098815917969e+00
8.168938636779785156e+00
8.154658317565917969e+00
8.013430595397949219e+00
8.173946380615234375e+00
8.246961593627929688e+00
8.355855941772460938e+00
8.418232917785644531e+00
8.360442161560058594e+00
8.147003173828125000e+00
8.210814476013183594e+00
8.087586402893066406e+00
8.170973777770996094e+00
8.091639518737792969e+00
8.132194519042968750e+00
8.044192314147949219e+00
8.052448272705078125e+00
8.152466773986816406e+00
8.355913162231445312e+00
8.382431030273437500e+00
8.311685562133789062e+00
8.183017730712890625e+00
8.169470787048339844e+00
7.961544036865234375e+00
7.953760147094726562e+00
8.003461837768554688e+00
8.195475578308105469e+00
8.156546592712402344e+00
8.203639984130859375e+00
8.202824592590332031e+00
8.044418334960937500e+00
8.179431915283203125e+00
8.255149841308593750e+00
8.136881828308105469e+00
8.238711357116699219e+00
8.013615608215332031e+00
8.373315811157226562e+00
8.066603660583496094e+00
7.828915119171142578e+00
8.320729255676269531e+00
7.972118377685546875e+00
8.425245285034179688e+00
8.230756759643554688e+00
8.238884925842285156e+00
8.148613929748535156e+00
8.112935066223144531e+00
8.258626937866210938e+00
8.084521293640136719e+00
8.306893348693847656e+00
8.059042930603027344e+00
8.206130027770996094e+00
8.232280731201171875e+00
8.199205398559570312e+00
8.125742912292480469e+00
8.311112403869628906e+00
8.092445373535156250e+00
8.032689094543457031e+00
8.140296936035156250e+00
7.865429878234863281e+00
8.242266654968261719e+00
8.136816024780273438e+00
8.072434425354003906e+00
8.258190155029296875e+00
7.982491016387939453e+00
8.101608276367187500e+00
8.139402389526367188e+00
8.245682716369628906e+00
8.041562080383300781e+00
8.098946571350097656e+00
8.235488891601562500e+00
8.132556915283203125e+00
8.221240997314453125e+00
8.229980468750000000e+00
8.014700889587402344e+00
8.271466255187988281e+00
7.930269718170166016e+00
8.100137710571289062e+00
8.091774940490722656e+00
7.851186752319335938e+00
8.120334625244140625e+00
8.198676109313964844e+00
8.231977462768554688e+00
8.479493141174316406e+00
8.221016883850097656e+00
8.077870368957519531e+00
8.159280776977539062e+00
8.161295890808105469e+00
8.166617393493652344e+00
8.267665863037109375e+00
8.179557800292968750e+00
8.257414817810058594e+00
8.050893783569335938e+00
7.999221324920654297e+00
8.087924957275390625e+00
8.201884269714355469e+00
8.335085868835449219e+00
8.148649215698242188e+00
7.773954391479492188e+00
8.313447952270507812e+00
8.178984642028808594e+00
8.142467498779296875e+00
7.959087848663330078e+00
8.089919090270996094e+00
8.356651306152343750e+00
8.130833625793457031e+00
8.139956474304199219e+00
7.961168766021728516e+00
8.260919570922851562e+00
8.352713584899902344e+00
8.210142135620117188e+00
8.111544609069824219e+00
8.082579612731933594e+00
8.112398147583007812e+00
8.420720100402832031e+00
8.321435928344726562e+00
8.084259986877441406e+00
8.109447479248046875e+00
8.046491622924804688e+00
8.188016891479492188e+00
8.142367362976074219e+00
8.208141326904296875e+00
8.260885238647460938e+00
8.031990051269531250e+00
8.050639152526855469e+00
7.956608295440673828e+00
8.141406059265136719e+00
8.234938621520996094e+00
8.237610816955566406e+00
8.183070182800292969e+00
8.116235733032226562e+00
8.050696372985839844e+00
8.267601013183593750e+00
8.269403457641601562e+00
8.173730850219726562e+00
8.169643402099609375e+00
8.058647155761718750e+00
8.430788993835449219e+00
7.996702671051025391e+00
8.157769203186035156e+00
8.061204910278320312e+00
8.174773216247558594e+00
8.094352722167968750e+00
7.841972351074218750e+00
7.996678352355957031e+00
8.352643966674804688e+00
8.148493766784667969e+00
8.033907890319824219e+00
8.202280044555664062e+00
8.376235008239746094e+00
8.041464805603027344e+00
8.083527565002441406e+00
8.105553627014160156e+00
8.270190238952636719e+00
7.945960998535156250e+00
8.209897041320800781e+00
8.213544845581054688e+00
7.854412078857421875e+00
8.304813385009765625e+00
8.298695564270019531e+00
8.134017944335937500e+00
8.233834266662597656e+00
8.196387290954589844e+00
7.919857501983642578e+00
8.188705444335937500e+00
8.331451416015625000e+00
8.213002204895019531e+00
8.124338150024414062e+00
8.269151687622070312e+00
8.041152954101562500e+00
8.124438285827636719e+00
8.408170700073242188e+00
8.118834495544433594e+00
8.148447990417480469e+00
8.169070243835449219e+00
8.327358245849609375e+00
8.344084739685058594e+00
8.326683998107910156e+00
7.893195152282714844e+00
8.094020843505859375e+00
8.287446022033691406e+00
8.363061904907226562e+00
7.969419956207275391e+00
8.186978340148925781e+00
7.870861053466796875e+00
8.180844306945800781e+00
8.077421188354492188e+00
8.212532043457031250e+00
7.933757781982421875e+00
8.152597427368164062e+00
8.388517379760742188e+00
8.376151084899902344e+00
8.337836265563964844e+00
8.190996170043945312e+00
8.218892097473144531e+00
8.086461067199707031e+00
8.231160163879394531e+00
8.355835914611816406e+00
8.292355537414550781e+00
8.280060768127441406e+00
8.269273757934570312e+00
8.092388153076171875e+00
7.981738567352294922e+00
8.389769554138183594e+00
8.193776130676269531e+00
8.144252777099609375e+00
8.257630348205566406e+00
8.128149032592773438e+00
8.270719528198242188e+00
8.066323280334472656e+00
8.254812240600585938e+00
8.253149986267089844e+00
8.076011657714843750e+00
8.061540603637695312e+00
8.042720794677734375e+00
8.274553298950195312e+00
8.256433486938476562e+00
8.286286354064941406e+00
8.158850669860839844e+00
7.975328445434570312e+00
8.326709747314453125e+00
8.172137260437011719e+00
8.150022506713867188e+00
8.223615646362304688e+00
8.352057456970214844e+00
8.031265258789062500e+00
8.135976791381835938e+00
8.082886695861816406e+00
8.065097808837890625e+00
8.125424385070800781e+00
8.414419174194335938e+00
8.129785537719726562e+00
8.018674850463867188e+00
8.133355140686035156e+00
7.996853828430175781e+00
8.308609008789062500e+00
8.217545509338378906e+00
7.909368038177490234e+00
8.262862205505371094e+00
8.102707862854003906e+00
8.162513732910156250e+00
8.187746047973632812e+00
7.663303375244140625e+00
8.033742904663085938e+00
8.096212387084960938e+00
8.153760910034179688e+00
8.218850135803222656e+00
8.183963775634765625e+00
8.059529304504394531e+00
8.266863822937011719e+00
8.313999176025390625e+00
8.240196228027343750e+00
7.939531326293945312e+00
8.200019836425781250e+00
8.020153999328613281e+00
8.191086769104003906e+00
8.139212608337402344e+00
8.044089317321777344e+00
8.048530578613281250e+00
8.381028175354003906e+00
8.020851135253906250e+00
8.067068099975585938e+00
8.044757843017578125e+00
8.129860877990722656e+00
8.159680366516113281e+00
8.061070442199707031e+00
8.152105331420898438e+00
8.131587982177734375e+00
8.066897392272949219e+00
8.152164459228515625e+00
8.259738922119140625e+00
8.235428810119628906e+00
8.320490837097167969e+00
8.295017242431640625e+00
8.101765632629394531e+00
8.002209663391113281e+00
8.133972167968750000e+00
8.011048316955566406e+00
8.090353012084960938e+00
8.220759391784667969e+00
8.295851707458496094e+00
8.028445243835449219e+00
8.277098655700683594e+00
8.192632675170898438e+00
8.343365669250488281e+00
8.327015876770019531e+00
8.302556991577148438e+00
8.113238334655761719e+00
8.127902984619140625e+00
7.878667354583740234e+00
8.307188034057617188e+00
8.506087303161621094e+00
8.192359924316406250e+00
8.208551406860351562e+00
8.182249069213867188e+00
8.047378540039062500e+00
8.211392402648925781e+00
8.048566818237304688e+00
8.092593193054199219e+00
8.262411117553710938e+00
8.228628158569335938e+00
8.029667854309082031e+00
7.819031715393066406e+00
8.315976142883300781e+00
8.319162368774414062e+00
7.962182521820068359e+00
8.183070182800292969e+00
8.336194038391113281e+00
8.517247200012207031e+00
8.326498985290527344e+00
8.214145660400390625e+00
8.031396865844726562e+00
8.190773963928222656e+00
8.189311981201171875e+00
8.183919906616210938e+00
7.797732830047607422e+00
8.295092582702636719e+00
8.313686370849609375e+00
8.231411933898925781e+00
8.216772079467773438e+00
7.824419021606445312e+00
8.151635169982910156e+00
8.314655303955078125e+00
8.165954589843750000e+00
8.200403213500976562e+00
8.431561470031738281e+00
8.117287635803222656e+00
8.012958526611328125e+00
8.283501625061035156e+00
8.060524940490722656e+00
8.365476608276367188e+00
8.039443016052246094e+00
7.806004524230957031e+00
7.957029342651367188e+00
8.217122077941894531e+00
8.255586624145507812e+00
8.084483146667480469e+00
8.391938209533691406e+00
8.009764671325683594e+00
8.074015617370605469e+00
8.216009140014648438e+00
8.157086372375488281e+00
8.245907783508300781e+00
8.342237472534179688e+00
7.990522861480712891e+00
8.181900024414062500e+00
8.217650413513183594e+00
8.191362380981445312e+00
8.297921180725097656e+00
8.184999465942382812e+00
8.160735130310058594e+00
8.134256362915039062e+00
7.977788925170898438e+00
8.293508529663085938e+00
8.103701591491699219e+00
8.493753433227539062e+00
8.322164535522460938e+00
8.053217887878417969e+00
8.047233581542968750e+00
8.038605690002441406e+00
8.244810104370117188e+00
8.119578361511230469e+00
8.453311920166015625e+00
8.417992591857910156e+00
8.033704757690429688e+00
8.015456199645996094e+00
8.162528038024902344e+00
8.276105880737304688e+00
8.199357986450195312e+00
8.154196739196777344e+00
8.392771720886230469e+00
8.243444442749023438e+00
8.241813659667968750e+00
7.687848567962646484e+00
8.136034965515136719e+00
8.272706031799316406e+00
8.276964187622070312e+00
8.137463569641113281e+00
8.283213615417480469e+00
8.114780426025390625e+00
8.099100112915039062e+00
8.256521224975585938e+00
8.139658927917480469e+00
8.014944076538085938e+00
8.139713287353515625e+00
8.453759193420410156e+00
8.203986167907714844e+00
8.286589622497558594e+00
8.191416740417480469e+00
8.164412498474121094e+00
8.092720031738281250e+00
8.089451789855957031e+00
8.086805343627929688e+00
8.236098289489746094e+00
8.106163024902343750e+00
8.331241607666015625e+00
8.076811790466308594e+00
8.124320983886718750e+00
8.208930969238281250e+00
8.102707862854003906e+00
8.126944541931152344e+00
8.243125915527343750e+00
8.053858757019042969e+00
8.186024665832519531e+00
7.985110282897949219e+00
8.093555450439453125e+00
8.090614318847656250e+00
8.146482467651367188e+00
8.121647834777832031e+00
8.446426391601562500e+00
8.108696937561035156e+00
8.019384384155273438e+00
8.201657295227050781e+00
8.008643150329589844e+00
8.104519844055175781e+00
8.237352371215820312e+00
8.098874092102050781e+00
7.985441207885742188e+00
8.176033020019531250e+00
8.159971237182617188e+00
8.250614166259765625e+00
8.119647026062011719e+00
8.160947799682617188e+00
7.949931144714355469e+00
8.054884910583496094e+00
8.072937965393066406e+00
8.067508697509765625e+00
8.095246315002441406e+00
8.190311431884765625e+00
8.044491767883300781e+00
8.451044082641601562e+00
8.211939811706542969e+00
8.298324584960937500e+00
8.116577148437500000e+00
8.133635520935058594e+00
7.993235588073730469e+00
8.452276229858398438e+00
8.238052368164062500e+00
8.059513092041015625e+00
8.259563446044921875e+00
8.227587699890136719e+00
8.211397171020507812e+00
7.731518745422363281e+00
8.196104049682617188e+00
8.096501350402832031e+00
8.317503929138183594e+00
8.331846237182617188e+00
8.022758483886718750e+00
7.811889171600341797e+00
7.983349800109863281e+00
7.880453586578369141e+00
8.023818016052246094e+00
8.287617683410644531e+00
8.211109161376953125e+00
8.032416343688964844e+00
8.239842414855957031e+00
8.079748153686523438e+00
8.305258750915527344e+00
8.306318283081054688e+00
8.092329978942871094e+00
7.858669757843017578e+00
8.244956970214843750e+00
8.202726364135742188e+00
7.994528293609619141e+00
8.249954223632812500e+00
8.118491172790527344e+00
8.262720108032226562e+00
8.123573303222656250e+00
8.082249641418457031e+00
8.005306243896484375e+00
8.155511856079101562e+00
8.017777442932128906e+00
8.113155364990234375e+00
8.101298332214355469e+00
8.257444381713867188e+00
7.977647304534912109e+00
8.020256996154785156e+00
8.198440551757812500e+00
8.181593894958496094e+00
8.206369400024414062e+00
8.132671356201171875e+00
8.108554840087890625e+00
8.146483421325683594e+00
7.913261890411376953e+00
8.001268386840820312e+00
8.109240531921386719e+00
8.128169059753417969e+00
8.196709632873535156e+00
8.226289749145507812e+00
8.496080398559570312e+00
8.052992820739746094e+00
8.044907569885253906e+00
8.110019683837890625e+00
8.029701232910156250e+00
8.255246162414550781e+00
8.221483230590820312e+00
7.944174766540527344e+00
7.969045162200927734e+00
8.228045463562011719e+00
8.230313301086425781e+00
8.058347702026367188e+00
8.327394485473632812e+00
8.364302635192871094e+00
8.033799171447753906e+00
8.264957427978515625e+00
8.218657493591308594e+00
7.996816158294677734e+00
8.140031814575195312e+00
8.346119880676269531e+00
8.435627937316894531e+00
8.120314598083496094e+00
8.272772789001464844e+00
8.168849945068359375e+00
7.831863403320312500e+00
8.283364295959472656e+00
8.197879791259765625e+00
8.253837585449218750e+00
8.094575881958007812e+00
8.237976074218750000e+00
8.418825149536132812e+00
8.193415641784667969e+00
7.815479278564453125e+00
8.150646209716796875e+00
8.362123489379882812e+00
8.055700302124023438e+00
8.116463661193847656e+00
8.296876907348632812e+00
7.901702404022216797e+00
8.207023620605468750e+00
8.150168418884277344e+00
8.193050384521484375e+00
8.031120300292968750e+00
8.202364921569824219e+00
8.034617424011230469e+00
8.142316818237304688e+00
7.727189540863037109e+00
8.195333480834960938e+00
8.200580596923828125e+00
7.906975746154785156e+00
8.165069580078125000e+00
7.774266242980957031e+00
8.150265693664550781e+00
7.990925788879394531e+00
8.014049530029296875e+00
8.211164474487304688e+00
7.947901725769042969e+00
8.049375534057617188e+00
8.067421913146972656e+00
7.988393783569335938e+00
8.387617111206054688e+00
8.466897010803222656e+00
8.231006622314453125e+00
7.860683917999267578e+00
7.823905467987060547e+00
8.089385986328125000e+00
8.342572212219238281e+00
7.916112899780273438e+00
8.363689422607421875e+00
7.984431743621826172e+00
7.906105995178222656e+00
8.189848899841308594e+00
8.116043090820312500e+00
7.947215080261230469e+00
8.387209892272949219e+00
8.457463264465332031e+00
8.081439971923828125e+00
8.320380210876464844e+00
8.174665451049804688e+00
8.023691177368164062e+00
8.169025421142578125e+00
8.196691513061523438e+00
8.231727600097656250e+00
8.246622085571289062e+00
8.447263717651367188e+00
8.137500762939453125e+00
8.228478431701660156e+00
8.294587135314941406e+00
8.155506134033203125e+00
7.893772125244140625e+00
8.160429954528808594e+00
8.040901184082031250e+00
8.298125267028808594e+00
8.255703926086425781e+00
8.058402061462402344e+00
8.141372680664062500e+00
8.018917083740234375e+00
8.191452980041503906e+00
8.346899986267089844e+00
8.198175430297851562e+00
8.099178314208984375e+00
8.152365684509277344e+00
8.114365577697753906e+00
8.266535758972167969e+00
8.205289840698242188e+00
8.044354438781738281e+00
8.204681396484375000e+00
8.196683883666992188e+00
8.061930656433105469e+00
8.380014419555664062e+00
8.396368026733398438e+00
8.230995178222656250e+00
8.194842338562011719e+00
8.356855392456054688e+00
8.176052093505859375e+00
8.076394081115722656e+00
8.051254272460937500e+00
8.196654319763183594e+00
8.095972061157226562e+00
8.203870773315429688e+00
8.021314620971679688e+00
8.178183555603027344e+00
8.210751533508300781e+00
8.324809074401855469e+00
8.104078292846679688e+00
8.195241928100585938e+00
8.056537628173828125e+00
8.340785026550292969e+00
8.242944717407226562e+00
7.878848552703857422e+00
8.144738197326660156e+00
8.253969192504882812e+00
8.108058929443359375e+00
8.180790901184082031e+00
8.253115653991699219e+00
8.153316497802734375e+00
8.220497131347656250e+00
7.974199295043945312e+00
7.923054218292236328e+00
8.298217773437500000e+00
8.151803970336914062e+00
8.091856956481933594e+00
8.072413444519042969e+00
8.410966873168945312e+00
8.364182472229003906e+00
8.059943199157714844e+00
7.978559017181396484e+00
8.128088951110839844e+00
8.016222953796386719e+00
8.095331192016601562e+00
8.275731086730957031e+00
8.266883850097656250e+00
8.103703498840332031e+00
8.206827163696289062e+00
8.142436981201171875e+00
8.221882820129394531e+00
8.190801620483398438e+00
8.311784744262695312e+00
8.319627761840820312e+00
8.109156608581542969e+00
8.132043838500976562e+00
8.072999000549316406e+00
8.317761421203613281e+00
8.253173828125000000e+00
8.147519111633300781e+00
8.234180450439453125e+00
8.210411071777343750e+00
8.302018165588378906e+00
7.959084033966064453e+00
7.996801853179931641e+00
7.928463935852050781e+00
8.125032424926757812e+00
8.316672325134277344e+00
8.102746009826660156e+00
8.205006599426269531e+00
8.190095901489257812e+00
8.198839187622070312e+00
8.141538619995117188e+00
8.171693801879882812e+00
8.186884880065917969e+00
8.072838783264160156e+00
7.992812156677246094e+00
8.303404808044433594e+00
8.260125160217285156e+00
8.157009124755859375e+00
7.962197303771972656e+00
8.015924453735351562e+00
7.924218654632568359e+00
8.066098213195800781e+00
8.208350181579589844e+00
8.197246551513671875e+00
8.057001113891601562e+00
8.081384658813476562e+00
8.087889671325683594e+00
8.025988578796386719e+00
7.859493255615234375e+00
7.998360157012939453e+00
8.049655914306640625e+00
7.744009017944335938e+00
8.241968154907226562e+00
8.024924278259277344e+00
8.331207275390625000e+00
7.931036949157714844e+00
8.312245368957519531e+00
8.025527000427246094e+00
8.264515876770019531e+00
8.312045097351074219e+00
8.180713653564453125e+00
8.263705253601074219e+00
8.291558265686035156e+00
8.134548187255859375e+00
7.878019332885742188e+00
8.088783264160156250e+00
8.015268325805664062e+00
8.249945640563964844e+00
7.993088245391845703e+00
8.068502426147460938e+00
8.094923019409179688e+00
7.777366161346435547e+00
8.159406661987304688e+00
8.006757736206054688e+00
8.131268501281738281e+00
8.362154006958007812e+00
7.932316303253173828e+00
8.134552001953125000e+00
8.139409065246582031e+00
8.142655372619628906e+00
8.160233497619628906e+00
8.262792587280273438e+00
8.360202789306640625e+00
8.282893180847167969e+00
8.075582504272460938e+00
8.460206985473632812e+00
8.162386894226074219e+00
8.065715789794921875e+00
8.004737854003906250e+00
8.262920379638671875e+00
7.893797874450683594e+00
8.345319747924804688e+00
8.293229103088378906e+00
8.168678283691406250e+00
8.217741012573242188e+00
8.148578643798828125e+00
8.096002578735351562e+00
8.193947792053222656e+00
8.235757827758789062e+00
8.187319755554199219e+00
8.086951255798339844e+00
8.282882690429687500e+00
7.855364799499511719e+00
8.061880111694335938e+00
8.271042823791503906e+00
8.176399230957031250e+00
8.239595413208007812e+00
8.403373718261718750e+00
8.144410133361816406e+00
8.321670532226562500e+00
8.249785423278808594e+00
7.844054222106933594e+00
8.284790992736816406e+00
8.106461524963378906e+00
8.163661956787109375e+00
8.343964576721191406e+00
8.314900398254394531e+00
8.183787345886230469e+00
8.160778999328613281e+00
7.999674320220947266e+00
8.190860748291015625e+00
8.116422653198242188e+00
8.089581489562988281e+00
8.082831382751464844e+00
8.069952964782714844e+00
8.027428627014160156e+00
8.092085838317871094e+00
8.186838150024414062e+00
8.132192611694335938e+00
7.953372001647949219e+00
8.030002593994140625e+00
7.994547843933105469e+00
8.041636466979980469e+00
8.214364051818847656e+00
8.017199516296386719e+00
8.322212219238281250e+00
7.895798206329345703e+00
8.098504066467285156e+00
7.666242599487304688e+00
8.343892097473144531e+00
7.986964225769042969e+00
8.063727378845214844e+00
8.140091896057128906e+00
8.118313789367675781e+00
8.062297821044921875e+00
8.182180404663085938e+00
8.366174697875976562e+00
8.196840286254882812e+00
8.179821968078613281e+00
8.193717956542968750e+00
8.097405433654785156e+00
8.008070945739746094e+00
7.956558227539062500e+00
8.106456756591796875e+00
8.362383842468261719e+00
8.336214065551757812e+00
8.148417472839355469e+00
8.314100265502929688e+00
8.073869705200195312e+00
8.231874465942382812e+00
8.135520935058593750e+00
8.257485389709472656e+00
8.008030891418457031e+00
8.184955596923828125e+00
8.024106979370117188e+00
8.059621810913085938e+00
8.179346084594726562e+00
8.134078025817871094e+00
8.050963401794433594e+00
8.192846298217773438e+00
8.392722129821777344e+00
8.186655998229980469e+00
8.246899604797363281e+00
8.061552047729492188e+00
8.139806747436523438e+00
8.196213722229003906e+00
8.157739639282226562e+00
8.336950302124023438e+00
8.033200263977050781e+00
8.261528968811035156e+00
7.967623710632324219e+00
8.143851280212402344e+00
8.030842781066894531e+00
8.108407020568847656e+00
8.191833496093750000e+00
8.132383346557617188e+00
8.094997406005859375e+00
8.269163131713867188e+00
8.120474815368652344e+00
8.333656311035156250e+00
8.295193672180175781e+00
8.081341743469238281e+00
7.873561382293701172e+00
8.165378570556640625e+00
7.911718368530273438e+00
8.143275260925292969e+00
7.767846584320068359e+00
8.168791770935058594e+00
7.937025547027587891e+00
8.011803627014160156e+00
8.093013763427734375e+00
8.002684593200683594e+00
8.166149139404296875e+00
8.030127525329589844e+00
8.026823997497558594e+00
8.298712730407714844e+00
8.093129158020019531e+00
8.153701782226562500e+00
8.041411399841308594e+00
8.290199279785156250e+00
8.063397407531738281e+00
8.083644866943359375e+00
8.334075927734375000e+00
8.274034500122070312e+00
8.240223884582519531e+00
8.087034225463867188e+00
8.179553031921386719e+00
8.089649200439453125e+00
8.161918640136718750e+00
8.156854629516601562e+00
8.093790054321289062e+00
7.932944297790527344e+00
8.297902107238769531e+00
8.126449584960937500e+00
8.214523315429687500e+00
8.265918731689453125e+00
8.245540618896484375e+00
8.145863533020019531e+00
8.062142372131347656e+00
8.385066032409667969e+00
8.070402145385742188e+00
8.071690559387207031e+00
8.322119712829589844e+00
8.367439270019531250e+00
8.345530509948730469e+00
7.681922912597656250e+00
8.303242683410644531e+00
8.031862258911132812e+00
8.071704864501953125e+00
8.048361778259277344e+00
8.018709182739257812e+00
8.426515579223632812e+00
8.080617904663085938e+00
8.018850326538085938e+00
8.304584503173828125e+00
8.246477127075195312e+00
8.325055122375488281e+00
8.198024749755859375e+00
8.232821464538574219e+00
8.106963157653808594e+00
7.928665161132812500e+00
8.306665420532226562e+00
8.155182838439941406e+00
7.944547653198242188e+00
8.266072273254394531e+00
8.084226608276367188e+00
8.137300491333007812e+00
8.075347900390625000e+00
8.185862541198730469e+00
8.253377914428710938e+00
8.149770736694335938e+00
8.170862197875976562e+00
7.947951793670654297e+00
8.087881088256835938e+00
8.112712860107421875e+00
7.905471801757812500e+00
8.400025367736816406e+00
8.285754203796386719e+00
8.397907257080078125e+00
8.055812835693359375e+00
8.036440849304199219e+00
8.050336837768554688e+00
8.116737365722656250e+00
8.271141052246093750e+00
8.280198097229003906e+00
8.087833404541015625e+00
8.174886703491210938e+00
8.109549522399902344e+00
8.005578994750976562e+00
8.025891304016113281e+00
8.255052566528320312e+00
8.293814659118652344e+00
8.129665374755859375e+00
8.244546890258789062e+00
8.139605522155761719e+00
8.160169601440429688e+00
8.005393028259277344e+00
8.187060356140136719e+00
8.159912109375000000e+00
8.121209144592285156e+00
7.790561676025390625e+00
8.444900512695312500e+00
8.296090126037597656e+00
8.255681037902832031e+00
8.290447235107421875e+00
8.024216651916503906e+00
8.115352630615234375e+00
8.036211013793945312e+00
8.271889686584472656e+00
8.090005874633789062e+00
8.169742584228515625e+00
8.177752494812011719e+00
8.323939323425292969e+00
8.107768058776855469e+00
7.976644992828369141e+00
8.050629615783691406e+00
8.142860412597656250e+00
8.399316787719726562e+00
7.856721878051757812e+00
8.089857101440429688e+00
8.264558792114257812e+00
8.117276191711425781e+00
8.178624153137207031e+00
8.043273925781250000e+00
8.083791732788085938e+00
7.814894676208496094e+00
8.253799438476562500e+00
7.864793300628662109e+00
8.061697959899902344e+00
8.293548583984375000e+00
8.256086349487304688e+00
8.202202796936035156e+00
7.920749664306640625e+00
8.426416397094726562e+00
7.903464794158935547e+00
8.203433036804199219e+00
8.194862365722656250e+00
8.242293357849121094e+00
8.138069152832031250e+00
8.045241355895996094e+00
8.333927154541015625e+00
8.138051033020019531e+00
8.081488609313964844e+00
8.088422775268554688e+00
8.072299957275390625e+00
8.217737197875976562e+00
8.275133132934570312e+00
8.148098945617675781e+00
8.389095306396484375e+00
8.193868637084960938e+00
8.378166198730468750e+00
8.186408042907714844e+00
8.030199050903320312e+00
8.365925788879394531e+00
8.264842987060546875e+00
8.305688858032226562e+00
8.235570907592773438e+00
7.792181491851806641e+00
8.053812980651855469e+00
8.318485260009765625e+00
8.386926651000976562e+00
8.185585021972656250e+00
8.149427413940429688e+00
8.232581138610839844e+00
8.319543838500976562e+00
8.174843788146972656e+00
8.110190391540527344e+00
8.048254966735839844e+00
8.068709373474121094e+00
8.201898574829101562e+00
8.156682014465332031e+00
8.190826416015625000e+00
8.217262268066406250e+00
7.963845252990722656e+00
8.261503219604492188e+00
8.098721504211425781e+00
8.185931205749511719e+00
8.291687011718750000e+00
7.929121971130371094e+00
8.182405471801757812e+00
8.036011695861816406e+00
8.127596855163574219e+00
7.811290264129638672e+00
8.207253456115722656e+00
8.235603332519531250e+00
8.191894531250000000e+00
8.198375701904296875e+00
8.359068870544433594e+00
7.888023853302001953e+00
8.193225860595703125e+00
8.339775085449218750e+00
7.888646125793457031e+00
8.278454780578613281e+00
8.166272163391113281e+00
8.170104980468750000e+00
8.164157867431640625e+00
8.098739624023437500e+00
8.253403663635253906e+00
8.313400268554687500e+00
8.082625389099121094e+00
8.195195198059082031e+00
8.247219085693359375e+00
8.223445892333984375e+00
8.212632179260253906e+00
8.077898979187011719e+00
8.182571411132812500e+00
8.098176002502441406e+00
7.960243225097656250e+00
8.401382446289062500e+00
8.338044166564941406e+00
8.129592895507812500e+00
8.141366958618164062e+00
7.981926441192626953e+00
8.187730789184570312e+00
8.204164505004882812e+00
7.992901325225830078e+00
8.277268409729003906e+00
7.695768356323242188e+00
8.012877464294433594e+00
8.150596618652343750e+00
8.236319541931152344e+00
8.164907455444335938e+00
8.200762748718261719e+00
8.386681556701660156e+00
8.086602210998535156e+00
8.117482185363769531e+00
8.120924949645996094e+00
8.078345298767089844e+00
8.130852699279785156e+00
8.047477722167968750e+00
8.411149024963378906e+00
8.071901321411132812e+00
8.343122482299804688e+00
8.092535018920898438e+00
7.972160339355468750e+00
8.140908241271972656e+00
8.169851303100585938e+00
7.954078197479248047e+00
8.101353645324707031e+00
8.015881538391113281e+00
8.337656974792480469e+00
8.164841651916503906e+00
7.884821414947509766e+00
8.114618301391601562e+00
8.202308654785156250e+00
7.987599372863769531e+00
8.238786697387695312e+00
8.218716621398925781e+00
8.072110176086425781e+00
8.196595191955566406e+00
8.195707321166992188e+00
8.242866516113281250e+00
8.272051811218261719e+00
7.894794940948486328e+00
8.191105842590332031e+00
8.202946662902832031e+00
8.208677291870117188e+00
7.849276542663574219e+00
8.293821334838867188e+00
8.321512222290039062e+00
8.310789108276367188e+00
8.073888778686523438e+00
8.113521575927734375e+00
8.063256263732910156e+00
8.221604347229003906e+00
8.220672607421875000e+00
8.144109725952148438e+00
8.262580871582031250e+00
8.014435768127441406e+00
8.083508491516113281e+00
8.172846794128417969e+00
8.220613479614257812e+00
8.016441345214843750e+00
8.135667800903320312e+00
8.049483299255371094e+00
8.034461021423339844e+00
8.165423393249511719e+00
8.109307289123535156e+00
7.907832145690917969e+00
8.113364219665527344e+00
8.254696846008300781e+00
7.944884300231933594e+00
7.887014389038085938e+00
8.057145118713378906e+00
7.580592632293701172e+00
8.131310462951660156e+00
8.473250389099121094e+00
8.007671356201171875e+00
8.214305877685546875e+00
8.280588150024414062e+00
8.137290954589843750e+00
8.059784889221191406e+00
8.132533073425292969e+00
8.118262290954589844e+00
7.983963489532470703e+00
7.952553749084472656e+00
8.064683914184570312e+00
8.103250503540039062e+00
8.098684310913085938e+00
8.233454704284667969e+00
8.413832664489746094e+00
8.096534729003906250e+00
8.270950317382812500e+00
8.401134490966796875e+00
8.102310180664062500e+00
8.259071350097656250e+00
8.090028762817382812e+00
8.201868057250976562e+00
8.116723060607910156e+00
8.269412040710449219e+00
8.036938667297363281e+00
8.060768127441406250e+00
8.115941047668457031e+00
8.239501953125000000e+00
7.700991153717041016e+00
8.089573860168457031e+00
8.208419799804687500e+00
8.336392402648925781e+00
7.809798240661621094e+00
8.038497924804687500e+00
8.141382217407226562e+00
8.310189247131347656e+00
8.224678993225097656e+00
8.163625717163085938e+00
8.040405273437500000e+00
8.179624557495117188e+00
8.147147178649902344e+00
8.142398834228515625e+00
8.084425926208496094e+00
8.187357902526855469e+00
7.991213321685791016e+00
8.154290199279785156e+00
8.248353958129882812e+00
7.902499198913574219e+00
8.107845306396484375e+00
8.118431091308593750e+00
8.306493759155273438e+00
8.239697456359863281e+00
8.147912025451660156e+00
8.143630027770996094e+00
8.078166007995605469e+00
8.363006591796875000e+00
8.148803710937500000e+00
7.853328227996826172e+00
8.122961044311523438e+00
8.282649993896484375e+00
8.213011741638183594e+00
8.079937934875488281e+00
8.178442955017089844e+00
8.115420341491699219e+00
8.061680793762207031e+00
8.174854278564453125e+00
7.920372009277343750e+00
8.465578079223632812e+00
8.279470443725585938e+00
8.216341972351074219e+00
8.284978866577148438e+00
8.172077178955078125e+00
8.091539382934570312e+00
8.114704132080078125e+00
8.240495681762695312e+00
8.099137306213378906e+00
7.802777767181396484e+00
8.069520950317382812e+00
8.167173385620117188e+00
8.313256263732910156e+00
8.291749954223632812e+00
8.396138191223144531e+00
8.100439071655273438e+00
8.051957130432128906e+00
7.867912292480468750e+00
8.082539558410644531e+00
8.043840408325195312e+00
8.374101638793945312e+00
7.959436416625976562e+00
7.958563804626464844e+00
8.000008583068847656e+00
8.312656402587890625e+00
7.954144477844238281e+00
8.196430206298828125e+00
7.894334793090820312e+00
8.250850677490234375e+00
8.412947654724121094e+00
8.113669395446777344e+00
8.310503005981445312e+00
8.204257965087890625e+00
8.446742057800292969e+00
7.977067947387695312e+00
8.000606536865234375e+00
8.070194244384765625e+00
8.024086952209472656e+00
7.761301040649414062e+00
7.813833713531494141e+00
8.105468750000000000e+00
8.117311477661132812e+00
8.122164726257324219e+00
8.308540344238281250e+00
8.303726196289062500e+00
8.192074775695800781e+00
8.310331344604492188e+00
7.854440212249755859e+00
8.237833976745605469e+00
7.956994533538818359e+00
8.245713233947753906e+00
8.242960929870605469e+00
8.079278945922851562e+00
8.401672363281250000e+00
8.149530410766601562e+00
8.114295959472656250e+00
7.984985351562500000e+00
8.242535591125488281e+00
8.227001190185546875e+00
8.088007926940917969e+00
8.094303131103515625e+00
8.236111640930175781e+00
8.028103828430175781e+00
8.048502922058105469e+00
8.187832832336425781e+00
8.286141395568847656e+00
8.029069900512695312e+00
8.453858375549316406e+00
8.158923149108886719e+00
8.195657730102539062e+00
7.823747634887695312e+00
7.915498733520507812e+00
8.374809265136718750e+00
8.315845489501953125e+00
8.197205543518066406e+00
8.371579170227050781e+00
8.197183609008789062e+00
8.117752075195312500e+00
8.237518310546875000e+00
8.219695091247558594e+00
8.177698135375976562e+00
8.320194244384765625e+00
8.184324264526367188e+00
7.984559059143066406e+00
8.355118751525878906e+00
8.121878623962402344e+00
8.308286666870117188e+00
8.228655815124511719e+00
8.297767639160156250e+00
8.258576393127441406e+00
8.097177505493164062e+00
8.375057220458984375e+00
7.844865798950195312e+00
8.182117462158203125e+00
8.204640388488769531e+00
8.134243011474609375e+00
8.150546073913574219e+00
8.129966735839843750e+00
8.274809837341308594e+00
8.253626823425292969e+00
8.256386756896972656e+00
8.022358894348144531e+00
8.367155075073242188e+00
8.061941146850585938e+00
8.070522308349609375e+00
8.170026779174804688e+00
8.145534515380859375e+00
8.037791252136230469e+00
8.229795455932617188e+00
8.029787063598632812e+00
8.194492340087890625e+00
8.527194023132324219e+00
7.942621707916259766e+00
8.081735610961914062e+00
8.104541778564453125e+00
8.256623268127441406e+00
8.389222145080566406e+00
8.085014343261718750e+00
7.871552467346191406e+00
8.265351295471191406e+00
8.102635383605957031e+00
7.948410987854003906e+00
8.261300086975097656e+00
8.020207405090332031e+00
7.874609470367431641e+00
8.196647644042968750e+00
8.500961303710937500e+00
8.207077980041503906e+00
8.225847244262695312e+00
7.977855682373046875e+00
8.243055343627929688e+00
8.071364402770996094e+00
8.118890762329101562e+00
8.038259506225585938e+00
8.122402191162109375e+00
8.108155250549316406e+00
8.299577713012695312e+00
7.963990688323974609e+00
8.063501358032226562e+00
8.116272926330566406e+00
8.102802276611328125e+00
8.190666198730468750e+00
8.043064117431640625e+00
8.314193725585937500e+00
8.262791633605957031e+00
8.327242851257324219e+00
8.203364372253417969e+00
8.088668823242187500e+00
8.332812309265136719e+00
8.237966537475585938e+00
8.057380676269531250e+00
8.012252807617187500e+00
8.001798629760742188e+00
8.270648002624511719e+00
8.076148033142089844e+00
8.298557281494140625e+00
8.376847267150878906e+00
8.287150382995605469e+00
7.999825477600097656e+00
8.392260551452636719e+00
8.076217651367187500e+00
8.385562896728515625e+00
7.941633701324462891e+00
8.055543899536132812e+00
8.206567764282226562e+00
8.299827575683593750e+00
7.982954025268554688e+00
8.325496673583984375e+00
8.174401283264160156e+00
8.219170570373535156e+00
7.957838535308837891e+00
8.314853668212890625e+00
7.286081314086914062e+00
8.429167747497558594e+00
8.188973426818847656e+00
8.049610137939453125e+00
7.900522708892822266e+00
8.018160820007324219e+00
8.013512611389160156e+00
8.205927848815917969e+00
7.996417045593261719e+00
8.074924468994140625e+00
8.040316581726074219e+00
8.059259414672851562e+00
8.211324691772460938e+00
8.082958221435546875e+00
7.973543643951416016e+00
8.134820938110351562e+00
8.040180206298828125e+00
8.174703598022460938e+00
8.305376052856445312e+00
8.114482879638671875e+00
8.097541809082031250e+00
8.086894035339355469e+00
8.108546257019042969e+00
8.383159637451171875e+00
8.090149879455566406e+00
8.049719810485839844e+00
8.009860038757324219e+00
8.046192169189453125e+00
7.989091873168945312e+00
8.365116119384765625e+00
7.979394435882568359e+00
8.287865638732910156e+00
8.036241531372070312e+00
8.226916313171386719e+00
7.847682952880859375e+00
8.148859977722167969e+00
8.357447624206542969e+00
8.450371742248535156e+00
8.143307685852050781e+00
8.227624893188476562e+00
7.990259170532226562e+00
8.301748275756835938e+00
8.381982803344726562e+00
8.127563476562500000e+00
8.239581108093261719e+00
8.274475097656250000e+00
8.051385879516601562e+00
8.126290321350097656e+00
7.923256874084472656e+00
8.258871078491210938e+00
8.344001770019531250e+00
7.961685657501220703e+00
8.147912025451660156e+00
8.233323097229003906e+00
8.285728454589843750e+00
8.264951705932617188e+00
8.211881637573242188e+00
8.176154136657714844e+00
8.021976470947265625e+00
8.239521026611328125e+00
7.926915168762207031e+00
8.170290946960449219e+00
8.235271453857421875e+00
7.986524105072021484e+00
8.351453781127929688e+00
8.025427818298339844e+00
7.855774402618408203e+00
8.019761085510253906e+00
8.173372268676757812e+00
8.182072639465332031e+00
8.135509490966796875e+00
8.233480453491210938e+00
7.890933513641357422e+00
8.205770492553710938e+00
7.832207679748535156e+00
8.173532485961914062e+00
8.004214286804199219e+00
8.325976371765136719e+00
8.289451599121093750e+00
8.388175964355468750e+00
8.157547950744628906e+00
8.149294853210449219e+00
8.051542282104492188e+00
7.765107154846191406e+00
7.989462375640869141e+00
8.134185791015625000e+00
8.076148033142089844e+00
8.119909286499023438e+00
8.344297409057617188e+00
8.234910964965820312e+00
8.022301673889160156e+00
8.367159843444824219e+00
8.346446990966796875e+00
8.337442398071289062e+00
8.062847137451171875e+00
7.927511692047119141e+00
8.048550605773925781e+00
8.062347412109375000e+00
8.281658172607421875e+00
8.123267173767089844e+00
8.284468650817871094e+00
8.080621719360351562e+00
8.262904167175292969e+00
8.030355453491210938e+00
8.184727668762207031e+00
8.286113739013671875e+00
8.045331954956054688e+00
8.231911659240722656e+00
8.344751358032226562e+00
8.078981399536132812e+00
8.039198875427246094e+00
8.267222404479980469e+00
7.937022686004638672e+00
7.975380897521972656e+00
8.013749122619628906e+00
7.996818542480468750e+00
8.108022689819335938e+00
8.128475189208984375e+00
8.351188659667968750e+00
8.111278533935546875e+00
8.351540565490722656e+00
8.205638885498046875e+00
8.196799278259277344e+00
8.281843185424804688e+00
8.118432998657226562e+00
8.232563972473144531e+00
7.976553916931152344e+00
8.157520294189453125e+00
7.932666301727294922e+00
8.147912979125976562e+00
8.103769302368164062e+00
8.080655097961425781e+00
8.013640403747558594e+00
8.271277427673339844e+00
8.403514862060546875e+00
8.214040756225585938e+00
8.364931106567382812e+00
8.117977142333984375e+00
8.150784492492675781e+00
8.108387947082519531e+00
8.148704528808593750e+00
8.265672683715820312e+00
7.885742187500000000e+00
8.240988731384277344e+00
8.013750076293945312e+00
8.081274032592773438e+00
8.075414657592773438e+00
8.438265800476074219e+00
8.228975296020507812e+00
7.854879379272460938e+00
7.789051532745361328e+00
8.063757896423339844e+00
8.009716987609863281e+00
8.198407173156738281e+00
8.116527557373046875e+00
8.235482215881347656e+00
7.882023334503173828e+00
8.066164970397949219e+00
8.287375450134277344e+00
8.107119560241699219e+00
8.057552337646484375e+00
8.059284210205078125e+00
8.179461479187011719e+00
8.221848487854003906e+00
8.099976539611816406e+00
8.148787498474121094e+00
8.202958106994628906e+00
8.441128730773925781e+00
8.235714912414550781e+00
8.162358283996582031e+00
8.145771980285644531e+00
8.150724411010742188e+00
8.183431625366210938e+00
8.183305740356445312e+00
8.181596755981445312e+00
8.094648361206054688e+00
8.017857551574707031e+00
8.050046920776367188e+00
8.152897834777832031e+00
8.069125175476074219e+00
7.807352542877197266e+00
8.057085037231445312e+00
8.067810058593750000e+00
8.220166206359863281e+00
8.273000717163085938e+00
8.070949554443359375e+00
8.075348854064941406e+00
7.967517852783203125e+00
8.393659591674804688e+00
8.337117195129394531e+00
8.144829750061035156e+00
8.115204811096191406e+00
8.333867073059082031e+00
8.129375457763671875e+00
8.196189880371093750e+00
8.068743705749511719e+00
8.187266349792480469e+00
8.085722923278808594e+00
8.060795783996582031e+00
8.055317878723144531e+00
8.265193939208984375e+00
8.135682106018066406e+00
8.206043243408203125e+00
8.166407585144042969e+00
8.165343284606933594e+00
8.105440139770507812e+00
7.934573650360107422e+00
8.151560783386230469e+00
8.081646919250488281e+00
8.319624900817871094e+00
8.265010833740234375e+00
8.428339958190917969e+00
7.969125747680664062e+00
8.285282135009765625e+00
8.050524711608886719e+00
8.047656059265136719e+00
8.016689300537109375e+00
8.249266624450683594e+00
8.248280525207519531e+00
8.327322006225585938e+00
7.961096286773681641e+00
8.088070869445800781e+00
8.267269134521484375e+00
8.249932289123535156e+00
8.149866104125976562e+00
8.137923240661621094e+00
8.093309402465820312e+00
8.122436523437500000e+00
8.197519302368164062e+00
8.238818168640136719e+00
8.111735343933105469e+00
8.061682701110839844e+00
8.130489349365234375e+00
8.249111175537109375e+00
8.279449462890625000e+00
7.700087070465087891e+00
7.881103992462158203e+00
8.183692932128906250e+00
8.165727615356445312e+00
8.223805427551269531e+00
8.177394866943359375e+00
8.139458656311035156e+00
8.092334747314453125e+00
8.169871330261230469e+00
8.201428413391113281e+00
8.215801239013671875e+00
8.059622764587402344e+00
8.001579284667968750e+00
8.165205001831054688e+00
8.353500366210937500e+00
7.974016666412353516e+00
8.000290870666503906e+00
8.084733963012695312e+00
7.955689430236816406e+00
8.025259017944335938e+00
7.997779846191406250e+00
8.426955223083496094e+00
8.169224739074707031e+00
8.243317604064941406e+00
8.178194046020507812e+00
8.303292274475097656e+00
8.208580970764160156e+00
8.105123519897460938e+00
8.396407127380371094e+00
8.238391876220703125e+00
8.110897064208984375e+00
8.245727539062500000e+00
8.173594474792480469e+00
8.155626296997070312e+00
8.018608093261718750e+00
8.300509452819824219e+00
8.185093879699707031e+00
8.183335304260253906e+00
8.145548820495605469e+00
8.274812698364257812e+00
8.181431770324707031e+00
8.050604820251464844e+00
8.168875694274902344e+00
8.024828910827636719e+00
7.999545574188232422e+00
8.395943641662597656e+00
8.463347434997558594e+00
8.099336624145507812e+00
8.015419006347656250e+00
8.294788360595703125e+00
8.220273971557617188e+00
8.245712280273437500e+00
8.017206192016601562e+00
8.156361579895019531e+00
7.687819480895996094e+00
7.876562118530273438e+00
8.328583717346191406e+00
8.144001007080078125e+00
8.314509391784667969e+00
8.177969932556152344e+00
8.025481224060058594e+00
7.987265110015869141e+00
8.133975028991699219e+00
8.075773239135742188e+00
7.860373497009277344e+00
7.995706081390380859e+00
8.197397232055664062e+00
8.228147506713867188e+00
8.298164367675781250e+00
8.211142539978027344e+00
8.108911514282226562e+00
8.105241775512695312e+00
7.805737018585205078e+00
8.155321121215820312e+00
8.187493324279785156e+00
7.934965133666992188e+00
8.160394668579101562e+00
8.523624420166015625e+00
8.259624481201171875e+00
7.858242511749267578e+00
8.271715164184570312e+00
8.384976387023925781e+00
8.146945953369140625e+00
8.267746925354003906e+00
8.186038970947265625e+00
8.174583435058593750e+00
8.278005599975585938e+00
7.949541568756103516e+00
7.899389266967773438e+00
8.294728279113769531e+00
8.259902000427246094e+00
8.249142646789550781e+00
8.298786163330078125e+00
7.919533252716064453e+00
8.142749786376953125e+00
8.291404724121093750e+00
8.165469169616699219e+00
8.411440849304199219e+00
8.209668159484863281e+00
8.393241882324218750e+00
8.356665611267089844e+00
8.064154624938964844e+00
7.980145454406738281e+00
8.020390510559082031e+00
7.998335361480712891e+00
8.000349998474121094e+00
8.142863273620605469e+00
8.094131469726562500e+00
8.187152862548828125e+00
8.108285903930664062e+00
7.751292228698730469e+00
8.119428634643554688e+00
8.061937332153320312e+00
7.918045520782470703e+00
8.140330314636230469e+00
8.246195793151855469e+00
8.146942138671875000e+00
7.917525291442871094e+00
8.095776557922363281e+00
8.120584487915039062e+00
8.068861961364746094e+00
7.973116874694824219e+00
8.231616020202636719e+00
8.282462120056152344e+00
8.239778518676757812e+00
8.078852653503417969e+00
8.035306930541992188e+00
8.208548545837402344e+00
8.101074218750000000e+00
8.061786651611328125e+00
7.985383510589599609e+00
8.192776679992675781e+00
8.065051078796386719e+00
8.198983192443847656e+00
8.013988494873046875e+00
8.222824096679687500e+00
8.437737464904785156e+00
8.197726249694824219e+00
8.119999885559082031e+00
8.114032745361328125e+00
8.238090515136718750e+00
8.132707595825195312e+00
8.327622413635253906e+00
8.020644187927246094e+00
8.090229034423828125e+00
7.774189949035644531e+00
7.811145305633544922e+00
8.048563957214355469e+00
8.216983795166015625e+00
7.990871906280517578e+00
8.542475700378417969e+00
8.023694038391113281e+00
8.145305633544921875e+00
8.258494377136230469e+00
8.177688598632812500e+00
7.963481426239013672e+00
8.189188957214355469e+00
8.191432952880859375e+00
8.164268493652343750e+00
8.028718948364257812e+00
7.972756385803222656e+00
8.116637229919433594e+00
8.215760231018066406e+00
8.065997123718261719e+00
8.353685379028320312e+00
8.302521705627441406e+00
8.102911949157714844e+00
8.147922515869140625e+00
7.695327281951904297e+00
8.041872024536132812e+00
8.233335494995117188e+00
8.245698928833007812e+00
8.275368690490722656e+00
8.332983016967773438e+00
8.117960929870605469e+00
8.026840209960937500e+00
8.274081230163574219e+00
8.289347648620605469e+00
7.991995811462402344e+00
8.222734451293945312e+00
8.057872772216796875e+00
8.215338706970214844e+00
8.019074440002441406e+00
8.072226524353027344e+00
8.053097724914550781e+00
8.262918472290039062e+00
8.015694618225097656e+00
8.190583229064941406e+00
8.349041938781738281e+00
7.982188701629638672e+00
8.164914131164550781e+00
8.292680740356445312e+00
7.972992420196533203e+00
8.166787147521972656e+00
8.100524902343750000e+00
8.022014617919921875e+00
8.079463005065917969e+00
8.324860572814941406e+00
8.072315216064453125e+00
8.168334960937500000e+00
8.047574996948242188e+00
8.114174842834472656e+00
8.141274452209472656e+00
8.108617782592773438e+00
7.970118999481201172e+00
8.032693862915039062e+00
8.202548980712890625e+00
8.163704872131347656e+00
7.989469528198242188e+00
8.209492683410644531e+00
8.123465538024902344e+00
8.100621223449707031e+00
8.199680328369140625e+00
8.241959571838378906e+00
8.178864479064941406e+00
8.065512657165527344e+00
8.044166564941406250e+00
7.932554721832275391e+00
8.080687522888183594e+00
7.881587028503417969e+00
8.080646514892578125e+00
8.339474678039550781e+00
8.223529815673828125e+00
8.051959037780761719e+00
7.991830348968505859e+00
8.234889984130859375e+00
8.236810684204101562e+00
8.101756095886230469e+00
8.258819580078125000e+00
8.071004867553710938e+00
8.142295837402343750e+00
8.049834251403808594e+00
8.189723014831542969e+00
8.107798576354980469e+00
8.179276466369628906e+00
8.285340309143066406e+00
8.016148567199707031e+00
8.214856147766113281e+00
8.210790634155273438e+00
8.057352066040039062e+00
8.004441261291503906e+00
8.196425437927246094e+00
8.392381668090820312e+00
8.184545516967773438e+00
7.988918304443359375e+00
7.797122001647949219e+00
8.160982131958007812e+00
7.610850811004638672e+00
7.877785682678222656e+00
8.109743118286132812e+00
8.281366348266601562e+00
8.138928413391113281e+00
8.317492485046386719e+00
7.906111240386962891e+00
8.298490524291992188e+00
8.321687698364257812e+00
7.861924171447753906e+00
8.054400444030761719e+00
8.066445350646972656e+00
8.010347366333007812e+00
7.967638492584228516e+00
8.097887039184570312e+00
8.306849479675292969e+00
8.257843017578125000e+00
8.125258445739746094e+00
8.066568374633789062e+00
8.129063606262207031e+00
8.265326499938964844e+00
8.316486358642578125e+00
8.068692207336425781e+00
8.042768478393554688e+00
8.191676139831542969e+00
8.307267189025878906e+00
8.057921409606933594e+00
8.275397300720214844e+00
8.289577484130859375e+00
8.033946037292480469e+00
8.374019622802734375e+00
8.031875610351562500e+00
7.718061447143554688e+00
8.139669418334960938e+00
8.341767311096191406e+00
8.194329261779785156e+00
8.233806610107421875e+00
7.992939949035644531e+00
8.375614166259765625e+00
8.166401863098144531e+00
8.360069274902343750e+00
8.173652648925781250e+00
8.152476310729980469e+00
8.132146835327148438e+00
8.071764945983886719e+00
8.186313629150390625e+00
8.163632392883300781e+00
8.036972045898437500e+00
8.318875312805175781e+00
8.027820587158203125e+00
8.400714874267578125e+00
8.413125991821289062e+00
8.026474952697753906e+00
8.128404617309570312e+00
8.104353904724121094e+00
8.151973724365234375e+00
8.114812850952148438e+00
8.019800186157226562e+00
8.185210227966308594e+00
8.050163269042968750e+00
8.070581436157226562e+00
8.244176864624023438e+00
8.329498291015625000e+00
8.119085311889648438e+00
8.373480796813964844e+00
8.152069091796875000e+00
8.204118728637695312e+00
8.239454269409179688e+00
8.104295730590820312e+00
8.324298858642578125e+00
8.297258377075195312e+00
7.955281257629394531e+00
8.202496528625488281e+00
8.123418807983398438e+00
8.222694396972656250e+00
8.172857284545898438e+00
8.042140960693359375e+00
8.011875152587890625e+00
8.340082168579101562e+00
8.214468955993652344e+00
8.055637359619140625e+00
8.074839591979980469e+00
8.384969711303710938e+00
8.220272064208984375e+00
8.185549736022949219e+00
8.263823509216308594e+00
8.383106231689453125e+00
8.195190429687500000e+00
8.188483238220214844e+00
8.006896018981933594e+00
8.168493270874023438e+00
8.344806671142578125e+00
7.945697784423828125e+00
8.179527282714843750e+00
8.055696487426757812e+00
8.223091125488281250e+00
7.931158065795898438e+00
8.028383255004882812e+00
7.989816188812255859e+00
8.159379005432128906e+00
7.954795837402343750e+00
8.143880844116210938e+00
8.086703300476074219e+00
8.301106452941894531e+00
7.965942382812500000e+00
8.282583236694335938e+00
8.200077056884765625e+00
8.087551116943359375e+00
8.218375205993652344e+00
8.116856575012207031e+00
7.777139186859130859e+00
8.079093933105468750e+00
7.833664417266845703e+00
8.346417427062988281e+00
8.564284324645996094e+00
8.144321441650390625e+00
8.245259284973144531e+00
8.159755706787109375e+00
8.053740501403808594e+00
7.761661052703857422e+00
8.100544929504394531e+00
7.992977142333984375e+00
8.063332557678222656e+00
7.966520309448242188e+00
8.130780220031738281e+00
8.110973358154296875e+00
8.265172958374023438e+00
8.231234550476074219e+00
8.159395217895507812e+00
7.880928993225097656e+00
8.347245216369628906e+00
8.358089447021484375e+00
8.187421798706054688e+00
8.190546989440917969e+00
8.084056854248046875e+00
8.146787643432617188e+00
8.024711608886718750e+00
8.257247924804687500e+00
7.969316482543945312e+00
8.162751197814941406e+00
8.178555488586425781e+00
7.994109153747558594e+00
8.120786666870117188e+00
8.060819625854492188e+00
8.065304756164550781e+00
8.094888687133789062e+00
8.129840850830078125e+00
8.106161117553710938e+00
8.247211456298828125e+00
7.993679523468017578e+00
7.920406818389892578e+00
8.015052795410156250e+00
8.286950111389160156e+00
8.257950782775878906e+00
8.060265541076660156e+00
7.839043140411376953e+00
8.247106552124023438e+00
8.181286811828613281e+00
8.048556327819824219e+00
8.164882659912109375e+00
8.219176292419433594e+00
8.203514099121093750e+00
8.078569412231445312e+00
8.214711189270019531e+00
8.202581405639648438e+00
8.204950332641601562e+00
8.064415931701660156e+00
8.112081527709960938e+00
7.972645282745361328e+00
8.170103073120117188e+00
8.007052421569824219e+00
7.922789573669433594e+00
8.121137619018554688e+00
8.187112808227539062e+00
8.267828941345214844e+00
8.194845199584960938e+00
8.357901573181152344e+00
8.258583068847656250e+00
8.112473487854003906e+00
7.904641151428222656e+00
7.924439907073974609e+00
8.174505233764648438e+00
8.313714981079101562e+00
8.245696067810058594e+00
8.020388603210449219e+00
8.161425590515136719e+00
8.037960052490234375e+00
8.290941238403320312e+00
8.319977760314941406e+00
8.111166954040527344e+00
8.247578620910644531e+00
8.234566688537597656e+00
8.231587409973144531e+00
8.144988059997558594e+00
8.244754791259765625e+00
8.132989883422851562e+00
8.208767890930175781e+00
7.863552093505859375e+00
7.956750869750976562e+00
8.054755210876464844e+00
8.053557395935058594e+00
8.293861389160156250e+00
8.073648452758789062e+00
7.933664798736572266e+00
8.172320365905761719e+00
8.101741790771484375e+00
7.970666885375976562e+00
8.310052871704101562e+00
8.240509033203125000e+00
8.137363433837890625e+00
8.169289588928222656e+00
8.253555297851562500e+00
7.879714012145996094e+00
8.127210617065429688e+00
8.179333686828613281e+00
8.248476028442382812e+00
8.272827148437500000e+00
8.112615585327148438e+00
8.100151062011718750e+00
7.874141216278076172e+00
8.105081558227539062e+00
8.242397308349609375e+00
8.170959472656250000e+00
8.178464889526367188e+00
8.429366111755371094e+00
7.963124275207519531e+00
8.075830459594726562e+00
8.382722854614257812e+00
8.238874435424804688e+00
8.388849258422851562e+00
8.178434371948242188e+00
8.283137321472167969e+00
8.169173240661621094e+00
8.348458290100097656e+00
8.121641159057617188e+00
8.011832237243652344e+00
8.043318748474121094e+00
8.209495544433593750e+00
8.143795013427734375e+00
8.212934494018554688e+00
8.303141593933105469e+00
7.827683925628662109e+00
7.916270256042480469e+00
7.876233100891113281e+00
7.982133865356445312e+00
8.175740242004394531e+00
8.173376083374023438e+00
8.030922889709472656e+00
7.878203868865966797e+00
8.137439727783203125e+00
8.100184440612792969e+00
8.101433753967285156e+00
8.231863975524902344e+00
7.984012603759765625e+00
8.209930419921875000e+00
8.139286994934082031e+00
8.015543937683105469e+00
8.267268180847167969e+00
8.225463867187500000e+00
8.056002616882324219e+00
8.191381454467773438e+00
8.104637145996093750e+00
8.260173797607421875e+00
7.945485591888427734e+00
8.320369720458984375e+00
8.341537475585937500e+00
8.165570259094238281e+00
8.163261413574218750e+00
8.040225028991699219e+00
8.188087463378906250e+00
8.239850997924804688e+00
7.953491687774658203e+00
8.253879547119140625e+00
8.180843353271484375e+00
7.914058208465576172e+00
7.881851673126220703e+00
8.176790237426757812e+00
8.131301879882812500e+00
8.247341156005859375e+00
8.236359596252441406e+00
8.090707778930664062e+00
7.901875495910644531e+00
8.170438766479492188e+00
8.363910675048828125e+00
8.122877120971679688e+00
8.053304672241210938e+00
8.062865257263183594e+00
7.960151672363281250e+00
7.869609355926513672e+00
8.457473754882812500e+00
8.048380851745605469e+00
8.293073654174804688e+00
8.036130905151367188e+00
7.738107681274414062e+00
7.955698013305664062e+00
7.982169151306152344e+00
8.090621948242187500e+00
8.131690979003906250e+00
8.049321174621582031e+00
8.144142150878906250e+00
8.143482208251953125e+00
8.031302452087402344e+00
8.276391029357910156e+00
8.337697982788085938e+00
7.979442119598388672e+00
8.231067657470703125e+00
7.882308006286621094e+00
7.927134990692138672e+00
8.316074371337890625e+00
8.107024192810058594e+00
8.112676620483398438e+00
8.083247184753417969e+00
8.093013763427734375e+00
8.166153907775878906e+00
8.360410690307617188e+00
8.008398056030273438e+00
7.919890880584716797e+00
8.208902359008789062e+00
7.901423454284667969e+00
7.951483726501464844e+00
8.157851219177246094e+00
7.929512500762939453e+00
8.326602935791015625e+00
8.066614151000976562e+00
8.075686454772949219e+00
7.774801254272460938e+00
7.911279678344726562e+00
7.950243949890136719e+00
7.935765266418457031e+00
8.105597496032714844e+00
8.234115600585937500e+00
8.292802810668945312e+00
8.074858665466308594e+00
8.134673118591308594e+00
8.232382774353027344e+00
8.130332946777343750e+00
7.935203075408935547e+00
8.373794555664062500e+00
8.162074089050292969e+00
8.047019004821777344e+00
8.116147994995117188e+00
8.278491973876953125e+00
7.887230873107910156e+00
8.230090141296386719e+00
8.100313186645507812e+00
8.270117759704589844e+00
8.156077384948730469e+00
8.116251945495605469e+00
8.114617347717285156e+00
8.142488479614257812e+00
7.832890033721923828e+00
7.835184574127197266e+00
8.128637313842773438e+00
7.865093708038330078e+00
8.007758140563964844e+00
8.271171569824218750e+00
7.986627101898193359e+00
8.257059097290039062e+00
8.308019638061523438e+00
8.095534324645996094e+00
8.142310142517089844e+00
7.931755542755126953e+00
8.136460304260253906e+00
7.835999488830566406e+00
8.023489952087402344e+00
7.954673767089843750e+00
8.402293205261230469e+00
8.133690834045410156e+00
8.267347335815429688e+00
7.967486381530761719e+00
8.077960014343261719e+00
8.201370239257812500e+00
7.963363647460937500e+00
8.158953666687011719e+00
8.175107002258300781e+00
8.058203697204589844e+00
8.226882934570312500e+00
7.828730583190917969e+00
8.129254341125488281e+00
8.211437225341796875e+00
8.170978546142578125e+00
8.101975440979003906e+00
8.088124275207519531e+00
8.014475822448730469e+00
8.149267196655273438e+00
7.830891609191894531e+00
8.235748291015625000e+00
8.183441162109375000e+00
7.866941928863525391e+00
8.230487823486328125e+00
8.184606552124023438e+00
8.296266555786132812e+00
8.266654968261718750e+00
8.116326332092285156e+00
8.056770324707031250e+00
7.931091785430908203e+00
8.105506896972656250e+00
8.267380714416503906e+00
8.231122016906738281e+00
8.411860466003417969e+00
8.362107276916503906e+00
8.235268592834472656e+00
8.149915695190429688e+00
8.316426277160644531e+00
8.133301734924316406e+00
7.851598262786865234e+00
8.294148445129394531e+00
8.067249298095703125e+00
8.277856826782226562e+00
8.121302604675292969e+00
8.281255722045898438e+00
8.048226356506347656e+00
8.204732894897460938e+00
8.261581420898437500e+00
8.229537963867187500e+00
8.149394989013671875e+00
8.098833084106445312e+00
8.078947067260742188e+00
8.027305603027343750e+00
7.827988147735595703e+00
8.100606918334960938e+00
8.002969741821289062e+00
8.246877670288085938e+00
8.380591392517089844e+00
8.153399467468261719e+00
8.258630752563476562e+00
7.847296237945556641e+00
8.088314056396484375e+00
8.348582267761230469e+00
8.149771690368652344e+00
8.115514755249023438e+00
8.052376747131347656e+00
8.200199127197265625e+00
7.830839157104492188e+00
8.053982734680175781e+00
8.095722198486328125e+00
8.075031280517578125e+00
7.983370780944824219e+00
7.999413490295410156e+00
8.200549125671386719e+00
8.130041122436523438e+00
8.053359985351562500e+00
8.096641540527343750e+00
8.025500297546386719e+00
8.257040977478027344e+00
8.089914321899414062e+00
8.269307136535644531e+00
8.464576721191406250e+00
7.996607780456542969e+00
8.307851791381835938e+00
7.955820560455322266e+00
8.007558822631835938e+00
8.172082901000976562e+00
8.225923538208007812e+00
8.253334999084472656e+00
8.149245262145996094e+00
8.239550590515136719e+00
8.154592514038085938e+00
8.050926208496093750e+00
8.145875930786132812e+00
8.143359184265136719e+00
8.025003433227539062e+00
8.265195846557617188e+00
7.992193222045898438e+00
8.182534217834472656e+00
7.962193489074707031e+00
8.374065399169921875e+00
8.120948791503906250e+00
8.231254577636718750e+00
8.022178649902343750e+00
8.062134742736816406e+00
8.349002838134765625e+00
8.379622459411621094e+00
7.967158794403076172e+00
8.198182106018066406e+00
8.158471107482910156e+00
8.002549171447753906e+00
8.169302940368652344e+00
8.092471122741699219e+00
7.941478252410888672e+00
8.110042572021484375e+00
8.287026405334472656e+00
8.369988441467285156e+00
8.167165756225585938e+00
7.974092483520507812e+00
8.401228904724121094e+00
8.166288375854492188e+00
8.182251930236816406e+00
8.286337852478027344e+00
8.286289215087890625e+00
8.291166305541992188e+00
8.188887596130371094e+00
8.166178703308105469e+00
8.176831245422363281e+00
8.022836685180664062e+00
8.325163841247558594e+00
8.114683151245117188e+00
7.948065280914306641e+00
8.171571731567382812e+00
8.063843727111816406e+00
8.192850112915039062e+00
7.679244995117187500e+00
8.020161628723144531e+00
8.170504570007324219e+00
8.244303703308105469e+00
8.007121086120605469e+00
8.131415367126464844e+00
8.077594757080078125e+00
8.137683868408203125e+00
8.133947372436523438e+00
7.930342674255371094e+00
8.097544670104980469e+00
7.846025466918945312e+00
8.171061515808105469e+00
7.917202472686767578e+00
8.116449356079101562e+00
8.457628250122070312e+00
8.148244857788085938e+00
8.353211402893066406e+00
8.306463241577148438e+00
8.228341102600097656e+00
7.966670036315917969e+00
8.136852264404296875e+00
7.978137016296386719e+00
7.775858879089355469e+00
8.152133941650390625e+00
8.040854454040527344e+00
8.151561737060546875e+00
8.095091819763183594e+00
8.089818954467773438e+00
8.382612228393554688e+00
8.208338737487792969e+00
8.226220130920410156e+00
7.781357288360595703e+00
8.235971450805664062e+00
8.056752204895019531e+00
8.477287292480468750e+00
8.218365669250488281e+00
7.906839847564697266e+00
8.160161018371582031e+00
8.262919425964355469e+00
8.012850761413574219e+00
8.043524742126464844e+00
8.133207321166992188e+00
7.940564155578613281e+00
8.259179115295410156e+00
8.230979919433593750e+00
8.088359832763671875e+00
7.943006992340087891e+00
8.113800048828125000e+00
8.088415145874023438e+00
8.263769149780273438e+00
8.036840438842773438e+00
8.096065521240234375e+00
8.056443214416503906e+00
7.817512989044189453e+00
8.081392288208007812e+00
8.319924354553222656e+00
8.223725318908691406e+00
8.116353988647460938e+00
8.010895729064941406e+00
8.189249038696289062e+00
8.124047279357910156e+00
8.241719245910644531e+00
7.865045547485351562e+00
7.988989353179931641e+00
8.130492210388183594e+00
8.170266151428222656e+00
8.193745613098144531e+00
8.272181510925292969e+00
7.783693790435791016e+00
8.209477424621582031e+00
8.039788246154785156e+00
8.217122077941894531e+00
8.405692100524902344e+00
8.201005935668945312e+00
8.049816131591796875e+00
8.252432823181152344e+00
8.163532257080078125e+00
8.253492355346679688e+00
8.167892456054687500e+00
8.170342445373535156e+00
8.102170944213867188e+00
8.221484184265136719e+00
8.324007987976074219e+00
8.304485321044921875e+00
8.138918876647949219e+00
8.000405311584472656e+00
7.997360229492187500e+00
7.989715099334716797e+00
7.963511943817138672e+00
8.010215759277343750e+00
8.038064002990722656e+00
7.979430198669433594e+00
8.365739822387695312e+00
8.290719032287597656e+00
8.116886138916015625e+00
8.139723777770996094e+00
8.081566810607910156e+00
8.101039886474609375e+00
8.029996871948242188e+00
8.191960334777832031e+00
8.440962791442871094e+00
8.154112815856933594e+00
8.307762145996093750e+00
8.160668373107910156e+00
8.163434982299804688e+00
7.764821052551269531e+00
8.336312294006347656e+00
7.956089973449707031e+00
8.178093910217285156e+00
7.887378215789794922e+00
8.130294799804687500e+00
8.211508750915527344e+00
8.087121963500976562e+00
7.907879352569580078e+00
8.299339294433593750e+00
8.089993476867675781e+00
8.250783920288085938e+00
8.493305206298828125e+00
8.373708724975585938e+00
8.100646018981933594e+00
7.782167911529541016e+00
8.166500091552734375e+00
7.903233051300048828e+00
8.152308464050292969e+00
8.163288116455078125e+00
8.147168159484863281e+00
7.938799858093261719e+00
8.290873527526855469e+00
7.968637466430664062e+00
8.254691123962402344e+00
8.209011077880859375e+00
8.297826766967773438e+00
8.133899688720703125e+00
8.138950347900390625e+00
8.024740219116210938e+00
8.319652557373046875e+00
8.125763893127441406e+00
8.221000671386718750e+00
8.166332244873046875e+00
8.106535911560058594e+00
8.038533210754394531e+00
8.124413490295410156e+00
8.190137863159179688e+00
8.107110977172851562e+00
8.143202781677246094e+00
8.155362129211425781e+00
8.141630172729492188e+00
8.169950485229492188e+00
8.058003425598144531e+00
8.116347312927246094e+00
8.159893989562988281e+00
8.220375061035156250e+00
8.135632514953613281e+00
7.970187187194824219e+00
8.320998191833496094e+00
7.950042724609375000e+00
7.939351081848144531e+00
8.229585647583007812e+00
8.190044403076171875e+00
8.320401191711425781e+00
8.022706031799316406e+00
8.140263557434082031e+00
8.257496833801269531e+00
8.188403129577636719e+00
8.263071060180664062e+00
8.384203910827636719e+00
7.926411151885986328e+00
8.107472419738769531e+00
8.305037498474121094e+00
8.269022941589355469e+00
8.335460662841796875e+00
8.061255455017089844e+00
8.279511451721191406e+00
7.808778285980224609e+00
8.253736495971679688e+00
8.119922637939453125e+00
8.141378402709960938e+00
8.244464874267578125e+00
8.221968650817871094e+00
8.195112228393554688e+00
8.115484237670898438e+00
8.072173118591308594e+00
8.253415107727050781e+00
7.957984924316406250e+00
8.308688163757324219e+00
8.252112388610839844e+00
8.199656486511230469e+00
8.225477218627929688e+00
8.223866462707519531e+00
8.098143577575683594e+00
8.013371467590332031e+00
8.194567680358886719e+00
8.082593917846679688e+00
8.278228759765625000e+00
8.281310081481933594e+00
8.086186408996582031e+00
8.154025077819824219e+00
8.080867767333984375e+00
8.041065216064453125e+00
8.289602279663085938e+00
8.170363426208496094e+00
8.038690567016601562e+00
8.158679962158203125e+00
8.037555694580078125e+00
8.151349067687988281e+00
8.160209655761718750e+00
8.367759704589843750e+00
8.154593467712402344e+00
8.181424140930175781e+00
8.354516983032226562e+00
8.170623779296875000e+00
8.192914962768554688e+00
8.111374855041503906e+00
8.385120391845703125e+00
7.955780506134033203e+00
8.193960189819335938e+00
7.922810554504394531e+00
8.084525108337402344e+00
8.378562927246093750e+00
7.967813491821289062e+00
7.910907745361328125e+00
8.049582481384277344e+00
8.162181854248046875e+00
8.054238319396972656e+00
7.845015525817871094e+00
8.253327369689941406e+00
7.944488048553466797e+00
8.203475952148437500e+00
8.232196807861328125e+00
8.005614280700683594e+00
7.995862960815429688e+00
8.217581748962402344e+00
8.017840385437011719e+00
8.008058547973632812e+00
8.017535209655761719e+00
8.142604827880859375e+00
8.218850135803222656e+00
7.910456180572509766e+00
8.107190132141113281e+00
8.030147552490234375e+00
8.214238166809082031e+00
7.937144279479980469e+00
8.361995697021484375e+00
8.362202644348144531e+00
8.228914260864257812e+00
8.074973106384277344e+00
8.290453910827636719e+00
7.921126842498779297e+00
7.961260318756103516e+00
8.147211074829101562e+00
8.145960807800292969e+00
7.882225990295410156e+00
8.063443183898925781e+00
8.071548461914062500e+00
8.186487197875976562e+00
8.022304534912109375e+00
8.184164047241210938e+00
8.212922096252441406e+00
8.183892250061035156e+00
8.151834487915039062e+00
8.249332427978515625e+00
7.991079807281494141e+00
8.017448425292968750e+00
7.905475139617919922e+00
8.239813804626464844e+00
8.199840545654296875e+00
8.219941139221191406e+00
8.054257392883300781e+00
8.339656829833984375e+00
8.203115463256835938e+00
7.962685585021972656e+00
8.400444984436035156e+00
7.950131893157958984e+00
8.118038177490234375e+00
8.008066177368164062e+00
8.196189880371093750e+00
8.247514724731445312e+00
8.458974838256835938e+00
8.064062118530273438e+00
8.296623229980468750e+00
8.146913528442382812e+00
8.031138420104980469e+00
8.376325607299804688e+00
8.273863792419433594e+00
7.992323875427246094e+00
8.156296730041503906e+00
8.095368385314941406e+00
8.188523292541503906e+00
8.057191848754882812e+00
8.116965293884277344e+00
8.114652633666992188e+00
8.172908782958984375e+00
7.919664382934570312e+00
7.982375621795654297e+00
8.416985511779785156e+00
8.184580802917480469e+00
8.097030639648437500e+00
8.116071701049804688e+00
8.091892242431640625e+00
8.192260742187500000e+00
7.959781646728515625e+00
7.970102787017822266e+00
8.156378746032714844e+00
8.118170738220214844e+00
8.090903282165527344e+00
8.033654212951660156e+00
8.177058219909667969e+00
8.090100288391113281e+00
7.969019412994384766e+00
8.201282501220703125e+00
8.142837524414062500e+00
7.991040229797363281e+00
7.878782749176025391e+00
8.170974731445312500e+00
8.104523658752441406e+00
8.125516891479492188e+00
8.044774055480957031e+00
8.152747154235839844e+00
8.150007247924804688e+00
8.155353546142578125e+00
8.130208969116210938e+00
7.594882965087890625e+00
8.117577552795410156e+00
8.105868339538574219e+00
8.176442146301269531e+00
7.983396530151367188e+00
8.156713485717773438e+00
8.099582672119140625e+00
7.954383373260498047e+00
8.410031318664550781e+00
8.205887794494628906e+00
8.015385627746582031e+00
8.154142379760742188e+00
8.094509124755859375e+00
8.062790870666503906e+00
8.175244331359863281e+00
8.037497520446777344e+00
7.997768878936767578e+00
7.958117485046386719e+00
8.078463554382324219e+00
8.227985382080078125e+00
7.985400199890136719e+00
7.976457595825195312e+00
8.073739051818847656e+00
8.049630165100097656e+00
8.120032310485839844e+00
8.014537811279296875e+00
8.188030242919921875e+00
8.152582168579101562e+00
8.047875404357910156e+00
8.234943389892578125e+00
8.026372909545898438e+00
7.947343826293945312e+00
8.387770652770996094e+00
8.282588005065917969e+00
8.277049064636230469e+00
8.287272453308105469e+00
7.903189659118652344e+00
7.887446880340576172e+00
8.393694877624511719e+00
8.423995971679687500e+00
8.182432174682617188e+00
8.211490631103515625e+00
7.295161247253417969e+00
8.036103248596191406e+00
8.246896743774414062e+00
8.128110885620117188e+00
8.103345870971679688e+00
8.144709587097167969e+00
8.076186180114746094e+00
8.216714859008789062e+00
7.880915164947509766e+00
8.045038223266601562e+00
8.249586105346679688e+00
8.144519805908203125e+00
8.033553123474121094e+00
8.027724266052246094e+00
8.237755775451660156e+00
7.935485363006591797e+00
8.070773124694824219e+00
8.009894371032714844e+00
8.134671211242675781e+00
8.203500747680664062e+00
8.255101203918457031e+00
8.097311019897460938e+00
8.228631973266601562e+00
8.181408882141113281e+00
8.152791023254394531e+00
8.104995727539062500e+00
7.908577442169189453e+00
8.381307601928710938e+00
8.059992790222167969e+00
8.255768775939941406e+00
8.186638832092285156e+00
8.408222198486328125e+00
8.081926345825195312e+00
8.022696495056152344e+00
8.030746459960937500e+00
8.154203414916992188e+00
8.248179435729980469e+00
8.042732238769531250e+00
8.259811401367187500e+00
8.123760223388671875e+00
8.108710289001464844e+00
8.190634727478027344e+00
8.177350997924804688e+00
7.852374076843261719e+00
7.985163688659667969e+00
8.099110603332519531e+00
7.755623340606689453e+00
8.150792121887207031e+00
8.074631690979003906e+00
8.343998908996582031e+00
8.300380706787109375e+00
8.024677276611328125e+00
8.196641921997070312e+00
8.126502990722656250e+00
8.301510810852050781e+00
8.136922836303710938e+00
8.173958778381347656e+00
8.230395317077636719e+00
8.332279205322265625e+00
8.338363647460937500e+00
7.918032646179199219e+00
8.219356536865234375e+00
8.166936874389648438e+00
8.086403846740722656e+00
7.986718654632568359e+00
8.087934494018554688e+00
8.488672256469726562e+00
8.164242744445800781e+00
7.977387905120849609e+00
8.103813171386718750e+00
8.528052330017089844e+00
8.351545333862304688e+00
8.185156822204589844e+00
8.266526222229003906e+00
7.889040470123291016e+00
8.189700126647949219e+00
8.090057373046875000e+00
8.144491195678710938e+00
8.169028282165527344e+00
7.878373146057128906e+00
8.156359672546386719e+00
7.623531818389892578e+00
8.198524475097656250e+00
7.995198726654052734e+00
7.988811016082763672e+00
8.095813751220703125e+00
8.040507316589355469e+00
8.156781196594238281e+00
7.929380893707275391e+00
8.171237945556640625e+00
8.204504013061523438e+00
8.193566322326660156e+00
7.999134540557861328e+00
8.054226875305175781e+00
7.984227657318115234e+00
8.103091239929199219e+00
8.053667068481445312e+00
8.365748405456542969e+00
8.384494781494140625e+00
8.190550804138183594e+00
8.272601127624511719e+00
8.092788696289062500e+00
8.095383644104003906e+00
7.974746704101562500e+00
7.987194061279296875e+00
8.205744743347167969e+00
7.865021705627441406e+00
8.338379859924316406e+00
7.917191982269287109e+00
8.175482749938964844e+00
8.079092979431152344e+00
8.073174476623535156e+00
8.469847679138183594e+00
8.419486045837402344e+00
8.160940170288085938e+00
8.042769432067871094e+00
8.105602264404296875e+00
8.251017570495605469e+00
8.343225479125976562e+00
7.935664176940917969e+00
8.115356445312500000e+00
8.233553886413574219e+00
8.116475105285644531e+00
8.083947181701660156e+00
7.989454746246337891e+00
8.114877700805664062e+00
8.114164352416992188e+00
7.930858135223388672e+00
8.093771934509277344e+00
8.113802909851074219e+00
8.058752059936523438e+00
8.009098052978515625e+00
8.028843879699707031e+00
8.298062324523925781e+00
8.134787559509277344e+00
8.260827064514160156e+00
8.047846794128417969e+00
8.310506820678710938e+00
8.176345825195312500e+00
7.891989707946777344e+00
8.026778221130371094e+00
8.067769050598144531e+00
8.065028190612792969e+00
7.964019298553466797e+00
8.123408317565917969e+00
7.836698055267333984e+00
7.994858264923095703e+00
7.877765655517578125e+00
8.006515502929687500e+00
8.262757301330566406e+00
8.314575195312500000e+00
8.220825195312500000e+00
8.259365081787109375e+00
7.911540031433105469e+00
8.135931968688964844e+00
8.137082099914550781e+00
7.941666126251220703e+00
8.174013137817382812e+00
8.026137351989746094e+00
8.189983367919921875e+00
8.062913894653320312e+00
7.817082405090332031e+00
8.126417160034179688e+00
8.184701919555664062e+00
8.214948654174804688e+00
8.062815666198730469e+00
7.990729808807373047e+00
8.115971565246582031e+00
8.222653388977050781e+00
8.320685386657714844e+00
8.025951385498046875e+00
8.197578430175781250e+00
8.177536010742187500e+00
8.371155738830566406e+00
8.264325141906738281e+00
8.150918006896972656e+00
7.980442047119140625e+00
8.256026268005371094e+00
8.145580291748046875e+00
8.236338615417480469e+00
8.046283721923828125e+00
8.056077957153320312e+00
7.863346099853515625e+00
8.238563537597656250e+00
7.966175079345703125e+00
8.008079528808593750e+00
8.172557830810546875e+00
8.121554374694824219e+00
8.266425132751464844e+00
7.913298606872558594e+00
8.125745773315429688e+00
8.170018196105957031e+00
8.016200065612792969e+00
8.152144432067871094e+00
8.029232025146484375e+00
8.340643882751464844e+00
8.283853530883789062e+00
8.065815925598144531e+00
8.249775886535644531e+00
8.231690406799316406e+00
8.012922286987304688e+00
8.186699867248535156e+00
8.421473503112792969e+00
8.077417373657226562e+00
8.182126998901367188e+00
8.047537803649902344e+00
8.397451400756835938e+00
8.258454322814941406e+00
8.108177185058593750e+00
8.371055603027343750e+00
8.059108734130859375e+00
7.978787899017333984e+00
8.372895240783691406e+00
7.985620975494384766e+00
8.208779335021972656e+00
8.228958129882812500e+00
8.140664100646972656e+00
8.136673927307128906e+00
8.183412551879882812e+00
8.018766403198242188e+00
8.156420707702636719e+00
8.017027854919433594e+00
8.204965591430664062e+00
8.126873970031738281e+00
7.998533248901367188e+00
8.037005424499511719e+00
8.374670982360839844e+00
8.375732421875000000e+00
8.047681808471679688e+00
7.797431468963623047e+00
8.109189987182617188e+00
8.373473167419433594e+00
8.196006774902343750e+00
8.201718330383300781e+00
7.719210147857666016e+00
8.047152519226074219e+00
8.250478744506835938e+00
8.132278442382812500e+00
7.833971977233886719e+00
7.904224395751953125e+00
7.970775604248046875e+00
8.170557975769042969e+00
8.238153457641601562e+00
7.920205593109130859e+00
7.834864616394042969e+00
8.067290306091308594e+00
8.306035041809082031e+00
8.190356254577636719e+00
8.160812377929687500e+00
8.082198143005371094e+00
8.084728240966796875e+00
7.940391063690185547e+00
8.173149108886718750e+00
8.233021736145019531e+00
8.172093391418457031e+00
7.887257099151611328e+00
7.857953548431396484e+00
7.938976287841796875e+00
8.321837425231933594e+00
8.275524139404296875e+00
8.401075363159179688e+00
8.091811180114746094e+00
8.349454879760742188e+00
8.195789337158203125e+00
8.268892288208007812e+00
7.982989788055419922e+00
8.182826995849609375e+00
8.203548431396484375e+00
8.112748146057128906e+00
7.962556838989257812e+00
8.261836051940917969e+00
8.156171798706054688e+00
8.037506103515625000e+00
7.978841781616210938e+00
8.004263877868652344e+00
8.126402854919433594e+00
8.136009216308593750e+00
8.325868606567382812e+00
8.237941741943359375e+00
8.106567382812500000e+00
8.209977149963378906e+00
8.081355094909667969e+00
7.991878986358642578e+00
8.094511032104492188e+00
8.022398948669433594e+00
8.026538848876953125e+00
7.483661651611328125e+00
8.241662025451660156e+00
8.087034225463867188e+00
8.118156433105468750e+00
8.130085945129394531e+00
8.179807662963867188e+00
8.085060119628906250e+00
8.179057121276855469e+00
8.113960266113281250e+00
8.130512237548828125e+00
8.020088195800781250e+00
8.101139068603515625e+00
8.130251884460449219e+00
8.204378128051757812e+00
8.070894241333007812e+00
8.135848045349121094e+00
8.076458930969238281e+00
8.028114318847656250e+00
8.109171867370605469e+00
8.189591407775878906e+00
8.013640403747558594e+00
7.973398208618164062e+00
8.274245262145996094e+00
8.388204574584960938e+00
8.077446937561035156e+00
8.307477951049804688e+00
7.920055866241455078e+00
7.958571434020996094e+00
8.096336364746093750e+00
8.051852226257324219e+00
8.079298973083496094e+00
8.252523422241210938e+00
7.863600730895996094e+00
8.108895301818847656e+00
8.196277618408203125e+00
8.037157058715820312e+00
8.080657958984375000e+00
8.041587829589843750e+00
8.261137008666992188e+00
8.158180236816406250e+00
8.336933135986328125e+00
8.093318939208984375e+00
8.205177307128906250e+00
8.160078048706054688e+00
8.109171867370605469e+00
7.854924678802490234e+00
8.051412582397460938e+00
8.116572380065917969e+00
8.215540885925292969e+00
8.611131668090820312e+00
8.168298721313476562e+00
8.003479957580566406e+00
8.287510871887207031e+00
8.172842025756835938e+00
8.168787002563476562e+00
8.217786788940429688e+00
8.239486694335937500e+00
7.774022102355957031e+00
8.221467018127441406e+00
8.396492958068847656e+00
7.796519756317138672e+00
7.952541351318359375e+00
8.327094078063964844e+00
8.204935073852539062e+00
8.071489334106445312e+00
7.962584972381591797e+00
8.239521026611328125e+00
8.031023979187011719e+00
8.290820121765136719e+00
8.148090362548828125e+00
8.169363975524902344e+00
8.469743728637695312e+00
7.911337375640869141e+00
8.033960342407226562e+00
7.976001262664794922e+00
8.167057037353515625e+00
8.070648193359375000e+00
8.099716186523437500e+00
8.219370841979980469e+00
7.805368423461914062e+00
8.388849258422851562e+00
7.944283962249755859e+00
8.174075126647949219e+00
8.228200912475585938e+00
8.165403366088867188e+00
8.058067321777343750e+00
7.971727848052978516e+00
8.098457336425781250e+00
8.236760139465332031e+00
8.017000198364257812e+00
8.251598358154296875e+00
8.319566726684570312e+00
8.203447341918945312e+00
7.948603153228759766e+00
8.370033264160156250e+00
8.157750129699707031e+00
8.093531608581542969e+00
8.113235473632812500e+00
8.118881225585937500e+00
8.308854103088378906e+00
8.138307571411132812e+00
8.126317024230957031e+00
8.126403808593750000e+00
8.156993865966796875e+00
8.257596969604492188e+00
8.111284255981445312e+00
8.124442100524902344e+00
8.042361259460449219e+00
8.049911499023437500e+00
8.220198631286621094e+00
8.327953338623046875e+00
8.047945976257324219e+00
8.075824737548828125e+00
8.201378822326660156e+00
8.196027755737304688e+00
8.189782142639160156e+00
8.190425872802734375e+00
8.099010467529296875e+00
8.191081047058105469e+00
7.802964210510253906e+00
8.119867324829101562e+00
8.217401504516601562e+00
7.988069057464599609e+00
8.413564682006835938e+00
8.334353446960449219e+00
8.166650772094726562e+00
8.219950675964355469e+00
8.049193382263183594e+00
8.049722671508789062e+00
7.859162330627441406e+00
8.289582252502441406e+00
8.196373939514160156e+00
8.049030303955078125e+00
8.262404441833496094e+00
8.067010879516601562e+00
8.090185165405273438e+00
7.819645881652832031e+00
8.340918540954589844e+00
8.099121093750000000e+00
8.170817375183105469e+00
8.344405174255371094e+00
8.201514244079589844e+00
8.198886871337890625e+00
7.918495178222656250e+00
8.132070541381835938e+00
7.891556739807128906e+00
8.259975433349609375e+00
8.166543006896972656e+00
7.964566230773925781e+00
8.204274177551269531e+00
8.244342803955078125e+00
8.013438224792480469e+00
8.052415847778320312e+00
8.133580207824707031e+00
8.065583229064941406e+00
8.232047080993652344e+00
7.958870887756347656e+00
8.346450805664062500e+00
8.170982360839843750e+00
8.331789970397949219e+00
7.902216434478759766e+00
8.242058753967285156e+00
8.026156425476074219e+00
8.061050415039062500e+00
8.312432289123535156e+00
8.117186546325683594e+00
8.351522445678710938e+00
8.130134582519531250e+00
8.108119010925292969e+00
7.951538085937500000e+00
8.203241348266601562e+00
8.065764427185058594e+00
8.305318832397460938e+00
8.267680168151855469e+00
8.282385826110839844e+00
8.282526016235351562e+00
8.300201416015625000e+00
8.189275741577148438e+00
8.213451385498046875e+00
8.094947814941406250e+00
8.232809066772460938e+00
8.201426506042480469e+00
8.182883262634277344e+00
8.196831703186035156e+00
8.111313819885253906e+00
8.102948188781738281e+00
7.863991260528564453e+00
8.393579483032226562e+00
8.294929504394531250e+00
8.029587745666503906e+00
8.287606239318847656e+00
8.238190650939941406e+00
8.267854690551757812e+00
8.067891120910644531e+00
8.054944038391113281e+00
8.070944786071777344e+00
8.129076004028320312e+00
8.251360893249511719e+00
8.130379676818847656e+00
8.206272125244140625e+00
8.173901557922363281e+00
8.453890800476074219e+00
8.064463615417480469e+00
8.162606239318847656e+00
8.098916053771972656e+00
7.823493480682373047e+00
8.047918319702148438e+00
8.069067001342773438e+00
8.164163589477539062e+00
8.369616508483886719e+00
8.275344848632812500e+00
8.190991401672363281e+00
8.274663925170898438e+00
8.046708106994628906e+00
8.043078422546386719e+00
8.289298057556152344e+00
8.247501373291015625e+00
8.013832092285156250e+00
8.097409248352050781e+00
8.040387153625488281e+00
8.060564041137695312e+00
8.152284622192382812e+00
8.005897521972656250e+00
7.907399654388427734e+00
8.060109138488769531e+00
7.925546169281005859e+00
8.167822837829589844e+00
8.343199729919433594e+00
8.200078964233398438e+00
8.049562454223632812e+00
8.157129287719726562e+00
8.013832092285156250e+00
8.025438308715820312e+00
8.047307014465332031e+00
7.742142677307128906e+00
8.070205688476562500e+00
7.797989845275878906e+00
7.896883010864257812e+00
7.819700717926025391e+00
8.323856353759765625e+00
7.947001457214355469e+00
8.400526046752929688e+00
7.905101776123046875e+00
8.340894699096679688e+00
7.967066764831542969e+00
8.160186767578125000e+00
8.135926246643066406e+00
7.803782939910888672e+00
8.077955245971679688e+00
7.986285209655761719e+00
8.179903984069824219e+00
8.190768241882324219e+00
7.870150089263916016e+00
8.335656166076660156e+00
8.128880500793457031e+00
7.944318771362304688e+00
8.091335296630859375e+00
7.985692024230957031e+00
8.210082054138183594e+00
8.159564018249511719e+00
8.361294746398925781e+00
8.082855224609375000e+00
8.237924575805664062e+00
8.145363807678222656e+00
8.303717613220214844e+00
8.157687187194824219e+00
8.163318634033203125e+00
8.114329338073730469e+00
8.040660858154296875e+00
8.246000289916992188e+00
7.908365249633789062e+00
8.196376800537109375e+00
8.135811805725097656e+00
7.911561965942382812e+00
8.121847152709960938e+00
8.289846420288085938e+00
8.256528854370117188e+00
7.980130195617675781e+00
7.950278282165527344e+00
8.164796829223632812e+00
8.125730514526367188e+00
8.125844001770019531e+00
7.954641819000244141e+00
8.135850906372070312e+00
8.186817169189453125e+00
8.262600898742675781e+00
7.881421566009521484e+00
8.087646484375000000e+00
7.984142780303955078e+00
8.074134826660156250e+00
8.375797271728515625e+00
8.181902885437011719e+00
8.125584602355957031e+00
8.198973655700683594e+00
8.075264930725097656e+00
7.911657810211181641e+00
8.024342536926269531e+00
8.081772804260253906e+00
8.298314094543457031e+00
8.308917999267578125e+00
8.017222404479980469e+00
8.215189933776855469e+00
8.125026702880859375e+00
8.181371688842773438e+00
8.291985511779785156e+00
8.194898605346679688e+00
8.172898292541503906e+00
7.940219879150390625e+00
8.244700431823730469e+00
8.077279090881347656e+00
8.374491691589355469e+00
8.127705574035644531e+00
8.031344413757324219e+00
8.174832344055175781e+00
8.064976692199707031e+00
8.082555770874023438e+00
8.198987960815429688e+00
8.246800422668457031e+00
8.164039611816406250e+00
8.155838966369628906e+00
8.112505912780761719e+00
8.256785392761230469e+00
8.235157966613769531e+00
8.112468719482421875e+00
8.362185478210449219e+00
8.187996864318847656e+00
8.259325027465820312e+00
8.129087448120117188e+00
7.854193210601806641e+00
8.300124168395996094e+00
8.140702247619628906e+00
8.130750656127929688e+00
8.099314689636230469e+00
8.159482002258300781e+00
8.157606124877929688e+00
8.009194374084472656e+00
8.054581642150878906e+00
8.173279762268066406e+00
8.073538780212402344e+00
8.328155517578125000e+00
8.098462104797363281e+00
7.915525913238525391e+00
8.273663520812988281e+00
8.160557746887207031e+00
8.226314544677734375e+00
8.143888473510742188e+00
8.121275901794433594e+00
8.260115623474121094e+00
8.417892456054687500e+00
8.144357681274414062e+00
8.261487007141113281e+00
8.168730735778808594e+00
7.925016880035400391e+00
8.050874710083007812e+00
8.208724021911621094e+00
8.154205322265625000e+00
8.413204193115234375e+00
7.911980152130126953e+00
8.015113830566406250e+00
8.083539962768554688e+00
7.949994564056396484e+00
8.240722656250000000e+00
8.105813026428222656e+00
8.037167549133300781e+00
8.146478652954101562e+00
8.061584472656250000e+00
8.268549919128417969e+00
7.870789527893066406e+00
8.015400886535644531e+00
8.180959701538085938e+00
8.259416580200195312e+00
8.171451568603515625e+00
8.108570098876953125e+00
8.100830078125000000e+00
8.103504180908203125e+00
8.199987411499023438e+00
8.170550346374511719e+00
8.051545143127441406e+00
7.856379508972167969e+00
8.107833862304687500e+00
8.020680427551269531e+00
8.191301345825195312e+00
8.175474166870117188e+00
8.094991683959960938e+00
7.936817646026611328e+00
7.930151939392089844e+00
7.969452381134033203e+00
8.206628799438476562e+00
8.170268058776855469e+00
8.248025894165039062e+00
8.040509223937988281e+00
8.205904960632324219e+00
7.959246158599853516e+00
8.413964271545410156e+00
7.886073112487792969e+00
8.164393424987792969e+00
7.871078968048095703e+00
8.059235572814941406e+00
8.151338577270507812e+00
8.124592781066894531e+00
8.129075050354003906e+00
8.027769088745117188e+00
8.178252220153808594e+00
7.982464790344238281e+00
8.192799568176269531e+00
8.096814155578613281e+00
8.234175682067871094e+00
8.099193572998046875e+00
7.894203662872314453e+00
7.873826980590820312e+00
8.160838127136230469e+00
8.009951591491699219e+00
7.936692237854003906e+00
8.102070808410644531e+00
7.840141296386718750e+00
8.205672264099121094e+00
8.371451377868652344e+00
8.216353416442871094e+00
8.076479911804199219e+00
8.107371330261230469e+00
8.001962661743164062e+00
8.221456527709960938e+00
8.174751281738281250e+00
8.023962020874023438e+00
8.182600975036621094e+00
8.395493507385253906e+00
8.191848754882812500e+00
7.995275020599365234e+00
8.298988342285156250e+00
8.095068931579589844e+00
8.118480682373046875e+00
8.032388687133789062e+00
7.925867557525634766e+00
8.323519706726074219e+00
8.278319358825683594e+00
8.035057067871093750e+00
7.961053371429443359e+00
8.317233085632324219e+00
7.923075675964355469e+00
8.020175933837890625e+00
8.111121177673339844e+00
8.226943016052246094e+00
8.038721084594726562e+00
8.235440254211425781e+00
8.003363609313964844e+00
8.199238777160644531e+00
8.290950775146484375e+00
8.144870758056640625e+00
8.176026344299316406e+00
7.939585685729980469e+00
8.243989944458007812e+00
8.071237564086914062e+00
8.174995422363281250e+00
8.321212768554687500e+00
8.031928062438964844e+00
8.030128479003906250e+00
8.345241546630859375e+00
8.038264274597167969e+00
8.084591865539550781e+00
8.056712150573730469e+00
8.210057258605957031e+00
7.977309703826904297e+00
8.027340888977050781e+00
8.194646835327148438e+00
8.043974876403808594e+00
8.302845954895019531e+00
8.212936401367187500e+00
7.812652587890625000e+00
8.201437950134277344e+00
8.121190071105957031e+00
8.091732978820800781e+00
7.933512687683105469e+00
8.289251327514648438e+00
8.003337860107421875e+00
8.061221122741699219e+00
8.028301239013671875e+00
8.134196281433105469e+00
8.059464454650878906e+00
8.066479682922363281e+00
8.228682518005371094e+00
8.129799842834472656e+00
8.029831886291503906e+00
7.797709465026855469e+00
8.240721702575683594e+00
8.293345451354980469e+00
8.186838150024414062e+00
8.228371620178222656e+00
8.147794723510742188e+00
8.079469680786132812e+00
7.956611633300781250e+00
8.042377471923828125e+00
8.170060157775878906e+00
7.998195648193359375e+00
8.140777587890625000e+00
7.993254184722900391e+00
8.060010910034179688e+00
8.131299018859863281e+00
7.997794628143310547e+00
8.161025047302246094e+00
8.045603752136230469e+00
8.292827606201171875e+00
8.100052833557128906e+00
8.198083877563476562e+00
7.954386711120605469e+00
8.178536415100097656e+00
8.120753288269042969e+00
7.959820270538330078e+00
8.173497200012207031e+00
8.112004280090332031e+00
8.098486900329589844e+00
8.078806877136230469e+00
8.257082939147949219e+00
8.042689323425292969e+00
7.945808410644531250e+00
8.239027023315429688e+00
8.136973381042480469e+00
7.945676803588867188e+00
7.886508941650390625e+00
8.090165138244628906e+00
8.139756202697753906e+00
8.316920280456542969e+00
8.187655448913574219e+00
8.007267951965332031e+00
8.193118095397949219e+00
7.918771266937255859e+00
8.077255249023437500e+00
8.193928718566894531e+00
8.155984878540039062e+00
8.194041252136230469e+00
8.243161201477050781e+00
8.160311698913574219e+00
7.993940830230712891e+00
8.041704177856445312e+00
7.966986656188964844e+00
8.228736877441406250e+00
8.065827369689941406e+00
7.896442890167236328e+00
8.217168807983398438e+00
8.198529243469238281e+00
8.351100921630859375e+00
7.841544628143310547e+00
7.973576545715332031e+00
8.388161659240722656e+00
8.164755821228027344e+00
8.019069671630859375e+00
8.293138504028320312e+00
7.868136882781982422e+00
8.102009773254394531e+00
8.226730346679687500e+00
8.027963638305664062e+00
8.198747634887695312e+00
8.058917045593261719e+00
7.974527359008789062e+00
8.114039421081542969e+00
8.337947845458984375e+00
8.305671691894531250e+00
8.077293395996093750e+00
8.415371894836425781e+00
8.134781837463378906e+00
8.216157913208007812e+00
7.915164470672607422e+00
7.999192714691162109e+00
7.840856075286865234e+00
8.145043373107910156e+00
8.124533653259277344e+00
8.145961761474609375e+00
8.130880355834960938e+00
8.059918403625488281e+00
8.288672447204589844e+00
8.268611907958984375e+00
8.082804679870605469e+00
8.082798004150390625e+00
8.049952507019042969e+00
7.988368511199951172e+00
8.259410858154296875e+00
8.239588737487792969e+00
8.243111610412597656e+00
8.229686737060546875e+00
7.972723960876464844e+00
8.079948425292968750e+00
8.205006599426269531e+00
8.173129081726074219e+00
7.849415302276611328e+00
7.982990264892578125e+00
7.866273880004882812e+00
8.092726707458496094e+00
8.062785148620605469e+00
8.077520370483398438e+00
8.314559936523437500e+00
8.208278656005859375e+00
8.191935539245605469e+00
8.334425926208496094e+00
8.096478462219238281e+00
8.007016181945800781e+00
8.033536911010742188e+00
8.396521568298339844e+00
8.392710685729980469e+00
8.106451988220214844e+00
7.904995441436767578e+00
8.052445411682128906e+00
8.091168403625488281e+00
8.442548751831054688e+00
7.942633152008056641e+00
7.884835243225097656e+00
7.975294589996337891e+00
8.205725669860839844e+00
7.869665145874023438e+00
8.233760833740234375e+00
7.884201526641845703e+00
8.423456192016601562e+00
7.963782787322998047e+00
8.227484703063964844e+00
8.008174896240234375e+00
8.109359741210937500e+00
8.118772506713867188e+00
8.127523422241210938e+00
7.923522949218750000e+00
8.053677558898925781e+00
8.264578819274902344e+00
8.226719856262207031e+00
8.321373939514160156e+00
8.149914741516113281e+00
7.914634227752685547e+00
8.110353469848632812e+00
8.038571357727050781e+00
8.077380180358886719e+00
7.803035736083984375e+00
7.977639198303222656e+00
8.044160842895507812e+00
8.140424728393554688e+00
8.075508117675781250e+00
8.269569396972656250e+00
8.067674636840820312e+00
8.353336334228515625e+00
8.135003089904785156e+00
8.246113777160644531e+00
8.095467567443847656e+00
8.239083290100097656e+00
8.306025505065917969e+00
8.178753852844238281e+00
8.051373481750488281e+00
7.847363471984863281e+00
8.417565345764160156e+00
8.064069747924804688e+00
8.142035484313964844e+00
8.100863456726074219e+00
8.150399208068847656e+00
8.183020591735839844e+00
8.226408004760742188e+00
7.947590827941894531e+00
8.232003211975097656e+00
8.369422912597656250e+00
8.222531318664550781e+00
7.910013198852539062e+00
8.070009231567382812e+00
8.199788093566894531e+00
8.089647293090820312e+00
8.119169235229492188e+00
7.779189586639404297e+00
8.007897377014160156e+00
8.146870613098144531e+00
8.020853996276855469e+00
8.058447837829589844e+00
8.184197425842285156e+00
8.160060882568359375e+00
8.157439231872558594e+00
8.160274505615234375e+00
8.109717369079589844e+00
8.026195526123046875e+00
8.105933189392089844e+00
8.125635147094726562e+00
8.233860969543457031e+00
8.153565406799316406e+00
8.210298538208007812e+00
8.307705879211425781e+00
8.119704246520996094e+00
8.025990486145019531e+00
8.142477035522460938e+00
8.337195396423339844e+00
8.219709396362304688e+00
8.400255203247070312e+00
8.127611160278320312e+00
8.192265510559082031e+00
8.128430366516113281e+00
7.839162826538085938e+00
8.062378883361816406e+00
8.157114028930664062e+00
8.052935600280761719e+00
8.133807182312011719e+00
8.250068664550781250e+00
8.269502639770507812e+00
8.112704277038574219e+00
8.240883827209472656e+00
8.045391082763671875e+00
8.329711914062500000e+00
8.138596534729003906e+00
8.225598335266113281e+00
8.131396293640136719e+00
8.131985664367675781e+00
7.993151187896728516e+00
8.075011253356933594e+00
8.161327362060546875e+00
8.233234405517578125e+00
8.139298439025878906e+00
8.046297073364257812e+00
8.110135078430175781e+00
8.240794181823730469e+00
8.257961273193359375e+00
8.198548316955566406e+00
8.071537017822265625e+00
8.119693756103515625e+00
8.138372421264648438e+00
8.087271690368652344e+00
7.938663482666015625e+00
8.174064636230468750e+00
8.287625312805175781e+00
8.291275024414062500e+00
8.325298309326171875e+00
7.693112373352050781e+00
8.099408149719238281e+00
8.244430541992187500e+00
8.031515121459960938e+00
8.253823280334472656e+00
8.206219673156738281e+00
8.259097099304199219e+00
8.108712196350097656e+00
7.877278804779052734e+00
8.148943901062011719e+00
8.083700180053710938e+00
8.157547950744628906e+00
8.202946662902832031e+00
7.929776668548583984e+00
8.030936241149902344e+00
8.139868736267089844e+00
8.111214637756347656e+00
8.220909118652343750e+00
8.335583686828613281e+00
8.049817085266113281e+00
8.076469421386718750e+00
8.251745223999023438e+00
8.182103157043457031e+00
8.124212265014648438e+00
8.112528800964355469e+00
8.028208732604980469e+00
8.092547416687011719e+00
7.970921993255615234e+00
8.306778907775878906e+00
8.046452522277832031e+00
8.336414337158203125e+00
8.071639060974121094e+00
8.321964263916015625e+00
8.126718521118164062e+00
8.130804061889648438e+00
8.298993110656738281e+00
7.976691722869873047e+00
8.063187599182128906e+00
7.887284755706787109e+00
8.215341567993164062e+00
8.004495620727539062e+00
8.076318740844726562e+00
8.221594810485839844e+00
7.953002929687500000e+00
8.183175086975097656e+00
8.003276824951171875e+00
7.990322113037109375e+00
8.140354156494140625e+00
8.272551536560058594e+00
7.687006950378417969e+00
8.049659729003906250e+00
7.775410652160644531e+00
8.161791801452636719e+00
8.086720466613769531e+00
7.993071556091308594e+00
7.924384593963623047e+00
7.868213176727294922e+00
7.934139251708984375e+00
8.298091888427734375e+00
8.069334983825683594e+00
8.214179039001464844e+00
7.997553348541259766e+00
7.958592891693115234e+00
8.044444084167480469e+00
8.207774162292480469e+00
8.199412345886230469e+00
7.956310749053955078e+00
8.044325828552246094e+00
8.118962287902832031e+00
8.022009849548339844e+00
7.838182449340820312e+00
8.306456565856933594e+00
8.044163703918457031e+00
8.173238754272460938e+00
8.437156677246093750e+00
8.200581550598144531e+00
8.023524284362792969e+00
8.030822753906250000e+00
8.296978950500488281e+00
8.172935485839843750e+00
7.982227802276611328e+00
7.987350940704345703e+00
8.015374183654785156e+00
8.224745750427246094e+00
8.167787551879882812e+00
8.020388603210449219e+00
8.025133132934570312e+00
8.279685020446777344e+00
7.948152542114257812e+00
8.055614471435546875e+00
8.143682479858398438e+00
8.078986167907714844e+00
8.226946830749511719e+00
7.492287158966064453e+00
8.185483932495117188e+00
8.236248970031738281e+00
7.985481739044189453e+00
8.046790122985839844e+00
8.250298500061035156e+00
8.268174171447753906e+00
8.307448387145996094e+00
8.042061805725097656e+00
8.079477310180664062e+00
8.103860855102539062e+00
8.258753776550292969e+00
7.967597007751464844e+00
8.119976043701171875e+00
7.909884929656982422e+00
8.203855514526367188e+00
8.093067169189453125e+00
7.921298027038574219e+00
8.273708343505859375e+00
7.739769935607910156e+00
8.098790168762207031e+00
8.287211418151855469e+00
8.065908432006835938e+00
8.259756088256835938e+00
7.990998268127441406e+00
7.998878955841064453e+00
8.143022537231445312e+00
8.195685386657714844e+00
8.213093757629394531e+00
8.275965690612792969e+00
8.147445678710937500e+00
8.119769096374511719e+00
7.906866550445556641e+00
8.001369476318359375e+00
8.113522529602050781e+00
8.139733314514160156e+00
8.192352294921875000e+00
8.213887214660644531e+00
7.992566585540771484e+00
8.084283828735351562e+00
8.001129150390625000e+00
8.058404922485351562e+00
8.294158935546875000e+00
8.239226341247558594e+00
8.002705574035644531e+00
8.031846046447753906e+00
8.176418304443359375e+00
8.351975440979003906e+00
8.025768280029296875e+00
8.059410095214843750e+00
8.262591361999511719e+00
8.290855407714843750e+00
8.186170578002929688e+00
8.197178840637207031e+00
8.095886230468750000e+00
8.311471939086914062e+00
8.226978302001953125e+00
8.196449279785156250e+00
8.151853561401367188e+00
8.284564971923828125e+00
8.262513160705566406e+00
8.058058738708496094e+00
8.258164405822753906e+00
8.160193443298339844e+00
8.242683410644531250e+00
8.032789230346679688e+00
8.219134330749511719e+00
8.136087417602539062e+00
8.382221221923828125e+00
8.454452514648437500e+00
8.085862159729003906e+00
8.172545433044433594e+00
8.007141113281250000e+00
7.903965950012207031e+00
8.076050758361816406e+00
7.924437999725341797e+00
8.149689674377441406e+00
8.316466331481933594e+00
8.013359069824218750e+00
8.058067321777343750e+00
8.326006889343261719e+00
7.971837997436523438e+00
8.098369598388671875e+00
8.089012145996093750e+00
8.008695602416992188e+00
7.883025169372558594e+00
7.857424736022949219e+00
8.177090644836425781e+00
8.086185455322265625e+00
7.934340476989746094e+00
8.200190544128417969e+00
8.069149971008300781e+00
8.263971328735351562e+00
7.844258785247802734e+00
7.753382205963134766e+00
8.312447547912597656e+00
8.300830841064453125e+00
7.989288330078125000e+00
7.932717323303222656e+00
8.186927795410156250e+00
7.934024810791015625e+00
8.218615531921386719e+00
8.026596069335937500e+00
7.966920852661132812e+00
7.880358219146728516e+00
7.796833992004394531e+00
8.059653282165527344e+00
8.106002807617187500e+00
8.033802032470703125e+00
8.262866020202636719e+00
8.129780769348144531e+00
8.182377815246582031e+00
8.322172164916992188e+00
8.078559875488281250e+00
8.135719299316406250e+00
7.574967384338378906e+00
8.082272529602050781e+00
8.013377189636230469e+00
8.043368339538574219e+00
8.376116752624511719e+00
8.080540657043457031e+00
8.221609115600585938e+00
8.133867263793945312e+00
8.021624565124511719e+00
8.199483871459960938e+00
8.306016921997070312e+00
8.339019775390625000e+00
8.184803009033203125e+00
8.231547355651855469e+00
8.335909843444824219e+00
8.091752052307128906e+00
8.117135047912597656e+00
8.283109664916992188e+00
8.211862564086914062e+00
8.169339179992675781e+00
8.078818321228027344e+00
8.283956527709960938e+00
8.160969734191894531e+00
8.020554542541503906e+00
7.944012641906738281e+00
8.049785614013671875e+00
8.092937469482421875e+00
8.058794021606445312e+00
8.134462356567382812e+00
8.174616813659667969e+00
8.148044586181640625e+00
8.359482765197753906e+00
8.197581291198730469e+00
8.224254608154296875e+00
8.073348045349121094e+00
7.925223827362060547e+00
8.145336151123046875e+00
7.943975448608398438e+00
8.149209976196289062e+00
8.154339790344238281e+00
7.939691066741943359e+00
8.093697547912597656e+00
8.240487098693847656e+00
8.123517990112304688e+00
8.284380912780761719e+00
7.959562778472900391e+00
8.010061264038085938e+00
8.371507644653320312e+00
8.168257713317871094e+00
7.882141113281250000e+00
8.151555061340332031e+00
8.211245536804199219e+00
8.142652511596679688e+00
8.164678573608398438e+00
7.998989582061767578e+00
7.941769123077392578e+00
8.052554130554199219e+00
8.182696342468261719e+00
7.915389060974121094e+00
8.137259483337402344e+00
7.945314407348632812e+00
8.110962867736816406e+00
8.092951774597167969e+00
8.114354133605957031e+00
8.196207046508789062e+00
8.371221542358398438e+00
8.150636672973632812e+00
8.183651924133300781e+00
8.515628814697265625e+00
7.915429592132568359e+00
8.104569435119628906e+00
8.119196891784667969e+00
8.242552757263183594e+00
8.070513725280761719e+00
8.084346771240234375e+00
8.001803398132324219e+00
8.104395866394042969e+00
7.859863281250000000e+00
8.121874809265136719e+00
8.309363365173339844e+00
8.153990745544433594e+00
8.374975204467773438e+00
8.136436462402343750e+00
7.963722229003906250e+00
8.162205696105957031e+00
8.105102539062500000e+00
8.115125656127929688e+00
8.096019744873046875e+00
8.156585693359375000e+00
8.172374725341796875e+00
8.298544883728027344e+00
7.986997127532958984e+00
8.020554542541503906e+00
8.178385734558105469e+00
8.295046806335449219e+00
8.275114059448242188e+00
8.232578277587890625e+00
8.140419006347656250e+00
7.956779956817626953e+00
8.120523452758789062e+00
8.084596633911132812e+00
8.357082366943359375e+00
8.187734603881835938e+00
7.752052307128906250e+00
8.273193359375000000e+00
7.926199913024902344e+00
8.000959396362304688e+00
7.848685264587402344e+00
8.212159156799316406e+00
8.108787536621093750e+00
8.381588935852050781e+00
8.048903465270996094e+00
8.016370773315429688e+00
7.790013790130615234e+00
8.157552719116210938e+00
8.345643043518066406e+00
8.032717704772949219e+00
8.102627754211425781e+00
8.054743766784667969e+00
8.124680519104003906e+00
8.386779785156250000e+00
7.998179435729980469e+00
8.249952316284179688e+00
8.297306060791015625e+00
8.145939826965332031e+00
8.089923858642578125e+00
8.271663665771484375e+00
8.124960899353027344e+00
7.956974983215332031e+00
7.858927726745605469e+00
8.312251091003417969e+00
8.070487022399902344e+00
8.184805870056152344e+00
8.117886543273925781e+00
8.226307868957519531e+00
8.187800407409667969e+00
8.085946083068847656e+00
8.184380531311035156e+00
8.008216857910156250e+00
8.186064720153808594e+00
8.213798522949218750e+00
8.260424613952636719e+00
8.110173225402832031e+00
8.244988441467285156e+00
8.285361289978027344e+00
8.227164268493652344e+00
8.143447875976562500e+00
8.090525627136230469e+00
7.998414993286132812e+00
8.249876022338867188e+00
8.355954170227050781e+00
8.098350524902343750e+00
8.037126541137695312e+00
8.012666702270507812e+00
8.238812446594238281e+00
8.234460830688476562e+00
8.018143653869628906e+00
8.001598358154296875e+00
8.387027740478515625e+00
8.212889671325683594e+00
8.179175376892089844e+00
8.231614112854003906e+00
8.160545349121093750e+00
8.132411003112792969e+00
7.931205272674560547e+00
8.160477638244628906e+00
8.304941177368164062e+00
8.033762931823730469e+00
8.133128166198730469e+00
8.231082916259765625e+00
7.980697154998779297e+00
8.062703132629394531e+00
7.746014595031738281e+00
7.931575775146484375e+00
8.114438056945800781e+00
8.286750793457031250e+00
8.296708106994628906e+00
8.064745903015136719e+00
7.989856243133544922e+00
8.126935005187988281e+00
8.295413970947265625e+00
8.091958999633789062e+00
8.013541221618652344e+00
8.140854835510253906e+00
8.099063873291015625e+00
8.172864913940429688e+00
8.274784088134765625e+00
8.294525146484375000e+00
8.051210403442382812e+00
8.184559822082519531e+00
8.184409141540527344e+00
8.021332740783691406e+00
8.363474845886230469e+00
8.123333930969238281e+00
8.173744201660156250e+00
8.022201538085937500e+00
8.078855514526367188e+00
7.843626022338867188e+00
8.010896682739257812e+00
8.084203720092773438e+00
8.193881034851074219e+00
8.396866798400878906e+00
8.028974533081054688e+00
8.078298568725585938e+00
8.096752166748046875e+00
8.480140686035156250e+00
8.108285903930664062e+00
8.249660491943359375e+00
8.173105239868164062e+00
8.186819076538085938e+00
8.062622070312500000e+00
7.923948764801025391e+00
8.393500328063964844e+00
8.340195655822753906e+00
8.012936592102050781e+00
7.724658012390136719e+00
8.263909339904785156e+00
8.063929557800292969e+00
8.047893524169921875e+00
8.025822639465332031e+00
8.212213516235351562e+00
8.076546669006347656e+00
8.138037681579589844e+00
7.933462619781494141e+00
8.001099586486816406e+00
8.282888412475585938e+00
8.189833641052246094e+00
8.173664093017578125e+00
8.119625091552734375e+00
8.051171302795410156e+00
7.945686340332031250e+00
8.027769088745117188e+00
7.968753337860107422e+00
8.209151268005371094e+00
8.183188438415527344e+00
8.056290626525878906e+00
8.321791648864746094e+00
8.265900611877441406e+00
7.963335990905761719e+00
8.106735229492187500e+00
8.246531486511230469e+00
8.057007789611816406e+00
8.240787506103515625e+00
8.024319648742675781e+00
7.950078964233398438e+00
8.047028541564941406e+00
7.888680934906005859e+00
8.197439193725585938e+00
8.295899391174316406e+00
7.870474815368652344e+00
8.042963981628417969e+00
7.980474472045898438e+00
7.981894493103027344e+00
8.042160987854003906e+00
8.025533676147460938e+00
8.188502311706542969e+00
8.055887222290039062e+00
8.214748382568359375e+00
8.057454109191894531e+00
7.991187572479248047e+00
7.975080013275146484e+00
8.246680259704589844e+00
8.046588897705078125e+00
8.015426635742187500e+00
8.236131668090820312e+00
7.978911876678466797e+00
8.288215637207031250e+00
8.131148338317871094e+00
8.085618019104003906e+00
8.018842697143554688e+00
8.138582229614257812e+00
7.884170532226562500e+00
8.107353210449218750e+00
8.225353240966796875e+00
8.177900314331054688e+00
8.197764396667480469e+00
7.955204963684082031e+00
7.819530963897705078e+00
8.099645614624023438e+00
7.963290691375732422e+00
8.176173210144042969e+00
8.109706878662109375e+00
8.175395011901855469e+00
8.217375755310058594e+00
8.154177665710449219e+00
8.287333488464355469e+00
8.179972648620605469e+00
8.117748260498046875e+00
8.080837249755859375e+00
7.875751972198486328e+00
8.372107505798339844e+00
8.055809020996093750e+00
8.162334442138671875e+00
8.270290374755859375e+00
8.183891296386718750e+00
8.266104698181152344e+00
8.255531311035156250e+00
7.897372722625732422e+00
8.185732841491699219e+00
8.040572166442871094e+00
8.012047767639160156e+00
8.146663665771484375e+00
8.295769691467285156e+00
8.307818412780761719e+00
8.042136192321777344e+00
8.327989578247070312e+00
8.064122200012207031e+00
8.159330368041992188e+00
8.150671958923339844e+00
7.953942775726318359e+00
8.140602111816406250e+00
8.137444496154785156e+00
7.974411010742187500e+00
8.346125602722167969e+00
8.309711456298828125e+00
8.143638610839843750e+00
8.337048530578613281e+00
8.170335769653320312e+00
8.015065193176269531e+00
7.980247497558593750e+00
7.916174888610839844e+00
8.375244140625000000e+00
8.117697715759277344e+00
8.242590904235839844e+00
8.142264366149902344e+00
8.156774520874023438e+00
8.177192687988281250e+00
7.971792697906494141e+00
8.259047508239746094e+00
8.554595947265625000e+00
7.844812870025634766e+00
8.154156684875488281e+00
8.143277168273925781e+00
8.079905509948730469e+00
7.994519233703613281e+00
8.090932846069335938e+00
8.049038887023925781e+00
7.911430835723876953e+00
8.348808288574218750e+00
7.859745025634765625e+00
8.233819007873535156e+00
8.116976737976074219e+00
8.232617378234863281e+00
8.073025703430175781e+00
7.785244941711425781e+00
8.142568588256835938e+00
8.251387596130371094e+00
8.311253547668457031e+00
8.197750091552734375e+00
8.177822113037109375e+00
8.099072456359863281e+00
8.236371040344238281e+00
7.903618812561035156e+00
8.062211036682128906e+00
8.301198005676269531e+00
7.996908187866210938e+00
7.763114452362060547e+00
8.084371566772460938e+00
8.261520385742187500e+00
8.110440254211425781e+00
8.096350669860839844e+00
7.865919589996337891e+00
8.329102516174316406e+00
7.989281177520751953e+00
8.121847152709960938e+00
8.171551704406738281e+00
8.149446487426757812e+00
8.113912582397460938e+00
8.149007797241210938e+00
8.239517211914062500e+00
8.190826416015625000e+00
8.120409011840820312e+00
8.028056144714355469e+00
7.999288558959960938e+00
8.215075492858886719e+00
8.142960548400878906e+00
8.117926597595214844e+00
8.176334381103515625e+00
8.092661857604980469e+00
8.087937355041503906e+00
8.037201881408691406e+00
8.199331283569335938e+00
7.960377693176269531e+00
8.139559745788574219e+00
7.901164531707763672e+00
8.126064300537109375e+00
8.338134765625000000e+00
8.195672988891601562e+00
8.089285850524902344e+00
8.343541145324707031e+00
8.083424568176269531e+00
8.302437782287597656e+00
8.003088951110839844e+00
8.207004547119140625e+00
8.291356086730957031e+00
8.178156852722167969e+00
8.151013374328613281e+00
8.187954902648925781e+00
7.848734855651855469e+00
8.337077140808105469e+00
7.736678600311279297e+00
8.279615402221679688e+00
8.150468826293945312e+00
8.301990509033203125e+00
8.156337738037109375e+00
8.006229400634765625e+00
7.964436531066894531e+00
8.111907005310058594e+00
8.053487777709960938e+00
8.415148735046386719e+00
7.874494075775146484e+00
7.867558956146240234e+00
8.319171905517578125e+00
8.149918556213378906e+00
7.993303298950195312e+00
8.061758041381835938e+00
8.195828437805175781e+00
8.017684936523437500e+00
8.098894119262695312e+00
7.918089389801025391e+00
8.179824829101562500e+00
7.920989513397216797e+00
8.206679344177246094e+00
8.100296020507812500e+00
8.195291519165039062e+00
8.252855300903320312e+00
7.980838298797607422e+00
8.121184349060058594e+00
8.099898338317871094e+00
8.161371231079101562e+00
7.633676528930664062e+00
8.292795181274414062e+00
7.932176113128662109e+00
7.918745040893554688e+00
7.818289756774902344e+00
8.180238723754882812e+00
8.332983970642089844e+00
8.490406990051269531e+00
8.163172721862792969e+00
8.180723190307617188e+00
8.113896369934082031e+00
8.207489013671875000e+00
8.132997512817382812e+00
8.392616271972656250e+00
8.120722770690917969e+00
8.262982368469238281e+00
8.258959770202636719e+00
7.991098403930664062e+00
8.220183372497558594e+00
8.021266937255859375e+00
8.029805183410644531e+00
8.136964797973632812e+00
7.960815906524658203e+00
8.012294769287109375e+00
7.865003108978271484e+00
7.900617122650146484e+00
8.207865715026855469e+00
8.299081802368164062e+00
8.241737365722656250e+00
7.978287220001220703e+00
7.700972080230712891e+00
8.115540504455566406e+00
7.928188800811767578e+00
8.335700988769531250e+00
8.077977180480957031e+00
8.139707565307617188e+00
8.372135162353515625e+00
8.033204078674316406e+00
8.333729743957519531e+00
7.957683563232421875e+00
8.091080665588378906e+00
7.970767498016357422e+00
7.629078865051269531e+00
8.021464347839355469e+00
8.229021072387695312e+00
8.199340820312500000e+00
8.275376319885253906e+00
8.239643096923828125e+00
8.277641296386718750e+00
8.251585006713867188e+00
8.179894447326660156e+00
8.175443649291992188e+00
8.159726142883300781e+00
8.006466865539550781e+00
8.219493865966796875e+00
8.235176086425781250e+00
8.376720428466796875e+00
8.099918365478515625e+00
7.946653366088867188e+00
8.150765419006347656e+00
8.190195083618164062e+00
8.099400520324707031e+00
8.376910209655761719e+00
8.045744895935058594e+00
7.718268871307373047e+00
8.340516090393066406e+00
8.203847885131835938e+00
8.023084640502929688e+00
8.202138900756835938e+00
8.312377929687500000e+00
8.082880973815917969e+00
8.346734046936035156e+00
8.117335319519042969e+00
8.151570320129394531e+00
8.077050209045410156e+00
7.932343006134033203e+00
8.418549537658691406e+00
8.243363380432128906e+00
8.069555282592773438e+00
7.984718322753906250e+00
8.207955360412597656e+00
8.203934669494628906e+00
8.151848793029785156e+00
8.101393699645996094e+00
7.940516948699951172e+00
7.983317375183105469e+00
7.794755458831787109e+00
7.996196269989013672e+00
8.047296524047851562e+00
8.039750099182128906e+00
8.038475036621093750e+00
8.168814659118652344e+00
8.040890693664550781e+00
8.281365394592285156e+00
8.100829124450683594e+00
7.932679653167724609e+00
8.189506530761718750e+00
8.118275642395019531e+00
7.834441184997558594e+00
8.084952354431152344e+00
8.160953521728515625e+00
8.005150794982910156e+00
8.127945899963378906e+00
8.248485565185546875e+00
8.219534873962402344e+00
8.035485267639160156e+00
8.410432815551757812e+00
8.149326324462890625e+00
8.443135261535644531e+00
8.065342903137207031e+00
8.211065292358398438e+00
7.988304138183593750e+00
7.930338382720947266e+00
8.200965881347656250e+00
7.969648361206054688e+00
8.276651382446289062e+00
8.378012657165527344e+00
8.191678047180175781e+00
8.198746681213378906e+00
7.960104465484619141e+00
8.014261245727539062e+00
7.886726379394531250e+00
8.276406288146972656e+00
8.274022102355957031e+00
8.007403373718261719e+00
7.927931308746337891e+00
8.006709098815917969e+00
7.801503658294677734e+00
8.072830200195312500e+00
8.413057327270507812e+00
8.201884269714355469e+00
8.210159301757812500e+00
8.232056617736816406e+00
7.922075271606445312e+00
8.250205039978027344e+00
8.096069335937500000e+00
7.862608432769775391e+00
8.086827278137207031e+00
8.198566436767578125e+00
8.191876411437988281e+00
8.233455657958984375e+00
8.077610969543457031e+00
8.262383460998535156e+00
7.886532783508300781e+00
7.935519695281982422e+00
8.198075294494628906e+00
7.890848636627197266e+00
8.181723594665527344e+00
8.020206451416015625e+00
8.189308166503906250e+00
8.233675956726074219e+00
8.154123306274414062e+00
8.151858329772949219e+00
8.300591468811035156e+00
8.292878150939941406e+00
8.365420341491699219e+00
8.341411590576171875e+00
8.145705223083496094e+00
8.144559860229492188e+00
8.250032424926757812e+00
8.143527030944824219e+00
8.053921699523925781e+00
7.870294570922851562e+00
8.291707038879394531e+00
7.752574920654296875e+00
8.522454261779785156e+00
7.980363368988037109e+00
7.973163604736328125e+00
8.031458854675292969e+00
7.991287231445312500e+00
8.293537139892578125e+00
8.275966644287109375e+00
7.764884471893310547e+00
8.131545066833496094e+00
8.168999671936035156e+00
7.852962970733642578e+00
8.334570884704589844e+00
7.996789455413818359e+00
7.998101234436035156e+00
8.229623794555664062e+00
8.254521369934082031e+00
8.306835174560546875e+00
8.096404075622558594e+00
8.033742904663085938e+00
8.014577865600585938e+00
8.142635345458984375e+00
8.064612388610839844e+00
8.237681388854980469e+00
8.064136505126953125e+00
8.288135528564453125e+00
7.991378784179687500e+00
8.044798851013183594e+00
7.861888885498046875e+00
8.129836082458496094e+00
8.101924896240234375e+00
8.265988349914550781e+00
8.025746345520019531e+00
8.167615890502929688e+00
8.230195045471191406e+00
8.095876693725585938e+00
8.096765518188476562e+00
8.168245315551757812e+00
8.155594825744628906e+00
8.076059341430664062e+00
8.097138404846191406e+00
7.906843662261962891e+00
8.173859596252441406e+00
8.270747184753417969e+00
8.019613265991210938e+00
8.118763923645019531e+00
7.994831085205078125e+00
7.812684059143066406e+00
8.195006370544433594e+00
8.057871818542480469e+00
8.096872329711914062e+00
7.974202632904052734e+00
8.354383468627929688e+00
8.110497474670410156e+00
8.380695343017578125e+00
8.110927581787109375e+00
8.121208190917968750e+00
8.083201408386230469e+00
7.914584636688232422e+00
8.346675872802734375e+00
7.920127391815185547e+00
8.240859031677246094e+00
8.205805778503417969e+00
7.721775531768798828e+00
8.187019348144531250e+00
8.073434829711914062e+00
7.944832801818847656e+00
8.082707405090332031e+00
8.081551551818847656e+00
7.863228321075439453e+00
7.978389263153076172e+00
8.168110847473144531e+00
8.187099456787109375e+00
8.179485321044921875e+00
8.355653762817382812e+00
8.153544425964355469e+00
7.993756294250488281e+00
8.350008964538574219e+00
8.411301612854003906e+00
8.119882583618164062e+00
8.143404006958007812e+00
8.323821067810058594e+00
8.151028633117675781e+00
8.078216552734375000e+00
8.020082473754882812e+00
8.337687492370605469e+00
8.064304351806640625e+00
8.262640953063964844e+00
8.229127883911132812e+00
8.203718185424804688e+00
8.083394050598144531e+00
8.122230529785156250e+00
7.833913326263427734e+00
8.203773498535156250e+00
8.042912483215332031e+00
8.083189010620117188e+00
8.054766654968261719e+00
7.873389720916748047e+00
8.175187110900878906e+00
7.963331699371337891e+00
7.789358615875244141e+00
8.330585479736328125e+00
8.031645774841308594e+00
7.846930503845214844e+00
8.221977233886718750e+00
8.102104187011718750e+00
8.197813987731933594e+00
8.328025817871093750e+00
8.317605018615722656e+00
8.290055274963378906e+00
8.083075523376464844e+00
8.042502403259277344e+00
7.991109371185302734e+00
8.228544235229492188e+00
8.289240837097167969e+00
8.326433181762695312e+00
7.952881813049316406e+00
7.723910331726074219e+00
7.908710479736328125e+00
8.297165870666503906e+00
8.293097496032714844e+00
8.138558387756347656e+00
8.408121109008789062e+00
8.067443847656250000e+00
8.256554603576660156e+00
8.152892112731933594e+00
8.236590385437011719e+00
8.088564872741699219e+00
7.958336830139160156e+00
8.109479904174804688e+00
7.869470119476318359e+00
8.144477844238281250e+00
7.953216075897216797e+00
7.790646553039550781e+00
8.388308525085449219e+00
7.859524726867675781e+00
8.021991729736328125e+00
8.165749549865722656e+00
8.253913879394531250e+00
8.028379440307617188e+00
8.191864013671875000e+00
8.088629722595214844e+00
8.319991111755371094e+00
8.246298789978027344e+00
8.136845588684082031e+00
8.144772529602050781e+00
8.228963851928710938e+00
8.036316871643066406e+00
8.176712036132812500e+00
8.071597099304199219e+00
8.179434776306152344e+00
8.035773277282714844e+00
8.113534927368164062e+00
8.065423011779785156e+00
7.876406669616699219e+00
8.076351165771484375e+00
8.205507278442382812e+00
8.148316383361816406e+00
8.225972175598144531e+00
7.885596275329589844e+00
8.051729202270507812e+00
8.170584678649902344e+00
8.166605949401855469e+00
8.117021560668945312e+00
8.300646781921386719e+00
8.061327934265136719e+00
8.209257125854492188e+00
7.897084236145019531e+00
8.037344932556152344e+00
8.287610054016113281e+00
8.127524375915527344e+00
8.021792411804199219e+00
8.189142227172851562e+00
8.255084991455078125e+00
8.194984436035156250e+00
8.113963127136230469e+00
8.056308746337890625e+00
7.874552726745605469e+00
8.144232749938964844e+00
8.241456985473632812e+00
8.210914611816406250e+00
7.841541767120361328e+00
8.019154548645019531e+00
8.133901596069335938e+00
7.888441085815429688e+00
8.127268791198730469e+00
8.488886833190917969e+00
8.286285400390625000e+00
7.946652889251708984e+00
8.487164497375488281e+00
8.265228271484375000e+00
8.053849220275878906e+00
8.043663978576660156e+00
8.104106903076171875e+00
8.013691902160644531e+00
8.034466743469238281e+00
8.206137657165527344e+00
7.717338562011718750e+00
8.083909988403320312e+00
8.100817680358886719e+00
8.185068130493164062e+00
8.303610801696777344e+00
8.111166954040527344e+00
8.248501777648925781e+00
7.967479228973388672e+00
8.218297004699707031e+00
8.052304267883300781e+00
8.089231491088867188e+00
8.328410148620605469e+00
7.980516910552978516e+00
7.935476303100585938e+00
8.015255928039550781e+00
8.095241546630859375e+00
8.165711402893066406e+00
8.453525543212890625e+00
8.194122314453125000e+00
8.126719474792480469e+00
8.115885734558105469e+00
7.991416931152343750e+00
7.965204238891601562e+00
8.203836441040039062e+00
7.610156059265136719e+00
7.857670783996582031e+00
8.050490379333496094e+00
7.861048698425292969e+00
7.854571342468261719e+00
8.275918960571289062e+00
8.212803840637207031e+00
7.944117069244384766e+00
8.246621131896972656e+00
8.114625930786132812e+00
8.257409095764160156e+00
8.010040283203125000e+00
8.109129905700683594e+00
8.021773338317871094e+00
8.135629653930664062e+00
8.095894813537597656e+00
8.315378189086914062e+00
8.567240715026855469e+00
8.390317916870117188e+00
8.286026000976562500e+00
8.242812156677246094e+00
8.148788452148437500e+00
8.267134666442871094e+00
8.323313713073730469e+00
8.213315010070800781e+00
8.107178688049316406e+00
7.996084213256835938e+00
8.068557739257812500e+00
7.626090526580810547e+00
8.226213455200195312e+00
7.985350608825683594e+00
8.254139900207519531e+00
8.110010147094726562e+00
8.078195571899414062e+00
7.907347202301025391e+00
7.954297065734863281e+00
8.224930763244628906e+00
8.218415260314941406e+00
8.275215148925781250e+00
8.360774040222167969e+00
8.121937751770019531e+00
8.112984657287597656e+00
8.251774787902832031e+00
8.039950370788574219e+00
8.369355201721191406e+00
8.110398292541503906e+00
8.264339447021484375e+00
8.173719406127929688e+00
8.230133056640625000e+00
8.363810539245605469e+00
8.211319923400878906e+00
8.275893211364746094e+00
8.207067489624023438e+00
8.005587577819824219e+00
8.246876716613769531e+00
8.152019500732421875e+00
8.027163505554199219e+00
8.244467735290527344e+00
8.163717269897460938e+00
8.071995735168457031e+00
8.322082519531250000e+00
8.098998069763183594e+00
8.266577720642089844e+00
8.291483879089355469e+00
8.156135559082031250e+00
7.942690372467041016e+00
8.245937347412109375e+00
8.249502182006835938e+00
8.098001480102539062e+00
8.130530357360839844e+00
8.271758079528808594e+00
7.798966407775878906e+00
7.994767665863037109e+00
8.166466712951660156e+00
8.052227020263671875e+00
8.139893531799316406e+00
8.283913612365722656e+00
8.422184944152832031e+00
8.068288803100585938e+00
8.030440330505371094e+00
8.114713668823242188e+00
8.180004119873046875e+00
8.076315879821777344e+00
7.882474899291992188e+00
7.936703681945800781e+00
7.912179946899414062e+00
7.980298042297363281e+00
8.153083801269531250e+00
8.120690345764160156e+00
8.287560462951660156e+00
8.065387725830078125e+00
8.181543350219726562e+00
8.200612068176269531e+00
7.984669685363769531e+00
8.047553062438964844e+00
8.160064697265625000e+00
8.166750907897949219e+00
7.935711860656738281e+00
7.965296268463134766e+00
8.136948585510253906e+00
8.217376708984375000e+00
8.146250724792480469e+00
8.200321197509765625e+00
8.010527610778808594e+00
8.008637428283691406e+00
8.092909812927246094e+00
7.816098213195800781e+00
8.174764633178710938e+00
8.305547714233398438e+00
7.824255943298339844e+00
8.190358161926269531e+00
8.144756317138671875e+00
8.305659294128417969e+00
8.119059562683105469e+00
8.499422073364257812e+00
7.881527900695800781e+00
7.918067932128906250e+00
7.978800296783447266e+00
7.954133987426757812e+00
8.103285789489746094e+00
8.124350547790527344e+00
8.087903976440429688e+00
8.032505035400390625e+00
7.956391334533691406e+00
8.139013290405273438e+00
8.103277206420898438e+00
8.203969955444335938e+00
8.148108482360839844e+00
8.188375473022460938e+00
8.247593879699707031e+00
8.212839126586914062e+00
8.255460739135742188e+00
7.746088504791259766e+00
8.024830818176269531e+00
7.942124366760253906e+00
7.933852195739746094e+00
8.131742477416992188e+00
8.177514076232910156e+00
8.121966361999511719e+00
8.133623123168945312e+00
7.918062210083007812e+00
8.086809158325195312e+00
8.310254096984863281e+00
8.102106094360351562e+00
8.260435104370117188e+00
7.910577774047851562e+00
8.219547271728515625e+00
7.963811397552490234e+00
7.736390590667724609e+00
7.991571426391601562e+00
8.282510757446289062e+00
8.081915855407714844e+00
8.172935485839843750e+00
7.996456146240234375e+00
8.297912597656250000e+00
8.028300285339355469e+00
8.122498512268066406e+00
8.072433471679687500e+00
7.923661708831787109e+00
8.185520172119140625e+00
8.109015464782714844e+00
7.988699436187744141e+00
8.325530052185058594e+00
8.203110694885253906e+00
8.234091758728027344e+00
8.345588684082031250e+00
8.198263168334960938e+00
8.156402587890625000e+00
8.203625679016113281e+00
8.140396118164062500e+00
8.212666511535644531e+00
8.015164375305175781e+00
7.944042682647705078e+00
8.243334770202636719e+00
8.078396797180175781e+00
8.185628890991210938e+00
8.166997909545898438e+00
8.328806877136230469e+00
7.947206974029541016e+00
8.025481224060058594e+00
8.034545898437500000e+00
8.164928436279296875e+00
7.774131298065185547e+00
8.373456954956054688e+00
8.260111808776855469e+00
8.093840599060058594e+00
8.002243995666503906e+00
8.272871017456054688e+00
7.864943981170654297e+00
8.162162780761718750e+00
8.051969528198242188e+00
8.103864669799804688e+00
7.971747398376464844e+00
8.343647956848144531e+00
7.816717624664306641e+00
8.081308364868164062e+00
7.992384433746337891e+00
8.013586044311523438e+00
8.266365051269531250e+00
8.116563796997070312e+00
8.216794967651367188e+00
8.167472839355468750e+00
7.865905761718750000e+00
8.125863075256347656e+00
8.154074668884277344e+00
8.179465293884277344e+00
8.285355567932128906e+00
8.202118873596191406e+00
7.786779403686523438e+00
8.321618080139160156e+00
8.326302528381347656e+00
8.305214881896972656e+00
7.974733829498291016e+00
7.902143478393554688e+00
8.278215408325195312e+00
8.081615447998046875e+00
8.175231933593750000e+00
8.085051536560058594e+00
8.289358139038085938e+00
8.214572906494140625e+00
8.096245765686035156e+00
8.051747322082519531e+00
8.169416427612304688e+00
8.186131477355957031e+00
8.219177246093750000e+00
7.957220077514648438e+00
8.198833465576171875e+00
7.908749580383300781e+00
8.145631790161132812e+00
8.234524726867675781e+00
8.212904930114746094e+00
8.071859359741210938e+00
8.450553894042968750e+00
7.965945720672607422e+00
8.304239273071289062e+00
8.191230773925781250e+00
8.303539276123046875e+00
8.107451438903808594e+00
7.879832744598388672e+00
8.149195671081542969e+00
8.042377471923828125e+00
8.138912200927734375e+00
8.303234100341796875e+00
8.191195487976074219e+00
8.005746841430664062e+00
8.308193206787109375e+00
8.220851898193359375e+00
7.777368068695068359e+00
8.248331069946289062e+00
8.365601539611816406e+00
7.936234474182128906e+00
7.871801853179931641e+00
7.809781551361083984e+00
8.134013175964355469e+00
8.044892311096191406e+00
8.110938072204589844e+00
8.247553825378417969e+00
8.244839668273925781e+00
8.081373214721679688e+00
8.132314682006835938e+00
8.113497734069824219e+00
7.808228492736816406e+00
8.176378250122070312e+00
8.080541610717773438e+00
8.292313575744628906e+00
8.048867225646972656e+00
8.083839416503906250e+00
8.033544540405273438e+00
8.249248504638671875e+00
8.283798217773437500e+00
7.808841705322265625e+00
8.372996330261230469e+00
7.922533035278320312e+00
8.075928688049316406e+00
8.044935226440429688e+00
7.970147132873535156e+00
8.253239631652832031e+00
7.858156204223632812e+00
8.154446601867675781e+00
8.127836227416992188e+00
8.106040000915527344e+00
8.192293167114257812e+00
8.304869651794433594e+00
8.138680458068847656e+00
7.963592052459716797e+00
7.928327083587646484e+00
8.145431518554687500e+00
8.220715522766113281e+00
8.172472000122070312e+00
8.291674613952636719e+00
8.187622070312500000e+00
7.809670448303222656e+00
8.003570556640625000e+00
8.106402397155761719e+00
8.143851280212402344e+00
8.110998153686523438e+00
8.430392265319824219e+00
8.320996284484863281e+00
8.287947654724121094e+00
8.122651100158691406e+00
8.244365692138671875e+00
8.167192459106445312e+00
7.856440544128417969e+00
8.081856727600097656e+00
8.194136619567871094e+00
8.097136497497558594e+00
8.073757171630859375e+00
8.136260032653808594e+00
8.086612701416015625e+00
8.068793296813964844e+00
8.066508293151855469e+00
8.225752830505371094e+00
8.090167999267578125e+00
7.992674350738525391e+00
8.039875984191894531e+00
7.933799743652343750e+00
8.050661087036132812e+00
8.091631889343261719e+00
8.251277923583984375e+00
8.275756835937500000e+00
8.120572090148925781e+00
8.167910575866699219e+00
8.212310791015625000e+00
8.179758071899414062e+00
8.336680412292480469e+00
8.270129203796386719e+00
8.007561683654785156e+00
8.127241134643554688e+00
8.017573356628417969e+00
8.069569587707519531e+00
7.906093120574951172e+00
8.232827186584472656e+00
8.392442703247070312e+00
7.866513729095458984e+00
8.295145034790039062e+00
8.356931686401367188e+00
8.124293327331542969e+00
7.778924465179443359e+00
8.119212150573730469e+00
8.252494812011718750e+00
8.178318977355957031e+00
8.035132408142089844e+00
8.071155548095703125e+00
7.813170433044433594e+00
8.000605583190917969e+00
8.013614654541015625e+00
8.072737693786621094e+00
7.964482784271240234e+00
8.098114967346191406e+00
8.125374794006347656e+00
8.083493232727050781e+00
7.995771408081054688e+00
8.093246459960937500e+00
8.397454261779785156e+00
8.040485382080078125e+00
8.216474533081054688e+00
8.049719810485839844e+00
7.987775802612304688e+00
8.174082756042480469e+00
8.292766571044921875e+00
7.925293922424316406e+00
8.002409934997558594e+00
8.009744644165039062e+00
8.232235908508300781e+00
8.283688545227050781e+00
7.952610015869140625e+00
8.008992195129394531e+00
7.827085018157958984e+00
8.093166351318359375e+00
7.864447116851806641e+00
8.194706916809082031e+00
7.860280990600585938e+00
8.120122909545898438e+00
8.296237945556640625e+00
7.982312679290771484e+00
8.303357124328613281e+00
8.256522178649902344e+00
8.210456848144531250e+00
8.273462295532226562e+00
8.295961380004882812e+00
8.214329719543457031e+00
7.966189861297607422e+00
8.065266609191894531e+00
8.091660499572753906e+00
8.100226402282714844e+00
7.975114345550537109e+00
8.201476097106933594e+00
8.234816551208496094e+00
8.185992240905761719e+00
8.275222778320312500e+00
8.048369407653808594e+00
8.280253410339355469e+00
8.175342559814453125e+00
8.083103179931640625e+00
8.155780792236328125e+00
8.142782211303710938e+00
7.986564636230468750e+00
8.320510864257812500e+00
8.005970954895019531e+00
8.254137039184570312e+00
8.078679084777832031e+00
8.009397506713867188e+00
7.421474456787109375e+00
8.283622741699218750e+00
8.182353973388671875e+00
8.191585540771484375e+00
8.323131561279296875e+00
8.106391906738281250e+00
8.230265617370605469e+00
7.957853317260742188e+00
8.181629180908203125e+00
8.063126564025878906e+00
8.154435157775878906e+00
8.269015312194824219e+00
8.179944992065429688e+00
7.889639377593994141e+00
8.363305091857910156e+00
8.046386718750000000e+00
8.341340065002441406e+00
7.990229129791259766e+00
8.195629119873046875e+00
7.592441558837890625e+00
7.873804092407226562e+00
8.130889892578125000e+00
8.199940681457519531e+00
8.279305458068847656e+00
8.195920944213867188e+00
8.014271736145019531e+00
8.054197311401367188e+00
8.243402481079101562e+00
8.318010330200195312e+00
8.300516128540039062e+00
8.329264640808105469e+00
8.049463272094726562e+00
8.205957412719726562e+00
8.040519714355468750e+00
8.016152381896972656e+00
7.980406761169433594e+00
8.198223114013671875e+00
8.126482009887695312e+00
8.096774101257324219e+00
8.244843482971191406e+00
7.839778423309326172e+00
8.105195045471191406e+00
8.017105102539062500e+00
8.020965576171875000e+00
8.169223785400390625e+00
8.067830085754394531e+00
8.086464881896972656e+00
8.212517738342285156e+00
8.269206047058105469e+00
8.070354461669921875e+00
8.092271804809570312e+00
7.748615264892578125e+00
8.263143539428710938e+00
8.198702812194824219e+00
8.146332740783691406e+00
8.025797843933105469e+00
8.116021156311035156e+00
8.040585517883300781e+00
8.042083740234375000e+00
8.199556350708007812e+00
8.328758239746093750e+00
8.265494346618652344e+00
8.083828926086425781e+00
8.051399230957031250e+00
8.089622497558593750e+00
7.901227951049804688e+00
8.246744155883789062e+00
8.314282417297363281e+00
7.945362567901611328e+00
8.194182395935058594e+00
7.953747749328613281e+00
8.285537719726562500e+00
8.392970085144042969e+00
8.232989311218261719e+00
8.108112335205078125e+00
7.948959350585937500e+00
8.215343475341796875e+00
8.162339210510253906e+00
8.072417259216308594e+00
8.057004928588867188e+00
8.118119239807128906e+00
8.201388359069824219e+00
7.944347858428955078e+00
8.205348014831542969e+00
8.155685424804687500e+00
7.909240245819091797e+00
8.135999679565429688e+00
8.219259262084960938e+00
8.063968658447265625e+00
7.997616291046142578e+00
8.116424560546875000e+00
8.092282295227050781e+00
7.649052619934082031e+00
8.130279541015625000e+00
8.226908683776855469e+00
7.894486904144287109e+00
8.078215599060058594e+00
8.047402381896972656e+00
8.110938072204589844e+00
8.037350654602050781e+00
8.139354705810546875e+00
8.062060356140136719e+00
7.927408695220947266e+00
7.947801113128662109e+00
8.016184806823730469e+00
8.287389755249023438e+00
8.155135154724121094e+00
8.202968597412109375e+00
8.109028816223144531e+00
8.126598358154296875e+00
8.331257820129394531e+00
8.125022888183593750e+00
8.206315040588378906e+00
8.407843589782714844e+00
8.151823997497558594e+00
8.015336036682128906e+00
8.164839744567871094e+00
8.283445358276367188e+00
8.180775642395019531e+00
8.287365913391113281e+00
8.268158912658691406e+00
8.089745521545410156e+00
8.162102699279785156e+00
8.149929046630859375e+00
8.084861755371093750e+00
8.244856834411621094e+00
7.985064506530761719e+00
7.830257892608642578e+00
7.995507240295410156e+00
8.056172370910644531e+00
8.057460784912109375e+00
8.282142639160156250e+00
8.031090736389160156e+00
8.123351097106933594e+00
8.096855163574218750e+00
8.309864997863769531e+00
7.949110984802246094e+00
8.331982612609863281e+00
8.164668083190917969e+00
8.063666343688964844e+00
8.088061332702636719e+00
8.194032669067382812e+00
7.884120941162109375e+00
7.894715309143066406e+00
7.997284889221191406e+00
8.229265213012695312e+00
8.371541976928710938e+00
7.958366394042968750e+00
8.424354553222656250e+00
8.133890151977539062e+00
8.131547927856445312e+00
8.198586463928222656e+00
7.940596103668212891e+00
7.944797515869140625e+00
8.315764427185058594e+00
8.011387825012207031e+00
8.290796279907226562e+00
8.103681564331054688e+00
7.987223148345947266e+00
8.178442001342773438e+00
7.997624397277832031e+00
8.237954139709472656e+00
8.060234069824218750e+00
8.086340904235839844e+00
8.193310737609863281e+00
7.614775180816650391e+00
8.215443611145019531e+00
8.002715110778808594e+00
8.202694892883300781e+00
7.964281558990478516e+00
8.194813728332519531e+00
8.129725456237792969e+00
8.184864044189453125e+00
8.075063705444335938e+00
8.177163124084472656e+00
8.221757888793945312e+00
8.103655815124511719e+00
8.217296600341796875e+00
8.228363990783691406e+00
8.185617446899414062e+00
7.804183483123779297e+00
7.998226165771484375e+00
7.962254047393798828e+00
8.388378143310546875e+00
8.188495635986328125e+00
7.877579212188720703e+00
8.024966239929199219e+00
8.023196220397949219e+00
8.357963562011718750e+00
8.207517623901367188e+00
8.109674453735351562e+00
8.107535362243652344e+00
8.157450675964355469e+00
8.248909950256347656e+00
7.916826248168945312e+00
8.169974327087402344e+00
8.150284767150878906e+00
8.049392700195312500e+00
8.372903823852539062e+00
8.329766273498535156e+00
8.379137992858886719e+00
8.013394355773925781e+00
8.236651420593261719e+00
8.120202064514160156e+00
8.210021018981933594e+00
7.993016719818115234e+00
7.948918342590332031e+00
7.778832435607910156e+00
8.205626487731933594e+00
8.235903739929199219e+00
8.129272460937500000e+00
7.992423534393310547e+00
8.166437149047851562e+00
8.160437583923339844e+00
8.310486793518066406e+00
8.212392807006835938e+00
8.167714118957519531e+00
8.414577484130859375e+00
8.247220993041992188e+00
8.146560668945312500e+00
8.229705810546875000e+00
8.381909370422363281e+00
8.150418281555175781e+00
7.805544853210449219e+00
8.106485366821289062e+00
8.002622604370117188e+00
7.886093616485595703e+00
7.803453922271728516e+00
8.109384536743164062e+00
8.162477493286132812e+00
8.031531333923339844e+00
7.833659172058105469e+00
8.206017494201660156e+00
8.318284988403320312e+00
8.001197814941406250e+00
8.008389472961425781e+00
8.068192481994628906e+00
7.995183944702148438e+00
7.967235565185546875e+00
8.252470016479492188e+00
8.259605407714843750e+00
8.287927627563476562e+00
8.098663330078125000e+00
8.172863960266113281e+00
7.958226680755615234e+00
8.152509689331054688e+00
8.400481224060058594e+00
7.914034366607666016e+00
8.029814720153808594e+00
7.907950878143310547e+00
8.022619247436523438e+00
8.242865562438964844e+00
8.065373420715332031e+00
7.981137275695800781e+00
8.031914710998535156e+00
8.278043746948242188e+00
7.947963237762451172e+00
8.186349868774414062e+00
7.987952232360839844e+00
7.994461059570312500e+00
7.757829189300537109e+00
7.773931503295898438e+00
8.136939048767089844e+00
8.041638374328613281e+00
7.598241806030273438e+00
7.960741043090820312e+00
8.172859191894531250e+00
7.862559318542480469e+00
8.221031188964843750e+00
8.210137367248535156e+00
8.079485893249511719e+00
8.056524276733398438e+00
8.011379241943359375e+00
8.192737579345703125e+00
8.126372337341308594e+00
8.367137908935546875e+00
7.862726688385009766e+00
8.154810905456542969e+00
7.973068237304687500e+00
8.028448104858398438e+00
8.120092391967773438e+00
7.973092079162597656e+00
8.016328811645507812e+00
7.962197303771972656e+00
7.751911163330078125e+00
8.166025161743164062e+00
8.189504623413085938e+00
8.011674880981445312e+00
7.922985076904296875e+00
8.170132637023925781e+00
8.212704658508300781e+00
8.481960296630859375e+00
7.857642173767089844e+00
7.702741622924804688e+00
8.223353385925292969e+00
7.913014411926269531e+00
7.865237236022949219e+00
8.074817657470703125e+00
7.929239749908447266e+00
8.222223281860351562e+00
8.168593406677246094e+00
7.869950771331787109e+00
8.128233909606933594e+00
8.414205551147460938e+00
8.203515052795410156e+00
8.216259956359863281e+00
8.246745109558105469e+00
8.205367088317871094e+00
8.056537628173828125e+00
8.012629508972167969e+00
8.087174415588378906e+00
7.980675220489501953e+00
8.169017791748046875e+00
8.091101646423339844e+00
7.750972270965576172e+00
8.039716720581054688e+00
8.237013816833496094e+00
7.933437824249267578e+00
8.184412956237792969e+00
8.342250823974609375e+00
8.440772056579589844e+00
7.461222648620605469e+00
8.082361221313476562e+00
8.313734054565429688e+00
8.456225395202636719e+00
8.090784072875976562e+00
7.987473011016845703e+00
7.864755153656005859e+00
8.067130088806152344e+00
8.268373489379882812e+00
8.077477455139160156e+00
8.072843551635742188e+00
8.237085342407226562e+00
7.920948505401611328e+00
7.989868640899658203e+00
8.291007041931152344e+00
8.183102607727050781e+00
8.028639793395996094e+00
8.214426994323730469e+00
8.260746955871582031e+00
8.114259719848632812e+00
8.075246810913085938e+00
8.144353866577148438e+00
7.923699378967285156e+00
8.159952163696289062e+00
8.355762481689453125e+00
8.093577384948730469e+00
8.191830635070800781e+00
8.241346359252929688e+00
8.157082557678222656e+00
8.008795738220214844e+00
8.238694190979003906e+00
8.255650520324707031e+00
7.946571826934814453e+00
8.206135749816894531e+00
8.117110252380371094e+00
8.194797515869140625e+00
8.160236358642578125e+00
7.884451389312744141e+00
7.888597488403320312e+00
8.071434020996093750e+00
8.146077156066894531e+00
8.056439399719238281e+00
8.197388648986816406e+00
8.032084465026855469e+00
7.970765590667724609e+00
7.989024639129638672e+00
8.076683044433593750e+00
8.232036590576171875e+00
8.130997657775878906e+00
7.910856246948242188e+00
7.997268199920654297e+00
8.097968101501464844e+00
7.995638370513916016e+00
8.275288581848144531e+00
8.043221473693847656e+00
8.267704010009765625e+00
7.967983722686767578e+00
8.039113998413085938e+00
7.920940876007080078e+00
8.094854354858398438e+00
8.170863151550292969e+00
8.075020790100097656e+00
8.064953804016113281e+00
8.157801628112792969e+00
8.069784164428710938e+00
8.165129661560058594e+00
8.029460906982421875e+00
8.191283226013183594e+00
8.034594535827636719e+00
7.950816631317138672e+00
8.134312629699707031e+00
8.012596130371093750e+00
8.349664688110351562e+00
7.999797821044921875e+00
7.809951305389404297e+00
8.173019409179687500e+00
8.107823371887207031e+00
8.198832511901855469e+00
7.970541477203369141e+00
8.018824577331542969e+00
7.756894111633300781e+00
8.038767814636230469e+00
8.083734512329101562e+00
8.111374855041503906e+00
8.016563415527343750e+00
8.221670150756835938e+00
8.170721054077148438e+00
7.992999553680419922e+00
7.711428642272949219e+00
8.225091934204101562e+00
8.084320068359375000e+00
8.240878105163574219e+00
8.120664596557617188e+00
8.302697181701660156e+00
7.973573684692382812e+00
8.178630828857421875e+00
7.994801044464111328e+00
7.892165184020996094e+00
7.969116687774658203e+00
8.079554557800292969e+00
8.165619850158691406e+00
7.682529449462890625e+00
8.083409309387207031e+00
7.920487880706787109e+00
8.367804527282714844e+00
8.271040916442871094e+00
8.068368911743164062e+00
8.101195335388183594e+00
8.110162734985351562e+00
8.231037139892578125e+00
8.016013145446777344e+00
8.066520690917968750e+00
8.223953247070312500e+00
7.879909992218017578e+00
7.991554737091064453e+00
8.189608573913574219e+00
8.272361755371093750e+00
8.076260566711425781e+00
8.159830093383789062e+00
8.141456604003906250e+00
8.178609848022460938e+00
8.033688545227050781e+00
8.215136528015136719e+00
8.187808990478515625e+00
8.239028930664062500e+00
8.068793296813964844e+00
8.053271293640136719e+00
7.884305477142333984e+00
8.317883491516113281e+00
8.202673912048339844e+00
7.982593059539794922e+00
8.312160491943359375e+00
8.073846817016601562e+00
8.414856910705566406e+00
8.159226417541503906e+00
8.054956436157226562e+00
8.055188179016113281e+00
8.139027595520019531e+00
8.269336700439453125e+00
8.295607566833496094e+00
8.286084175109863281e+00
8.195371627807617188e+00
8.060877799987792969e+00
8.312621116638183594e+00
8.239253997802734375e+00
8.177818298339843750e+00
8.292330741882324219e+00
8.159299850463867188e+00
8.197461128234863281e+00
8.326157569885253906e+00
8.414827346801757812e+00
8.111691474914550781e+00
8.043683052062988281e+00
8.040301322937011719e+00
8.138099670410156250e+00
8.085136413574218750e+00
7.849013328552246094e+00
8.031228065490722656e+00
7.869743824005126953e+00
8.134830474853515625e+00
8.181608200073242188e+00
8.223424911499023438e+00
8.126015663146972656e+00
8.006221771240234375e+00
8.011350631713867188e+00
8.081749916076660156e+00
8.218407630920410156e+00
8.039974212646484375e+00
8.141444206237792969e+00
8.242293357849121094e+00
8.268144607543945312e+00
7.960342884063720703e+00
8.278551101684570312e+00
7.968390464782714844e+00
8.073749542236328125e+00
7.929054737091064453e+00
7.902803421020507812e+00
7.995229244232177734e+00
8.216823577880859375e+00
8.343014717102050781e+00
8.022926330566406250e+00
8.078199386596679688e+00
8.100008010864257812e+00
7.899124622344970703e+00
8.197547912597656250e+00
8.282717704772949219e+00
8.157330513000488281e+00
8.143136024475097656e+00
8.147228240966796875e+00
8.127956390380859375e+00
8.147229194641113281e+00
7.992803096771240234e+00
7.984220027923583984e+00
8.211737632751464844e+00
8.097554206848144531e+00
8.089695930480957031e+00
8.016858100891113281e+00
8.200519561767578125e+00
8.151084899902343750e+00
8.159639358520507812e+00
8.327991485595703125e+00
8.052657127380371094e+00
8.193027496337890625e+00
8.018910408020019531e+00
8.066404342651367188e+00
7.971598625183105469e+00
8.275490760803222656e+00
8.230206489562988281e+00
8.242524147033691406e+00
8.128329277038574219e+00
8.022177696228027344e+00
8.073459625244140625e+00
7.999972820281982422e+00
7.860710620880126953e+00
7.973402976989746094e+00
8.222881317138671875e+00
8.268762588500976562e+00
8.318841934204101562e+00
8.276573181152343750e+00
8.184693336486816406e+00
8.039408683776855469e+00
7.825816154479980469e+00
8.105237960815429688e+00
8.246657371520996094e+00
7.860249042510986328e+00
8.374345779418945312e+00
7.902153491973876953e+00
8.063965797424316406e+00
8.167143821716308594e+00
8.077830314636230469e+00
8.058261871337890625e+00
8.149558067321777344e+00
8.154104232788085938e+00
8.260769844055175781e+00
8.294858932495117188e+00
7.811999320983886719e+00
7.967667102813720703e+00
8.215710639953613281e+00
8.133508682250976562e+00
8.470838546752929688e+00
8.095625877380371094e+00
8.093558311462402344e+00
7.933639049530029297e+00
8.058440208435058594e+00
8.270726203918457031e+00
8.160504341125488281e+00
8.115543365478515625e+00
8.198454856872558594e+00
7.898860931396484375e+00
8.284842491149902344e+00
8.191844940185546875e+00
7.979492187500000000e+00
8.172518730163574219e+00
8.172504425048828125e+00
8.187700271606445312e+00
8.124875068664550781e+00
8.414567947387695312e+00
7.991029262542724609e+00
8.228021621704101562e+00
8.092233657836914062e+00
7.888254165649414062e+00
8.115039825439453125e+00
8.134297370910644531e+00
8.255214691162109375e+00
8.051544189453125000e+00
8.132308959960937500e+00
8.027068138122558594e+00
7.792519569396972656e+00
8.144421577453613281e+00
7.957687854766845703e+00
8.117841720581054688e+00
8.343916893005371094e+00
8.210491180419921875e+00
7.992679595947265625e+00
8.083600044250488281e+00
8.049298286437988281e+00
8.032659530639648438e+00
8.223877906799316406e+00
8.248769760131835938e+00
8.158437728881835938e+00
8.053568840026855469e+00
8.078749656677246094e+00
8.006420135498046875e+00
8.173183441162109375e+00
8.093638420104980469e+00
8.118381500244140625e+00
8.115007400512695312e+00
8.305294036865234375e+00
8.113759994506835938e+00
7.795713424682617188e+00
8.285766601562500000e+00
8.071517944335937500e+00
7.853041648864746094e+00
8.453030586242675781e+00
7.909539222717285156e+00
8.139112472534179688e+00
8.067216873168945312e+00
8.067556381225585938e+00
8.283762931823730469e+00
8.153697967529296875e+00
8.200675010681152344e+00
7.931595325469970703e+00
8.106233596801757812e+00
8.069226264953613281e+00
8.422842025756835938e+00
8.093177795410156250e+00
8.140569686889648438e+00
8.046523094177246094e+00
8.019075393676757812e+00
7.958466053009033203e+00
8.043295860290527344e+00
8.282071113586425781e+00
8.069462776184082031e+00
7.835447788238525391e+00
8.313201904296875000e+00
8.199810028076171875e+00
8.268596649169921875e+00
8.216343879699707031e+00
8.106815338134765625e+00
7.962471961975097656e+00
7.998080253601074219e+00
8.318519592285156250e+00
8.174530029296875000e+00
8.099472999572753906e+00
7.751646041870117188e+00
8.078703880310058594e+00
8.185612678527832031e+00
8.263977050781250000e+00
8.198034286499023438e+00
8.297080039978027344e+00
7.968379497528076172e+00
8.014129638671875000e+00
8.258049011230468750e+00
7.858010768890380859e+00
8.167015075683593750e+00
8.259593963623046875e+00
8.154014587402343750e+00
8.095284461975097656e+00
8.189868927001953125e+00
7.920969486236572266e+00
8.238146781921386719e+00
8.288995742797851562e+00
8.206264495849609375e+00
8.243468284606933594e+00
8.063387870788574219e+00
8.355874061584472656e+00
7.765231132507324219e+00
8.028651237487792969e+00
8.024514198303222656e+00
8.107329368591308594e+00
7.983743190765380859e+00
7.953326702117919922e+00
8.278177261352539062e+00
8.276559829711914062e+00
8.243231773376464844e+00
8.122571945190429688e+00
8.351525306701660156e+00
7.968390941619873047e+00
7.955173015594482422e+00
7.964998245239257812e+00
8.205287933349609375e+00
7.977793216705322266e+00
8.207717895507812500e+00
8.096351623535156250e+00
8.103275299072265625e+00
7.976634025573730469e+00
8.363415718078613281e+00
8.025068283081054688e+00
8.115507125854492188e+00
8.152304649353027344e+00
8.074911117553710938e+00
8.069067001342773438e+00
8.226650238037109375e+00
8.018488883972167969e+00
8.177535057067871094e+00
8.249335289001464844e+00
8.136083602905273438e+00
8.145454406738281250e+00
7.572585582733154297e+00
8.286759376525878906e+00
8.009243965148925781e+00
8.109957695007324219e+00
8.280547142028808594e+00
8.218193054199218750e+00
7.971886634826660156e+00
8.176740646362304688e+00
8.456272125244140625e+00
8.002179145812988281e+00
8.135369300842285156e+00
8.148323059082031250e+00
7.943524360656738281e+00
