0.000000000000000000e+00
0.000000000000000000e+00
0.000000000000000000e+00
0.000000000000000000e+00
0.000000000000000000e+00
0.000000000000000000e+00
0.000000000000000000e+00
0.000000000000000000e+00
0.000000000000000000e+00
4.655493539758026600e-04
0.000000000000000000e+00
0.000000000000000000e+00
0.000000000000000000e+00
0.000000000000000000e+00
0.000000000000000000e+00
0.000000000000000000e+00
0.000000000000000000e+00
0.000000000000000000e+00
0.000000000000000000e+00
0.000000000000000000e+00
0.000000000000000000e+00
0.000000000000000000e+00
0.000000000000000000e+00
0.000000000000000000e+00
0.000000000000000000e+00
0.000000000000000000e+00
0.000000000000000000e+00
0.000000000000000000e+00
0.000000000000000000e+00
0.000000000000000000e+00
0.000000000000000000e+00
0.000000000000000000e+00
0.000000000000000000e+00
0.000000000000000000e+00
0.000000000000000000e+00
0.000000000000000000e+00
0.000000000000000000e+00
0.000000000000000000e+00
0.000000000000000000e+00
0.000000000000000000e+00
0.000000000000000000e+00
0.000000000000000000e+00
0.000000000000000000e+00
0.000000000000000000e+00
0.000000000000000000e+00
0.000000000000000000e+00
0.000000000000000000e+00
0.000000000000000000e+00
0.000000000000000000e+00
0.000000000000000000e+00
0.000000000000000000e+00
0.000000000000000000e+00
0.000000000000000000e+00
0.000000000000000000e+00
6.506181089207530022e-04
0.000000000000000000e+00
0.000000000000000000e+00
0.000000000000000000e+00
0.000000000000000000e+00
0.000000000000000000e+00
0.000000000000000000e+00
0.000000000000000000e+00
0.000000000000000000e+00
0.000000000000000000e+00
0.000000000000000000e+00
0.000000000000000000e+00
0.000000000000000000e+00
0.000000000000000000e+00
0.000000000000000000e+00
0.000000000000000000e+00
0.000000000000000000e+00
0.000000000000000000e+00
0.000000000000000000e+00
0.000000000000000000e+00
0.000000000000000000e+00
0.000000000000000000e+00
0.000000000000000000e+00
0.000000000000000000e+00
0.000000000000000000e+00
0.000000000000000000e+00
0.000000000000000000e+00
0.000000000000000000e+00
0.000000000000000000e+00
0.000000000000000000e+00
0.000000000000000000e+00
0.000000000000000000e+00
0.000000000000000000e+00
0.000000000000000000e+00
0.000000000000000000e+00
0.000000000000000000e+00
0.000000000000000000e+00
0.000000000000000000e+00
0.000000000000000000e+00
0.000000000000000000e+00
0.000000000000000000e+00
0.000000000000000000e+00
0.000000000000000000e+00
0.000000000000000000e+00
0.000000000000000000e+00
0.000000000000000000e+00
0.000000000000000000e+00
0.000000000000000000e+00
0.000000000000000000e+00
0.000000000000000000e+00
0.000000000000000000e+00
0.000000000000000000e+00
0.000000000000000000e+00
7.733951788395643234e-04
0.000000000000000000e+00
0.000000000000000000e+00
0.000000000000000000e+00
0.000000000000000000e+00
0.000000000000000000e+00
0.000000000000000000e+00
0.000000000000000000e+00
0.000000000000000000e+00
0.000000000000000000e+00
0.000000000000000000e+00
0.000000000000000000e+00
0.000000000000000000e+00
0.000000000000000000e+00
4.401408368721604347e-04
0.000000000000000000e+00
0.000000000000000000e+00
0.000000000000000000e+00
0.000000000000000000e+00
0.000000000000000000e+00
0.000000000000000000e+00
0.000000000000000000e+00
0.000000000000000000e+00
0.000000000000000000e+00
0.000000000000000000e+00
0.000000000000000000e+00
0.000000000000000000e+00
0.000000000000000000e+00
0.000000000000000000e+00
0.000000000000000000e+00
0.000000000000000000e+00
0.000000000000000000e+00
0.000000000000000000e+00
0.000000000000000000e+00
0.000000000000000000e+00
0.000000000000000000e+00
0.000000000000000000e+00
0.000000000000000000e+00
0.000000000000000000e+00
0.000000000000000000e+00
0.000000000000000000e+00
0.000000000000000000e+00
0.000000000000000000e+00
0.000000000000000000e+00
0.000000000000000000e+00
0.000000000000000000e+00
0.000000000000000000e+00
0.000000000000000000e+00
0.000000000000000000e+00
0.000000000000000000e+00
0.000000000000000000e+00
0.000000000000000000e+00
0.000000000000000000e+00
0.000000000000000000e+00
0.000000000000000000e+00
0.000000000000000000e+00
0.000000000000000000e+00
0.000000000000000000e+00
0.000000000000000000e+00
0.000000000000000000e+00
6.784260622225701809e-04
0.000000000000000000e+00
0.000000000000000000e+00
0.000000000000000000e+00
0.000000000000000000e+00
0.000000000000000000e+00
0.000000000000000000e+00
0.000000000000000000e+00
0.000000000000000000e+00
0.000000000000000000e+00
0.000000000000000000e+00
0.000000000000000000e+00
0.000000000000000000e+00
0.000000000000000000e+00
0.000000000000000000e+00
0.000000000000000000e+00
0.000000000000000000e+00
0.000000000000000000e+00
1.085776370018720627e-03
0.000000000000000000e+00
0.000000000000000000e+00
0.000000000000000000e+00
0.000000000000000000e+00
0.000000000000000000e+00
0.000000000000000000e+00
0.000000000000000000e+00
0.000000000000000000e+00
0.000000000000000000e+00
0.000000000000000000e+00
0.000000000000000000e+00
0.000000000000000000e+00
0.000000000000000000e+00
0.000000000000000000e+00
0.000000000000000000e+00
0.000000000000000000e+00
0.000000000000000000e+00
0.000000000000000000e+00
0.000000000000000000e+00
0.000000000000000000e+00
0.000000000000000000e+00
0.000000000000000000e+00
0.000000000000000000e+00
0.000000000000000000e+00
0.000000000000000000e+00
0.000000000000000000e+00
0.000000000000000000e+00
0.000000000000000000e+00
0.000000000000000000e+00
0.000000000000000000e+00
0.000000000000000000e+00
0.000000000000000000e+00
0.000000000000000000e+00
0.000000000000000000e+00
0.000000000000000000e+00
7.535794866271317005e-04
0.000000000000000000e+00
0.000000000000000000e+00
0.000000000000000000e+00
0.000000000000000000e+00
0.000000000000000000e+00
0.000000000000000000e+00
0.000000000000000000e+00
0.000000000000000000e+00
0.000000000000000000e+00
0.000000000000000000e+00
0.000000000000000000e+00
0.000000000000000000e+00
0.000000000000000000e+00
0.000000000000000000e+00
0.000000000000000000e+00
0.000000000000000000e+00
0.000000000000000000e+00
0.000000000000000000e+00
0.000000000000000000e+00
0.000000000000000000e+00
0.000000000000000000e+00
0.000000000000000000e+00
0.000000000000000000e+00
0.000000000000000000e+00
0.000000000000000000e+00
0.000000000000000000e+00
0.000000000000000000e+00
0.000000000000000000e+00
0.000000000000000000e+00
0.000000000000000000e+00
0.000000000000000000e+00
0.000000000000000000e+00
0.000000000000000000e+00
0.000000000000000000e+00
0.000000000000000000e+00
0.000000000000000000e+00
0.000000000000000000e+00
0.000000000000000000e+00
0.000000000000000000e+00
0.000000000000000000e+00
0.000000000000000000e+00
0.000000000000000000e+00
0.000000000000000000e+00
0.000000000000000000e+00
0.000000000000000000e+00
0.000000000000000000e+00
0.000000000000000000e+00
0.000000000000000000e+00
0.000000000000000000e+00
0.000000000000000000e+00
0.000000000000000000e+00
0.000000000000000000e+00
0.000000000000000000e+00
0.000000000000000000e+00
0.000000000000000000e+00
0.000000000000000000e+00
0.000000000000000000e+00
0.000000000000000000e+00
0.000000000000000000e+00
0.000000000000000000e+00
0.000000000000000000e+00
0.000000000000000000e+00
0.000000000000000000e+00
0.000000000000000000e+00
0.000000000000000000e+00
0.000000000000000000e+00
0.000000000000000000e+00
0.000000000000000000e+00
0.000000000000000000e+00
0.000000000000000000e+00
0.000000000000000000e+00
0.000000000000000000e+00
0.000000000000000000e+00
0.000000000000000000e+00
0.000000000000000000e+00
0.000000000000000000e+00
0.000000000000000000e+00
0.000000000000000000e+00
0.000000000000000000e+00
0.000000000000000000e+00
0.000000000000000000e+00
0.000000000000000000e+00
0.000000000000000000e+00
0.000000000000000000e+00
0.000000000000000000e+00
0.000000000000000000e+00
0.000000000000000000e+00
0.000000000000000000e+00
0.000000000000000000e+00
0.000000000000000000e+00
0.000000000000000000e+00
4.545454576145857573e-04
0.000000000000000000e+00
6.016847328282892704e-04
7.007708190940320492e-04
0.000000000000000000e+00
0.000000000000000000e+00
0.000000000000000000e+00
0.000000000000000000e+00
0.000000000000000000e+00
0.000000000000000000e+00
0.000000000000000000e+00
0.000000000000000000e+00
0.000000000000000000e+00
0.000000000000000000e+00
0.000000000000000000e+00
0.000000000000000000e+00
0.000000000000000000e+00
0.000000000000000000e+00
0.000000000000000000e+00
0.000000000000000000e+00
0.000000000000000000e+00
0.000000000000000000e+00
0.000000000000000000e+00
0.000000000000000000e+00
0.000000000000000000e+00
5.727377138100564480e-04
0.000000000000000000e+00
0.000000000000000000e+00
0.000000000000000000e+00
0.000000000000000000e+00
0.000000000000000000e+00
0.000000000000000000e+00
0.000000000000000000e+00
0.000000000000000000e+00
0.000000000000000000e+00
0.000000000000000000e+00
0.000000000000000000e+00
0.000000000000000000e+00
0.000000000000000000e+00
0.000000000000000000e+00
0.000000000000000000e+00
0.000000000000000000e+00
0.000000000000000000e+00
0.000000000000000000e+00
0.000000000000000000e+00
0.000000000000000000e+00
0.000000000000000000e+00
0.000000000000000000e+00
0.000000000000000000e+00
0.000000000000000000e+00
0.000000000000000000e+00
0.000000000000000000e+00
0.000000000000000000e+00
0.000000000000000000e+00
0.000000000000000000e+00
0.000000000000000000e+00
0.000000000000000000e+00
0.000000000000000000e+00
9.107468067668378353e-04
0.000000000000000000e+00
0.000000000000000000e+00
0.000000000000000000e+00
0.000000000000000000e+00
0.000000000000000000e+00
0.000000000000000000e+00
0.000000000000000000e+00
0.000000000000000000e+00
0.000000000000000000e+00
0.000000000000000000e+00
0.000000000000000000e+00
0.000000000000000000e+00
0.000000000000000000e+00
0.000000000000000000e+00
0.000000000000000000e+00
0.000000000000000000e+00
0.000000000000000000e+00
0.000000000000000000e+00
0.000000000000000000e+00
0.000000000000000000e+00
0.000000000000000000e+00
0.000000000000000000e+00
0.000000000000000000e+00
0.000000000000000000e+00
0.000000000000000000e+00
0.000000000000000000e+00
0.000000000000000000e+00
0.000000000000000000e+00
0.000000000000000000e+00
0.000000000000000000e+00
0.000000000000000000e+00
0.000000000000000000e+00
0.000000000000000000e+00
0.000000000000000000e+00
0.000000000000000000e+00
0.000000000000000000e+00
0.000000000000000000e+00
0.000000000000000000e+00
0.000000000000000000e+00
0.000000000000000000e+00
0.000000000000000000e+00
0.000000000000000000e+00
0.000000000000000000e+00
0.000000000000000000e+00
0.000000000000000000e+00
0.000000000000000000e+00
0.000000000000000000e+00
0.000000000000000000e+00
0.000000000000000000e+00
0.000000000000000000e+00
0.000000000000000000e+00
0.000000000000000000e+00
0.000000000000000000e+00
0.000000000000000000e+00
0.000000000000000000e+00
0.000000000000000000e+00
0.000000000000000000e+00
0.000000000000000000e+00
0.000000000000000000e+00
0.000000000000000000e+00
0.000000000000000000e+00
0.000000000000000000e+00
0.000000000000000000e+00
0.000000000000000000e+00
0.000000000000000000e+00
0.000000000000000000e+00
0.000000000000000000e+00
0.000000000000000000e+00
0.000000000000000000e+00
6.583278300240635872e-04
0.000000000000000000e+00
0.000000000000000000e+00
0.000000000000000000e+00
0.000000000000000000e+00
0.000000000000000000e+00
0.000000000000000000e+00
0.000000000000000000e+00
0.000000000000000000e+00
0.000000000000000000e+00
0.000000000000000000e+00
0.000000000000000000e+00
0.000000000000000000e+00
0.000000000000000000e+00
0.000000000000000000e+00
0.000000000000000000e+00
0.000000000000000000e+00
0.000000000000000000e+00
0.000000000000000000e+00
0.000000000000000000e+00
0.000000000000000000e+00
0.000000000000000000e+00
0.000000000000000000e+00
0.000000000000000000e+00
0.000000000000000000e+00
0.000000000000000000e+00
0.000000000000000000e+00
0.000000000000000000e+00
0.000000000000000000e+00
0.000000000000000000e+00
0.000000000000000000e+00
0.000000000000000000e+00
0.000000000000000000e+00
0.000000000000000000e+00
0.000000000000000000e+00
0.000000000000000000e+00
0.000000000000000000e+00
0.000000000000000000e+00
0.000000000000000000e+00
0.000000000000000000e+00
0.000000000000000000e+00
0.000000000000000000e+00
0.000000000000000000e+00
0.000000000000000000e+00
0.000000000000000000e+00
0.000000000000000000e+00
0.000000000000000000e+00
0.000000000000000000e+00
0.000000000000000000e+00
0.000000000000000000e+00
0.000000000000000000e+00
0.000000000000000000e+00
0.000000000000000000e+00
0.000000000000000000e+00
0.000000000000000000e+00
0.000000000000000000e+00
0.000000000000000000e+00
0.000000000000000000e+00
0.000000000000000000e+00
0.000000000000000000e+00
0.000000000000000000e+00
0.000000000000000000e+00
0.000000000000000000e+00
0.000000000000000000e+00
0.000000000000000000e+00
0.000000000000000000e+00
0.000000000000000000e+00
6.561679765582084656e-04
0.000000000000000000e+00
0.000000000000000000e+00
0.000000000000000000e+00
0.000000000000000000e+00
5.662514013238251209e-04
0.000000000000000000e+00
0.000000000000000000e+00
0.000000000000000000e+00
0.000000000000000000e+00
0.000000000000000000e+00
0.000000000000000000e+00
0.000000000000000000e+00
0.000000000000000000e+00
5.707762320525944233e-04
0.000000000000000000e+00
0.000000000000000000e+00
0.000000000000000000e+00
0.000000000000000000e+00
0.000000000000000000e+00
0.000000000000000000e+00
0.000000000000000000e+00
0.000000000000000000e+00
0.000000000000000000e+00
0.000000000000000000e+00
0.000000000000000000e+00
0.000000000000000000e+00
0.000000000000000000e+00
0.000000000000000000e+00
0.000000000000000000e+00
0.000000000000000000e+00
0.000000000000000000e+00
0.000000000000000000e+00
0.000000000000000000e+00
0.000000000000000000e+00
0.000000000000000000e+00
0.000000000000000000e+00
6.402048747986555099e-04
0.000000000000000000e+00
0.000000000000000000e+00
0.000000000000000000e+00
0.000000000000000000e+00
0.000000000000000000e+00
0.000000000000000000e+00
0.000000000000000000e+00
0.000000000000000000e+00
0.000000000000000000e+00
0.000000000000000000e+00
0.000000000000000000e+00
0.000000000000000000e+00
0.000000000000000000e+00
0.000000000000000000e+00
0.000000000000000000e+00
0.000000000000000000e+00
0.000000000000000000e+00
0.000000000000000000e+00
0.000000000000000000e+00
0.000000000000000000e+00
0.000000000000000000e+00
0.000000000000000000e+00
0.000000000000000000e+00
0.000000000000000000e+00
0.000000000000000000e+00
0.000000000000000000e+00
7.057163165882229805e-04
0.000000000000000000e+00
0.000000000000000000e+00
0.000000000000000000e+00
0.000000000000000000e+00
0.000000000000000000e+00
0.000000000000000000e+00
0.000000000000000000e+00
0.000000000000000000e+00
0.000000000000000000e+00
0.000000000000000000e+00
0.000000000000000000e+00
0.000000000000000000e+00
0.000000000000000000e+00
0.000000000000000000e+00
0.000000000000000000e+00
0.000000000000000000e+00
0.000000000000000000e+00
0.000000000000000000e+00
0.000000000000000000e+00
0.000000000000000000e+00
0.000000000000000000e+00
0.000000000000000000e+00
0.000000000000000000e+00
0.000000000000000000e+00
0.000000000000000000e+00
0.000000000000000000e+00
0.000000000000000000e+00
0.000000000000000000e+00
0.000000000000000000e+00
0.000000000000000000e+00
0.000000000000000000e+00
0.000000000000000000e+00
0.000000000000000000e+00
0.000000000000000000e+00
0.000000000000000000e+00
0.000000000000000000e+00
0.000000000000000000e+00
0.000000000000000000e+00
0.000000000000000000e+00
0.000000000000000000e+00
0.000000000000000000e+00
0.000000000000000000e+00
0.000000000000000000e+00
0.000000000000000000e+00
0.000000000000000000e+00
0.000000000000000000e+00
0.000000000000000000e+00
0.000000000000000000e+00
0.000000000000000000e+00
0.000000000000000000e+00
0.000000000000000000e+00
0.000000000000000000e+00
0.000000000000000000e+00
0.000000000000000000e+00
0.000000000000000000e+00
0.000000000000000000e+00
0.000000000000000000e+00
0.000000000000000000e+00
0.000000000000000000e+00
0.000000000000000000e+00
0.000000000000000000e+00
1.203369465656578541e-03
0.000000000000000000e+00
0.000000000000000000e+00
0.000000000000000000e+00
0.000000000000000000e+00
0.000000000000000000e+00
0.000000000000000000e+00
0.000000000000000000e+00
0.000000000000000000e+00
0.000000000000000000e+00
0.000000000000000000e+00
0.000000000000000000e+00
0.000000000000000000e+00
0.000000000000000000e+00
0.000000000000000000e+00
0.000000000000000000e+00
0.000000000000000000e+00
0.000000000000000000e+00
0.000000000000000000e+00
0.000000000000000000e+00
0.000000000000000000e+00
0.000000000000000000e+00
0.000000000000000000e+00
0.000000000000000000e+00
5.871990579180419445e-04
0.000000000000000000e+00
0.000000000000000000e+00
0.000000000000000000e+00
0.000000000000000000e+00
0.000000000000000000e+00
0.000000000000000000e+00
0.000000000000000000e+00
0.000000000000000000e+00
0.000000000000000000e+00
0.000000000000000000e+00
0.000000000000000000e+00
0.000000000000000000e+00
0.000000000000000000e+00
0.000000000000000000e+00
0.000000000000000000e+00
0.000000000000000000e+00
0.000000000000000000e+00
0.000000000000000000e+00
0.000000000000000000e+00
0.000000000000000000e+00
0.000000000000000000e+00
0.000000000000000000e+00
0.000000000000000000e+00
0.000000000000000000e+00
0.000000000000000000e+00
7.911392604000866413e-04
0.000000000000000000e+00
0.000000000000000000e+00
0.000000000000000000e+00
0.000000000000000000e+00
0.000000000000000000e+00
0.000000000000000000e+00
0.000000000000000000e+00
0.000000000000000000e+00
0.000000000000000000e+00
0.000000000000000000e+00
0.000000000000000000e+00
0.000000000000000000e+00
0.000000000000000000e+00
0.000000000000000000e+00
0.000000000000000000e+00
0.000000000000000000e+00
0.000000000000000000e+00
0.000000000000000000e+00
0.000000000000000000e+00
0.000000000000000000e+00
0.000000000000000000e+00
0.000000000000000000e+00
0.000000000000000000e+00
0.000000000000000000e+00
0.000000000000000000e+00
0.000000000000000000e+00
0.000000000000000000e+00
0.000000000000000000e+00
0.000000000000000000e+00
0.000000000000000000e+00
0.000000000000000000e+00
0.000000000000000000e+00
0.000000000000000000e+00
0.000000000000000000e+00
0.000000000000000000e+00
0.000000000000000000e+00
0.000000000000000000e+00
0.000000000000000000e+00
0.000000000000000000e+00
0.000000000000000000e+00
0.000000000000000000e+00
0.000000000000000000e+00
0.000000000000000000e+00
0.000000000000000000e+00
0.000000000000000000e+00
0.000000000000000000e+00
9.242144296877086163e-04
0.000000000000000000e+00
0.000000000000000000e+00
0.000000000000000000e+00
0.000000000000000000e+00
0.000000000000000000e+00
0.000000000000000000e+00
0.000000000000000000e+00
0.000000000000000000e+00
0.000000000000000000e+00
0.000000000000000000e+00
0.000000000000000000e+00
0.000000000000000000e+00
0.000000000000000000e+00
0.000000000000000000e+00
0.000000000000000000e+00
0.000000000000000000e+00
0.000000000000000000e+00
0.000000000000000000e+00
0.000000000000000000e+00
0.000000000000000000e+00
0.000000000000000000e+00
0.000000000000000000e+00
0.000000000000000000e+00
0.000000000000000000e+00
0.000000000000000000e+00
0.000000000000000000e+00
0.000000000000000000e+00
0.000000000000000000e+00
0.000000000000000000e+00
0.000000000000000000e+00
0.000000000000000000e+00
0.000000000000000000e+00
0.000000000000000000e+00
0.000000000000000000e+00
0.000000000000000000e+00
0.000000000000000000e+00
0.000000000000000000e+00
0.000000000000000000e+00
0.000000000000000000e+00
6.071645184420049191e-04
0.000000000000000000e+00
0.000000000000000000e+00
0.000000000000000000e+00
0.000000000000000000e+00
0.000000000000000000e+00
0.000000000000000000e+00
0.000000000000000000e+00
0.000000000000000000e+00
0.000000000000000000e+00
0.000000000000000000e+00
0.000000000000000000e+00
0.000000000000000000e+00
0.000000000000000000e+00
0.000000000000000000e+00
0.000000000000000000e+00
0.000000000000000000e+00
0.000000000000000000e+00
0.000000000000000000e+00
0.000000000000000000e+00
0.000000000000000000e+00
6.165227969177067280e-04
0.000000000000000000e+00
0.000000000000000000e+00
0.000000000000000000e+00
0.000000000000000000e+00
0.000000000000000000e+00
0.000000000000000000e+00
0.000000000000000000e+00
0.000000000000000000e+00
0.000000000000000000e+00
0.000000000000000000e+00
0.000000000000000000e+00
9.756097570061683655e-04
7.241129642352461815e-04
0.000000000000000000e+00
0.000000000000000000e+00
0.000000000000000000e+00
0.000000000000000000e+00
0.000000000000000000e+00
0.000000000000000000e+00
0.000000000000000000e+00
0.000000000000000000e+00
0.000000000000000000e+00
0.000000000000000000e+00
0.000000000000000000e+00
0.000000000000000000e+00
0.000000000000000000e+00
0.000000000000000000e+00
0.000000000000000000e+00
0.000000000000000000e+00
0.000000000000000000e+00
0.000000000000000000e+00
0.000000000000000000e+00
0.000000000000000000e+00
0.000000000000000000e+00
0.000000000000000000e+00
0.000000000000000000e+00
0.000000000000000000e+00
0.000000000000000000e+00
0.000000000000000000e+00
0.000000000000000000e+00
0.000000000000000000e+00
0.000000000000000000e+00
0.000000000000000000e+00
0.000000000000000000e+00
0.000000000000000000e+00
0.000000000000000000e+00
0.000000000000000000e+00
0.000000000000000000e+00
0.000000000000000000e+00
0.000000000000000000e+00
0.000000000000000000e+00
0.000000000000000000e+00
0.000000000000000000e+00
0.000000000000000000e+00
0.000000000000000000e+00
0.000000000000000000e+00
0.000000000000000000e+00
0.000000000000000000e+00
0.000000000000000000e+00
0.000000000000000000e+00
0.000000000000000000e+00
0.000000000000000000e+00
0.000000000000000000e+00
0.000000000000000000e+00
0.000000000000000000e+00
0.000000000000000000e+00
0.000000000000000000e+00
0.000000000000000000e+00
0.000000000000000000e+00
8.130081114359200001e-04
0.000000000000000000e+00
0.000000000000000000e+00
0.000000000000000000e+00
0.000000000000000000e+00
5.473453784361481667e-04
0.000000000000000000e+00
0.000000000000000000e+00
0.000000000000000000e+00
0.000000000000000000e+00
0.000000000000000000e+00
0.000000000000000000e+00
0.000000000000000000e+00
0.000000000000000000e+00
0.000000000000000000e+00
0.000000000000000000e+00
0.000000000000000000e+00
0.000000000000000000e+00
0.000000000000000000e+00
0.000000000000000000e+00
0.000000000000000000e+00
0.000000000000000000e+00
7.412898703478276730e-04
0.000000000000000000e+00
0.000000000000000000e+00
0.000000000000000000e+00
0.000000000000000000e+00
0.000000000000000000e+00
0.000000000000000000e+00
0.000000000000000000e+00
0.000000000000000000e+00
0.000000000000000000e+00
0.000000000000000000e+00
0.000000000000000000e+00
0.000000000000000000e+00
0.000000000000000000e+00
0.000000000000000000e+00
0.000000000000000000e+00
0.000000000000000000e+00
0.000000000000000000e+00
0.000000000000000000e+00
0.000000000000000000e+00
0.000000000000000000e+00
0.000000000000000000e+00
0.000000000000000000e+00
1.291155582293868065e-03
0.000000000000000000e+00
0.000000000000000000e+00
0.000000000000000000e+00
0.000000000000000000e+00
0.000000000000000000e+00
0.000000000000000000e+00
0.000000000000000000e+00
0.000000000000000000e+00
0.000000000000000000e+00
0.000000000000000000e+00
0.000000000000000000e+00
0.000000000000000000e+00
0.000000000000000000e+00
5.899704992771148682e-04
0.000000000000000000e+00
0.000000000000000000e+00
0.000000000000000000e+00
0.000000000000000000e+00
0.000000000000000000e+00
0.000000000000000000e+00
0.000000000000000000e+00
0.000000000000000000e+00
0.000000000000000000e+00
0.000000000000000000e+00
0.000000000000000000e+00
0.000000000000000000e+00
0.000000000000000000e+00
0.000000000000000000e+00
0.000000000000000000e+00
0.000000000000000000e+00
0.000000000000000000e+00
0.000000000000000000e+00
0.000000000000000000e+00
0.000000000000000000e+00
0.000000000000000000e+00
0.000000000000000000e+00
0.000000000000000000e+00
0.000000000000000000e+00
0.000000000000000000e+00
0.000000000000000000e+00
0.000000000000000000e+00
0.000000000000000000e+00
0.000000000000000000e+00
0.000000000000000000e+00
0.000000000000000000e+00
0.000000000000000000e+00
0.000000000000000000e+00
0.000000000000000000e+00
0.000000000000000000e+00
0.000000000000000000e+00
0.000000000000000000e+00
0.000000000000000000e+00
0.000000000000000000e+00
0.000000000000000000e+00
0.000000000000000000e+00
0.000000000000000000e+00
0.000000000000000000e+00
0.000000000000000000e+00
0.000000000000000000e+00
0.000000000000000000e+00
0.000000000000000000e+00
0.000000000000000000e+00
0.000000000000000000e+00
0.000000000000000000e+00
0.000000000000000000e+00
0.000000000000000000e+00
0.000000000000000000e+00
0.000000000000000000e+00
0.000000000000000000e+00
0.000000000000000000e+00
0.000000000000000000e+00
0.000000000000000000e+00
0.000000000000000000e+00
0.000000000000000000e+00
0.000000000000000000e+00
0.000000000000000000e+00
0.000000000000000000e+00
0.000000000000000000e+00
0.000000000000000000e+00
0.000000000000000000e+00
0.000000000000000000e+00
0.000000000000000000e+00
0.000000000000000000e+00
0.000000000000000000e+00
0.000000000000000000e+00
0.000000000000000000e+00
0.000000000000000000e+00
0.000000000000000000e+00
0.000000000000000000e+00
0.000000000000000000e+00
0.000000000000000000e+00
0.000000000000000000e+00
0.000000000000000000e+00
5.172413960099220276e-02
7.412790507078170776e-02
5.845674127340316772e-02
6.284530460834503174e-02
6.456346064805984497e-02
8.096141368150711060e-02
5.039465799927711487e-02
5.555555596947669983e-02
6.453305482864379883e-02
6.728299707174301147e-02
8.066759258508682251e-02
5.296127498149871826e-02
5.096977949142456055e-02
5.006418377161026001e-02
4.612978920340538025e-02
6.917164474725723267e-02
5.322580784559249878e-02
6.415478885173797607e-02
7.738095521926879883e-02
6.343283504247665405e-02
6.150793656706809998e-02
5.680990591645240784e-02
6.543291360139846802e-02
6.874265521764755249e-02
5.241214856505393982e-02
6.553911417722702026e-02
6.171547994017601013e-02
5.787476152181625366e-02
5.887681245803833008e-02
5.173427239060401917e-02
6.212574988603591919e-02
6.046235933899879456e-02
6.531284004449844360e-02
7.543859630823135376e-02
7.078418135643005371e-02
7.091736793518066406e-02
5.444273352622985840e-02
8.177044242620468140e-02
4.571428522467613220e-02
5.759539082646369934e-02
6.700702011585235596e-02
5.472103133797645569e-02
5.474933981895446777e-02
5.151098966598510742e-02
7.583547383546829224e-02
7.400880753993988037e-02
6.433823704719543457e-02
6.414300948381423950e-02
5.191740393638610840e-02
5.511069297790527344e-02
6.306306272745132446e-02
7.387387752532958984e-02
6.700167804956436157e-02
5.111820995807647705e-02
7.409675419330596924e-02
7.034958899021148682e-02
6.954225152730941772e-02
5.757026374340057373e-02
6.516492366790771484e-02
6.715210527181625366e-02
5.982367694377899170e-02
5.312317609786987305e-02
6.472726911306381226e-02
6.885508447885513306e-02
7.547169923782348633e-02
5.497075989842414856e-02
6.530160456895828247e-02
5.617284029722213745e-02
5.162876471877098083e-02
5.855513364076614380e-02
6.326304376125335693e-02
5.228758230805397034e-02
7.453416287899017334e-02
6.476529687643051147e-02
8.555399626493453979e-02
4.367968067526817322e-02
6.645315885543823242e-02
7.202680408954620361e-02
7.877169549465179443e-02
6.151742860674858093e-02
7.701084017753601074e-02
9.173037111759185791e-02
6.698187440633773804e-02
7.638238370418548584e-02
7.186146825551986694e-02
6.041222438216209412e-02
8.196721225976943970e-02
8.460918813943862915e-02
7.588932663202285767e-02
7.142857462167739868e-02
7.470912486314773560e-02
8.793324977159500122e-02
9.178433567285537720e-02
8.990623056888580322e-02
7.803790271282196045e-02
9.238030761480331421e-02
8.952604234218597412e-02
7.781350612640380859e-02
8.787631988525390625e-02
8.052305877208709717e-02
8.083441853523254395e-02
7.821475714445114136e-02
9.871244430541992188e-02
8.944658935070037842e-02
8.189081400632858276e-02
7.936508208513259888e-02
8.145160973072052002e-02
1.058726236224174500e-01
7.950530201196670532e-02
8.595387637615203857e-02
8.503625541925430298e-02
8.890770375728607178e-02
1.034482792019844055e-01
9.288237988948822021e-02
9.637046605348587036e-02
8.867666870355606079e-02
8.666666597127914429e-02
9.259258955717086792e-02
9.479077905416488647e-02
8.928571641445159912e-02
8.874598145484924316e-02
1.379781365394592285e-01
8.754863590002059937e-02
8.494690805673599243e-02
8.839479088783264160e-02
9.491525590419769287e-02
8.220721036195755005e-02
1.253241151571273804e-01
1.255230158567428589e-01
9.411764889955520630e-02
9.839690476655960083e-02
8.586232364177703857e-02
9.753645211458206177e-02
8.161708712577819824e-02
9.072847664356231689e-02
1.219868510961532593e-01
1.126187220215797424e-01
1.155930161476135254e-01
1.069100424647331238e-01
1.038406863808631897e-01
1.313725560903549194e-01
1.076433137059211731e-01
1.110363379120826721e-01
1.310741752386093140e-01
1.105860099196434021e-01
9.938313812017440796e-02
1.283018887042999268e-01
1.281853318214416504e-01
1.188466921448707581e-01
1.199633702635765076e-01
1.235347166657447815e-01
1.010739132761955261e-01
1.177240014076232910e-01
1.068916991353034973e-01
1.255172342061996460e-01
1.174055859446525574e-01
1.198630109429359436e-01
1.131346598267555237e-01
1.215932890772819519e-01
1.490803509950637817e-01
1.230512261390686035e-01
1.143884882330894470e-01
1.007941365242004395e-01
1.216216236352920532e-01
1.366742551326751709e-01
1.263460218906402588e-01
1.367684453725814819e-01
1.214814782142639160e-01
1.187540590763092041e-01
1.307142823934555054e-01
1.121428534388542175e-01
1.438695937395095825e-01
1.110260337591171265e-01
1.084411591291427612e-01
1.150278300046920776e-01
1.072575449943542480e-01
1.225626766681671143e-01
1.205962076783180237e-01
1.099530979990959167e-01
1.275964379310607910e-01
1.061692982912063599e-01
1.205244585871696472e-01
1.260647326707839966e-01
1.233859360218048096e-01
1.210810840129852295e-01
1.228183582425117493e-01
1.497120857238769531e-01
1.277199685573577881e-01
1.218729987740516663e-01
1.403374224901199341e-01
1.284345090389251709e-01
1.163092926144599915e-01
1.138581633567810059e-01
1.268772631883621216e-01
1.279554963111877441e-01
1.048237457871437073e-01
1.305536627769470215e-01
1.054739654064178467e-01
1.222222223877906799e-01
1.240199580788612366e-01
1.172914132475852966e-01
1.190807819366455078e-01
1.190619394183158875e-01
1.432945430278778076e-01
1.232980340719223022e-01
1.064499244093894958e-01
1.297915279865264893e-01
1.211699172854423523e-01
1.124050617218017578e-01
1.208439916372299194e-01
1.446153819561004639e-01
1.161684766411781311e-01
1.407035142183303833e-01
1.110038608312606812e-01
1.384083032608032227e-01
1.091331243515014648e-01
1.065523549914360046e-01
1.180304139852523804e-01
1.389048993587493896e-01
9.854014962911605835e-02
1.344709843397140503e-01
1.142697855830192566e-01
1.299756318330764771e-01
1.298586577177047729e-01
1.299940347671508789e-01
1.349734067916870117e-01
1.316348165273666382e-01
1.210732981562614441e-01
1.375166922807693481e-01
1.326676160097122192e-01
1.384159922599792480e-01
1.193656101822853088e-01
1.267262399196624756e-01
1.145533174276351929e-01
1.317991614341735840e-01
1.004489362239837646e-01
1.272493600845336914e-01
1.305147111415863037e-01
1.141552478075027466e-01
1.218130290508270264e-01
1.254125386476516724e-01
1.383551061153411865e-01
1.337258219718933105e-01
1.525525599718093872e-01
1.249338239431381226e-01
1.382893621921539307e-01
1.312026977539062500e-01
1.479128897190093994e-01
1.305903345346450806e-01
1.169626489281654358e-01
1.174004226922988892e-01
1.259987652301788330e-01
1.307379454374313354e-01
1.264243125915527344e-01
1.205151826143264771e-01
1.317704170942306519e-01
1.307752579450607300e-01
1.143564358353614807e-01
1.451905667781829834e-01
1.262683272361755371e-01
1.218354403972625732e-01
1.623134315013885498e-01
1.505122184753417969e-01
1.318977177143096924e-01
1.264636963605880737e-01
1.321974098682403564e-01
1.333780139684677124e-01
1.322556883096694946e-01
1.318830698728561401e-01
1.578947305679321289e-01
1.435406655073165894e-01
1.208506226539611816e-01
1.205752193927764893e-01
1.253263652324676514e-01
1.419354826211929321e-01
1.323076933622360229e-01
1.246031746268272400e-01
1.503268033266067505e-01
1.278280615806579590e-01
1.089385449886322021e-01
1.334951519966125488e-01
1.106069236993789673e-01
1.219891235232353210e-01
1.207992732524871826e-01
1.165745854377746582e-01
1.232165992259979248e-01
1.398230046033859253e-01
1.414768844842910767e-01
1.292962282896041870e-01
1.719418317079544067e-01
1.266702264547348022e-01
1.213843002915382385e-01
1.289228200912475586e-01
1.311647444963455200e-01
1.311203390359878540e-01
1.449016034603118896e-01
1.234735399484634399e-01
1.198093965649604797e-01
1.413934379816055298e-01
1.273115277290344238e-01
1.550903916358947754e-01
1.132911369204521179e-01
1.338028162717819214e-01
1.194968521595001221e-01
1.188260540366172791e-01
1.411411464214324951e-01
1.351714879274368286e-01
1.245421245694160461e-01
1.381004303693771362e-01
1.336794346570968628e-01
1.410430818796157837e-01
1.219204068183898926e-01
1.384950876235961914e-01
1.255102008581161499e-01
1.154430359601974487e-01
1.240768060088157654e-01
1.302584856748580933e-01
1.354274004697799683e-01
1.542390137910842896e-01
1.280000060796737671e-01
1.347285807132720947e-01
1.404707729816436768e-01
1.348379701375961304e-01
1.282240301370620728e-01
1.148775890469551086e-01
1.309977173805236816e-01
1.389860212802886963e-01
1.758064478635787964e-01
1.246701851487159729e-01
1.316978633403778076e-01
1.336336284875869751e-01
1.271420717239379883e-01
1.506696492433547974e-01
1.282843947410583496e-01
1.499330699443817139e-01
1.340277791023254395e-01
1.411320716142654419e-01
1.130298301577568054e-01
1.295828074216842651e-01
1.223698779940605164e-01
1.467576771974563599e-01
1.131167262792587280e-01
1.486697942018508911e-01
1.356365978717803955e-01
1.278610825538635254e-01
1.270648092031478882e-01
1.231409907341003418e-01
1.248447224497795105e-01
1.281512677669525146e-01
1.331382542848587036e-01
1.142719388008117676e-01
1.266829818487167358e-01
1.206896528601646423e-01
1.236413046717643738e-01
1.286222636699676514e-01
1.631067991256713867e-01
1.378184258937835693e-01
1.297998875379562378e-01
1.275167763233184814e-01
1.495384573936462402e-01
1.136638447642326355e-01
1.131855323910713196e-01
1.370129883289337158e-01
1.225238442420959473e-01
1.462829709053039551e-01
1.283734440803527832e-01
1.238670721650123596e-01
1.401657909154891968e-01
1.471247225999832153e-01
1.500000059604644775e-01
1.475741267204284668e-01
1.281741261482238770e-01
1.332046389579772949e-01
1.215299218893051147e-01
1.217257305979728699e-01
1.541125476360321045e-01
1.437046825885772705e-01
1.207951083779335022e-01
1.099744215607643127e-01
1.376720964908599854e-01
1.495188772678375244e-01
1.243001148104667664e-01
1.169379130005836487e-01
1.517194807529449463e-01
1.465863436460494995e-01
1.425219923257827759e-01
1.457975953817367554e-01
1.483394801616668701e-01
1.439942121505737305e-01
1.512987017631530762e-01
1.260683834552764893e-01
1.330377012491226196e-01
1.482176333665847778e-01
1.347233355045318604e-01
1.312026977539062500e-01
1.307643651962280273e-01
1.300627440214157104e-01
1.475308686494827271e-01
1.316359639167785645e-01
1.263335198163986206e-01
1.252268552780151367e-01
1.297002732753753662e-01
1.497227400541305542e-01
1.287313401699066162e-01
1.260387748479843140e-01
1.430219113826751709e-01
1.502890139818191528e-01
1.292876005172729492e-01
1.254417002201080322e-01
1.744301319122314453e-01
1.321978867053985596e-01
1.242568343877792358e-01
1.311074942350387573e-01
1.319526582956314087e-01
1.528239250183105469e-01
1.260204017162322998e-01
1.289308220148086548e-01
1.360585689544677734e-01
1.460361629724502563e-01
1.585872620344161987e-01
1.462788730859756470e-01
1.289496123790740967e-01
1.529680341482162476e-01
1.308411210775375366e-01
1.403148472309112549e-01
1.580246984958648682e-01
1.354515105485916138e-01
1.566401869058609009e-01
1.276483088731765747e-01
1.185682341456413269e-01
1.646030545234680176e-01
1.226591765880584717e-01
1.474489867687225342e-01
1.556516438722610474e-01
1.286908090114593506e-01
1.334552168846130371e-01
1.429942399263381958e-01
1.394537985324859619e-01
1.251862943172454834e-01
1.472392678260803223e-01
1.419478058815002441e-01
1.283185780048370361e-01
1.471389681100845337e-01
1.468879729509353638e-01
1.295273154973983765e-01
1.294400990009307861e-01
1.431870609521865845e-01
1.256648898124694824e-01
1.743589788675308228e-01
1.325178444385528564e-01
1.412268131971359253e-01
1.439999938011169434e-01
1.312499940395355225e-01
1.496519744396209717e-01
1.494949460029602051e-01
1.502590626478195190e-01
1.621067076921463013e-01
1.220994442701339722e-01
1.588156074285507202e-01
1.347851604223251343e-01
1.108155995607376099e-01
1.559633016586303711e-01
1.409978270530700684e-01
1.173184365034103394e-01
1.339343190193176270e-01
1.409252732992172241e-01
1.384180784225463867e-01
1.299765855073928833e-01
1.323337703943252563e-01
1.369127482175827026e-01
1.703869104385375977e-01
1.475881934165954590e-01
1.271878629922866821e-01
1.326315850019454956e-01
1.523867845535278320e-01
1.587193459272384644e-01
1.255681812763214111e-01
1.305872052907943726e-01
1.293007731437683105e-01
1.417666375637054443e-01
1.462663561105728149e-01
1.422440260648727417e-01
1.236024871468544006e-01
1.303095817565917969e-01
1.501998901367187500e-01
1.576550900936126709e-01
1.525851190090179443e-01
1.423149853944778442e-01
1.472715288400650024e-01
1.443749964237213135e-01
1.432545185089111328e-01
1.360039561986923218e-01
1.527061909437179565e-01
1.374927759170532227e-01
1.431593745946884155e-01
1.288497745990753174e-01
1.410488188266754150e-01
1.524904221296310425e-01
1.392757594585418701e-01
1.307519674301147461e-01
1.516464501619338989e-01
1.539906114339828491e-01
1.532374173402786255e-01
1.454081684350967407e-01
1.602261960506439209e-01
1.323438435792922974e-01
1.390644758939743042e-01
1.493808031082153320e-01
1.383132487535476685e-01
1.529914587736129761e-01
1.476793289184570312e-01
1.518987268209457397e-01
1.518375277519226074e-01
1.289592832326889038e-01
1.504424810409545898e-01
1.731898188591003418e-01
1.238337606191635132e-01
1.481481492519378662e-01
1.357056647539138794e-01
1.450953632593154907e-01
1.507582515478134155e-01
1.335816979408264160e-01
1.323141753673553467e-01
1.464646458625793457e-01
1.569023579359054565e-01
1.343481093645095825e-01
1.401993334293365479e-01
1.230240538716316223e-01
1.407795250415802002e-01
1.484593898057937622e-01
1.355283260345458984e-01
1.444073468446731567e-01
1.519258171319961548e-01
1.398963779211044312e-01
1.624099612236022949e-01
1.330739259719848633e-01
1.536643058061599731e-01
1.329987496137619019e-01
1.526599824428558350e-01
1.331306993961334229e-01
1.309523880481719971e-01
1.423969119787216187e-01
1.609814465045928955e-01
1.615598946809768677e-01
1.211340203881263733e-01
1.517857164144515991e-01
1.444108784198760986e-01
1.438679248094558716e-01
1.543001681566238403e-01
1.318874508142471313e-01
1.305403709411621094e-01
1.346254646778106689e-01
1.466815322637557983e-01
1.562500000000000000e-01
1.435154676437377930e-01
1.307779103517532349e-01
1.301921904087066650e-01
1.310344785451889038e-01
1.461038887500762939e-01
1.537001878023147583e-01
1.636661142110824585e-01
1.375186890363693237e-01
1.486486494541168213e-01
1.443661898374557495e-01
1.698113232851028442e-01
1.408450752496719360e-01
1.475186944007873535e-01
1.617201715707778931e-01
1.357142925262451172e-01
1.333333402872085571e-01
1.531365364789962769e-01
1.405861824750900269e-01
1.472828835248947144e-01
1.539130508899688721e-01
1.318422555923461914e-01
1.625364422798156738e-01
1.558912396430969238e-01
1.378396302461624146e-01
1.385281383991241455e-01
1.360360383987426758e-01
1.149700582027435303e-01
1.391585767269134521e-01
1.407459527254104614e-01
1.449652761220932007e-01
1.668928116559982300e-01
1.688481718301773071e-01
1.621829420328140259e-01
1.486132889986038208e-01
1.270903050899505615e-01
1.387940794229507446e-01
1.498607248067855835e-01
1.561538428068161011e-01
1.542625129222869873e-01
1.385542154312133789e-01
1.409722268581390381e-01
1.446051150560379028e-01
1.253418475389480591e-01
1.475069224834442139e-01
1.474820077419281006e-01
1.449647247791290283e-01
1.800246536731719971e-01
1.443223506212234497e-01
1.338289976119995117e-01
1.434720158576965332e-01
1.537275016307830811e-01
1.635514050722122192e-01
1.410537809133529663e-01
1.318066120147705078e-01
1.536231935024261475e-01
1.713255196809768677e-01
1.450498849153518677e-01
1.182618290185928345e-01
1.509134173393249512e-01
1.442080438137054443e-01
1.763239800930023193e-01
1.656726300716400146e-01
2.029950022697448730e-01
1.767955869436264038e-01
1.453924924135208130e-01
1.498161703348159790e-01
1.447368413209915161e-01
1.745112240314483643e-01
1.460037827491760254e-01
1.504975110292434692e-01
1.449814140796661377e-01
1.703637987375259399e-01
1.652830243110656738e-01
1.662938147783279419e-01
1.585623621940612793e-01
1.536107659339904785e-01
1.414885818958282471e-01
1.326836645603179932e-01
1.514940857887268066e-01
1.419457793235778809e-01
1.281453818082809448e-01
1.631284952163696289e-01
1.318327933549880981e-01
1.359383612871170044e-01
1.601976007223129272e-01
1.229742616415023804e-01
1.516155749559402466e-01
1.755062639713287354e-01
1.510621607303619385e-01
1.387054175138473511e-01
1.478978991508483887e-01
1.448152512311935425e-01
1.755005866289138794e-01
1.419893652200698853e-01
1.458128094673156738e-01
1.326699852943420410e-01
1.476032286882400513e-01
1.661211103200912476e-01
1.494641900062561035e-01
1.325966864824295044e-01
1.390106379985809326e-01
1.343873590230941772e-01
1.500000059604644775e-01
1.466973870992660522e-01
1.372549086809158325e-01
1.565217375755310059e-01
1.396807283163070679e-01
1.548084467649459839e-01
1.573907881975173950e-01
1.623931676149368286e-01
1.526717543601989746e-01
1.748466193675994873e-01
1.317829489707946777e-01
1.515363156795501709e-01
1.588107347488403320e-01
1.606986969709396362e-01
1.356250047683715820e-01
1.328029334545135498e-01
1.768202036619186401e-01
1.389396637678146362e-01
1.403286904096603394e-01
1.518912464380264282e-01
1.597796082496643066e-01
1.437681168317794800e-01
1.451612859964370728e-01
1.599696725606918335e-01
1.698113232851028442e-01
1.464872956275939941e-01
1.570972949266433716e-01
1.461731493473052979e-01
1.808415353298187256e-01
1.388564705848693848e-01
1.719457060098648071e-01
1.936542689800262451e-01
1.473968923091888428e-01
1.720047444105148315e-01
1.308121532201766968e-01
1.598890870809555054e-01
1.540041118860244751e-01
1.338422447443008423e-01
1.455541998147964478e-01
1.474820077419281006e-01
1.348949968814849854e-01
1.590296477079391479e-01
1.333907097578048706e-01
1.247077137231826782e-01
1.557060033082962036e-01
1.329479813575744629e-01
1.569131761789321899e-01
1.503722071647644043e-01
1.588385999202728271e-01
1.500278860330581665e-01
1.497214436531066895e-01
1.371398121118545532e-01
1.240310072898864746e-01
1.400778144598007202e-01
1.535556912422180176e-01
1.625282168388366699e-01
1.382488459348678589e-01
1.287302523851394653e-01
1.552315652370452881e-01
1.536231935024261475e-01
1.727681457996368408e-01
1.634534746408462524e-01
1.499292850494384766e-01
1.311178207397460938e-01
1.202046051621437073e-01
1.360465139150619507e-01
1.440099328756332397e-01
1.640677899122238159e-01
1.622176617383956909e-01
1.745426803827285767e-01
1.837146729230880737e-01
1.457286477088928223e-01
1.474006175994873047e-01
1.445783078670501709e-01
1.453389823436737061e-01
1.325857490301132202e-01
1.599496155977249146e-01
1.474870890378952026e-01
1.269035488367080688e-01
1.431884020566940308e-01
1.519114673137664795e-01
1.504225283861160278e-01
1.396054625511169434e-01
1.645021587610244751e-01
1.704361885786056519e-01
1.354447454214096069e-01
1.381288617849349976e-01
1.669724732637405396e-01
1.544117629528045654e-01
1.275327801704406738e-01
1.651376187801361084e-01
1.411245912313461304e-01
1.487951874732971191e-01
1.443749964237213135e-01
1.361344605684280396e-01
1.610607951879501343e-01
1.617086231708526611e-01
1.570632010698318481e-01
1.603005677461624146e-01
1.544715464115142822e-01
1.576442569494247437e-01
2.041078358888626099e-01
1.552280038595199585e-01
1.592613905668258667e-01
1.355815529823303223e-01
1.746257990598678589e-01
1.651069521903991699e-01
1.505739390850067139e-01
1.465892642736434937e-01
1.564853489398956299e-01
1.738035231828689575e-01
1.639455854892730713e-01
1.328580677509307861e-01
1.593314707279205322e-01
1.418074965476989746e-01
1.560102254152297974e-01
1.471415162086486816e-01
1.473750770092010498e-01
1.451612859964370728e-01
1.699346452951431274e-01
1.473187953233718872e-01
1.588785052299499512e-01
1.590909063816070557e-01
1.453096270561218262e-01
1.515561640262603760e-01
1.588132679462432861e-01
1.827094405889511108e-01
1.544484049081802368e-01
1.774193495512008667e-01
1.319261193275451660e-01
1.548223346471786499e-01
1.413834989070892334e-01
1.610978543758392334e-01
1.348955035209655762e-01
1.569167226552963257e-01
1.389578133821487427e-01
1.488178074359893799e-01
1.618535965681076050e-01
1.609195470809936523e-01
1.310791969299316406e-01
1.309904158115386963e-01
1.579305678606033325e-01
1.531717330217361450e-01
1.363636404275894165e-01
1.656171232461929321e-01
1.483113020658493042e-01
1.559251546859741211e-01
1.418300718069076538e-01
1.635544151067733765e-01
1.407284736633300781e-01
1.604719758033752441e-01
1.446601897478103638e-01
1.579545438289642334e-01
1.550445109605789185e-01
1.587201952934265137e-01
1.582403182983398438e-01
1.439349949359893799e-01
1.468721628189086914e-01
1.413748413324356079e-01
1.437543630599975586e-01
1.604729741811752319e-01
1.469496041536331177e-01
1.729125529527664185e-01
1.539822965860366821e-01
1.300179809331893921e-01
1.420552730560302734e-01
1.577311605215072632e-01
1.514066457748413086e-01
1.476683914661407471e-01
1.428571492433547974e-01
1.359875947237014771e-01
1.621212065219879150e-01
1.548619419336318970e-01
1.519607901573181152e-01
1.452282220125198364e-01
1.542890071868896484e-01
1.304347813129425049e-01
1.683480441570281982e-01
1.645658314228057861e-01
1.559019982814788818e-01
1.640177965164184570e-01
1.525139659643173218e-01
1.543162763118743896e-01
1.385169923305511475e-01
1.602895557880401611e-01
1.603864729404449463e-01
1.445086747407913208e-01
1.590533852577209473e-01
1.634285748004913330e-01
1.629491895437240601e-01
1.608448475599288940e-01
1.406969130039215088e-01
1.418724805116653442e-01
1.430340558290481567e-01
1.593591868877410889e-01
1.539792418479919434e-01
1.486367583274841309e-01
1.633493453264236450e-01
1.400721967220306396e-01
1.653160452842712402e-01
1.489493250846862793e-01
1.647572219371795654e-01
1.617995202541351318e-01
1.380563080310821533e-01
1.628883332014083862e-01
1.605301946401596069e-01
1.583011597394943237e-01
1.618287414312362671e-01
1.838170588016510010e-01
1.411830335855484009e-01
1.724403351545333862e-01
1.666666716337203979e-01
1.622613817453384399e-01
1.548643261194229126e-01
1.878453046083450317e-01
1.438797414302825928e-01
1.506537795066833496e-01
1.402214020490646362e-01
1.588121354579925537e-01
1.424702107906341553e-01
1.629686355590820312e-01
1.797468364238739014e-01
1.527655869722366333e-01
1.479885131120681763e-01
1.486849188804626465e-01
1.403002291917800903e-01
1.636582463979721069e-01
1.340720206499099731e-01
1.841860413551330566e-01
1.489361673593521118e-01
1.656726300716400146e-01
1.868544667959213257e-01
1.524777710437774658e-01
1.697707772254943848e-01
1.470198631286621094e-01
1.649484485387802124e-01
1.514161229133605957e-01
1.481675356626510620e-01
1.420612782239913940e-01
1.885245889425277710e-01
1.703775376081466675e-01
1.524717062711715698e-01
1.431347131729125977e-01
1.676367819309234619e-01
1.588477343320846558e-01
1.673091799020767212e-01
1.677327603101730347e-01
1.719160079956054688e-01
1.552538424730300903e-01
1.430363804101943970e-01
1.283936649560928345e-01
1.438739150762557983e-01
1.516724377870559692e-01
1.547400653362274170e-01
1.529411822557449341e-01
1.378244757652282715e-01
1.711647659540176392e-01
1.604278087615966797e-01
1.539923995733261108e-01
1.428571492433547974e-01
1.633624136447906494e-01
1.658676862716674805e-01
1.573292464017868042e-01
1.237031146883964539e-01
1.618749946355819702e-01
1.501597464084625244e-01
1.648059487342834473e-01
1.408243328332901001e-01
1.622587591409683228e-01
1.367989033460617065e-01
1.518691629171371460e-01
1.579778790473937988e-01
1.583189368247985840e-01
2.114882469177246094e-01
1.647819131612777710e-01
1.505016684532165527e-01
1.360000073909759521e-01
1.570493727922439575e-01
1.360813081264495850e-01
1.620370298624038696e-01
1.621438264846801758e-01
1.444866955280303955e-01
1.459227502346038818e-01
1.687922030687332153e-01
1.642857193946838379e-01
1.398283690214157104e-01
1.684709042310714722e-01
1.543959975242614746e-01
1.422652006149291992e-01
1.606254428625106812e-01
1.721809655427932739e-01
1.609392911195755005e-01
1.453968286514282227e-01
1.523327678442001343e-01
1.547811925411224365e-01
1.656716465950012207e-01
1.597014963626861572e-01
1.505326479673385620e-01
1.697792857885360718e-01
1.432889997959136963e-01
1.623475551605224609e-01
1.343033015727996826e-01
1.719792485237121582e-01
1.795865595340728760e-01
1.468085050582885742e-01
1.781781762838363647e-01
1.562682241201400757e-01
1.672932356595993042e-01
1.618195325136184692e-01
1.779701709747314453e-01
1.462621837854385376e-01
1.680185347795486450e-01
1.614906787872314453e-01
1.660606116056442261e-01
1.495327055454254150e-01
1.360424011945724487e-01
1.444315612316131592e-01
1.680058389902114868e-01
1.575931161642074585e-01
1.379310339689254761e-01
1.518175303936004639e-01
1.727337688207626343e-01
1.560457497835159302e-01
1.637385785579681396e-01
1.744772940874099731e-01
1.550898253917694092e-01
1.488862782716751099e-01
1.694915294647216797e-01
1.469104737043380737e-01
1.717741936445236206e-01
1.540755480527877808e-01
1.547248214483261108e-01
1.342395991086959839e-01
1.311401575803756714e-01
1.346749216318130493e-01
1.523718237876892090e-01
1.448944658041000366e-01
1.486486494541168213e-01
1.419396251440048218e-01
1.540243178606033325e-01
1.575091630220413208e-01
1.306845396757125854e-01
1.377870589494705200e-01
1.590189933776855469e-01
1.596066504716873169e-01
1.490438729524612427e-01
1.908629387617111206e-01
1.468101441860198975e-01
1.311084628105163574e-01
1.617449671030044556e-01
1.642905622720718384e-01
1.627907007932662964e-01
1.654031723737716675e-01
1.563007086515426636e-01
1.443724185228347778e-01
2.006335854530334473e-01
1.423244178295135498e-01
1.572368443012237549e-01
1.619623601436614990e-01
1.589259803295135498e-01
1.568975746631622314e-01
1.540965884923934937e-01
1.629213541746139526e-01
1.428571492433547974e-01
1.647269427776336670e-01
1.699092090129852295e-01
1.405861824750900269e-01
1.374233067035675049e-01
1.614384055137634277e-01
1.800916790962219238e-01
1.531175971031188965e-01
1.549295783042907715e-01
1.592674851417541504e-01
1.355805248022079468e-01
1.595607250928878784e-01
1.628048717975616455e-01
1.503816843032836914e-01
1.364724636077880859e-01
1.605035364627838135e-01
1.806140840053558350e-01
1.501322686672210693e-01
1.517165005207061768e-01
1.617440283298492432e-01
1.757972240447998047e-01
1.648973822593688965e-01
1.666666716337203979e-01
1.486725658178329468e-01
1.521008461713790894e-01
1.587628871202468872e-01
1.540697664022445679e-01
1.559378504753112793e-01
1.582181304693222046e-01
1.563236415386199951e-01
1.571906358003616333e-01
1.442307680845260620e-01
1.426621228456497192e-01
1.495116502046585083e-01
1.716368496417999268e-01
1.438953429460525513e-01
1.645123362541198730e-01
1.577402800321578979e-01
1.580511033535003662e-01
1.527909189462661743e-01
1.549636870622634888e-01
1.430412381887435913e-01
1.701101958751678467e-01
1.588121354579925537e-01
1.866666674613952637e-01
1.501154750585556030e-01
1.824324280023574829e-01
1.553571373224258423e-01
1.600831598043441772e-01
1.576151102781295776e-01
1.809999942779541016e-01
1.590038239955902100e-01
1.384499669075012207e-01
1.460446268320083618e-01
1.981230378150939941e-01
1.339907199144363403e-01
1.818770170211791992e-01
1.608579158782958984e-01
1.595676988363265991e-01
1.413210481405258179e-01
1.620343029499053955e-01
1.695317178964614868e-01
1.613987833261489868e-01
1.361038982868194580e-01
1.807228922843933105e-01
1.645785868167877197e-01
1.387478858232498169e-01
1.563255488872528076e-01
1.648936122655868530e-01
1.372430473566055298e-01
1.328458189964294434e-01
1.411824673414230347e-01
1.647677421569824219e-01
1.548746526241302490e-01
1.565040647983551025e-01
1.721854358911514282e-01
1.515314280986785889e-01
1.571856290102005005e-01
1.677807420492172241e-01
1.323784738779067993e-01
1.828254908323287964e-01
1.676567643880844116e-01
1.381055712699890137e-01
1.521580070257186890e-01
1.511461287736892700e-01
1.666666716337203979e-01
1.582544744014739990e-01
1.787709444761276245e-01
1.540962308645248413e-01
1.370067000389099121e-01
1.611842066049575806e-01
1.502369642257690430e-01
1.579558700323104858e-01
1.509433984756469727e-01
1.534788608551025391e-01
1.628453880548477173e-01
1.674528270959854126e-01
1.615094393491744995e-01
1.376748234033584595e-01
1.370320916175842285e-01
1.633407175540924072e-01
1.517158299684524536e-01
1.340096145868301392e-01
1.365853697061538696e-01
1.745485812425613403e-01
1.497900187969207764e-01
1.625821888446807861e-01
1.667673736810684204e-01
1.632653027772903442e-01
1.768334507942199707e-01
1.395027637481689453e-01
1.371935307979583740e-01
1.682322770357131958e-01
1.544607132673263550e-01
1.739915758371353149e-01
1.640477627515792847e-01
1.427480876445770264e-01
1.462053507566452026e-01
1.450242698192596436e-01
1.507747322320938110e-01
1.526538282632827759e-01
1.633237749338150024e-01
1.531531512737274170e-01
1.565778851509094238e-01
1.636245101690292358e-01
1.516360789537429810e-01
1.534246504306793213e-01
1.495145559310913086e-01
1.432616114616394043e-01
1.696428507566452026e-01
1.569474488496780396e-01
1.418397575616836548e-01
1.574382930994033813e-01
1.522542536258697510e-01
1.463707238435745239e-01
1.678200662136077881e-01
1.514716446399688721e-01
1.614763587713241577e-01
1.717171669006347656e-01
1.592821031808853149e-01
1.969486773014068604e-01
1.537872999906539917e-01
1.763100475072860718e-01
1.688654422760009766e-01
1.730769276618957520e-01
1.648648679256439209e-01
1.408912241458892822e-01
1.648793518543243408e-01
1.425648033618927002e-01
1.515000015497207642e-01
1.451271176338195801e-01
1.539044678211212158e-01
1.493305861949920654e-01
1.393210738897323608e-01
1.268156468868255615e-01
1.595521271228790283e-01
1.355343163013458252e-01
1.652854532003402710e-01
1.767441928386688232e-01
1.616161614656448364e-01
1.769041717052459717e-01
1.623407304286956787e-01
1.587499976158142090e-01
1.615497022867202759e-01
1.765980571508407593e-01
1.665454506874084473e-01
1.800995022058486938e-01
1.654786169528961182e-01
1.620011925697326660e-01
1.681178808212280273e-01
1.690042018890380859e-01
1.616161614656448364e-01
1.635182946920394897e-01
1.666666716337203979e-01
1.540856063365936279e-01
1.516889780759811401e-01
1.670702248811721802e-01
1.482954472303390503e-01
1.491043269634246826e-01
1.819515824317932129e-01
1.832258105278015137e-01
1.653447151184082031e-01
1.453719437122344971e-01
1.548998951911926270e-01
1.649608612060546875e-01
1.422136425971984863e-01
1.516889780759811401e-01
1.640522927045822144e-01
1.667924523353576660e-01
1.644736826419830322e-01
1.648444086313247681e-01
1.624033302068710327e-01
1.738826781511306763e-01
1.516810059547424316e-01
1.668228656053543091e-01
1.455223858356475830e-01
1.465311050415039062e-01
1.718538552522659302e-01
1.799049526453018188e-01
1.639127582311630249e-01
1.616839468479156494e-01
1.738428473472595215e-01
1.529080718755722046e-01
1.506657302379608154e-01
1.543766558170318604e-01
1.467798352241516113e-01
1.844660192728042603e-01
1.554317474365234375e-01
1.607818454504013062e-01
1.493636965751647949e-01
1.622911691665649414e-01
1.408987045288085938e-01
1.629086881875991821e-01
2.018264830112457275e-01
1.538461595773696899e-01
1.428571492433547974e-01
2.260273993015289307e-01
1.851441264152526855e-01
1.657303422689437866e-01
1.673126667737960815e-01
1.525788009166717529e-01
1.892285346984863281e-01
1.609124541282653809e-01
1.541950106620788574e-01
1.724500507116317749e-01
1.673716008663177490e-01
1.570005863904953003e-01
1.701617687940597534e-01
1.515474915504455566e-01
1.634799242019653320e-01
1.684952974319458008e-01
1.656000018119812012e-01
1.802395135164260864e-01
1.408132463693618774e-01
1.572327017784118652e-01
1.650055348873138428e-01
1.517939269542694092e-01
1.990098953247070312e-01
1.798319369554519653e-01
1.649484485387802124e-01
1.868263483047485352e-01
1.775082647800445557e-01
1.542219072580337524e-01
1.622390896081924438e-01
1.699819117784500122e-01
1.549833118915557861e-01
1.471389681100845337e-01
1.503355652093887329e-01
1.746284514665603638e-01
1.446540951728820801e-01
1.347177922725677490e-01
1.474311202764511108e-01
1.769165992736816406e-01
1.492857187986373901e-01
1.529649645090103149e-01
1.620326042175292969e-01
1.581491678953170776e-01
1.536498218774795532e-01
1.573264747858047485e-01
1.647058874368667603e-01
1.531589031219482422e-01
1.656576842069625854e-01
1.641187071800231934e-01
1.498673707246780396e-01
1.531353145837783813e-01
1.627907007932662964e-01
1.556603759527206421e-01
1.880701780319213867e-01
1.419689059257507324e-01
1.462513208389282227e-01
1.527093648910522461e-01
1.727706938982009888e-01
1.225910037755966187e-01
1.833333373069763184e-01
1.400110721588134766e-01
1.701030880212783813e-01
1.689008027315139771e-01
1.699524074792861938e-01
1.365096420049667358e-01
1.791290044784545898e-01
1.674127131700515747e-01
1.425855457782745361e-01
1.695652157068252563e-01
1.478352695703506470e-01
1.456166356801986694e-01
1.646859049797058105e-01
1.947840303182601929e-01
1.732539236545562744e-01
1.276309937238693237e-01
1.763284951448440552e-01
1.703331172466278076e-01
1.457364410161972046e-01
1.666666716337203979e-01
1.463262736797332764e-01
1.568627506494522095e-01
1.456449329853057861e-01
1.846153885126113892e-01
1.621621549129486084e-01
1.579724401235580444e-01
1.583493351936340332e-01
1.515151560306549072e-01
1.751938015222549438e-01
1.581010520458221436e-01
1.712247282266616821e-01
1.621808111667633057e-01
1.545741260051727295e-01
1.664204895496368408e-01
1.787499934434890747e-01
1.538882851600646973e-01
1.682310402393341064e-01
1.546463221311569214e-01
1.730914562940597534e-01
1.617647111415863037e-01
1.541389226913452148e-01
1.599999964237213135e-01
1.526315808296203613e-01
1.756869256496429443e-01
1.582809239625930786e-01
1.798165142536163330e-01
1.700262874364852905e-01
2.113821208477020264e-01
1.670467555522918701e-01
1.679643988609313965e-01
1.414004117250442505e-01
1.626065820455551147e-01
1.759329736232757568e-01
1.616161614656448364e-01
1.476624906063079834e-01
1.955882310867309570e-01
1.889644712209701538e-01
1.608280241489410400e-01
1.752767562866210938e-01
1.527494937181472778e-01
1.709726452827453613e-01
1.445556879043579102e-01
1.646706610918045044e-01
1.595803350210189819e-01
1.437384337186813354e-01
1.620825082063674927e-01
1.485319584608078003e-01
1.550295799970626831e-01
1.550960093736648560e-01
1.650853902101516724e-01
1.792635619640350342e-01
1.690674722194671631e-01
1.662447303533554077e-01
1.566352397203445435e-01
1.711772680282592773e-01
1.447865962982177734e-01
1.669367849826812744e-01
1.318885385990142822e-01
1.417188346385955811e-01
1.459005773067474365e-01
1.788617819547653198e-01
1.455525606870651245e-01
1.438979953527450562e-01
1.675201207399368286e-01
1.365528702735900879e-01
1.656483411788940430e-01
1.694024950265884399e-01
1.302052736282348633e-01
1.377132087945938110e-01
1.732473820447921753e-01
1.563539654016494751e-01
1.500586122274398804e-01
1.448189765214920044e-01
1.788756400346755981e-01
1.596369445323944092e-01
1.489241272211074829e-01
1.671073436737060547e-01
1.694021075963973999e-01
1.593662649393081665e-01
1.543460637331008911e-01
1.684853732585906982e-01
1.815181523561477661e-01
1.707085072994232178e-01
1.942544430494308472e-01
1.763341128826141357e-01
1.698649674654006958e-01
1.635991781949996948e-01
1.515151560306549072e-01
1.544256061315536499e-01
1.684210598468780518e-01
1.897974461317062378e-01
1.767567545175552368e-01
1.600777655839920044e-01
1.719077527523040771e-01
1.523687541484832764e-01
1.690590083599090576e-01
1.563492119312286377e-01
1.579651981592178345e-01
1.725447624921798706e-01
1.398601382970809937e-01
1.571980118751525879e-01
1.863711029291152954e-01
1.787858605384826660e-01
1.650610119104385376e-01
1.777777820825576782e-01
1.866840720176696777e-01
1.770766228437423706e-01
1.580052524805068970e-01
1.376201957464218140e-01
1.516966074705123901e-01
1.733561009168624878e-01
1.621790826320648193e-01
1.556027680635452271e-01
1.822033971548080444e-01
1.487491577863693237e-01
1.765719205141067505e-01
1.649595648050308228e-01
1.710393577814102173e-01
1.483679562807083130e-01
1.496396809816360474e-01
1.515151560306549072e-01
1.666666716337203979e-01
1.874258667230606079e-01
1.547148525714874268e-01
1.458483785390853882e-01
1.563663482666015625e-01
1.899897903203964233e-01
1.648865193128585815e-01
1.682758629322052002e-01
1.645064800977706909e-01
1.787414103746414185e-01
1.599664986133575439e-01
1.697216629981994629e-01
1.522948592901229858e-01
1.465014517307281494e-01
1.827458292245864868e-01
1.506189852952957153e-01
1.763485521078109741e-01
1.614372432231903076e-01
1.605611890554428101e-01
1.655548810958862305e-01
1.563500463962554932e-01
1.565160453319549561e-01
1.702811270952224731e-01
1.671924293041229248e-01
1.502636224031448364e-01
1.503099203109741211e-01
1.571218818426132202e-01
1.505576223134994507e-01
1.493123769760131836e-01
1.554896086454391479e-01
1.791604161262512207e-01
1.526822596788406372e-01
1.837539374828338623e-01
1.548033803701400757e-01
1.478575766086578369e-01
1.432950198650360107e-01
1.484662592411041260e-01
1.486486494541168213e-01
1.590482145547866821e-01
1.617647111415863037e-01
1.492537260055541992e-01
1.662887334823608398e-01
1.525114178657531738e-01
1.526560038328170776e-01
1.685226410627365112e-01
1.359069347381591797e-01
1.573254615068435669e-01
1.330756545066833496e-01
1.802325546741485596e-01
1.583220511674880981e-01
1.555429846048355103e-01
1.463834643363952637e-01
1.507159024477005005e-01
1.813676953315734863e-01
1.662830859422683716e-01
1.555415689945220947e-01
1.537970602512359619e-01
1.537102460861206055e-01
1.584507077932357788e-01
1.792144030332565308e-01
1.586294472217559814e-01
1.630236804485321045e-01
1.695030629634857178e-01
1.677018702030181885e-01
1.803953945636749268e-01
1.574468016624450684e-01
1.729798018932342529e-01
1.876782625913619995e-01
1.777986884117126465e-01
1.783625781536102295e-01
1.434034407138824463e-01
1.626984179019927979e-01
1.727430522441864014e-01
1.732776612043380737e-01
1.798128336668014526e-01
1.514195650815963745e-01
1.645746231079101562e-01
1.527655869722366333e-01
1.517128944396972656e-01
1.886204183101654053e-01
1.704312115907669067e-01
1.452599316835403442e-01
1.698670536279678345e-01
1.744471788406372070e-01
1.688223332166671753e-01
1.684280037879943848e-01
1.628205180168151855e-01
1.458773761987686157e-01
1.430921107530593872e-01
1.408730149269104004e-01
1.501416414976119995e-01
1.658607423305511475e-01
1.580086648464202881e-01
1.781818121671676636e-01
1.560178250074386597e-01
1.727966666221618652e-01
1.546184718608856201e-01
1.542527675628662109e-01
1.943573653697967529e-01
1.948470175266265869e-01
1.650853902101516724e-01
1.548672616481781006e-01
1.767272800207138062e-01
1.800128072500228882e-01
1.602760702371597290e-01
1.801745593547821045e-01
1.799807548522949219e-01
1.642036139965057373e-01
1.593068689107894897e-01
1.309450268745422363e-01
1.692216992378234863e-01
1.657970994710922241e-01
1.580726951360702515e-01
1.416938155889511108e-01
1.885003000497817993e-01
1.622397750616073608e-01
1.955683976411819458e-01
1.503611356019973755e-01
1.613663136959075928e-01
1.689723283052444458e-01
2.062552869319915771e-01
1.380952447652816772e-01
1.734104007482528687e-01
1.796578019857406616e-01
1.809338480234146118e-01
1.533190608024597168e-01
1.805642694234848022e-01
1.547109186649322510e-01
1.601226925849914551e-01
1.671469807624816895e-01
1.718213111162185669e-01
1.465761214494705200e-01
1.677718758583068848e-01
1.688724160194396973e-01
1.751592308282852173e-01
1.616236120462417603e-01
1.630591601133346558e-01
1.683748215436935425e-01
1.676375418901443481e-01
1.742670983076095581e-01
1.678214073181152344e-01
1.712707132101058960e-01
1.676451414823532104e-01
1.709233820438385010e-01
1.617826670408248901e-01
1.710007935762405396e-01
1.808093935251235962e-01
1.538461595773696899e-01
1.876750737428665161e-01
1.628760099411010742e-01
1.836734712123870850e-01
1.575931161642074585e-01
1.563749462366104126e-01
1.528189927339553833e-01
1.600646674633026123e-01
1.499395370483398438e-01
1.838306039571762085e-01
1.764318645000457764e-01
1.599999964237213135e-01
1.582580953836441040e-01
1.598890870809555054e-01
1.669085621833801270e-01
1.623637378215789795e-01
1.580717414617538452e-01
1.701807230710983276e-01
1.701437234878540039e-01
1.612130850553512573e-01
2.007968127727508545e-01
1.511433422565460205e-01
1.538871079683303833e-01
1.631079465150833130e-01
1.848739534616470337e-01
1.467836201190948486e-01
1.583333313465118408e-01
1.680972874164581299e-01
1.470019370317459106e-01
1.571534425020217896e-01
1.391304284334182739e-01
1.333767026662826538e-01
1.526497751474380493e-01
1.787101775407791138e-01
1.570605188608169556e-01
1.572745889425277710e-01
1.827805191278457642e-01
1.550000011920928955e-01
1.470588296651840210e-01
1.592398434877395630e-01
1.514522880315780640e-01
1.580459773540496826e-01
1.661316156387329102e-01
1.736725717782974243e-01
1.828193813562393188e-01
1.823899298906326294e-01
1.460735797882080078e-01
1.747967451810836792e-01
1.762652695178985596e-01
1.676545292139053345e-01
1.507430970668792725e-01
1.554536223411560059e-01
1.457165777683258057e-01
1.466001272201538086e-01
1.734154969453811646e-01
1.720958799123764038e-01
1.456310749053955078e-01
1.586475968360900879e-01
2.054483592510223389e-01
1.802091747522354126e-01
1.693386733531951904e-01
1.622709035873413086e-01
1.948160529136657715e-01
1.511627882719039917e-01
1.554285734891891479e-01
1.580246984958648682e-01
1.568975746631622314e-01
1.634615361690521240e-01
1.856171041727066040e-01
1.672828048467636108e-01
1.539986729621887207e-01
1.685649156570434570e-01
1.925287395715713501e-01
1.562252193689346313e-01
1.581986099481582642e-01
1.390205323696136475e-01
1.669303774833679199e-01
1.723147630691528320e-01
1.776744127273559570e-01
1.551181077957153320e-01
1.476137638092041016e-01
1.595890372991561890e-01
1.696483641862869263e-01
1.474103629589080811e-01
1.838306039571762085e-01
1.502304077148437500e-01
1.623711287975311279e-01
1.683554202318191528e-01
1.669555157423019409e-01
1.810542345046997070e-01
1.559696346521377563e-01
1.864700764417648315e-01
1.667618453502655029e-01
1.625386923551559448e-01
1.641701608896255493e-01
1.859114021062850952e-01
1.870385557413101196e-01
1.677607595920562744e-01
1.633919328451156616e-01
1.521068811416625977e-01
1.628026813268661499e-01
1.531531512737274170e-01
1.497519165277481079e-01
1.639854758977890015e-01
1.683890521526336670e-01
1.781848520040512085e-01
1.722939461469650269e-01
1.702244132757186890e-01
1.957894712686538696e-01
1.726495772600173950e-01
1.484741717576980591e-01
1.675760000944137573e-01
1.731651425361633301e-01
1.683093309402465820e-01
1.546717137098312378e-01
1.484794318675994873e-01
1.532962620258331299e-01
1.560555249452590942e-01
1.943874061107635498e-01
1.680327802896499634e-01
2.206896543502807617e-01
1.629502624273300171e-01
1.835334450006484985e-01
1.490947753190994263e-01
1.793504655361175537e-01
1.770231276750564575e-01
1.696230620145797729e-01
1.700975149869918823e-01
1.554878056049346924e-01
1.652777791023254395e-01
1.598765403032302856e-01
1.576947420835494995e-01
1.588969081640243530e-01
1.689769029617309570e-01
1.497730761766433716e-01
1.601097881793975830e-01
1.452631652355194092e-01
1.497695893049240112e-01
1.524663716554641724e-01
1.696774214506149292e-01
1.661458313465118408e-01
2.138783335685729980e-01
1.650902777910232544e-01
1.579791456460952759e-01
1.587020605802536011e-01
1.592670828104019165e-01
1.551835089921951294e-01
1.762360483407974243e-01
1.596638709306716919e-01
1.545162796974182129e-01
1.424600481986999512e-01
1.548250317573547363e-01
1.740976572036743164e-01
1.877431869506835938e-01
1.977471858263015747e-01
1.515296399593353271e-01
1.679389327764511108e-01
1.676040440797805786e-01
1.623430997133255005e-01
1.636133939027786255e-01
1.612215936183929443e-01
1.594379991292953491e-01
1.547619104385375977e-01
1.653318107128143311e-01
1.481900513172149658e-01
1.625463515520095825e-01
1.694029867649078369e-01
1.736066639423370361e-01
1.577540040016174316e-01
1.653786748647689819e-01
1.415094286203384399e-01
1.751724183559417725e-01
1.952702701091766357e-01
1.682611107826232910e-01
1.524566411972045898e-01
1.762328147888183594e-01
1.792656630277633667e-01
1.566666662693023682e-01
1.601239740848541260e-01
1.450777202844619751e-01
1.689243018627166748e-01
1.591511964797973633e-01
1.623134315013885498e-01
1.669106930494308472e-01
1.775528937578201294e-01
1.568389087915420532e-01
1.656504124402999878e-01
1.746890246868133545e-01
1.873572021722793579e-01
1.600831598043441772e-01
1.683417111635208130e-01
1.564501374959945679e-01
1.787781417369842529e-01
1.662938147783279419e-01
1.691056936979293823e-01
1.728907376527786255e-01
1.735218465328216553e-01
1.860282570123672485e-01
1.498470902442932129e-01
1.678200662136077881e-01
1.694242209196090698e-01
1.783216744661331177e-01
1.796407252550125122e-01
1.662212759256362915e-01
1.509216576814651489e-01
1.784005463123321533e-01
1.667941808700561523e-01
1.855010688304901123e-01
1.483781933784484863e-01
1.782273650169372559e-01
1.647203415632247925e-01
1.632352918386459351e-01
1.602048277854919434e-01
1.759999990463256836e-01
2.114384770393371582e-01
1.596091240644454956e-01
1.560920774936676025e-01
1.962306052446365356e-01
1.417404860258102417e-01
1.998355239629745483e-01
1.879382878541946411e-01
1.643159389495849609e-01
1.504518836736679077e-01
1.929824501276016235e-01
1.808093935251235962e-01
1.407447904348373413e-01
1.692307740449905396e-01
1.603238880634307861e-01
1.563562154769897461e-01
1.426242887973785400e-01
1.663265377283096313e-01
1.626842916011810303e-01
1.837191879749298096e-01
1.564575582742691040e-01
1.749734878540039062e-01
1.882882863283157349e-01
1.634844839572906494e-01
1.758957654237747192e-01
1.787749230861663818e-01
1.504424810409545898e-01
1.481788009405136108e-01
1.500882804393768311e-01
1.717631816864013672e-01
1.752077490091323853e-01
1.548568755388259888e-01
1.879751235246658325e-01
1.724386662244796753e-01
1.978092789649963379e-01
1.747211962938308716e-01
1.834215223789215088e-01
1.731301993131637573e-01
1.735197305679321289e-01
1.755438894033432007e-01
1.627451032400131226e-01
1.423220932483673096e-01
1.763779520988464355e-01
1.586787551641464233e-01
1.583969444036483765e-01
1.911211460828781128e-01
1.728395074605941772e-01
2.026022374629974365e-01
1.776649802923202515e-01
1.556516438722610474e-01
1.543583571910858154e-01
1.610032320022583008e-01
1.734985709190368652e-01
1.561810225248336792e-01
1.432706266641616821e-01
1.557112038135528564e-01
1.587901711463928223e-01
1.744185984134674072e-01
1.582191735506057739e-01
1.794676780700683594e-01
1.745562106370925903e-01
1.538018435239791870e-01
1.597014963626861572e-01
1.628468036651611328e-01
1.734605431556701660e-01
1.385573446750640869e-01
1.639690399169921875e-01
1.478472799062728882e-01
1.699126958847045898e-01
1.664847135543823242e-01
1.565407812595367432e-01
1.887608021497726440e-01
1.729818731546401978e-01
1.818825155496597290e-01
1.495176851749420166e-01
1.574923545122146606e-01
1.550135463476181030e-01
1.679344624280929565e-01
1.532207578420639038e-01
1.625183075666427612e-01
1.566424369812011719e-01
1.902071535587310791e-01
1.861086338758468628e-01
1.592806726694107056e-01
1.880064755678176880e-01
1.546511650085449219e-01
1.770642250776290894e-01
1.475770920515060425e-01
1.714463829994201660e-01
1.478599160909652710e-01
1.708609312772750854e-01
1.764705926179885864e-01
1.406649649143218994e-01
1.782006919384002686e-01
1.520270258188247681e-01
1.673640161752700806e-01
1.413551419973373413e-01
1.573529392480850220e-01
1.717836260795593262e-01
1.780558228492736816e-01
1.771117150783538818e-01
1.782502084970474243e-01
1.543790251016616821e-01
1.670498102903366089e-01
1.932227760553359985e-01
1.460177004337310791e-01
1.509803980588912964e-01
1.732590496540069580e-01
1.737563014030456543e-01
1.700054109096527100e-01
1.528205126523971558e-01
1.785383969545364380e-01
1.861219257116317749e-01
1.614610850811004639e-01
1.888111829757690430e-01
1.726618707180023193e-01
1.783815771341323853e-01
1.530612260103225708e-01
1.491228044033050537e-01
1.489806622266769409e-01
1.771286576986312866e-01
1.646643131971359253e-01
1.734559834003448486e-01
1.918137967586517334e-01
1.667810529470443726e-01
1.616766452789306641e-01
1.606498211622238159e-01
1.597510427236557007e-01
1.852323412895202637e-01
1.643286645412445068e-01
1.692634522914886475e-01
1.591211706399917603e-01
1.692844629287719727e-01
1.625526845455169678e-01
1.501479297876358032e-01
1.516819596290588379e-01
1.613372117280960083e-01
1.528435945510864258e-01
1.523272246122360229e-01
1.981891393661499023e-01
1.895604431629180908e-01
1.546203047037124634e-01
1.584158390760421753e-01
1.689155399799346924e-01
1.541961580514907837e-01
1.711292266845703125e-01
1.794001162052154541e-01
1.669054478406906128e-01
1.561757773160934448e-01
1.863979846239089966e-01
1.843478232622146606e-01
1.742053776979446411e-01
2.089810073375701904e-01
1.856245696544647217e-01
1.693840622901916504e-01
1.686121970415115356e-01
1.641540974378585815e-01
1.671944260597229004e-01
1.598951518535614014e-01
1.666666716337203979e-01
1.613623648881912231e-01
1.564516127109527588e-01
1.720153987407684326e-01
1.772039234638214111e-01
1.567419618368148804e-01
1.522020697593688965e-01
1.561561524868011475e-01
1.594366133213043213e-01
1.513761430978775024e-01
1.635622829198837280e-01
1.530411988496780396e-01
1.533052027225494385e-01
1.616628170013427734e-01
1.874027997255325317e-01
1.591119319200515747e-01
1.501956880092620850e-01
1.558237075805664062e-01
1.681100428104400635e-01
1.950495094060897827e-01
1.537442058324813843e-01
1.566901355981826782e-01
1.596385538578033447e-01
1.528465300798416138e-01
1.541155874729156494e-01
1.706948578357696533e-01
1.661382317543029785e-01
1.497069746255874634e-01
1.601625978946685791e-01
1.479400694370269775e-01
1.452702730894088745e-01
1.548071652650833130e-01
1.474435180425643921e-01
2.175480723381042480e-01
1.810276657342910767e-01
1.542197912931442261e-01
1.737875342369079590e-01
1.655629128217697144e-01
1.550712436437606812e-01
1.742160320281982422e-01
1.751085370779037476e-01
1.506147533655166626e-01
1.715867221355438232e-01
1.522866636514663696e-01
1.590181440114974976e-01
1.548599600791931152e-01
1.631888747215270996e-01
1.507100313901901245e-01
1.718854159116744995e-01
1.799850612878799438e-01
1.705919802188873291e-01
1.698732972145080566e-01
1.683804690837860107e-01
1.639135926961898804e-01
1.587837785482406616e-01
1.661721020936965942e-01
1.505216062068939209e-01
1.651542633771896362e-01
1.774999946355819702e-01
1.636680215597152710e-01
1.499556303024291992e-01
2.284263968467712402e-01
2.352201193571090698e-01
1.660851389169692993e-01
1.658637374639511108e-01
1.620346158742904663e-01
1.599253267049789429e-01
1.848214268684387207e-01
1.828665584325790405e-01
1.689630150794982910e-01
1.810193359851837158e-01
1.681462079286575317e-01
1.639344245195388794e-01
1.546391695737838745e-01
1.697393506765365601e-01
1.550387591123580933e-01
1.620320826768875122e-01
1.970740109682083130e-01
1.775232702493667603e-01
1.728481501340866089e-01
1.608391553163528442e-01
1.678129285573959351e-01
1.948160529136657715e-01
1.643979102373123169e-01
1.556106656789779663e-01
1.677165329456329346e-01
1.640530824661254883e-01
1.488933563232421875e-01
1.575342416763305664e-01
1.572545617818832397e-01
1.561590731143951416e-01
1.401204168796539307e-01
1.700182855129241943e-01
1.679790019989013672e-01
1.756992936134338379e-01
1.575425863265991211e-01
1.498222500085830688e-01
1.779661029577255249e-01
1.684327870607376099e-01
1.583941578865051270e-01
1.722054332494735718e-01
1.548780500888824463e-01
1.699475049972534180e-01
1.551392823457717896e-01
1.685563176870346069e-01
1.623143851757049561e-01
1.879120916128158569e-01
1.664979755878448486e-01
1.814433038234710693e-01
1.615094393491744995e-01
1.824080795049667358e-01
1.522693932056427002e-01
1.581311821937561035e-01
1.626016199588775635e-01
1.601067334413528442e-01
1.832269877195358276e-01
2.044153660535812378e-01
1.259679943323135376e-01
1.714285761117935181e-01
1.479410231113433838e-01
1.870882809162139893e-01
1.806797832250595093e-01
1.756125986576080322e-01
1.564291566610336304e-01
1.770609319210052490e-01
1.645939946174621582e-01
1.712367087602615356e-01
1.700984835624694824e-01
1.654769629240036011e-01
1.453287154436111450e-01
1.629515737295150757e-01
1.472239494323730469e-01
1.716604232788085938e-01
1.598240435123443604e-01
1.759950220584869385e-01
1.979865729808807373e-01
1.766644716262817383e-01
1.636812835931777954e-01
1.998401284217834473e-01
2.065378874540328979e-01
1.862990856170654297e-01
1.608235985040664673e-01
1.899058967828750610e-01
1.613588184118270874e-01
1.613987833261489868e-01
1.796502321958541870e-01
1.826511919498443604e-01
1.819444447755813599e-01
1.794138699769973755e-01
1.758957654237747192e-01
1.422991007566452026e-01
1.703947335481643677e-01
1.685563176870346069e-01
1.529808789491653442e-01
1.670749634504318237e-01
1.861074715852737427e-01
1.586807668209075928e-01
1.601532548666000366e-01
1.636452674865722656e-01
1.643757224082946777e-01
1.910447776317596436e-01
1.647196263074874878e-01
2.027243524789810181e-01
1.610461175441741943e-01
1.902614980936050415e-01
1.682808697223663330e-01
1.465336084365844727e-01
1.920668035745620728e-01
1.706231385469436646e-01
1.813989281654357910e-01
1.701469421386718750e-01
1.906934380531311035e-01
1.641025692224502563e-01
1.479185074567794800e-01
1.422366946935653687e-01
1.566901355981826782e-01
1.754051446914672852e-01
1.851851791143417358e-01
1.718750000000000000e-01
1.612660139799118042e-01
1.828469336032867432e-01
1.895196437835693359e-01
1.759822964668273926e-01
1.682808697223663330e-01
1.767925620079040527e-01
1.757457852363586426e-01
1.629392951726913452e-01
1.577698737382888794e-01
1.449742317199707031e-01
1.668273806571960449e-01
1.585449576377868652e-01
1.626112759113311768e-01
1.576087027788162231e-01
1.659973263740539551e-01
1.870838850736618042e-01
1.674876809120178223e-01
2.099863141775131226e-01
1.484320610761642456e-01
1.576470583677291870e-01
1.678880751132965088e-01
1.678714901208877563e-01
1.504365354776382446e-01
1.662799715995788574e-01
1.512261629104614258e-01
1.633691340684890747e-01
1.743227392435073853e-01
1.537572294473648071e-01
2.023026347160339355e-01
1.684931516647338867e-01
1.666666716337203979e-01
1.382734924554824829e-01
1.554054021835327148e-01
1.483131796121597290e-01
1.568198353052139282e-01
1.579804569482803345e-01
1.465369164943695068e-01
2.068965584039688110e-01
1.730496436357498169e-01
1.573157310485839844e-01
1.856330037117004395e-01
1.708633154630661011e-01
1.517761051654815674e-01
1.550632864236831665e-01
2.034313678741455078e-01
1.771241873502731323e-01
1.441202461719512939e-01
1.626297533512115479e-01
1.542461067438125610e-01
1.594095975160598755e-01
1.645299196243286133e-01
1.847940832376480103e-01
1.419429928064346313e-01
1.720725744962692261e-01
2.122015953063964844e-01
1.658711284399032593e-01
1.974885910749435425e-01
1.636457741260528564e-01
1.447562724351882935e-01
1.642399579286575317e-01
1.570248007774353027e-01
1.870615780353546143e-01
1.849751919507980347e-01
1.911157071590423584e-01
1.869107037782669067e-01
1.878787875175476074e-01
1.638127863407135010e-01
1.777130365371704102e-01
1.898454725742340088e-01
1.715006232261657715e-01
1.466314345598220825e-01
1.662636101245880127e-01
1.865558922290802002e-01
1.542776972055435181e-01
1.819407045841217041e-01
1.711956560611724854e-01
1.616964936256408691e-01
1.546811461448669434e-01
1.903485208749771118e-01
1.642228811979293823e-01
1.873767226934432983e-01
1.878787875175476074e-01
1.647398769855499268e-01
1.686746925115585327e-01
1.615481674671173096e-01
1.901663094758987427e-01
1.862479746341705322e-01
1.856378912925720215e-01
1.798245608806610107e-01
1.551204770803451538e-01
1.756601631641387939e-01
1.769547313451766968e-01
1.658079624176025391e-01
1.651432067155838013e-01
1.766612678766250610e-01
1.648291051387786865e-01
1.783295720815658569e-01
1.629816740751266479e-01
1.572074294090270996e-01
1.694152951240539551e-01
1.798507422208786011e-01
1.677817851305007935e-01
1.500938087701797485e-01
1.707650274038314819e-01
2.000000029802322388e-01
1.660561710596084595e-01
1.637871414422988892e-01
1.857638955116271973e-01
1.987253725528717041e-01
1.927223652601242065e-01
1.797337234020233154e-01
1.523678749799728394e-01
1.765369474887847900e-01
1.662571728229522705e-01
1.890999227762222290e-01
1.856677532196044922e-01
1.556313931941986084e-01
1.891534328460693359e-01
1.818181872367858887e-01
1.711568981409072876e-01
1.790916919708251953e-01
1.599999964237213135e-01
1.968854218721389771e-01
1.710382550954818726e-01
1.653943955898284912e-01
1.543274223804473877e-01
1.834189295768737793e-01
1.525423675775527954e-01
1.717305183410644531e-01
1.671232879161834717e-01
1.666666716337203979e-01
1.707878112792968750e-01
1.762086451053619385e-01
1.617550700902938843e-01
1.869639754295349121e-01
1.726878583431243896e-01
1.710914522409439087e-01
1.923791766166687012e-01
1.667815297842025757e-01
1.615720540285110474e-01
1.977401077747344971e-01
1.670411974191665649e-01
1.716012060642242432e-01
1.483870893716812134e-01
1.821365952491760254e-01
1.574879288673400879e-01
1.638689041137695312e-01
1.457592695951461792e-01
1.633291542530059814e-01
1.798418909311294556e-01
1.625647693872451782e-01
1.785553991794586182e-01
1.886597871780395508e-01
1.602373868227005005e-01
1.652439087629318237e-01
1.757233589887619019e-01
1.690363287925720215e-01
1.782094538211822510e-01
1.444174796342849731e-01
1.519357264041900635e-01
1.749571114778518677e-01
1.742222160100936890e-01
1.708154529333114624e-01
1.464566886425018311e-01
1.690476238727569580e-01
1.605008542537689209e-01
1.734693944454193115e-01
1.707147806882858276e-01
1.513233631849288940e-01
2.076852768659591675e-01
1.890196055173873901e-01
1.668526828289031982e-01
1.946524083614349365e-01
1.745594739913940430e-01
1.772428900003433228e-01
1.645462214946746826e-01
1.900990158319473267e-01
1.791044771671295166e-01
1.591962873935699463e-01
1.473962962627410889e-01
1.516375094652175903e-01
2.000000029802322388e-01
1.581832468509674072e-01
1.769280582666397095e-01
1.541176438331604004e-01
1.700182855129241943e-01
1.685393303632736206e-01
1.701474189758300781e-01
1.832829862833023071e-01
1.700483113527297974e-01
1.785967350006103516e-01
1.715741753578186035e-01
1.624113470315933228e-01
1.514925360679626465e-01
1.524869054555892944e-01
1.784968674182891846e-01
1.769662946462631226e-01
1.605839431285858154e-01
1.484071463346481323e-01
2.071684598922729492e-01
1.831869482994079590e-01
1.774470508098602295e-01
1.665785312652587891e-01
1.858863979578018188e-01
1.638095229864120483e-01
1.731551438570022583e-01
1.587301641702651978e-01
1.806633770465850830e-01
1.679331362247467041e-01
1.785977929830551147e-01
1.609947681427001953e-01
1.621233820915222168e-01
1.847826093435287476e-01
1.692982465028762817e-01
1.903064846992492676e-01
1.841473132371902466e-01
1.662621349096298218e-01
2.352168262004852295e-01
1.693693697452545166e-01
1.546961367130279541e-01
1.639597862958908081e-01
1.317148804664611816e-01
1.629416048526763916e-01
1.865955889225006104e-01
1.708754152059555054e-01
1.749580800533294678e-01
1.757789552211761475e-01
1.591397821903228760e-01
1.589834541082382202e-01
1.478672921657562256e-01
1.762820482254028320e-01
1.598877906799316406e-01
1.593487858772277832e-01
1.786360889673233032e-01
1.552478075027465820e-01
1.752963215112686157e-01
1.810397505760192871e-01
1.706758290529251099e-01
1.843044012784957886e-01
1.765063852071762085e-01
1.467008292675018311e-01
2.016597539186477661e-01
1.808731853961944580e-01
1.430700421333312988e-01
1.971563994884490967e-01
1.696927398443222046e-01
1.702127605676651001e-01
1.840161234140396118e-01
1.622191071510314941e-01
1.596139520406723022e-01
1.745200753211975098e-01
1.661779135465621948e-01
1.342357546091079712e-01
1.473339498043060303e-01
1.486001461744308472e-01
1.979404985904693604e-01
1.814641803503036499e-01
1.618037074804306030e-01
1.875000000000000000e-01
1.784313768148422241e-01
1.651785671710968018e-01
1.659226119518280029e-01
1.553744226694107056e-01
1.866952776908874512e-01
1.866028755903244019e-01
1.997422724962234497e-01
1.931330412626266479e-01
1.614785939455032349e-01
1.549079716205596924e-01
1.511891335248947144e-01
1.660356968641281128e-01
2.014742046594619751e-01
1.741105169057846069e-01
1.707891672849655151e-01
1.703703701496124268e-01
1.625674813985824585e-01
1.446808576583862305e-01
1.564009636640548706e-01
1.462317258119583130e-01
1.646380573511123657e-01
1.603351980447769165e-01
1.534788608551025391e-01
1.499423235654830933e-01
1.808049529790878296e-01
1.536977440118789673e-01
1.721120178699493408e-01
1.876046955585479736e-01
1.589921861886978149e-01
1.542699784040451050e-01
1.816976070404052734e-01
1.918505877256393433e-01
1.749833673238754272e-01
1.683433949947357178e-01
1.751152127981185913e-01
1.782637536525726318e-01
1.760856658220291138e-01
1.551956832408905029e-01
1.542716622352600098e-01
1.641611605882644653e-01
1.589552313089370728e-01
1.810411810874938965e-01
1.834451854228973389e-01
1.847672760486602783e-01
1.754646897315979004e-01
1.795166879892349243e-01
1.759714186191558838e-01
1.948176622390747070e-01
1.844380348920822144e-01
1.700968593358993530e-01
1.964140236377716064e-01
1.631123870611190796e-01
1.428571492433547974e-01
1.932045370340347290e-01
1.750392466783523560e-01
1.705134212970733643e-01
1.720629036426544189e-01
1.849611103534698486e-01
1.753554493188858032e-01
1.734921783208847046e-01
1.989205926656723022e-01
1.691792309284210205e-01
1.664429455995559692e-01
1.639522314071655273e-01
2.034277170896530151e-01
1.657381653785705566e-01
1.621021479368209839e-01
1.878100633621215820e-01
1.488736569881439209e-01
1.715456694364547729e-01
1.692119687795639038e-01
1.640820354223251343e-01
1.769028902053833008e-01
1.569343060255050659e-01
2.135231345891952515e-01
1.585722714662551880e-01
1.696428507566452026e-01
1.778562963008880615e-01
1.917040348052978516e-01
1.620830893516540527e-01
1.586826294660568237e-01
1.899070441722869873e-01
1.358024626970291138e-01
1.882933676242828369e-01
1.679873168468475342e-01
1.655725687742233276e-01
1.719056963920593262e-01
1.690580099821090698e-01
1.764275282621383667e-01
1.808695644140243530e-01
1.444043368101119995e-01
1.526104360818862915e-01
1.694510728120803833e-01
1.882247924804687500e-01
1.806646585464477539e-01
1.675544828176498413e-01
1.965397894382476807e-01
1.514954417943954468e-01
1.912832856178283691e-01
1.736237108707427979e-01
1.695178896188735962e-01
1.785028725862503052e-01
1.488193273544311523e-01
1.990430653095245361e-01
1.714285761117935181e-01
1.885856091976165771e-01
1.786508560180664062e-01
1.638861596584320068e-01
1.615999937057495117e-01
1.590296477079391479e-01
1.572373211383819580e-01
1.711195856332778931e-01
1.654676198959350586e-01
1.808823496103286743e-01
1.606746613979339600e-01
1.791401207447052002e-01
1.700440496206283569e-01
1.581027656793594360e-01
1.764339208602905273e-01
1.712448894977569580e-01
1.861836612224578857e-01
1.534683853387832642e-01
1.538461595773696899e-01
1.665657162666320801e-01
2.067430019378662109e-01
1.747626960277557373e-01
1.581108868122100830e-01
1.534559279680252075e-01
1.404825747013092041e-01
1.680042743682861328e-01
1.783707886934280396e-01
1.628252714872360229e-01
1.613402068614959717e-01
1.620512753725051880e-01
1.771144270896911621e-01
1.689045876264572144e-01
1.582584679126739502e-01
1.823770552873611450e-01
2.039289027452468872e-01
1.691996008157730103e-01
2.046035826206207275e-01
2.044100165367126465e-01
1.836851090192794800e-01
1.687922030687332153e-01
1.783944517374038696e-01
2.012545764446258545e-01
1.921221911907196045e-01
1.574074029922485352e-01
1.752947270870208740e-01
1.830020546913146973e-01
1.393442600965499878e-01
1.636363565921783447e-01
1.719274669885635376e-01
1.660570651292800903e-01
1.651425510644912720e-01
1.741988509893417358e-01
1.762270778417587280e-01
1.716091334819793701e-01
1.914022564888000488e-01
1.823834180831909180e-01
1.848792880773544312e-01
1.755514740943908691e-01
1.628588140010833740e-01
1.929480880498886108e-01
1.850180476903915405e-01
1.700367629528045654e-01
1.650294661521911621e-01
1.948142945766448975e-01
1.580680608749389648e-01
1.962365657091140747e-01
1.594469994306564331e-01
1.727828681468963623e-01
1.756440252065658569e-01
1.816618889570236206e-01
1.517857164144515991e-01
1.793650835752487183e-01
1.682479381561279297e-01
1.688311696052551270e-01
1.647840589284896851e-01
1.905089467763900757e-01
1.642803251743316650e-01
1.534552872180938721e-01
1.817269027233123779e-01
1.733788400888442993e-01
1.878116279840469360e-01
1.908482164144515991e-01
1.929824501276016235e-01
1.799409985542297363e-01
1.962264180183410645e-01
1.664244234561920166e-01
1.642317324876785278e-01
1.535199284553527832e-01
1.716101765632629395e-01
2.299762070178985596e-01
1.813842505216598511e-01
1.602884083986282349e-01
1.646586358547210693e-01
1.918442994356155396e-01
1.685779839754104614e-01
1.837606877088546753e-01
1.829836815595626831e-01
1.774448007345199585e-01
1.750205457210540771e-01
2.036503404378890991e-01
1.798196136951446533e-01
1.779359430074691772e-01
1.618562489748001099e-01
1.818856745958328247e-01
1.638924479484558105e-01
1.540327519178390503e-01
1.464052349328994751e-01
1.857001036405563354e-01
1.675392687320709229e-01
1.709145456552505493e-01
1.709090918302536011e-01
1.713080108165740967e-01
1.708906590938568115e-01
1.519607901573181152e-01
1.733420938253402710e-01
1.861614435911178589e-01
1.683366745710372925e-01
1.549222767353057861e-01
1.607821881771087646e-01
1.671924293041229248e-01
1.768867969512939453e-01
1.727509796619415283e-01
1.933534741401672363e-01
1.827957034111022949e-01
2.017241418361663818e-01
1.878172606229782104e-01
2.008620649576187134e-01
1.778057962656021118e-01
1.531473100185394287e-01
1.774744093418121338e-01
1.654021292924880981e-01
1.842424273490905762e-01
1.989071071147918701e-01
1.595505625009536743e-01
1.627907007932662964e-01
1.590668112039566040e-01
1.685714274644851685e-01
1.779611110687255859e-01
1.867064982652664185e-01
1.682641059160232544e-01
1.576227396726608276e-01
1.433133780956268311e-01
1.750348657369613647e-01
1.432926803827285767e-01
1.671428531408309937e-01
1.879606842994689941e-01
1.683417111635208130e-01
1.842532455921173096e-01
1.800000071525573730e-01
2.110960781574249268e-01
1.618224680423736572e-01
1.452802419662475586e-01
1.675588935613632202e-01
1.622983813285827637e-01
1.605882346630096436e-01
1.558715105056762695e-01
1.572146415710449219e-01
1.755678355693817139e-01
1.760707050561904907e-01
1.631388813257217407e-01
1.712038666009902954e-01
1.930501908063888550e-01
1.812827289104461670e-01
1.826150417327880859e-01
1.654596030712127686e-01
1.544827520847320557e-01
1.751615256071090698e-01
1.696322709321975708e-01
1.731757521629333496e-01
1.743400841951370239e-01
1.812500059604644775e-01
1.825487911701202393e-01
1.714472025632858276e-01
1.602959334850311279e-01
1.640522927045822144e-01
1.621621549129486084e-01
1.466666609048843384e-01
1.555075645446777344e-01
1.737193763256072998e-01
2.003988027572631836e-01
1.852958798408508301e-01
1.672433614730834961e-01
1.516889780759811401e-01
1.469719409942626953e-01
1.590763330459594727e-01
1.761045455932617188e-01
1.743817329406738281e-01
1.524300426244735718e-01
1.443298906087875366e-01
1.693786978721618652e-01
1.648408919572830200e-01
1.570552140474319458e-01
1.805183142423629761e-01
1.891891956329345703e-01
1.576687097549438477e-01
1.639344245195388794e-01
1.700632423162460327e-01
1.830769181251525879e-01
1.733990162611007690e-01
1.454792618751525879e-01
1.740088164806365967e-01
1.868131905794143677e-01
1.674233824014663696e-01
1.716247200965881348e-01
1.770270317792892456e-01
1.714898198843002319e-01
1.713615059852600098e-01
1.778656095266342163e-01
1.884368360042572021e-01
1.590429246425628662e-01
1.730926930904388428e-01
1.661085039377212524e-01
1.677419394254684448e-01
1.595535129308700562e-01
1.671624034643173218e-01
1.692594885826110840e-01
1.851851791143417358e-01
1.778373569250106812e-01
1.772805452346801758e-01
2.002978473901748657e-01
1.848441958427429199e-01
1.744966506958007812e-01
1.704545468091964722e-01
1.759450137615203857e-01
1.993377506732940674e-01
1.723380833864212036e-01
1.735604256391525269e-01
1.730182915925979614e-01
1.554132699966430664e-01
1.708766669034957886e-01
1.732441484928131104e-01
1.740674972534179688e-01
1.683233976364135742e-01
1.767388880252838135e-01
1.603053361177444458e-01
1.959262788295745850e-01
1.755976974964141846e-01
1.767554432153701782e-01
1.925233602523803711e-01
1.688102930784225464e-01
1.853888481855392456e-01
1.714527010917663574e-01
1.844357997179031372e-01
1.671340465545654297e-01
1.876523196697235107e-01
1.699126958847045898e-01
1.572660952806472778e-01
1.836158186197280884e-01
1.674107164144515991e-01
1.626666635274887085e-01
1.587795764207839966e-01
1.867283880710601807e-01
1.499649584293365479e-01
1.679256260395050049e-01
1.944444477558135986e-01
1.805852949619293213e-01
1.511627882719039917e-01
1.726618707180023193e-01
1.688544154167175293e-01
1.922222226858139038e-01
1.805006563663482666e-01
1.522658616304397583e-01
1.780936419963836670e-01
1.702786386013031006e-01
1.766512989997863770e-01
2.134387344121932983e-01
1.926782280206680298e-01
1.697045862674713135e-01
1.606648266315460205e-01
1.662603616714477539e-01
1.399594247341156006e-01
1.784565895795822144e-01
1.632513701915740967e-01
1.936662644147872925e-01
1.785095334053039551e-01
1.520713120698928833e-01
1.709223538637161255e-01
1.941838711500167847e-01
1.727447211742401123e-01
1.684836447238922119e-01
1.701244860887527466e-01
1.824855804443359375e-01
1.900497525930404663e-01
1.657101809978485107e-01
1.976562440395355225e-01
1.671779155731201172e-01
1.755905449390411377e-01
1.683168262243270874e-01
1.703821718692779541e-01
1.839622706174850464e-01
1.507858484983444214e-01
2.013513445854187012e-01
1.673387140035629272e-01
2.127388566732406616e-01
1.670454591512680054e-01
1.870748251676559448e-01
1.623231619596481323e-01
1.773803830146789551e-01
1.391619294881820679e-01
1.861861795186996460e-01
1.557853966951370239e-01
2.088669985532760620e-01
2.016689777374267578e-01
1.666666716337203979e-01
1.961130797863006592e-01
1.692498475313186646e-01
1.737746596336364746e-01
1.945556402206420898e-01
1.891891956329345703e-01
1.641379296779632568e-01
1.793611794710159302e-01
1.661569774150848389e-01
1.405440419912338257e-01
1.692961156368255615e-01
1.814595609903335571e-01
1.759425550699234009e-01
1.719662547111511230e-01
1.760184466838836670e-01
1.571229100227355957e-01
1.627137362957000732e-01
1.622323095798492432e-01
1.597733646631240845e-01
1.670480519533157349e-01
1.769172400236129761e-01
1.555419415235519409e-01
1.763485521078109741e-01
1.471506655216217041e-01
1.616451442241668701e-01
1.867364794015884399e-01
1.668955981731414795e-01
1.522146016359329224e-01
1.668383181095123291e-01
1.596736609935760498e-01
1.612554043531417847e-01
1.703114658594131470e-01
1.887344568967819214e-01
1.807228922843933105e-01
1.632567793130874634e-01
1.676337867975234985e-01
1.754183471202850342e-01
1.624203771352767944e-01
1.715414971113204956e-01
1.831806898117065430e-01
1.932849436998367310e-01
1.690438389778137207e-01
1.609482169151306152e-01
1.702849417924880981e-01
1.557894796133041382e-01
1.783723533153533936e-01
1.667659282684326172e-01
1.618055552244186401e-01
1.942257285118103027e-01
1.633820682764053345e-01
1.665505170822143555e-01
1.779904365539550781e-01
1.616379320621490479e-01
1.641689389944076538e-01
1.652996838092803955e-01
1.580928415060043335e-01
1.645462214946746826e-01
1.931623965501785278e-01
1.872532367706298828e-01
1.689999997615814209e-01
2.012934535741806030e-01
1.885007321834564209e-01
1.711864471435546875e-01
1.645390093326568604e-01
1.948998123407363892e-01
1.471882611513137817e-01
1.573905050754547119e-01
1.880029290914535522e-01
1.809210479259490967e-01
1.580709964036941528e-01
1.810012906789779663e-01
1.720356345176696777e-01
1.809230744838714600e-01
1.697127968072891235e-01
1.721258759498596191e-01
1.758076697587966919e-01
1.732933223247528076e-01
1.584327071905136108e-01
1.650130599737167358e-01
1.931608170270919800e-01
1.898428052663803101e-01
1.468866467475891113e-01
1.688487529754638672e-01
1.723237633705139160e-01
1.936619728803634644e-01
1.767505109310150146e-01
1.646837890148162842e-01
1.681355983018875122e-01
1.891625672578811646e-01
1.784068495035171509e-01
1.984216421842575073e-01
1.538461595773696899e-01
1.508502513170242310e-01
1.691989004611968994e-01
1.883052587509155273e-01
1.639443486928939819e-01
1.476635485887527466e-01
1.815980672836303711e-01
1.495167762041091919e-01
1.706700325012207031e-01
1.758076697587966919e-01
1.799850612878799438e-01
1.747572869062423706e-01
1.703747063875198364e-01
1.617161780595779419e-01
1.706507354974746704e-01
1.679853945970535278e-01
2.150793671607971191e-01
1.725826263427734375e-01
1.983122378587722778e-01
1.938534229993820190e-01
1.874376833438873291e-01
1.818830221891403198e-01
1.561822146177291870e-01
1.924418658018112183e-01
1.777092963457107544e-01
1.795212775468826294e-01
1.557067334651947021e-01
1.693693697452545166e-01
1.685589551925659180e-01
1.774622946977615356e-01
1.571056097745895386e-01
1.804347783327102661e-01
1.817563027143478394e-01
1.678267568349838257e-01
1.600387990474700928e-01
1.685166507959365845e-01
1.438526660203933716e-01
1.892624795436859131e-01
1.801104992628097534e-01
1.551631838083267212e-01
1.711956560611724854e-01
1.720207184553146362e-01
1.889168769121170044e-01
1.643192470073699951e-01
1.644444465637207031e-01
1.777777820825576782e-01
1.638501137495040894e-01
1.764705926179885864e-01
1.756505519151687622e-01
1.628551632165908813e-01
1.814115345478057861e-01
1.847759336233139038e-01
1.658676862716674805e-01
1.630506217479705811e-01
1.659167557954788208e-01
1.516516506671905518e-01
1.736677139997482300e-01
1.650062203407287598e-01
1.875000000000000000e-01
1.693386733531951904e-01
1.772727221250534058e-01
1.662500053644180298e-01
1.672456562519073486e-01
1.721183806657791138e-01
1.675461679697036743e-01
1.705668270587921143e-01
1.637144386768341064e-01
1.603773534297943115e-01
1.958384364843368530e-01
1.572953760623931885e-01
1.425981819629669189e-01
1.847898662090301514e-01
1.829697340726852417e-01
1.616607755422592163e-01
1.883173435926437378e-01
1.863636374473571777e-01
1.690140813589096069e-01
1.893048137426376343e-01
2.142237573862075806e-01
1.609022617340087891e-01
1.679160445928573608e-01
1.645143181085586548e-01
1.730618625879287720e-01
1.850690096616744995e-01
1.746347993612289429e-01
1.600621640682220459e-01
1.675552129745483398e-01
1.961891353130340576e-01
1.788194477558135986e-01
1.925739496946334839e-01
1.746894419193267822e-01
1.627118587493896484e-01
1.899999976158142090e-01
2.009456306695938110e-01
1.384199857711791992e-01
1.827371716499328613e-01
2.061939686536788940e-01
1.849802434444427490e-01
1.565003097057342529e-01
1.832000017166137695e-01
1.484662592411041260e-01
1.800450086593627930e-01
1.654978990554809570e-01
1.736226975917816162e-01
1.945983320474624634e-01
1.765182167291641235e-01
1.546738445758819580e-01
1.644120663404464722e-01
1.573849916458129883e-01
1.452127695083618164e-01
1.762545853853225708e-01
2.041666656732559204e-01
1.703703701496124268e-01
1.853972822427749634e-01
1.684136986732482910e-01
1.675547659397125244e-01
1.702127605676651001e-01
1.784160137176513672e-01
1.553748846054077148e-01
1.821730583906173706e-01
1.678710430860519409e-01
1.858823597431182861e-01
1.846722066402435303e-01
1.464194357395172119e-01
1.723880618810653687e-01
1.591774523258209229e-01
1.732673197984695435e-01
1.621621549129486084e-01
1.875000000000000000e-01
1.505602300167083740e-01
1.662030667066574097e-01
1.619975566864013672e-01
1.870385557413101196e-01
1.657568216323852539e-01
1.770623773336410522e-01
1.826568245887756348e-01
1.745810061693191528e-01
1.544811278581619263e-01
1.805359721183776855e-01
1.756352782249450684e-01
1.794871836900711060e-01
1.781750917434692383e-01
1.579315215349197388e-01
1.532738059759140015e-01
1.740139275789260864e-01
1.746239364147186279e-01
1.847313791513442993e-01
1.691413819789886475e-01
1.704615354537963867e-01
1.963470280170440674e-01
1.643945425748825073e-01
1.738816797733306885e-01
1.608168482780456543e-01
1.526019722223281860e-01
1.856287419795989990e-01
1.650306731462478638e-01
1.594306081533432007e-01
1.867512315511703491e-01
1.664175391197204590e-01
2.042628824710845947e-01
1.867266595363616943e-01
1.675977706909179688e-01
1.664705872535705566e-01
1.509846895933151245e-01
1.765225082635879517e-01
1.818787455558776855e-01
1.553398072719573975e-01
1.477272659540176392e-01
1.886580586433410645e-01
1.737361997365951538e-01
1.577802002429962158e-01
1.653439104557037354e-01
1.635404527187347412e-01
1.834394931793212891e-01
1.683168262243270874e-01
1.759172081947326660e-01
1.584645658731460571e-01
1.487650722265243530e-01
1.753821372985839844e-01
1.649025082588195801e-01
1.817237734794616699e-01
1.534309983253479004e-01
1.848958283662796021e-01
1.620046645402908325e-01
1.828817725181579590e-01
1.674140542745590210e-01
1.550733894109725952e-01
1.694510728120803833e-01
1.872415840625762939e-01
1.722817718982696533e-01
1.716514974832534790e-01
1.799869984388351440e-01
1.715237349271774292e-01
1.714285761117935181e-01
1.598944664001464844e-01
1.953418552875518799e-01
1.841671317815780640e-01
1.586374640464782715e-01
1.693834215402603149e-01
1.808447390794754028e-01
1.832276284694671631e-01
1.508838385343551636e-01
1.597567647695541382e-01
1.746861934661865234e-01
1.800791621208190918e-01
1.523076891899108887e-01
1.575829386711120605e-01
1.743961423635482788e-01
1.927609443664550781e-01
1.685584634542465210e-01
1.598890870809555054e-01
1.973154395818710327e-01
1.695501804351806641e-01
1.941251605749130249e-01
1.628318578004837036e-01
1.735191643238067627e-01
1.672597825527191162e-01
1.592164784669876099e-01
1.547420918941497803e-01
1.707632541656494141e-01
1.725219637155532837e-01
1.536485105752944946e-01
1.805037260055541992e-01
1.966101676225662231e-01
2.119944244623184204e-01
1.742782145738601685e-01
1.654072254896163940e-01
1.880674511194229126e-01
1.774530261754989624e-01
1.841004192829132080e-01
1.807628571987152100e-01
1.843267083168029785e-01
1.704623848199844360e-01
1.420029848814010620e-01
1.787665933370590210e-01
1.842323690652847290e-01
1.831711530685424805e-01
1.793372333049774170e-01
1.737556606531143188e-01
1.821782141923904419e-01
1.717171669006347656e-01
1.602160185575485229e-01
1.632107049226760864e-01
1.693121641874313354e-01
1.899999976158142090e-01
1.640625000000000000e-01
1.786632388830184937e-01
1.766004413366317749e-01
1.670047342777252197e-01
1.885108798742294312e-01
1.962224543094635010e-01
1.669230759143829346e-01
1.907894760370254517e-01
1.669421494007110596e-01
1.773255765438079834e-01
1.751574128866195679e-01
1.714990735054016113e-01
1.936507970094680786e-01
1.562345921993255615e-01
1.733921766281127930e-01
1.514658033847808838e-01
1.515289843082427979e-01
1.615201830863952637e-01
1.889880895614624023e-01
1.884368360042572021e-01
1.474036872386932373e-01
1.546454727649688721e-01
1.764705926179885864e-01
1.846965700387954712e-01
1.633333265781402588e-01
1.437908560037612915e-01
1.651523262262344360e-01
1.702721565961837769e-01
1.908256858587265015e-01
1.529850810766220093e-01
1.693393141031265259e-01
1.825783997774124146e-01
1.612106263637542725e-01
1.735537201166152954e-01
1.704410016536712646e-01
1.655405461788177490e-01
1.903945058584213257e-01
1.707865148782730103e-01
2.060170024633407593e-01
1.693954616785049438e-01
1.522388011217117310e-01
1.660356968641281128e-01
1.705329120159149170e-01
1.755674183368682861e-01
1.629116088151931763e-01
2.010443806648254395e-01
1.977793127298355103e-01
1.724381595849990845e-01
1.802059561014175415e-01
1.754894852638244629e-01
1.735682785511016846e-01
1.756245195865631104e-01
1.716312021017074585e-01
1.669044196605682373e-01
1.627579778432846069e-01
1.803944259881973267e-01
1.761442422866821289e-01
1.878588944673538208e-01
1.691419184207916260e-01
1.872483193874359131e-01
1.924360394477844238e-01
1.660875678062438965e-01
1.646690964698791504e-01
1.730061322450637817e-01
1.828054338693618774e-01
1.875374466180801392e-01
2.025222480297088623e-01
1.829121559858322144e-01
1.778140366077423096e-01
1.621906310319900513e-01
1.614147871732711792e-01
1.651759147644042969e-01
1.906392723321914673e-01
1.696869879961013794e-01
1.675427109003067017e-01
1.557317972183227539e-01
1.810126602649688721e-01
1.549907028675079346e-01
1.830238699913024902e-01
1.805019378662109375e-01
1.710610985755920410e-01
1.601123660802841187e-01
1.650610119104385376e-01
1.874527633190155029e-01
1.926136314868927002e-01
1.946517378091812134e-01
2.159017473459243774e-01
1.635944694280624390e-01
1.678571403026580811e-01
1.731970459222793579e-01
1.758490502834320068e-01
1.768326759338378906e-01
1.944444477558135986e-01
1.764705926179885864e-01
2.170923352241516113e-01
2.101720273494720459e-01
1.627460420131683350e-01
1.629706025123596191e-01
1.660156250000000000e-01
1.652346402406692505e-01
1.952026486396789551e-01
1.739130467176437378e-01
1.763698607683181763e-01
1.601562500000000000e-01
1.625582873821258545e-01
1.833992153406143188e-01
1.750192791223526001e-01
1.850809305906295776e-01
1.774618178606033325e-01
1.548117101192474365e-01
1.664374172687530518e-01
1.772076338529586792e-01
1.675915718078613281e-01
1.708378642797470093e-01
1.743180304765701294e-01
1.503307223320007324e-01
1.509090960025787354e-01
1.856627166271209717e-01
1.817572116851806641e-01
1.590909063816070557e-01
1.796267479658126831e-01
1.905396431684494019e-01
1.813271641731262207e-01
1.625344306230545044e-01
1.871019154787063599e-01
1.696053743362426758e-01
1.724915504455566406e-01
1.740938872098922729e-01
1.731694340705871582e-01
1.699857711791992188e-01
1.753782629966735840e-01
1.590909063816070557e-01
2.117802798748016357e-01
1.865252703428268433e-01
1.615201830863952637e-01
1.717933863401412964e-01
1.704545468091964722e-01
2.055999934673309326e-01
1.490406095981597900e-01
1.876704841852188110e-01
1.789473742246627808e-01
1.862130761146545410e-01
1.675567477941513062e-01
1.559633016586303711e-01
1.390762776136398315e-01
1.706021279096603394e-01
1.959247589111328125e-01
1.718112975358963013e-01
1.668737083673477173e-01
2.059748470783233643e-01
1.762376278638839722e-01
1.746821403503417969e-01
1.821862310171127319e-01
1.641199737787246704e-01
1.874105930328369141e-01
1.958827227354049683e-01
1.869488507509231567e-01
1.744759529829025269e-01
1.553985923528671265e-01
1.590767353773117065e-01
1.807159334421157837e-01
1.771863102912902832e-01
1.696136146783828735e-01
1.970357447862625122e-01
1.666666716337203979e-01
1.464004814624786377e-01
1.454451382160186768e-01
1.674296855926513672e-01
1.643924564123153687e-01
1.672449707984924316e-01
1.681681722402572632e-01
1.638246029615402222e-01
1.721258759498596191e-01
1.981195360422134399e-01
1.756453365087509155e-01
1.784825921058654785e-01
1.718963235616683960e-01
1.807947009801864624e-01
1.679653674364089966e-01
1.563255488872528076e-01
1.839009225368499756e-01
1.708185076713562012e-01
1.877076476812362671e-01
1.741379350423812866e-01
1.658767759799957275e-01
1.636040359735488892e-01
1.861861795186996460e-01
2.019837647676467896e-01
1.590314209461212158e-01
1.538830250501632690e-01
1.925287395715713501e-01
1.898106336593627930e-01
1.577495932579040527e-01
1.886255890130996704e-01
1.621212065219879150e-01
1.822817027568817139e-01
1.708474606275558472e-01
1.501547992229461670e-01
1.730624586343765259e-01
1.837183684110641479e-01
1.685039401054382324e-01
1.584967374801635742e-01
1.777950376272201538e-01
2.252010703086853027e-01
1.976313889026641846e-01
1.774033755064010620e-01
1.570387035608291626e-01
1.672425717115402222e-01
1.839622706174850464e-01
1.618051677942276001e-01
1.882193684577941895e-01
1.743508279323577881e-01
1.605177968740463257e-01
1.882102340459823608e-01
1.570192873477935791e-01
1.696898788213729858e-01
1.791600286960601807e-01
1.863057315349578857e-01
1.608433723449707031e-01
1.690544486045837402e-01
1.525054425001144409e-01
1.510791331529617310e-01
1.758360266685485840e-01
1.765195727348327637e-01
1.799485832452774048e-01
1.745689660310745239e-01
1.505376398563385010e-01
1.498507410287857056e-01
1.699208468198776245e-01
1.869216561317443848e-01
1.583514064550399780e-01
1.754626482725143433e-01
1.489051133394241333e-01
1.657534241676330566e-01
1.799719929695129395e-01
1.914529949426651001e-01
1.731289476156234741e-01
1.924050599336624146e-01
1.552403420209884644e-01
1.740166842937469482e-01
1.746794879436492920e-01
1.726147085428237915e-01
1.476407945156097412e-01
1.851574182510375977e-01
1.621621549129486084e-01
1.903242915868759155e-01
1.769834309816360474e-01
1.600454002618789673e-01
1.738911271095275879e-01
1.662804186344146729e-01
1.906976699829101562e-01
1.920758038759231567e-01
1.607272773981094360e-01
1.707680821418762207e-01
1.730894893407821655e-01
1.653777509927749634e-01
1.974823027849197388e-01
1.802403181791305542e-01
1.643598675727844238e-01
1.645415872335433960e-01
1.885245889425277710e-01
1.734779030084609985e-01
1.902806311845779419e-01
1.826865673065185547e-01
1.819986701011657715e-01
1.750998646020889282e-01
2.351485192775726318e-01
1.744185984134674072e-01
1.670467555522918701e-01
1.815245449542999268e-01
1.829049587249755859e-01
1.924460381269454956e-01
1.434087157249450684e-01
1.569010466337203979e-01
1.759899407625198364e-01
1.775320172309875488e-01
1.656091362237930298e-01
1.587462127208709717e-01
2.033036798238754272e-01
1.831720024347305298e-01
1.940544992685317993e-01
1.576011180877685547e-01
1.805912554264068604e-01
1.837270408868789673e-01
1.742819845676422119e-01
2.024432867765426636e-01
1.666666716337203979e-01
1.652944833040237427e-01
1.739855408668518066e-01
1.712675988674163818e-01
1.921708136796951294e-01
1.618497073650360107e-01
1.700251847505569458e-01
1.686946898698806763e-01
2.093889713287353516e-01
1.641182452440261841e-01
1.769470423460006714e-01
1.789548993110656738e-01
1.797405779361724854e-01
1.682184934616088867e-01
1.590763330459594727e-01
1.713973730802536011e-01
2.106164395809173584e-01
1.647727340459823608e-01
1.516768336296081543e-01
1.615541875362396240e-01
1.761761754751205444e-01
1.970649957656860352e-01
1.875000000000000000e-01
2.008608281612396240e-01
1.520978957414627075e-01
1.879452019929885864e-01
2.086021453142166138e-01
1.825885921716690063e-01
2.064597904682159424e-01
1.743119210004806519e-01
1.645489186048507690e-01
1.632934659719467163e-01
1.608579158782958984e-01
1.890124231576919556e-01
1.843137294054031372e-01
2.001620680093765259e-01
1.607753634452819824e-01
1.743674427270889282e-01
1.902313679456710815e-01
1.635687798261642456e-01
2.264851480722427368e-01
1.925515085458755493e-01
1.739446818828582764e-01
1.691823899745941162e-01
1.846819072961807251e-01
1.672727316617965698e-01
1.584786027669906616e-01
1.819085478782653809e-01
2.076502740383148193e-01
2.178030312061309814e-01
1.777126044034957886e-01
1.854304671287536621e-01
1.966449171304702759e-01
1.966442912817001343e-01
1.983122378587722778e-01
1.774530261754989624e-01
1.790299564599990845e-01
2.043010741472244263e-01
1.855855882167816162e-01
1.797235012054443359e-01
1.841339170932769775e-01
1.876923143863677979e-01
1.716738194227218628e-01
2.299412935972213745e-01
1.716247200965881348e-01
1.843112260103225708e-01
1.799450516700744629e-01
1.894013732671737671e-01
1.691259890794754028e-01
1.662650555372238159e-01
1.628280729055404663e-01
1.766826957464218140e-01
1.624302566051483154e-01
1.764705926179885864e-01
1.683760732412338257e-01
1.881918758153915405e-01
1.793510317802429199e-01
1.848396509885787964e-01
1.777231842279434204e-01
1.791549324989318848e-01
1.959694176912307739e-01
1.577199846506118774e-01
1.731112450361251831e-01
1.705574095249176025e-01
1.756296753883361816e-01
1.702981591224670410e-01
1.917808204889297485e-01
1.777529418468475342e-01
1.880674511194229126e-01
1.879271119832992554e-01
1.702981591224670410e-01
1.722606122493743896e-01
1.865222603082656860e-01
1.923076957464218140e-01
1.809588074684143066e-01
1.608308553695678711e-01
1.783625781536102295e-01
1.801096349954605103e-01
1.848635226488113403e-01
1.699570864439010620e-01
1.618749946355819702e-01
1.656184494495391846e-01
1.742013245820999146e-01
1.758087128400802612e-01
1.670673042535781860e-01
1.647798717021942139e-01
1.865998804569244385e-01
1.465324312448501587e-01
1.545494049787521362e-01
1.621140092611312866e-01
1.950886696577072144e-01
1.622835099697113037e-01
1.765217334032058716e-01
1.876811534166336060e-01
1.739386767148971558e-01
1.816239356994628906e-01
1.591478735208511353e-01
1.887793838977813721e-01
1.526752710342407227e-01
1.645114868879318237e-01
1.685326993465423584e-01
1.696065068244934082e-01
1.860245466232299805e-01
1.573604047298431396e-01
1.782799810171127319e-01
1.926421374082565308e-01
1.831978261470794678e-01
1.921504437923431396e-01
1.684709042310714722e-01
1.712328791618347168e-01
1.838006228208541870e-01
1.565495133399963379e-01
2.103109657764434814e-01
1.717391312122344971e-01
1.832182705402374268e-01
1.812816262245178223e-01
1.826581358909606934e-01
1.743745207786560059e-01
1.774107664823532104e-01
1.815126091241836548e-01
1.555232554674148560e-01
1.557507961988449097e-01
1.838777661323547363e-01
1.880733966827392578e-01
1.789340078830718994e-01
2.166666686534881592e-01
1.615000069141387939e-01
1.597222238779067993e-01
1.886066198348999023e-01
1.821862310171127319e-01
1.971831023693084717e-01
1.579198539257049561e-01
1.736375093460083008e-01
1.740379035472869873e-01
1.919323354959487915e-01
1.395486891269683838e-01
1.801181137561798096e-01
1.677316278219223022e-01
1.665619164705276489e-01
1.703331172466278076e-01
1.628959327936172485e-01
1.813725531101226807e-01
1.714827120304107666e-01
1.586059778928756714e-01
1.826923042535781860e-01
1.543209850788116455e-01
1.668726801872253418e-01
1.671751141548156738e-01
1.679340898990631104e-01
1.656441688537597656e-01
1.571428626775741577e-01
1.772287935018539429e-01
1.807152032852172852e-01
1.650049835443496704e-01
1.898734122514724731e-01
1.756672859191894531e-01
1.927888095378875732e-01
1.816160082817077637e-01
1.786809861660003662e-01
1.644506603479385376e-01
1.575456112623214722e-01
1.740413010120391846e-01
1.944611668586730957e-01
1.637049019336700439e-01
1.825449764728546143e-01
2.009769678115844727e-01
1.878342181444168091e-01
2.105672061443328857e-01
1.817685663700103760e-01
1.992156803607940674e-01
1.611454188823699951e-01
1.683168262243270874e-01
1.633109599351882935e-01
1.690877377986907959e-01
1.760113537311553955e-01
1.760563403367996216e-01
1.764705926179885864e-01
1.976284533739089966e-01
1.974077820777893066e-01
1.872146129608154297e-01
1.589566916227340698e-01
1.882183849811553955e-01
1.587786227464675903e-01
2.011935263872146606e-01
1.881481409072875977e-01
1.586245149374008179e-01
1.578947305679321289e-01
1.902346163988113403e-01
1.757746487855911255e-01
1.635572165250778198e-01
1.831775754690170288e-01
1.963406056165695190e-01
1.801962554454803467e-01
1.797483563423156738e-01
1.698735505342483521e-01
1.829810887575149536e-01
1.817507445812225342e-01
1.904761940240859985e-01
1.800000071525573730e-01
1.934523880481719971e-01
1.643550693988800049e-01
1.839799731969833374e-01
2.074829936027526855e-01
1.764705926179885864e-01
2.065491229295730591e-01
1.750167012214660645e-01
1.859791427850723267e-01
1.715575605630874634e-01
1.631205677986145020e-01
1.873638331890106201e-01
1.728395074605941772e-01
1.463687121868133545e-01
1.842304766178131104e-01
1.669044196605682373e-01
1.644578278064727783e-01
1.955028176307678223e-01
1.971620619297027588e-01
1.542904227972030640e-01
1.847272664308547974e-01
1.554770320653915405e-01
1.722306460142135620e-01
1.506329178810119629e-01
1.710858643054962158e-01
1.697147041559219360e-01
1.603183597326278687e-01
1.611570268869400024e-01
1.847826093435287476e-01
1.962500065565109253e-01
1.987767517566680908e-01
1.701134145259857178e-01
1.641355156898498535e-01
1.602079421281814575e-01
1.817576587200164795e-01
1.894807815551757812e-01
1.652459055185317993e-01
1.603396534919738770e-01
1.951219439506530762e-01
2.173531949520111084e-01
1.741815954446792603e-01
1.851311922073364258e-01
1.542288511991500854e-01
1.816984862089157104e-01
2.038626670837402344e-01
1.716232895851135254e-01
1.725327819585800171e-01
1.567891985177993774e-01
1.701412200927734375e-01
1.530849784612655640e-01
1.843112260103225708e-01
1.627907007932662964e-01
1.766016781330108643e-01
2.095238119363784790e-01
2.261001467704772949e-01
1.751938015222549438e-01
1.845919191837310791e-01
1.658291518688201904e-01
1.930646747350692749e-01
1.754807680845260620e-01
1.763046532869338989e-01
1.768883168697357178e-01
1.833721846342086792e-01
1.551629006862640381e-01
1.734762191772460938e-01
1.741787642240524292e-01
1.655266731977462769e-01
1.818936914205551147e-01
1.435935199260711670e-01
1.645435243844985962e-01
1.626911312341690063e-01
1.752458065748214722e-01
1.957168281078338623e-01
1.763367503881454468e-01
1.619486510753631592e-01
1.757259815931320190e-01
1.821561306715011597e-01
1.757925003767013550e-01
1.975867301225662231e-01
1.659863889217376709e-01
1.705850213766098022e-01
1.810018867254257202e-01
1.837837845087051392e-01
1.702355444431304932e-01
1.795634925365447998e-01
1.741884350776672363e-01
1.637591421604156494e-01
1.539338678121566772e-01
1.782744228839874268e-01
1.743638068437576294e-01
1.670682728290557861e-01
1.842732280492782593e-01
1.740558296442031860e-01
2.231920212507247925e-01
1.932926774024963379e-01
1.761501282453536987e-01
1.813655793666839600e-01
1.578136980533599854e-01
1.781155019998550415e-01
1.838709712028503418e-01
2.166172116994857788e-01
1.828457415103912354e-01
1.538068503141403198e-01
1.950696706771850586e-01
1.795204132795333862e-01
1.629242748022079468e-01
1.691489368677139282e-01
1.653168201446533203e-01
1.599811166524887085e-01
1.673497259616851807e-01
1.721925139427185059e-01
1.575912833213806152e-01
1.496837735176086426e-01
1.705590933561325073e-01
1.854922324419021606e-01
1.518691629171371460e-01
1.695238053798675537e-01
1.962890625000000000e-01
1.672842800617218018e-01
1.836327314376831055e-01
1.766109764575958252e-01
1.752727329730987549e-01
1.795407086610794067e-01
1.541218608617782593e-01
1.653027832508087158e-01
1.463700234889984131e-01
1.926058381795883179e-01
1.504373103380203247e-01
1.784406006336212158e-01
1.741366684436798096e-01
1.596292555332183838e-01
1.791946291923522949e-01
1.795939654111862183e-01
1.889400929212570190e-01
1.611639559268951416e-01
1.740963906049728394e-01
1.881377547979354858e-01
1.611996293067932129e-01
1.801059395074844360e-01
1.802187412977218628e-01
1.674744188785552979e-01
1.699507385492324829e-01
1.685100793838500977e-01
1.949095726013183594e-01
1.754122972488403320e-01
1.860751658678054810e-01
1.923383921384811401e-01
1.935699880123138428e-01
1.948717981576919556e-01
1.727989464998245239e-01
1.776416599750518799e-01
1.619385331869125366e-01
1.710963398218154907e-01
1.684152334928512573e-01
1.827768087387084961e-01
1.683070808649063110e-01
1.478045731782913208e-01
1.798219531774520874e-01
1.738826781511306763e-01
1.639244407415390015e-01
1.802721023559570312e-01
1.835357695817947388e-01
2.064343094825744629e-01
1.635704636573791504e-01
1.614645868539810181e-01
1.915977150201797485e-01
1.758769750595092773e-01
2.008113563060760498e-01
1.646848917007446289e-01
1.899298876523971558e-01
1.823486536741256714e-01
1.537001878023147583e-01
1.899736076593399048e-01
1.856540143489837646e-01
1.917732059955596924e-01
1.901619732379913330e-01
1.975609809160232544e-01
1.873804926872253418e-01
1.745350509881973267e-01
1.975890994071960449e-01
1.828615218400955200e-01
1.901978403329849243e-01
1.695257276296615601e-01
1.635135114192962646e-01
1.864161789417266846e-01
1.665649712085723877e-01
1.920439004898071289e-01
1.649550646543502808e-01
1.742243468761444092e-01
1.855361610651016235e-01
1.697998791933059692e-01
1.996847093105316162e-01
1.823329627513885498e-01
1.679434329271316528e-01
1.682665199041366577e-01
1.650099456310272217e-01
1.806346625089645386e-01
1.803852915763854980e-01
2.143999934196472168e-01
1.910229623317718506e-01
1.705722063779830933e-01
1.711772680282592773e-01
1.589958220720291138e-01
1.730769276618957520e-01
2.104404568672180176e-01
1.686930060386657715e-01
1.782690435647964478e-01
2.125796228647232056e-01
1.789838373661041260e-01
1.651428639888763428e-01
1.752661764621734619e-01
2.066869288682937622e-01
1.564245820045471191e-01
1.879286766052246094e-01
1.780219823122024536e-01
1.680805981159210205e-01
1.554436683654785156e-01
1.804697215557098389e-01
1.586109846830368042e-01
1.922455579042434692e-01
1.338582634925842285e-01
1.709717065095901489e-01
1.956521719694137573e-01
1.719745248556137085e-01
1.935208886861801147e-01
2.100708037614822388e-01
1.531954854726791382e-01
1.597466617822647095e-01
1.559034585952758789e-01
1.910789608955383301e-01
1.655786335468292236e-01
1.936459839344024658e-01
1.759581863880157471e-01
1.901949197053909302e-01
1.653085052967071533e-01
1.849357038736343384e-01
2.054099738597869873e-01
1.530448645353317261e-01
1.796919554471969604e-01
1.506475806236267090e-01
1.852662265300750732e-01
1.738495230674743652e-01
1.715399622917175293e-01
2.046632170677185059e-01
1.928571462631225586e-01
2.052434384822845459e-01
1.655132621526718140e-01
1.834983527660369873e-01
1.706081032752990723e-01
1.784682124853134155e-01
1.587743759155273438e-01
1.842105239629745483e-01
1.508060395717620850e-01
1.807909607887268066e-01
1.718032807111740112e-01
1.892307698726654053e-01
1.910785585641860962e-01
1.915032714605331421e-01
1.750298738479614258e-01
1.949390769004821777e-01
1.435257345438003540e-01
1.652482300996780396e-01
1.650358736515045166e-01
1.727706938982009888e-01
1.918604671955108643e-01
1.723963618278503418e-01
1.818181872367858887e-01
1.632548570632934570e-01
1.732355654239654541e-01
1.794650554656982422e-01
1.582315266132354736e-01
1.619402915239334106e-01
1.911402791738510132e-01
1.772997081279754639e-01
1.700489819049835205e-01
1.699115037918090820e-01
1.919191926717758179e-01
2.151162773370742798e-01
1.692094355821609497e-01
1.746821403503417969e-01
1.890427470207214355e-01
1.638418138027191162e-01
1.826741993427276611e-01
1.788685470819473267e-01
1.812688857316970825e-01
1.923536509275436401e-01
1.749680787324905396e-01
1.962066739797592163e-01
2.389380484819412231e-01
1.637649685144424438e-01
1.858237534761428833e-01
1.715057343244552612e-01
2.158486098051071167e-01
1.879334300756454468e-01
1.691129505634307861e-01
2.054527699947357178e-01
1.583476811647415161e-01
1.763652712106704712e-01
1.652941107749938965e-01
1.716554611921310425e-01
1.699003726243972778e-01
1.859131902456283569e-01
1.665706038475036621e-01
1.675885021686553955e-01
1.752891093492507935e-01
1.709626466035842896e-01
1.815904825925827026e-01
1.747311800718307495e-01
1.872340440750122070e-01
1.679859310388565063e-01
1.575854718685150146e-01
1.741016060113906860e-01
1.636904776096343994e-01
1.951360702514648438e-01
1.665801703929901123e-01
1.728395074605941772e-01
1.969784945249557495e-01
1.709401756525039673e-01
1.632329672574996948e-01
1.744066029787063599e-01
1.883268505334854126e-01
1.977660953998565674e-01
1.942117214202880859e-01
1.685062497854232788e-01
1.770524233579635620e-01
1.775553226470947266e-01
1.887340247631072998e-01
1.753130555152893066e-01
1.759329736232757568e-01
1.528577804565429688e-01
1.819314658641815186e-01
1.949685513973236084e-01
1.868770718574523926e-01
1.700759828090667725e-01
2.040110677480697632e-01
1.800643056631088257e-01
1.879561990499496460e-01
1.929824501276016235e-01
1.924251616001129150e-01
1.655969172716140747e-01
1.784073561429977417e-01
1.637049019336700439e-01
1.790087521076202393e-01
1.687624156475067139e-01
1.820512861013412476e-01
1.647972315549850464e-01
1.635182946920394897e-01
1.647940129041671753e-01
1.954582333564758301e-01
1.845597177743911743e-01
1.455576568841934204e-01
1.951975226402282715e-01
1.784363240003585815e-01
1.614384055137634277e-01
1.938943862915039062e-01
1.697819381952285767e-01
1.787545830011367798e-01
1.973684281110763550e-01
1.609421074390411377e-01
1.917263269424438477e-01
1.638600975275039673e-01
1.684145629405975342e-01
1.677175313234329224e-01
1.965665221214294434e-01
1.729845106601715088e-01
1.747058779001235962e-01
1.810244470834732056e-01
1.679350584745407104e-01
1.520498245954513550e-01
1.786556541919708252e-01
1.720875203609466553e-01
1.877729296684265137e-01
1.876528114080429077e-01
1.790209859609603882e-01
1.881029009819030762e-01
1.824623495340347290e-01
1.693455725908279419e-01
1.933438926935195923e-01
1.656553447246551514e-01
1.943925172090530396e-01
1.612709760665893555e-01
1.893298625946044922e-01
1.817359924316406250e-01
1.825127303600311279e-01
1.644110232591629028e-01
1.907630562782287598e-01
1.660543680191040039e-01
1.744966506958007812e-01
1.830453574657440186e-01
1.794871836900711060e-01
1.649484485387802124e-01
1.686014384031295776e-01
1.507009416818618774e-01
1.650610119104385376e-01
1.857142895460128784e-01
1.752041578292846680e-01
2.114924192428588867e-01
1.701323240995407104e-01
1.826298683881759644e-01
1.888790875673294067e-01
1.816312521696090698e-01
1.886061877012252808e-01
1.784073561429977417e-01
1.780104786157608032e-01
2.022684365510940552e-01
1.784386634826660156e-01
1.701183468103408813e-01
1.704871058464050293e-01
1.617497503757476807e-01
1.746143102645874023e-01
1.819262802600860596e-01
1.754032224416732788e-01
1.874163299798965454e-01
1.833578795194625854e-01
1.814539283514022827e-01
1.666666716337203979e-01
1.860068291425704956e-01
1.731361746788024902e-01
1.528089940547943115e-01
1.719696968793869019e-01
1.743323504924774170e-01
1.901081949472427368e-01
1.655352413654327393e-01
1.616964936256408691e-01
1.594095975160598755e-01
1.712827980518341064e-01
1.749128848314285278e-01
1.720647811889648438e-01
1.839587986469268799e-01
1.878824979066848755e-01
1.880024671554565430e-01
1.654197871685028076e-01
1.739130467176437378e-01
1.762349754571914673e-01
1.730078905820846558e-01
1.749298423528671265e-01
1.790714859962463379e-01
1.890886574983596802e-01
1.964912265539169312e-01
1.825192868709564209e-01
1.629863232374191284e-01
1.669953912496566772e-01
1.517271548509597778e-01
1.702688485383987427e-01
1.724415719509124756e-01
1.854789555072784424e-01
1.959016323089599609e-01
1.909155398607254028e-01
1.860269308090209961e-01
1.862318813800811768e-01
1.889027357101440430e-01
1.808176040649414062e-01
1.832424998283386230e-01
1.815950870513916016e-01
1.938125640153884888e-01
1.600741595029830933e-01
1.581348180770874023e-01
1.555977165699005127e-01
1.568767875432968140e-01
1.802869588136672974e-01
1.871069222688674927e-01
1.720199882984161377e-01
1.875401437282562256e-01
1.652542352676391602e-01
1.655348092317581177e-01
1.798900216817855835e-01
1.724137961864471436e-01
1.684782654047012329e-01
1.505139470100402832e-01
1.718893945217132568e-01
1.747572869062423706e-01
1.511487364768981934e-01
1.663768142461776733e-01
1.796610206365585327e-01
1.939163506031036377e-01
1.860304325819015503e-01
1.764705926179885864e-01
1.790969073772430420e-01
1.809954792261123657e-01
1.934766471385955811e-01
1.783625781536102295e-01
1.869918704032897949e-01
1.663031578063964844e-01
1.613649576902389526e-01
1.783641129732131958e-01
1.588156074285507202e-01
1.746280342340469360e-01
1.618067473173141479e-01
2.008324712514877319e-01
1.750931292772293091e-01
1.886429190635681152e-01
1.556157022714614868e-01
1.811385899782180786e-01
1.820830255746841431e-01
1.686832755804061890e-01
1.790923774242401123e-01
1.916614770889282227e-01
1.794871836900711060e-01
1.688951402902603149e-01
1.723237633705139160e-01
1.664634197950363159e-01
1.775438636541366577e-01
1.804835945367813110e-01
1.732909381389617920e-01
1.703853905200958252e-01
1.577203422784805298e-01
1.680972874164581299e-01
1.938911080360412598e-01
1.716693043708801270e-01
1.870350688695907593e-01
1.635838150978088379e-01
1.924083828926086426e-01
1.885026693344116211e-01
1.614268422126770020e-01
1.577825099229812622e-01
1.878209859132766724e-01
1.780068725347518921e-01
1.965742260217666626e-01
1.712506413459777832e-01
1.589986532926559448e-01
1.746302545070648193e-01
1.665771156549453735e-01
1.745704412460327148e-01
1.618084460496902466e-01
1.830985844135284424e-01
1.831119507551193237e-01
1.630231142044067383e-01
1.714460104703903198e-01
1.735765635967254639e-01
1.675516217947006226e-01
1.783919632434844971e-01
1.601659804582595825e-01
1.693705320358276367e-01
2.007797211408615112e-01
1.758118718862533569e-01
1.741221696138381958e-01
1.657142788171768188e-01
1.782747656106948853e-01
1.571980118751525879e-01
1.608437746763229370e-01
1.801470518112182617e-01
1.748295128345489502e-01
1.719676554203033447e-01
1.743515878915786743e-01
2.075606286525726318e-01
1.803069114685058594e-01
1.572897732257843018e-01
1.815403401851654053e-01
1.718131452798843384e-01
1.614623069763183594e-01
1.675050258636474609e-01
1.769646108150482178e-01
1.874279081821441650e-01
2.259036153554916382e-01
2.193913608789443970e-01
1.418269276618957520e-01
1.622433662414550781e-01
1.696522682905197144e-01
2.094196826219558716e-01
2.204502820968627930e-01
1.737317591905593872e-01
1.835180073976516724e-01
1.921182274818420410e-01
1.860465109348297119e-01
1.673387140035629272e-01
1.714443266391754150e-01
1.691056936979293823e-01
1.789727061986923218e-01
1.605709195137023926e-01
1.848688274621963501e-01
2.035676836967468262e-01
1.662843972444534302e-01
1.595949828624725342e-01
2.004062235355377197e-01
1.809124350547790527e-01
1.872536092996597290e-01
1.631967723369598389e-01
2.120674401521682739e-01
1.697530895471572876e-01
1.916204541921615601e-01
1.863675564527511597e-01
1.970074772834777832e-01
1.852421164512634277e-01
1.921154856681823730e-01
1.811965852975845337e-01
1.717936545610427856e-01
1.669236719608306885e-01
2.240868657827377319e-01
1.763191819190979004e-01
2.003439366817474365e-01
1.983122378587722778e-01
1.859083175659179688e-01
2.080048471689224243e-01
1.922695785760879517e-01
1.926070004701614380e-01
1.683958470821380615e-01
1.682953238487243652e-01
1.636148840188980103e-01
1.963190138339996338e-01
1.664212048053741455e-01
1.705217808485031128e-01
1.900089234113693237e-01
1.817501932382583618e-01
2.015810310840606689e-01
1.865285038948059082e-01
1.784615367650985718e-01
1.683626323938369751e-01
1.761872023344039917e-01
2.007912993431091309e-01
1.890489906072616577e-01
1.760277897119522095e-01
1.805555522441864014e-01
1.739758998155593872e-01
1.861702054738998413e-01
1.714108884334564209e-01
2.042502909898757935e-01
1.756521761417388916e-01
1.659192889928817749e-01
1.652954369783401489e-01
1.655629128217697144e-01
1.796973496675491333e-01
1.876946985721588135e-01
1.727408915758132935e-01
1.945116966962814331e-01
1.585261374711990356e-01
2.141951769590377808e-01
1.961510032415390015e-01
1.937765181064605713e-01
1.533957868814468384e-01
1.960784345865249634e-01
1.628647148609161377e-01
1.783536523580551147e-01
1.906180232763290405e-01
1.921487599611282349e-01
1.644599288702011108e-01
1.800318658351898193e-01
1.661279946565628052e-01
1.803018301725387573e-01
1.714456379413604736e-01
1.992831528186798096e-01
1.811527907848358154e-01
1.682389974594116211e-01
1.859504133462905884e-01
1.854838728904724121e-01
1.853126734495162964e-01
1.566170752048492432e-01
1.420083194971084595e-01
1.688888818025588989e-01
1.669642925262451172e-01
1.963685303926467896e-01
1.533824503421783447e-01
1.853625178337097168e-01
1.467842310667037964e-01
1.605633795261383057e-01
1.732233464717864990e-01
1.764395087957382202e-01
2.016806751489639282e-01
1.770911812782287598e-01
1.866509169340133667e-01
1.627033799886703491e-01
1.560606062412261963e-01
1.977507025003433228e-01
1.762322783470153809e-01
1.659469455480575562e-01
1.735537201166152954e-01
1.697080284357070923e-01
1.818706691265106201e-01
1.987829655408859253e-01
1.719858199357986450e-01
1.678391993045806885e-01
1.953125000000000000e-01
1.806930750608444214e-01
1.538862735033035278e-01
1.881427764892578125e-01
1.748329550027847290e-01
1.758389323949813843e-01
1.611307412385940552e-01
1.542857140302658081e-01
1.551204770803451538e-01
1.794238686561584473e-01
1.856360286474227905e-01
1.825613081455230713e-01
1.976828426122665405e-01
1.682464480400085449e-01
1.634391993284225464e-01
1.987899690866470337e-01
1.614457815885543823e-01
1.813417226076126099e-01
1.978393048048019409e-01
1.861042231321334839e-01
1.711830794811248779e-01
1.969924867153167725e-01
1.968400329351425171e-01
2.157996147871017456e-01
1.878483891487121582e-01
1.883316338062286377e-01
1.811594218015670776e-01
1.855733692646026611e-01
1.805813163518905640e-01
1.836270540952682495e-01
1.988862305879592896e-01
1.696141511201858521e-01
1.890971064567565918e-01
1.705937832593917847e-01
1.792349666357040405e-01
1.651705503463745117e-01
1.839165985584259033e-01
1.876971572637557983e-01
1.682170480489730835e-01
1.898526996374130249e-01
1.729729771614074707e-01
2.301523685455322266e-01
1.733149886131286621e-01
1.796875000000000000e-01
1.782437711954116821e-01
1.857651174068450928e-01
1.509274840354919434e-01
1.588411629199981689e-01
1.692620217800140381e-01
1.725125312805175781e-01
2.097777724266052246e-01
1.548387110233306885e-01
1.768219769001007080e-01
1.891074180603027344e-01
1.654135286808013916e-01
1.737911701202392578e-01
1.497504115104675293e-01
1.839671134948730469e-01
1.764705926179885864e-01
1.787439584732055664e-01
1.647765189409255981e-01
1.927582472562789917e-01
1.730175018310546875e-01
1.717990338802337646e-01
1.585185229778289795e-01
1.884580701589584351e-01
1.648668050765991211e-01
1.767994463443756104e-01
1.689552217721939087e-01
1.954689174890518188e-01
1.948998123407363892e-01
1.992136240005493164e-01
1.808510571718215942e-01
1.815789490938186646e-01
1.657366007566452026e-01
1.814159303903579712e-01
1.830322146415710449e-01
2.003297656774520874e-01
1.799807548522949219e-01
1.631309390068054199e-01
1.746666729450225830e-01
1.826381087303161621e-01
1.726094037294387817e-01
1.670293807983398438e-01
1.746784001588821411e-01
1.629955917596817017e-01
2.004635035991668701e-01
1.912144720554351807e-01
1.985044181346893311e-01
1.944444477558135986e-01
1.647887378931045532e-01
1.582733839750289917e-01
1.575854718685150146e-01
1.733139902353286743e-01
1.816860437393188477e-01
1.947674453258514404e-01
1.799053102731704712e-01
2.189141809940338135e-01
2.145508527755737305e-01
1.916083842515945435e-01
1.979293525218963623e-01
1.936254948377609253e-01
1.750388443470001221e-01
1.523510962724685669e-01
1.778975725173950195e-01
1.776245981454849243e-01
1.652482300996780396e-01
1.861233413219451904e-01
1.800104677677154541e-01
1.709786206483840942e-01
1.867768615484237671e-01
2.000000029802322388e-01
1.968838572502136230e-01
1.848998516798019409e-01
1.700636893510818481e-01
1.867704242467880249e-01
1.966977715492248535e-01
1.774042993783950806e-01
1.364802420139312744e-01
1.733247488737106323e-01
1.756017506122589111e-01
1.854166686534881592e-01
1.636060029268264771e-01
1.934782564640045166e-01
1.670716851949691772e-01
1.904761940240859985e-01
1.725932359695434570e-01
1.690821200609207153e-01
1.894923299551010132e-01
1.753022521734237671e-01
1.779542267322540283e-01
1.744185984134674072e-01
1.795937269926071167e-01
1.733333319425582886e-01
1.673669517040252686e-01
1.559497416019439697e-01
1.751662939786911011e-01
1.806506812572479248e-01
1.842794716358184814e-01
1.656891554594039917e-01
2.021126747131347656e-01
1.740858554840087891e-01
1.830028295516967773e-01
1.595528423786163330e-01
1.981833130121231079e-01
1.968400329351425171e-01
1.852507442235946655e-01
1.620665192604064941e-01
1.711660027503967285e-01
1.707028895616531372e-01
1.880131363868713379e-01
2.110389620065689087e-01
1.725370138883590698e-01
2.019323706626892090e-01
1.595460623502731323e-01
1.933267861604690552e-01
2.082474231719970703e-01
1.796707212924957275e-01
1.620608866214752197e-01
1.706586778163909912e-01
1.763392835855484009e-01
1.739130467176437378e-01
1.988795548677444458e-01
1.867353469133377075e-01
1.790371090173721313e-01
1.751509904861450195e-01
1.853959262371063232e-01
1.688442230224609375e-01
2.095687389373779297e-01
1.777590513229370117e-01
2.097186744213104248e-01
1.545138955116271973e-01
1.698956787586212158e-01
1.903651952743530273e-01
1.936936974525451660e-01
1.751740127801895142e-01
1.832460761070251465e-01
1.762568205595016479e-01
1.937269419431686401e-01
1.799037307500839233e-01
1.969924867153167725e-01
1.929046511650085449e-01
1.599326580762863159e-01
1.646837890148162842e-01
2.078825384378433228e-01
1.699846833944320679e-01
1.679687500000000000e-01
1.749856621026992798e-01
1.637385785579681396e-01
1.704129576683044434e-01
1.568955928087234497e-01
1.816491037607192993e-01
1.794046610593795776e-01
1.519101113080978394e-01
2.163375169038772583e-01
1.872362941503524780e-01
1.895625442266464233e-01
1.932938843965530396e-01
1.671490520238876343e-01
2.002288401126861572e-01
1.677718758583068848e-01
1.556997150182723999e-01
1.872427910566329956e-01
1.842767298221588135e-01
1.817440986633300781e-01
1.975000053644180298e-01
1.617021262645721436e-01
1.858064532279968262e-01
1.920042037963867188e-01
1.868289262056350708e-01
2.025202512741088867e-01
1.675708293914794922e-01
1.712041944265365601e-01
1.643760353326797485e-01
2.126909494400024414e-01
2.032085508108139038e-01
1.663244366645812988e-01
1.894807815551757812e-01
1.874527633190155029e-01
1.616031080484390259e-01
1.712997704744338989e-01
1.669565290212631226e-01
1.625357419252395630e-01
1.651131808757781982e-01
1.722787767648696899e-01
1.738794445991516113e-01
1.833660751581192017e-01
1.856209188699722290e-01
1.691648811101913452e-01
1.855737715959548950e-01
1.810722053050994873e-01
1.824505031108856201e-01
1.913996636867523193e-01
1.747868508100509644e-01
1.643939465284347534e-01
1.923728883266448975e-01
1.638907343149185181e-01
1.741604954004287720e-01
1.897959113121032715e-01
1.739130467176437378e-01
1.882911324501037598e-01
1.572383046150207520e-01
1.737923324108123779e-01
1.746031790971755981e-01
1.694352179765701294e-01
1.737288087606430054e-01
1.690490990877151489e-01
1.709658056497573853e-01
1.797919720411300659e-01
1.863224059343338013e-01
1.844293326139450073e-01
1.993333399295806885e-01
1.803278625011444092e-01
1.973180025815963745e-01
1.775426268577575684e-01
1.648648679256439209e-01
2.173447608947753906e-01
1.746031790971755981e-01
1.867072582244873047e-01
1.822752952575683594e-01
1.713646501302719116e-01
1.772445887327194214e-01
1.928696632385253906e-01
1.661764681339263916e-01
1.799604445695877075e-01
1.749999970197677612e-01
1.522762924432754517e-01
1.791117638349533081e-01
1.859267801046371460e-01
1.852098554372787476e-01
1.729729771614074707e-01
1.767262220382690430e-01
1.972873061895370483e-01
1.730769276618957520e-01
1.573569476604461670e-01
2.083333283662796021e-01
1.770270317792892456e-01
1.953937560319900513e-01
1.768759638071060181e-01
1.846033036708831787e-01
1.610219776630401611e-01
1.691331863403320312e-01
1.924265772104263306e-01
1.848958283662796021e-01
1.809588074684143066e-01
2.109566628932952881e-01
2.074303478002548218e-01
1.836083084344863892e-01
1.740157455205917358e-01
1.758691221475601196e-01
1.941747516393661499e-01
1.684210598468780518e-01
1.993327736854553223e-01
1.899159699678421021e-01
1.644245088100433350e-01
1.693121641874313354e-01
1.570294797420501709e-01
1.755813956260681152e-01
1.960896998643875122e-01
1.774611473083496094e-01
2.058823555707931519e-01
1.733333319425582886e-01
1.768377274274826050e-01
1.664110422134399414e-01
1.810897439718246460e-01
1.880093067884445190e-01
1.908396929502487183e-01
1.835106313228607178e-01
1.894654035568237305e-01
1.711299866437911987e-01
1.895306855440139771e-01
1.970443278551101685e-01
1.793168932199478149e-01
1.650544106960296631e-01
2.003514915704727173e-01
1.750629693269729614e-01
1.817094981670379639e-01
1.874587386846542358e-01
1.793628782033920288e-01
2.239532619714736938e-01
1.940189599990844727e-01
1.713800877332687378e-01
1.830327361822128296e-01
2.261146456003189087e-01
1.525762826204299927e-01
1.758186370134353638e-01
1.709585189819335938e-01
1.600621640682220459e-01
1.860465109348297119e-01
1.678535044193267822e-01
1.806722730398178101e-01
1.956521719694137573e-01
1.754530519247055054e-01
1.936416178941726685e-01
1.814814805984497070e-01
1.898907124996185303e-01
1.739397644996643066e-01
1.701514124870300293e-01
1.791604161262512207e-01
1.770917922258377075e-01
1.748438924551010132e-01
1.749471426010131836e-01
2.071788460016250610e-01
2.051546424627304077e-01
1.900773197412490845e-01
1.984635144472122192e-01
1.838862597942352295e-01
1.705801039934158325e-01
1.471978425979614258e-01
1.958939284086227417e-01
1.745019853115081787e-01
1.888028532266616821e-01
1.549110114574432373e-01
1.719457060098648071e-01
1.668356955051422119e-01
1.859778612852096558e-01
1.804613322019577026e-01
1.779744327068328857e-01
1.730182915925979614e-01
2.051282078027725220e-01
1.639030575752258301e-01
1.885038018226623535e-01
1.715425550937652588e-01
1.525423675775527954e-01
1.590052694082260132e-01
1.664611548185348511e-01
1.753424704074859619e-01
1.912225633859634399e-01
1.746393293142318726e-01
1.721682846546173096e-01
1.724354922771453857e-01
1.981230378150939941e-01
1.469265371561050415e-01
1.723016947507858276e-01
1.784825921058654785e-01
1.908230185508728027e-01
1.991368681192398071e-01
1.670190244913101196e-01
1.861642301082611084e-01
1.693989038467407227e-01
1.950856298208236694e-01
1.844155788421630859e-01
1.865248233079910278e-01
1.795550882816314697e-01
1.870929598808288574e-01
1.854026913642883301e-01
2.010178118944168091e-01
1.941391974687576294e-01
1.727785617113113403e-01
1.981057673692703247e-01
1.779755353927612305e-01
1.756292879581451416e-01
1.614963561296463013e-01
1.871406137943267822e-01
1.790900230407714844e-01
1.912464350461959839e-01
1.806302815675735474e-01
1.901939660310745239e-01
1.729442924261093140e-01
1.710013002157211304e-01
1.798561215400695801e-01
1.914008259773254395e-01
1.795841157436370850e-01
1.822139322757720947e-01
1.697045862674713135e-01
1.855976283550262451e-01
1.746268719434738159e-01
1.921317428350448608e-01
1.843831986188888550e-01
1.567963957786560059e-01
1.665799021720886230e-01
1.738532036542892456e-01
1.736281663179397583e-01
1.725888252258300781e-01
1.808443665504455566e-01
1.836847960948944092e-01
1.825037747621536255e-01
1.837409138679504395e-01
1.973770558834075928e-01
2.017973810434341431e-01
1.829723715782165527e-01
1.758409738540649414e-01
1.634831428527832031e-01
1.692524701356887817e-01
1.843318045139312744e-01
1.634435504674911499e-01
2.004132270812988281e-01
1.738826781511306763e-01
1.691751927137374878e-01
1.663516014814376831e-01
1.914163082838058472e-01
1.784037500619888306e-01
1.784338951110839844e-01
2.076308727264404297e-01
1.875000000000000000e-01
1.681521087884902954e-01
1.871625632047653198e-01
1.655725687742233276e-01
1.802690625190734863e-01
1.584845185279846191e-01
1.725327819585800171e-01
1.855480670928955078e-01
1.728201061487197876e-01
1.816993504762649536e-01
1.905487775802612305e-01
1.962719261646270752e-01
1.784870028495788574e-01
1.722141802310943604e-01
1.736363619565963745e-01
1.733247488737106323e-01
1.850353926420211792e-01
1.795081943273544312e-01
1.943164318799972534e-01
1.698996722698211670e-01
1.571225672960281372e-01
1.604790389537811279e-01
1.664145290851593018e-01
1.784073561429977417e-01
1.885474920272827148e-01
1.858695596456527710e-01
1.660377383232116699e-01
1.823783069849014282e-01
1.558589339256286621e-01
1.763826608657836914e-01
1.772151887416839600e-01
1.795994937419891357e-01
1.948331594467163086e-01
1.883636415004730225e-01
1.639344245195388794e-01
1.589366495609283447e-01
1.650317311286926270e-01
1.947245895862579346e-01
1.729106605052947998e-01
1.905896365642547607e-01
1.671368181705474854e-01
1.827033162117004395e-01
1.715254187583923340e-01
1.881342679262161255e-01
1.820128411054611206e-01
1.624392867088317871e-01
1.866391152143478394e-01
1.741149127483367920e-01
1.547212749719619751e-01
1.783824712038040161e-01
1.851535886526107788e-01
1.859861612319946289e-01
1.870463490486145020e-01
1.515015661716461182e-01
1.634020656347274780e-01
1.823343783617019653e-01
1.906710267066955566e-01
1.881505250930786133e-01
1.908945739269256592e-01
1.770472824573516846e-01
1.914744973182678223e-01
1.897518038749694824e-01
1.798449605703353882e-01
1.841473132371902466e-01
2.201572507619857788e-01
1.739716827869415283e-01
2.017804086208343506e-01
1.823728829622268677e-01
1.748135834932327271e-01
1.784328967332839966e-01
1.744840592145919800e-01
1.910766214132308960e-01
1.619110852479934692e-01
1.653611809015274048e-01
1.853088438510894775e-01
1.969697028398513794e-01
1.668211370706558228e-01
2.031379044055938721e-01
1.693290770053863525e-01
1.613756567239761353e-01
1.897018998861312866e-01
1.905433982610702515e-01
1.696558445692062378e-01
1.674823313951492310e-01
1.897533237934112549e-01
2.057991474866867065e-01
1.526429355144500732e-01
1.763157844543457031e-01
1.708115190267562866e-01
1.737331897020339966e-01
1.874596029520034790e-01
1.956775635480880737e-01
1.845266669988632202e-01
1.864864826202392578e-01
1.986089646816253662e-01
1.698412746191024780e-01
1.820312440395355225e-01
1.983024626970291138e-01
1.888745129108428955e-01
1.853077411651611328e-01
1.659028381109237671e-01
1.614730805158615112e-01
2.073260098695755005e-01
1.508196741342544556e-01
1.820373684167861938e-01
1.822916716337203979e-01
1.727493852376937866e-01
2.146204262971878052e-01
1.603467017412185669e-01
1.920057088136672974e-01
1.727848052978515625e-01
1.770516782999038696e-01
1.774519681930541992e-01
2.237174063920974731e-01
2.045454531908035278e-01
1.809836030006408691e-01
1.998183429241180420e-01
1.877624541521072388e-01
1.854838728904724121e-01
1.659983992576599121e-01
2.092050164937973022e-01
1.971014440059661865e-01
1.742522716522216797e-01
2.051451206207275391e-01
2.027729600667953491e-01
1.962563842535018921e-01
1.943319886922836304e-01
1.746031790971755981e-01
1.775804609060287476e-01
1.721000820398330688e-01
1.880794763565063477e-01
1.944684535264968872e-01
1.561181396245956421e-01
1.779176145792007446e-01
1.640295386314392090e-01
1.755725145339965820e-01
1.632241755723953247e-01
1.702422201633453369e-01
1.724537014961242676e-01
1.582229137420654297e-01
1.949602067470550537e-01
2.078947424888610840e-01
2.045790255069732666e-01
1.780205667018890381e-01
1.678411215543746948e-01
1.666666716337203979e-01
1.868823021650314331e-01
1.813094615936279297e-01
1.826741993427276611e-01
1.651676148176193237e-01
1.738396584987640381e-01
1.702944934368133545e-01
1.922042965888977051e-01
2.074652761220932007e-01
1.883076876401901245e-01
1.553030312061309814e-01
1.762427389621734619e-01
1.975103765726089478e-01
1.770034879446029663e-01
1.683060079813003540e-01
1.725377440452575684e-01
1.773049682378768921e-01
1.717041730880737305e-01
1.690669953823089600e-01
1.799855977296829224e-01
1.772151887416839600e-01
1.555663645267486572e-01
1.760113537311553955e-01
1.632540076971054077e-01
1.985670477151870728e-01
1.933028846979141235e-01
1.760841012001037598e-01
1.718918979167938232e-01
1.847176104784011841e-01
1.952191293239593506e-01
1.671788543462753296e-01
1.496320515871047974e-01
1.860737204551696777e-01
1.948802620172500610e-01
2.067473977804183960e-01
1.631963998079299927e-01
1.736263781785964966e-01
1.974307000637054443e-01
1.757641881704330444e-01
1.777108460664749146e-01
1.931384950876235962e-01
1.750143915414810181e-01
1.977299898862838745e-01
1.761968135833740234e-01
1.802120208740234375e-01
1.696090847253799438e-01
1.724941730499267578e-01
1.867704242467880249e-01
1.771084368228912354e-01
1.631455421447753906e-01
1.846259385347366333e-01
1.665449291467666626e-01
1.500306129455566406e-01
1.859819591045379639e-01
1.976967304944992065e-01
1.552616506814956665e-01
1.751196235418319702e-01
1.761827021837234497e-01
1.642512083053588867e-01
1.893939375877380371e-01
1.721311509609222412e-01
1.790055185556411743e-01
1.645299196243286133e-01
1.787709444761276245e-01
1.856086105108261108e-01
1.836451888084411621e-01
1.914529949426651001e-01
1.905387639999389648e-01
1.977695226669311523e-01
1.826923042535781860e-01
1.851400732994079590e-01
1.676384806632995605e-01
2.021996676921844482e-01
1.859649121761322021e-01
1.914232373237609863e-01
1.852745860815048218e-01
2.002042829990386963e-01
1.874265521764755249e-01
1.854124069213867188e-01
1.543859690427780151e-01
1.918789744377136230e-01
2.374798059463500977e-01
1.995540708303451538e-01
1.773541271686553955e-01
2.206332981586456299e-01
1.516853868961334229e-01
1.895380467176437378e-01
1.765489727258682251e-01
2.168224304914474487e-01
1.937499940395355225e-01
1.865229159593582153e-01
1.637931019067764282e-01
1.755014359951019287e-01
1.671469807624816895e-01
1.709477454423904419e-01
1.568287014961242676e-01
1.726671606302261353e-01
1.682567149400711060e-01
1.631171405315399170e-01
1.873981505632400513e-01
1.572295278310775757e-01
1.820448935031890869e-01
1.686567217111587524e-01
1.688741743564605713e-01
1.572237908840179443e-01
1.630847007036209106e-01
2.120115756988525391e-01
1.743253171443939209e-01
1.875626891851425171e-01
1.960431635379791260e-01
2.018544971942901611e-01
1.775811165571212769e-01
1.678082197904586792e-01
2.031586468219757080e-01
1.700680255889892578e-01
1.917007565498352051e-01
1.838111281394958496e-01
1.541609764099121094e-01
1.665586531162261963e-01
1.882229298353195190e-01
1.795063614845275879e-01
1.812428086996078491e-01
1.884057968854904175e-01
1.812179088592529297e-01
1.812899410724639893e-01
1.937816292047500610e-01
1.726190447807312012e-01
1.771986931562423706e-01
1.786508560180664062e-01
1.578125059604644775e-01
1.899999976158142090e-01
1.923076957464218140e-01
2.018348574638366699e-01
1.858974397182464600e-01
1.752669066190719604e-01
1.602519303560256958e-01
2.124248445034027100e-01
2.204599529504776001e-01
1.943069249391555786e-01
1.748768538236618042e-01
1.847484260797500610e-01
1.993793696165084839e-01
1.793313026428222656e-01
1.711874604225158691e-01
1.857055574655532837e-01
1.683168262243270874e-01
1.936073005199432373e-01
1.898120045661926270e-01
1.797520667314529419e-01
1.515880674123764038e-01
1.896881014108657837e-01
1.987740844488143921e-01
2.028343677520751953e-01
1.898223012685775757e-01
1.965065449476242065e-01
1.633078455924987793e-01
1.715399622917175293e-01
1.608280241489410400e-01
1.793802082538604736e-01
1.880733966827392578e-01
1.676008999347686768e-01
1.703980118036270142e-01
1.593794077634811401e-01
1.892523318529129028e-01
1.869918704032897949e-01
1.823495030403137207e-01
2.058394104242324829e-01
1.620314419269561768e-01
1.693363785743713379e-01
1.918103396892547607e-01
2.298507392406463623e-01
1.932717710733413696e-01
1.862017810344696045e-01
2.116402089595794678e-01
1.609403192996978760e-01
1.864508390426635742e-01
1.818930059671401978e-01
1.681472063064575195e-01
1.769662946462631226e-01
1.663727164268493652e-01
1.614014953374862671e-01
1.882501542568206787e-01
1.625708937644958496e-01
1.571113616228103638e-01
1.890295296907424927e-01
1.754945814609527588e-01
1.798800826072692871e-01
2.053805738687515259e-01
1.861292272806167603e-01
1.788205504417419434e-01
1.890343725681304932e-01
1.750423461198806763e-01
1.725616306066513062e-01
1.847475767135620117e-01
1.998262405395507812e-01
1.727594286203384399e-01
2.059553414583206177e-01
1.614238470792770386e-01
1.631419956684112549e-01
1.896684616804122925e-01
1.654996871948242188e-01
1.977471858263015747e-01
1.766759753227233887e-01
1.625615805387496948e-01
1.877256333827972412e-01
1.956382244825363159e-01
1.791808903217315674e-01
1.803948283195495605e-01
1.789405643939971924e-01
2.029611319303512573e-01
1.671807467937469482e-01
1.637393832206726074e-01
1.600441485643386841e-01
1.555392444133758545e-01
1.769230812788009644e-01
1.467157751321792603e-01
2.098138779401779175e-01
1.902468353509902954e-01
1.800586581230163574e-01
1.681735962629318237e-01
1.802542954683303833e-01
2.170212715864181519e-01
1.962406039237976074e-01
1.907373517751693726e-01
1.963984221220016479e-01
1.801755279302597046e-01
1.703577488660812378e-01
1.728395074605941772e-01
1.650732904672622681e-01
1.639344245195388794e-01
1.693548411130905151e-01
1.855406314134597778e-01
2.083696573972702026e-01
1.791417151689529419e-01
1.912442445755004883e-01
1.771549433469772339e-01
1.834611147642135620e-01
1.829268336296081543e-01
1.936528533697128296e-01
1.939953863620758057e-01
2.122328728437423706e-01
1.716766804456710815e-01
1.706886440515518188e-01
1.716021299362182617e-01
1.882102340459823608e-01
1.610290557146072388e-01
1.846553981304168701e-01
2.081977874040603638e-01
1.899736076593399048e-01
1.853932589292526245e-01
1.769177615642547607e-01
1.708217859268188477e-01
1.813587844371795654e-01
1.787198632955551147e-01
1.777963340282440186e-01
1.879194676876068115e-01
1.720683574676513672e-01
1.632426381111145020e-01
1.862026900053024292e-01
1.787709444761276245e-01
1.683980375528335571e-01
1.955882310867309570e-01
1.958174854516983032e-01
1.651073247194290161e-01
2.024691402912139893e-01
2.172897160053253174e-01
2.032854259014129639e-01
1.982608735561370850e-01
1.769005805253982544e-01
1.986666619777679443e-01
1.712130010128021240e-01
1.658943444490432739e-01
1.791255325078964233e-01
2.003514915704727173e-01
1.908983439207077026e-01
1.639143675565719604e-01
1.730914562940597534e-01
1.706948578357696533e-01
1.979434490203857422e-01
1.860313266515731812e-01
1.718309819698333740e-01
1.666666716337203979e-01
1.859374940395355225e-01
1.855999976396560669e-01
1.587473005056381226e-01
1.875000000000000000e-01
1.810722053050994873e-01
1.672393977642059326e-01
1.856060624122619629e-01
2.103688865900039673e-01
1.688473522663116455e-01
1.758139580488204956e-01
1.621621549129486084e-01
1.936560869216918945e-01
1.903584599494934082e-01
1.611764729022979736e-01
1.726822406053543091e-01
1.899488866329193115e-01
2.130681872367858887e-01
1.703107059001922607e-01
1.703703701496124268e-01
1.832319200038909912e-01
1.582002937793731689e-01
1.910766214132308960e-01
1.665645986795425415e-01
1.943620145320892334e-01
1.769859790802001953e-01
2.006319165229797363e-01
1.822541952133178711e-01
1.559888571500778198e-01
2.140969187021255493e-01
1.806302815675735474e-01
1.642962247133255005e-01
1.704005450010299683e-01
1.861471831798553467e-01
1.773109287023544312e-01
1.829268336296081543e-01
1.709354072809219360e-01
1.754385977983474731e-01
1.915807574987411499e-01
1.766081899404525757e-01
1.703492552042007446e-01
1.797520667314529419e-01
1.502590626478195190e-01
1.984797269105911255e-01
1.622340381145477295e-01
1.730612218379974365e-01
1.755775511264801025e-01
1.828644573688507080e-01
1.682795733213424683e-01
1.805074959993362427e-01
2.001409381628036499e-01
1.821106821298599243e-01
1.805646717548370361e-01
1.981735229492187500e-01
1.737967878580093384e-01
1.995994597673416138e-01
1.984496116638183594e-01
1.775032579898834229e-01
2.020547986030578613e-01
1.967611312866210938e-01
1.646868288516998291e-01
1.827875077724456787e-01
1.791713386774063110e-01
1.792553216218948364e-01
2.004421502351760864e-01
1.803155541419982910e-01
2.038834989070892334e-01
1.666666716337203979e-01
1.868420988321304321e-01
1.795441955327987671e-01
1.925087124109268188e-01
1.716766804456710815e-01
1.733931303024291992e-01
2.049319744110107422e-01
1.794243752956390381e-01
1.778679043054580688e-01
1.764705926179885864e-01
1.804991364479064941e-01
1.975019574165344238e-01
2.162162214517593384e-01
2.017126530408859253e-01
1.771472394466400146e-01
1.808443665504455566e-01
1.943291872739791870e-01
1.705006808042526245e-01
1.740707159042358398e-01
1.675977706909179688e-01
1.779279261827468872e-01
2.143927961587905884e-01
1.910197883844375610e-01
1.966758966445922852e-01
1.940509974956512451e-01
1.902097910642623901e-01
1.973684281110763550e-01
1.938642263412475586e-01
1.727493852376937866e-01
1.879601627588272095e-01
2.023255825042724609e-01
1.900293231010437012e-01
1.973840594291687012e-01
1.882662028074264526e-01
1.759708672761917114e-01
1.815068423748016357e-01
1.639097779989242554e-01
2.033527642488479614e-01
1.498371362686157227e-01
1.853785961866378784e-01
2.092498540878295898e-01
1.782518923282623291e-01
1.716637313365936279e-01
1.531054377555847168e-01
1.612723171710968018e-01
2.063983529806137085e-01
1.826215088367462158e-01
1.697183102369308472e-01
2.114413976669311523e-01
1.684887409210205078e-01
1.971831023693084717e-01
1.875000000000000000e-01
1.743264645338058472e-01
1.777963340282440186e-01
1.950567811727523804e-01
1.909090876579284668e-01
1.567209213972091675e-01
1.816467642784118652e-01
1.854789555072784424e-01
1.674132198095321655e-01
1.667782962322235107e-01
1.816261857748031616e-01
1.884661167860031128e-01
1.711990088224411011e-01
1.949025541543960571e-01
1.818181872367858887e-01
1.878882050514221191e-01
1.773778945207595825e-01
1.795942783355712891e-01
1.804939806461334229e-01
2.064945846796035767e-01
1.854043453931808472e-01
2.283018827438354492e-01
1.931236237287521362e-01
1.762376278638839722e-01
1.857610493898391724e-01
1.696385592222213745e-01
1.645077764987945557e-01
1.756856888532638550e-01
2.280373871326446533e-01
1.998635679483413696e-01
1.787671297788619995e-01
1.818796545267105103e-01
1.941135227680206299e-01
2.103559821844100952e-01
1.920135915279388428e-01
1.799617111682891846e-01
1.951600313186645508e-01
1.708906590938568115e-01
1.957511454820632935e-01
1.935483813285827637e-01
1.836884617805480957e-01
1.718672662973403931e-01
1.874619573354721069e-01
1.500754207372665405e-01
1.836141794919967651e-01
2.126865684986114502e-01
1.616541296243667603e-01
1.705816537141799927e-01
1.568213850259780884e-01
1.610898673534393311e-01
2.015325725078582764e-01
1.666666716337203979e-01
1.718506962060928345e-01
1.871148496866226196e-01
1.837871223688125610e-01
1.606108546257019043e-01
2.075038254261016846e-01
1.713286787271499634e-01
1.822247058153152466e-01
1.813285499811172485e-01
1.877444535493850708e-01
1.800737977027893066e-01
1.850768178701400757e-01
1.747815161943435669e-01
1.524265259504318237e-01
1.610219776630401611e-01
2.031250000000000000e-01
1.824933737516403198e-01
2.025316506624221802e-01
1.749999970197677612e-01
1.801652908325195312e-01
2.069214135408401489e-01
1.851156949996948242e-01
1.733006685972213745e-01
1.913312673568725586e-01
1.663128137588500977e-01
1.812354326248168945e-01
2.082585245370864868e-01
1.736158579587936401e-01
1.866340637207031250e-01
1.640027761459350586e-01
1.956521719694137573e-01
1.919669210910797119e-01
1.774470508098602295e-01
1.593030542135238647e-01
1.800458729267120361e-01
1.900726407766342163e-01
1.945477128028869629e-01
1.957040578126907349e-01
1.835834085941314697e-01
1.795537173748016357e-01
1.775938868522644043e-01
1.885714232921600342e-01
1.838709712028503418e-01
1.848234385251998901e-01
1.801405996084213257e-01
1.889671385288238525e-01
1.843750029802322388e-01
1.799761652946472168e-01
1.801346838474273682e-01
1.628482937812805176e-01
1.786372065544128418e-01
1.839005202054977417e-01
1.960104107856750488e-01
2.024330943822860718e-01
2.060831785202026367e-01
1.838365942239761353e-01
1.749515831470489502e-01
2.099494040012359619e-01
1.995614022016525269e-01
1.707156896591186523e-01
2.048401087522506714e-01
1.907665431499481201e-01
1.888604313135147095e-01
1.817593723535537720e-01
1.868489533662796021e-01
1.911111176013946533e-01
1.884550154209136963e-01
1.904176920652389526e-01
1.829944550991058350e-01
1.720169633626937866e-01
1.714898198843002319e-01
1.704611778259277344e-01
1.724770665168762207e-01
1.685226410627365112e-01
1.641286015510559082e-01
2.057100981473922729e-01
1.909650862216949463e-01
1.629629582166671753e-01
1.885657012462615967e-01
1.921537220478057861e-01
2.144790291786193848e-01
1.717171669006347656e-01
1.938296407461166382e-01
1.675485074520111084e-01
1.691961735486984253e-01
1.736725717782974243e-01
1.656250059604644775e-01
1.930859982967376709e-01
1.736214607954025269e-01
1.956521719694137573e-01
1.786616146564483643e-01
1.847290694713592529e-01
2.087422013282775879e-01
1.748206168413162231e-01
1.880409121513366699e-01
1.923300474882125854e-01
1.889952123165130615e-01
1.812627315521240234e-01
1.870109587907791138e-01
1.956521719694137573e-01
1.484042555093765259e-01
1.934357583522796631e-01
1.786015182733535767e-01
1.742605865001678467e-01
1.980742812156677246e-01
2.032577842473983765e-01
1.837121248245239258e-01
1.712018102407455444e-01
1.661703437566757202e-01
1.896420419216156006e-01
1.685823798179626465e-01
1.971080601215362549e-01
1.975051909685134888e-01
1.613190770149230957e-01
2.152777761220932007e-01
1.607629358768463135e-01
1.790017187595367432e-01
1.956224292516708374e-01
2.122762203216552734e-01
1.892915070056915283e-01
2.040816396474838257e-01
1.636851578950881958e-01
1.957831382751464844e-01
1.833846122026443481e-01
1.748031526803970337e-01
1.589041054248809814e-01
1.684675812721252441e-01
1.887694150209426880e-01
1.835664361715316772e-01
1.922330111265182495e-01
2.043596804141998291e-01
1.748633831739425659e-01
1.912772655487060547e-01
1.976659446954727173e-01
1.925505101680755615e-01
1.742424219846725464e-01
1.527680456638336182e-01
1.703163087368011475e-01
1.934407949447631836e-01
1.838966161012649536e-01
1.868932098150253296e-01
2.045088559389114380e-01
2.020547986030578613e-01
2.119784653186798096e-01
1.806167364120483398e-01
1.809523850679397583e-01
1.715456694364547729e-01
1.748071908950805664e-01
1.554987281560897827e-01
1.720351427793502808e-01
1.781789660453796387e-01
1.758794039487838745e-01
1.980279386043548584e-01
1.907975524663925171e-01
1.876804679632186890e-01
1.890034377574920654e-01
1.563071310520172119e-01
1.647785753011703491e-01
2.119026184082031250e-01
1.671101599931716919e-01
1.718266308307647705e-01
1.729660481214523315e-01
2.020958065986633301e-01
1.639135926961898804e-01
1.540860831737518311e-01
1.870722472667694092e-01
1.984334141016006470e-01
1.829561889171600342e-01
1.619758754968643188e-01
1.697990894317626953e-01
2.059000581502914429e-01
1.787709444761276245e-01
1.760324984788894653e-01
1.994025409221649170e-01
1.865828037261962891e-01
1.685979068279266357e-01
1.691823899745941162e-01
1.639974415302276611e-01
1.725888252258300781e-01
1.845811754465103149e-01
1.924778819084167480e-01
1.868489533662796021e-01
1.803381294012069702e-01
1.775990128517150879e-01
1.751918196678161621e-01
1.667792052030563354e-01
1.751064807176589966e-01
1.918482035398483276e-01
1.806746721267700195e-01
2.055335938930511475e-01
2.015503942966461182e-01
1.600997447967529297e-01
1.919268816709518433e-01
1.915513426065444946e-01
1.649417877197265625e-01
1.714770793914794922e-01
1.740196049213409424e-01
1.933085471391677856e-01
1.699729412794113159e-01
1.760133206844329834e-01
1.818734854459762573e-01
1.747643202543258667e-01
1.960085481405258179e-01
1.557285934686660767e-01
1.777609735727310181e-01
1.764705926179885864e-01
1.829616874456405640e-01
1.856812983751296997e-01
1.699305176734924316e-01
2.002118676900863647e-01
1.866422742605209351e-01
1.646894663572311401e-01
1.885680556297302246e-01
1.880153864622116089e-01
1.760184466838836670e-01
1.890547275543212891e-01
1.720613241195678711e-01
2.048591971397399902e-01
1.670220345258712769e-01
1.738609075546264648e-01
1.944847553968429565e-01
1.907356977462768555e-01
1.998491734266281128e-01
1.641711294651031494e-01
1.777399182319641113e-01
2.065491229295730591e-01
2.177419364452362061e-01
1.870897114276885986e-01
1.618929058313369751e-01
1.638743430376052856e-01
1.970899403095245361e-01
1.850347965955734253e-01
1.730232536792755127e-01
1.587580591440200806e-01
1.836870014667510986e-01
1.747474819421768188e-01
1.718863844871520996e-01
1.918775737285614014e-01
1.937499940395355225e-01
1.859986335039138794e-01
1.834170818328857422e-01
1.683377325534820557e-01
1.684263497591018677e-01
2.051282078027725220e-01
1.813437640666961670e-01
2.005044072866439819e-01
1.835405528545379639e-01
1.659701466560363770e-01
1.978088915348052979e-01
1.857923567295074463e-01
1.638582199811935425e-01
1.754183471202850342e-01
1.943855881690979004e-01
1.692002713680267334e-01
1.746753305196762085e-01
1.662310510873794556e-01
1.617946922779083252e-01
1.814024448394775391e-01
1.963048428297042847e-01
1.675070077180862427e-01
1.810975670814514160e-01
1.791875362396240234e-01
1.658615171909332275e-01
1.906269788742065430e-01
1.960174292325973511e-01
1.990330368280410767e-01
1.831238716840744019e-01
1.843843907117843628e-01
1.787280738353729248e-01
2.122641503810882568e-01
1.681494712829589844e-01
1.891891956329345703e-01
1.941015124320983887e-01
1.959219872951507568e-01
2.053851038217544556e-01
1.780009120702743530e-01
1.761517673730850220e-01
1.599471271038055420e-01
2.059496641159057617e-01
2.035519182682037354e-01
1.804457157850265503e-01
1.667670011520385742e-01
1.864525079727172852e-01
1.592153310775756836e-01
1.747394204139709473e-01
1.987577676773071289e-01
1.978022009134292603e-01
1.799016147851943970e-01
1.766200810670852661e-01
1.709302365779876709e-01
1.616814881563186646e-01
1.652360558509826660e-01
1.615628302097320557e-01
1.880088895559310913e-01
1.727460473775863647e-01
1.859229803085327148e-01
1.814848780632019043e-01
1.974299103021621704e-01
1.558739244937896729e-01
2.194616943597793579e-01
1.884159147739410400e-01
1.717119067907333374e-01
1.654021292924880981e-01
1.924331337213516235e-01
1.652509719133377075e-01
1.595974117517471313e-01
1.902786046266555786e-01
1.601830720901489258e-01
1.782553791999816895e-01
2.434895783662796021e-01
1.814895123243331909e-01
1.829181462526321411e-01
2.057877779006958008e-01
2.064364254474639893e-01
1.912328749895095825e-01
2.033660560846328735e-01
1.714285761117935181e-01
1.649076491594314575e-01
1.891891956329345703e-01
2.003745287656784058e-01
2.036535888910293579e-01
1.647331714630126953e-01
1.952776014804840088e-01
1.944260150194168091e-01
1.801752448081970215e-01
1.864406764507293701e-01
1.772575229406356812e-01
1.833208054304122925e-01
1.693393141031265259e-01
1.639824360609054565e-01
1.755260229110717773e-01
1.672285944223403931e-01
1.716950088739395142e-01
1.752411574125289917e-01
2.092343717813491821e-01
2.087912112474441528e-01
1.570680588483810425e-01
1.794099956750869751e-01
1.879259943962097168e-01
1.862692981958389282e-01
1.718858778476715088e-01
1.817682534456253052e-01
1.977681368589401245e-01
1.893764436244964600e-01
1.994818598031997681e-01
2.135728597640991211e-01
1.983240246772766113e-01
1.778975725173950195e-01
1.855769157409667969e-01
1.895781606435775757e-01
1.682986468076705933e-01
1.785206198692321777e-01
1.865929514169692993e-01
1.833073347806930542e-01
1.576011180877685547e-01
1.810645759105682373e-01
1.987577676773071289e-01
1.888246685266494751e-01
1.691902577877044678e-01
1.763005852699279785e-01
1.871465295553207397e-01
1.929824501276016235e-01
1.738868802785873413e-01
1.595330685377120972e-01
1.755888611078262329e-01
1.807526201009750366e-01
1.843728572130203247e-01
1.802366077899932861e-01
1.824610978364944458e-01
1.721752434968948364e-01
1.837368160486221313e-01
1.983805596828460693e-01
2.037037014961242676e-01
1.719883829355239868e-01
1.753501445055007935e-01
2.087708413600921631e-01
1.646017730236053467e-01
1.764705926179885864e-01
1.765105277299880981e-01
1.766605228185653687e-01
1.684041768312454224e-01
1.622835099697113037e-01
1.582512259483337402e-01
2.003046423196792603e-01
1.840909123420715332e-01
1.717647016048431396e-01
1.690891534090042114e-01
1.823056340217590332e-01
1.820580512285232544e-01
1.677057296037673950e-01
1.539812684059143066e-01
2.066666632890701294e-01
1.890424489974975586e-01
1.745613962411880493e-01
1.655530780553817749e-01
1.809923201799392700e-01
1.625100523233413696e-01
1.775898486375808716e-01
1.734139025211334229e-01
1.788805574178695679e-01
1.807967275381088257e-01
1.879194676876068115e-01
1.845275908708572388e-01
1.852750778198242188e-01
1.703526526689529419e-01
2.010526359081268311e-01
2.153484672307968140e-01
1.826516240835189819e-01
1.746453940868377686e-01
1.687133014202117920e-01
2.354188710451126099e-01
1.773001998662948608e-01
1.881823986768722534e-01
1.695402264595031738e-01
1.786643564701080322e-01
1.633714884519577026e-01
1.813842505216598511e-01
1.606875956058502197e-01
1.795204132795333862e-01
2.016965150833129883e-01
1.837776452302932739e-01
1.873333305120468140e-01
1.852791905403137207e-01
1.808832436800003052e-01
1.909262686967849731e-01
2.020201981067657471e-01
2.064559459686279297e-01
1.826347261667251587e-01
1.839464902877807617e-01
1.810070127248764038e-01
1.796146631240844727e-01
1.725852340459823608e-01
1.972972899675369263e-01
1.638472676277160645e-01
1.783439517021179199e-01
1.776649802923202515e-01
1.767469197511672974e-01
1.825293302536010742e-01
1.736630201339721680e-01
1.695447415113449097e-01
1.791967004537582397e-01
1.824451386928558350e-01
2.089843750000000000e-01
1.845286041498184204e-01
1.731843501329421997e-01
2.167101800441741943e-01
1.696487814188003540e-01
1.784860491752624512e-01
1.917167603969573975e-01
1.735537201166152954e-01
1.886524856090545654e-01
1.663827300071716309e-01
2.063197046518325806e-01
1.869225353002548218e-01
2.001668065786361694e-01
1.832010596990585327e-01
1.686091721057891846e-01
1.773765236139297485e-01
1.786492317914962769e-01
2.149954885244369507e-01
1.773636937141418457e-01
1.912162154912948608e-01
1.717049628496170044e-01
1.690408289432525635e-01
1.834757775068283081e-01
1.831765323877334595e-01
2.463312298059463501e-01
1.777301877737045288e-01
1.845607757568359375e-01
1.853693127632141113e-01
2.171189934015274048e-01
1.762899309396743774e-01
1.878914386034011841e-01
1.625266075134277344e-01
1.927939355373382568e-01
2.128712832927703857e-01
2.249575555324554443e-01
1.653501838445663452e-01
1.701998859643936157e-01
1.710122674703598022e-01
1.809713840484619141e-01
1.965897679328918457e-01
1.851851791143417358e-01
1.698389500379562378e-01
1.520386934280395508e-01
1.853766590356826782e-01
2.087378650903701782e-01
1.861614435911178589e-01
1.811764687299728394e-01
1.777108460664749146e-01
2.157612890005111694e-01
1.813725531101226807e-01
1.697080284357070923e-01
2.021739184856414795e-01
1.637092083692550659e-01
1.992592662572860718e-01
1.873368173837661743e-01
1.651670932769775391e-01
1.916285157203674316e-01
1.717717647552490234e-01
1.802044063806533813e-01
1.868131905794143677e-01
1.645440608263015747e-01
2.071678340435028076e-01
1.935860067605972290e-01
1.939351260662078857e-01
1.707317084074020386e-01
1.745635867118835449e-01
1.844342648983001709e-01
2.012861669063568115e-01
1.799617111682891846e-01
1.714409738779067993e-01
1.885500997304916382e-01
2.025469988584518433e-01
1.853360533714294434e-01
1.627907007932662964e-01
1.806407570838928223e-01
1.802076995372772217e-01
1.923322677612304688e-01
1.742021292448043823e-01
1.867816150188446045e-01
1.738173812627792358e-01
1.824729889631271362e-01
1.945266276597976685e-01
1.907270848751068115e-01
1.583113521337509155e-01
2.018140554428100586e-01
2.018111199140548706e-01
2.021371275186538696e-01
1.903881728649139404e-01
2.069992572069168091e-01
1.784313768148422241e-01
1.801242232322692871e-01
1.804932802915573120e-01
1.823137551546096802e-01
1.895633637905120850e-01
1.709047853946685791e-01
1.577964574098587036e-01
1.859219521284103394e-01
1.668765693902969360e-01
1.805225610733032227e-01
1.828996241092681885e-01
1.729870140552520752e-01
1.761409193277359009e-01
1.723737716674804688e-01
1.927917599678039551e-01
1.700154542922973633e-01
1.785948723554611206e-01
1.839708536863327026e-01
1.937499940395355225e-01
2.000000029802322388e-01
1.826522052288055420e-01
1.830535531044006348e-01
1.641199737787246704e-01
1.769230812788009644e-01
1.953846216201782227e-01
1.793969869613647461e-01
2.044776082038879395e-01
1.863453835248947144e-01
1.886792480945587158e-01
2.081673294305801392e-01
1.913489699363708496e-01
1.746312677860260010e-01
1.802575141191482544e-01
2.126269936561584473e-01
1.953125000000000000e-01
1.879194676876068115e-01
1.993243247270584106e-01
1.737061291933059692e-01
1.843044012784957886e-01
1.933418661355972290e-01
1.836555302143096924e-01
1.511221975088119507e-01
2.300819009542465210e-01
1.820557564496994019e-01
1.905956119298934937e-01
2.056451588869094849e-01
1.833958774805068970e-01
1.870914995670318604e-01
1.788617819547653198e-01
1.915708780288696289e-01
1.669496297836303711e-01
1.961352676153182983e-01
1.872698515653610229e-01
1.805635392665863037e-01
2.051926255226135254e-01
1.860304325819015503e-01
2.120141386985778809e-01
1.787330359220504761e-01
1.805243492126464844e-01
1.834689974784851074e-01
1.847826093435287476e-01
1.799140721559524536e-01
2.044270783662796021e-01
1.906137168407440186e-01
2.123960703611373901e-01
1.795275658369064331e-01
1.685236841440200806e-01
1.646008938550949097e-01
1.778900176286697388e-01
1.815020889043807983e-01
1.770491749048233032e-01
1.840299367904663086e-01
1.810344755649566650e-01
2.108013927936553955e-01
1.750236451625823975e-01
1.655629128217697144e-01
1.719298213720321655e-01
1.769801974296569824e-01
1.734906286001205444e-01
1.808510571718215942e-01
1.765734255313873291e-01
1.745890676975250244e-01
2.165867090225219727e-01
2.257194221019744873e-01
2.045790255069732666e-01
1.966501176357269287e-01
1.985981315374374390e-01
2.015241384506225586e-01
1.968598961830139160e-01
1.959183663129806519e-01
1.879629641771316528e-01
1.755018085241317749e-01
2.088215053081512451e-01
1.973421871662139893e-01
1.846344470977783203e-01
1.760607957839965820e-01
1.774353832006454468e-01
1.771177053451538086e-01
1.866883188486099243e-01
1.676436066627502441e-01
1.984486132860183716e-01
1.929101347923278809e-01
1.788715422153472900e-01
1.709090918302536011e-01
1.952035725116729736e-01
1.738601773977279663e-01
1.909262686967849731e-01
1.794081330299377441e-01
1.755555570125579834e-01
2.008501589298248291e-01
1.627558618783950806e-01
1.861152201890945435e-01
1.798501312732696533e-01
1.706886440515518188e-01
2.464854717254638672e-01
1.735107004642486572e-01
2.085235863924026489e-01
2.169811278581619263e-01
2.186147123575210571e-01
1.758849620819091797e-01
1.894093751907348633e-01
1.963927894830703735e-01
1.985535770654678345e-01
1.828729212284088135e-01
1.941368132829666138e-01
1.922554373741149902e-01
1.624413132667541504e-01
2.110552787780761719e-01
1.808318197727203369e-01
1.900826394557952881e-01
1.871419548988342285e-01
1.692620217800140381e-01
1.905236840248107910e-01
1.826086938381195068e-01
1.807668954133987427e-01
1.864150911569595337e-01
1.590697616338729858e-01
1.809798330068588257e-01
2.102040797472000122e-01
1.722319871187210083e-01
1.770981550216674805e-01
2.002341896295547485e-01
1.813870817422866821e-01
1.716814190149307251e-01
1.912499964237213135e-01
2.413793057203292847e-01
2.046250849962234497e-01
2.027883380651473999e-01
1.844660192728042603e-01
1.971917003393173218e-01
1.767772585153579712e-01
1.585014462471008301e-01
1.737024188041687012e-01
1.804170459508895874e-01
1.832498162984848022e-01
1.806411892175674438e-01
1.892299950122833252e-01
1.842837333679199219e-01
1.954215466976165771e-01
1.691542267799377441e-01
1.977660953998565674e-01
1.832579225301742554e-01
1.981637328863143921e-01
1.965065449476242065e-01
1.845493614673614502e-01
1.872678995132446289e-01
1.703703701496124268e-01
2.298850566148757935e-01
1.687170416116714478e-01
2.019153982400894165e-01
2.006319165229797363e-01
1.984993219375610352e-01
1.917808204889297485e-01
1.969189494848251343e-01
1.960526257753372192e-01
1.813509613275527954e-01
1.780645102262496948e-01
1.596958190202713013e-01
1.991373151540756226e-01
1.941954791545867920e-01
1.929471045732498169e-01
2.021352350711822510e-01
2.039660066366195679e-01
2.057044059038162231e-01
1.929824501276016235e-01
1.809242814779281616e-01
1.603375524282455444e-01
1.671123057603836060e-01
1.736526936292648315e-01
1.868647336959838867e-01
1.685021966695785522e-01
1.907051354646682739e-01
1.878914386034011841e-01
1.798430830240249634e-01
1.319073140621185303e-01
1.974317878484725952e-01
1.908945739269256592e-01
1.591343134641647339e-01
2.087984234094619751e-01
2.063587307929992676e-01
1.796246618032455444e-01
1.784511804580688477e-01
1.819935739040374756e-01
1.679389327764511108e-01
1.823035776615142822e-01
1.791878193616867065e-01
1.839876770973205566e-01
1.901565939188003540e-01
1.797040104866027832e-01
1.754045337438583374e-01
1.830238699913024902e-01
2.011704444885253906e-01
1.652110666036605835e-01
1.837524175643920898e-01
1.775210052728652954e-01
1.772836595773696899e-01
1.921005398035049438e-01
1.664355099201202393e-01
1.774744093418121338e-01
2.104404568672180176e-01
1.767490804195404053e-01
1.949626803398132324e-01
1.596638709306716919e-01
1.868279576301574707e-01
1.713467091321945190e-01
2.191780805587768555e-01
1.853991597890853882e-01
2.001614272594451904e-01
1.808569878339767456e-01
1.463229656219482422e-01
1.663716882467269897e-01
1.833527386188507080e-01
1.973898857831954956e-01
1.834695786237716675e-01
1.717963069677352905e-01
1.799100488424301147e-01
1.830151379108428955e-01
2.062415182590484619e-01
1.998456716537475586e-01
1.647612601518630981e-01
1.917998641729354858e-01
1.929012387990951538e-01
1.699807494878768921e-01
1.580989360809326172e-01
1.994884908199310303e-01
1.736668199300765991e-01
1.700000017881393433e-01
1.836283206939697266e-01
1.776798814535140991e-01
1.981637328863143921e-01
1.753484904766082764e-01
1.888790875673294067e-01
1.709295064210891724e-01
1.674491465091705322e-01
1.910197883844375610e-01
1.783159077167510986e-01
1.650082916021347046e-01
1.728869378566741943e-01
2.051502168178558350e-01
1.959839314222335815e-01
1.702466160058975220e-01
1.738865226507186890e-01
2.117202281951904297e-01
2.065217345952987671e-01
1.832111924886703491e-01
1.930721253156661987e-01
1.775320172309875488e-01
1.979660987854003906e-01
1.814014464616775513e-01
2.027158141136169434e-01
1.687737107276916504e-01
2.046783566474914551e-01
1.916913986206054688e-01
1.895991265773773193e-01
1.863715797662734985e-01
1.687943190336227417e-01
1.701977401971817017e-01
1.718654483556747437e-01
1.956363618373870850e-01
1.716469824314117432e-01
1.890645623207092285e-01
2.179410010576248169e-01
1.796407252550125122e-01
1.797175854444503784e-01
1.542397588491439819e-01
1.886674910783767700e-01
1.844236701726913452e-01
1.955645233392715454e-01
2.287055701017379761e-01
1.650110334157943726e-01
2.121212184429168701e-01
2.044887840747833252e-01
1.847181022167205811e-01
1.713325828313827515e-01
1.896551698446273804e-01
1.768507659435272217e-01
1.826852560043334961e-01
1.722074449062347412e-01
1.961326003074645996e-01
1.677197068929672241e-01
1.972413808107376099e-01
1.634241193532943726e-01
1.676646769046783447e-01
1.778637021780014038e-01
1.802507787942886353e-01
2.003745287656784058e-01
1.715976297855377197e-01
1.707891672849655151e-01
1.580817103385925293e-01
1.998485922813415527e-01
2.299595177173614502e-01
2.205028980970382690e-01
1.974637657403945923e-01
2.060653120279312134e-01
2.086330950260162354e-01
1.856573671102523804e-01
1.677852421998977661e-01
1.509872227907180786e-01
1.836998760700225830e-01
1.660181581974029541e-01
1.529110670089721680e-01
1.690871417522430420e-01
1.740259677171707153e-01
1.912568360567092896e-01
1.763026416301727295e-01
1.938663721084594727e-01
2.048099339008331299e-01
1.923349946737289429e-01
1.861528456211090088e-01
1.945477128028869629e-01
2.058823555707931519e-01
1.823935508728027344e-01
1.832229644060134888e-01
1.824661493301391602e-01
1.757789552211761475e-01
1.956709921360015869e-01
1.940983533859252930e-01
1.545236259698867798e-01
1.871534138917922974e-01
1.879858672618865967e-01
2.110638320446014404e-01
1.895332336425781250e-01
1.870228946208953857e-01
1.661408990621566772e-01
1.764331161975860596e-01
1.801495552062988281e-01
1.667990535497665405e-01
1.607495099306106567e-01
1.919263452291488647e-01
1.597222238779067993e-01
1.960072666406631470e-01
1.810918748378753662e-01
1.674357354640960693e-01
1.823242902755737305e-01
1.863442361354827881e-01
1.872232705354690552e-01
1.607987433671951294e-01
1.939513534307479858e-01
1.745367646217346191e-01
1.901998668909072876e-01
1.934640556573867798e-01
1.930926144123077393e-01
1.852842867374420166e-01
1.729150712490081787e-01
1.869973242282867432e-01
1.782553791999816895e-01
1.864046752452850342e-01
1.876942217350006104e-01
1.661631464958190918e-01
1.845070421695709229e-01
1.748878955841064453e-01
1.580310910940170288e-01
2.141427546739578247e-01
2.150916755199432373e-01
1.759570240974426270e-01
1.947040557861328125e-01
1.667596250772476196e-01
1.589566916227340698e-01
1.705916076898574829e-01
1.723518818616867065e-01
2.038640975952148438e-01
1.845201253890991211e-01
2.155525237321853638e-01
1.504211723804473877e-01
1.774094551801681519e-01
1.790651679039001465e-01
1.713221669197082520e-01
1.724928319454193115e-01
1.854838728904724121e-01
1.489040106534957886e-01
1.951343119144439697e-01
1.866883188486099243e-01
1.916780322790145874e-01
1.708812266588211060e-01
2.092624306678771973e-01
1.909333318471908569e-01
1.897001266479492188e-01
1.686217039823532104e-01
1.767830103635787964e-01
2.536656856536865234e-01
2.147335410118103027e-01
1.937416791915893555e-01
1.883211731910705566e-01
1.783050894737243652e-01
1.794871836900711060e-01
1.804264634847640991e-01
1.881765127182006836e-01
1.844589710235595703e-01
1.708454787731170654e-01
2.049808502197265625e-01
1.819841712713241577e-01
1.967340558767318726e-01
1.704325377941131592e-01
2.010353803634643555e-01
2.076648771762847900e-01
1.896838545799255371e-01
1.876704841852188110e-01
1.762785613536834717e-01
2.127460241317749023e-01
1.696141511201858521e-01
1.667571961879730225e-01
1.828737258911132812e-01
1.975476890802383423e-01
1.757696121931076050e-01
1.693461984395980835e-01
1.995447576045989990e-01
1.835443079471588135e-01
2.033898234367370605e-01
1.788617819547653198e-01
1.851168572902679443e-01
1.783754080533981323e-01
1.972972899675369263e-01
1.718592941761016846e-01
1.676168739795684814e-01
1.779411733150482178e-01
1.900121867656707764e-01
1.809986084699630737e-01
1.901615262031555176e-01
1.522184312343597412e-01
2.232916206121444702e-01
1.985898911952972412e-01
2.056990265846252441e-01
1.933809220790863037e-01
1.971982717514038086e-01
2.004754394292831421e-01
1.763636320829391479e-01
1.622313261032104492e-01
1.844119727611541748e-01
1.835915148258209229e-01
1.815873086452484131e-01
1.829723715782165527e-01
1.771739125251770020e-01
1.887626200914382935e-01
1.875000000000000000e-01
1.896046847105026245e-01
1.601307243108749390e-01
1.987431198358535767e-01
1.660206764936447144e-01
1.815668195486068726e-01
1.910023689270019531e-01
1.609756052494049072e-01
1.897983402013778687e-01
1.720613241195678711e-01
1.931884884834289551e-01
1.829073429107666016e-01
1.835089921951293945e-01
1.834750920534133911e-01
2.098501026630401611e-01
2.033792287111282349e-01
1.756944507360458374e-01
2.064864933490753174e-01
2.003929316997528076e-01
1.685912311077117920e-01
1.930970102548599243e-01
1.820809245109558105e-01
1.878747493028640747e-01
1.732919216156005859e-01
1.767594069242477417e-01
1.751824766397476196e-01
1.787749230861663818e-01
1.845386475324630737e-01
2.039877325296401978e-01
1.717933863401412964e-01
1.961569190025329590e-01
1.932624131441116333e-01
1.702453941106796265e-01
1.751592308282852173e-01
1.811873614788055420e-01
1.758794039487838745e-01
2.285067886114120483e-01
1.765067577362060547e-01
1.808118075132369995e-01
1.725639700889587402e-01
1.949202567338943481e-01
2.004590630531311035e-01
2.097378224134445190e-01
1.745799779891967773e-01
1.757276207208633423e-01
1.663539707660675049e-01
1.809744834899902344e-01
1.764705926179885864e-01
1.950317174196243286e-01
2.122122049331665039e-01
1.916859149932861328e-01
1.761866509914398193e-01
2.052565664052963257e-01
1.704545468091964722e-01
1.751283556222915649e-01
1.902621686458587646e-01
1.948764920234680176e-01
2.022562474012374878e-01
1.715116351842880249e-01
1.804812848567962646e-01
1.560468077659606934e-01
1.442354023456573486e-01
1.919342726469039917e-01
1.902901828289031982e-01
2.099447548389434814e-01
1.841473132371902466e-01
1.650038361549377441e-01
1.996739953756332397e-01
1.699658632278442383e-01
2.000000029802322388e-01
2.086801379919052124e-01
1.956521719694137573e-01
1.849474906921386719e-01
2.261904776096343994e-01
2.020802348852157593e-01
1.821631938219070435e-01
1.622060090303421021e-01
1.562310010194778442e-01
1.908482164144515991e-01
1.755900979042053223e-01
1.946308761835098267e-01
1.906332522630691528e-01
1.914781630039215088e-01
1.901408433914184570e-01
1.921106576919555664e-01
1.869103759527206421e-01
1.867525279521942139e-01
1.861969828605651855e-01
1.641443520784378052e-01
2.053445875644683838e-01
1.756862699985504150e-01
2.161172181367874146e-01
1.843434274196624756e-01
2.014492750167846680e-01
1.689432114362716675e-01
1.740220636129379272e-01
1.883963495492935181e-01
1.949509084224700928e-01
1.932181715965270996e-01
2.016260176897048950e-01
1.964601725339889526e-01
1.914568990468978882e-01
1.796923130750656128e-01
1.956521719694137573e-01
1.531157195568084717e-01
1.667397916316986084e-01
2.014846205711364746e-01
1.494518220424652100e-01
1.716082692146301270e-01
1.711125522851943970e-01
1.502762436866760254e-01
1.763516962528228760e-01
1.996233463287353516e-01
1.779801398515701294e-01
1.464552283287048340e-01
1.786433905363082886e-01
1.834365278482437134e-01
1.675933301448822021e-01
1.674590557813644409e-01
2.147887349128723145e-01
1.866588592529296875e-01
1.787048578262329102e-01
1.992597132921218872e-01
1.617834419012069702e-01
1.697368472814559937e-01
1.940864324569702148e-01
1.866197139024734497e-01
1.645736992359161377e-01
2.065916359424591064e-01
1.898181885480880737e-01
1.842532455921173096e-01
1.834470927715301514e-01
2.076023370027542114e-01
1.941860467195510864e-01
1.747512370347976685e-01
1.919191926717758179e-01
1.943462938070297241e-01
1.604584455490112305e-01
1.983356475830078125e-01
2.183544337749481201e-01
2.261072248220443726e-01
2.204391956329345703e-01
1.956168860197067261e-01
1.851659715175628662e-01
1.884538829326629639e-01
1.848203986883163452e-01
1.724506169557571411e-01
1.836616396903991699e-01
1.958266496658325195e-01
1.811734437942504883e-01
1.794326305389404297e-01
2.034294605255126953e-01
1.775119602680206299e-01
1.789297610521316528e-01
1.670630276203155518e-01
1.976562440395355225e-01
1.737288087606430054e-01
2.006033211946487427e-01
2.201550453901290894e-01
1.646666675806045532e-01
1.802154779434204102e-01
1.753614097833633423e-01
2.026348859071731567e-01
1.923522651195526123e-01
1.836485713720321655e-01
1.915887892246246338e-01
1.812672168016433716e-01
1.933191120624542236e-01
1.811989098787307739e-01
1.817420423030853271e-01
1.890295296907424927e-01
1.670146137475967407e-01
1.615255177021026611e-01
1.846002042293548584e-01
1.859557926654815674e-01
1.952141076326370239e-01
1.848414540290832520e-01
1.648712009191513062e-01
2.042648643255233765e-01
1.824324280023574829e-01
1.860737204551696777e-01
2.204724401235580444e-01
1.714501529932022095e-01
1.823174059391021729e-01
2.122679650783538818e-01
2.185628712177276611e-01
1.867192685604095459e-01
1.809304952621459961e-01
1.933673471212387085e-01
1.890756338834762573e-01
1.690561473369598389e-01
1.700507551431655884e-01
1.945288777351379395e-01
1.552680283784866333e-01
1.808873713016510010e-01
1.873673051595687866e-01
1.872427910566329956e-01
1.677690893411636353e-01
2.078137993812561035e-01
1.639439910650253296e-01
2.003891021013259888e-01
1.670010089874267578e-01
1.711051911115646362e-01
2.001325339078903198e-01
1.755537390708923340e-01
1.713940799236297607e-01
1.925968825817108154e-01
2.060931921005249023e-01
1.835187077522277832e-01
1.700468063354492188e-01
1.778108030557632446e-01
1.662785261869430542e-01
1.635548919439315796e-01
1.860927194356918335e-01
1.744583845138549805e-01
1.965389400720596313e-01
1.947496980428695679e-01
2.428298294544219971e-01
1.772665828466415405e-01
1.735813021659851074e-01
1.865470856428146362e-01
1.657106429338455200e-01
1.558679640293121338e-01
2.021371275186538696e-01
1.907183676958084106e-01
1.700960248708724976e-01
1.777301877737045288e-01
1.708542704582214355e-01
2.193338721990585327e-01
1.768812984228134155e-01
1.696832627058029175e-01
1.959754973649978638e-01
1.736596673727035522e-01
1.713261604309082031e-01
1.760841012001037598e-01
1.814159303903579712e-01
1.915444284677505493e-01
1.770657598972320557e-01
1.946587562561035156e-01
1.869216561317443848e-01
1.759906709194183350e-01
2.046058475971221924e-01
2.032565921545028687e-01
1.894425302743911743e-01
2.217090129852294922e-01
1.990324854850769043e-01
1.516393423080444336e-01
1.711409389972686768e-01
1.952965259552001953e-01
1.754183471202850342e-01
1.841269880533218384e-01
2.071759253740310669e-01
1.866251975297927856e-01
1.761290282011032104e-01
1.728064268827438354e-01
1.602990031242370605e-01
1.757322102785110474e-01
1.821705400943756104e-01
1.876006424427032471e-01
2.143439352512359619e-01
1.713791042566299438e-01
1.762177646160125732e-01
1.505268365144729614e-01
1.894736886024475098e-01
1.885576099157333374e-01
1.882290542125701904e-01
1.732613891363143921e-01
1.933739036321640015e-01
1.976261138916015625e-01
1.908585578203201294e-01
1.698529422283172607e-01
1.766848862171173096e-01
1.833575218915939331e-01
1.821428537368774414e-01
1.915041804313659668e-01
2.014976143836975098e-01
1.958136409521102905e-01
1.582089513540267944e-01
1.775106042623519897e-01
1.834137737751007080e-01
2.134986221790313721e-01
1.812450736761093140e-01
1.676575541496276855e-01
2.276575714349746704e-01
1.956797987222671509e-01
2.039772719144821167e-01
1.965933293104171753e-01
1.635012328624725342e-01
1.743827164173126221e-01
1.662481129169464111e-01
1.803699880838394165e-01
1.897203326225280762e-01
1.841941475868225098e-01
2.044902890920639038e-01
1.998132616281509399e-01
1.888379156589508057e-01
2.112831920385360718e-01
1.679957509040832520e-01
1.828034669160842896e-01
1.770773679018020630e-01
1.896774172782897949e-01
1.891673356294631958e-01
1.969587206840515137e-01
1.959654241800308228e-01
1.896407753229141235e-01
1.831160783767700195e-01
1.820689588785171509e-01
1.724137961864471436e-01
1.956797987222671509e-01
1.750772446393966675e-01
1.793641299009323120e-01
2.057613134384155273e-01
1.848617196083068848e-01
1.501390188932418823e-01
1.812604516744613647e-01
1.959459483623504639e-01
2.110148519277572632e-01
1.847389489412307739e-01
1.800643056631088257e-01
2.165938913822174072e-01
1.858756989240646362e-01
1.780330240726470947e-01
1.971326172351837158e-01
1.865285038948059082e-01
1.636011600494384766e-01
1.866330355405807495e-01
1.575144529342651367e-01
1.607335507869720459e-01
1.996634900569915771e-01
1.834862381219863892e-01
1.707700341939926147e-01
1.976173818111419678e-01
1.755423992872238159e-01
1.595900505781173706e-01
1.827541887760162354e-01
1.706132292747497559e-01
2.037037014961242676e-01
2.071778178215026855e-01
1.931506842374801636e-01
1.825037747621536255e-01
1.940789520740509033e-01
1.631097495555877686e-01
2.223747372627258301e-01
1.667756736278533936e-01
1.911845803260803223e-01
1.859669089317321777e-01
1.651954650878906250e-01
2.036753445863723755e-01
1.844589710235595703e-01
1.814882010221481323e-01
1.902834028005599976e-01
1.866825222969055176e-01
1.652065068483352661e-01
2.004110962152481079e-01
1.715942025184631348e-01
1.813633590936660767e-01
2.022809088230133057e-01
1.621243953704833984e-01
1.443914026021957397e-01
1.779935210943222046e-01
1.724137961864471436e-01
1.897233128547668457e-01
2.153679579496383667e-01
1.832061111927032471e-01
1.627233177423477173e-01
2.237174063920974731e-01
2.068168669939041138e-01
1.894303411245346069e-01
1.820224672555923462e-01
2.052863389253616333e-01
1.784989833831787109e-01
1.998341679573059082e-01
2.132904678583145142e-01
2.173305451869964600e-01
1.859986335039138794e-01
1.814285665750503540e-01
2.127976119518280029e-01
1.833935081958770752e-01
1.916411817073822021e-01
1.695279031991958618e-01
1.725067347288131714e-01
1.722222268581390381e-01
1.710198968648910522e-01
2.019802033901214600e-01
1.947397887706756592e-01
1.875000000000000000e-01
1.613236814737319946e-01
1.883671283721923828e-01
1.971631199121475220e-01
1.710887402296066284e-01
1.981605291366577148e-01
1.605651825666427612e-01
1.802721023559570312e-01
2.185430526733398438e-01
1.735493987798690796e-01
1.447253674268722534e-01
1.816377192735671997e-01
1.801204830408096313e-01
1.852986216545104980e-01
1.744340807199478149e-01
1.967930048704147339e-01
1.804423779249191284e-01
1.939237266778945923e-01
1.882530152797698975e-01
2.222222238779067993e-01
2.074118405580520630e-01
1.668831110000610352e-01
1.899576485157012939e-01
1.856889426708221436e-01
2.054597735404968262e-01
1.876006424427032471e-01
1.857651174068450928e-01
2.011686116456985474e-01
1.883304417133331299e-01
1.879370659589767456e-01
1.757188439369201660e-01
1.737739890813827515e-01
1.843020319938659668e-01
1.669805347919464111e-01
1.725987344980239868e-01
1.768707484006881714e-01
2.023546695709228516e-01
2.005629837512969971e-01
1.774383038282394409e-01
1.939429193735122681e-01
1.771428585052490234e-01
1.778907179832458496e-01
1.987179517745971680e-01
1.922099888324737549e-01
1.884422153234481812e-01
1.941935420036315918e-01
1.939655244350433350e-01
1.983050853013992310e-01
1.741140186786651611e-01
1.891891956329345703e-01
1.897689700126647949e-01
1.711097359657287598e-01
1.692726016044616699e-01
1.670951098203659058e-01
1.718039363622665405e-01
1.529605239629745483e-01
1.994584798812866211e-01
2.280254811048507690e-01
1.972295492887496948e-01
1.958128064870834351e-01
2.007246315479278564e-01
1.848691701889038086e-01
1.921249181032180786e-01
1.748815178871154785e-01
1.765339076519012451e-01
1.696165204048156738e-01
1.933609992265701294e-01
1.784439682960510254e-01
1.648936122655868530e-01
1.811460256576538086e-01
1.740128546953201294e-01
1.953875720500946045e-01
1.736011505126953125e-01
1.835051476955413818e-01
2.004909962415695190e-01
1.922791451215744019e-01
2.098765373229980469e-01
1.519838571548461914e-01
1.634419560432434082e-01
1.815920472145080566e-01
1.914543956518173218e-01
1.849634051322937012e-01
1.770530045032501221e-01
1.764112859964370728e-01
1.846048980951309204e-01
1.914016455411911011e-01
1.857389360666275024e-01
1.855955719947814941e-01
1.989100873470306396e-01
1.760797351598739624e-01
1.921443790197372437e-01
1.735294163227081299e-01
1.589127033948898315e-01
2.001282870769500732e-01
1.647509634494781494e-01
1.918367296457290649e-01
1.931649297475814819e-01
1.711851209402084351e-01
1.966250985860824585e-01
1.818791925907135010e-01
1.998535841703414917e-01
1.755725145339965820e-01
1.833433210849761963e-01
1.741608679294586182e-01
1.700095534324645996e-01
1.680628210306167603e-01
1.876942217350006104e-01
1.672393977642059326e-01
1.599999964237213135e-01
1.864520460367202759e-01
1.865864098072052002e-01
1.798623055219650269e-01
1.910112351179122925e-01
2.177083343267440796e-01
1.634109765291213989e-01
2.094827592372894287e-01
1.759884208440780640e-01
1.987991929054260254e-01
1.828771084547042847e-01
1.799591034650802612e-01
1.705329120159149170e-01
2.079757750034332275e-01
1.610833853483200073e-01
1.618852466344833374e-01
1.691449880599975586e-01
1.988174468278884888e-01
1.900893598794937134e-01
1.860262006521224976e-01
1.756926923990249634e-01
1.870251297950744629e-01
1.929411739110946655e-01
1.859172284603118896e-01
2.124463468790054321e-01
1.726485192775726318e-01
2.084980309009552002e-01
1.980495154857635498e-01
1.872110962867736816e-01
1.709090918302536011e-01
1.804954707622528076e-01
1.962158381938934326e-01
2.097457647323608398e-01
2.320717126131057739e-01
1.820464581251144409e-01
1.905604749917984009e-01
2.257217913866043091e-01
2.283298075199127197e-01
1.784646064043045044e-01
1.577060967683792114e-01
2.009167373180389404e-01
1.929625421762466431e-01
1.850763857364654541e-01
1.544715464115142822e-01
1.662018895149230957e-01
2.166446447372436523e-01
1.746769994497299194e-01
2.059846967458724976e-01
1.884858012199401855e-01
1.981981992721557617e-01
1.931119263172149658e-01
1.887755095958709717e-01
1.957317143678665161e-01
1.859944015741348267e-01
1.852189749479293823e-01
1.967871487140655518e-01
1.567023247480392456e-01
1.718889921903610229e-01
1.838413178920745850e-01
1.955445557832717896e-01
2.070116847753524780e-01
1.967871487140655518e-01
1.752767562866210938e-01
1.649358570575714111e-01
1.979249864816665649e-01
1.563844978809356689e-01
1.963123679161071777e-01
1.872187256813049316e-01
2.182116508483886719e-01
1.863829791545867920e-01
1.835677325725555420e-01
1.791139245033264160e-01
2.090558707714080811e-01
1.701665520668029785e-01
1.843156814575195312e-01
1.904466450214385986e-01
2.166531980037689209e-01
2.101740241050720215e-01
2.027649730443954468e-01
1.844431310892105103e-01
1.850000023841857910e-01
1.724537014961242676e-01
1.732852011919021606e-01
1.880851089954376221e-01
1.880216002464294434e-01
1.810551583766937256e-01
1.782756894826889038e-01
1.854304671287536621e-01
1.936236321926116943e-01
1.936437487602233887e-01
1.778505146503448486e-01
2.040072828531265259e-01
2.377210259437561035e-01
1.884714961051940918e-01
1.676180660724639893e-01
1.774566471576690674e-01
1.905109435319900513e-01
1.459853947162628174e-01
1.621621549129486084e-01
1.708542704582214355e-01
2.133204638957977295e-01
1.861137896776199341e-01
1.809378117322921753e-01
2.010353803634643555e-01
1.604303121566772461e-01
1.811535358428955078e-01
1.704073101282119751e-01
1.951577365398406982e-01
1.699554473161697388e-01
1.977806836366653442e-01
1.699524074792861938e-01
1.882673949003219604e-01
1.989906281232833862e-01
1.993594914674758911e-01
1.859872639179229736e-01
1.763826608657836914e-01
1.690962165594100952e-01
1.788161993026733398e-01
1.941176503896713257e-01
2.041152268648147583e-01
1.746949255466461182e-01
2.040050029754638672e-01
1.518677324056625366e-01
1.593707203865051270e-01
1.887240409851074219e-01
1.896125376224517822e-01
1.837381273508071899e-01
1.901913881301879883e-01
2.173202633857727051e-01
2.062780261039733887e-01
1.940993815660476685e-01
1.905109435319900513e-01
1.759656667709350586e-01
1.764206886291503906e-01
1.966292113065719604e-01
2.020761221647262573e-01
1.956100761890411377e-01
1.819389164447784424e-01
1.776271164417266846e-01
1.546099334955215454e-01
1.862940788269042969e-01
2.186018973588943481e-01
1.768251806497573853e-01
1.705151051282882690e-01
1.957295387983322144e-01
1.836188435554504395e-01
1.724581718444824219e-01
1.867196410894393921e-01
1.752158403396606445e-01
1.608606576919555664e-01
1.979964673519134521e-01
2.025222480297088623e-01
2.109533399343490601e-01
1.711079925298690796e-01
1.765276491641998291e-01
1.882229298353195190e-01
1.695264279842376709e-01
1.816881299018859863e-01
1.916480213403701782e-01
1.671974509954452515e-01
1.679775267839431763e-01
2.029972821474075317e-01
1.921568661928176880e-01
1.775043904781341553e-01
1.824464350938796997e-01
2.021952569484710693e-01
1.733333319425582886e-01
1.889044940471649170e-01
1.866743266582489014e-01
2.025316506624221802e-01
1.801059395074844360e-01
1.805896759033203125e-01
1.621004492044448853e-01
1.861238032579421997e-01
2.216916829347610474e-01
1.942577958106994629e-01
2.018561512231826782e-01
1.974128186702728271e-01
1.703385263681411743e-01
1.831519156694412231e-01
1.720613241195678711e-01
2.097649127244949341e-01
1.660181581974029541e-01
1.930348277091979980e-01
1.810623556375503540e-01
1.850299388170242310e-01
1.721027046442031860e-01
2.023381292819976807e-01
1.764705926179885864e-01
1.832174807786941528e-01
1.695594191551208496e-01
1.576139628887176514e-01
1.663608551025390625e-01
1.823461055755615234e-01
1.923620998859405518e-01
1.813773065805435181e-01
1.713432818651199341e-01
2.155102044343948364e-01
2.050929069519042969e-01
1.928825676441192627e-01
1.640235632658004761e-01
1.923937350511550903e-01
2.017756253480911255e-01
1.674418598413467407e-01
1.874265521764755249e-01
2.042287290096282959e-01
1.743119210004806519e-01
1.925025284290313721e-01
1.591836661100387573e-01
1.796246618032455444e-01
1.688388586044311523e-01
1.489855051040649414e-01
1.916537880897521973e-01
1.708268374204635620e-01
1.799628883600234985e-01
2.087301611900329590e-01
1.800176054239273071e-01
1.871921122074127197e-01
1.819314658641815186e-01
2.034261226654052734e-01
1.807447820901870728e-01
1.894317120313644409e-01
1.899004280567169189e-01
1.940639317035675049e-01
1.844090521335601807e-01
1.779062300920486450e-01
2.098765373229980469e-01
1.681093424558639526e-01
2.101587355136871338e-01
2.055154293775558472e-01
1.872852295637130737e-01
1.817180663347244263e-01
1.922310739755630493e-01
1.710654944181442261e-01
1.775067746639251709e-01
1.724617481231689453e-01
1.908496767282485962e-01
2.307692319154739380e-01
1.672985851764678955e-01
1.850361973047256470e-01
1.942003518342971802e-01
1.897133290767669678e-01
1.863738745450973511e-01
1.886155307292938232e-01
1.906443089246749878e-01
1.795407086610794067e-01
1.774891763925552368e-01
1.924564838409423828e-01
1.907142847776412964e-01
1.973067969083786011e-01
1.944728791713714600e-01
1.805929988622665405e-01
2.181818187236785889e-01
1.979660987854003906e-01
1.822457313537597656e-01
1.968796402215957642e-01
2.233273088932037354e-01
1.692402660846710205e-01
2.041127234697341919e-01
1.878736168146133423e-01
1.646030545234680176e-01
2.015444040298461914e-01
2.137305736541748047e-01
2.236154675483703613e-01
1.952420026063919067e-01
1.986348181962966919e-01
1.981082558631896973e-01
1.737953424453735352e-01
1.994917392730712891e-01
1.871165633201599121e-01
1.816180497407913208e-01
1.553516834974288940e-01
1.717109382152557373e-01
1.827242523431777954e-01
1.822580695152282715e-01
1.777426153421401978e-01
1.832429170608520508e-01
1.907894760370254517e-01
1.865214407444000244e-01
1.778557151556015015e-01
1.812320947647094727e-01
1.812391430139541626e-01
1.898734122514724731e-01
1.898181885480880737e-01
2.073085010051727295e-01
1.667662858963012695e-01
1.714285761117935181e-01
2.028665989637374878e-01
1.700569540262222290e-01
1.765024363994598389e-01
1.883720904588699341e-01
1.907467544078826904e-01
1.737907826900482178e-01
2.292332202196121216e-01
2.056202888488769531e-01
2.091346085071563721e-01
1.886409670114517212e-01
1.943977624177932739e-01
1.812161356210708618e-01
1.983210891485214233e-01
1.556650251150131226e-01
2.006980776786804199e-01
2.028254270553588867e-01
1.855241209268569946e-01
1.706648319959640503e-01
1.932114809751510620e-01
1.764705926179885864e-01
1.955782324075698853e-01
1.984496116638183594e-01
1.739788204431533813e-01
1.840835958719253540e-01
1.801208108663558960e-01
1.783355325460433960e-01
2.024623751640319824e-01
1.973140537738800049e-01
1.703406870365142822e-01
2.163624018430709839e-01
2.050380855798721313e-01
1.650339066982269287e-01
1.785489022731781006e-01
1.898560672998428345e-01
1.709923595190048218e-01
2.002118676900863647e-01
1.846473067998886108e-01
2.007504701614379883e-01
1.778447628021240234e-01
1.816208362579345703e-01
1.929365545511245728e-01
1.955835968255996704e-01
1.595535129308700562e-01
1.832718253135681152e-01
2.118811905384063721e-01
2.145862579345703125e-01
1.918639987707138062e-01
1.738906055688858032e-01
2.222222238779067993e-01
1.757666468620300293e-01
1.910640746355056763e-01
1.792809814214706421e-01
2.204568088054656982e-01
1.860890835523605347e-01
1.995359659194946289e-01
2.075862139463424683e-01
2.170263826847076416e-01
1.716191619634628296e-01
1.836587190628051758e-01
1.704410016536712646e-01
1.644444465637207031e-01
1.719924807548522949e-01
1.781445592641830444e-01
1.791867613792419434e-01
1.817518174648284912e-01
1.871257424354553223e-01
1.875463277101516724e-01
1.782898753881454468e-01
1.714743524789810181e-01
1.896551698446273804e-01
1.782518923282623291e-01
1.826381087303161621e-01
1.708482652902603149e-01
1.742857098579406738e-01
1.942405402660369873e-01
1.853260844945907593e-01
1.623006761074066162e-01
1.794138699769973755e-01
1.859732121229171753e-01
2.014622241258621216e-01
2.014388442039489746e-01
1.732797622680664062e-01
1.860351562500000000e-01
1.700288206338882446e-01
1.596194505691528320e-01
1.825683414936065674e-01
1.879157423973083496e-01
1.674442738294601440e-01
1.587383598089218140e-01
1.778334379196166992e-01
1.951371580362319946e-01
1.791489422321319580e-01
1.896272301673889160e-01
1.638655513525009155e-01
1.969697028398513794e-01
1.996919959783554077e-01
1.676802784204483032e-01
1.864548474550247192e-01
1.922480612993240356e-01
1.763191819190979004e-01
1.711830794811248779e-01
1.853070110082626343e-01
1.860294044017791748e-01
1.636037677526473999e-01
1.984659582376480103e-01
1.844660192728042603e-01
1.845688372850418091e-01
1.713513582944869995e-01
1.769115477800369263e-01
2.022562474012374878e-01
1.779538840055465698e-01
1.888686120510101318e-01
1.899641603231430054e-01
1.629629582166671753e-01
1.853693127632141113e-01
1.702806055545806885e-01
1.995430290699005127e-01
1.611548513174057007e-01
1.730151474475860596e-01
2.033398747444152832e-01
2.008032202720642090e-01
1.796178370714187622e-01
1.652035117149353027e-01
1.897175908088684082e-01
1.862794160842895508e-01
1.870005279779434204e-01
1.766153872013092041e-01
1.789347678422927856e-01
2.127882540225982666e-01
1.945657432079315186e-01
1.776480376720428467e-01
1.612223386764526367e-01
1.914654672145843506e-01
1.955445557832717896e-01
1.960784345865249634e-01
2.129629701375961304e-01
1.568314731121063232e-01
1.640926599502563477e-01
1.886189281940460205e-01
1.868131905794143677e-01
2.064945846796035767e-01
2.088655084371566772e-01
1.959686428308486938e-01
1.939759105443954468e-01
2.143482118844985962e-01
1.930879056453704834e-01
1.785188764333724976e-01
1.673846095800399780e-01
1.737509369850158691e-01
1.882480978965759277e-01
2.015321105718612671e-01
1.899000555276870728e-01
1.948757767677307129e-01
1.746031790971755981e-01
1.892405003309249878e-01
1.852078288793563843e-01
1.931993812322616577e-01
1.777003556489944458e-01
1.771968007087707520e-01
1.834743022918701172e-01
1.868758946657180786e-01
1.845618039369583130e-01
2.105263173580169678e-01
2.009907960891723633e-01
2.077922075986862183e-01
1.728613525629043579e-01
1.799007505178451538e-01
1.800367385149002075e-01
1.881554573774337769e-01
1.859582513570785522e-01
2.002341896295547485e-01
1.970370411872863770e-01
1.979345977306365967e-01
1.813842505216598511e-01
1.891691386699676514e-01
1.853801161050796509e-01
1.798763424158096313e-01
1.893787533044815063e-01
1.922330111265182495e-01
2.194796502590179443e-01
1.684276014566421509e-01
1.764705926179885864e-01
1.791458725929260254e-01
1.867572218179702759e-01
1.882951706647872925e-01
1.724835634231567383e-01
1.828528046607971191e-01
2.000000029802322388e-01
1.920480132102966309e-01
1.673669517040252686e-01
2.123730331659317017e-01
1.735483855009078979e-01
1.693057268857955933e-01
1.708185076713562012e-01
1.736986339092254639e-01
1.770700663328170776e-01
1.681312173604965210e-01
1.693251579999923706e-01
2.055154293775558472e-01
1.762499958276748657e-01
2.305676788091659546e-01
1.914168894290924072e-01
1.773607730865478516e-01
2.218725383281707764e-01
1.611917465925216675e-01
1.733800321817398071e-01
2.063882052898406982e-01
2.129703760147094727e-01
1.919105052947998047e-01
1.889097690582275391e-01
1.873198896646499634e-01
1.723804920911788940e-01
2.145369350910186768e-01
1.929321885108947754e-01
1.912280768156051636e-01
1.714285761117935181e-01
1.978088915348052979e-01
1.682847887277603149e-01
2.167235463857650757e-01
1.757670342922210693e-01
1.687054038047790527e-01
2.002617865800857544e-01
1.777003556489944458e-01
1.935303956270217896e-01
1.548791378736495972e-01
1.952104568481445312e-01
1.877278238534927368e-01
1.858125925064086914e-01
1.713062077760696411e-01
1.869851797819137573e-01
1.851048469543457031e-01
1.766381710767745972e-01
2.167060673236846924e-01
1.973684281110763550e-01
1.775088310241699219e-01
1.841477900743484497e-01
1.828793734312057495e-01
1.993288546800613403e-01
2.045075148344039917e-01
1.812117844820022583e-01
2.165660113096237183e-01
2.402957528829574585e-01
1.911069005727767944e-01
1.766414940357208252e-01
1.702127605676651001e-01
2.024597972631454468e-01
2.093425542116165161e-01
2.083086073398590088e-01
2.010550945997238159e-01
1.845637559890747070e-01
2.075617313385009766e-01
1.751227527856826782e-01
1.921542584896087646e-01
2.016460895538330078e-01
2.015990912914276123e-01
1.836734712123870850e-01
2.263450771570205688e-01
1.785714328289031982e-01
1.711583882570266724e-01
1.865154355764389038e-01
1.692977696657180786e-01
1.884700655937194824e-01
1.918220072984695435e-01
2.043996304273605347e-01
1.995058655738830566e-01
2.008968591690063477e-01
1.853417903184890747e-01
1.808357387781143188e-01
1.813048869371414185e-01
1.839506179094314575e-01
1.613812595605850220e-01
1.864847242832183838e-01
1.912457942962646484e-01
2.277904301881790161e-01
1.807055473327636719e-01
1.925829499959945679e-01
1.968944072723388672e-01
1.896656602621078491e-01
1.981424093246459961e-01
1.819105744361877441e-01
1.872146129608154297e-01
1.993670910596847534e-01
2.144388854503631592e-01
1.906077414751052856e-01
1.920212805271148682e-01
1.902017295360565186e-01
2.157810032367706299e-01
1.775469779968261719e-01
1.904761940240859985e-01
2.117346972227096558e-01
1.890135854482650757e-01
1.609141826629638672e-01
1.915215700864791870e-01
1.959611028432846069e-01
1.924686133861541748e-01
2.072727233171463013e-01
2.098166197538375854e-01
2.012500017881393433e-01
2.117647081613540649e-01
1.848164349794387817e-01
1.935483813285827637e-01
1.840796023607254028e-01
1.928571462631225586e-01
2.096041589975357056e-01
1.676505357027053833e-01
1.843532174825668335e-01
1.701966673135757446e-01
1.710843443870544434e-01
1.817757040262222290e-01
2.011535614728927612e-01
2.024500370025634766e-01
2.001409381628036499e-01
1.910112351179122925e-01
1.930481344461441040e-01
1.884865313768386841e-01
1.805013865232467651e-01
1.800318658351898193e-01
1.837052404880523682e-01
2.275600433349609375e-01
1.743002533912658691e-01
1.862745136022567749e-01
1.585792899131774902e-01
1.758727282285690308e-01
1.698440164327621460e-01
1.588319092988967896e-01
1.797263622283935547e-01
2.125000059604644775e-01
1.770011335611343384e-01
1.750741899013519287e-01
1.944444477558135986e-01
1.871546953916549683e-01
1.741504818201065063e-01
1.757482737302780151e-01
1.725025773048400879e-01
1.732872724533081055e-01
1.748697161674499512e-01
1.917475759983062744e-01
1.797808706760406494e-01
1.812004595994949341e-01
1.896149367094039917e-01
1.873963475227355957e-01
1.836384385824203491e-01
1.820689588785171509e-01
1.868131905794143677e-01
1.835985332727432251e-01
1.796636134386062622e-01
1.961307525634765625e-01
1.706443876028060913e-01
1.712275147438049316e-01
1.842105239629745483e-01
1.844106465578079224e-01
1.915285438299179077e-01
1.988405734300613403e-01
1.937935352325439453e-01
1.850467324256896973e-01
1.921618133783340454e-01
1.742013245820999146e-01
1.733021140098571777e-01
1.933174282312393188e-01
1.782667338848114014e-01
2.034837752580642700e-01
1.810584962368011475e-01
2.070524394512176514e-01
2.006116211414337158e-01
1.888619810342788696e-01
1.686320751905441284e-01
1.851351410150527954e-01
1.612706184387207031e-01
1.879606842994689941e-01
1.916873455047607422e-01
1.793149709701538086e-01
1.706302016973495483e-01
1.791277229785919189e-01
1.959459483623504639e-01
1.459821462631225586e-01
1.832298189401626587e-01
1.843971610069274902e-01
1.942009478807449341e-01
2.321253716945648193e-01
1.827225089073181152e-01
2.313981950283050537e-01
1.886094659566879272e-01
2.153055369853973389e-01
2.051755934953689575e-01
2.192816585302352905e-01
1.813898682594299316e-01
2.150537669658660889e-01
1.852159500122070312e-01
1.769423484802246094e-01
1.855855882167816162e-01
1.505441367626190186e-01
1.801346838474273682e-01
1.706648319959640503e-01
2.070895582437515259e-01
1.697002202272415161e-01
2.018284052610397339e-01
1.968680024147033691e-01
2.321792244911193848e-01
1.892925500869750977e-01
2.048894017934799194e-01
1.836734712123870850e-01
1.981050819158554077e-01
1.858407109975814819e-01
1.782178282737731934e-01
1.921269148588180542e-01
1.978935748338699341e-01
1.916873455047607422e-01
2.001533806324005127e-01
1.838235259056091309e-01
1.907548308372497559e-01
1.905120462179183960e-01
1.742738634347915649e-01
2.202486693859100342e-01
1.901021152734756470e-01
2.131537199020385742e-01
1.981063336133956909e-01
1.806451678276062012e-01
1.972290128469467163e-01
1.726332604885101318e-01
1.758620738983154297e-01
1.854525208473205566e-01
1.780821979045867920e-01
1.909272223711013794e-01
1.772388070821762085e-01
1.911639720201492310e-01
2.117903977632522583e-01
1.820289790630340576e-01
1.844116151332855225e-01
1.620396673679351807e-01
1.924242377281188965e-01
1.860182434320449829e-01
1.771682798862457275e-01
1.636589914560317993e-01
2.018433213233947754e-01
1.966794431209564209e-01
1.753952503204345703e-01
1.764057278633117676e-01
1.882985830307006836e-01
1.750158518552780151e-01
1.971299052238464355e-01
2.095721513032913208e-01
2.063953429460525513e-01
1.936056911945343018e-01
1.704658120870590210e-01
1.786764711141586304e-01
1.829268336296081543e-01
1.820349693298339844e-01
2.017208486795425415e-01
2.116438299417495728e-01
1.664588600397109985e-01
1.820083707571029663e-01
1.740954369306564331e-01
1.945392489433288574e-01
1.870456039905548096e-01
1.817192584276199341e-01
2.017844915390014648e-01
1.784266084432601929e-01
1.857562363147735596e-01
1.700831055641174316e-01
1.838183104991912842e-01
1.700968593358993530e-01
1.799628883600234985e-01
1.760168373584747314e-01
1.969596892595291138e-01
1.769115477800369263e-01
1.820212155580520630e-01
1.707583218812942505e-01
1.613300442695617676e-01
2.102076113224029541e-01
1.650280952453613281e-01
1.690767556428909302e-01
1.936842054128646851e-01
2.047511339187622070e-01
2.041166424751281738e-01
1.959833800792694092e-01
1.672131121158599854e-01
1.857399642467498779e-01
1.838134378194808960e-01
1.833704560995101929e-01
2.039473652839660645e-01
1.798270940780639648e-01
1.566970050334930420e-01
1.902035623788833618e-01
1.722419857978820801e-01
1.877022683620452881e-01
1.767999976873397827e-01
1.783919632434844971e-01
1.647921800613403320e-01
1.743902415037155151e-01
1.980042010545730591e-01
2.188049256801605225e-01
1.695501804351806641e-01
1.642335802316665649e-01
2.079918086528778076e-01
2.336956560611724854e-01
2.000000029802322388e-01
1.751968562602996826e-01
1.863013654947280884e-01
1.961441785097122192e-01
1.753681451082229614e-01
1.779801398515701294e-01
1.991342008113861084e-01
1.883153766393661499e-01
1.659775525331497192e-01
1.877637058496475220e-01
1.755196303129196167e-01
1.996386647224426270e-01
1.919831186532974243e-01
2.048354595899581909e-01
1.700241714715957642e-01
1.739463657140731812e-01
1.554862260818481445e-01
1.974522322416305542e-01
1.638766527175903320e-01
1.500000059604644775e-01
1.822222173213958740e-01
1.705710142850875854e-01
1.925509423017501831e-01
1.859649121761322021e-01
2.246376872062683105e-01
1.783393472433090210e-01
1.907576620578765869e-01
1.934332549571990967e-01
1.792232096195220947e-01
2.041366845369338989e-01
1.855524033308029175e-01
1.694639921188354492e-01
1.907938569784164429e-01
1.914634108543395996e-01
1.912681907415390015e-01
1.729931533336639404e-01
1.790633648633956909e-01
1.714687347412109375e-01
2.045088559389114380e-01
2.018633484840393066e-01
1.879699230194091797e-01
2.132013142108917236e-01
1.703703701496124268e-01
1.997510939836502075e-01
1.822033971548080444e-01
1.802721023559570312e-01
1.989011019468307495e-01
1.986817270517349243e-01
2.027027010917663574e-01
1.773989945650100708e-01
1.609029769897460938e-01
1.800000071525573730e-01
1.783960759639739990e-01
1.754385977983474731e-01
1.940298527479171753e-01
1.785972565412521362e-01
1.879271119832992554e-01
1.951100230216979980e-01
1.804326474666595459e-01
1.850618422031402588e-01
1.845965832471847534e-01
1.914580315351486206e-01
1.942174732685089111e-01
1.968503892421722412e-01
1.905555576086044312e-01
1.531531512737274170e-01
1.707908809185028076e-01
1.773299723863601685e-01
1.896103918552398682e-01
1.630824357271194458e-01
1.876363605260848999e-01
2.105843424797058105e-01
1.945812851190567017e-01
1.928251087665557861e-01
1.756069958209991455e-01
1.847739815711975098e-01
1.922246217727661133e-01
1.774999946355819702e-01
1.424892693758010864e-01
1.928530931472778320e-01
2.021540999412536621e-01
1.927710771560668945e-01
1.914893686771392822e-01
1.770623773336410522e-01
2.025761157274246216e-01
2.009080648422241211e-01
1.813570111989974976e-01
1.895551234483718872e-01
2.056555300951004028e-01
1.759656667709350586e-01
2.013422846794128418e-01
2.102957218885421753e-01
1.718213111162185669e-01
1.746148169040679932e-01
2.030548006296157837e-01
1.998572498559951782e-01
1.646209359169006348e-01
1.993097513914108276e-01
1.808266341686248779e-01
1.924731135368347168e-01
1.989063620567321777e-01
1.691093593835830688e-01
1.998792290687561035e-01
1.923566907644271851e-01
1.778405010700225830e-01
1.964980512857437134e-01
2.088439017534255981e-01
1.794425100088119507e-01
1.829559057950973511e-01
2.001439929008483887e-01
1.818801015615463257e-01
1.812865436077117920e-01
1.796636134386062622e-01
1.924603134393692017e-01
1.975967884063720703e-01
2.077104598283767700e-01
1.815097481012344360e-01
2.102065682411193848e-01
1.807580143213272095e-01
1.867911964654922485e-01
1.783256828784942627e-01
1.974248886108398438e-01
1.794344484806060791e-01
1.779505908489227295e-01
1.815803200006484985e-01
1.841032654047012329e-01
1.872427910566329956e-01
2.314049601554870605e-01
1.838565021753311157e-01
1.883239150047302246e-01
2.100456655025482178e-01
1.831932812929153442e-01
1.660735458135604858e-01
2.119999974966049194e-01
1.470588296651840210e-01
1.957321614027023315e-01
2.075769603252410889e-01
1.850763857364654541e-01
1.730418950319290161e-01
1.937879770994186401e-01
2.154908031225204468e-01
1.694189608097076416e-01
1.770222783088684082e-01
1.906584948301315308e-01
1.791907548904418945e-01
1.847133785486221313e-01
1.869722604751586914e-01
1.397114694118499756e-01
1.981004029512405396e-01
1.856325566768646240e-01
1.818181872367858887e-01
1.976309269666671753e-01
1.782020628452301025e-01
2.015503942966461182e-01
2.055641412734985352e-01
1.962761878967285156e-01
1.895027607679367065e-01
1.750599592924118042e-01
1.990659683942794800e-01
1.869822442531585693e-01
1.889226138591766357e-01
1.797857433557510376e-01
2.096041589975357056e-01
2.259414196014404297e-01
1.682243049144744873e-01
1.817420423030853271e-01
1.886168122291564941e-01
2.019230723381042480e-01
1.494696289300918579e-01
1.769491583108901978e-01
1.998368650674819946e-01
1.676829308271408081e-01
1.790857911109924316e-01
2.008830010890960693e-01
2.119815647602081299e-01
1.721907854080200195e-01
1.939726024866104126e-01
1.660145372152328491e-01
1.998551785945892334e-01
2.144082337617874146e-01
2.042857110500335693e-01
1.826320439577102661e-01
2.013463824987411499e-01
1.619433164596557617e-01
2.157048285007476807e-01
2.077151387929916382e-01
1.756624132394790649e-01
1.935246437788009644e-01
1.898326873779296875e-01
1.790722757577896118e-01
2.011605352163314819e-01
1.716656088829040527e-01
1.814720779657363892e-01
2.125560492277145386e-01
1.971706449985504150e-01
1.895344108343124390e-01
2.046599537134170532e-01
1.788261085748672485e-01
1.616729050874710083e-01
2.048780471086502075e-01
1.758398860692977905e-01
1.810526251792907715e-01
2.069943249225616455e-01
1.739130467176437378e-01
1.819564104080200195e-01
1.692913323640823364e-01
1.736596673727035522e-01
2.046413570642471313e-01
1.658932715654373169e-01
2.088167071342468262e-01
1.811212301254272461e-01
1.912195086479187012e-01
1.792582422494888306e-01
1.810699552297592163e-01
1.662062555551528931e-01
1.640278697013854980e-01
2.028901726007461548e-01
2.090215981006622314e-01
1.798143833875656128e-01
2.093023210763931274e-01
1.808429062366485596e-01
1.760932952165603638e-01
1.893274784088134766e-01
2.180746495723724365e-01
1.843607276678085327e-01
1.796296238899230957e-01
1.620654463768005371e-01
1.955278217792510986e-01
1.913333386182785034e-01
2.050326168537139893e-01
1.651315838098526001e-01
1.900044977664947510e-01
1.788440495729446411e-01
1.887871921062469482e-01
1.740823090076446533e-01
1.944809406995773315e-01
1.897946447134017944e-01
1.638468354940414429e-01
1.670588254928588867e-01
1.810725480318069458e-01
1.729323267936706543e-01
1.917545497417449951e-01
1.919014155864715576e-01
1.824561357498168945e-01
2.168199717998504639e-01
1.930360347032546997e-01
1.802067905664443970e-01
1.807664483785629272e-01
1.827814579010009766e-01
1.984296888113021851e-01
1.850877255201339722e-01
2.058212012052536011e-01
1.990456730127334595e-01
1.709491312503814697e-01
1.960784345865249634e-01
1.848958283662796021e-01
1.908450722694396973e-01
2.123104333877563477e-01
2.022274285554885864e-01
2.147192656993865967e-01
1.748158037662506104e-01
1.900674402713775635e-01
1.745513826608657837e-01
2.048997730016708374e-01
1.844660192728042603e-01
1.905298829078674316e-01
1.833333373069763184e-01
1.819043159484863281e-01
2.247109860181808472e-01
1.818825155496597290e-01
1.845117807388305664e-01
1.921331286430358887e-01
1.692491024732589722e-01
1.763417273759841919e-01
1.858087778091430664e-01
1.698360592126846313e-01
1.973929256200790405e-01
1.888268142938613892e-01
1.857018321752548218e-01
1.964285671710968018e-01
2.226148396730422974e-01
2.084770798683166504e-01
1.886249035596847534e-01
1.732729375362396240e-01
2.067039161920547485e-01
1.864754110574722290e-01
1.618217080831527710e-01
1.728665232658386230e-01
1.837421804666519165e-01
1.900355815887451172e-01
1.903703659772872925e-01
1.641867607831954956e-01
1.860805898904800415e-01
1.808873713016510010e-01
1.942501962184906006e-01
1.926029324531555176e-01
1.830443143844604492e-01
1.957295387983322144e-01
1.956204324960708618e-01
2.019867599010467529e-01
1.979452073574066162e-01
1.790620535612106323e-01
1.900621056556701660e-01
1.914316713809967041e-01
2.006689012050628662e-01
1.789855062961578369e-01
1.806588768959045410e-01
1.721254289150238037e-01
2.078125029802322388e-01
1.939704269170761108e-01
1.953846216201782227e-01
1.789679974317550659e-01
2.385229468345642090e-01
1.824464350938796997e-01
1.827731132507324219e-01
1.899362206459045410e-01
1.703927516937255859e-01
1.956756711006164551e-01
2.058654427528381348e-01
1.861288100481033325e-01
1.997607648372650146e-01
1.878402978181838989e-01
1.742313355207443237e-01
1.713441610336303711e-01
2.009569406509399414e-01
1.722627729177474976e-01
1.817632913589477539e-01
2.082139402627944946e-01
1.838500350713729858e-01
2.162162214517593384e-01
2.021563351154327393e-01
1.937550008296966553e-01
1.737637370824813843e-01
1.666666716337203979e-01
1.975982487201690674e-01
1.881060153245925903e-01
1.802197843790054321e-01
1.877180784940719604e-01
1.535038948059082031e-01
1.736066639423370361e-01
2.065009623765945435e-01
1.911052465438842773e-01
2.135593146085739136e-01
1.830892115831375122e-01
1.934487074613571167e-01
1.749865859746932983e-01
1.767180860042572021e-01
1.753472238779067993e-01
1.776785701513290405e-01
1.791878193616867065e-01
1.925988197326660156e-01
2.385834157466888428e-01
1.900452524423599243e-01
1.736481338739395142e-01
2.102217972278594971e-01
1.785209625959396362e-01
1.979841589927673340e-01
1.939078718423843384e-01
1.810287237167358398e-01
1.786570698022842407e-01
1.738080829381942749e-01
1.894639581441879272e-01
1.826714873313903809e-01
1.858108043670654297e-01
1.764327138662338257e-01
1.905126273632049561e-01
1.990825682878494263e-01
2.006968706846237183e-01
1.889117062091827393e-01
1.785243749618530273e-01
1.887755095958709717e-01
1.901162862777709961e-01
1.963525861501693726e-01
1.881759166717529297e-01
2.123745828866958618e-01
1.836283206939697266e-01
2.006992995738983154e-01
1.976856291294097900e-01
1.958239227533340454e-01
1.715170294046401978e-01
1.882116496562957764e-01
1.960132867097854614e-01
1.799217760562896729e-01
1.732580065727233887e-01
1.703296750783920288e-01
1.801619380712509155e-01
1.682983636856079102e-01
1.808185726404190063e-01
1.694805175065994263e-01
2.102272659540176392e-01
2.017082720994949341e-01
1.890410929918289185e-01
1.694510728120803833e-01
2.190476208925247192e-01
2.161471694707870483e-01
2.040971219539642334e-01
2.101616561412811279e-01
1.783641129732131958e-01
1.851851791143417358e-01
1.742001026868820190e-01
1.883239150047302246e-01
1.857962757349014282e-01
1.899441331624984741e-01
1.938223987817764282e-01
2.105263173580169678e-01
1.723446846008300781e-01
1.958579868078231812e-01
2.287784665822982788e-01
1.842105239629745483e-01
2.077294737100601196e-01
1.577464789152145386e-01
1.996392011642456055e-01
1.828517317771911621e-01
1.711373329162597656e-01
1.828533113002777100e-01
1.918137967586517334e-01
2.224553972482681274e-01
1.780167222023010254e-01
1.909885704517364502e-01
1.818778663873672485e-01
1.670282036066055298e-01
2.132075428962707520e-01
1.971683204174041748e-01
1.664516180753707886e-01
2.008393257856369019e-01
1.656005680561065674e-01
1.871444880962371826e-01
1.856745481491088867e-01
1.740827411413192749e-01
1.977052092552185059e-01
1.761006265878677368e-01
2.035456299781799316e-01
1.899441331624984741e-01
1.722609251737594604e-01
1.848390400409698486e-01
1.654964834451675415e-01
1.864150911569595337e-01
1.936433166265487671e-01
1.687962412834167480e-01
1.752479970455169678e-01
1.892052143812179565e-01
1.859778612852096558e-01
1.809999942779541016e-01
1.997593194246292114e-01
1.870170086622238159e-01
1.890790611505508423e-01
2.064559459686279297e-01
1.625514477491378784e-01
1.949275434017181396e-01
1.893274784088134766e-01
1.962686628103256226e-01
1.931260228157043457e-01
2.098859250545501709e-01
1.929460614919662476e-01
1.681240051984786987e-01
2.084562480449676514e-01
1.981687396764755249e-01
1.737408041954040527e-01
1.822558492422103882e-01
1.985018700361251831e-01
1.818181872367858887e-01
1.972986012697219849e-01
2.017543911933898926e-01
1.782945692539215088e-01
1.786108016967773438e-01
1.775844395160675049e-01
1.794871836900711060e-01
2.333333343267440796e-01
1.656302958726882935e-01
2.093525230884552002e-01
1.803174614906311035e-01
1.994572579860687256e-01
2.017010897397994995e-01
1.967509090900421143e-01
2.090352177619934082e-01
2.108027040958404541e-01
1.968179196119308472e-01
2.047999948263168335e-01
1.807988733053207397e-01
1.924198269844055176e-01
1.892036348581314087e-01
1.565074175596237183e-01
1.723958402872085571e-01
1.828978657722473145e-01
1.612685620784759521e-01
1.920777261257171631e-01
1.663353145122528076e-01
2.039258480072021484e-01
1.878930777311325073e-01
2.047970443964004517e-01
1.972255706787109375e-01
1.930010616779327393e-01
1.891438215970993042e-01
1.988150030374526978e-01
1.899196505546569824e-01
1.798215508460998535e-01
1.717171669006347656e-01
2.226277440786361694e-01
1.844660192728042603e-01
1.659192889928817749e-01
1.775510162115097046e-01
1.833333373069763184e-01
1.943573653697967529e-01
1.856027692556381226e-01
1.930835694074630737e-01
1.707609295845031738e-01
1.899613887071609497e-01
1.962457299232482910e-01
1.727150529623031616e-01
1.844282299280166626e-01
1.771994978189468384e-01
1.773049682378768921e-01
2.136279940605163574e-01
2.098962515592575073e-01
1.584213525056838989e-01
1.540322601795196533e-01
2.098765373229980469e-01
2.000000029802322388e-01
2.025431394577026367e-01
1.803143024444580078e-01
1.647058874368667603e-01
1.763584315776824951e-01
1.703806817531585693e-01
1.877998560667037964e-01
1.808761209249496460e-01
1.936966478824615479e-01
1.794310659170150757e-01
1.774121820926666260e-01
2.059405893087387085e-01
2.131754308938980103e-01
1.924375444650650024e-01
1.752631515264511108e-01
1.877839416265487671e-01
1.587887704372406006e-01
1.847101151943206787e-01
1.658227890729904175e-01
2.026683539152145386e-01
1.912427544593811035e-01
1.808785498142242432e-01
1.972789168357849121e-01
2.065826356410980225e-01
2.243313193321228027e-01
1.917134821414947510e-01
1.935999989509582520e-01
1.977491974830627441e-01
1.902515739202499390e-01
1.823617368936538696e-01
1.930769234895706177e-01
1.801316589117050171e-01
1.794605851173400879e-01
1.907216459512710571e-01
1.711065620183944702e-01
1.759720891714096069e-01
1.637694388628005981e-01
2.030075192451477051e-01
1.797468364238739014e-01
1.821267008781433105e-01
2.026755809783935547e-01
1.926829218864440918e-01
1.791808903217315674e-01
1.835820823907852173e-01
1.807845383882522583e-01
1.768292635679244995e-01
2.029288709163665771e-01
1.726666688919067383e-01
1.951219439506530762e-01
1.671714186668395996e-01
1.817115992307662964e-01
1.956043988466262817e-01
1.718475073575973511e-01
2.004801928997039795e-01
1.802469193935394287e-01
1.798866838216781616e-01
1.650485396385192871e-01
1.761390268802642822e-01
2.078384757041931152e-01
1.730304509401321411e-01
1.888959854841232300e-01
1.902597397565841675e-01
1.871921122074127197e-01
1.927083283662796021e-01
1.687500029802322388e-01
1.835443079471588135e-01
2.120674401521682739e-01
1.905165165662765503e-01
1.736590564250946045e-01
2.080848217010498047e-01
1.710709333419799805e-01
1.855555623769760132e-01
1.798071414232254028e-01
1.842565536499023438e-01
1.723666191101074219e-01
1.788963079452514648e-01
1.785414963960647583e-01
1.945701390504837036e-01
1.940836906433105469e-01
1.727549433708190918e-01
2.003699094057083130e-01
1.721366345882415771e-01
1.807909607887268066e-01
1.786433905363082886e-01
1.769055724143981934e-01
2.029702961444854736e-01
1.895787119865417480e-01
2.002743482589721680e-01
1.889763772487640381e-01
1.676942110061645508e-01
1.922525167465209961e-01
1.890472620725631714e-01
1.887052357196807861e-01
1.746868789196014404e-01
2.215568870306015015e-01
1.648550778627395630e-01
1.817589551210403442e-01
1.911407709121704102e-01
1.912568360567092896e-01
2.019597142934799194e-01
2.092092037200927734e-01
1.888745129108428955e-01
1.818840652704238892e-01
1.982128322124481201e-01
1.866493821144104004e-01
2.004870176315307617e-01
2.234513312578201294e-01
1.885813176631927490e-01
1.982675641775131226e-01
2.089305371046066284e-01
2.044072896242141724e-01
2.070645540952682495e-01
1.828271001577377319e-01
1.708776652812957764e-01
1.844660192728042603e-01
1.966758966445922852e-01
1.998883336782455444e-01
1.773485541343688965e-01
1.852825284004211426e-01
1.840411871671676636e-01
2.077922075986862183e-01
1.782898753881454468e-01
1.880029290914535522e-01
1.957531571388244629e-01
1.758827418088912964e-01
1.934782564640045166e-01
1.965862214565277100e-01
1.791549324989318848e-01
1.715838462114334106e-01
1.696149855852127075e-01
2.087962925434112549e-01
2.055109143257141113e-01
1.741440445184707642e-01
1.808873713016510010e-01
1.849261820316314697e-01
1.717241406440734863e-01
1.746758222579956055e-01
1.800687313079833984e-01
1.731575727462768555e-01
2.208544462919235229e-01
2.120822668075561523e-01
1.698113232851028442e-01
1.965065449476242065e-01
2.091891914606094360e-01
1.727401763200759888e-01
1.910274922847747803e-01
1.826852560043334961e-01
1.827347129583358765e-01
1.780636459589004517e-01
1.997885853052139282e-01
1.988847553730010986e-01
1.909677386283874512e-01
1.911976933479309082e-01
2.067594379186630249e-01
1.740713715553283691e-01
1.950732320547103882e-01
2.121457457542419434e-01
1.852067559957504272e-01
1.987213641405105591e-01
1.758578419685363770e-01
1.842878162860870361e-01
1.738925576210021973e-01
1.903903931379318237e-01
1.832779645919799805e-01
1.637144386768341064e-01
2.037193626165390015e-01
2.000000029802322388e-01
1.550048589706420898e-01
2.040358781814575195e-01
1.802518218755722046e-01
1.876075714826583862e-01
1.991465091705322266e-01
2.011884599924087524e-01
1.877470314502716064e-01
1.921020150184631348e-01
2.093023210763931274e-01
1.913793087005615234e-01
1.939040273427963257e-01
1.735924929380416870e-01
2.068753838539123535e-01
2.135366946458816528e-01
1.713414639234542847e-01
1.796690374612808228e-01
1.811361163854598999e-01
1.931723505258560181e-01
1.703853905200958252e-01
2.055953145027160645e-01
1.715976297855377197e-01
1.705916076898574829e-01
1.836847960948944092e-01
1.820128411054611206e-01
1.979735046625137329e-01
1.940700858831405640e-01
1.847389489412307739e-01
1.800791621208190918e-01
1.956947147846221924e-01
1.816091984510421753e-01
1.713735610246658325e-01
1.789709180593490601e-01
1.870011389255523682e-01
1.822600215673446655e-01
2.013348191976547241e-01
1.665141880512237549e-01
1.805054098367691040e-01
2.038095295429229736e-01
1.851595044136047363e-01
1.699493527412414551e-01
1.815789490938186646e-01
2.019089609384536743e-01
2.182810306549072266e-01
1.941031962633132935e-01
1.977401077747344971e-01
2.016616314649581909e-01
1.773541271686553955e-01
1.816524863243103027e-01
1.919446140527725220e-01
1.959102898836135864e-01
1.940959393978118896e-01
2.089016437530517578e-01
1.894818246364593506e-01
1.931623965501785278e-01
1.815044879913330078e-01
1.970471292734146118e-01
1.946902722120285034e-01
1.816347092390060425e-01
1.853360533714294434e-01
1.781033128499984741e-01
1.960447132587432861e-01
1.869782954454421997e-01
1.985645890235900879e-01
2.191780805587768555e-01
1.946983486413955688e-01
1.777777820825576782e-01
1.816770136356353760e-01
2.106038331985473633e-01
2.010902464389801025e-01
1.778309345245361328e-01
1.926829218864440918e-01
2.087644487619400024e-01
1.862152367830276489e-01
1.724754273891448975e-01
1.713127195835113525e-01
2.099567055702209473e-01
1.966805011034011841e-01
1.894858479499816895e-01
1.941362917423248291e-01
1.899185329675674438e-01
1.948356777429580688e-01
1.581975072622299194e-01
2.003642916679382324e-01
1.896984875202178955e-01
1.833941638469696045e-01
1.753710806369781494e-01
1.752756834030151367e-01
1.697368472814559937e-01
1.663594543933868408e-01
2.141280323266983032e-01
2.283907234668731689e-01
1.752021610736846924e-01
1.754945814609527588e-01
2.053030282258987427e-01
1.988472640514373779e-01
1.785510480403900146e-01
1.918819248676300049e-01
1.983050853013992310e-01
1.922514587640762329e-01
1.879518032073974609e-01
2.106286436319351196e-01
2.065753489732742310e-01
1.751313507556915283e-01
1.807738840579986572e-01
1.823802143335342407e-01
2.131814509630203247e-01
1.824988275766372681e-01
1.900921612977981567e-01
1.940594017505645752e-01
1.797468364238739014e-01
2.079610079526901245e-01
2.006220817565917969e-01
1.798848062753677368e-01
2.049504965543746948e-01
2.071759253740310669e-01
1.924778819084167480e-01
2.100671082735061646e-01
1.892675906419754028e-01
1.750841736793518066e-01
2.135374695062637329e-01
2.040268480777740479e-01
2.163009345531463623e-01
1.948204785585403442e-01
1.997593194246292114e-01
1.900780349969863892e-01
1.785260438919067383e-01
1.962962895631790161e-01
1.862682700157165527e-01
2.072588354349136353e-01
1.815028935670852661e-01
1.994863003492355347e-01
1.780962198972702026e-01
1.950672715902328491e-01
1.789115667343139648e-01
2.076242268085479736e-01
1.907677799463272095e-01
2.069732993841171265e-01
1.888587027788162231e-01
1.909307837486267090e-01
1.796008795499801636e-01
2.430213391780853271e-01
1.965875327587127686e-01
1.837577372789382935e-01
1.930937319993972778e-01
1.663974225521087646e-01
1.690997630357742310e-01
1.843291968107223511e-01
1.945636570453643799e-01
2.084830999374389648e-01
2.045070379972457886e-01
1.766207218170166016e-01
2.102564126253128052e-01
1.701818108558654785e-01
1.790415942668914795e-01
1.804586201906204224e-01
2.039725035429000854e-01
1.822033971548080444e-01
2.098377794027328491e-01
1.899932324886322021e-01
2.070744335651397705e-01
2.287735790014266968e-01
1.483728587627410889e-01
2.045298516750335693e-01
1.779220849275588989e-01
2.171232849359512329e-01
1.985065340995788574e-01
1.979166716337203979e-01
1.604026854038238525e-01
2.061356306076049805e-01
1.689299345016479492e-01
1.998394876718521118e-01
1.930663436651229858e-01
1.940298527479171753e-01
1.953216344118118286e-01
1.720211505889892578e-01
1.873215287923812866e-01
2.125147581100463867e-01
1.915014237165451050e-01
1.956521719694137573e-01
1.975683867931365967e-01
1.640903651714324951e-01
1.758911758661270142e-01
1.875000000000000000e-01
1.888646334409713745e-01
1.969273686408996582e-01
1.796171218156814575e-01
1.953875720500946045e-01
1.753998845815658569e-01
1.929242610931396484e-01
1.889534890651702881e-01
1.827497929334640503e-01
1.833987683057785034e-01
1.967213153839111328e-01
1.927083283662796021e-01
1.849037557840347290e-01
2.050209194421768188e-01
1.864244788885116577e-01
1.838440150022506714e-01
1.881682127714157104e-01
1.898211836814880371e-01
1.978476792573928833e-01
1.951577365398406982e-01
1.924504935741424561e-01
2.088014930486679077e-01
1.662887334823608398e-01
1.923464238643646240e-01
1.993485391139984131e-01
2.048536688089370728e-01
1.864716708660125732e-01
1.892488896846771240e-01
1.842247396707534790e-01
1.862678378820419312e-01
1.826558262109756470e-01
1.661721020936965942e-01
1.850022524595260620e-01
1.948235332965850830e-01
2.081031352281570435e-01
1.815235018730163574e-01
1.729360073804855347e-01
1.814126372337341309e-01
1.832402199506759644e-01
1.790235042572021484e-01
2.124567478895187378e-01
1.866769939661026001e-01
1.812255531549453735e-01
2.054945081472396851e-01
1.780821979045867920e-01
1.723057627677917480e-01
2.146985977888107300e-01
1.692806929349899292e-01
1.667805910110473633e-01
2.013963460922241211e-01
2.030878812074661255e-01
2.043443322181701660e-01
1.561357676982879639e-01
2.084775120019912720e-01
1.688172072172164917e-01
1.785340309143066406e-01
1.665369719266891479e-01
2.148227691650390625e-01
1.954828649759292603e-01
1.842885315418243408e-01
2.045277059078216553e-01
2.035874426364898682e-01
1.987620294094085693e-01
1.865049302577972412e-01
1.773700267076492310e-01
2.028469741344451904e-01
1.836506128311157227e-01
1.990801542997360229e-01
1.898876428604125977e-01
1.989283263683319092e-01
1.818840652704238892e-01
1.909967809915542603e-01
1.940516829490661621e-01
2.003117650747299194e-01
1.606488674879074097e-01
2.022222280502319336e-01
1.894108802080154419e-01
1.969147026538848877e-01
2.106249928474426270e-01
1.977591067552566528e-01
1.915403008460998535e-01
2.139639705419540405e-01
1.957671940326690674e-01
1.976085603237152100e-01
1.845780164003372192e-01
1.984642595052719116e-01
2.124248445034027100e-01
1.776985675096511841e-01
1.842105239629745483e-01
1.775333881378173828e-01
1.934640556573867798e-01
1.814268082380294800e-01
1.712010651826858521e-01
1.910023689270019531e-01
1.681034415960311890e-01
1.788339018821716309e-01
1.870456039905548096e-01
1.796008795499801636e-01
1.683937758207321167e-01
1.761148869991302490e-01
1.784718334674835205e-01
1.668726801872253418e-01
1.574603170156478882e-01
1.812604516744613647e-01
1.769437044858932495e-01
1.799678653478622437e-01
1.711538434028625488e-01
2.018659859895706177e-01
2.202334702014923096e-01
2.001419514417648315e-01
1.875360608100891113e-01
1.718328893184661865e-01
1.878497153520584106e-01
1.850709468126296997e-01
1.822730451822280884e-01
1.643258482217788696e-01
2.627986371517181396e-01
1.892443895339965820e-01
1.787790656089782715e-01
1.664580702781677246e-01
1.808422803878784180e-01
2.034739404916763306e-01
1.904520094394683838e-01
1.757836490869522095e-01
1.985195130109786987e-01
1.968658119440078735e-01
1.939627528190612793e-01
2.046632170677185059e-01
1.604120731353759766e-01
2.152866274118423462e-01
1.886674910783767700e-01
1.878722310066223145e-01
1.794354766607284546e-01
1.967213153839111328e-01
1.804154366254806519e-01
1.909385174512863159e-01
1.974043697118759155e-01
1.874084919691085815e-01
2.009063512086868286e-01
2.180392146110534668e-01
1.952714473009109497e-01
1.972295492887496948e-01
2.157969027757644653e-01
2.015037536621093750e-01
2.068328708410263062e-01
2.030716687440872192e-01
1.667723506689071655e-01
1.761768907308578491e-01
2.072213441133499146e-01
2.005012482404708862e-01
2.054902017116546631e-01
1.778050214052200317e-01
1.765024363994598389e-01
2.059219330549240112e-01
1.852808296680450439e-01
1.742424219846725464e-01
1.803977340459823608e-01
1.977040767669677734e-01
1.956521719694137573e-01
1.766541749238967896e-01
2.257474064826965332e-01
1.755577176809310913e-01
1.903584599494934082e-01
1.619293689727783203e-01
1.825037747621536255e-01
1.915584355592727661e-01
1.734758019447326660e-01
1.787096709012985229e-01
1.963795870542526245e-01
1.764705926179885864e-01
1.862990856170654297e-01
1.969697028398513794e-01
1.939078718423843384e-01
2.089930325746536255e-01
2.005479484796524048e-01
1.915094405412673950e-01
2.080645114183425903e-01
1.847290694713592529e-01
1.762688606977462769e-01
1.872146129608154297e-01
1.822684556245803833e-01
2.165543735027313232e-01
1.964937895536422729e-01
1.753086447715759277e-01
1.868787258863449097e-01
1.937340199947357178e-01
1.886287629604339600e-01
1.764246672391891479e-01
1.752136796712875366e-01
1.913580298423767090e-01
1.847426444292068481e-01
1.935771703720092773e-01
1.689769029617309570e-01
1.919525116682052612e-01
1.667631715536117554e-01
1.964140236377716064e-01
1.833966374397277832e-01
1.857777833938598633e-01
1.958243399858474731e-01
1.920577585697174072e-01
1.783510893583297729e-01
1.995540708303451538e-01
1.790960431098937988e-01
2.030360549688339233e-01
1.912123709917068481e-01
1.780957132577896118e-01
1.989473700523376465e-01
1.814671754837036133e-01
1.931677013635635376e-01
1.935483813285827637e-01
1.717495918273925781e-01
1.761603355407714844e-01
1.761732846498489380e-01
1.907442212104797363e-01
2.003218084573745728e-01
2.010836899280548096e-01
2.011084705591201782e-01
1.935788542032241821e-01
1.727781295776367188e-01
1.870370358228683472e-01
2.047177702188491821e-01
1.829652935266494751e-01
2.207612395286560059e-01
2.068713456392288208e-01
1.795580089092254639e-01
2.026920020580291748e-01
1.660798192024230957e-01
2.114720046520233154e-01
2.058197259902954102e-01
1.969697028398513794e-01
2.042494863271713257e-01
1.817640066146850586e-01
1.931364685297012329e-01
1.875000000000000000e-01
1.667605638504028320e-01
1.998582631349563599e-01
1.883899271488189697e-01
1.817307621240615845e-01
2.159302979707717896e-01
1.890606433153152466e-01
2.029702961444854736e-01
1.850060522556304932e-01
1.872427910566329956e-01
1.730429679155349731e-01
1.736677139997482300e-01
1.878238320350646973e-01
1.862845420837402344e-01
1.984359771013259888e-01
1.962332874536514282e-01
2.139303535223007202e-01
2.097759693861007690e-01
1.884669512510299683e-01
1.759093552827835083e-01
1.795241534709930420e-01
2.002734094858169556e-01
1.947656720876693726e-01
1.957641690969467163e-01
1.813537627458572388e-01
2.019543945789337158e-01
1.736790537834167480e-01
1.619348078966140747e-01
1.907407343387603760e-01
2.063492089509963989e-01
1.984459012746810913e-01
1.844362765550613403e-01
2.059496641159057617e-01
2.112010866403579712e-01
1.870206445455551147e-01
1.909225434064865112e-01
1.846537739038467407e-01
2.006329149007797241e-01
1.693491935729980469e-01
2.112860828638076782e-01
1.980572044849395752e-01
1.771467179059982300e-01
1.762142032384872437e-01
1.775618344545364380e-01
1.899378150701522827e-01
1.833122670650482178e-01
1.753460764884948730e-01
1.963146775960922241e-01
1.960049867630004883e-01
1.886792480945587158e-01
2.055084705352783203e-01
1.754617393016815186e-01
1.886792480945587158e-01
1.717495918273925781e-01
1.908571422100067139e-01
1.878834366798400879e-01
2.105660438537597656e-01
2.267156839370727539e-01
1.781609207391738892e-01
2.073459774255752563e-01
2.192982435226440430e-01
1.941489428281784058e-01
1.798975616693496704e-01
1.923076957464218140e-01
1.970338970422744751e-01
1.653638035058975220e-01
1.994928121566772461e-01
1.909134835004806519e-01
1.873278170824050903e-01
1.800742596387863159e-01
1.925624012947082520e-01
2.011967152357101440e-01
1.977671384811401367e-01
1.884057968854904175e-01
1.987041085958480835e-01
2.088122665882110596e-01
1.882072687149047852e-01
1.920903921127319336e-01
1.717002242803573608e-01
2.011308521032333374e-01
1.803953945636749268e-01
1.875000000000000000e-01
1.871345043182373047e-01
1.812831014394760132e-01
1.821335703134536743e-01
1.939978599548339844e-01
1.882446408271789551e-01
1.731066405773162842e-01
2.093220353126525879e-01
1.741160750389099121e-01
1.851574182510375977e-01
2.054015696048736572e-01
1.809775382280349731e-01
1.721672117710113525e-01
1.881984770298004150e-01
1.913536489009857178e-01
1.994657218456268311e-01
1.861412972211837769e-01
1.843367069959640503e-01
1.722574830055236816e-01
2.090909034013748169e-01
2.030586302280426025e-01
1.887810081243515015e-01
1.773948371410369873e-01
1.646408885717391968e-01
1.989690661430358887e-01
1.899408251047134399e-01
1.857677847146987915e-01
1.882352977991104126e-01
1.939291805028915405e-01
2.202247232198715210e-01
1.832202374935150146e-01
1.795467734336853027e-01
1.922179013490676880e-01
2.084095031023025513e-01
1.889655143022537231e-01
1.867966949939727783e-01
1.641566306352615356e-01
2.107692360877990723e-01
1.895534992218017578e-01
1.861228346824645996e-01
2.063001841306686401e-01
1.859296411275863647e-01
2.221006602048873901e-01
1.939627528190612793e-01
1.961009204387664795e-01
1.709937304258346558e-01
1.908563077449798584e-01
1.894977241754531860e-01
1.913626194000244141e-01
1.904069781303405762e-01
1.637512147426605225e-01
2.092476487159729004e-01
2.071156352758407593e-01
2.042253464460372925e-01
1.798124611377716064e-01
1.928783357143402100e-01
1.869468986988067627e-01
1.606033742427825928e-01
1.915438771247863770e-01
1.847085505723953247e-01
1.905790865421295166e-01
1.859243661165237427e-01
2.149944901466369629e-01
1.876657754182815552e-01
1.646063774824142456e-01
1.909241825342178345e-01
1.893139779567718506e-01
2.086956501007080078e-01
1.921438723802566528e-01
1.791730523109436035e-01
2.182970941066741943e-01
1.843891441822052002e-01
1.771682798862457275e-01
2.048458158969879150e-01
2.373702377080917358e-01
1.859024018049240112e-01
1.850027292966842651e-01
2.022551149129867554e-01
1.855600476264953613e-01
1.851360350847244263e-01
2.000000029802322388e-01
2.037371844053268433e-01
1.854043453931808472e-01
1.716791987419128418e-01
1.749291718006134033e-01
1.976878643035888672e-01
2.119658142328262329e-01
2.113333344459533691e-01
1.862996220588684082e-01
1.915584355592727661e-01
2.081632614135742188e-01
2.057953923940658569e-01
1.739837378263473511e-01
1.717314422130584717e-01
1.985488086938858032e-01
2.148028910160064697e-01
1.873479336500167847e-01
1.618444919586181641e-01
1.899949461221694946e-01
1.850569099187850952e-01
1.742906719446182251e-01
1.673944741487503052e-01
1.783606559038162231e-01
1.966568380594253540e-01
1.744659245014190674e-01
2.053816616535186768e-01
2.008086293935775757e-01
1.922290325164794922e-01
2.133492231369018555e-01
1.798056215047836304e-01
1.767889410257339478e-01
1.935279220342636108e-01
1.727150529623031616e-01
1.607843190431594849e-01
2.261306494474411011e-01
1.630170345306396484e-01
2.019704431295394897e-01
1.906589865684509277e-01
2.034631967544555664e-01
2.029598355293273926e-01
1.853612214326858521e-01
1.745513826608657837e-01
1.915422827005386353e-01
1.842105239629745483e-01
2.092352062463760376e-01
2.093831449747085571e-01
2.039801031351089478e-01
2.005119472742080688e-01
2.027616351842880249e-01
1.773659884929656982e-01
1.811487525701522827e-01
2.043243199586868286e-01
1.952702701091766357e-01
1.936170160770416260e-01
1.988341957330703735e-01
2.023195922374725342e-01
1.712941229343414307e-01
1.881682127714157104e-01
1.818706691265106201e-01
2.061452567577362061e-01
1.627507209777832031e-01
1.713828146457672119e-01
2.132231444120407104e-01
2.138630598783493042e-01
1.766423285007476807e-01
1.822803169488906860e-01
1.988862305879592896e-01
1.818862259387969971e-01
2.479674816131591797e-01
2.179072350263595581e-01
1.921274662017822266e-01
1.819248795509338379e-01
1.864035129547119141e-01
1.897702068090438843e-01
1.793372333049774170e-01
1.815582513809204102e-01
1.842837333679199219e-01
1.945348083972930908e-01
1.981072574853897095e-01
2.153722941875457764e-01
2.078488320112228394e-01
1.892458051443099976e-01
1.750861108303070068e-01
1.741038709878921509e-01
2.065727710723876953e-01
1.727221906185150146e-01
1.861313879489898682e-01
1.956989318132400513e-01
1.917879432439804077e-01
1.955815404653549194e-01
1.817548722028732300e-01
1.807747483253479004e-01
1.915336549282073975e-01
2.022315263748168945e-01
2.076547294855117798e-01
1.853801161050796509e-01
1.892274916172027588e-01
2.014341652393341064e-01
1.744529902935028076e-01
1.930599361658096313e-01
1.884476542472839355e-01
2.009249776601791382e-01
1.763791739940643311e-01
1.708906590938568115e-01
1.702770739793777466e-01
1.687094420194625854e-01
1.901452988386154175e-01
1.779420077800750732e-01
2.070512771606445312e-01
2.175732254981994629e-01
1.989528834819793701e-01
1.915887892246246338e-01
1.748427599668502808e-01
1.948470175266265869e-01
1.824862211942672729e-01
1.666666716337203979e-01
1.989562958478927612e-01
1.937172710895538330e-01
2.588582634925842285e-01
1.956352293491363525e-01
2.022471874952316284e-01
1.679586619138717651e-01
2.051971256732940674e-01
2.042062431573867798e-01
2.002074718475341797e-01
1.754735857248306274e-01
1.978136450052261353e-01
1.934216916561126709e-01
1.829339563846588135e-01
1.803896874189376831e-01
1.796772778034210205e-01
1.979336589574813843e-01
1.968750059604644775e-01
1.702557206153869629e-01
2.004421502351760864e-01
2.158560901880264282e-01
1.846019178628921509e-01
1.730876564979553223e-01
2.113652080297470093e-01
1.867881566286087036e-01
1.980753839015960693e-01
1.615956723690032959e-01
1.916537880897521973e-01
1.707205176353454590e-01
1.765096187591552734e-01
2.121212184429168701e-01
1.723418980836868286e-01
1.932114809751510620e-01
1.721311509609222412e-01
1.878089010715484619e-01
2.177650481462478638e-01
1.659076064825057983e-01
2.056990265846252441e-01
1.932952851057052612e-01
1.762626320123672485e-01
1.896858364343643188e-01
1.782252043485641479e-01
1.702279150485992432e-01
1.855300813913345337e-01
1.805471181869506836e-01
1.588740497827529907e-01
1.609195470809936523e-01
1.820388287305831909e-01
1.767041683197021484e-01
1.734693944454193115e-01
2.164473682641983032e-01
1.767151802778244019e-01
1.877022683620452881e-01
1.871041953563690186e-01
2.003179639577865601e-01
1.867935806512832642e-01
2.039274871349334717e-01
1.692677140235900879e-01
1.874643862247467041e-01
2.017710357904434204e-01
2.108768075704574585e-01
1.969970017671585083e-01
1.742957681417465210e-01
2.105697840452194214e-01
1.778350472450256348e-01
1.843403279781341553e-01
1.804469227790832520e-01
1.744634062051773071e-01
1.975595653057098389e-01
1.857749521732330322e-01
2.019122540950775146e-01
1.643709838390350342e-01
2.146375775337219238e-01
1.600753366947174072e-01
2.004142999649047852e-01
1.758454144001007080e-01
1.946268677711486816e-01
1.676176935434341431e-01
1.851851791143417358e-01
1.694428473711013794e-01
1.944615393877029419e-01
1.797445267438888550e-01
1.954652070999145508e-01
1.887666434049606323e-01
1.816680431365966797e-01
1.915641427040100098e-01
1.956358104944229126e-01
2.140804529190063477e-01
2.132312804460525513e-01
2.534435391426086426e-01
1.904761940240859985e-01
1.890827268362045288e-01
2.099863141775131226e-01
1.857951581478118896e-01
2.070707082748413086e-01
1.810457557439804077e-01
1.670588254928588867e-01
1.926417946815490723e-01
1.976284533739089966e-01
1.839285641908645630e-01
1.557750701904296875e-01
1.655239909887313843e-01
1.743666231632232666e-01
1.966573745012283325e-01
1.836998760700225830e-01
1.779722869396209717e-01
1.979356408119201660e-01
1.916243582963943481e-01
1.700223684310913086e-01
1.893110126256942749e-01
2.041086852550506592e-01
1.881299018859863281e-01
1.671537160873413086e-01
2.109375000000000000e-01
1.646341532468795776e-01
1.915184706449508667e-01
1.962264180183410645e-01
1.760856658220291138e-01
1.827565282583236694e-01
1.802575141191482544e-01
1.855955719947814941e-01
1.859855949878692627e-01
1.767088621854782104e-01
2.210095524787902832e-01
1.847246885299682617e-01
1.821963340044021606e-01
2.078220844268798828e-01
1.787414103746414185e-01
2.027863711118698120e-01
1.763565838336944580e-01
1.891334205865859985e-01
1.790123432874679565e-01
1.997091621160507202e-01
1.807658076286315918e-01
1.953051686286926270e-01
1.609375029802322388e-01
1.724941730499267578e-01
2.043422758579254150e-01
1.790187954902648926e-01
1.778253912925720215e-01
1.998718827962875366e-01
1.860465109348297119e-01
1.894230842590332031e-01
1.685761064291000366e-01
1.918552070856094360e-01
1.979495286941528320e-01
1.674770414829254150e-01
1.880409121513366699e-01
2.175675630569458008e-01
1.767189353704452515e-01
2.059620618820190430e-01
1.966604888439178467e-01
1.951219439506530762e-01
1.855670064687728882e-01
1.982352882623672485e-01
1.921898871660232544e-01
1.826141327619552612e-01
1.820117086172103882e-01
1.823204457759857178e-01
1.919708102941513062e-01
1.864996552467346191e-01
2.018004506826400757e-01
1.725160628557205200e-01
2.279957532882690430e-01
2.334928214550018311e-01
1.883408129215240479e-01
1.829916536808013916e-01
1.746987998485565186e-01
1.804560273885726929e-01
1.898437440395355225e-01
2.065894901752471924e-01
2.058602571487426758e-01
1.822008490562438965e-01
1.790093183517456055e-01
1.828236877918243408e-01
1.908850669860839844e-01
1.908325552940368652e-01
1.947592049837112427e-01
2.198635339736938477e-01
2.047302275896072388e-01
1.812500059604644775e-01
1.960784345865249634e-01
1.863995194435119629e-01
1.952596008777618408e-01
1.826241165399551392e-01
1.834532320499420166e-01
2.062682211399078369e-01
2.064724862575531006e-01
1.750433295965194702e-01
2.359375059604644775e-01
1.901188194751739502e-01
1.910695731639862061e-01
2.031107097864151001e-01
2.040977180004119873e-01
1.825168132781982422e-01
1.840087622404098511e-01
2.300070822238922119e-01
1.827347129583358765e-01
1.967741996049880981e-01
1.671664118766784668e-01
1.727515608072280884e-01
1.854430437088012695e-01
1.864973306655883789e-01
1.894179880619049072e-01
1.832424998283386230e-01
2.052679359912872314e-01
1.880269795656204224e-01
1.815346181392669678e-01
1.822883039712905884e-01
1.834862381219863892e-01
1.965150088071823120e-01
1.932098716497421265e-01
2.368621528148651123e-01
1.932938843965530396e-01
1.907131075859069824e-01
1.980968862771987915e-01
1.750614196062088013e-01
2.038917094469070435e-01
1.624203771352767944e-01
1.704796999692916870e-01
1.879553198814392090e-01
1.793292313814163208e-01
2.025316506624221802e-01
1.684152334928512573e-01
1.822308748960494995e-01
2.002724856138229370e-01
1.818625032901763916e-01
1.892376691102981567e-01
1.806167364120483398e-01
2.198905050754547119e-01
1.860832870006561279e-01
1.895424872636795044e-01
1.862686574459075928e-01
1.971831023693084717e-01
1.681614369153976440e-01
2.045454531908035278e-01
1.874587386846542358e-01
1.971530318260192871e-01
1.850699782371520996e-01
1.990391165018081665e-01
1.830815672874450684e-01
1.734104007482528687e-01
2.169230729341506958e-01
2.069892436265945435e-01
1.912640631198883057e-01
1.879699230194091797e-01
1.864406764507293701e-01
1.937336772680282593e-01
1.860465109348297119e-01
2.116519212722778320e-01
1.723147630691528320e-01
1.849710941314697266e-01
1.961259096860885620e-01
1.992287933826446533e-01
1.770623773336410522e-01
1.841642260551452637e-01
1.891385763883590698e-01
1.823899298906326294e-01
1.825795620679855347e-01
2.031063288450241089e-01
1.809191405773162842e-01
1.766211539506912231e-01
1.853758990764617920e-01
1.734928637742996216e-01
1.788345575332641602e-01
1.809798330068588257e-01
1.930988729000091553e-01
1.751188635826110840e-01
1.747296601533889771e-01
2.019069045782089233e-01
2.099522799253463745e-01
1.790620535612106323e-01
2.241758257150650024e-01
1.633150577545166016e-01
1.918367296457290649e-01
1.867364794015884399e-01
1.987359523773193359e-01
1.842105239629745483e-01
1.758180856704711914e-01
1.693989038467407227e-01
1.557853966951370239e-01
1.859504133462905884e-01
2.190476208925247192e-01
1.814814805984497070e-01
1.945121884346008301e-01
1.921458691358566284e-01
1.939163506031036377e-01
1.816524863243103027e-01
2.277710139751434326e-01
2.033556997776031494e-01
1.690528690814971924e-01
1.840490847826004028e-01
1.804236620664596558e-01
1.910669952630996704e-01
1.809954792261123657e-01
1.955361515283584595e-01
1.693767011165618896e-01
1.883980780839920044e-01
2.165725082159042358e-01
1.877729296684265137e-01
1.949434429407119751e-01
1.850144118070602417e-01
1.733833104372024536e-01
1.931659728288650513e-01
1.857749521732330322e-01
1.683168262243270874e-01
1.947368383407592773e-01
1.666666716337203979e-01
1.503378450870513916e-01
1.906832307577133179e-01
1.661176532506942749e-01
1.875000000000000000e-01
1.975308656692504883e-01
1.938095241785049438e-01
1.665682196617126465e-01
2.190760076045989990e-01
2.070484608411788940e-01
1.948212087154388428e-01
1.749489456415176392e-01
1.950769275426864624e-01
2.000000029802322388e-01
1.857142895460128784e-01
1.824034303426742554e-01
2.115915417671203613e-01
1.876832842826843262e-01
1.712846308946609497e-01
1.842987090349197388e-01
1.860053092241287231e-01
1.916426569223403931e-01
2.411252558231353760e-01
2.287348061800003052e-01
1.806387156248092651e-01
1.778656095266342163e-01
1.970930248498916626e-01
1.725842654705047607e-01
1.721518933773040771e-01
1.962121278047561646e-01
2.025796622037887573e-01
1.848688274621963501e-01
1.989036798477172852e-01
1.607142835855484009e-01
1.790160089731216431e-01
1.927888095378875732e-01
1.681710183620452881e-01
1.727515608072280884e-01
1.959322094917297363e-01
1.654135286808013916e-01
1.718661338090896606e-01
1.726158708333969116e-01
1.558589339256286621e-01
1.926121413707733154e-01
2.143390625715255737e-01
2.148692756891250610e-01
1.901504844427108765e-01
1.998667567968368530e-01
1.647531539201736450e-01
1.873536258935928345e-01
1.681701093912124634e-01
1.866376250982284546e-01
1.949152499437332153e-01
2.111731916666030884e-01
1.913265287876129150e-01
1.838810592889785767e-01
2.008253037929534912e-01
2.009202390909194946e-01
1.826182603836059570e-01
1.951410621404647827e-01
1.841155290603637695e-01
2.116834223270416260e-01
1.898989826440811157e-01
2.120481878519058228e-01
1.822803169488906860e-01
1.898652911186218262e-01
2.056168466806411743e-01
1.835577636957168579e-01
1.954198479652404785e-01
1.834010481834411621e-01
1.706500947475433350e-01
1.861174702644348145e-01
1.835543811321258545e-01
1.768172830343246460e-01
1.852112710475921631e-01
2.064935117959976196e-01
1.857707500457763672e-01
1.517919898033142090e-01
1.888753026723861694e-01
1.752793341875076294e-01
2.051604837179183960e-01
2.096114456653594971e-01
1.867378056049346924e-01
2.063363045454025269e-01
1.760683804750442505e-01
2.114608585834503174e-01
1.569195091724395752e-01
1.850634068250656128e-01
2.325800359249114990e-01
1.794664561748504639e-01
1.973756104707717896e-01
1.800391376018524170e-01
1.917966455221176147e-01
1.887550204992294312e-01
2.306034415960311890e-01
1.703269928693771362e-01
1.570453196763992310e-01
1.778309345245361328e-01
1.812688857316970825e-01
2.023509591817855835e-01
1.806853562593460083e-01
1.806666702032089233e-01
1.971977204084396362e-01
1.801488846540451050e-01
1.825513243675231934e-01
2.006191909313201904e-01
1.764705926179885864e-01
2.085482627153396606e-01
2.115097194910049438e-01
2.299169003963470459e-01
1.957142800092697144e-01
1.812212765216827393e-01
1.705963909626007080e-01
1.916167736053466797e-01
2.115921825170516968e-01
1.697898954153060913e-01
2.095856964588165283e-01
1.808832436800003052e-01
1.954094320535659790e-01
2.009925544261932373e-01
1.801801770925521851e-01
1.744292229413986206e-01
1.823647320270538330e-01
2.034463584423065186e-01
1.938283443450927734e-01
1.826883107423782349e-01
1.807304769754409790e-01
1.972386538982391357e-01
1.762349754571914673e-01
1.732729375362396240e-01
1.895244717597961426e-01
1.932543367147445679e-01
1.884908974170684814e-01
1.942242383956909180e-01
2.084382921457290649e-01
1.651254892349243164e-01
2.146118730306625366e-01
1.805682927370071411e-01
1.924198269844055176e-01
2.112567424774169922e-01
1.996557712554931641e-01
1.975000053644180298e-01
1.869822442531585693e-01
1.707498133182525635e-01
1.920313537120819092e-01
1.872840374708175659e-01
1.887615919113159180e-01
1.977358460426330566e-01
1.884480714797973633e-01
1.804245263338088989e-01
1.928079575300216675e-01
1.865585148334503174e-01
1.907962709665298462e-01
2.149606347084045410e-01
1.954842507839202881e-01
1.945169717073440552e-01
1.883116811513900757e-01
1.540511697530746460e-01
1.824395358562469482e-01
2.060606032609939575e-01
2.042139321565628052e-01
1.787020117044448853e-01
1.938775479793548584e-01
1.885644793510437012e-01
1.799077391624450684e-01
1.884368360042572021e-01
1.797961145639419556e-01
1.878172606229782104e-01
1.911375671625137329e-01
2.138964533805847168e-01
1.796982139348983765e-01
1.800766289234161377e-01
1.888064742088317871e-01
1.662763506174087524e-01
1.898734122514724731e-01
1.965174078941345215e-01
2.002743482589721680e-01
2.114864885807037354e-01
1.923601627349853516e-01
1.848797202110290527e-01
1.998710483312606812e-01
1.706840395927429199e-01
1.980263143777847290e-01
1.610703021287918091e-01
1.776900291442871094e-01
1.921985745429992676e-01
1.846064776182174683e-01
1.899159699678421021e-01
1.966364830732345581e-01
1.740718185901641846e-01
1.759834438562393188e-01
1.792402416467666626e-01
1.896407753229141235e-01
2.065471559762954712e-01
2.062279731035232544e-01
1.703239232301712036e-01
1.711097359657287598e-01
1.848837137222290039e-01
1.781722605228424072e-01
1.903765648603439331e-01
2.094240784645080566e-01
2.032921761274337769e-01
1.834146380424499512e-01
1.874533295631408691e-01
1.809764355421066284e-01
2.133182883262634277e-01
1.901452988386154175e-01
1.782894730567932129e-01
1.916285157203674316e-01
1.875397264957427979e-01
1.736818850040435791e-01
1.736577153205871582e-01
1.935709267854690552e-01
1.967479735612869263e-01
1.939736306667327881e-01
1.842275410890579224e-01
1.936416178941726685e-01
1.960784345865249634e-01
1.889973431825637817e-01
1.815754324197769165e-01
1.950867027044296265e-01
1.849271655082702637e-01
2.162017226219177246e-01
2.055137902498245239e-01
1.657754033803939819e-01
1.755208373069763184e-01
2.021478265523910522e-01
1.696428507566452026e-01
2.220828086137771606e-01
1.923509538173675537e-01
1.949152499437332153e-01
1.952380985021591187e-01
1.709497272968292236e-01
1.898898184299468994e-01
1.816353946924209595e-01
1.753453761339187622e-01
2.206332981586456299e-01
1.856508851051330566e-01
1.770462691783905029e-01
1.880638450384140015e-01
1.723507940769195557e-01
1.887240409851074219e-01
2.357320040464401245e-01
1.828715354204177856e-01
1.877984106540679932e-01
2.011577486991882324e-01
1.831591874361038208e-01
1.701940000057220459e-01
1.889721602201461792e-01
1.808278858661651611e-01
1.876523196697235107e-01
1.788743287324905396e-01
1.900882571935653687e-01
1.748878955841064453e-01
1.983240246772766113e-01
1.886227577924728394e-01
2.110874205827713013e-01
1.758177578449249268e-01
2.183984071016311646e-01
1.962796598672866821e-01
2.198795229196548462e-01
1.753881573677062988e-01
1.741787642240524292e-01
2.133131623268127441e-01
2.048114389181137085e-01
1.997098624706268311e-01
1.714285761117935181e-01
1.830102652311325073e-01
1.851028352975845337e-01
1.579520702362060547e-01
1.684350073337554932e-01
2.008196711540222168e-01
1.862197369337081909e-01
2.089016437530517578e-01
1.769686639308929443e-01
1.986917406320571899e-01
1.867911964654922485e-01
2.155038714408874512e-01
1.672335565090179443e-01
1.750171631574630737e-01
1.976955682039260864e-01
1.895104944705963135e-01
2.078479528427124023e-01
1.972589343786239624e-01
1.733746081590652466e-01
2.144680917263031006e-01
2.035623341798782349e-01
1.947980076074600220e-01
2.081362307071685791e-01
2.064220160245895386e-01
1.705237478017807007e-01
2.167832106351852417e-01
2.145304977893829346e-01
1.778158992528915405e-01
1.777251213788986206e-01
1.696562021970748901e-01
2.040302306413650513e-01
1.893491148948669434e-01
2.261521965265274048e-01
1.761579364538192749e-01
1.931364685297012329e-01
1.914778798818588257e-01
1.738805919885635376e-01
2.031984925270080566e-01
1.754155755043029785e-01
2.189781069755554199e-01
2.317666113376617432e-01
2.200137078762054443e-01
1.973265409469604492e-01
2.072391808032989502e-01
2.162471413612365723e-01
1.849161982536315918e-01
1.989630609750747681e-01
1.871657818555831909e-01
1.727438420057296753e-01
2.048748284578323364e-01
1.915336549282073975e-01
2.030134797096252441e-01
1.956124305725097656e-01
1.782242357730865479e-01
1.927194893360137939e-01
2.061162143945693970e-01
2.121588140726089478e-01
1.913104355335235596e-01
1.851851791143417358e-01
2.055063843727111816e-01
1.857707500457763672e-01
2.008456587791442871e-01
1.818181872367858887e-01
2.067226916551589966e-01
2.045264095067977905e-01
1.960339993238449097e-01
1.822817027568817139e-01
2.022621482610702515e-01
2.063106745481491089e-01
2.131782919168472290e-01
1.865079402923583984e-01
1.766889393329620361e-01
1.773207336664199829e-01
1.974474489688873291e-01
1.807324886322021484e-01
1.811414361000061035e-01
1.889596581459045410e-01
2.077831774950027466e-01
1.821544170379638672e-01
2.035466432571411133e-01
1.974156498908996582e-01
1.985633671283721924e-01
2.141148298978805542e-01
1.902050077915191650e-01
1.619887799024581909e-01
1.916279047727584839e-01
1.913907229900360107e-01
1.745936125516891479e-01
1.857734769582748413e-01
1.960104107856750488e-01
1.802371591329574585e-01
1.737226247787475586e-01
1.960486322641372681e-01
2.098921984434127808e-01
1.901366561651229858e-01
1.884142756462097168e-01
1.725043803453445435e-01
1.927927881479263306e-01
1.742367893457412720e-01
2.035555541515350342e-01
1.589205414056777954e-01
1.939136534929275513e-01
1.685131192207336426e-01
1.801752448081970215e-01
2.107969224452972412e-01
2.268743962049484253e-01
1.698312163352966309e-01
2.024866789579391479e-01
1.757164448499679565e-01
1.778158992528915405e-01
1.996348202228546143e-01
1.694378405809402466e-01
1.746599823236465454e-01
2.078907489776611328e-01
1.950509399175643921e-01
2.146776467561721802e-01
1.740346997976303101e-01
2.349896430969238281e-01
1.887608021497726440e-01
2.134615331888198853e-01
1.932495087385177612e-01
2.096106112003326416e-01
1.996381133794784546e-01
1.699604690074920654e-01
1.883509904146194458e-01
1.955530196428298950e-01
1.814310103654861450e-01
1.951650977134704590e-01
1.893629431724548340e-01
1.788778901100158691e-01
1.815856844186782837e-01
2.183045744895935059e-01
1.627101898193359375e-01
1.724308282136917114e-01
1.981468349695205688e-01
2.122276872396469116e-01
1.777777820825576782e-01
1.820633858442306519e-01
1.886075884103775024e-01
2.131367325782775879e-01
1.938775479793548584e-01
1.936790943145751953e-01
1.893865615129470825e-01
2.055749148130416870e-01
2.000000029802322388e-01
1.889283955097198486e-01
2.049315124750137329e-01
1.857142895460128784e-01
2.135135084390640259e-01
1.856659203767776489e-01
2.136335968971252441e-01
2.091136127710342407e-01
1.945652216672897339e-01
1.960629969835281372e-01
1.719101071357727051e-01
1.786809861660003662e-01
2.208029180765151978e-01
1.852654367685317993e-01
2.019230723381042480e-01
1.941885203123092651e-01
1.829347163438796997e-01
1.880977749824523926e-01
1.686046570539474487e-01
1.933438926935195923e-01
2.174369692802429199e-01
1.662954688072204590e-01
1.696296334266662598e-01
2.085235863924026489e-01
1.855971962213516235e-01
1.836734712123870850e-01
2.142857164144515991e-01
1.969486773014068604e-01
1.796296238899230957e-01
1.985624432563781738e-01
2.104391008615493774e-01
2.045060694217681885e-01
2.040457278490066528e-01
1.827102750539779663e-01
1.775761544704437256e-01
1.839599013328552246e-01
1.770943850278854370e-01
2.010265141725540161e-01
1.892332732677459717e-01
2.153846174478530884e-01
1.948529481887817383e-01
1.954236179590225220e-01
2.132132202386856079e-01
2.121405750513076782e-01
1.824894547462463379e-01
2.000000029802322388e-01
2.073619663715362549e-01
1.928974986076354980e-01
2.018278688192367554e-01
1.741877198219299316e-01
2.075123190879821777e-01
2.358393371105194092e-01
2.154432833194732666e-01
1.761006265878677368e-01
1.959999948740005493e-01
2.059823274612426758e-01
1.905013173818588257e-01
1.984205394983291626e-01
1.916971951723098755e-01
1.809100955724716187e-01
1.958762854337692261e-01
1.684435009956359863e-01
1.661039888858795166e-01
1.808300465345382690e-01
1.872638911008834839e-01
1.878100633621215820e-01
1.841453313827514648e-01
1.881533116102218628e-01
1.757246404886245728e-01
1.983471065759658813e-01
1.940393149852752686e-01
1.934523880481719971e-01
1.696594357490539551e-01
1.790419220924377441e-01
1.899999976158142090e-01
1.950672715902328491e-01
1.680726855993270874e-01
2.007873952388763428e-01
1.900220066308975220e-01
2.111307382583618164e-01
2.089994102716445923e-01
1.929092854261398315e-01
1.742574274539947510e-01
1.535413563251495361e-01
1.682027578353881836e-01
2.284527570009231567e-01
2.353706061840057373e-01
1.878669261932373047e-01
2.133194655179977417e-01
1.990189254283905029e-01
1.874596029520034790e-01
1.865705251693725586e-01
2.311111092567443848e-01
1.747747808694839478e-01
1.742842793464660645e-01
2.001352310180664062e-01
1.803278625011444092e-01
1.735751330852508545e-01
1.633416414260864258e-01
1.701244860887527466e-01
1.747831851243972778e-01
1.912181377410888672e-01
2.028112411499023438e-01
2.075471729040145874e-01
1.830985844135284424e-01
2.126387655735015869e-01
2.134453803300857544e-01
1.807165443897247314e-01
1.829697340726852417e-01
1.830024868249893188e-01
2.031250000000000000e-01
2.355932146310806274e-01
1.700382679700851440e-01
2.009302377700805664e-01
1.765056699514389038e-01
1.982954591512680054e-01
2.047193944454193115e-01
1.889495253562927246e-01
2.170022428035736084e-01
1.851048469543457031e-01
1.706371158361434937e-01
1.832214742898941040e-01
1.847365200519561768e-01
1.704885363578796387e-01
1.827293783426284790e-01
2.072446495294570923e-01
1.819645762443542480e-01
1.799204796552658081e-01
1.841526031494140625e-01
1.752360910177230835e-01
1.832669377326965332e-01
1.847960501909255981e-01
1.709796637296676636e-01
1.884570121765136719e-01
1.872852295637130737e-01
1.711122244596481323e-01
1.722995340824127197e-01
2.141190171241760254e-01
2.090592384338378906e-01
1.873522400856018066e-01
1.718362271785736084e-01
1.880931854248046875e-01
1.980906873941421509e-01
2.013422846794128418e-01
1.800000071525573730e-01
1.828746199607849121e-01
1.559183746576309204e-01
2.169811278581619263e-01
1.914141476154327393e-01
2.199095040559768677e-01
1.898253560066223145e-01
1.984240710735321045e-01
1.895777136087417603e-01
1.958441585302352905e-01
1.569109708070755005e-01
2.053469866514205933e-01
1.966335177421569824e-01
1.785492897033691406e-01
1.974570006132125854e-01
1.966122239828109741e-01
1.933381557464599609e-01
2.102146595716476440e-01
2.080808132886886597e-01
1.982427239418029785e-01
1.740041971206665039e-01
1.920083016157150269e-01
1.953875720500946045e-01
1.876712292432785034e-01
2.004175335168838501e-01
1.930663436651229858e-01
1.893687695264816284e-01
1.763727068901062012e-01
1.651637405157089233e-01
1.831325292587280273e-01
2.038647383451461792e-01
1.913746595382690430e-01
1.746104508638381958e-01
1.982044130563735962e-01
1.769230812788009644e-01
1.873147636651992798e-01
1.859430670738220215e-01
1.885985732078552246e-01
2.184300273656845093e-01
1.988950222730636597e-01
1.790523678064346313e-01
1.901554465293884277e-01
1.919364035129547119e-01
2.115044295787811279e-01
1.763767004013061523e-01
2.048808187246322632e-01
2.063808590173721313e-01
1.955656558275222778e-01
1.811518371105194092e-01
2.049102932214736938e-01
2.190045267343521118e-01
2.057911008596420288e-01
1.712609976530075073e-01
1.664926856756210327e-01
1.961950063705444336e-01
1.948142945766448975e-01
1.782065778970718384e-01
2.071005851030349731e-01
2.049110978841781616e-01
1.790945380926132202e-01
1.762295067310333252e-01
1.912470012903213501e-01
1.909287273883819580e-01
1.858520954847335815e-01
1.897386312484741211e-01
1.716965734958648682e-01
1.933842301368713379e-01
1.897759139537811279e-01
1.995870620012283325e-01
1.662468463182449341e-01
2.171945720911026001e-01
1.721355617046356201e-01
1.908856332302093506e-01
1.863636374473571777e-01
1.898916959762573242e-01
2.039473652839660645e-01
1.879858672618865967e-01
1.895561367273330688e-01
2.164835184812545776e-01
1.994535475969314575e-01
1.690314561128616333e-01
1.952344328165054321e-01
2.140127420425415039e-01
1.979166716337203979e-01
1.840110272169113159e-01
1.939779967069625854e-01
1.975308656692504883e-01
1.963578760623931885e-01
2.000000029802322388e-01
2.058264762163162231e-01
1.673783063888549805e-01
1.885964870452880859e-01
1.726349592208862305e-01
2.080291956663131714e-01
1.892542093992233276e-01
2.091690599918365479e-01
2.052173912525177002e-01
1.689831763505935669e-01
1.932822614908218384e-01
1.943592876195907593e-01
2.028210163116455078e-01
1.953065842390060425e-01
1.744254529476165771e-01
1.867043823003768921e-01
1.697612702846527100e-01
1.900647878646850586e-01
2.052545100450515747e-01
2.228017896413803101e-01
1.930261552333831787e-01
1.968253999948501587e-01
1.832907050848007202e-01
1.905126273632049561e-01
2.021783590316772461e-01
1.958762854337692261e-01
2.027353197336196899e-01
1.841477900743484497e-01
2.218430042266845703e-01
1.891174465417861938e-01
1.927339881658554077e-01
1.855388879776000977e-01
1.994342356920242310e-01
1.809832453727722168e-01
1.844311356544494629e-01
1.924910545349121094e-01
1.969697028398513794e-01
1.678420305252075195e-01
2.195744663476943970e-01
1.858808249235153198e-01
1.793921440839767456e-01
1.593103408813476562e-01
2.157382816076278687e-01
2.011541575193405151e-01
1.923383921384811401e-01
1.932570785284042358e-01
2.407952845096588135e-01
1.806375384330749512e-01
2.019438445568084717e-01
1.936389207839965820e-01
1.902834028005599976e-01
1.988095194101333618e-01
1.894736886024475098e-01
2.069614231586456299e-01
1.826182603836059570e-01
2.250712215900421143e-01
1.981637328863143921e-01
1.776275336742401123e-01
2.309711277484893799e-01
1.722520142793655396e-01
1.908563077449798584e-01
1.708235293626785278e-01
2.072968482971191406e-01
2.158560901880264282e-01
1.820728331804275513e-01
2.018111199140548706e-01
1.642743200063705444e-01
1.770057827234268188e-01
2.025316506624221802e-01
1.985454559326171875e-01
2.036474198102951050e-01
2.074401080608367920e-01
2.046058475971221924e-01
1.834040582180023193e-01
1.659919023513793945e-01
1.956762820482254028e-01
1.865558922290802002e-01
2.007469683885574341e-01
2.111524194478988647e-01
1.724770665168762207e-01
1.887519210577011108e-01
2.085526287555694580e-01
2.085235863924026489e-01
2.085521370172500610e-01
2.078272551298141479e-01
1.917910426855087280e-01
1.813530474901199341e-01
1.864197552204132080e-01
1.898417919874191284e-01
1.811248809099197388e-01
1.823943704366683960e-01
1.793292313814163208e-01
1.875934302806854248e-01
1.593601852655410767e-01
1.815904825925827026e-01
1.882183849811553955e-01
1.968019753694534302e-01
1.983024626970291138e-01
2.043530791997909546e-01
2.157564908266067505e-01
1.777343750000000000e-01
1.781076043844223022e-01
2.277019917964935303e-01
1.766200810670852661e-01
1.876766532659530640e-01
1.885057538747787476e-01
1.657882183790206909e-01
1.994219720363616943e-01
1.790333539247512817e-01
1.977911591529846191e-01
2.048588246107101440e-01
1.822262108325958252e-01
1.759684830904006958e-01
1.646687686443328857e-01
1.861948966979980469e-01
1.945988833904266357e-01
2.061248570680618286e-01
2.349206358194351196e-01
2.186732143163681030e-01
1.997834295034408569e-01
2.152713835239410400e-01
1.929499059915542603e-01
1.666666716337203979e-01
1.836393922567367554e-01
1.863636374473571777e-01
1.865242421627044678e-01
1.787139624357223511e-01
1.769177615642547607e-01
1.936671584844589233e-01
2.112776637077331543e-01
2.129697799682617188e-01
1.717647016048431396e-01
1.756756752729415894e-01
1.984635144472122192e-01
1.851851791143417358e-01
1.851612925529479980e-01
1.910043060779571533e-01
1.796178370714187622e-01
1.953781545162200928e-01
1.648909151554107666e-01
1.758024692535400391e-01
1.970121413469314575e-01
1.739130467176437378e-01
2.128297388553619385e-01
2.020725458860397339e-01
2.217160165309906006e-01
1.781842857599258423e-01
1.949103474617004395e-01
1.985074579715728760e-01
1.738002598285675049e-01
2.049180269241333008e-01
1.785195916891098022e-01
1.923076957464218140e-01
1.846575289964675903e-01
1.847449243068695068e-01
1.951219439506530762e-01
1.798045635223388672e-01
1.799865663051605225e-01
1.844559609889984131e-01
2.021818161010742188e-01
1.888888925313949585e-01
2.181818187236785889e-01
1.897463053464889526e-01
1.719811856746673584e-01
1.869454979896545410e-01
1.865709871053695679e-01
2.154047042131423950e-01
1.778622716665267944e-01
1.691648811101913452e-01
1.944202333688735962e-01
2.013888955116271973e-01
1.928294599056243896e-01
1.925355494022369385e-01
2.073059380054473877e-01
1.881827265024185181e-01
1.732002794742584229e-01
1.878862828016281128e-01
1.930158734321594238e-01
1.730103790760040283e-01
2.405699938535690308e-01
1.840863078832626343e-01
2.190152853727340698e-01
1.865252703428268433e-01
1.865136325359344482e-01
1.959395706653594971e-01
2.021630555391311646e-01
1.724975705146789551e-01
1.956521719694137573e-01
1.838790923357009888e-01
1.989247351884841919e-01
2.138413637876510620e-01
2.028499543666839600e-01
1.898355782032012939e-01
1.743792295455932617e-01
1.678885668516159058e-01
1.916068494319915771e-01
1.867954879999160767e-01
1.910621821880340576e-01
1.867677420377731323e-01
1.966496706008911133e-01
1.974270194768905640e-01
1.887201666831970215e-01
1.726844608783721924e-01
1.812400668859481812e-01
1.967963427305221558e-01
1.901743263006210327e-01
1.780028939247131348e-01
1.827242523431777954e-01
1.958841532468795776e-01
1.822429895401000977e-01
2.080586105585098267e-01
1.793598234653472900e-01
1.904109567403793335e-01
2.215536087751388550e-01
2.039976418018341064e-01
1.942528784275054932e-01
1.709558814764022827e-01
2.152736037969589233e-01
1.862106472253799438e-01
1.828087121248245239e-01
1.982851028442382812e-01
1.835686713457107544e-01
1.969189494848251343e-01
1.924603134393692017e-01
1.884587258100509644e-01
1.900252550840377808e-01
1.893805265426635742e-01
1.782988011837005615e-01
1.787648946046829224e-01
1.873727142810821533e-01
1.986084729433059692e-01
2.115049362182617188e-01
1.981230378150939941e-01
1.657625138759613037e-01
1.843115687370300293e-01
2.181034535169601440e-01
1.947278976440429688e-01
1.684210598468780518e-01
1.894736886024475098e-01
1.871820986270904541e-01
1.861908435821533203e-01
1.858249008655548096e-01
1.735807806253433228e-01
1.904441416263580322e-01
1.910179704427719116e-01
1.847098171710968018e-01
2.035957276821136475e-01
1.804230660200119019e-01
1.956346035003662109e-01
2.083071172237396240e-01
2.009167373180389404e-01
1.772816777229309082e-01
2.098092585802078247e-01
1.978114545345306396e-01
2.330694794654846191e-01
2.145161330699920654e-01
1.992217898368835449e-01
1.814415901899337769e-01
1.873479336500167847e-01
1.852704286575317383e-01
1.669953912496566772e-01
2.100840359926223755e-01
2.037533521652221680e-01
2.057416290044784546e-01
2.209737896919250488e-01
2.206941694021224976e-01
1.946833431720733643e-01
1.917033344507217407e-01
1.938902735710144043e-01
1.979891657829284668e-01
1.839887648820877075e-01
1.756032109260559082e-01
1.913043409585952759e-01
2.119275778532028198e-01
1.806510835886001587e-01
1.871896684169769287e-01
1.806451678276062012e-01
2.030679285526275635e-01
2.158872485160827637e-01
2.374371886253356934e-01
1.763054430484771729e-01
1.935246437788009644e-01
1.783510893583297729e-01
2.034507542848587036e-01
2.111692875623703003e-01
1.986791342496871948e-01
1.880787014961242676e-01
1.891464740037918091e-01
1.806750446557998657e-01
1.859070509672164917e-01
1.765455752611160278e-01
1.839000731706619263e-01
1.912568360567092896e-01
2.136752158403396606e-01
1.872635632753372192e-01
1.921052634716033936e-01
1.913145482540130615e-01
1.748381108045578003e-01
1.633587777614593506e-01
1.821538507938385010e-01
1.972740292549133301e-01
1.971399337053298950e-01
1.980023533105850220e-01
2.272379547357559204e-01
1.916996091604232788e-01
1.663479954004287720e-01
1.879150122404098511e-01
1.872909665107727051e-01
1.731160879135131836e-01
1.789883226156234741e-01
1.955079138278961182e-01
2.037824988365173340e-01
2.180281728506088257e-01
1.691891849040985107e-01
1.911402791738510132e-01
1.686332374811172485e-01
1.765913814306259155e-01
1.726408153772354126e-01
2.127659618854522705e-01
1.887686103582382202e-01
1.958934515714645386e-01
1.913669109344482422e-01
1.840452253818511963e-01
2.252165526151657104e-01
2.087336182594299316e-01
1.945369690656661987e-01
2.113133966922760010e-01
1.948297619819641113e-01
1.959183663129806519e-01
2.204724401235580444e-01
2.018756121397018433e-01
1.896705180406570435e-01
2.131050825119018555e-01
2.015444040298461914e-01
2.082853913307189941e-01
1.960784345865249634e-01
1.957119256258010864e-01
1.836141794919967651e-01
1.957260817289352417e-01
1.851579695940017700e-01
1.886326223611831665e-01
2.033472806215286255e-01
1.734754294157028198e-01
1.988636404275894165e-01
2.124183028936386108e-01
1.823860108852386475e-01
1.961805522441864014e-01
1.934541165828704834e-01
1.798152029514312744e-01
1.991178393363952637e-01
1.741573065519332886e-01
1.788384169340133667e-01
1.867192685604095459e-01
2.040510177612304688e-01
1.948941498994827271e-01
2.188254296779632568e-01
2.056277096271514893e-01
1.878612786531448364e-01
2.226391434669494629e-01
1.693548411130905151e-01
1.926489174365997314e-01
2.050092816352844238e-01
2.000000029802322388e-01
1.937499940395355225e-01
2.277456670999526978e-01
1.835347414016723633e-01
1.824162751436233521e-01
2.075019925832748413e-01
2.000000029802322388e-01
1.817115992307662964e-01
2.027649730443954468e-01
2.198685109615325928e-01
1.888000071048736572e-01
2.245706766843795776e-01
1.967871487140655518e-01
2.244897931814193726e-01
1.992094814777374268e-01
1.801916956901550293e-01
2.140969187021255493e-01
2.093023210763931274e-01
1.903669685125350952e-01
1.890450865030288696e-01
1.970198601484298706e-01
1.913043409585952759e-01
1.582694351673126221e-01
2.067268192768096924e-01
2.201257795095443726e-01
1.926091760396957397e-01
1.918649226427078247e-01
1.942934840917587280e-01
2.101341336965560913e-01
1.947214007377624512e-01
1.727373003959655762e-01
2.072398215532302856e-01
2.160611897706985474e-01
1.758112162351608276e-01
1.782608628273010254e-01
2.006689012050628662e-01
1.845867037773132324e-01
2.237710952758789062e-01
1.902136504650115967e-01
2.083897143602371216e-01
2.055674493312835693e-01
1.940469443798065186e-01
1.744868010282516479e-01
1.796060204505920410e-01
1.902956813573837280e-01
2.139860093593597412e-01
1.820748001337051392e-01
2.017291039228439331e-01
1.747527122497558594e-01
1.912568360567092896e-01
2.057094871997833252e-01
2.016269564628601074e-01
1.981660723686218262e-01
1.693437397480010986e-01
2.147525697946548462e-01
1.783100515604019165e-01
1.749853193759918213e-01
2.023233324289321899e-01
1.960629969835281372e-01
1.991040259599685669e-01
1.902438998222351074e-01
2.183823585510253906e-01
2.272727340459823608e-01
1.824953407049179077e-01
2.015321105718612671e-01
1.933809220790863037e-01
1.753312945365905762e-01
2.061374187469482422e-01
2.029069811105728149e-01
2.052586972713470459e-01
1.882416456937789917e-01
2.205882370471954346e-01
2.122571021318435669e-01
1.896551698446273804e-01
1.917892098426818848e-01
1.693491935729980469e-01
1.806140840053558350e-01
2.146520167589187622e-01
2.144754379987716675e-01
1.977695226669311523e-01
2.114624530076980591e-01
1.821060925722122192e-01
1.923857927322387695e-01
2.012269943952560425e-01
1.595470905303955078e-01
1.722995340824127197e-01
1.739130467176437378e-01
1.900058090686798096e-01
1.773323118686676025e-01
1.976090073585510254e-01
2.173912972211837769e-01
1.816208362579345703e-01
1.822525560855865479e-01
1.760037392377853394e-01
1.778190881013870239e-01
1.861277371644973755e-01
1.889610439538955688e-01
1.863095164299011230e-01
1.960526257753372192e-01
1.674666702747344971e-01
1.963048428297042847e-01
2.014590352773666382e-01
1.845042705535888672e-01
1.981981992721557617e-01
2.002635002136230469e-01
1.902097910642623901e-01
2.383655011653900146e-01
2.034771442413330078e-01
1.833713054656982422e-01
1.709039509296417236e-01
2.050163596868515015e-01
1.806646585464477539e-01
1.843452751636505127e-01
1.921458691358566284e-01
2.025641053915023804e-01
1.944777965545654297e-01
2.158730179071426392e-01
2.247873693704605103e-01
1.787072271108627319e-01
2.028169035911560059e-01
1.852078288793563843e-01
2.074186205863952637e-01
1.791730523109436035e-01
2.056672722101211548e-01
1.769041717052459717e-01
1.947130858898162842e-01
1.923076957464218140e-01
1.820552945137023926e-01
2.023745328187942505e-01
1.651997268199920654e-01
2.084450423717498779e-01
1.929332613945007324e-01
1.938392221927642822e-01
2.002464532852172852e-01
1.829719692468643188e-01
1.893617063760757446e-01
1.887863725423812866e-01
1.630112677812576294e-01
1.709448397159576416e-01
2.000000029802322388e-01
2.125796228647232056e-01
1.814214438199996948e-01
1.717171669006347656e-01
1.785714328289031982e-01
1.953619122505187988e-01
1.980924457311630249e-01
2.016936093568801880e-01
1.896678954362869263e-01
1.855976283550262451e-01
1.947308182716369629e-01
1.793650835752487183e-01
1.859154999256134033e-01
2.143474519252777100e-01
1.941666603088378906e-01
1.938178837299346924e-01
2.138866782188415527e-01
1.859756112098693848e-01
1.671588867902755737e-01
1.902654916048049927e-01
1.919470429420471191e-01
1.674528270959854126e-01
1.979865729808807373e-01
2.123552113771438599e-01
1.737288087606430054e-01
1.836202442646026611e-01
2.059645801782608032e-01
1.822094619274139404e-01
2.003722041845321655e-01
1.910994797945022583e-01
1.851048469543457031e-01
1.825095117092132568e-01
1.982097178697586060e-01
1.897753626108169556e-01
2.068181782960891724e-01
1.793831139802932739e-01
1.862407922744750977e-01
2.078853100538253784e-01
1.820143908262252808e-01
2.103359103202819824e-01
1.769181936979293823e-01
2.083024531602859497e-01
2.047808766365051270e-01
1.749862879514694214e-01
1.860166788101196289e-01
1.732937693595886230e-01
1.578603982925415039e-01
1.677461117506027222e-01
1.916118413209915161e-01
1.900355815887451172e-01
1.725768297910690308e-01
1.597883552312850952e-01
1.698473244905471802e-01
2.021924555301666260e-01
1.905021816492080688e-01
1.792035400867462158e-01
2.172248810529708862e-01
1.799265593290328979e-01
2.259259223937988281e-01
2.001522034406661987e-01
1.968348175287246704e-01
1.977958232164382935e-01
2.030223459005355835e-01
2.017828226089477539e-01
1.889250874519348145e-01
1.794177442789077759e-01
1.713940799236297607e-01
2.048275917768478394e-01
1.834451854228973389e-01
1.838006228208541870e-01
2.013274282217025757e-01
1.901188194751739502e-01
1.996962726116180420e-01
1.727272719144821167e-01
2.125567346811294556e-01
1.843159645795822144e-01
2.323379516601562500e-01
1.857037544250488281e-01
1.627218872308731079e-01
1.988756209611892700e-01
1.933993399143218994e-01
2.028830796480178833e-01
1.760760247707366943e-01
1.704081594944000244e-01
1.851616948843002319e-01
2.053571492433547974e-01
1.862033158540725708e-01
1.980519443750381470e-01
2.040345817804336548e-01
1.862542927265167236e-01
2.005033493041992188e-01
1.823376566171646118e-01
1.856258958578109741e-01
1.928274482488632202e-01
1.798561215400695801e-01
1.883211731910705566e-01
1.857423186302185059e-01
1.780590713024139404e-01
1.805121749639511108e-01
2.069225013256072998e-01
1.794425100088119507e-01
1.848317384719848633e-01
1.879637241363525391e-01
1.781460344791412354e-01
1.892265230417251587e-01
1.939281225204467773e-01
1.818181872367858887e-01
2.004253119230270386e-01
1.836982965469360352e-01
1.983894556760787964e-01
1.742660850286483765e-01
1.960526257753372192e-01
2.076866179704666138e-01
1.888736337423324585e-01
1.822189539670944214e-01
2.095238119363784790e-01
1.632860004901885986e-01
1.771400272846221924e-01
1.708978265523910522e-01
1.983193308115005493e-01
2.082366645336151123e-01
1.741071492433547974e-01
1.811722964048385620e-01
1.869318187236785889e-01
2.275618314743041992e-01
1.748691052198410034e-01
1.825495064258575439e-01
1.752577275037765503e-01
1.723930090665817261e-01
1.812182813882827759e-01
1.849615871906280518e-01
1.895131021738052368e-01
1.844232231378555298e-01
1.877053081989288330e-01
2.071503698825836182e-01
1.926829218864440918e-01
2.111410647630691528e-01
1.996847093105316162e-01
1.885245889425277710e-01
1.882280856370925903e-01
2.036389112472534180e-01
1.897067576646804810e-01
1.798410713672637939e-01
1.798913031816482544e-01
1.993841379880905151e-01
2.059553414583206177e-01
1.931518912315368652e-01
2.119446396827697754e-01
2.071734517812728882e-01
1.874533295631408691e-01
2.071856260299682617e-01
1.775147914886474609e-01
1.693596690893173218e-01
2.360178977251052856e-01
1.738396584987640381e-01
1.952817887067794800e-01
1.770354956388473511e-01
1.914893686771392822e-01
1.982062757015228271e-01
1.930988729000091553e-01
1.746595650911331177e-01
2.230703979730606079e-01
2.176917791366577148e-01
1.788375526666641235e-01
2.046549022197723389e-01
2.111692875623703003e-01
2.174206674098968506e-01
2.045112848281860352e-01
1.844660192728042603e-01
2.006745338439941406e-01
1.879483461380004883e-01
1.651812195777893066e-01
2.043734192848205566e-01
1.994328945875167847e-01
1.920980960130691528e-01
2.001982182264328003e-01
1.921097785234451294e-01
1.896272301673889160e-01
2.199850827455520630e-01
1.979463845491409302e-01
1.859922111034393311e-01
2.152434736490249634e-01
1.955593526363372803e-01
1.681759357452392578e-01
1.654172986745834351e-01
2.010210603475570679e-01
2.020568698644638062e-01
1.671428531408309937e-01
1.808066815137863159e-01
1.870324164628982544e-01
1.865234375000000000e-01
1.906953006982803345e-01
1.767983734607696533e-01
2.305805385112762451e-01
1.931956261396408081e-01
1.801016628742218018e-01
2.120658159255981445e-01
2.072243392467498779e-01
2.091097235679626465e-01
2.044415473937988281e-01
1.757641881704330444e-01
1.774982511997222900e-01
1.914648264646530151e-01
2.009994387626647949e-01
2.073170691728591919e-01
1.938144266605377197e-01
1.869488507509231567e-01
1.714440286159515381e-01
1.997439116239547729e-01
2.207697927951812744e-01
1.862678378820419312e-01
2.035398185253143311e-01
2.151536792516708374e-01
1.772673726081848145e-01
1.912246197462081909e-01
1.905487775802612305e-01
1.721084713935852051e-01
2.064923346042633057e-01
1.954513192176818848e-01
2.086956501007080078e-01
1.676300615072250366e-01
1.923303902149200439e-01
1.944295614957809448e-01
1.985094845294952393e-01
2.479338794946670532e-01
1.830508410930633545e-01
1.934369653463363647e-01
1.952191293239593506e-01
1.796028912067413330e-01
1.955390274524688721e-01
2.207987904548645020e-01
2.045606970787048340e-01
1.862556189298629761e-01
1.882229298353195190e-01
1.868131905794143677e-01
2.309711277484893799e-01
1.946647465229034424e-01
1.965962499380111694e-01
1.806020140647888184e-01
1.692524701356887817e-01
1.928406506776809692e-01
1.987421363592147827e-01
1.966490298509597778e-01
1.857142895460128784e-01
1.800766289234161377e-01
1.835911273956298828e-01
2.021996676921844482e-01
2.022900730371475220e-01
2.046232819557189941e-01
1.904136538505554199e-01
1.693851947784423828e-01
1.972343474626541138e-01
1.800418645143508911e-01
2.125162929296493530e-01
1.983408778905868530e-01
1.828165352344512939e-01
1.758045256137847900e-01
1.708378642797470093e-01
1.984556019306182861e-01
1.859459429979324341e-01
2.066957801580429077e-01
2.063001841306686401e-01
2.208931446075439453e-01
1.939546614885330200e-01
1.879491358995437622e-01
1.881848573684692383e-01
1.849082261323928833e-01
2.282157689332962036e-01
1.732337027788162231e-01
1.874154210090637207e-01
1.903502941131591797e-01
1.836270540952682495e-01
2.014084458351135254e-01
1.843575388193130493e-01
2.204665094614028931e-01
2.394067794084548950e-01
2.109227925539016724e-01
1.990317404270172119e-01
1.691593676805496216e-01
1.957671940326690674e-01
2.036021947860717773e-01
1.909909844398498535e-01
2.203389853239059448e-01
1.988275498151779175e-01
2.305271476507186890e-01
2.239583283662796021e-01
2.122507095336914062e-01
1.956521719694137573e-01
1.729607284069061279e-01
1.903628855943679810e-01
2.191235125064849854e-01
2.201125174760818481e-01
1.834586411714553833e-01
1.943462938070297241e-01
2.000000029802322388e-01
1.935483813285827637e-01
1.792168617248535156e-01
2.058640122413635254e-01
2.039045542478561401e-01
1.826741993427276611e-01
1.995359659194946289e-01
2.225913554430007935e-01
1.850424110889434814e-01
1.855421662330627441e-01
1.997167170047760010e-01
1.891025602817535400e-01
1.759717315435409546e-01
1.989182680845260620e-01
1.888567358255386353e-01
1.745005846023559570e-01
1.872060149908065796e-01
1.903323233127593994e-01
2.225988656282424927e-01
1.845811754465103149e-01
1.669691503047943115e-01
1.866164058446884155e-01
1.772151887416839600e-01
1.898656934499740601e-01
1.969592273235321045e-01
1.832460761070251465e-01
2.166172116994857788e-01
1.917475759983062744e-01
2.250422984361648560e-01
2.125567346811294556e-01
1.948051899671554565e-01
2.086247056722640991e-01
1.911262869834899902e-01
2.143531590700149536e-01
2.113207578659057617e-01
1.978508234024047852e-01
1.860299408435821533e-01
1.837074011564254761e-01
1.835038363933563232e-01
2.137833982706069946e-01
2.139710485935211182e-01
1.905846595764160156e-01
1.820428371429443359e-01
1.974483579397201538e-01
1.857318580150604248e-01
1.948979645967483521e-01
1.903642714023590088e-01
1.966426819562911987e-01
1.791131794452667236e-01
1.887324005365371704e-01
1.900604367256164551e-01
1.974405795335769653e-01
1.889442652463912964e-01
1.968325823545455933e-01
1.739864796400070190e-01
2.321532219648361206e-01
1.821561306715011597e-01
1.699078828096389771e-01
1.892655342817306519e-01
2.114347368478775024e-01
1.784776896238327026e-01
2.096436023712158203e-01
1.975699961185455322e-01
1.962500065565109253e-01
2.113402038812637329e-01
2.047496736049652100e-01
2.055185586214065552e-01
1.646063774824142456e-01
1.881959885358810425e-01
2.115183174610137939e-01
2.022116929292678833e-01
2.038345038890838623e-01
1.907514482736587524e-01
2.083585709333419800e-01
2.531806528568267822e-01
1.886688619852066040e-01
1.901408433914184570e-01
1.637347787618637085e-01
1.883720904588699341e-01
1.946787834167480469e-01
1.914008259773254395e-01
2.099514603614807129e-01
1.812555193901062012e-01
2.039007097482681274e-01
1.945765912532806396e-01
2.113043516874313354e-01
2.061909735202789307e-01
1.813148856163024902e-01
1.958224475383758545e-01
1.928219497203826904e-01
2.020631134510040283e-01
1.890410929918289185e-01
1.951447278261184692e-01
1.860767751932144165e-01
2.092857211828231812e-01
2.022184282541275024e-01
1.777343750000000000e-01
2.093476206064224243e-01
1.859737038612365723e-01
1.697574853897094727e-01
1.987988054752349854e-01
1.967032998800277710e-01
1.871921122074127197e-01
1.829134672880172729e-01
1.883862316608428955e-01
2.368958443403244019e-01
1.781781762838363647e-01
2.135842889547348022e-01
1.674364954233169556e-01
1.680672317743301392e-01
1.840452253818511963e-01
1.865965873003005981e-01
2.028688490390777588e-01
1.973434537649154663e-01
1.893840134143829346e-01
1.759799867868423462e-01
1.926889717578887939e-01
1.915351450443267822e-01
1.887955218553543091e-01
2.081260383129119873e-01
1.871005296707153320e-01
1.920172572135925293e-01
2.109826654195785522e-01
1.976744234561920166e-01
1.839339286088943481e-01
1.665699332952499390e-01
1.960132867097854614e-01
1.884686946868896484e-01
2.064732164144515991e-01
1.822358369827270508e-01
1.547433882951736450e-01
1.856899559497833252e-01
2.194444388151168823e-01
1.987625658512115479e-01
1.973451375961303711e-01
2.251407057046890259e-01
2.025316506624221802e-01
2.046227008104324341e-01
1.834319531917572021e-01
1.747835427522659302e-01
1.835594624280929565e-01
1.897810250520706177e-01
1.969788521528244019e-01
1.959858387708663940e-01
1.880519539117813110e-01
1.927609443664550781e-01
1.970260292291641235e-01
1.853201389312744141e-01
1.920935362577438354e-01
2.118254899978637695e-01
1.978759020566940308e-01
2.014504373073577881e-01
2.016293257474899292e-01
2.101248204708099365e-01
1.765024363994598389e-01
1.925373077392578125e-01
2.004950493574142456e-01
1.790083646774291992e-01
1.728301942348480225e-01
1.912225633859634399e-01
1.755280345678329468e-01
1.902017295360565186e-01
1.695951074361801147e-01
1.805555522441864014e-01
2.062615156173706055e-01
1.901408433914184570e-01
1.935064941644668579e-01
1.993603408336639404e-01
2.142152041196823120e-01
1.843640655279159546e-01
2.077443152666091919e-01
2.063142508268356323e-01
1.857610493898391724e-01
2.084912806749343872e-01
1.829186230897903442e-01
1.704668849706649780e-01
1.550877243280410767e-01
1.674074083566665649e-01
1.906507760286331177e-01
1.732558161020278931e-01
1.561916619539260864e-01
2.114574611186981201e-01
1.829333305358886719e-01
2.024729549884796143e-01
1.892883330583572388e-01
2.049898803234100342e-01
1.956403255462646484e-01
1.950402110815048218e-01
1.877133101224899292e-01
1.912499964237213135e-01
1.775700896978378296e-01
1.848375499248504639e-01
1.918367296457290649e-01
1.926229447126388550e-01
1.919898241758346558e-01
1.991701275110244751e-01
1.870722472667694092e-01
1.739699095487594604e-01
2.021749913692474365e-01
2.036306262016296387e-01
1.823770552873611450e-01
2.310924381017684937e-01
1.834625303745269775e-01
1.935672461986541748e-01
2.019667178392410278e-01
1.801059395074844360e-01
1.891615539789199829e-01
1.868216991424560547e-01
1.980519443750381470e-01
2.306648641824722290e-01
2.089552283287048340e-01
1.633952260017395020e-01
1.830985844135284424e-01
1.837776452302932739e-01
2.001414448022842407e-01
1.877065449953079224e-01
1.742906719446182251e-01
1.969970017671585083e-01
1.731409579515457153e-01
1.775585711002349854e-01
1.782991141080856323e-01
1.829186230897903442e-01
1.834662854671478271e-01
1.664261668920516968e-01
1.915227621793746948e-01
1.830742657184600830e-01
1.880531013011932373e-01
1.865008920431137085e-01
2.086743116378784180e-01
1.897127628326416016e-01
2.138126790523529053e-01
1.870937794446945190e-01
1.831775754690170288e-01
2.076308727264404297e-01
1.921568661928176880e-01
2.414467185735702515e-01
1.818770170211791992e-01
2.091997414827346802e-01
1.925243288278579712e-01
1.925558298826217651e-01
1.835038363933563232e-01
1.885606497526168823e-01
2.015231400728225708e-01
2.089930325746536255e-01
2.030598074197769165e-01
2.000000029802322388e-01
1.573448032140731812e-01
2.020489424467086792e-01
2.109181135892868042e-01
1.765546798706054688e-01
1.794697493314743042e-01
2.167101800441741943e-01
2.204968929290771484e-01
1.871008872985839844e-01
1.788669675588607788e-01
1.683333367109298706e-01
1.802902966737747192e-01
1.764091849327087402e-01
1.795841157436370850e-01
2.000000029802322388e-01
2.062128186225891113e-01
1.821510344743728638e-01
1.879743188619613647e-01
1.828396320343017578e-01
1.978085339069366455e-01
2.012750506401062012e-01
2.047677189111709595e-01
1.976225823163986206e-01
1.983695626258850098e-01
1.874105930328369141e-01
1.836734712123870850e-01
2.052076905965805054e-01
1.881630420684814453e-01
2.136546224355697632e-01
1.736930906772613525e-01
2.006220817565917969e-01
2.015281766653060913e-01
2.028151005506515503e-01
1.874205917119979858e-01
1.917475759983062744e-01
1.790281385183334351e-01
2.041984796524047852e-01
2.102272659540176392e-01
1.976284533739089966e-01
2.029449492692947388e-01
1.988110989332199097e-01
1.972049623727798462e-01
2.328767180442810059e-01
2.034883648157119751e-01
1.769456714391708374e-01
2.037871927022933960e-01
1.836998760700225830e-01
1.779661029577255249e-01
1.838306039571762085e-01
1.849361062049865723e-01
1.967673897743225098e-01
2.164948433637619019e-01
2.114639878273010254e-01
1.668432205915451050e-01
1.777516156435012817e-01
1.831955909729003906e-01
2.134540677070617676e-01
1.803030371665954590e-01
1.661039888858795166e-01
1.803998053073883057e-01
1.846153885126113892e-01
1.777251213788986206e-01
2.085696309804916382e-01
1.781170517206192017e-01
1.957998722791671753e-01
1.831711530685424805e-01
1.783495992422103882e-01
2.029321044683456421e-01
1.766644716262817383e-01
1.908602118492126465e-01
1.985094845294952393e-01
1.890109926462173462e-01
1.857055574655532837e-01
2.077488303184509277e-01
1.819654405117034912e-01
1.844827532768249512e-01
1.898496299982070923e-01
2.051886767148971558e-01
2.107250690460205078e-01
2.076271176338195801e-01
2.055180221796035767e-01
1.931922733783721924e-01
1.814461052417755127e-01
1.870144307613372803e-01
2.000000029802322388e-01
1.930171251296997070e-01
1.975468099117279053e-01
2.155844122171401978e-01
2.336956560611724854e-01
2.092485576868057251e-01
1.971751451492309570e-01
1.602023541927337646e-01
1.855820715427398682e-01
1.840168237686157227e-01
1.994355618953704834e-01
2.166427522897720337e-01
1.986118555068969727e-01
2.029826045036315918e-01
1.967213153839111328e-01
1.804752796888351440e-01
1.957633346319198608e-01
1.898656934499740601e-01
2.131532579660415649e-01
1.812080591917037964e-01
2.001551538705825806e-01
1.772406846284866333e-01
1.764705926179885864e-01
1.969230771064758301e-01
1.793587207794189453e-01
1.952214390039443970e-01
2.138964533805847168e-01
2.082758694887161255e-01
1.857142895460128784e-01
1.914341300725936890e-01
1.948590427637100220e-01
1.980405896902084351e-01
1.998313665390014648e-01
1.921434700489044189e-01
1.861412972211837769e-01
2.184024304151535034e-01
2.004264444112777710e-01
2.306590229272842407e-01
2.112912237644195557e-01
2.007063031196594238e-01
1.900108605623245239e-01
2.040668129920959473e-01
2.083696573972702026e-01
2.159468382596969604e-01
1.884328424930572510e-01
1.651282012462615967e-01
2.024983614683151245e-01
2.142857164144515991e-01
2.170166969299316406e-01
2.093415856361389160e-01
2.084309160709381104e-01
1.989942491054534912e-01
1.842650175094604492e-01
2.024584263563156128e-01
2.097186744213104248e-01
2.004132270812988281e-01
1.936936974525451660e-01
1.725535541772842407e-01
1.794706284999847412e-01
1.914749592542648315e-01
2.090628147125244141e-01
2.051416635513305664e-01
1.900928765535354614e-01
1.914893686771392822e-01
2.020201981067657471e-01
1.742482632398605347e-01
1.659701466560363770e-01
2.190476208925247192e-01
1.822094619274139404e-01
2.261450439691543579e-01
1.820677071809768677e-01
2.182741165161132812e-01
1.899038404226303101e-01
2.105820178985595703e-01
1.806220114231109619e-01
1.836065500974655151e-01
1.886895000934600830e-01
1.939690262079238892e-01
2.087422013282775879e-01
2.125391811132431030e-01
1.805661767721176147e-01
1.727003008127212524e-01
1.867024898529052734e-01
1.869369298219680786e-01
1.918886154890060425e-01
1.957142800092697144e-01
1.847165971994400024e-01
2.000000029802322388e-01
1.868978738784790039e-01
1.902594417333602905e-01
2.028515934944152832e-01
2.294238656759262085e-01
2.180180251598358154e-01
1.696487814188003540e-01
2.021978050470352173e-01
1.771217733621597290e-01
2.038690447807312012e-01
1.985216438770294189e-01
2.169197350740432739e-01
1.796511560678482056e-01
1.746835410594940186e-01
2.006237059831619263e-01
1.889967620372772217e-01
2.272727340459823608e-01
1.822451800107955933e-01
2.022940516471862793e-01
1.943999975919723511e-01
2.262443453073501587e-01
2.151819318532943726e-01
1.600496321916580200e-01
2.039030939340591431e-01
2.034273147583007812e-01
2.360248416662216187e-01
1.962560415267944336e-01
2.115523517131805420e-01
1.663597226142883301e-01
2.066450566053390503e-01
2.312971800565719604e-01
2.228517532348632812e-01
1.912715584039688110e-01
1.981268078088760376e-01
1.938447356224060059e-01
1.677451431751251221e-01
1.953195333480834961e-01
2.034956365823745728e-01
1.961206942796707153e-01
1.956845223903656006e-01
1.855249702930450439e-01
1.848505884408950806e-01
2.087719291448593140e-01
2.132269144058227539e-01
1.939989626407623291e-01
2.079749852418899536e-01
2.071823179721832275e-01
1.933373063802719116e-01
1.901639401912689209e-01
2.108479738235473633e-01
1.676914542913436890e-01
1.996644288301467896e-01
1.922060698270797729e-01
1.998635679483413696e-01
1.958556175231933594e-01
1.628086417913436890e-01
1.962025314569473267e-01
1.920948624610900879e-01
1.952741891145706177e-01
1.773931831121444702e-01
1.853720098733901978e-01
1.846352517604827881e-01
1.788617819547653198e-01
1.824123561382293701e-01
2.111756205558776855e-01
2.044025212526321411e-01
1.911381334066390991e-01
1.775599122047424316e-01
1.990647912025451660e-01
1.984496116638183594e-01
1.881067901849746704e-01
1.946768015623092651e-01
1.784596145153045654e-01
1.854974776506423950e-01
1.867798715829849243e-01
1.920374780893325806e-01
1.736526936292648315e-01
1.861198693513870239e-01
1.822074204683303833e-01
1.774364411830902100e-01
2.150537669658660889e-01
1.772324442863464355e-01
1.651045382022857666e-01
2.061403542757034302e-01
2.206946462392807007e-01
2.151202708482742310e-01
1.687006503343582153e-01
1.606397777795791626e-01
1.865715980529785156e-01
1.873669326305389404e-01
2.029616683721542358e-01
2.322738319635391235e-01
1.970588266849517822e-01
1.947904825210571289e-01
1.935135126113891602e-01
2.006472498178482056e-01
2.152159065008163452e-01
1.810089051723480225e-01
2.006783485412597656e-01
2.000000029802322388e-01
1.917599141597747803e-01
1.968354433774948120e-01
1.839622706174850464e-01
1.680564433336257935e-01
1.978545933961868286e-01
1.874544173479080200e-01
1.967575550079345703e-01
1.750365644693374634e-01
1.894873529672622681e-01
2.157221138477325439e-01
1.750998646020889282e-01
1.830985844135284424e-01
1.946260035037994385e-01
1.798063665628433228e-01
1.960600316524505615e-01
2.025216668844223022e-01
1.756457537412643433e-01
2.026737928390502930e-01
1.970746666193008423e-01
1.826231330633163452e-01
1.682867556810379028e-01
2.045701891183853149e-01
1.739588826894760132e-01
1.858310699462890625e-01
1.635610759258270264e-01
2.055555582046508789e-01
1.788413077592849731e-01
2.084765136241912842e-01
2.007991969585418701e-01
1.783510893583297729e-01
2.001187652349472046e-01
2.093457877635955811e-01
1.719143539667129517e-01
1.974206417798995972e-01
1.943262368440628052e-01
1.804444491863250732e-01
1.888949424028396606e-01
2.344827651977539062e-01
1.739855408668518066e-01
1.842783540487289429e-01
2.023708671331405640e-01
1.982840746641159058e-01
1.986301392316818237e-01
1.783073097467422485e-01
2.070338428020477295e-01
2.097602784633636475e-01
1.762266755104064941e-01
2.122807055711746216e-01
1.722933650016784668e-01
1.992187500000000000e-01
1.680297404527664185e-01
2.101616561412811279e-01
1.759610176086425781e-01
2.094633579254150391e-01
1.847034394741058350e-01
1.916714161634445190e-01
1.727536171674728394e-01
1.782238483428955078e-01
1.844827532768249512e-01
1.954248398542404175e-01
1.803091019392013550e-01
1.932227760553359985e-01
1.847468763589859009e-01
2.081447988748550415e-01
1.796954274177551270e-01
1.972873061895370483e-01
1.819397956132888794e-01
1.940594017505645752e-01
1.870129853487014771e-01
2.175956964492797852e-01
2.059282362461090088e-01
1.923905313014984131e-01
1.974009871482849121e-01
1.804465949535369873e-01
2.061426341533660889e-01
1.989664137363433838e-01
2.041998505592346191e-01
1.863864809274673462e-01
2.040977180004119873e-01
2.036673277616500854e-01
1.807714402675628662e-01
1.878216117620468140e-01
1.967105269432067871e-01
1.910919547080993652e-01
2.171299755573272705e-01
1.937984526157379150e-01
1.960921138525009155e-01
2.055122852325439453e-01
1.849662214517593384e-01
2.046307921409606934e-01
1.794061958789825439e-01
1.911049336194992065e-01
1.938559263944625854e-01
1.844380348920822144e-01
1.802469193935394287e-01
1.963800936937332153e-01
1.988130509853363037e-01
1.994459778070449829e-01
1.718015670776367188e-01
1.751207709312438965e-01
2.054982781410217285e-01
1.795565187931060791e-01
2.124923467636108398e-01
1.943749934434890747e-01
1.959839314222335815e-01
1.694067120552062988e-01
1.986118555068969727e-01
2.142857164144515991e-01
2.047958523035049438e-01
2.038961052894592285e-01
1.810909062623977661e-01
1.811272948980331421e-01
1.920731663703918457e-01
2.083007097244262695e-01
2.035623341798782349e-01
2.006196677684783936e-01
1.778571456670761108e-01
1.914556920528411865e-01
1.805491000413894653e-01
1.955403089523315430e-01
2.113180458545684814e-01
2.194357365369796753e-01
1.757142841815948486e-01
1.926713883876800537e-01
1.908150017261505127e-01
2.142252326011657715e-01
2.109144479036331177e-01
2.153284698724746704e-01
1.858470290899276733e-01
2.138836830854415894e-01
1.885576099157333374e-01
1.778760999441146851e-01
1.941590011119842529e-01
2.252846062183380127e-01
2.253914922475814819e-01
1.896938085556030273e-01
1.824817508459091187e-01
1.632919609546661377e-01
1.810542345046997070e-01
1.762840896844863892e-01
1.981981992721557617e-01
1.993745118379592896e-01
1.694796085357666016e-01
2.012779563665390015e-01
1.789122074842453003e-01
2.012102901935577393e-01
1.840228289365768433e-01
2.019464671611785889e-01
1.930917352437973022e-01
1.726708114147186279e-01
1.874115914106369019e-01
1.997902393341064453e-01
1.979062855243682861e-01
1.812758147716522217e-01
1.990740746259689331e-01
1.840375512838363647e-01
2.089933604001998901e-01
1.843088418245315552e-01
1.857318580150604248e-01
1.991453021764755249e-01
1.844456195831298828e-01
2.013029307126998901e-01
1.810926944017410278e-01
1.905956119298934937e-01
2.068019807338714600e-01
1.932826340198516846e-01
1.776271164417266846e-01
1.980932205915451050e-01
1.914682537317276001e-01
1.594464480876922607e-01
1.759918630123138428e-01
2.032457441091537476e-01
2.015371471643447876e-01
1.923976540565490723e-01
1.612515002489089966e-01
1.968174278736114502e-01
1.988866329193115234e-01
1.959798932075500488e-01
2.298288494348526001e-01
2.011494189500808716e-01
1.891117542982101440e-01
1.815217435359954834e-01
2.089300751686096191e-01
1.693705320358276367e-01
2.044560909271240234e-01
2.151898741722106934e-01
2.173423469066619873e-01
1.966950893402099609e-01
1.944627612829208374e-01
2.035775184631347656e-01
1.874578595161437988e-01
1.859267801046371460e-01
1.933560520410537720e-01
1.969904303550720215e-01
1.814024448394775391e-01
1.746323555707931519e-01
2.108433693647384644e-01
2.070393413305282593e-01
2.220408171415328979e-01
1.968967318534851074e-01
2.015371471643447876e-01
1.752161383628845215e-01
2.088414579629898071e-01
2.057971060276031494e-01
1.994003057479858398e-01
1.681178808212280273e-01
1.928327679634094238e-01
2.043842673301696777e-01
1.830417215824127197e-01
1.687979549169540405e-01
2.089337110519409180e-01
1.804330348968505859e-01
1.872686892747879028e-01
1.994413435459136963e-01
1.936645060777664185e-01
2.265966683626174927e-01
1.744505465030670166e-01
1.835937500000000000e-01
1.662631183862686157e-01
1.529548019170761108e-01
1.661466509103775024e-01
1.986803561449050903e-01
1.848013848066329956e-01
1.714990735054016113e-01
1.964937895536422729e-01
1.977660953998565674e-01
1.987012922763824463e-01
2.004441916942596436e-01
1.972111612558364868e-01
1.925545632839202881e-01
1.858310699462890625e-01
2.299618273973464966e-01
1.930131018161773682e-01
2.032967060804367065e-01
1.988405734300613403e-01
1.896643638610839844e-01
1.844729334115982056e-01
1.810298115015029907e-01
2.281134426593780518e-01
2.209302335977554321e-01
2.155094742774963379e-01
1.935724914073944092e-01
2.022332549095153809e-01
1.887062191963195801e-01
1.969439685344696045e-01
1.710937470197677612e-01
1.990920901298522949e-01
1.768189519643783569e-01
1.693227142095565796e-01
1.959016323089599609e-01
2.030338346958160400e-01
1.918636560440063477e-01
2.076176255941390991e-01
1.915204674005508423e-01
1.857949197292327881e-01
2.020928710699081421e-01
1.929397433996200562e-01
1.935235112905502319e-01
1.905126273632049561e-01
1.872536092996597290e-01
2.404718697071075439e-01
2.018756121397018433e-01
1.908713728189468384e-01
1.930693089962005615e-01
2.035048007965087891e-01
1.835891455411911011e-01
1.817759126424789429e-01
2.167832106351852417e-01
1.949999928474426270e-01
2.086642533540725708e-01
1.860294044017791748e-01
2.163120508193969727e-01
1.834916919469833374e-01
1.797824651002883911e-01
1.989898979663848877e-01
2.088091373443603516e-01
1.914666593074798584e-01
1.742323040962219238e-01
1.728247851133346558e-01
2.025495767593383789e-01
1.684420704841613770e-01
1.993446201086044312e-01
2.035060971975326538e-01
2.120603024959564209e-01
2.201745808124542236e-01
2.028554379940032959e-01
2.051030397415161133e-01
2.036227285861968994e-01
1.685144156217575073e-01
1.702470481395721436e-01
1.856846511363983154e-01
2.099109143018722534e-01
2.091038376092910767e-01
1.651877164840698242e-01
2.083656042814254761e-01
1.682520806789398193e-01
1.931818127632141113e-01
2.021614760160446167e-01
1.900148987770080566e-01
1.893203854560852051e-01
1.879823654890060425e-01
1.772950291633605957e-01
1.950886696577072144e-01
1.989011019468307495e-01
1.939237266778945923e-01
1.882522851228713989e-01
2.015725523233413696e-01
2.037953734397888184e-01
1.855056732892990112e-01
1.923631131649017334e-01
2.016393393278121948e-01
2.093510180711746216e-01
1.886168122291564941e-01
1.919504702091217041e-01
1.980273127555847168e-01
2.061538398265838623e-01
1.648418456315994263e-01
1.729986369609832764e-01
2.125084102153778076e-01
1.949934065341949463e-01
1.880541294813156128e-01
1.918388903141021729e-01
1.869451701641082764e-01
2.118491977453231812e-01
2.401129901409149170e-01
2.018196880817413330e-01
2.132416218519210815e-01
1.882621943950653076e-01
2.005882412195205688e-01
1.662749648094177246e-01
1.862850934267044067e-01
2.064343094825744629e-01
1.960049867630004883e-01
2.131681889295578003e-01
2.058584243059158325e-01
1.905564963817596436e-01
1.866572052240371704e-01
2.154727727174758911e-01
1.899185329675674438e-01
1.711864471435546875e-01
1.979269534349441528e-01
2.033898234367370605e-01
1.808049529790878296e-01
1.956762820482254028e-01
2.083681970834732056e-01
2.020618617534637451e-01
1.892059594392776489e-01
2.039030939340591431e-01
1.984392404556274414e-01
2.089905291795730591e-01
2.295918315649032593e-01
1.757093071937561035e-01
1.877872645854949951e-01
1.899288445711135864e-01
1.904301643371582031e-01
1.870653629302978516e-01
1.823691427707672119e-01
1.716926097869873047e-01
1.668539345264434814e-01
1.956678628921508789e-01
2.147388905286788940e-01
2.047952115535736084e-01
1.677704155445098877e-01
2.117177098989486694e-01
1.848428845405578613e-01
1.903251409530639648e-01
1.827111989259719849e-01
2.023038119077682495e-01
1.678004562854766846e-01
2.090566009283065796e-01
2.180036753416061401e-01
1.961102038621902466e-01
1.741758286952972412e-01
2.005420029163360596e-01
1.928338706493377686e-01
1.748251765966415405e-01
1.755468249320983887e-01
1.805385500192642212e-01
2.335600852966308594e-01
2.106824964284896851e-01
2.212518155574798584e-01
2.209302335977554321e-01
1.859468668699264526e-01
1.949820816516876221e-01
2.002830803394317627e-01
1.954765766859054565e-01
2.626774907112121582e-01
1.925170123577117920e-01
1.958955228328704834e-01
2.110311686992645264e-01
1.738857477903366089e-01
1.973375082015991211e-01
2.118518501520156860e-01
1.898326873779296875e-01
2.091690599918365479e-01
1.694078892469406128e-01
2.046511620283126831e-01
1.863117814064025879e-01
2.006437778472900391e-01
2.094861716032028198e-01
2.242846041917800903e-01
2.202072590589523315e-01
2.142229974269866943e-01
1.975945085287094116e-01
1.828737258911132812e-01
1.718188375234603882e-01
1.905080229043960571e-01
2.036328911781311035e-01
1.948228925466537476e-01
1.968341320753097534e-01
1.834482699632644653e-01
1.928849369287490845e-01
1.988372057676315308e-01
1.945762783288955688e-01
1.878685802221298218e-01
2.077363878488540649e-01
2.078947424888610840e-01
2.133333384990692139e-01
1.989205926656723022e-01
2.072243392467498779e-01
1.922455579042434692e-01
2.053435146808624268e-01
1.835408806800842285e-01
1.964285671710968018e-01
1.853997707366943359e-01
1.977764815092086792e-01
1.918482035398483276e-01
1.907514482736587524e-01
2.003257274627685547e-01
1.993490606546401978e-01
2.198275923728942871e-01
1.761936843395233154e-01
1.879468858242034912e-01
1.649670004844665527e-01
1.794554442167282104e-01
1.926605552434921265e-01
1.904458552598953247e-01
2.056737542152404785e-01
1.995249390602111816e-01
1.775580346584320068e-01
2.055984586477279663e-01
1.940864324569702148e-01
1.980136632919311523e-01
2.082066833972930908e-01
2.199878096580505371e-01
1.789119392633438110e-01
1.867364794015884399e-01
2.074074000120162964e-01
1.912280768156051636e-01
1.873278170824050903e-01
2.042730599641799927e-01
2.285714298486709595e-01
2.163910865783691406e-01
1.903467029333114624e-01
2.093981802463531494e-01
1.937062889337539673e-01
1.778334379196166992e-01
1.758055388927459717e-01
1.951219439506530762e-01
1.866447776556015015e-01
2.066390067338943481e-01
1.881754547357559204e-01
2.051153481006622314e-01
1.904100030660629272e-01
1.957219243049621582e-01
2.149532735347747803e-01
1.701388955116271973e-01
2.009602189064025879e-01
1.889027357101440430e-01
1.901519149541854858e-01
1.858664155006408691e-01
1.813643872737884521e-01
2.077922075986862183e-01
1.910112351179122925e-01
1.866214275360107422e-01
1.962616890668869019e-01
1.975780725479125977e-01
2.170127332210540771e-01
1.795886009931564331e-01
2.205726355314254761e-01
2.000000029802322388e-01
1.965217441320419312e-01
1.961932629346847534e-01
2.345013469457626343e-01
1.819209009408950806e-01
1.959798932075500488e-01
2.008862644433975220e-01
1.770833283662796021e-01
2.066914439201354980e-01
1.771105378866195679e-01
1.876832842826843262e-01
1.702517122030258179e-01
2.054507285356521606e-01
1.947626769542694092e-01
2.133333384990692139e-01
1.989978551864624023e-01
2.053571492433547974e-01
2.315394282341003418e-01
1.823072284460067749e-01
2.088266909122467041e-01
2.121771275997161865e-01
1.969964653253555298e-01
1.835511922836303711e-01
1.941143125295639038e-01
2.083897143602371216e-01
1.994991600513458252e-01
1.951951980590820312e-01
2.240365743637084961e-01
2.181818187236785889e-01
1.881818175315856934e-01
2.030075192451477051e-01
1.944194436073303223e-01
2.008217722177505493e-01
1.829810887575149536e-01
1.950655430555343628e-01
1.961015909910202026e-01
1.913540959358215332e-01
2.082228064537048340e-01
1.822630017995834351e-01
1.998738944530487061e-01
1.762962937355041504e-01
2.008903771638870239e-01
2.000000029802322388e-01
1.886792480945587158e-01
2.090193331241607666e-01
2.029411792755126953e-01
1.856287419795989990e-01
1.823725104331970215e-01
1.762048155069351196e-01
1.846575289964675903e-01
1.730132400989532471e-01
2.018654197454452515e-01
1.797468364238739014e-01
1.940418630838394165e-01
2.465346604585647583e-01
2.108743637800216675e-01
1.895961612462997437e-01
1.905138343572616577e-01
1.780962198972702026e-01
2.025227695703506470e-01
1.987179517745971680e-01
1.872659176588058472e-01
2.024922072887420654e-01
1.859010756015777588e-01
1.831964552402496338e-01
2.246740162372589111e-01
1.608654707670211792e-01
1.903864294290542603e-01
1.971448063850402832e-01
1.948507875204086304e-01
1.952941119670867920e-01
2.183045744895935059e-01
2.077509462833404541e-01
1.691374629735946655e-01
2.123397439718246460e-01
1.975409835577011108e-01
1.783750802278518677e-01
1.862225532531738281e-01
2.022263407707214355e-01
1.948689967393875122e-01
1.924013644456863403e-01
1.911392360925674438e-01
2.075880765914916992e-01
1.882446408271789551e-01
2.136871516704559326e-01
2.062062025070190430e-01
2.017937153577804565e-01
1.924398690462112427e-01
2.199546545743942261e-01
1.897404193878173828e-01
1.828822195529937744e-01
1.952414214611053467e-01
1.998348534107208252e-01
1.625643968582153320e-01
1.862648278474807739e-01
1.782101094722747803e-01
1.770726740360260010e-01
2.034606188535690308e-01
2.029117345809936523e-01
1.782670468091964722e-01
1.826280653476715088e-01
1.868194788694381714e-01
2.021213918924331665e-01
1.956339180469512939e-01
1.844713687896728516e-01
1.932168602943420410e-01
2.124513685703277588e-01
1.946771740913391113e-01
2.100192606449127197e-01
1.762523204088211060e-01
2.200886309146881104e-01
1.964912265539169312e-01
2.063253074884414673e-01
2.104018926620483398e-01
2.132169604301452637e-01
2.045340090990066528e-01
2.017405033111572266e-01
1.966101676225662231e-01
1.866088062524795532e-01
1.933579295873641968e-01
1.875626891851425171e-01
1.976668834686279297e-01
1.917050629854202271e-01
2.003231048583984375e-01
1.977047473192214966e-01
1.837481707334518433e-01
2.121771275997161865e-01
1.968057751655578613e-01
1.911764740943908691e-01
1.822398900985717773e-01
1.952861994504928589e-01
1.994156390428543091e-01
2.070038914680480957e-01
1.889483034610748291e-01
1.702668368816375732e-01
2.119476199150085449e-01
1.903743296861648560e-01
1.873259097337722778e-01
2.003297656774520874e-01
1.991525441408157349e-01
1.927635669708251953e-01
1.849462389945983887e-01
1.839378178119659424e-01
2.221144586801528931e-01
1.803490668535232544e-01
1.876116693019866943e-01
1.819085478782653809e-01
2.112420648336410522e-01
1.876923143863677979e-01
2.115384638309478760e-01
1.857142895460128784e-01
1.933287978172302246e-01
2.009615451097488403e-01
1.922468394041061401e-01
1.811846643686294556e-01
1.873554289340972900e-01
1.947177648544311523e-01
1.918749958276748657e-01
1.998348534107208252e-01
1.822429895401000977e-01
1.893687695264816284e-01
2.012383937835693359e-01
2.016383111476898193e-01
2.077131271362304688e-01
1.825870573520660400e-01
2.230623811483383179e-01
2.032806128263473511e-01
2.098976075649261475e-01
1.747328788042068481e-01
2.053354829549789429e-01
2.050183564424514771e-01
1.991271078586578369e-01
2.322158664464950562e-01
1.981230378150939941e-01
2.083618938922882080e-01
2.249770462512969971e-01
1.905793249607086182e-01
2.000000029802322388e-01
2.041547298431396484e-01
1.869874298572540283e-01
2.064516097307205200e-01
1.868919581174850464e-01
2.190650850534439087e-01
1.955046653747558594e-01
1.784140914678573608e-01
1.904761940240859985e-01
1.843283623456954956e-01
2.260479032993316650e-01
1.826647520065307617e-01
2.108843475580215454e-01
1.931377947330474854e-01
2.047970443964004517e-01
2.002609223127365112e-01
2.015968114137649536e-01
1.859018653631210327e-01
1.853785961866378784e-01
1.994590908288955688e-01
1.805359721183776855e-01
1.819803714752197266e-01
1.897574067115783691e-01
1.928471177816390991e-01
1.976047903299331665e-01
2.043519467115402222e-01
1.708160489797592163e-01
2.338624298572540283e-01
1.820464581251144409e-01
1.876221448183059692e-01
2.123241722583770752e-01
2.091988176107406616e-01
2.039698809385299683e-01
1.723768711090087891e-01
1.760042309761047363e-01
1.845038980245590210e-01
2.021773010492324829e-01
1.934250742197036743e-01
1.997703760862350464e-01
2.005649656057357788e-01
2.155232131481170654e-01
2.030787467956542969e-01
2.073529362678527832e-01
1.921126693487167358e-01
2.074175775051116943e-01
1.619163155555725098e-01
2.096908986568450928e-01
1.984231323003768921e-01
1.853240430355072021e-01
1.807875931262969971e-01
1.810905486345291138e-01
1.956521719694137573e-01
1.983758658170700073e-01
1.725049614906311035e-01
1.926892995834350586e-01
1.830870211124420166e-01
1.892071962356567383e-01
2.186311781406402588e-01
1.900785863399505615e-01
2.040110677480697632e-01
2.054703086614608765e-01
2.131630629301071167e-01
2.143294513225555420e-01
1.842105239629745483e-01
1.716937422752380371e-01
2.023731023073196411e-01
1.828178763389587402e-01
2.039848268032073975e-01
1.848862767219543457e-01
2.141434252262115479e-01
1.970021426677703857e-01
1.873417794704437256e-01
1.941747516393661499e-01
2.096177488565444946e-01
1.857923567295074463e-01
1.827586144208908081e-01
1.908571422100067139e-01
1.885546594858169556e-01
1.894108802080154419e-01
2.039370089769363403e-01
1.866754591464996338e-01
1.978776454925537109e-01
1.908127218484878540e-01
1.735357940196990967e-01
2.175090312957763672e-01
2.025586366653442383e-01
1.769480556249618530e-01
1.904012560844421387e-01
1.885482966899871826e-01
1.890173405408859253e-01
1.964477896690368652e-01
2.253384888172149658e-01
1.830020546913146973e-01
1.733254939317703247e-01
1.979949921369552612e-01
1.901975125074386597e-01
2.283653914928436279e-01
1.917888522148132324e-01
1.799000501632690430e-01
1.740740686655044556e-01
1.996086090803146362e-01
2.237762212753295898e-01
2.174904942512512207e-01
1.890909075736999512e-01
1.750559210777282715e-01
1.780185699462890625e-01
2.008928507566452026e-01
2.168592810630798340e-01
1.911142468452453613e-01
1.613649576902389526e-01
1.881720423698425293e-01
1.988773047924041748e-01
2.063492089509963989e-01
2.024202346801757812e-01
2.146050631999969482e-01
2.004529982805252075e-01
2.097735404968261719e-01
1.955109238624572754e-01
2.319357693195343018e-01
1.943720728158950806e-01
1.940894573926925659e-01
1.909621059894561768e-01
1.791411042213439941e-01
2.033008188009262085e-01
1.892055720090866089e-01
2.251608222723007202e-01
2.016574591398239136e-01
1.945307701826095581e-01
1.717089116573333740e-01
2.044887840747833252e-01
2.069805264472961426e-01
1.857142895460128784e-01
1.932659894227981567e-01
2.206095755100250244e-01
1.800947934389114380e-01
1.746698617935180664e-01
1.827608495950698853e-01
1.728212684392929077e-01
1.959459483623504639e-01
1.700000017881393433e-01
1.739413738250732422e-01
2.067371159791946411e-01
2.116013020277023315e-01
1.898940503597259521e-01
2.038140594959259033e-01
1.723975539207458496e-01
1.888714730739593506e-01
2.101096212863922119e-01
1.914335638284683228e-01
1.840000003576278687e-01
1.912491172552108765e-01
2.109677493572235107e-01
2.149651199579238892e-01
1.914110481739044189e-01
1.803203672170639038e-01
2.041957974433898926e-01
1.784748584032058716e-01
2.135348170995712280e-01
1.757719665765762329e-01
2.120885103940963745e-01
2.207911610603332520e-01
2.041131108999252319e-01
2.249180376529693604e-01
1.869382858276367188e-01
1.834930032491683960e-01
1.715039610862731934e-01
1.834862381219863892e-01
1.793721914291381836e-01
1.670951098203659058e-01
2.084033638238906860e-01
1.723577231168746948e-01
2.036474198102951050e-01
2.042042016983032227e-01
1.878019273281097412e-01
1.985343098640441895e-01
1.756373941898345947e-01
2.115963846445083618e-01
1.989402770996093750e-01
2.164222896099090576e-01
1.938392221927642822e-01
1.989215165376663208e-01
1.990521401166915894e-01
2.243055552244186401e-01
2.060270607471466064e-01
1.912350654602050781e-01
2.066374421119689941e-01
1.794333755970001221e-01
2.025959342718124390e-01
1.894039660692214966e-01
1.824701130390167236e-01
1.943198740482330322e-01
1.752397567033767700e-01
1.729360073804855347e-01
1.759822964668273926e-01
2.061986029148101807e-01
1.977058053016662598e-01
1.849226802587509155e-01
2.027649730443954468e-01
1.965230554342269897e-01
1.953020095825195312e-01
1.976744234561920166e-01
1.866064667701721191e-01
1.892296224832534790e-01
1.928306519985198975e-01
2.146067470312118530e-01
2.027972042560577393e-01
2.059134095907211304e-01
2.002679109573364258e-01
2.033570110797882080e-01
1.944091469049453735e-01
2.091152817010879517e-01
1.830201745033264160e-01
1.953522115945816040e-01
2.129075229167938232e-01
1.942090392112731934e-01
1.880638450384140015e-01
2.152091264724731445e-01
1.895996332168579102e-01
1.787941753864288330e-01
1.829545497894287109e-01
2.080616503953933716e-01
1.910430788993835449e-01
1.738428473472595215e-01
1.909621059894561768e-01
1.812366694211959839e-01
1.881589591503143311e-01
2.113564610481262207e-01
2.060669511556625366e-01
2.123176604509353638e-01
1.970909088850021362e-01
1.807397007942199707e-01
2.011111080646514893e-01
1.814628690481185913e-01
1.937743127346038818e-01
2.079124599695205688e-01
2.051649987697601318e-01
1.920529752969741821e-01
2.045454531908035278e-01
1.925329416990280151e-01
1.860706806182861328e-01
1.952861994504928589e-01
1.904400587081909180e-01
1.984536051750183105e-01
1.887357681989669800e-01
2.178606539964675903e-01
1.859131902456283569e-01
2.051709741353988647e-01
1.650426238775253296e-01
1.930501908063888550e-01
1.692987978458404541e-01
2.219178080558776855e-01
2.102335989475250244e-01
1.773700267076492310e-01
1.919642835855484009e-01
2.255912721157073975e-01
1.986206918954849243e-01
1.720067411661148071e-01
1.889632046222686768e-01
1.872483193874359131e-01
1.742286682128906250e-01
1.915167123079299927e-01
1.882051229476928711e-01
1.897574067115783691e-01
2.302025854587554932e-01
1.805453151464462280e-01
1.990898698568344116e-01
2.192716300487518311e-01
1.728515625000000000e-01
1.949956864118576050e-01
2.089447975158691406e-01
2.014824748039245605e-01
1.900473982095718384e-01
1.834504306316375732e-01
1.633380949497222900e-01
2.017441838979721069e-01
1.839814335107803345e-01
1.749769151210784912e-01
1.907938569784164429e-01
1.935753077268600464e-01
1.886287629604339600e-01
2.095316350460052490e-01
1.930970102548599243e-01
1.877551078796386719e-01
1.939189136028289795e-01
1.790368258953094482e-01
2.146341502666473389e-01
2.092819660902023315e-01
2.139037400484085083e-01
2.105263173580169678e-01
2.241042405366897583e-01
1.696136146783828735e-01
2.282712459564208984e-01
1.908814609050750732e-01
1.805177181959152222e-01
2.031842321157455444e-01
1.864988505840301514e-01
1.814483255147933960e-01
1.772151887416839600e-01
1.677237451076507568e-01
1.937254965305328369e-01
1.968796402215957642e-01
1.895178258419036865e-01
1.971066892147064209e-01
2.111940234899520874e-01
2.110857963562011719e-01
1.952662765979766846e-01
1.902505010366439819e-01
1.875463277101516724e-01
2.234042584896087646e-01
1.909795701503753662e-01
1.828885376453399658e-01
1.797153055667877197e-01
1.787531822919845581e-01
1.809815913438796997e-01
2.188782542943954468e-01
1.991842240095138550e-01
2.062904685735702515e-01
1.651452332735061646e-01
1.882845163345336914e-01
1.936363577842712402e-01
1.733149886131286621e-01
1.857995986938476562e-01
1.973840594291687012e-01
1.957878321409225464e-01
1.813602000474929810e-01
1.872489899396896362e-01
2.003069818019866943e-01
2.029262036085128784e-01
1.899576485157012939e-01
2.045307457447052002e-01
2.282229959964752197e-01
1.943900883197784424e-01
1.936437487602233887e-01
2.060810774564743042e-01
1.995073854923248291e-01
1.882440447807312012e-01
2.089371979236602783e-01
1.838509291410446167e-01
1.929328590631484985e-01
1.832276284694671631e-01
2.224352806806564331e-01
1.727158874273300171e-01
2.054794579744338989e-01
2.181996107101440430e-01
2.102747857570648193e-01
2.006711363792419434e-01
1.831275671720504761e-01
1.947115361690521240e-01
2.194719463586807251e-01
1.821460723876953125e-01
2.202970236539840698e-01
1.918951123952865601e-01
1.833105385303497314e-01
1.987507045269012451e-01
2.023735195398330688e-01
1.961077898740768433e-01
1.861063390970230103e-01
1.737588644027709961e-01
2.192103713750839233e-01
1.812788397073745728e-01
2.005669772624969482e-01
1.876832842826843262e-01
2.068965584039688110e-01
1.801075339317321777e-01
2.370848655700683594e-01
1.937172710895538330e-01
2.044105231761932373e-01
1.739130467176437378e-01
1.903208196163177490e-01
1.757460981607437134e-01
1.750645935535430908e-01
1.972543299198150635e-01
1.767602115869522095e-01
2.023346275091171265e-01
2.173057943582534790e-01
1.954517513513565063e-01
2.703180313110351562e-01
1.985494047403335571e-01
1.832627058029174805e-01
2.289535850286483765e-01
1.902810335159301758e-01
2.183544337749481201e-01
1.859331429004669189e-01
2.141357660293579102e-01
1.840148717164993286e-01
1.878999471664428711e-01
1.848137527704238892e-01
1.995447576045989990e-01
1.904388666152954102e-01
1.788567900657653809e-01
1.730545908212661743e-01
1.922179013490676880e-01
1.910569071769714355e-01
2.135117948055267334e-01
2.039030939340591431e-01
1.897604465484619141e-01
1.993174105882644653e-01
2.191235125064849854e-01
2.128146439790725708e-01
2.227272689342498779e-01
2.275985628366470337e-01
2.100238651037216187e-01
1.978148370981216431e-01
2.271648943424224854e-01
2.204408794641494751e-01
1.865626871585845947e-01
2.081280797719955444e-01
2.315394282341003418e-01
2.006711363792419434e-01
1.793409436941146851e-01
1.843902468681335449e-01
1.894736886024475098e-01
1.964827179908752441e-01
2.179863154888153076e-01
2.229417264461517334e-01
2.030947804450988770e-01
1.752195954322814941e-01
2.143349349498748779e-01
1.732057482004165649e-01
2.059602588415145874e-01
1.794871836900711060e-01
1.814996451139450073e-01
1.929133832454681396e-01
2.087156027555465698e-01
2.020792663097381592e-01
2.000000029802322388e-01
2.067748755216598511e-01
2.061191648244857788e-01
1.742738634347915649e-01
2.087813615798950195e-01
1.882578134536743164e-01
2.019826471805572510e-01
1.913312673568725586e-01
1.796226352453231812e-01
2.027180045843124390e-01
1.850244104862213135e-01
2.336448580026626587e-01
2.004608362913131714e-01
1.983024626970291138e-01
1.822485178709030151e-01
1.960478425025939941e-01
2.208494246006011963e-01
2.152406424283981323e-01
1.983805596828460693e-01
1.748483180999755859e-01
2.018530815839767456e-01
1.799080818891525269e-01
1.784841120243072510e-01
1.971428543329238892e-01
2.150274962186813354e-01
2.123347967863082886e-01
2.123385965824127197e-01
1.885576099157333374e-01
1.702127605676651001e-01
1.897034198045730591e-01
1.691266894340515137e-01
2.008547037839889526e-01
2.449339181184768677e-01
1.944641619920730591e-01
2.046014815568923950e-01
1.769911497831344604e-01
2.011434584856033325e-01
1.944202333688735962e-01
1.747572869062423706e-01
2.202572375535964966e-01
2.204502820968627930e-01
1.814223527908325195e-01
2.253240346908569336e-01
2.183406054973602295e-01
2.055999934673309326e-01
1.828925162553787231e-01
2.005669772624969482e-01
2.007504701614379883e-01
2.259654849767684937e-01
1.958556175231933594e-01
1.865853667259216309e-01
1.745762676000595093e-01
2.032863795757293701e-01
1.860288530588150024e-01
2.133027464151382446e-01
1.910241693258285522e-01
1.667953729629516602e-01
2.038288265466690063e-01
1.962725669145584106e-01
2.026845663785934448e-01
2.008000016212463379e-01
1.763304173946380615e-01
2.014324069023132324e-01
1.982892751693725586e-01
2.159934043884277344e-01
1.944240629673004150e-01
1.881413906812667847e-01
1.913099884986877441e-01
1.852349042892456055e-01
1.953188031911849976e-01
2.272309064865112305e-01
1.789276748895645142e-01
1.995820254087448120e-01
2.063492089509963989e-01
1.901743263006210327e-01
1.886269003152847290e-01
1.868512183427810669e-01
2.071066051721572876e-01
2.176684886217117310e-01
1.975180953741073608e-01
1.884935647249221802e-01
1.905594468116760254e-01
2.111553847789764404e-01
2.009602189064025879e-01
2.383275330066680908e-01
1.988795548677444458e-01
1.902621686458587646e-01
1.779717952013015747e-01
1.944140195846557617e-01
2.036124765872955322e-01
2.091554850339889526e-01
1.895058602094650269e-01
1.944801062345504761e-01
2.075949311256408691e-01
2.060133665800094604e-01
1.963601559400558472e-01
1.897654533386230469e-01
2.020905911922454834e-01
1.918495297431945801e-01
2.027118653059005737e-01
1.953867077827453613e-01
2.096000015735626221e-01
2.049689441919326782e-01
1.780738979578018188e-01
2.169878631830215454e-01
2.424657493829727173e-01
2.269230782985687256e-01
1.810758858919143677e-01
2.025012075901031494e-01
2.021136134862899780e-01
1.959531456232070923e-01
2.052805274724960327e-01
2.016048133373260498e-01
2.047377377748489380e-01
1.994554102420806885e-01
1.918119788169860840e-01
2.010832726955413818e-01
2.003514915704727173e-01
1.951538920402526855e-01
1.693121641874313354e-01
1.828687936067581177e-01
1.946902722120285034e-01
1.512045115232467651e-01
1.859142631292343140e-01
1.787762939929962158e-01
1.902786046266555786e-01
1.933287978172302246e-01
1.772625297307968140e-01
2.117962539196014404e-01
1.990243941545486450e-01
2.233009636402130127e-01
1.973259598016738892e-01
2.062122523784637451e-01
2.026845663785934448e-01
2.022684365510940552e-01
1.904406249523162842e-01
1.851851791143417358e-01
1.986634284257888794e-01
2.034883648157119751e-01
1.634665280580520630e-01
1.902210265398025513e-01
1.869688332080841064e-01
2.103354483842849731e-01
1.856801956892013550e-01
1.945441514253616333e-01
1.896653026342391968e-01
1.806167364120483398e-01
1.860869526863098145e-01
2.051282078027725220e-01
2.008130103349685669e-01
1.769662946462631226e-01
1.978827416896820068e-01
1.836037635803222656e-01
2.199036926031112671e-01
1.921420842409133911e-01
1.833568364381790161e-01
2.149805426597595215e-01
2.107472717761993408e-01
1.846722066402435303e-01
2.000000029802322388e-01
1.878398358821868896e-01
1.878874599933624268e-01
1.943159252405166626e-01
2.003311216831207275e-01
2.020489424467086792e-01
2.000000029802322388e-01
1.866310089826583862e-01
1.884139478206634521e-01
1.951074004173278809e-01
1.952879577875137329e-01
2.051129639148712158e-01
1.986940354108810425e-01
1.762189865112304688e-01
1.869983971118927002e-01
1.927868872880935669e-01
2.056680172681808472e-01
2.050078213214874268e-01
1.718188375234603882e-01
1.815960854291915894e-01
1.872455924749374390e-01
2.162471413612365723e-01
2.202970236539840698e-01
1.799604445695877075e-01
2.015546858310699463e-01
2.007692307233810425e-01
1.836299002170562744e-01
1.856127828359603882e-01
2.118721455335617065e-01
1.880394518375396729e-01
1.857923567295074463e-01
2.135458141565322876e-01
1.897470057010650635e-01
2.041602432727813721e-01
1.845515817403793335e-01
2.095709592103958130e-01
1.849791407585144043e-01
2.005060017108917236e-01
1.940497308969497681e-01
1.948249638080596924e-01
1.992187500000000000e-01
1.867339611053466797e-01
1.691542267799377441e-01
1.842900365591049194e-01
2.052451521158218384e-01
1.759702265262603760e-01
2.057448178529739380e-01
1.947882771492004395e-01
2.020922452211380005e-01
2.168674767017364502e-01
2.115193605422973633e-01
2.108747065067291260e-01
2.050186842679977417e-01
2.173305451869964600e-01
1.853197664022445679e-01
2.063492089509963989e-01
1.828326135873794556e-01
1.706016808748245239e-01
2.222222238779067993e-01
1.755223870277404785e-01
2.295081913471221924e-01
1.943717300891876221e-01
1.872197240591049194e-01
2.007772028446197510e-01
2.074652761220932007e-01
2.028436064720153809e-01
1.905437409877777100e-01
1.783681213855743408e-01
1.880559027194976807e-01
1.957575827836990356e-01
1.911262869834899902e-01
1.736806929111480713e-01
2.001299560070037842e-01
2.583237588405609131e-01
1.845888495445251465e-01
1.829457432031631470e-01
2.149532735347747803e-01
2.070145457983016968e-01
1.988496333360671997e-01
2.014802694320678711e-01
1.981891393661499023e-01
1.860202997922897339e-01
1.864548474550247192e-01
2.155771851539611816e-01
2.225519269704818726e-01
1.900566369295120239e-01
2.284980714321136475e-01
1.721105575561523438e-01
1.861912906169891357e-01
1.903855353593826294e-01
1.681372523307800293e-01
1.875327378511428833e-01
1.933962255716323853e-01
1.964705884456634521e-01
2.059758454561233521e-01
1.808905452489852905e-01
1.863067746162414551e-01
1.932367086410522461e-01
1.915951222181320190e-01
2.085646241903305054e-01
2.264995574951171875e-01
1.909469366073608398e-01
2.064372897148132324e-01
2.024062275886535645e-01
2.019635289907455444e-01
1.607605814933776855e-01
1.978465616703033447e-01
2.155476957559585571e-01
1.735626012086868286e-01
2.054309397935867310e-01
2.101063877344131470e-01
1.882893294095993042e-01
1.935483813285827637e-01
2.417154014110565186e-01
1.852958798408508301e-01
1.855791956186294556e-01
1.930977851152420044e-01
1.952789723873138428e-01
1.756232678890228271e-01
2.010968923568725586e-01
1.958944350481033325e-01
2.226415127515792847e-01
2.130144536495208740e-01
1.830863058567047119e-01
1.961643844842910767e-01
1.819047629833221436e-01
2.108076065778732300e-01
2.097669243812561035e-01
1.730027496814727783e-01
2.024464905261993408e-01
1.997913420200347900e-01
1.888217478990554810e-01
1.882510036230087280e-01
2.150747179985046387e-01
2.005347609519958496e-01
1.887719333171844482e-01
2.096560895442962646e-01
2.000000029802322388e-01
1.964664310216903687e-01
1.872074902057647705e-01
1.878062039613723755e-01
2.194062322378158569e-01
2.097902148962020874e-01
1.676646769046783447e-01
2.078175842761993408e-01
2.071917802095413208e-01
1.767719835042953491e-01
1.696428507566452026e-01
1.722033917903900146e-01
1.765327751636505127e-01
2.087542116641998291e-01
1.762652695178985596e-01
1.935483813285827637e-01
1.988773047924041748e-01
2.033660560846328735e-01
1.963190138339996338e-01
1.882578134536743164e-01
2.037275135517120361e-01
2.044784873723983765e-01
1.991122364997863770e-01
1.742138415575027466e-01
1.892371326684951782e-01
1.787709444761276245e-01
2.166112959384918213e-01
1.934131681919097900e-01
1.797752827405929565e-01
1.899791210889816284e-01
1.903448253870010376e-01
1.766247451305389404e-01
2.081863135099411011e-01
1.926427930593490601e-01
1.892222911119461060e-01
1.977611929178237915e-01
2.021136134862899780e-01
1.793071180582046509e-01
2.087976485490798950e-01
2.040133774280548096e-01
1.979742199182510376e-01
2.029520273208618164e-01
1.876961737871170044e-01
2.006561011075973511e-01
1.898648589849472046e-01
2.300208508968353271e-01
1.810725480318069458e-01
2.016806751489639282e-01
2.222222238779067993e-01
2.160803973674774170e-01
1.991051435470581055e-01
1.904036551713943481e-01
2.059880197048187256e-01
2.638483941555023193e-01
2.000000029802322388e-01
1.880900561809539795e-01
2.112359553575515747e-01
1.921119540929794312e-01
2.017167359590530396e-01
2.009184807538986206e-01
1.902097910642623901e-01
2.030934840440750122e-01
1.837782412767410278e-01
1.729478538036346436e-01
1.909090876579284668e-01
1.876804679632186890e-01
1.798727661371231079e-01
1.657201796770095825e-01
1.750629693269729614e-01
2.433521300554275513e-01
2.020658552646636963e-01
1.894918233156204224e-01
1.868919581174850464e-01
1.772058755159378052e-01
1.926380395889282227e-01
1.767857074737548828e-01
1.949820816516876221e-01
1.702422201633453369e-01
1.635027527809143066e-01
1.919364035129547119e-01
1.995438933372497559e-01
2.281879186630249023e-01
1.772334277629852295e-01
1.939597278833389282e-01
1.855136752128601074e-01
2.089771926403045654e-01
1.986506730318069458e-01
2.023809552192687988e-01
1.896705180406570435e-01
1.942363083362579346e-01
2.090643346309661865e-01
2.106598913669586182e-01
2.030075192451477051e-01
1.981191188097000122e-01
2.011834383010864258e-01
1.826363205909729004e-01
2.053872048854827881e-01
2.087994068861007690e-01
1.752475202083587646e-01
1.671904474496841431e-01
1.799878031015396118e-01
2.063197046518325806e-01
1.994884908199310303e-01
1.828479021787643433e-01
2.075876891613006592e-01
1.914396882057189941e-01
2.215999960899353027e-01
1.691176444292068481e-01
1.916198283433914185e-01
1.931359320878982544e-01
2.157456427812576294e-01
1.905901134014129639e-01
1.531421542167663574e-01
1.863636374473571777e-01
1.821983307600021362e-01
1.741546988487243652e-01
1.944303810596466064e-01
2.049656659364700317e-01
2.033527642488479614e-01
1.827768087387084961e-01
1.804966628551483154e-01
2.139175236225128174e-01
1.918495297431945801e-01
2.005119472742080688e-01
2.215686291456222534e-01
1.840000003576278687e-01
1.983775794506072998e-01
1.871127635240554810e-01
2.039473652839660645e-01
1.872571855783462524e-01
1.777202039957046509e-01
1.883157193660736084e-01
1.790769249200820923e-01
1.892567127943038940e-01
2.073966711759567261e-01
1.777059733867645264e-01
2.008253037929534912e-01
1.641274243593215942e-01
2.048611044883728027e-01
1.736154258251190186e-01
1.848341226577758789e-01
1.895734667778015137e-01
1.842610388994216919e-01
1.894374340772628784e-01
1.890012621879577637e-01
2.008788436651229858e-01
2.036645561456680298e-01
1.866825222969055176e-01
1.918475925922393799e-01
2.009456306695938110e-01
1.931034475564956665e-01
1.883786320686340332e-01
1.619519144296646118e-01
1.780415475368499756e-01
1.706886440515518188e-01
1.831250041723251343e-01
1.784722208976745605e-01
1.903361380100250244e-01
1.933139562606811523e-01
2.053959965705871582e-01
2.103321105241775513e-01
1.932816505432128906e-01
1.891025602817535400e-01
2.219387739896774292e-01
1.850371211767196655e-01
1.806020140647888184e-01
2.459349632263183594e-01
1.835106313228607178e-01
1.830201745033264160e-01
2.328767180442810059e-01
2.043121159076690674e-01
1.889838576316833496e-01
2.200328409671783447e-01
2.035398185253143311e-01
2.006116211414337158e-01
1.581219583749771118e-01
1.922246217727661133e-01
2.014879137277603149e-01
2.021276652812957764e-01
2.003654092550277710e-01
2.173641473054885864e-01
2.058287858963012695e-01
1.898016929626464844e-01
1.967779099941253662e-01
2.412213683128356934e-01
1.903820782899856567e-01
1.675889343023300171e-01
1.812827289104461670e-01
1.866769939661026001e-01
2.098259925842285156e-01
2.248227000236511230e-01
1.892567127943038940e-01
1.799287348985671997e-01
2.220394760370254517e-01
1.910702586174011230e-01
2.028639614582061768e-01
1.969697028398513794e-01
1.826625317335128784e-01
2.330558896064758301e-01
2.160414010286331177e-01
2.109872549772262573e-01
2.256944477558135986e-01
1.802138984203338623e-01
2.013422846794128418e-01
2.016539424657821655e-01
1.853741556406021118e-01
2.267895042896270752e-01
2.198460251092910767e-01
1.924882680177688599e-01
1.787965595722198486e-01
1.977611929178237915e-01
1.932773143053054810e-01
2.137983292341232300e-01
2.156561762094497681e-01
2.089715600013732910e-01
1.970802992582321167e-01
2.001934200525283813e-01
2.002152800559997559e-01
2.114073187112808228e-01
2.081764340400695801e-01
1.979381442070007324e-01
1.984732896089553833e-01
1.697594523429870605e-01
2.042755335569381714e-01
2.055363357067108154e-01
2.346368730068206787e-01
2.281786948442459106e-01
1.897184848785400391e-01
1.897915154695510864e-01
1.786885261535644531e-01
1.853422224521636963e-01
1.827380955219268799e-01
1.848341226577758789e-01
1.804878115653991699e-01
2.319327741861343384e-01
1.892505735158920288e-01
1.970989704132080078e-01
1.993007063865661621e-01
1.932638287544250488e-01
1.720698326826095581e-01
1.960784345865249634e-01
1.953642368316650391e-01
1.755070239305496216e-01
1.881427764892578125e-01
1.865252703428268433e-01
1.800433844327926636e-01
2.246489822864532471e-01
1.945003420114517212e-01
1.995323449373245239e-01
1.865037232637405396e-01
1.917879432439804077e-01
1.784424930810928345e-01
2.051100134849548340e-01
1.857379823923110962e-01
1.940959393978118896e-01
1.849710941314697266e-01
2.617124319076538086e-01
2.034246623516082764e-01
2.296450883150100708e-01
1.998557001352310181e-01
2.003593891859054565e-01
2.109053432941436768e-01
1.924939453601837158e-01
1.890130341053009033e-01
1.987381726503372192e-01
1.885644793510437012e-01
2.237885445356369019e-01
2.040285915136337280e-01
1.732937693595886230e-01
1.864951699972152710e-01
1.793814450502395630e-01
2.022867202758789062e-01
2.022058814764022827e-01
1.900352686643600464e-01
1.833810955286026001e-01
1.847419589757919312e-01
2.449209988117218018e-01
2.211764752864837646e-01
1.940850317478179932e-01
1.770512014627456665e-01
1.723076850175857544e-01
1.915041804313659668e-01
1.725543439388275146e-01
1.917489767074584961e-01
2.012480497360229492e-01
1.930099129676818848e-01
1.975683867931365967e-01
2.057949453592300415e-01
2.096956074237823486e-01
1.924157291650772095e-01
2.086513936519622803e-01
2.436472326517105103e-01
2.357594966888427734e-01
2.138107419013977051e-01
1.909028291702270508e-01
2.086851596832275391e-01
1.944641619920730591e-01
1.947439312934875488e-01
2.232142835855484009e-01
1.811414361000061035e-01
1.915028542280197144e-01
1.920777261257171631e-01
1.890660524368286133e-01
2.123672664165496826e-01
2.165178507566452026e-01
1.582867801189422607e-01
1.948503851890563965e-01
1.724787950515747070e-01
1.908023506402969360e-01
2.118794322013854980e-01
1.808838695287704468e-01
1.925133615732192993e-01
1.891891956329345703e-01
1.927175819873809814e-01
1.960687935352325439e-01
2.042253464460372925e-01
1.928004920482635498e-01
1.861818134784698486e-01
2.115097194910049438e-01
1.946902722120285034e-01
1.972672939300537109e-01
2.054794579744338989e-01
1.978699564933776855e-01
1.964866667985916138e-01
2.144112437963485718e-01
1.979949921369552612e-01
2.169241160154342651e-01
2.086438089609146118e-01
2.015503942966461182e-01
1.897233128547668457e-01
1.834394931793212891e-01
1.971580833196640015e-01
2.002321481704711914e-01
1.862917393445968628e-01
1.712962985038757324e-01
2.173252254724502563e-01
1.697045862674713135e-01
1.835789531469345093e-01
1.992882490158081055e-01
2.084168344736099243e-01
1.926977634429931641e-01
2.093611657619476318e-01
1.646586358547210693e-01
1.996185630559921265e-01
2.091584205627441406e-01
1.978798657655715942e-01
1.708037853240966797e-01
2.207650244235992432e-01
1.979580223560333252e-01
1.840717345476150513e-01
1.912987828254699707e-01
2.109144479036331177e-01
2.012944966554641724e-01
2.003621011972427368e-01
1.943972855806350708e-01
2.051282078027725220e-01
2.169869840145111084e-01
1.552695035934448242e-01
1.768511831760406494e-01
1.890756338834762573e-01
2.068612426519393921e-01
2.111667841672897339e-01
1.835997998714447021e-01
2.137330770492553711e-01
2.161716222763061523e-01
2.061469256877899170e-01
1.894080936908721924e-01
1.846153885126113892e-01
1.803051382303237915e-01
1.782988011837005615e-01
2.118644118309020996e-01
1.839339286088943481e-01
1.955390274524688721e-01
2.085032016038894653e-01
1.588428020477294922e-01
1.950424015522003174e-01
2.435456067323684692e-01
1.765053123235702515e-01
1.901118308305740356e-01
2.345238029956817627e-01
1.958456933498382568e-01
1.984348744153976440e-01
1.959378719329833984e-01
1.924095302820205688e-01
1.944869905710220337e-01
1.705816537141799927e-01
1.832460761070251465e-01
1.923365890979766846e-01
2.204651236534118652e-01
2.283214032649993896e-01
1.607341468334197998e-01
2.044943869113922119e-01
1.734458953142166138e-01
2.085828334093093872e-01
1.854419410228729248e-01
2.139384150505065918e-01
2.019781321287155151e-01
1.772920489311218262e-01
1.992818713188171387e-01
2.301980257034301758e-01
1.988723725080490112e-01
1.942013055086135864e-01
2.116301208734512329e-01
2.110769301652908325e-01
1.971393078565597534e-01
2.009769678115844727e-01
1.613308191299438477e-01
1.796992421150207520e-01
1.933333277702331543e-01
1.826347261667251587e-01
2.087378650903701782e-01
1.921151429414749146e-01
1.797505468130111694e-01
2.159367352724075317e-01
1.878996491432189941e-01
1.917653679847717285e-01
2.026635855436325073e-01
1.664943099021911621e-01
2.339688092470169067e-01
1.753246784210205078e-01
2.037878781557083130e-01
2.043251246213912964e-01
2.026239037513732910e-01
2.112236917018890381e-01
1.937602609395980835e-01
1.913978457450866699e-01
1.857677847146987915e-01
2.032927721738815308e-01
1.984585672616958618e-01
1.992395371198654175e-01
2.117843180894851685e-01
1.948676854372024536e-01
1.954838782548904419e-01
1.978481709957122803e-01
2.055045813322067261e-01
2.350142747163772583e-01
1.962799876928329468e-01
2.046357542276382446e-01
2.276951670646667480e-01
1.928518265485763550e-01
1.794871836900711060e-01
1.892458051443099976e-01
1.961970627307891846e-01
2.316205501556396484e-01
1.912168413400650024e-01
1.988707631826400757e-01
2.074795067310333252e-01
1.927990764379501343e-01
1.863149255514144897e-01
2.092020064592361450e-01
1.937452256679534912e-01
2.136699557304382324e-01
1.746372878551483154e-01
2.078032195568084717e-01
1.935483813285827637e-01
2.026604115962982178e-01
2.161642014980316162e-01
1.771084368228912354e-01
2.090656757354736328e-01
2.148362249135971069e-01
2.127804160118103027e-01
1.838183104991912842e-01
1.842519640922546387e-01
1.755542308092117310e-01
2.344322353601455688e-01
2.006507664918899536e-01
2.209903895854949951e-01
1.906412541866302490e-01
2.000000029802322388e-01
2.128174155950546265e-01
2.018072307109832764e-01
2.063184976577758789e-01
2.240343391895294189e-01
2.148481458425521851e-01
2.276785671710968018e-01
2.176339328289031982e-01
1.943019926548004150e-01
1.877897977828979492e-01
1.952628493309020996e-01
1.987625658512115479e-01
1.937984526157379150e-01
1.982832551002502441e-01
1.997656673192977905e-01
1.981395334005355835e-01
1.772650480270385742e-01
1.944065541028976440e-01
1.731936037540435791e-01
1.841070055961608887e-01
2.025664597749710083e-01
1.746724843978881836e-01
2.035087645053863525e-01
2.104975432157516479e-01
1.815403401851654053e-01
1.970569491386413574e-01
1.979835033416748047e-01
1.974219828844070435e-01
2.080745398998260498e-01
1.813031136989593506e-01
2.047337293624877930e-01
1.857037544250488281e-01
2.171684801578521729e-01
1.763140410184860229e-01
1.855166852474212646e-01
1.805006563663482666e-01
1.705846935510635376e-01
2.075688093900680542e-01
2.025931924581527710e-01
1.943396180868148804e-01
1.673076897859573364e-01
1.854406148195266724e-01
2.113821208477020264e-01
1.853146851062774658e-01
1.908396929502487183e-01
2.008788436651229858e-01
1.753585338592529297e-01
1.961259096860885620e-01
2.025416940450668335e-01
2.073097676038742065e-01
1.871794909238815308e-01
1.862232834100723267e-01
2.232142835855484009e-01
1.966981142759323120e-01
1.987115889787673950e-01
2.285115271806716919e-01
1.912280768156051636e-01
1.979249864816665649e-01
1.864508390426635742e-01
1.962681412696838379e-01
1.953169554471969604e-01
2.132352888584136963e-01
2.074010372161865234e-01
1.909039914608001709e-01
1.767645180225372314e-01
1.755725145339965820e-01
1.869281083345413208e-01
1.840452253818511963e-01
2.023205161094665527e-01
1.690240502357482910e-01
2.014453411102294922e-01
2.028766125440597534e-01
2.083049714565277100e-01
2.207062542438507080e-01
1.760299652814865112e-01
2.171428501605987549e-01
1.673675328493118286e-01
1.882422864437103271e-01
2.207702845335006714e-01
2.809798419475555420e-01
2.052194476127624512e-01
2.060702890157699585e-01
1.988255083560943604e-01
2.123613357543945312e-01
2.091743052005767822e-01
1.619556844234466553e-01
2.092899084091186523e-01
1.985981315374374390e-01
2.200392931699752808e-01
1.811594218015670776e-01
1.820175498723983765e-01
1.843283623456954956e-01
1.961394697427749634e-01
2.018442600965499878e-01
1.870850920677185059e-01
2.295081913471221924e-01
1.910761147737503052e-01
2.055837512016296387e-01
2.032786905765533447e-01
2.129817456007003784e-01
1.842804104089736938e-01
1.713800877332687378e-01
2.272727340459823608e-01
2.166776061058044434e-01
1.833449900150299072e-01
1.756578981876373291e-01
1.899665594100952148e-01
2.140350937843322754e-01
2.090290635824203491e-01
2.035211324691772461e-01
1.971029490232467651e-01
1.826182603836059570e-01
1.697479039430618286e-01
2.210915833711624146e-01
1.675840914249420166e-01
1.855263113975524902e-01
1.567891985177993774e-01
1.844174414873123169e-01
1.957364380359649658e-01
2.244289964437484741e-01
1.928251087665557861e-01
1.952461749315261841e-01
1.956214755773544312e-01
1.818976849317550659e-01
1.780104786157608032e-01
2.073272317647933960e-01
2.125543802976608276e-01
1.946268677711486816e-01
2.048458158969879150e-01
1.900569647550582886e-01
2.040816396474838257e-01
1.894210129976272583e-01
1.872270703315734863e-01
2.107623368501663208e-01
2.316538840532302856e-01
2.000000029802322388e-01
2.008679509162902832e-01
2.227488160133361816e-01
1.927774846553802490e-01
2.001282870769500732e-01
1.981297433376312256e-01
1.933458894491195679e-01
1.807400435209274292e-01
1.964285671710968018e-01
2.004069238901138306e-01
1.925355494022369385e-01
2.154903113842010498e-01
2.026755809783935547e-01
2.123287618160247803e-01
2.116724699735641479e-01
2.031963467597961426e-01
2.377919256687164307e-01
2.165898680686950684e-01
2.063953429460525513e-01
2.206025272607803345e-01
2.026143819093704224e-01
1.660181581974029541e-01
2.101551443338394165e-01
1.880832761526107788e-01
1.821766495704650879e-01
1.783933490514755249e-01
1.956689804792404175e-01
2.176991105079650879e-01
1.876503676176071167e-01
2.358887940645217896e-01
2.240437120199203491e-01
1.985930800437927246e-01
1.989026069641113281e-01
2.096654325723648071e-01
2.133815586566925049e-01
2.001419514417648315e-01
1.988071501255035400e-01
2.283072620630264282e-01
1.833218485116958618e-01
1.813752055168151855e-01
1.987522244453430176e-01
1.697032749652862549e-01
2.033096998929977417e-01
1.981981992721557617e-01
1.994633227586746216e-01
1.986062675714492798e-01
1.948051899671554565e-01
1.843251138925552368e-01
1.889677792787551880e-01
1.846522837877273560e-01
1.839005202054977417e-01
1.918964534997940063e-01
2.060669511556625366e-01
1.699288189411163330e-01
2.008626013994216919e-01
2.010785788297653198e-01
2.433862388134002686e-01
2.016607373952865601e-01
2.046703249216079712e-01
1.783132553100585938e-01
2.210191041231155396e-01
1.774545460939407349e-01
1.681096702814102173e-01
2.036423832178115845e-01
1.777173876762390137e-01
2.284671515226364136e-01
1.810218989849090576e-01
2.176749706268310547e-01
2.029121667146682739e-01
2.375690639019012451e-01
1.721132844686508179e-01
1.761111170053482056e-01
2.153965830802917480e-01
1.753312945365905762e-01
2.238946408033370972e-01
1.923611164093017578e-01
2.100290656089782715e-01
1.960116773843765259e-01
2.158859521150588989e-01
1.684290021657943726e-01
2.231999933719635010e-01
1.903553307056427002e-01
1.732070297002792358e-01
1.889020055532455444e-01
1.998766213655471802e-01
1.991701275110244751e-01
2.131782919168472290e-01
2.013066560029983521e-01
1.863173246383666992e-01
1.871592998504638672e-01
1.845621019601821899e-01
2.276707589626312256e-01
1.987005919218063354e-01
1.861635148525238037e-01
1.939237266778945923e-01
1.937029361724853516e-01
1.895734667778015137e-01
2.056866288185119629e-01
1.865671575069427490e-01
1.869220584630966187e-01
1.912280768156051636e-01
1.811824589967727661e-01
1.827071607112884521e-01
2.110022604465484619e-01
2.249999940395355225e-01
1.862385272979736328e-01
2.053646296262741089e-01
1.720683574676513672e-01
2.168918848037719727e-01
2.560175061225891113e-01
2.090535014867782593e-01
2.221084982156753540e-01
2.042846232652664185e-01
1.933534741401672363e-01
2.001246809959411621e-01
1.878636777400970459e-01
1.808450669050216675e-01
1.985737830400466919e-01
1.848081499338150024e-01
2.168367356061935425e-01
1.850989460945129395e-01
2.146932929754257202e-01
2.106918245553970337e-01
1.737125217914581299e-01
2.066167294979095459e-01
2.165109068155288696e-01
1.673553735017776489e-01
1.935483813285827637e-01
1.850371211767196655e-01
1.748515963554382324e-01
1.854951232671737671e-01
1.997327953577041626e-01
2.100656479597091675e-01
1.893028914928436279e-01
1.832779645919799805e-01
2.065131068229675293e-01
1.759112477302551270e-01
1.989051103591918945e-01
1.944444477558135986e-01
2.057877779006958008e-01
1.973333358764648438e-01
2.154340893030166626e-01
2.162740826606750488e-01
1.773274242877960205e-01
2.109452784061431885e-01
2.127303183078765869e-01
2.072879374027252197e-01
2.332838028669357300e-01
1.873333305120468140e-01
2.182410359382629395e-01
1.785989254713058472e-01
1.903052031993865967e-01
1.905347257852554321e-01
2.050233632326126099e-01
2.110726684331893921e-01
1.954745501279830933e-01
1.912302076816558838e-01
1.784576177597045898e-01
2.517099976539611816e-01
1.848101317882537842e-01
2.089285701513290405e-01
1.952428072690963745e-01
2.040971219539642334e-01
1.874637305736541748e-01
1.870684176683425903e-01
1.774480640888214111e-01
1.888162642717361450e-01
1.721311509609222412e-01
2.276028990745544434e-01
1.992790997028350830e-01
1.905687898397445679e-01
1.973575502634048462e-01
2.101551443338394165e-01
2.023977488279342651e-01
1.690607666969299316e-01
1.746268719434738159e-01
1.756292879581451416e-01
2.249858677387237549e-01
1.745419502258300781e-01
1.807829141616821289e-01
2.068106383085250854e-01
1.975967884063720703e-01
1.860321313142776489e-01
1.786133944988250732e-01
1.654929518699645996e-01
1.998572498559951782e-01
1.837776452302932739e-01
1.825955808162689209e-01
1.904462575912475586e-01
1.930817663669586182e-01
1.923764199018478394e-01
1.917159706354141235e-01
1.895803213119506836e-01
1.730969697237014771e-01
1.949941813945770264e-01
2.306985259056091309e-01
1.949579864740371704e-01
1.972540020942687988e-01
1.871476918458938599e-01
2.058975696563720703e-01
1.878453046083450317e-01
1.968693584203720093e-01
2.216131538152694702e-01
2.225859314203262329e-01
1.916932910680770874e-01
1.876028478145599365e-01
1.963276863098144531e-01
1.994322240352630615e-01
1.938283443450927734e-01
1.859350055456161499e-01
2.228136807680130005e-01
1.862442046403884888e-01
2.182410359382629395e-01
2.043795585632324219e-01
1.811175346374511719e-01
1.915544718503952026e-01
2.158490568399429321e-01
1.969380676746368408e-01
2.081939727067947388e-01
2.177747637033462524e-01
1.771300435066223145e-01
1.854655593633651733e-01
1.731182783842086792e-01
2.210338711738586426e-01
2.034757435321807861e-01
1.935797631740570068e-01
2.272126823663711548e-01
2.043580710887908936e-01
2.143835574388504028e-01
2.005633860826492310e-01
2.181719243526458740e-01
1.794258356094360352e-01
2.226443737745285034e-01
1.919708102941513062e-01
1.820940822362899780e-01
1.812990754842758179e-01
2.004754394292831421e-01
2.032871991395950317e-01
1.909448802471160889e-01
2.138103097677230835e-01
1.799544394016265869e-01
1.914893686771392822e-01
1.891163736581802368e-01
1.808014959096908569e-01
2.143927961587905884e-01
1.851106584072113037e-01
1.910876184701919556e-01
1.897163093090057373e-01
1.883150786161422729e-01
1.791720539331436157e-01
1.813620030879974365e-01
1.811414361000061035e-01
2.075584828853607178e-01
1.930783241987228394e-01
2.006354928016662598e-01
1.816326528787612915e-01
2.021621614694595337e-01
1.990831643342971802e-01
1.730569899082183838e-01
2.033898234367370605e-01
2.173350602388381958e-01
1.884368360042572021e-01
1.968553513288497925e-01
1.987447738647460938e-01
2.092307657003402710e-01
2.027620822191238403e-01
1.952017396688461304e-01
1.729957759380340576e-01
1.789789795875549316e-01
2.254416942596435547e-01
1.980380117893218994e-01
2.124919444322586060e-01
1.860850304365158081e-01
2.267782390117645264e-01
2.132442295551300049e-01
2.004662007093429565e-01
2.119606286287307739e-01
1.832214742898941040e-01
1.806220114231109619e-01
1.971197128295898438e-01
2.270450741052627563e-01
1.773472428321838379e-01
1.810538172721862793e-01
1.981279253959655762e-01
2.249626368284225464e-01
1.887719333171844482e-01
2.020440250635147095e-01
1.986564248800277710e-01
2.065404504537582397e-01
2.056140303611755371e-01
2.033333331346511841e-01
1.919308304786682129e-01
1.798671483993530273e-01
1.958041936159133911e-01
1.789883226156234741e-01
2.101715654134750366e-01
2.165271937847137451e-01
2.026951164007186890e-01
1.991008371114730835e-01
2.082949280738830566e-01
1.889323592185974121e-01
2.198421657085418701e-01
2.066822052001953125e-01
2.031914889812469482e-01
1.961414813995361328e-01
1.935933083295822144e-01
1.857344657182693481e-01
1.874154210090637207e-01
1.657785624265670776e-01
1.709401756525039673e-01
2.117346972227096558e-01
1.958333402872085571e-01
1.846396625041961670e-01
2.157387584447860718e-01
1.753073185682296753e-01
2.214076220989227295e-01
1.707317084074020386e-01
2.115202993154525757e-01
1.762899309396743774e-01
2.063599526882171631e-01
2.100750207901000977e-01
1.876832842826843262e-01
2.074554264545440674e-01
1.785283535718917847e-01
2.021099328994750977e-01
2.056680172681808472e-01
1.681715548038482666e-01
1.898016929626464844e-01
1.926091760396957397e-01
2.021739184856414795e-01
1.925829499959945679e-01
1.972696185111999512e-01
2.179700434207916260e-01
1.826226860284805298e-01
1.860465109348297119e-01
1.669128537178039551e-01
2.084168344736099243e-01
2.343173474073410034e-01
1.780709028244018555e-01
1.935874223709106445e-01
2.084367275238037109e-01
1.919258832931518555e-01
2.067640274763107300e-01
2.151088416576385498e-01
2.093023210763931274e-01
1.737313419580459595e-01
1.856474280357360840e-01
2.004175335168838501e-01
1.893265545368194580e-01
1.983028203248977661e-01
2.089326232671737671e-01
1.975014805793762207e-01
2.214765101671218872e-01
2.010617107152938843e-01
1.932532936334609985e-01
2.017857134342193604e-01
1.895070075988769531e-01
1.890243887901306152e-01
2.229390740394592285e-01
1.821065992116928101e-01
2.132395952939987183e-01
1.976369470357894897e-01
1.960276365280151367e-01
1.853766590356826782e-01
1.998334676027297974e-01
1.983071416616439819e-01
2.125292718410491943e-01
1.917033344507217407e-01
2.113360315561294556e-01
1.800128072500228882e-01
1.706102043390274048e-01
1.859504133462905884e-01
1.984078437089920044e-01
1.815400272607803345e-01
2.047457695007324219e-01
1.979977786540985107e-01
1.760479062795639038e-01
1.880733966827392578e-01
1.932432502508163452e-01
2.183406054973602295e-01
1.819066107273101807e-01
1.993630528450012207e-01
1.802631616592407227e-01
2.037943750619888306e-01
1.903669685125350952e-01
1.778168976306915283e-01
2.257587015628814697e-01
1.713370680809020996e-01
2.259299755096435547e-01
1.867413669824600220e-01
1.896551698446273804e-01
2.101587355136871338e-01
1.774798929691314697e-01
2.096885740756988525e-01
1.795053035020828247e-01
1.592760235071182251e-01
2.003218084573745728e-01
1.814102530479431152e-01
2.037786841392517090e-01
1.920140981674194336e-01
2.099609375000000000e-01
1.806833148002624512e-01
1.984270960092544556e-01
2.044072896242141724e-01
2.021893113851547241e-01
1.878306865692138672e-01
1.976401209831237793e-01
1.854022443294525146e-01
2.153449356555938721e-01
2.087649405002593994e-01
2.027168273925781250e-01
1.924331337213516235e-01
2.088888883590698242e-01
1.973194330930709839e-01
2.013165056705474854e-01
2.169873863458633423e-01
2.037601619958877563e-01
1.968040317296981812e-01
1.846019178628921509e-01
1.898591518402099609e-01
1.979448348283767700e-01
1.681723445653915405e-01
2.069454342126846313e-01
1.962435245513916016e-01
1.912832856178283691e-01
2.035928070545196533e-01
2.042755335569381714e-01
1.956856697797775269e-01
1.846733689308166504e-01
1.977077424526214600e-01
2.050827443599700928e-01
1.822916716337203979e-01
1.681745648384094238e-01
1.934731900691986084e-01
2.232916206121444702e-01
2.089671790599822998e-01
1.600678712129592896e-01
1.945876330137252808e-01
1.775577515363693237e-01
1.995268166065216064e-01
1.718377023935317993e-01
1.640566736459732056e-01
1.931187510490417480e-01
1.993687599897384644e-01
2.040133774280548096e-01
2.180712372064590454e-01
2.151898741722106934e-01
2.193763852119445801e-01
1.996179521083831787e-01
1.954022943973541260e-01
1.737991273403167725e-01
1.980198025703430176e-01
1.800687313079833984e-01
1.878072768449783325e-01
1.965973526239395142e-01
1.697761267423629761e-01
2.010869532823562622e-01
1.889715045690536499e-01
2.090497761964797974e-01
1.965432167053222656e-01
1.991247236728668213e-01
1.898734122514724731e-01
2.033531665802001953e-01
1.921067833900451660e-01
1.988817900419235229e-01
1.928414851427078247e-01
1.904133707284927368e-01
2.459568679332733154e-01
1.988672167062759399e-01
2.156862765550613403e-01
2.343234270811080933e-01
2.071111053228378296e-01
2.145390063524246216e-01
1.913171410560607910e-01
2.216699868440628052e-01
2.096069902181625366e-01
1.758050471544265747e-01
1.924493610858917236e-01
1.856360286474227905e-01
1.913730204105377197e-01
1.988922506570816040e-01
1.950509399175643921e-01
2.028061151504516602e-01
1.851662397384643555e-01
1.974386274814605713e-01
2.102888077497482300e-01
1.895348876714706421e-01
1.865332126617431641e-01
1.863669306039810181e-01
1.952941119670867920e-01
2.078684717416763306e-01
1.777456700801849365e-01
1.750759929418563843e-01
2.238907814025878906e-01
2.237960398197174072e-01
1.880208402872085571e-01
1.937669366598129272e-01
1.890489906072616577e-01
1.917326301336288452e-01
2.250530719757080078e-01
1.818181872367858887e-01
1.885441541671752930e-01
1.735593229532241821e-01
1.953846216201782227e-01
2.218769490718841553e-01
2.066189646720886230e-01
1.742808818817138672e-01
1.804062128067016602e-01
2.172131091356277466e-01
2.080867886543273926e-01
1.852300316095352173e-01
1.997380554676055908e-01
1.769801974296569824e-01
2.067669183015823364e-01
1.938250362873077393e-01
2.219512164592742920e-01
2.089971899986267090e-01
2.007200717926025391e-01
1.851311922073364258e-01
1.873111724853515625e-01
1.845549792051315308e-01
2.449517101049423218e-01
1.982758641242980957e-01
1.737493276596069336e-01
2.045288532972335815e-01
2.023486942052841187e-01
2.100456655025482178e-01
2.099359035491943359e-01
1.995532363653182983e-01
1.881405562162399292e-01
2.066167294979095459e-01
1.816888004541397095e-01
2.161961346864700317e-01
1.763322949409484863e-01
2.027257233858108521e-01
1.791229099035263062e-01
2.171821296215057373e-01
2.068728506565093994e-01
1.992071419954299927e-01
1.742842793464660645e-01
2.290748953819274902e-01
2.200282067060470581e-01
1.827661842107772827e-01
1.859252750873565674e-01
2.017094045877456665e-01
2.101396024227142334e-01
2.285992205142974854e-01
1.832957118749618530e-01
1.915422827005386353e-01
2.103939652442932129e-01
2.375215142965316772e-01
2.022662907838821411e-01
1.778774261474609375e-01
1.920269578695297241e-01
1.749471426010131836e-01
1.992585659027099609e-01
2.014705836772918701e-01
1.991720348596572876e-01
2.039801031351089478e-01
1.856630891561508179e-01
2.001231461763381958e-01
1.702937930822372437e-01
1.872317641973495483e-01
2.122605293989181519e-01
1.765018552541732788e-01
2.319127917289733887e-01
1.937862038612365723e-01
1.947401314973831177e-01
2.081998735666275024e-01
1.958644390106201172e-01
1.829496026039123535e-01
2.122186422348022461e-01
2.217528969049453735e-01
2.005141377449035645e-01
1.830985844135284424e-01
1.907713562250137329e-01
2.109181135892868042e-01
2.072131186723709106e-01
2.283992022275924683e-01
1.962941586971282959e-01
2.071942389011383057e-01
1.643757224082946777e-01
2.276657074689865112e-01
2.352941185235977173e-01
1.993650794029235840e-01
1.921424120664596558e-01
1.870357841253280640e-01
1.944444477558135986e-01
2.028985470533370972e-01
2.051089406013488770e-01
2.033511102199554443e-01
1.979166716337203979e-01
1.993243247270584106e-01
2.078032195568084717e-01
1.989279389381408691e-01
2.029434591531753540e-01
1.851153969764709473e-01
1.839717775583267212e-01
1.669691503047943115e-01
2.240515351295471191e-01
1.839592605829238892e-01
2.218683660030364990e-01
1.982758641242980957e-01
2.040322571992874146e-01
2.163661569356918335e-01
1.954022943973541260e-01
1.962686628103256226e-01
1.797862052917480469e-01
1.990291327238082886e-01
1.930926144123077393e-01
1.788218766450881958e-01
1.820163428783416748e-01
1.970074772834777832e-01
1.738836318254470825e-01
1.843272596597671509e-01
1.901162862777709961e-01
2.003929316997528076e-01
1.816143542528152466e-01
2.039030939340591431e-01
1.981528103351593018e-01
2.078384757041931152e-01
1.878895759582519531e-01
1.987534612417221069e-01
2.125340551137924194e-01
1.803508698940277100e-01
2.266226559877395630e-01
1.910274922847747803e-01
1.885991543531417847e-01
1.765021532773971558e-01
1.845637559890747070e-01
1.799694895744323730e-01
1.955193430185317993e-01
1.967575550079345703e-01
2.079734206199645996e-01
2.059538215398788452e-01
2.266243994235992432e-01
1.765005141496658325e-01
1.901615262031555176e-01
1.681735962629318237e-01
2.144082337617874146e-01
1.992797106504440308e-01
1.963525861501693726e-01
1.817413419485092163e-01
1.813057810068130493e-01
1.862197369337081909e-01
1.920313537120819092e-01
2.128099203109741211e-01
1.886912286281585693e-01
2.110552787780761719e-01
2.088150233030319214e-01
1.700060665607452393e-01
1.842837333679199219e-01
2.003231048583984375e-01
1.829484850168228149e-01
1.798616498708724976e-01
1.961039006710052490e-01
1.889655143022537231e-01
1.843460351228713989e-01
2.005361914634704590e-01
1.679232418537139893e-01
1.963800936937332153e-01
1.945121884346008301e-01
1.991065740585327148e-01
1.976160556077957153e-01
2.179085761308670044e-01
1.701754331588745117e-01
1.860696524381637573e-01
2.073085010051727295e-01
1.981981992721557617e-01
2.051282078027725220e-01
2.207392156124114990e-01
1.905965656042098999e-01
2.001220285892486572e-01
2.276064604520797729e-01
2.071197479963302612e-01
1.853220760822296143e-01
2.129155993461608887e-01
2.024035453796386719e-01
1.828143000602722168e-01
1.894389390945434570e-01
2.160803973674774170e-01
2.021696269512176514e-01
1.985472142696380615e-01
2.027027010917663574e-01
1.876033097505569458e-01
1.734064370393753052e-01
1.986986994743347168e-01
2.253846228122711182e-01
1.991247236728668213e-01
2.060691565275192261e-01
2.169117629528045654e-01
1.994715929031372070e-01
2.061560451984405518e-01
2.371206730604171753e-01
1.905231922864913940e-01
1.815889030694961548e-01
1.922030895948410034e-01
2.025745213031768799e-01
1.980830729007720947e-01
1.992287933826446533e-01
1.790499389171600342e-01
1.874400824308395386e-01
1.854354292154312134e-01
2.308998256921768188e-01
1.934604942798614502e-01
1.787072271108627319e-01
1.948051899671554565e-01
1.988980770111083984e-01
1.796116530895233154e-01
1.821065992116928101e-01
1.765847355127334595e-01
1.718309819698333740e-01
1.947313994169235229e-01
1.927392780780792236e-01
1.998541206121444702e-01
1.888297945261001587e-01
1.757899373769760132e-01
1.979010552167892456e-01
2.134969383478164673e-01
1.880877763032913208e-01
2.166826426982879639e-01
2.041420191526412964e-01
2.410865873098373413e-01
2.004186362028121948e-01
2.322761267423629761e-01
1.895661205053329468e-01
1.955801099538803101e-01
2.060857564210891724e-01
1.722129732370376587e-01
2.068390399217605591e-01
1.931690871715545654e-01
1.787164956331253052e-01
1.928084343671798706e-01
2.115151584148406982e-01
1.987829655408859253e-01
1.963855475187301636e-01
1.969697028398513794e-01
1.772486716508865356e-01
1.946308761835098267e-01
2.102342844009399414e-01
2.042147517204284668e-01
2.036626040935516357e-01
2.001594901084899902e-01
2.134189903736114502e-01
2.236248850822448730e-01
1.817440986633300781e-01
1.789215654134750366e-01
1.917905211448669434e-01
2.079288065433502197e-01
2.007918506860733032e-01
2.003768831491470337e-01
1.958823502063751221e-01
1.810022443532943726e-01
2.061786502599716187e-01
1.973446011543273926e-01
1.898790895938873291e-01
2.449941039085388184e-01
2.107279747724533081e-01
2.051282078027725220e-01
1.802482455968856812e-01
1.874521821737289429e-01
2.079378813505172729e-01
2.016631960868835449e-01
2.119725197553634644e-01
2.071629166603088379e-01
1.926966309547424316e-01
2.021932899951934814e-01
1.960517317056655884e-01
1.938920468091964722e-01
1.975228190422058105e-01
1.793909072875976562e-01
2.239448726177215576e-01
2.112313210964202881e-01
1.959544867277145386e-01
2.090112566947937012e-01
1.807498633861541748e-01
1.849056631326675415e-01
2.123176604509353638e-01
2.181115448474884033e-01
2.121879607439041138e-01
1.922018378973007202e-01
2.030516415834426880e-01
1.828890293836593628e-01
2.159244269132614136e-01
2.192192226648330688e-01
2.032762467861175537e-01
1.740547567605972290e-01
1.932203322649002075e-01
2.115902900695800781e-01
2.021660655736923218e-01
2.396528720855712891e-01
2.232277542352676392e-01
1.844827532768249512e-01
1.884236484766006470e-01
2.011173218488693237e-01
1.960682868957519531e-01
2.169866263866424561e-01
2.061986029148101807e-01
1.938326060771942139e-01
1.771286576986312866e-01
2.071840912103652954e-01
2.048085480928421021e-01
1.813437640666961670e-01
1.635174453258514404e-01
1.916565895080566406e-01
1.926163733005523682e-01
2.211267650127410889e-01
1.965248584747314453e-01
1.979660987854003906e-01
1.997690498828887939e-01
2.400325536727905273e-01
2.338530123233795166e-01
1.773308962583541870e-01
1.906941235065460205e-01
1.963952779769897461e-01
1.923365890979766846e-01
2.043887078762054443e-01
1.838006228208541870e-01
2.279909700155258179e-01
1.818181872367858887e-01
2.185483872890472412e-01
1.570032536983489990e-01
2.194950878620147705e-01
2.235387116670608521e-01
1.924834996461868286e-01
1.997503191232681274e-01
2.103250473737716675e-01
2.155642062425613403e-01
1.942347288131713867e-01
2.042641043663024902e-01
1.851377338171005249e-01
2.016759812831878662e-01
1.696779280900955200e-01
1.915760934352874756e-01
1.974789947271347046e-01
1.976878643035888672e-01
1.930219531059265137e-01
1.772939413785934448e-01
1.968641132116317749e-01
2.176039069890975952e-01
1.931179761886596680e-01
2.332015782594680786e-01
2.063933312892913818e-01
2.018611282110214233e-01
1.893617063760757446e-01
1.950207501649856567e-01
2.596153914928436279e-01
2.005792856216430664e-01
1.966439485549926758e-01
2.160493880510330200e-01
1.893564313650131226e-01
2.088204026222229004e-01
1.867219954729080200e-01
1.608235985040664673e-01
1.824480295181274414e-01
1.968408226966857910e-01
2.127008438110351562e-01
1.727791428565979004e-01
1.866666674613952637e-01
1.920269578695297241e-01
1.767323613166809082e-01
1.919945776462554932e-01
1.983240246772766113e-01
1.957295387983322144e-01
1.955445557832717896e-01
2.005617916584014893e-01
1.855733692646026611e-01
2.329317331314086914e-01
2.073906511068344116e-01
1.798002272844314575e-01
1.974855959415435791e-01
2.114695310592651367e-01
1.715542525053024292e-01
2.215517312288284302e-01
1.923314779996871948e-01
1.983739882707595825e-01
2.137592136859893799e-01
2.046303153038024902e-01
2.341356724500656128e-01
1.852704286575317383e-01
1.929913610219955444e-01
1.908023506402969360e-01
1.931572109460830688e-01
1.848815977573394775e-01
2.063172012567520142e-01
1.853625178337097168e-01
1.939799338579177856e-01
1.957525461912155151e-01
2.190721631050109863e-01
1.917098462581634521e-01
2.295857965946197510e-01
1.899840980768203735e-01
2.231237292289733887e-01
1.897810250520706177e-01
1.937544345855712891e-01
1.884615421295166016e-01
2.238193005323410034e-01
1.868605315685272217e-01
2.248520702123641968e-01
1.821829825639724731e-01
2.081660032272338867e-01
2.080391049385070801e-01
1.841317415237426758e-01
1.855614930391311646e-01
1.833202242851257324e-01
2.083333283662796021e-01
1.887784898281097412e-01
2.078740149736404419e-01
1.908396929502487183e-01
1.882970780134201050e-01
1.825752705335617065e-01
2.003853619098663330e-01
1.818840652704238892e-01
2.113884538412094116e-01
1.815384626388549805e-01
1.930523961782455444e-01
1.943155378103256226e-01
2.098765373229980469e-01
1.978579461574554443e-01
1.993336975574493408e-01
2.053422331809997559e-01
2.023255825042724609e-01
1.903133839368820190e-01
1.888686120510101318e-01
2.038132846355438232e-01
2.278589904308319092e-01
1.946308761835098267e-01
1.863823980093002319e-01
1.832167804241180420e-01
2.009714692831039429e-01
1.986155509948730469e-01
1.981308460235595703e-01
2.120395302772521973e-01
1.924982368946075439e-01
2.094515711069107056e-01
2.095612287521362305e-01
2.072289139032363892e-01
2.022099494934082031e-01
1.932938843965530396e-01
1.903300136327743530e-01
1.752423495054244995e-01
1.945731341838836670e-01
2.215288579463958740e-01
1.836499720811843872e-01
1.952491253614425659e-01
2.039682567119598389e-01
1.869844198226928711e-01
2.354988455772399902e-01
2.238398492336273193e-01
2.083639055490493774e-01
2.338222563266754150e-01
1.815766096115112305e-01
1.968051046133041382e-01
2.037135213613510132e-01
1.825870573520660400e-01
1.799016147851943970e-01
2.189781069755554199e-01
1.995119005441665649e-01
1.689135581254959106e-01
2.054309397935867310e-01
1.891408115625381470e-01
1.832429170608520508e-01
2.166790813207626343e-01
1.893121153116226196e-01
1.965160518884658813e-01
1.827217191457748413e-01
2.095053344964981079e-01
2.062868326902389526e-01
1.897347122430801392e-01
2.086092680692672729e-01
1.974132061004638672e-01
1.974817812442779541e-01
2.010666728019714355e-01
1.684435009956359863e-01
2.101806253194808960e-01
1.922342479228973389e-01
1.786990761756896973e-01
2.237813919782638550e-01
1.888809651136398315e-01
2.138979434967041016e-01
2.062448710203170776e-01
1.854066997766494751e-01
2.059859186410903931e-01
2.126948833465576172e-01
2.103794664144515991e-01
2.192638963460922241e-01
2.109737247228622437e-01
1.980273127555847168e-01
1.859914809465408325e-01
1.825987398624420166e-01
1.857995986938476562e-01
1.686135083436965942e-01
2.262602597475051880e-01
1.929260492324829102e-01
1.935923695564270020e-01
1.926546394824981689e-01
2.035794109106063843e-01
2.342449426651000977e-01
1.865577846765518188e-01
1.944099366664886475e-01
1.881663054227828979e-01
2.119901180267333984e-01
2.131438702344894409e-01
1.934134811162948608e-01
1.901615262031555176e-01
2.046183496713638306e-01
1.863669306039810181e-01
1.922525167465209961e-01
1.775417327880859375e-01
1.892510056495666504e-01
2.176634222269058228e-01
2.054982781410217285e-01
2.017423212528228760e-01
2.053156197071075439e-01
2.142338454723358154e-01
1.834170818328857422e-01
1.994240432977676392e-01
1.851599663496017456e-01
1.976377964019775391e-01
1.828978657722473145e-01
1.792387515306472778e-01
2.249340415000915527e-01
1.934180110692977905e-01
1.987767517566680908e-01
1.764705926179885864e-01
1.736526936292648315e-01
2.189781069755554199e-01
1.815812289714813232e-01
2.015161067247390747e-01
1.710709333419799805e-01
2.087248265743255615e-01
1.942633688449859619e-01
1.913109719753265381e-01
1.962382495403289795e-01
2.176403254270553589e-01
2.149253785610198975e-01
1.799442917108535767e-01
1.720368266105651855e-01
1.675291061401367188e-01
2.010159641504287720e-01
1.765517294406890869e-01
1.902505010366439819e-01
1.962962895631790161e-01
1.761624068021774292e-01
2.120946496725082397e-01
2.059040516614913940e-01
2.119248211383819580e-01
1.994884908199310303e-01
2.374100685119628906e-01
1.800976842641830444e-01
1.992731690406799316e-01
1.965199559926986694e-01
2.048872113227844238e-01
2.101950943470001221e-01
2.345090508460998535e-01
1.973164975643157959e-01
1.950738877058029175e-01
1.756473034620285034e-01
1.790266484022140503e-01
2.053258568048477173e-01
1.874673664569854736e-01
1.916971951723098755e-01
1.984179317951202393e-01
1.839275658130645752e-01
2.128174155950546265e-01
2.093457877635955811e-01
2.142857164144515991e-01
1.780208796262741089e-01
1.832325011491775513e-01
1.755458563566207886e-01
2.092526704072952271e-01
2.201317101716995239e-01
1.928251087665557861e-01
2.043506950139999390e-01
2.025931924581527710e-01
2.265696078538894653e-01
1.890280246734619141e-01
1.925766468048095703e-01
1.988742947578430176e-01
1.836506128311157227e-01
1.855670064687728882e-01
1.922865062952041626e-01
1.788161993026733398e-01
2.111324369907379150e-01
1.960784345865249634e-01
1.981818228960037231e-01
1.906862705945968628e-01
2.082111388444900513e-01
1.863064765930175781e-01
2.100977152585983276e-01
2.329192608594894409e-01
2.153110057115554810e-01
1.816491037607192993e-01
1.856353580951690674e-01
2.093663960695266724e-01
2.033788114786148071e-01
1.800291538238525391e-01
1.986348181962966919e-01
1.919398903846740723e-01
2.174940854310989380e-01
1.982267200946807861e-01
2.100205868482589722e-01
2.000000029802322388e-01
1.916545331478118896e-01
2.137983292341232300e-01
2.117061018943786621e-01
1.963974386453628540e-01
1.962566822767257690e-01
1.946202516555786133e-01
1.983805596828460693e-01
2.169159948825836182e-01
2.198185622692108154e-01
1.867582798004150391e-01
2.240000069141387939e-01
1.911076456308364868e-01
2.162921279668807983e-01
1.850393712520599365e-01
1.831945478916168213e-01
1.666666716337203979e-01
1.913319230079650879e-01
1.957186609506607056e-01
2.027267366647720337e-01
2.054093629121780396e-01
1.936395764350891113e-01
1.933174282312393188e-01
2.364583313465118408e-01
1.700182855129241943e-01
2.373333275318145752e-01
1.910344809293746948e-01
1.983223557472229004e-01
2.270389348268508911e-01
1.823248416185379028e-01
1.913846135139465332e-01
1.875447332859039307e-01
1.951822042465209961e-01
1.984585672616958618e-01
1.837493330240249634e-01
2.211302220821380615e-01
1.990119963884353638e-01
2.144329845905303955e-01
1.934447288513183594e-01
1.902860999107360840e-01
2.021136134862899780e-01
2.355975955724716187e-01
1.987054944038391113e-01
2.074425965547561646e-01
1.852070987224578857e-01
2.049570977687835693e-01
2.036914974451065063e-01
1.850457191467285156e-01
1.924764961004257202e-01
2.057613134384155273e-01
1.790209859609603882e-01
2.222222238779067993e-01
1.700534820556640625e-01
2.128922790288925171e-01
2.160493880510330200e-01
2.005456984043121338e-01
1.906810104846954346e-01
2.004376351833343506e-01
1.763115227222442627e-01
1.905454546213150024e-01
1.870451271533966064e-01
2.112950384616851807e-01
1.829882413148880005e-01
1.902215480804443359e-01
1.749174892902374268e-01
1.895316839218139648e-01
1.807617843151092529e-01
1.710829436779022217e-01
2.126373648643493652e-01
2.243066877126693726e-01
2.080479413270950317e-01
1.750858277082443237e-01
2.129310369491577148e-01
2.028880864381790161e-01
1.920309960842132568e-01
1.966794431209564209e-01
2.056194096803665161e-01
1.773533374071121216e-01
2.257084995508193970e-01
1.829573959112167358e-01
1.937716305255889893e-01
2.024023979902267456e-01
1.916757971048355103e-01
2.180312722921371460e-01
1.699230372905731201e-01
1.759717315435409546e-01
1.880576461553573608e-01
2.043258100748062134e-01
2.113118618726730347e-01
2.142857164144515991e-01
1.996615976095199585e-01
2.063933312892913818e-01
2.146596908569335938e-01
1.725752502679824829e-01
1.937612444162368774e-01
1.927480846643447876e-01
2.041666656732559204e-01
2.103448212146759033e-01
1.796008795499801636e-01
2.067583054304122925e-01
1.962540745735168457e-01
1.913621276617050171e-01
2.080825418233871460e-01
2.278056889772415161e-01
1.891117542982101440e-01
2.071071565151214600e-01
2.094117701053619385e-01
1.895081996917724609e-01
1.803743690252304077e-01
1.959578245878219604e-01
1.826647520065307617e-01
2.168447524309158325e-01
2.075718045234680176e-01
1.987359523773193359e-01
2.133182883262634277e-01
1.927710771560668945e-01
1.842105239629745483e-01
2.012232393026351929e-01
1.794425100088119507e-01
1.984897553920745850e-01
2.238938063383102417e-01
1.931260228157043457e-01
1.981200277805328369e-01
2.164887338876724243e-01
2.341880351305007935e-01
1.931486874818801880e-01
1.886892169713973999e-01
2.408304512500762939e-01
1.988454163074493408e-01
1.789883226156234741e-01
1.864512115716934204e-01
2.121863812208175659e-01
2.079741358757019043e-01
2.369668185710906982e-01
1.936936974525451660e-01
1.794687658548355103e-01
2.057142853736877441e-01
1.893491148948669434e-01
1.747193783521652222e-01
2.081488072872161865e-01
1.958333402872085571e-01
1.892488896846771240e-01
1.978393048048019409e-01
1.945854425430297852e-01
2.180451154708862305e-01
1.982658952474594116e-01
2.133105844259262085e-01
1.800000071525573730e-01
1.880952417850494385e-01
2.170790135860443115e-01
2.190954834222793579e-01
1.891534328460693359e-01
1.791366934776306152e-01
2.369230836629867554e-01
1.730061322450637817e-01
1.857707500457763672e-01
1.884904056787490845e-01
2.035573124885559082e-01
2.113564610481262207e-01
2.132845818996429443e-01
2.130406647920608521e-01
1.852791905403137207e-01
1.919032633304595947e-01
1.825633347034454346e-01
2.202020138502120972e-01
1.997455507516860962e-01
2.031545788049697876e-01
2.257217913866043091e-01
2.098241299390792847e-01
2.118226587772369385e-01
2.021932899951934814e-01
1.932032704353332520e-01
1.975535154342651367e-01
1.925133615732192993e-01
1.846938729286193848e-01
1.975934207439422607e-01
1.964991539716720581e-01
1.881242990493774414e-01
1.980676352977752686e-01
1.824461668729782104e-01
2.116644829511642456e-01
2.311411947011947632e-01
2.332361489534378052e-01
2.056567519903182983e-01
1.979094147682189941e-01
1.811085045337677002e-01
1.828665584325790405e-01
1.709251105785369873e-01
1.869918704032897949e-01
2.052325606346130371e-01
2.076200991868972778e-01
2.055687159299850464e-01
2.068483531475067139e-01
1.854838728904724121e-01
2.076802551746368408e-01
1.950155794620513916e-01
2.135258316993713379e-01
2.046332061290740967e-01
2.002002000808715820e-01
2.045134007930755615e-01
1.906501054763793945e-01
1.984021365642547607e-01
1.760961860418319702e-01
1.965134739875793457e-01
1.902564167976379395e-01
1.845957934856414795e-01
1.806615740060806274e-01
1.791553199291229248e-01
1.935687214136123657e-01
2.039433121681213379e-01
1.944444477558135986e-01
2.145077735185623169e-01
2.074468135833740234e-01
2.198641747236251831e-01
2.171507626771926880e-01
2.029702961444854736e-01
2.286604344844818115e-01
1.570319235324859619e-01
2.028053700923919678e-01
2.226443737745285034e-01
1.931034475564956665e-01
2.125850319862365723e-01
1.890625059604644775e-01
2.085848450660705566e-01
2.120232731103897095e-01
2.136498540639877319e-01
2.110552787780761719e-01
2.401700317859649658e-01
1.993817687034606934e-01
2.116279006004333496e-01
1.885856091976165771e-01
2.204658836126327515e-01
2.023809552192687988e-01
2.003167122602462769e-01
1.832061111927032471e-01
1.943127959966659546e-01
1.895287930965423584e-01
2.098475992679595947e-01
2.025827318429946899e-01
2.021660655736923218e-01
2.079458981752395630e-01
1.840830445289611816e-01
2.012628316879272461e-01
1.714060008525848389e-01
1.741130053997039795e-01
1.907997876405715942e-01
2.168405354022979736e-01
1.978022009134292603e-01
1.885995715856552124e-01
2.097591906785964966e-01
2.087254077196121216e-01
2.116263806819915771e-01
1.950920224189758301e-01
1.803640425205230713e-01
1.865889281034469604e-01
1.864812970161437988e-01
2.048517465591430664e-01
1.858544200658798218e-01
2.017766535282135010e-01
2.147651016712188721e-01
2.162883877754211426e-01
2.040650397539138794e-01
2.140992134809494019e-01
2.268392443656921387e-01
1.718403548002243042e-01
1.896232217550277710e-01
1.903485208749771118e-01
2.284969538450241089e-01
2.003968209028244019e-01
2.087708413600921631e-01
1.798850595951080322e-01
2.013985961675643921e-01
2.141316086053848267e-01
2.304147481918334961e-01
2.083018869161605835e-01
1.864847242832183838e-01
2.044002860784530640e-01
1.782511174678802490e-01
2.089965343475341797e-01
2.162818908691406250e-01
2.051792889833450317e-01
2.007458060979843140e-01
2.135922312736511230e-01
2.048517465591430664e-01
1.836734712123870850e-01
2.022116929292678833e-01
2.174840122461318970e-01
2.132132202386856079e-01
1.805555522441864014e-01
1.814543008804321289e-01
2.009884715080261230e-01
2.175469994544982910e-01
1.830663681030273438e-01
2.233009636402130127e-01
2.025386244058609009e-01
2.164655774831771851e-01
2.336000055074691772e-01
1.975019574165344238e-01
2.000000029802322388e-01
1.740947067737579346e-01
2.017673105001449585e-01
2.059025466442108154e-01
2.056939452886581421e-01
1.976456046104431152e-01
1.871035993099212646e-01
1.950402110815048218e-01
2.043343633413314819e-01
1.907422244548797607e-01
1.936218738555908203e-01
2.082717865705490112e-01
1.827187687158584595e-01
2.044351994991302490e-01
1.914893686771392822e-01
2.113126963376998901e-01
1.944611668586730957e-01
2.008957117795944214e-01
2.186553627252578735e-01
1.914654672145843506e-01
2.091753184795379639e-01
1.919117718935012817e-01
2.023809552192687988e-01
1.873048841953277588e-01
2.080825418233871460e-01
1.843095123767852783e-01
1.901554465293884277e-01
1.657420247793197632e-01
1.914626508951187134e-01
1.878522187471389771e-01
2.053251415491104126e-01
2.078740149736404419e-01
1.960352361202239990e-01
1.915857642889022827e-01
2.153700143098831177e-01
1.997380554676055908e-01
1.955278217792510986e-01
1.861642301082611084e-01
1.860643178224563599e-01
1.553561389446258545e-01
1.819986701011657715e-01
2.095612287521362305e-01
2.131147533655166626e-01
1.939393877983093262e-01
2.133468091487884521e-01
2.325800359249114990e-01
1.929611712694168091e-01
2.084539681673049927e-01
2.061855643987655640e-01
1.997621804475784302e-01
2.049586772918701172e-01
2.297090291976928711e-01
2.005181312561035156e-01
2.157534211874008179e-01
2.136862426996231079e-01
1.964831799268722534e-01
2.125645428895950317e-01
2.040110677480697632e-01
2.111189365386962891e-01
1.769470423460006714e-01
2.049780339002609253e-01
2.082695215940475464e-01
1.871281713247299194e-01
1.983914226293563843e-01
2.164119035005569458e-01
1.892551928758621216e-01
1.987616121768951416e-01
2.055513858795166016e-01
2.077702730894088745e-01
1.744885742664337158e-01
2.030848264694213867e-01
1.689280867576599121e-01
1.987491250038146973e-01
1.939799338579177856e-01
1.974612176418304443e-01
2.178729623556137085e-01
1.944444477558135986e-01
1.855477839708328247e-01
1.751067787408828735e-01
1.914734542369842529e-01
2.051767706871032715e-01
1.956135183572769165e-01
1.838235259056091309e-01
2.065619230270385742e-01
1.914893686771392822e-01
2.005730718374252319e-01
1.874554455280303955e-01
2.268041223287582397e-01
1.964496970176696777e-01
1.921397447586059570e-01
2.028343677520751953e-01
1.896008402109146118e-01
1.936936974525451660e-01
2.269430011510848999e-01
1.931986212730407715e-01
1.916985213756561279e-01
1.572580635547637939e-01
2.099697887897491455e-01
1.893704831600189209e-01
1.866028755903244019e-01
1.853281855583190918e-01
1.826156228780746460e-01
2.095451205968856812e-01
1.882510036230087280e-01
1.972451806068420410e-01
1.779475957155227661e-01
1.692663133144378662e-01
1.659646183252334595e-01
2.134602367877960205e-01
1.686577647924423218e-01
1.795311570167541504e-01
1.908809840679168701e-01
2.318021208047866821e-01
2.094081938266754150e-01
2.018201351165771484e-01
1.972645968198776245e-01
1.693163812160491943e-01
2.040719687938690186e-01
1.876347959041595459e-01
2.179487198591232300e-01
1.821345686912536621e-01
2.065146565437316895e-01
2.053454965353012085e-01
1.968693584203720093e-01
2.089552283287048340e-01
2.163009345531463623e-01
1.639854758977890015e-01
1.882352977991104126e-01
1.930309683084487915e-01
1.816037744283676147e-01
1.992277950048446655e-01
2.228989005088806152e-01
1.878787875175476074e-01
1.812130212783813477e-01
2.115959376096725464e-01
2.234762907028198242e-01
1.926203817129135132e-01
1.995412856340408325e-01
1.805447489023208618e-01
2.121604084968566895e-01
1.927860677242279053e-01
2.065508067607879639e-01
2.051094919443130493e-01
1.787072271108627319e-01
2.004121541976928711e-01
2.093308717012405396e-01
1.896551698446273804e-01
2.032520323991775513e-01
2.055154293775558472e-01
1.958606690168380737e-01
1.977528035640716553e-01
2.029208242893218994e-01
2.016129046678543091e-01
2.008520960807800293e-01
2.006552070379257202e-01
1.871061623096466064e-01
1.629726141691207886e-01
2.061340957880020142e-01
2.461814880371093750e-01
2.029994577169418335e-01
1.993318498134613037e-01
2.141414135694503784e-01
2.126623392105102539e-01
2.328042387962341309e-01
1.768231838941574097e-01
1.767676770687103271e-01
1.889346688985824585e-01
2.126623392105102539e-01
2.003424614667892456e-01
1.994269341230392456e-01
2.076655030250549316e-01
2.222222238779067993e-01
1.870967745780944824e-01
2.093023210763931274e-01
1.914087235927581787e-01
1.925423741340637207e-01
1.984790861606597900e-01
1.867187470197677612e-01
2.097378224134445190e-01
2.000000029802322388e-01
1.900452524423599243e-01
1.982032507658004761e-01
1.952356249094009399e-01
2.033799588680267334e-01
1.814569532871246338e-01
2.177804261445999146e-01
1.896333694458007812e-01
1.939333677291870117e-01
2.082670927047729492e-01
1.937377750873565674e-01
2.139570564031600952e-01
2.198309004306793213e-01
2.104863226413726807e-01
1.829652935266494751e-01
1.930851042270660400e-01
2.243243306875228882e-01
1.975308656692504883e-01
2.135366946458816528e-01
1.920938789844512939e-01
1.955211013555526733e-01
1.850709468126296997e-01
1.946787834167480469e-01
1.906802356243133545e-01
2.235455811023712158e-01
1.870794147253036499e-01
1.965367943048477173e-01
2.311756908893585205e-01
2.166140973567962646e-01
2.101865112781524658e-01
2.085187584161758423e-01
2.327586263418197632e-01
2.067089825868606567e-01
2.161223143339157104e-01
2.100334465503692627e-01
2.071178555488586426e-01
2.197149693965911865e-01
1.999057084321975708e-01
1.849078387022018433e-01
2.107513695955276489e-01
1.882921010255813599e-01
1.909814327955245972e-01
1.915303170680999756e-01
1.925701349973678589e-01
1.979166716337203979e-01
1.814115345478057861e-01
1.804232746362686157e-01
1.850882917642593384e-01
1.892668902873992920e-01
2.112776637077331543e-01
1.780821979045867920e-01
2.020802348852157593e-01
1.771428585052490234e-01
2.098623812198638916e-01
2.147368490695953369e-01
2.015931308269500732e-01
1.736760139465332031e-01
1.937461644411087036e-01
2.302867323160171509e-01
1.949651837348937988e-01
1.897637844085693359e-01
1.919302046298980713e-01
1.967717111110687256e-01
2.058486193418502808e-01
1.763553172349929810e-01
1.876724958419799805e-01
1.912858635187149048e-01
2.242194861173629761e-01
2.163436412811279297e-01
2.188054472208023071e-01
2.109533399343490601e-01
1.879518032073974609e-01
2.360128611326217651e-01
1.985815614461898804e-01
1.886949241161346436e-01
2.128027677536010742e-01
1.644927561283111572e-01
1.740666031837463379e-01
1.917475759983062744e-01
2.109845876693725586e-01
1.917272210121154785e-01
2.211906015872955322e-01
1.680092066526412964e-01
1.902384907007217407e-01
1.848928928375244141e-01
1.876712292432785034e-01
1.904761940240859985e-01
2.121580541133880615e-01
1.799628883600234985e-01
1.967532485723495483e-01
2.309509813785552979e-01
1.606008112430572510e-01
2.021857947111129761e-01
2.174979597330093384e-01
2.008928507566452026e-01
2.105943113565444946e-01
1.962560415267944336e-01
1.834182441234588623e-01
1.866666674613952637e-01
2.168918848037719727e-01
1.810918748378753662e-01
2.170747816562652588e-01
2.117061018943786621e-01
2.028549909591674805e-01
2.263719439506530762e-01
1.961832046508789062e-01
2.212267369031906128e-01
1.982399225234985352e-01
1.926389932632446289e-01
1.824480295181274414e-01
2.146464586257934570e-01
2.016752511262893677e-01
1.977124214172363281e-01
2.080408483743667603e-01
2.070524394512176514e-01
1.834228634834289551e-01
2.001450359821319580e-01
1.962560415267944336e-01
2.060773521661758423e-01
1.782847493886947632e-01
2.106893807649612427e-01
1.737257689237594604e-01
2.027472555637359619e-01
2.066115736961364746e-01
2.201219499111175537e-01
1.835084855556488037e-01
1.870560348033905029e-01
2.126482278108596802e-01
2.034534513950347900e-01
1.960651278495788574e-01
1.970284283161163330e-01
2.293676286935806274e-01
2.201405167579650879e-01
1.775577515363693237e-01
1.927710771560668945e-01
2.036067545413970947e-01
2.057877779006958008e-01
1.996466368436813354e-01
1.951219439506530762e-01
1.911372095346450806e-01
1.838516145944595337e-01
2.194244563579559326e-01
2.059800624847412109e-01
2.062537521123886108e-01
1.845930218696594238e-01
2.194211035966873169e-01
1.739130467176437378e-01
1.921296268701553345e-01
2.149712145328521729e-01
1.866028755903244019e-01
2.239297479391098022e-01
1.916757971048355103e-01
1.880246251821517944e-01
2.033492773771286011e-01
1.940126717090606689e-01
2.162809222936630249e-01
1.961345672607421875e-01
1.874144971370697021e-01
1.902017295360565186e-01
2.467263936996459961e-01
1.878483891487121582e-01
1.872510015964508057e-01
2.004146575927734375e-01
1.782312989234924316e-01
2.043321281671524048e-01
1.889580041170120239e-01
1.932733356952667236e-01
2.097716480493545532e-01
2.088404893875122070e-01
2.297628819942474365e-01
1.881918758153915405e-01
2.109443992376327515e-01
1.986206918954849243e-01
1.917701810598373413e-01
2.138200849294662476e-01
1.901949197053909302e-01
1.990979313850402832e-01
2.132132202386856079e-01
1.998456716537475586e-01
2.033762037754058838e-01
1.838897764682769775e-01
1.879699230194091797e-01
1.851674616336822510e-01
1.952802389860153198e-01
1.983967870473861694e-01
2.031250000000000000e-01
1.980602294206619263e-01
1.841059625148773193e-01
1.997397541999816895e-01
2.292191386222839355e-01
2.107657343149185181e-01
2.415902167558670044e-01
2.073643356561660767e-01
1.943295896053314209e-01
1.744185984134674072e-01
1.874095499515533447e-01
2.077419310808181763e-01
1.807647794485092163e-01
1.844971179962158203e-01
2.369077354669570923e-01
2.132132202386856079e-01
2.098950594663619995e-01
1.953223794698715210e-01
1.756146550178527832e-01
2.000000029802322388e-01
1.978163123130798340e-01
1.644695550203323364e-01
1.937716305255889893e-01
2.034949213266372681e-01
2.061591148376464844e-01
1.859122365713119507e-01
2.102607190608978271e-01
1.819228529930114746e-01
2.017416507005691528e-01
2.390109896659851074e-01
2.069754153490066528e-01
1.937799006700515747e-01
1.871313601732254028e-01
2.002752870321273804e-01
2.113943099975585938e-01
1.819960922002792358e-01
1.841584146022796631e-01
2.137883007526397705e-01
2.373443990945816040e-01
2.022711187601089478e-01
1.931922733783721924e-01
1.768545955419540405e-01
1.866171061992645264e-01
1.630506217479705811e-01
1.895424872636795044e-01
2.140871137380599976e-01
2.034050226211547852e-01
1.836313605308532715e-01
1.819980144500732422e-01
2.011464238166809082e-01
2.139765024185180664e-01
1.796443909406661987e-01
2.433297783136367798e-01
2.198007404804229736e-01
2.070783078670501709e-01
1.800711750984191895e-01
1.705221384763717651e-01
1.913646012544631958e-01
2.062256783246994019e-01
1.770833283662796021e-01
1.792642176151275635e-01
2.126937955617904663e-01
1.774949729442596436e-01
2.082019001245498657e-01
1.723459959030151367e-01
2.016293257474899292e-01
1.799738258123397827e-01
1.876712292432785034e-01
1.645939946174621582e-01
2.346570342779159546e-01
2.184655368328094482e-01
2.254722714424133301e-01
1.981287896633148193e-01
2.119895815849304199e-01
1.746724843978881836e-01
1.804670840501785278e-01
1.911764740943908691e-01
1.970059871673583984e-01
2.108285427093505859e-01
1.994996815919876099e-01
2.342569231986999512e-01
1.863084882497787476e-01
1.846153885126113892e-01
1.790799498558044434e-01
2.346153855323791504e-01
2.136248946189880371e-01
1.852450221776962280e-01
2.082940638065338135e-01
2.122040092945098877e-01
2.052173912525177002e-01
1.966777443885803223e-01
1.895321160554885864e-01
1.777879297733306885e-01
1.826330572366714478e-01
1.975000053644180298e-01
2.164179086685180664e-01
2.077409178018569946e-01
2.017783820629119873e-01
2.121794819831848145e-01
1.983390301465988159e-01
2.039141356945037842e-01
2.056641876697540283e-01
2.055953145027160645e-01
2.094550281763076782e-01
2.046014815568923950e-01
2.043243199586868286e-01
1.838961094617843628e-01
2.056932896375656128e-01
2.055888175964355469e-01
1.830559819936752319e-01
2.023346275091171265e-01
1.979759633541107178e-01
1.789310574531555176e-01
2.000000029802322388e-01
1.796743422746658325e-01
1.782608628273010254e-01
2.260514050722122192e-01
1.842279583215713501e-01
2.029262036085128784e-01
1.968569010496139526e-01
1.807387918233871460e-01
2.070967704057693481e-01
1.984408199787139893e-01
1.796526014804840088e-01
2.161885201930999756e-01
1.828182339668273926e-01
2.069236785173416138e-01
2.262969613075256348e-01
2.520576119422912598e-01
2.119102925062179565e-01
2.067605704069137573e-01
1.921487599611282349e-01
1.931443661451339722e-01
1.855779439210891724e-01
2.104637324810028076e-01
2.214285731315612793e-01
2.071788460016250610e-01
2.223059535026550293e-01
2.059719711542129517e-01
2.132018208503723145e-01
2.092686444520950317e-01
1.820895522832870483e-01
2.081180810928344727e-01
1.972386538982391357e-01
2.140077799558639526e-01
1.821829825639724731e-01
2.145564854145050049e-01
1.981351971626281738e-01
2.047440707683563232e-01
1.758076697587966919e-01
2.006078958511352539e-01
1.975051909685134888e-01
1.987023502588272095e-01
1.778168976306915283e-01
1.961722522974014282e-01
1.975708454847335815e-01
1.939209699630737305e-01
2.132442295551300049e-01
1.848684251308441162e-01
2.079131156206130981e-01
2.085084021091461182e-01
1.591240912675857544e-01
1.841038167476654053e-01
1.800433844327926636e-01
1.736211031675338745e-01
2.084106355905532837e-01
2.162698358297348022e-01
2.090290635824203491e-01
1.862514615058898926e-01
1.984797269105911255e-01
2.038484662771224976e-01
1.944223046302795410e-01
1.660649776458740234e-01
2.048719525337219238e-01
1.709753274917602539e-01
2.041763365268707275e-01
1.824451386928558350e-01
1.807967275381088257e-01
2.107623368501663208e-01
1.978699564933776855e-01
1.977513283491134644e-01
2.158844769001007080e-01
2.108433693647384644e-01
2.335726171731948853e-01
2.034438848495483398e-01
2.320312559604644775e-01
1.876260936260223389e-01
1.754580736160278320e-01
1.893780529499053955e-01
1.831765323877334595e-01
1.745894551277160645e-01
2.281818240880966187e-01
2.059380859136581421e-01
2.053571492433547974e-01
1.866515874862670898e-01
2.292387485504150391e-01
1.903959512710571289e-01
1.784762889146804810e-01
2.041477710008621216e-01
1.867704242467880249e-01
1.933784782886505127e-01
1.936758905649185181e-01
1.932255625724792480e-01
1.825795620679855347e-01
2.075726836919784546e-01
2.004421502351760864e-01
1.718602478504180908e-01
1.812297701835632324e-01
2.077151387929916382e-01
2.043222039937973022e-01
2.000000029802322388e-01
1.871698051691055298e-01
2.049102932214736938e-01
1.919254660606384277e-01
1.936864703893661499e-01
2.040063291788101196e-01
1.932021528482437134e-01
1.763767004013061523e-01
2.052091509103775024e-01
1.963446438312530518e-01
2.071516662836074829e-01
2.026335000991821289e-01
2.129221707582473755e-01
1.893988400697708130e-01
1.777777820825576782e-01
1.914311796426773071e-01
1.880809217691421509e-01
1.934328377246856689e-01
1.830265820026397705e-01
1.902251988649368286e-01
1.932895630598068237e-01
1.955903321504592896e-01
2.378640770912170410e-01
2.000000029802322388e-01
1.829375475645065308e-01
2.043842673301696777e-01
1.965859085321426392e-01
2.157772630453109741e-01
1.814207583665847778e-01
1.925272494554519653e-01
2.017621099948883057e-01
1.894604712724685669e-01
2.128301858901977539e-01
2.019597142934799194e-01
2.100238651037216187e-01
2.150997221469879150e-01
1.742946654558181763e-01
2.003948688507080078e-01
1.931119263172149658e-01
1.754484325647354126e-01
2.061907202005386353e-01
2.094499319791793823e-01
1.808855235576629639e-01
1.973918229341506958e-01
2.166331261396408081e-01
2.155997008085250854e-01
2.001819908618927002e-01
2.035335749387741089e-01
2.216494828462600708e-01
1.921424120664596558e-01
2.012012004852294922e-01
2.085987329483032227e-01
1.799232065677642822e-01
2.195121943950653076e-01
2.173678576946258545e-01
1.995260715484619141e-01
1.848534196615219116e-01
1.887080371379852295e-01
2.279171198606491089e-01
2.358366250991821289e-01
1.904069781303405762e-01
1.939321905374526978e-01
2.080078125000000000e-01
1.905634403228759766e-01
1.825355142354965210e-01
1.936064809560775757e-01
1.948529481887817383e-01
2.005102038383483887e-01
2.260536402463912964e-01
2.026275843381881714e-01
2.091656923294067383e-01
1.623036712408065796e-01
1.890091598033905029e-01
1.871316283941268921e-01
2.078651636838912964e-01
1.885576099157333374e-01
1.981637328863143921e-01
1.863636374473571777e-01
1.865315884351730347e-01
1.946264803409576416e-01
2.010050266981124878e-01
2.064752578735351562e-01
2.232346236705780029e-01
2.022116929292678833e-01
1.935047358274459839e-01
2.412790656089782715e-01
2.073887437582015991e-01
1.981566846370697021e-01
2.251838296651840210e-01
2.047546058893203735e-01
2.051104903221130371e-01
1.763779520988464355e-01
1.963302791118621826e-01
2.275334596633911133e-01
1.963330805301666260e-01
2.141833752393722534e-01
2.045315355062484741e-01
1.899695992469787598e-01
1.984069496393203735e-01
1.919105052947998047e-01
2.115572988986968994e-01
1.868613064289093018e-01
2.007575780153274536e-01
2.103064060211181641e-01
1.940220296382904053e-01
1.851595044136047363e-01
2.362542897462844849e-01
2.104462534189224243e-01
2.222222238779067993e-01
2.025641053915023804e-01
2.173358798027038574e-01
1.790916919708251953e-01
1.841914504766464233e-01
2.047654539346694946e-01
1.998557001352310181e-01
2.188841253519058228e-01
1.985968649387359619e-01
1.807339489459991455e-01
1.967213153839111328e-01
1.854795962572097778e-01
2.098765373229980469e-01
2.210526317358016968e-01
1.942307651042938232e-01
2.021764069795608521e-01
2.119914293289184570e-01
1.927424222230911255e-01
2.075176239013671875e-01
2.023346275091171265e-01
2.256568819284439087e-01
2.051465362310409546e-01
1.935672461986541748e-01
1.815365552902221680e-01
2.093160450458526611e-01
2.036363631486892700e-01
2.141844034194946289e-01
2.070967704057693481e-01
1.896220445632934570e-01
2.158385068178176880e-01
1.867007613182067871e-01
2.157339751720428467e-01
1.941438615322113037e-01
2.114451974630355835e-01
2.170040458440780640e-01
2.244668900966644287e-01
1.928020566701889038e-01
1.959716975688934326e-01
2.428884059190750122e-01
2.124444395303726196e-01
2.003081589937210083e-01
1.921671032905578613e-01
2.097457647323608398e-01
2.403035461902618408e-01
2.059719711542129517e-01
1.884760409593582153e-01
2.134751826524734497e-01
2.164461314678192139e-01
1.862210035324096680e-01
1.920903921127319336e-01
1.991951763629913330e-01
1.946150213479995728e-01
1.915008127689361572e-01
2.104761898517608643e-01
2.049092799425125122e-01
2.006980776786804199e-01
2.104085087776184082e-01
1.741758286952972412e-01
2.257001698017120361e-01
2.210264950990676880e-01
1.895910799503326416e-01
2.002472132444381714e-01
2.293762564659118652e-01
1.900191903114318848e-01
1.859971731901168823e-01
1.933842301368713379e-01
1.906854063272476196e-01
2.093918472528457642e-01
2.190963327884674072e-01
1.931540369987487793e-01
1.927609443664550781e-01
2.162685543298721313e-01
2.028549909591674805e-01
1.985731273889541626e-01
1.915384680032730103e-01
1.977186352014541626e-01
2.079313993453979492e-01
1.878322511911392212e-01
1.789830476045608521e-01
2.215088307857513428e-01
2.266928404569625854e-01
2.269868552684783936e-01
2.023644000291824341e-01
1.985865682363510132e-01
1.983471065759658813e-01
2.236503809690475464e-01
1.991403996944427490e-01
2.009237855672836304e-01
1.800379008054733276e-01
2.111742496490478516e-01
1.838351786136627197e-01
2.189090847969055176e-01
2.158393710851669312e-01
1.908638626337051392e-01
1.981063336133956909e-01
1.836616396903991699e-01
2.008577585220336914e-01
2.117263823747634888e-01
1.934501081705093384e-01
2.207943946123123169e-01
2.148936241865158081e-01
2.059447914361953735e-01
2.029639184474945068e-01
2.106567472219467163e-01
2.037953734397888184e-01
2.147766351699829102e-01
1.843853890895843506e-01
2.057100981473922729e-01
1.862567812204360962e-01
1.860706806182861328e-01
1.764408499002456665e-01
2.042253464460372925e-01
2.034500241279602051e-01
1.803865432739257812e-01
2.416165024042129517e-01
1.673493236303329468e-01
1.956393569707870483e-01
2.046511620283126831e-01
1.899705082178115845e-01
2.019282281398773193e-01
2.179276347160339355e-01
1.870920956134796143e-01
2.183908075094223022e-01
1.916780322790145874e-01
1.768255829811096191e-01
2.046413570642471313e-01
2.337770313024520874e-01
1.803561151027679443e-01
1.914331018924713135e-01
2.227302342653274536e-01
1.859917640686035156e-01
1.946517378091812134e-01
1.959770172834396362e-01
2.003366947174072266e-01
2.016201615333557129e-01
1.736654788255691528e-01
1.882716119289398193e-01
2.113821208477020264e-01
1.733435988426208496e-01
2.000000029802322388e-01
1.847826093435287476e-01
2.085020244121551514e-01
1.894736886024475098e-01
2.054380625486373901e-01
1.758169978857040405e-01
1.776198893785476685e-01
2.122904956340789795e-01
2.128017991781234741e-01
2.008647769689559937e-01
1.969309449195861816e-01
2.247899174690246582e-01
2.313363999128341675e-01
1.714635640382766724e-01
1.998870670795440674e-01
1.854058057069778442e-01
2.115563899278640747e-01
2.049278914928436279e-01
2.129485160112380981e-01
2.073557376861572266e-01
1.993437260389328003e-01
1.993127167224884033e-01
1.936671584844589233e-01
2.179802954196929932e-01
1.945244967937469482e-01
1.942060142755508423e-01
1.995425969362258911e-01
2.163608521223068237e-01
2.142857164144515991e-01
2.082076072692871094e-01
2.168458849191665649e-01
1.956668943166732788e-01
2.089552283287048340e-01
2.145214527845382690e-01
2.079015523195266724e-01
1.930533051490783691e-01
2.066815197467803955e-01
1.998781263828277588e-01
1.937499940395355225e-01
1.724652051925659180e-01
2.130697369575500488e-01
1.937783509492874146e-01
2.055185586214065552e-01
1.983071416616439819e-01
2.004100531339645386e-01
1.787271201610565186e-01
1.994835436344146729e-01
2.047532051801681519e-01
1.917732059955596924e-01
2.022873461246490479e-01
2.102803736925125122e-01
1.886341869831085205e-01
2.014446258544921875e-01
1.853932589292526245e-01
1.828746199607849121e-01
1.998394876718521118e-01
2.037422060966491699e-01
2.095019966363906860e-01
2.222222238779067993e-01
1.836065500974655151e-01
1.939597278833389282e-01
1.987066417932510376e-01
2.455429434776306152e-01
1.897856295108795166e-01
1.868191659450531006e-01
1.977124214172363281e-01
2.037735879421234131e-01
2.101636528968811035e-01
1.831345856189727783e-01
1.981132030487060547e-01
2.166859805583953857e-01
2.161235064268112183e-01
1.996644288301467896e-01
2.136045843362808228e-01
1.854569762945175171e-01
2.199312746524810791e-01
1.882578134536743164e-01
1.949685513973236084e-01
2.098214328289031982e-01
2.024901658296585083e-01
2.014627605676651001e-01
1.798128336668014526e-01
2.334905713796615601e-01
1.931897103786468506e-01
1.919708102941513062e-01
2.026300132274627686e-01
1.925498396158218384e-01
1.818181872367858887e-01
2.062868326902389526e-01
2.286931872367858887e-01
2.014925330877304077e-01
1.892189234495162964e-01
2.074199020862579346e-01
1.912076324224472046e-01
2.159228026866912842e-01
1.967840790748596191e-01
2.148317992687225342e-01
1.938514113426208496e-01
2.120743095874786377e-01
1.743396222591400146e-01
1.941438615322113037e-01
1.884222477674484253e-01
2.022828161716461182e-01
2.014388442039489746e-01
1.941615790128707886e-01
2.060027271509170532e-01
1.713106334209442139e-01
2.230332493782043457e-01
1.792303621768951416e-01
2.230311036109924316e-01
1.945594251155853271e-01
1.982182562351226807e-01
2.159329205751419067e-01
1.846537739038467407e-01
2.215909063816070557e-01
1.972878426313400269e-01
2.018507868051528931e-01
2.055888175964355469e-01
1.946524083614349365e-01
1.882247924804687500e-01
2.062883377075195312e-01
1.764091849327087402e-01
2.132442295551300049e-01
2.005847990512847900e-01
2.107784450054168701e-01
2.181484848260879517e-01
1.964385062456130981e-01
1.996726691722869873e-01
1.876519173383712769e-01
1.766644716262817383e-01
1.948051899671554565e-01
1.835573911666870117e-01
2.063789814710617065e-01
2.190476208925247192e-01
2.171659022569656372e-01
2.000000029802322388e-01
1.845559775829315186e-01
1.850267350673675537e-01
1.897404193878173828e-01
2.023082077503204346e-01
1.950696706771850586e-01
2.042606472969055176e-01
1.896551698446273804e-01
1.976095587015151978e-01
2.129112333059310913e-01
2.167300432920455933e-01
2.060140818357467651e-01
1.884480714797973633e-01
2.010723799467086792e-01
2.192564308643341064e-01
1.922005563974380493e-01
1.798780560493469238e-01
1.915367543697357178e-01
2.121428549289703369e-01
1.775976419448852539e-01
2.006831765174865723e-01
1.774716377258300781e-01
1.862416118383407593e-01
1.966244727373123169e-01
2.228773534297943115e-01
1.711263209581375122e-01
2.115117907524108887e-01
1.968911886215209961e-01
1.736941486597061157e-01
2.380952388048171997e-01
1.857813596725463867e-01
2.248459905385971069e-01
1.891634911298751831e-01
1.802417188882827759e-01
1.898569613695144653e-01
1.924715936183929443e-01
1.998514086008071899e-01
1.873705983161926270e-01
2.169625312089920044e-01
1.932725161314010620e-01
2.160493880510330200e-01
2.096399515867233276e-01
1.993007063865661621e-01
1.765612959861755371e-01
1.884595006704330444e-01
2.328094244003295898e-01
2.199861258268356323e-01
2.169954478740692139e-01
2.192690968513488770e-01
1.887573897838592529e-01
1.670682728290557861e-01
1.822810620069503784e-01
2.119323313236236572e-01
1.896805912256240845e-01
2.184684723615646362e-01
1.867339611053466797e-01
2.042377889156341553e-01
1.640253514051437378e-01
2.395118176937103271e-01
2.091062366962432861e-01
1.954022943973541260e-01
2.026699036359786987e-01
1.870629340410232544e-01
1.933614313602447510e-01
2.171232849359512329e-01
2.117552310228347778e-01
1.954248398542404175e-01
2.297496348619461060e-01
1.984496116638183594e-01
2.088167071342468262e-01
2.135572880506515503e-01
2.016393393278121948e-01
2.034454494714736938e-01
2.052830159664154053e-01
1.891064941883087158e-01
1.959219872951507568e-01
1.771604865789413452e-01
1.882868111133575439e-01
2.005494534969329834e-01
2.132075428962707520e-01
1.810202896595001221e-01
2.135167419910430908e-01
1.995548903942108154e-01
1.943645775318145752e-01
2.002147138118743896e-01
1.950852572917938232e-01
1.908687353134155273e-01
1.952954083681106567e-01
2.021330595016479492e-01
1.820809245109558105e-01
2.076155990362167358e-01
2.157622724771499634e-01
2.061368972063064575e-01
2.090837955474853516e-01
2.030134797096252441e-01
2.245033085346221924e-01
2.132736742496490479e-01
2.150482982397079468e-01
2.106109261512756348e-01
1.710189431905746460e-01
2.256198376417160034e-01
2.128813564777374268e-01
1.980758309364318848e-01
2.268398255109786987e-01
2.408963590860366821e-01
1.949152499437332153e-01
2.260162532329559326e-01
2.099871933460235596e-01
1.988514065742492676e-01
2.074375301599502563e-01
1.836337000131607056e-01
2.035623341798782349e-01
2.216713875532150269e-01
2.080291956663131714e-01
2.010196596384048462e-01
1.895770430564880371e-01
1.810182332992553711e-01
1.957186609506607056e-01
1.942051649093627930e-01
1.884735226631164551e-01
1.901298761367797852e-01
2.111764699220657349e-01
1.928687244653701782e-01
1.906019002199172974e-01
1.901840418577194214e-01
2.066761404275894165e-01
1.777777820825576782e-01
1.998582631349563599e-01
1.737634390592575073e-01
2.103134542703628540e-01
2.057335525751113892e-01
2.077294737100601196e-01
2.035928070545196533e-01
1.946308761835098267e-01
2.042389214038848877e-01
1.835958659648895264e-01
1.880877763032913208e-01
1.933333277702331543e-01
2.197253406047821045e-01
2.113207578659057617e-01
1.822297722101211548e-01
2.013793140649795532e-01
2.031726688146591187e-01
2.495854049921035767e-01
2.151832431554794312e-01
1.736654788255691528e-01
2.561105191707611084e-01
1.892561912536621094e-01
1.892484873533248901e-01
2.135319709777832031e-01
2.213053256273269653e-01
2.056806981563568115e-01
2.258392721414566040e-01
1.968911886215209961e-01
2.329136729240417480e-01
1.937046051025390625e-01
1.845148354768753052e-01
1.780821979045867920e-01
2.113333344459533691e-01
2.062131762504577637e-01
2.429378479719161987e-01
1.893854737281799316e-01
2.136669903993606567e-01
2.165300548076629639e-01
2.159090936183929443e-01
1.927784532308578491e-01
1.852094233036041260e-01
1.827570796012878418e-01
2.012948840856552124e-01
2.043010741472244263e-01
2.012711912393569946e-01
2.142857164144515991e-01
1.805324405431747437e-01
1.787852793931961060e-01
2.309322059154510498e-01
1.978751718997955322e-01
2.081289440393447876e-01
2.065378874540328979e-01
2.088495641946792603e-01
2.093775272369384766e-01
2.058636099100112915e-01
1.859410405158996582e-01
2.038637548685073853e-01
1.986827701330184937e-01
2.093023210763931274e-01
2.260933965444564819e-01
1.929932385683059692e-01
2.222222238779067993e-01
1.836283206939697266e-01
1.886189281940460205e-01
1.926163733005523682e-01
1.951219439506530762e-01
1.901211589574813843e-01
2.255406826734542847e-01
2.198795229196548462e-01
1.965517252683639526e-01
1.912168413400650024e-01
1.945866793394088745e-01
1.963117122650146484e-01
1.873015910387039185e-01
1.930333822965621948e-01
1.998886466026306152e-01
1.780185699462890625e-01
2.282878458499908447e-01
1.976647228002548218e-01
1.986474990844726562e-01
2.154793292284011841e-01
1.955555528402328491e-01
2.179591804742813110e-01
2.001072913408279419e-01
2.103810012340545654e-01
1.987716406583786011e-01
2.217125445604324341e-01
2.000000029802322388e-01
1.698601692914962769e-01
1.947472691535949707e-01
1.798523217439651489e-01
2.229679375886917114e-01
1.938159912824630737e-01
1.882770806550979614e-01
2.161895334720611572e-01
1.906400620937347412e-01
2.106325775384902954e-01
2.454954981803894043e-01
2.146274745464324951e-01
2.017873972654342651e-01
2.043010741472244263e-01
2.093235850334167480e-01
2.014807015657424927e-01
2.223310470581054688e-01
2.096317261457443237e-01
1.738553345203399658e-01
1.868285834789276123e-01
1.985731273889541626e-01
1.948513090610504150e-01
1.640331149101257324e-01
2.118698209524154663e-01
1.914153099060058594e-01
2.147368490695953369e-01
2.171391695737838745e-01
1.899665594100952148e-01
1.907103806734085083e-01
2.038664370775222778e-01
1.904462575912475586e-01
1.855319142341613770e-01
2.187500000000000000e-01
1.910224407911300659e-01
1.940836906433105469e-01
1.978085339069366455e-01
2.017448246479034424e-01
1.882272362709045410e-01
1.851282119750976562e-01
2.014440447092056274e-01
2.068198621273040771e-01
1.907073557376861572e-01
2.030360549688339233e-01
1.800404638051986694e-01
2.007211595773696899e-01
1.924460381269454956e-01
1.988496333360671997e-01
2.114197462797164917e-01
1.809523850679397583e-01
1.952707916498184204e-01
1.926671415567398071e-01
1.958159059286117554e-01
2.034084647893905640e-01
2.181484848260879517e-01
2.067553699016571045e-01
1.939577013254165649e-01
1.915829181671142578e-01
1.859946548938751221e-01
1.932045370340347290e-01
2.060653120279312134e-01
1.886518001556396484e-01
1.887436062097549438e-01
2.032786905765533447e-01
1.998334676027297974e-01
1.753012090921401978e-01
1.802864372730255127e-01
2.112903296947479248e-01
1.937931030988693237e-01
2.071917802095413208e-01
1.945945918560028076e-01
1.987918764352798462e-01
1.749347299337387085e-01
2.073170691728591919e-01
1.894682496786117554e-01
1.980830729007720947e-01
2.131519317626953125e-01
1.827586144208908081e-01
2.203147411346435547e-01
1.905626207590103149e-01
2.024023979902267456e-01
2.026335000991821289e-01
1.811105310916900635e-01
2.185960561037063599e-01
2.042581439018249512e-01
1.873088628053665161e-01
1.798727661371231079e-01
1.942583769559860229e-01
1.902626454830169678e-01
1.918735951185226440e-01
2.073474526405334473e-01
1.789859533309936523e-01
2.079081684350967407e-01
1.858208924531936646e-01
1.918892115354537964e-01
1.964839696884155273e-01
1.967545598745346069e-01
2.056451588869094849e-01
2.126200348138809204e-01
1.998011916875839233e-01
2.119771838188171387e-01
1.829405128955841064e-01
1.918202787637710571e-01
1.853512674570083618e-01
1.989079564809799194e-01
2.125938832759857178e-01
2.120796144008636475e-01
2.037453204393386841e-01
1.795750558376312256e-01
2.293934673070907593e-01
2.054673731327056885e-01
1.852879971265792847e-01
2.125693112611770630e-01
1.899109780788421631e-01
2.185758501291275024e-01
2.007721960544586182e-01
1.840193718671798706e-01
2.111925333738327026e-01
2.201154232025146484e-01
1.863468587398529053e-01
2.009029388427734375e-01
2.104089260101318359e-01
1.909251660108566284e-01
1.957671940326690674e-01
2.305389195680618286e-01
1.772324442863464355e-01
2.431289702653884888e-01
1.998907774686813354e-01
1.981371790170669556e-01
1.965707242488861084e-01
2.292576432228088379e-01
2.064191251993179321e-01
1.982832551002502441e-01
1.823308318853378296e-01
2.072667181491851807e-01
2.200956940650939941e-01
1.976516693830490112e-01
1.943611204624176025e-01
2.157894670963287354e-01
1.843927055597305298e-01
1.930773407220840454e-01
2.050929069519042969e-01
1.897374689579010010e-01
2.020304501056671143e-01
1.998714655637741089e-01
1.846873164176940918e-01
2.047803550958633423e-01
2.150333076715469360e-01
1.886792480945587158e-01
1.716335564851760864e-01
2.012061476707458496e-01
2.167589962482452393e-01
2.120634913444519043e-01
1.754385977983474731e-01
1.967592537403106689e-01
2.058003395795822144e-01
2.179487198591232300e-01
2.099616825580596924e-01
1.880046129226684570e-01
2.287822812795639038e-01
2.056019008159637451e-01
2.001569867134094238e-01
2.046736478805541992e-01
2.083333283662796021e-01
1.710526347160339355e-01
2.147922962903976440e-01
2.122669816017150879e-01
1.859384030103683472e-01
2.105263173580169678e-01
2.133333384990692139e-01
1.983753740787506104e-01
1.731984764337539673e-01
1.968503892421722412e-01
2.052631527185440063e-01
1.821127682924270630e-01
1.992217898368835449e-01
1.962158381938934326e-01
2.150537669658660889e-01
2.006600648164749146e-01
2.004773318767547607e-01
2.114904224872589111e-01
2.085714340209960938e-01
1.813186854124069214e-01
1.925360411405563354e-01
2.084337323904037476e-01
1.923675984144210815e-01
1.977878957986831665e-01
1.920955926179885864e-01
2.326139062643051147e-01
2.273019999265670776e-01
1.928857713937759399e-01
2.094395309686660767e-01
1.909845769405364990e-01
2.054730951786041260e-01
1.942046880722045898e-01
2.173095047473907471e-01
2.065921127796173096e-01
2.014563083648681641e-01
2.242562919855117798e-01
2.069767415523529053e-01
2.160970270633697510e-01
1.795016974210739136e-01
1.893764436244964600e-01
1.965065449476242065e-01
2.183908075094223022e-01
1.869522929191589355e-01
1.958997696638107300e-01
2.196531742811203003e-01
2.088297158479690552e-01
1.932402700185775757e-01
1.944223046302795410e-01
1.905584335327148438e-01
2.350773811340332031e-01
1.883468776941299438e-01
1.902438998222351074e-01
2.020497769117355347e-01
2.143426239490509033e-01
2.123824506998062134e-01
1.844319701194763184e-01
1.852986216545104980e-01
1.887877285480499268e-01
1.771829128265380859e-01
1.863260716199874878e-01
2.055933475494384766e-01
2.204819321632385254e-01
1.780645102262496948e-01
2.051820755004882812e-01
1.850443631410598755e-01
1.703492552042007446e-01
1.962883621454238892e-01
2.010145783424377441e-01
2.027818411588668823e-01
2.131147533655166626e-01
1.786407828330993652e-01
2.064606696367263794e-01
2.077821046113967896e-01
2.230603396892547607e-01
1.844608932733535767e-01
2.044837027788162231e-01
1.956339180469512939e-01
2.050034701824188232e-01
1.841820180416107178e-01
1.880756169557571411e-01
1.909155398607254028e-01
2.144638448953628540e-01
2.342941612005233765e-01
1.996173411607742310e-01
2.018654197454452515e-01
1.975890994071960449e-01
1.998987793922424316e-01
1.909328699111938477e-01
2.079812139272689819e-01
1.903858333826065063e-01
1.994680911302566528e-01
2.081678956747055054e-01
2.044419199228286743e-01
1.851654201745986938e-01
2.276741862297058105e-01
2.416555434465408325e-01
2.004021406173706055e-01
1.985239833593368530e-01
1.993586272001266479e-01
2.028985470533370972e-01
2.158145010471343994e-01
2.032786905765533447e-01
1.805887073278427124e-01
1.944049298763275146e-01
2.054874449968338013e-01
2.355816215276718140e-01
2.380000054836273193e-01
1.802515089511871338e-01
1.816367208957672119e-01
1.989215165376663208e-01
2.112491875886917114e-01
2.124401926994323730e-01
2.166666686534881592e-01
1.967828422784805298e-01
1.689447760581970215e-01
1.858608871698379517e-01
2.059103846549987793e-01
1.869436204433441162e-01
2.037037014961242676e-01
1.887190341949462891e-01
2.223021537065505981e-01
1.972157806158065796e-01
1.809523850679397583e-01
2.201713919639587402e-01
1.927582472562789917e-01
2.095941007137298584e-01
2.205673754215240479e-01
1.863550245761871338e-01
2.129742950201034546e-01
2.133333384990692139e-01
1.878072768449783325e-01
2.130177468061447144e-01
2.040816396474838257e-01
1.805838495492935181e-01
2.043618708848953247e-01
1.820525974035263062e-01
1.923558861017227173e-01
2.085168808698654175e-01
1.825842708349227905e-01
1.976127326488494873e-01
1.854684501886367798e-01
2.194293439388275146e-01
2.231404930353164673e-01
1.847662180662155151e-01
2.252858132123947144e-01
2.078488320112228394e-01
1.860816925764083862e-01
1.988571435213088989e-01
2.104519754648208618e-01
1.967123299837112427e-01
2.054794579744338989e-01
2.400442510843276978e-01
1.904090195894241333e-01
2.161073833703994751e-01
1.912408769130706787e-01
1.985815614461898804e-01
1.961503177881240845e-01
1.916666626930236816e-01
2.322356998920440674e-01
2.285714298486709595e-01
1.868686825037002563e-01
2.088353484869003296e-01
1.745936125516891479e-01
2.068965584039688110e-01
2.227753549814224243e-01
2.054665386676788330e-01
2.050963342189788818e-01
2.149532735347747803e-01
1.895093023777008057e-01
1.993841379880905151e-01
1.793313026428222656e-01
1.923714727163314819e-01
2.205882370471954346e-01
1.829896867275238037e-01
2.178947329521179199e-01
2.059393227100372314e-01
2.035398185253143311e-01
1.788793057203292847e-01
2.162740826606750488e-01
2.051025480031967163e-01
1.994704306125640869e-01
1.927784532308578491e-01
1.857335120439529419e-01
1.869479864835739136e-01
2.370129823684692383e-01
1.962102651596069336e-01
2.245037704706192017e-01
2.002218514680862427e-01
2.035060971975326538e-01
1.970674544572830200e-01
1.952714473009109497e-01
1.845155358314514160e-01
2.433371990919113159e-01
1.919475644826889038e-01
2.193627506494522095e-01
1.932907402515411377e-01
2.238806039094924927e-01
1.821816116571426392e-01
2.180851101875305176e-01
2.155582010746002197e-01
1.965811997652053833e-01
1.993311047554016113e-01
1.904761940240859985e-01
1.976516693830490112e-01
2.047169804573059082e-01
1.971223056316375732e-01
2.175675630569458008e-01
2.242990583181381226e-01
2.192479223012924194e-01
2.141823470592498779e-01
1.749819219112396240e-01
1.933038532733917236e-01
1.603313833475112915e-01
1.977559626102447510e-01
2.046855688095092773e-01
1.836832016706466675e-01
2.025586366653442383e-01
1.920529752969741821e-01
2.363515347242355347e-01
1.854166686534881592e-01
2.094324529170989990e-01
1.876443475484848022e-01
1.957087069749832153e-01
1.931179761886596680e-01
2.162408828735351562e-01
1.845325529575347900e-01
2.151639312505722046e-01
2.013422846794128418e-01
1.986440718173980713e-01
1.873212605714797974e-01
2.065281867980957031e-01
1.843971610069274902e-01
1.900428235530853271e-01
1.928838938474655151e-01
2.075134217739105225e-01
1.983471065759658813e-01
2.091463357210159302e-01
2.060041427612304688e-01
1.982597857713699341e-01
2.007547169923782349e-01
2.535364627838134766e-01
2.204450666904449463e-01
2.536312937736511230e-01
2.170062065124511719e-01
2.310286611318588257e-01
1.941558420658111572e-01
1.901017576456069946e-01
1.845443993806838989e-01
2.005208283662796021e-01
2.107744067907333374e-01
1.788840293884277344e-01
1.834425181150436401e-01
1.891418546438217163e-01
1.836266219615936279e-01
2.083013057708740234e-01
2.037510722875595093e-01
2.004965841770172119e-01
2.135858982801437378e-01
2.162756621837615967e-01
2.242990583181381226e-01
2.568888962268829346e-01
1.941808909177780151e-01
1.824023723602294922e-01
1.788321137428283691e-01
1.890849024057388306e-01
2.049131244421005249e-01
1.877294182777404785e-01
2.309839427471160889e-01
1.988866329193115234e-01
2.197686582803726196e-01
2.159090936183929443e-01
2.026058584451675415e-01
1.810132861137390137e-01
1.860196441411972046e-01
1.940049976110458374e-01
2.191943079233169556e-01
2.004830986261367798e-01
1.935007423162460327e-01
1.890343725681304932e-01
2.221510857343673706e-01
1.984175294637680054e-01
1.824561357498168945e-01
2.043551057577133179e-01
2.116104811429977417e-01
2.070105820894241333e-01
2.236475199460983276e-01
2.031767070293426514e-01
1.857707500457763672e-01
1.936450898647308350e-01
2.068126499652862549e-01
2.251958250999450684e-01
1.987213641405105591e-01
2.141582369804382324e-01
2.022653669118881226e-01
1.876647323369979858e-01
1.954302340745925903e-01
2.175298780202865601e-01
2.109431177377700806e-01
2.297154963016510010e-01
1.908757239580154419e-01
1.831325292587280273e-01
2.140672802925109863e-01
1.817617863416671753e-01
2.199641317129135132e-01
2.021151632070541382e-01
1.906507760286331177e-01
2.080645114183425903e-01
1.882098466157913208e-01
2.019837647676467896e-01
1.919616013765335083e-01
2.017458826303482056e-01
1.800113618373870850e-01
1.899671107530593872e-01
2.173912972211837769e-01
1.943081468343734741e-01
1.809830069541931152e-01
2.011764645576477051e-01
1.916376352310180664e-01
2.024647891521453857e-01
2.061248570680618286e-01
2.147887349128723145e-01
1.758957654237747192e-01
1.957349628210067749e-01
1.874135583639144897e-01
2.074214965105056763e-01
1.560035049915313721e-01
2.136807888746261597e-01
2.182116508483886719e-01
2.230164408683776855e-01
2.156549543142318726e-01
2.320846915245056152e-01
1.930251419544219971e-01
2.066167294979095459e-01
1.783295720815658569e-01
1.865348964929580688e-01
1.956358104944229126e-01
1.954215466976165771e-01
2.193236649036407471e-01
1.881130933761596680e-01
1.905495673418045044e-01
1.853982359170913696e-01
2.099547535181045532e-01
2.105875462293624878e-01
1.963015645742416382e-01
2.078189253807067871e-01
2.330097109079360962e-01
2.088854312896728516e-01
2.424242496490478516e-01
1.792168617248535156e-01
2.139588147401809692e-01
1.815895438194274902e-01
2.076461762189865112e-01
1.901975125074386597e-01
1.848367452621459961e-01
2.206325232982635498e-01
2.002442032098770142e-01
1.957708001136779785e-01
2.009345740079879761e-01
2.348484843969345093e-01
1.955056190490722656e-01
2.224669605493545532e-01
1.983894556760787964e-01
2.036830335855484009e-01
1.876221448183059692e-01
2.384500801563262939e-01
1.919866502285003662e-01
1.855971962213516235e-01
2.117224931716918945e-01
1.804788261651992798e-01
2.202591300010681152e-01
2.013752460479736328e-01
1.926605552434921265e-01
2.134387344121932983e-01
2.046925574541091919e-01
2.201834917068481445e-01
2.017804086208343506e-01
2.004325836896896362e-01
1.959378719329833984e-01
2.059871703386306763e-01
2.227151691913604736e-01
2.059953808784484863e-01
2.241250872611999512e-01
2.117647081613540649e-01
2.133227586746215820e-01
2.118491977453231812e-01
2.105004936456680298e-01
2.677543163299560547e-01
2.189716249704360962e-01
1.872541308403015137e-01
2.020693868398666382e-01
1.976676434278488159e-01
2.022900730371475220e-01
2.094594538211822510e-01
1.975169330835342407e-01
2.196020632982254028e-01
1.847555935382843018e-01
1.922175288200378418e-01
1.986644417047500610e-01
2.170616090297698975e-01
1.767645180225372314e-01
2.103321105241775513e-01
1.783846616744995117e-01
1.645226776599884033e-01
2.309090942144393921e-01
1.851556301116943359e-01
1.966045945882797241e-01
1.980982571840286255e-01
2.035344243049621582e-01
1.991701275110244751e-01
2.140151560306549072e-01
1.902524977922439575e-01
1.959322094917297363e-01
2.061735540628433228e-01
1.955146640539169312e-01
1.837052404880523682e-01
1.750972718000411987e-01
1.866666674613952637e-01
2.080291956663131714e-01
2.042657881975173950e-01
2.030223459005355835e-01
1.939799338579177856e-01
2.376950830221176147e-01
2.066057622432708740e-01
1.672433614730834961e-01
1.727105081081390381e-01
2.138435542583465576e-01
1.890472620725631714e-01
1.880409121513366699e-01
2.111650556325912476e-01
1.995291411876678467e-01
1.780415475368499756e-01
2.200716882944107056e-01
2.163852453231811523e-01
2.076423913240432739e-01
1.950860023498535156e-01
2.090322524309158325e-01
1.618357449769973755e-01
1.768973171710968018e-01
2.157099694013595581e-01
2.198113203048706055e-01
2.134020626544952393e-01
2.162284702062606812e-01
2.231260836124420166e-01
2.001516371965408325e-01
2.010478079319000244e-01
1.893178224563598633e-01
2.030791789293289185e-01
2.192513346672058105e-01
2.022977024316787720e-01
2.067480236291885376e-01
1.916354596614837646e-01
1.994318217039108276e-01
2.073298394680023193e-01
2.041055709123611450e-01
2.295684069395065308e-01
2.297734618186950684e-01
2.111553847789764404e-01
1.911092698574066162e-01
2.204871922731399536e-01
2.035886794328689575e-01
2.148437500000000000e-01
1.795611977577209473e-01
1.989283263683319092e-01
2.124020010232925415e-01
2.295918315649032593e-01
2.043448686599731445e-01
2.008339166641235352e-01
1.744713038206100464e-01
1.990740746259689331e-01
2.209205031394958496e-01
1.919050961732864380e-01
1.936433166265487671e-01
2.169878631830215454e-01
1.933038532733917236e-01
2.273402661085128784e-01
1.696672141551971436e-01
2.031620591878890991e-01
2.075362354516983032e-01
2.232734113931655884e-01
2.058080881834030151e-01
2.258953154087066650e-01
1.754143685102462769e-01
2.141503542661666870e-01
2.035286724567413330e-01
2.033172845840454102e-01
2.149165868759155273e-01
2.164794057607650757e-01
1.848072558641433716e-01
2.107526808977127075e-01
2.008733600378036499e-01
1.977077424526214600e-01
1.649937331676483154e-01
2.139364331960678101e-01
2.163705527782440186e-01
1.810406297445297241e-01
2.086061686277389526e-01
2.104711979627609253e-01
1.852043420076370239e-01
1.829484850168228149e-01
1.987632513046264648e-01
2.063356190919876099e-01
1.637168079614639282e-01
1.986040621995925903e-01
1.897335946559906006e-01
2.028241306543350220e-01
2.415153980255126953e-01
1.896325498819351196e-01
2.277614921331405640e-01
2.086438089609146118e-01
1.768976897001266479e-01
2.173912972211837769e-01
1.907894760370254517e-01
2.298850566148757935e-01
1.936507970094680786e-01
1.906373351812362671e-01
1.813426315784454346e-01
1.937416791915893555e-01
2.073598057031631470e-01
1.964831799268722534e-01
2.038961052894592285e-01
1.984684169292449951e-01
1.930803507566452026e-01
1.937931030988693237e-01
2.329749166965484619e-01
2.026500403881072998e-01
2.011267542839050293e-01
2.121418863534927368e-01
2.239858955144882202e-01
2.110682129859924316e-01
1.888598799705505371e-01
2.059585452079772949e-01
2.148952633142471313e-01
2.190056592226028442e-01
2.035398185253143311e-01
2.147117257118225098e-01
2.156334221363067627e-01
2.050750851631164551e-01
1.909137368202209473e-01
1.976000070571899414e-01
2.117853015661239624e-01
1.771276593208312988e-01
1.814346015453338623e-01
1.926999390125274658e-01
2.026825696229934692e-01
2.296748012304306030e-01
1.947236210107803345e-01
2.423755973577499390e-01
2.285456210374832153e-01
2.240133434534072876e-01
1.778880208730697632e-01
1.834170818328857422e-01
2.090553343296051025e-01
2.071967571973800659e-01
1.892382055521011353e-01
2.057220637798309326e-01
2.250351607799530029e-01
2.017543911933898926e-01
2.158859521150588989e-01
1.966035217046737671e-01
2.129774987697601318e-01
1.954273283481597900e-01
2.135416716337203979e-01
2.166030555963516235e-01
2.286158651113510132e-01
2.022209167480468750e-01
2.289017289876937866e-01
1.797566413879394531e-01
2.013157904148101807e-01
2.000000029802322388e-01
2.114568650722503662e-01
2.172158658504486084e-01
1.872995495796203613e-01
1.887608021497726440e-01
1.969273686408996582e-01
1.865315884351730347e-01
1.925305873155593872e-01
2.465408742427825928e-01
2.130434811115264893e-01
1.923349946737289429e-01
2.189781069755554199e-01
2.053915262222290039e-01
1.925739496946334839e-01
2.047387659549713135e-01
2.027180045843124390e-01
1.811641603708267212e-01
2.066115736961364746e-01
1.993980407714843750e-01
1.906474828720092773e-01
2.285714298486709595e-01
2.237076610326766968e-01
1.998718827962875366e-01
2.111681699752807617e-01
2.086677402257919312e-01
1.920069456100463867e-01
2.021903991699218750e-01
1.852070987224578857e-01
2.391505092382431030e-01
1.845130026340484619e-01
1.982124149799346924e-01
1.985353976488113403e-01
2.226920425891876221e-01
2.030223459005355835e-01
1.935483813285827637e-01
2.020042240619659424e-01
1.867431551218032837e-01
1.667568981647491455e-01
1.934941112995147705e-01
1.758638471364974976e-01
1.998021751642227173e-01
1.975384652614593506e-01
2.004466801881790161e-01
2.351524829864501953e-01
2.093690186738967896e-01
1.938902735710144043e-01
2.042253464460372925e-01
1.982696503400802612e-01
1.849836707115173340e-01
2.057306617498397827e-01
2.161339372396469116e-01
2.122328728437423706e-01
2.082847207784652710e-01
1.979243904352188110e-01
2.293955981731414795e-01
1.908433735370635986e-01
1.860025227069854736e-01
2.055808603763580322e-01
2.065365463495254517e-01
2.500000000000000000e-01
2.151988595724105835e-01
1.945606768131256104e-01
2.132998704910278320e-01
2.144012898206710815e-01
1.871761679649353027e-01
1.972193568944931030e-01
2.112776637077331543e-01
2.174338847398757935e-01
1.868990361690521240e-01
2.256711423397064209e-01
2.114093899726867676e-01
2.343584299087524414e-01
2.032011151313781738e-01
1.903590708971023560e-01
2.058111429214477539e-01
1.953035444021224976e-01
2.122324109077453613e-01
2.132404148578643799e-01
2.056892812252044678e-01
2.112321853637695312e-01
2.069288343191146851e-01
2.094353139400482178e-01
2.171481847763061523e-01
1.975000053644180298e-01
2.012154012918472290e-01
1.786553859710693359e-01
2.117169350385665894e-01
2.204424142837524414e-01
1.894736886024475098e-01
2.198731452226638794e-01
1.757902801036834717e-01
2.252252250909805298e-01
2.079303711652755737e-01
2.044953703880310059e-01
1.855136752128601074e-01
1.915951222181320190e-01
1.809744834899902344e-01
1.953463256359100342e-01
2.043715864419937134e-01
2.225412726402282715e-01
2.002487629652023315e-01
2.024029642343521118e-01
1.967391371726989746e-01
2.303432971239089966e-01
2.227642238140106201e-01
2.300578057765960693e-01
1.820873469114303589e-01
2.163141965866088867e-01
1.826137751340866089e-01
1.940749734640121460e-01
2.142857164144515991e-01
2.003244161605834961e-01
1.998635679483413696e-01
2.026078253984451294e-01
2.067363560199737549e-01
2.339763492345809937e-01
2.013513445854187012e-01
2.009956389665603638e-01
2.244897931814193726e-01
1.959798932075500488e-01
1.598512977361679077e-01
1.955533027648925781e-01
2.074391990900039673e-01
1.798287332057952881e-01
2.007272690534591675e-01
2.016079127788543701e-01
1.907291114330291748e-01
2.231638431549072266e-01
1.852691173553466797e-01
1.876763850450515747e-01
2.017603218555450439e-01
1.825503408908843994e-01
1.745454519987106323e-01
1.937106847763061523e-01
1.749688684940338135e-01
1.825703233480453491e-01
1.922126114368438721e-01
1.952054798603057861e-01
2.411347478628158569e-01
2.067226916551589966e-01
2.097288668155670166e-01
2.048929631710052490e-01
1.736249178647994995e-01
1.956521719694137573e-01
2.027491480112075806e-01
1.851195693016052246e-01
2.182871848344802856e-01
2.056694775819778442e-01
1.971372812986373901e-01
1.863572448492050171e-01
2.057987451553344727e-01
2.179856151342391968e-01
2.001194804906845093e-01
2.031463682651519775e-01
1.912640631198883057e-01
2.205088734626770020e-01
2.290786206722259521e-01
2.000000029802322388e-01
2.158931046724319458e-01
1.881490498781204224e-01
2.180200219154357910e-01
2.090570777654647827e-01
2.221125364303588867e-01
2.166246920824050903e-01
2.099415212869644165e-01
1.935483813285827637e-01
1.939627528190612793e-01
1.700590997934341431e-01
2.132158577442169189e-01
2.216338813304901123e-01
1.954331696033477783e-01
1.948186457157135010e-01
1.783681213855743408e-01
1.859605908393859863e-01
2.018813341856002808e-01
1.961942315101623535e-01
2.010703384876251221e-01
1.770877093076705933e-01
2.483070045709609985e-01
2.015503942966461182e-01
2.015968114137649536e-01
2.064117044210433960e-01
1.771217733621597290e-01
2.113449275493621826e-01
1.866883188486099243e-01
2.141078859567642212e-01
1.816467642784118652e-01
1.799100488424301147e-01
1.932565718889236450e-01
2.070652246475219727e-01
2.144992500543594360e-01
1.977513283491134644e-01
2.006451636552810669e-01
1.778875887393951416e-01
2.150753736495971680e-01
1.997840106487274170e-01
2.017595320940017700e-01
1.819284409284591675e-01
2.107873558998107910e-01
1.739652007818222046e-01
1.936936974525451660e-01
1.981914043426513672e-01
2.552255094051361084e-01
1.954887211322784424e-01
2.081984877586364746e-01
2.107437998056411743e-01
2.288686633110046387e-01
1.756637096405029297e-01
2.077922075986862183e-01
2.020201981067657471e-01
1.968444734811782837e-01
2.237860709428787231e-01
1.898890286684036255e-01
2.076002806425094604e-01
2.016558200120925903e-01
2.019817084074020386e-01
2.025036811828613281e-01
2.030491977930068970e-01
2.183235883712768555e-01
2.052903920412063599e-01
2.117447704076766968e-01
2.182662487030029297e-01
1.964285671710968018e-01
2.088382095098495483e-01
2.012951970100402832e-01
1.935834735631942749e-01
1.873972564935684204e-01
1.896551698446273804e-01
1.930970102548599243e-01
1.960549950599670410e-01
2.167395353317260742e-01
1.919354796409606934e-01
2.221396714448928833e-01
1.850533783435821533e-01
1.841941475868225098e-01
2.111200690269470215e-01
1.985401511192321777e-01
1.858279109001159668e-01
1.752368062734603882e-01
1.794064790010452271e-01
2.078580409288406372e-01
1.832611858844757080e-01
1.994965374469757080e-01
1.871775984764099121e-01
1.930740028619766235e-01
1.891891956329345703e-01
1.898550689220428467e-01
1.848375499248504639e-01
1.983059346675872803e-01
1.771428585052490234e-01
1.783439517021179199e-01
1.951917558908462524e-01
2.021630555391311646e-01
1.850117146968841553e-01
1.976401209831237793e-01
2.252437174320220947e-01
2.028571367263793945e-01
2.194968611001968384e-01
1.886010318994522095e-01
2.086288481950759888e-01
1.865179985761642456e-01
1.969697028398513794e-01
2.064270079135894775e-01
1.922896057367324829e-01
2.126193046569824219e-01
2.072336226701736450e-01
1.734342724084854126e-01
1.909146755933761597e-01
1.925397664308547974e-01
1.951070278882980347e-01
2.452076673507690430e-01
1.892081350088119507e-01
2.000000029802322388e-01
2.188919186592102051e-01
2.044861763715744019e-01
1.803278625011444092e-01
2.025506347417831421e-01
2.017804086208343506e-01
1.881720423698425293e-01
2.022963315248489380e-01
1.990369111299514771e-01
2.063768059015274048e-01
2.098298668861389160e-01
2.035603672266006470e-01
2.379862666130065918e-01
2.136465311050415039e-01
2.125839889049530029e-01
2.055306434631347656e-01
2.005434781312942505e-01
1.829077601432800293e-01
2.330827116966247559e-01
2.076294273138046265e-01
2.105918973684310913e-01
2.032577842473983765e-01
1.924661546945571899e-01
2.009253203868865967e-01
2.025411128997802734e-01
1.980127692222595215e-01
2.108768075704574585e-01
1.863207519054412842e-01
2.031431943178176880e-01
2.107813507318496704e-01
1.993156522512435913e-01
1.799620091915130615e-01
2.205292731523513794e-01
2.041728794574737549e-01
2.173252254724502563e-01
1.908850669860839844e-01
1.962719261646270752e-01
2.036673277616500854e-01
2.015550285577774048e-01
2.030629664659500122e-01
1.789473742246627808e-01
1.875817030668258667e-01
1.820728331804275513e-01
2.058618217706680298e-01
1.871871799230575562e-01
1.899736076593399048e-01
2.015189826488494873e-01
1.935483813285827637e-01
2.338028103113174438e-01
2.294871807098388672e-01
1.906906962394714355e-01
2.140762507915496826e-01
2.042801529169082642e-01
2.004103958606719971e-01
2.024575769901275635e-01
1.938633173704147339e-01
2.259083688259124756e-01
2.157221138477325439e-01
1.943189203739166260e-01
2.123995423316955566e-01
2.001404464244842529e-01
1.929107010364532471e-01
2.140039503574371338e-01
2.118197828531265259e-01
1.856540143489837646e-01
2.285714298486709595e-01
1.886336207389831543e-01
1.948968470096588135e-01
2.089337110519409180e-01
1.765063852071762085e-01
1.942693442106246948e-01
2.227602899074554443e-01
1.806102395057678223e-01
2.133956402540206909e-01
2.025193870067596436e-01
1.899999976158142090e-01
1.906453520059585571e-01
2.318668216466903687e-01
2.036926746368408203e-01
1.898850500583648682e-01
2.010958939790725708e-01
1.926541924476623535e-01
1.883468776941299438e-01
1.999050378799438477e-01
1.964285671710968018e-01
2.027397304773330688e-01
1.914062500000000000e-01
1.903780102729797363e-01
2.029784917831420898e-01
1.973898857831954956e-01
1.928969323635101318e-01
2.150349617004394531e-01
1.699314415454864502e-01
2.202423363924026489e-01
1.922791451215744019e-01
1.945812851190567017e-01
1.890600174665451050e-01
1.882287561893463135e-01
1.791821569204330444e-01
2.061700522899627686e-01
1.952349394559860229e-01
1.872439980506896973e-01
2.128205150365829468e-01
1.902810335159301758e-01
2.125668376684188843e-01
2.047138065099716187e-01
2.057291716337203979e-01
2.106238454580307007e-01
2.071678340435028076e-01
2.049012929201126099e-01
1.991570144891738892e-01
2.345678955316543579e-01
1.951967328786849976e-01
2.195555567741394043e-01
2.013536393642425537e-01
1.982815563678741455e-01
1.726105511188507080e-01
2.123677730560302734e-01
2.164111882448196411e-01
1.825293302536010742e-01
2.232330292463302612e-01
1.851311922073364258e-01
2.111437022686004639e-01
1.912308484315872192e-01
2.243453711271286011e-01
2.046019881963729858e-01
2.325249612331390381e-01
2.115853726863861084e-01
2.294704467058181763e-01
1.970006823539733887e-01
1.944240629673004150e-01
2.076852768659591675e-01
1.978273242712020874e-01
2.129870057106018066e-01
2.156368196010589600e-01
1.709323525428771973e-01
2.193159013986587524e-01
1.971090734004974365e-01
1.869353652000427246e-01
2.004381120204925537e-01
1.866832673549652100e-01
1.878089010715484619e-01
2.054881900548934937e-01
2.118432074785232544e-01
2.074074000120162964e-01
2.074391990900039673e-01
2.148823142051696777e-01
2.009512484073638916e-01
1.890625059604644775e-01
1.970954388380050659e-01
2.006472498178482056e-01
1.850457191467285156e-01
2.008072584867477417e-01
1.988636404275894165e-01
2.670025229454040527e-01
2.093406617641448975e-01
1.973359584808349609e-01
2.206611633300781250e-01
2.289879918098449707e-01
1.889153718948364258e-01
1.891891956329345703e-01
2.054794579744338989e-01
1.873638331890106201e-01
1.966887414455413818e-01
1.927468031644821167e-01
1.960966587066650391e-01
2.062818408012390137e-01
2.121451050043106079e-01
2.004264444112777710e-01
2.177215218544006348e-01
2.242249399423599243e-01
2.124286592006683350e-01
2.465863525867462158e-01
1.906278431415557861e-01
1.837349385023117065e-01
2.166446447372436523e-01
1.987918764352798462e-01
1.821895390748977661e-01
2.049689441919326782e-01
2.077175676822662354e-01
1.921858489513397217e-01
2.037786841392517090e-01
1.819314658641815186e-01
2.172774821519851685e-01
1.931540369987487793e-01
2.190602272748947144e-01
1.976439803838729858e-01
2.172312289476394653e-01
1.942446082830429077e-01
1.562500000000000000e-01
2.092457413673400879e-01
1.957633346319198608e-01
1.934343427419662476e-01
2.116838544607162476e-01
2.343750000000000000e-01
1.589242070913314819e-01
2.120088934898376465e-01
2.045727968215942383e-01
1.872439980506896973e-01
1.913339793682098389e-01
2.104136943817138672e-01
2.105263173580169678e-01
1.759999990463256836e-01
2.039473652839660645e-01
1.805128157138824463e-01
2.059565931558609009e-01
1.841132938861846924e-01
2.056319564580917358e-01
1.869822442531585693e-01
1.867109686136245728e-01
2.273079901933670044e-01
2.040650397539138794e-01
2.000000029802322388e-01
1.961436122655868530e-01
2.138599157333374023e-01
1.652224212884902954e-01
1.939058154821395874e-01
1.887935400009155273e-01
1.963855475187301636e-01
1.851078569889068604e-01
1.795716583728790283e-01
2.020802348852157593e-01
2.012872993946075439e-01
2.200504392385482788e-01
1.935714334249496460e-01
2.008154988288879395e-01
1.977818906307220459e-01
2.214411199092864990e-01
2.067238986492156982e-01
2.103386819362640381e-01
1.900967508554458618e-01
1.981927752494812012e-01
2.014217972755432129e-01
2.255451679229736328e-01
1.856100112199783325e-01
1.853766590356826782e-01
1.891573369503021240e-01
1.897089332342147827e-01
1.963661760091781616e-01
2.011633515357971191e-01
2.256669104099273682e-01
1.989247351884841919e-01
1.589242070913314819e-01
2.202166020870208740e-01
1.791443824768066406e-01
2.199838906526565552e-01
2.169811278581619263e-01
1.989824771881103516e-01
2.004376351833343506e-01
2.158038169145584106e-01
1.955656558275222778e-01
2.023999989032745361e-01
2.127536237239837646e-01
1.836734712123870850e-01
2.194029837846755981e-01
1.850780844688415527e-01
1.777658462524414062e-01
2.048192769289016724e-01
1.798561215400695801e-01
1.962264180183410645e-01
2.140193879604339600e-01
2.162895947694778442e-01
1.889728754758834839e-01
2.359932065010070801e-01
2.169014066457748413e-01
1.817087829113006592e-01
1.986593604087829590e-01
2.375634461641311646e-01
2.132288962602615356e-01
2.240515351295471191e-01
1.895734667778015137e-01
2.182539701461791992e-01
1.768472939729690552e-01
1.907841563224792480e-01
2.036328911781311035e-01
2.084717601537704468e-01
1.711851209402084351e-01
1.910401582717895508e-01
1.915336549282073975e-01
1.867250204086303711e-01
1.876507550477981567e-01
2.561105191707611084e-01
2.030878812074661255e-01
2.054263502359390259e-01
2.098241299390792847e-01
2.153972089290618896e-01
2.260563373565673828e-01
2.020474076271057129e-01
1.846571564674377441e-01
2.129067778587341309e-01
2.020879983901977539e-01
1.845342665910720825e-01
1.739130467176437378e-01
2.186865210533142090e-01
1.969166100025177002e-01
2.103620469570159912e-01
1.812688857316970825e-01
2.022362649440765381e-01
2.036673277616500854e-01
2.029434591531753540e-01
2.129202336072921753e-01
2.057465314865112305e-01
1.994917392730712891e-01
2.184228897094726562e-01
1.816126555204391479e-01
2.104404568672180176e-01
2.055025249719619751e-01
1.972843408584594727e-01
2.083981335163116455e-01
2.095766812562942505e-01
1.918964534997940063e-01
2.021276652812957764e-01
1.807628571987152100e-01
2.078651636838912964e-01
1.916897445917129517e-01
1.951901614665985107e-01
1.928277462720870972e-01
1.975036710500717163e-01
1.854379922151565552e-01
2.224026024341583252e-01
2.198581546545028687e-01
2.008196711540222168e-01
2.151799649000167847e-01
2.021466940641403198e-01
1.947273761034011841e-01
2.061235606670379639e-01
1.911764740943908691e-01
1.932153403759002686e-01
2.219858169555664062e-01
1.767645180225372314e-01
1.923797577619552612e-01
1.948153972625732422e-01
2.198838889598846436e-01
2.289855033159255981e-01
2.085076719522476196e-01
2.078825384378433228e-01
2.150455862283706665e-01
1.890547275543212891e-01
1.807674467563629150e-01
2.039900273084640503e-01
1.887810081243515015e-01
1.962774991989135742e-01
2.100396305322647095e-01
2.159420251846313477e-01
1.869259923696517944e-01
1.842794716358184814e-01
1.837327480316162109e-01
2.117853015661239624e-01
1.967575550079345703e-01
2.221453338861465454e-01
2.156357318162918091e-01
1.949610114097595215e-01
2.094594538211822510e-01
2.296368926763534546e-01
1.904761940240859985e-01
1.863926351070404053e-01
1.752756834030151367e-01
2.084805667400360107e-01
1.896551698446273804e-01
2.108743637800216675e-01
1.971153914928436279e-01
2.183641940355300903e-01
2.276853322982788086e-01
2.143253684043884277e-01
2.140554487705230713e-01
1.991849243640899658e-01
2.091447860002517700e-01
1.901298761367797852e-01
1.847034394741058350e-01
1.776780039072036743e-01
2.106958776712417603e-01
1.805752068758010864e-01
1.924711614847183228e-01
1.836115270853042603e-01
2.042866647243499756e-01
2.156862765550613403e-01
1.857467740774154663e-01
1.742565035820007324e-01
2.093885093927383423e-01
2.047184109687805176e-01
2.229885011911392212e-01
2.247752249240875244e-01
2.071475833654403687e-01
2.189054787158966064e-01
1.822916716337203979e-01
1.964856237173080444e-01
2.270815819501876831e-01
1.715771257877349854e-01
2.188254296779632568e-01
2.033898234367370605e-01
1.822429895401000977e-01
1.753635555505752563e-01
1.811370700597763062e-01
1.864171922206878662e-01
2.157612890005111694e-01
1.669890433549880981e-01
1.935096085071563721e-01
2.320717126131057739e-01
2.431318610906600952e-01
2.018735408782958984e-01
1.913337111473083496e-01
1.985702961683273315e-01
1.841584146022796631e-01
2.109256386756896973e-01
1.981335282325744629e-01
1.791044771671295166e-01
2.184671163558959961e-01
1.872536092996597290e-01
2.000000029802322388e-01
2.112944126129150391e-01
1.795160323381423950e-01
2.097661644220352173e-01
2.015404403209686279e-01
2.154131829738616943e-01
2.022900730371475220e-01
2.008244991302490234e-01
1.943102478981018066e-01
2.346938848495483398e-01
2.178913801908493042e-01
2.206611633300781250e-01
1.998680680990219116e-01
1.808743178844451904e-01
2.035040408372879028e-01
2.036278545856475830e-01
1.921052634716033936e-01
2.151624560356140137e-01
1.871378868818283081e-01
2.051100134849548340e-01
1.932599693536758423e-01
1.900621056556701660e-01
2.009029388427734375e-01
1.885636448860168457e-01
2.293233126401901245e-01
2.096018791198730469e-01
2.181145995855331421e-01
1.931730061769485474e-01
1.979735046625137329e-01
2.079645991325378418e-01
2.255166172981262207e-01
2.039374113082885742e-01
2.254509031772613525e-01
2.037760466337203979e-01
2.383979707956314087e-01
1.959322094917297363e-01
1.818738579750061035e-01
2.540366053581237793e-01
2.036389112472534180e-01
2.204054892063140869e-01
2.088181227445602417e-01
1.941206306219100952e-01
2.112211287021636963e-01
1.953916996717453003e-01
1.930654048919677734e-01
2.029250413179397583e-01
2.169408947229385376e-01
1.860149353742599487e-01
1.931964010000228882e-01
1.892443895339965820e-01
1.923857927322387695e-01
2.244897931814193726e-01
2.217573225498199463e-01
1.856936365365982056e-01
2.073170691728591919e-01
2.118027508258819580e-01
2.045248895883560181e-01
1.867364794015884399e-01
1.965933293104171753e-01
1.987224966287612915e-01
2.094211131334304810e-01
2.000000029802322388e-01
1.867105960845947266e-01
2.075198888778686523e-01
2.057220637798309326e-01
2.014802694320678711e-01
2.436363697052001953e-01
1.908030211925506592e-01
1.896649599075317383e-01
2.209688127040863037e-01
1.884057968854904175e-01
1.850477159023284912e-01
1.927374303340911865e-01
2.105263173580169678e-01
2.378679364919662476e-01
2.119914293289184570e-01
2.300000041723251343e-01
1.996073275804519653e-01
2.120418846607208252e-01
1.870576292276382446e-01
1.909814327955245972e-01
1.800894886255264282e-01
2.360000014305114746e-01
1.996086090803146362e-01
2.068690061569213867e-01
1.992457509040832520e-01
1.997670382261276245e-01
1.825938522815704346e-01
1.775426268577575684e-01
1.802974045276641846e-01
1.938702762126922607e-01
1.981806308031082153e-01
2.404332160949707031e-01
2.358036637306213379e-01
1.736062169075012207e-01
2.056140303611755371e-01
1.871186494827270508e-01
1.997136771678924561e-01
1.766666620969772339e-01
1.977491974830627441e-01
1.988188922405242920e-01
1.892247051000595093e-01
1.858513206243515015e-01
2.095881998538970947e-01
2.059123367071151733e-01
1.905797123908996582e-01
1.816987693309783936e-01
2.293948084115982056e-01
1.691133230924606323e-01
2.201219499111175537e-01
1.965491324663162231e-01
2.068753838539123535e-01
1.984626203775405884e-01
2.037716060876846313e-01
2.075996249914169312e-01
2.232931703329086304e-01
2.259347587823867798e-01
2.075801789760589600e-01
1.773398965597152710e-01
2.094479203224182129e-01
1.985702961683273315e-01
1.895961612462997437e-01
1.791304349899291992e-01
2.044134736061096191e-01
1.706840395927429199e-01
2.090336084365844727e-01
1.890212297439575195e-01
2.061068713665008545e-01
2.246139496564865112e-01
1.964751929044723511e-01
1.869204491376876831e-01
1.873522400856018066e-01
1.947761178016662598e-01
2.072829157114028931e-01
1.886685490608215332e-01
1.987230628728866577e-01
2.068965584039688110e-01
1.952420026063919067e-01
2.086614221334457397e-01
1.803852915763854980e-01
2.162162214517593384e-01
1.636661142110824585e-01
2.085106372833251953e-01
2.127858102321624756e-01
2.161440998315811157e-01
1.858267784118652344e-01
2.229869216680526733e-01
1.919060051441192627e-01
1.990740746259689331e-01
1.891586631536483765e-01
2.040707021951675415e-01
2.102596610784530640e-01
1.795629113912582397e-01
1.883580386638641357e-01
1.930466592311859131e-01
1.786723136901855469e-01
1.772151887416839600e-01
2.256902754306793213e-01
2.204176336526870728e-01
2.105969190597534180e-01
2.039711177349090576e-01
1.859296411275863647e-01
1.834140419960021973e-01
1.833616346120834351e-01
1.854934543371200562e-01
2.120776474475860596e-01
2.166531980037689209e-01
1.876302957534790039e-01
2.040457278490066528e-01
1.906327009201049805e-01
2.112802118062973022e-01
1.938715428113937378e-01
1.853932589292526245e-01
2.305159121751785278e-01
1.890184581279754639e-01
2.042663246393203735e-01
2.014492750167846680e-01
2.070108950138092041e-01
1.937461644411087036e-01
1.789264380931854248e-01
1.787564754486083984e-01
1.857047379016876221e-01
2.041998505592346191e-01
1.893530935049057007e-01
1.946158111095428467e-01
2.082657963037490845e-01
2.005703449249267578e-01
2.012986987829208374e-01
2.111675143241882324e-01
1.871212124824523926e-01
2.077464759349822998e-01
2.055749148130416870e-01
2.090313136577606201e-01
2.107776254415512085e-01
2.087286561727523804e-01
1.865509748458862305e-01
1.995377540588378906e-01
1.801200807094573975e-01
2.040686607360839844e-01
2.101489305496215820e-01
2.307692319154739380e-01
2.071475833654403687e-01
1.746538877487182617e-01
1.941139698028564453e-01
1.972002387046813965e-01
1.954365074634552002e-01
2.028518915176391602e-01
1.998936682939529419e-01
2.116402089595794678e-01
1.995263397693634033e-01
1.898550689220428467e-01
2.253641784191131592e-01
2.157221138477325439e-01
2.205882370471954346e-01
2.149470895528793335e-01
2.061337381601333618e-01
2.013029307126998901e-01
1.887218058109283447e-01
2.048929631710052490e-01
1.929328590631484985e-01
2.332761585712432861e-01
1.967109441757202148e-01
1.951219439506530762e-01
2.138364762067794800e-01
2.038614451885223389e-01
1.841004192829132080e-01
2.051030397415161133e-01
1.828236877918243408e-01
2.006329149007797241e-01
1.804547607898712158e-01
1.982167363166809082e-01
1.996161192655563354e-01
2.071525007486343384e-01
2.054703086614608765e-01
2.174810767173767090e-01
2.133828997611999512e-01
1.980136632919311523e-01
2.004175335168838501e-01
1.868131905794143677e-01
1.743970364332199097e-01
2.001725584268569946e-01
1.817580908536911011e-01
2.018196880817413330e-01
2.033563703298568726e-01
1.914800107479095459e-01
2.082152962684631348e-01
2.213855385780334473e-01
2.124206125736236572e-01
2.085106372833251953e-01
2.127659618854522705e-01
1.767388880252838135e-01
1.905550956726074219e-01
1.923340111970901489e-01
1.882352977991104126e-01
2.022696882486343384e-01
2.127153873443603516e-01
1.884570121765136719e-01
1.848563998937606812e-01
1.840531527996063232e-01
1.850569099187850952e-01
1.849547475576400757e-01
2.215288579463958740e-01
2.491145282983779907e-01
2.043636292219161987e-01
1.780821979045867920e-01
1.796200275421142578e-01
1.972789168357849121e-01
2.199140340089797974e-01
1.994594633579254150e-01
1.832358688116073608e-01
2.045003324747085571e-01
1.880341917276382446e-01
1.980808824300765991e-01
2.036273628473281860e-01
1.802704036235809326e-01
2.104622870683670044e-01
2.069857716560363770e-01
1.901408433914184570e-01
2.103467881679534912e-01
2.022346407175064087e-01
1.869300901889801025e-01
2.046815454959869385e-01
2.068230211734771729e-01
2.260869592428207397e-01
2.241379320621490479e-01
2.043090611696243286e-01
2.311475425958633423e-01
2.051739543676376343e-01
2.018469721078872681e-01
1.846446692943572998e-01
2.172797322273254395e-01
2.102335989475250244e-01
1.847745776176452637e-01
1.917535960674285889e-01
2.015366405248641968e-01
2.230835556983947754e-01
2.081377208232879639e-01
2.212467044591903687e-01
2.178447246551513672e-01
1.824457645416259766e-01
1.971299052238464355e-01
2.106598913669586182e-01
1.962507367134094238e-01
2.209188640117645264e-01
2.213872820138931274e-01
1.966426819562911987e-01
2.127808928489685059e-01
1.729041934013366699e-01
2.185970693826675415e-01
1.992882490158081055e-01
1.895643919706344604e-01
1.925733983516693115e-01
1.948441267013549805e-01
1.972281485795974731e-01
2.078152745962142944e-01
1.990349888801574707e-01
1.754716932773590088e-01
1.849024593830108643e-01
1.985376775264739990e-01
1.989942491054534912e-01
1.819864213466644287e-01
1.947863847017288208e-01
1.881481409072875977e-01
2.028910666704177856e-01
2.017082720994949341e-01
2.048192769289016724e-01
2.373104840517044067e-01
2.349726706743240356e-01
1.960784345865249634e-01
1.889978200197219849e-01
2.140829116106033325e-01
2.047756910324096680e-01
1.844155788421630859e-01
1.985688656568527222e-01
2.117568403482437134e-01
2.067510485649108887e-01
1.995373070240020752e-01
2.277070134878158569e-01
1.978092789649963379e-01
1.965495944023132324e-01
2.048957347869873047e-01
1.875732690095901489e-01
2.245265990495681763e-01
1.965006738901138306e-01
2.092846333980560303e-01
2.130025625228881836e-01
1.978260874748229980e-01
2.043906152248382568e-01
1.967324763536453247e-01
1.718020588159561157e-01
1.810982078313827515e-01
1.996974349021911621e-01
2.098609358072280884e-01
1.983218938112258911e-01
2.005681842565536499e-01
1.789693534374237061e-01
2.068111449480056763e-01
1.917879432439804077e-01
2.025616765022277832e-01
1.979434490203857422e-01
1.907073557376861572e-01
2.102706432342529297e-01
2.179759442806243896e-01
2.313284873962402344e-01
1.919770836830139160e-01
2.120765894651412964e-01
2.196100950241088867e-01
1.940063089132308960e-01
2.153846174478530884e-01
2.170717865228652954e-01
2.089010030031204224e-01
1.902119070291519165e-01
2.162162214517593384e-01
2.161500751972198486e-01
2.023411393165588379e-01
2.226438969373703003e-01
2.087254077196121216e-01
1.906614750623703003e-01
1.976672857999801636e-01
2.021505385637283325e-01
1.811680644750595093e-01
2.008168846368789673e-01
1.854304671287536621e-01
1.805157661437988281e-01
1.972634047269821167e-01
2.082606106996536255e-01
2.056025415658950806e-01
2.084592133760452271e-01
2.530009150505065918e-01
1.817629188299179077e-01
2.290988117456436157e-01
2.013593912124633789e-01
2.071111053228378296e-01
1.955112218856811523e-01
2.095006108283996582e-01
1.969376951456069946e-01
1.987220495939254761e-01
2.243839204311370850e-01
2.209695577621459961e-01
2.090472877025604248e-01
2.128917872905731201e-01
2.054140120744705200e-01
2.018654197454452515e-01
2.081850469112396240e-01
1.982467919588088989e-01
2.430720478296279907e-01
2.179300338029861450e-01
2.426666617393493652e-01
1.861614435911178589e-01
2.087912112474441528e-01
1.825307905673980713e-01
2.090784013271331787e-01
2.028508782386779785e-01
2.089084088802337646e-01
1.919961869716644287e-01
2.222986966371536255e-01
1.899109780788421631e-01
2.166172116994857788e-01
1.946976035833358765e-01
1.870324164628982544e-01
1.825028955936431885e-01
1.914099007844924927e-01
2.069728821516036987e-01
2.073353230953216553e-01
1.889302879571914673e-01
2.108916193246841431e-01
1.907467544078826904e-01
1.976264119148254395e-01
1.905465275049209595e-01
2.233201563358306885e-01
1.841196715831756592e-01
2.062222212553024292e-01
2.023016363382339478e-01
2.209711521863937378e-01
1.777522861957550049e-01
2.148692756891250610e-01
2.106072306632995605e-01
2.273086011409759521e-01
1.950207501649856567e-01
2.475569993257522583e-01
2.358695715665817261e-01
2.209011316299438477e-01
1.943502873182296753e-01
1.907467544078826904e-01
2.169312238693237305e-01
1.885542124509811401e-01
1.886580586433410645e-01
2.128453999757766724e-01
1.815582513809204102e-01
1.796707212924957275e-01
2.001347690820693970e-01
2.119760513305664062e-01
2.123056054115295410e-01
2.043309211730957031e-01
1.822916716337203979e-01
2.105263173580169678e-01
1.728201061487197876e-01
1.896024495363235474e-01
1.980455964803695679e-01
2.111835032701492310e-01
2.029391229152679443e-01
2.047128081321716309e-01
2.060301452875137329e-01
1.997907906770706177e-01
2.150668352842330933e-01
2.062833458185195923e-01
2.051451206207275391e-01
1.916519701480865479e-01
2.081218212842941284e-01
1.911186128854751587e-01
1.935483813285827637e-01
1.998572498559951782e-01
1.801450103521347046e-01
2.015449404716491699e-01
1.938098818063735962e-01
2.027027010917663574e-01
2.102473527193069458e-01
1.888352930545806885e-01
1.822398900985717773e-01
1.932291686534881592e-01
1.969248950481414795e-01
1.840137988328933716e-01
2.079373896121978760e-01
1.878962516784667969e-01
2.079784870147705078e-01
2.001725584268569946e-01
2.091276645660400391e-01
2.053318172693252563e-01
2.136953920125961304e-01
2.365875095129013062e-01
1.970884650945663452e-01
1.932515352964401245e-01
1.996445506811141968e-01
1.883408129215240479e-01
1.846053451299667358e-01
1.906449347734451294e-01
2.183449715375900269e-01
1.955469548702239990e-01
1.913900375366210938e-01
1.958041936159133911e-01
2.216323763132095337e-01
2.201317101716995239e-01
1.905846595764160156e-01
1.876750737428665161e-01
2.060957849025726318e-01
2.103843539953231812e-01
1.928087472915649414e-01
1.974405795335769653e-01
1.939338296651840210e-01
2.175489515066146851e-01
2.194557040929794312e-01
2.020573168992996216e-01
1.988496333360671997e-01
2.171314805746078491e-01
1.880952417850494385e-01
2.082413583993911743e-01
1.964624077081680298e-01
1.886061877012252808e-01
2.322580665349960327e-01
2.160133421421051025e-01
2.170040458440780640e-01
2.033067941665649414e-01
1.841530054807662964e-01
1.877444535493850708e-01
2.254901975393295288e-01
2.258934527635574341e-01
1.867541819810867310e-01
2.191582024097442627e-01
1.969178020954132080e-01
2.146840095520019531e-01
2.026009559631347656e-01
2.007462680339813232e-01
1.828822195529937744e-01
2.007318288087844849e-01
2.140845060348510742e-01
1.933701634407043457e-01
1.984993219375610352e-01
1.877659559249877930e-01
2.054231762886047363e-01
1.994970589876174927e-01
2.460674196481704712e-01
2.350380867719650269e-01
1.884538829326629639e-01
1.918604671955108643e-01
2.065368592739105225e-01
2.381625473499298096e-01
2.118353396654129028e-01
1.860465109348297119e-01
2.119428068399429321e-01
2.201974242925643921e-01
2.258992791175842285e-01
1.907841563224792480e-01
1.963001042604446411e-01
2.150170654058456421e-01
2.021857947111129761e-01
1.931613683700561523e-01
2.183606624603271484e-01
1.991701275110244751e-01
2.249303609132766724e-01
1.911987811326980591e-01
2.201612889766693115e-01
2.294332683086395264e-01
2.139117419719696045e-01
2.023514807224273682e-01
2.364714592695236206e-01
2.162400633096694946e-01
1.952104568481445312e-01
1.811553537845611572e-01
1.861397475004196167e-01
1.927346140146255493e-01
2.020879983901977539e-01
2.457891404628753662e-01
1.950354576110839844e-01
2.091459333896636963e-01
2.313513457775115967e-01
1.822222173213958740e-01
2.108303308486938477e-01
1.805869042873382568e-01
2.248376607894897461e-01
2.267792522907257080e-01
1.966449171304702759e-01
2.079579532146453857e-01
2.136118561029434204e-01
2.009043991565704346e-01
2.080825418233871460e-01
2.140783816576004028e-01
2.064256966114044189e-01
2.078025490045547485e-01
2.049999982118606567e-01
1.949898451566696167e-01
2.078402340412139893e-01
1.906645596027374268e-01
1.904176920652389526e-01
2.021089643239974976e-01
2.022471874952316284e-01
1.986531913280487061e-01
2.018561512231826782e-01
1.946902722120285034e-01
1.743697524070739746e-01
2.134146392345428467e-01
2.199787497520446777e-01
2.305900603532791138e-01
1.822784841060638428e-01
2.125297337770462036e-01
2.073073834180831909e-01
2.017599046230316162e-01
2.106325775384902954e-01
2.126099765300750732e-01
1.851282119750976562e-01
1.939940005540847778e-01
2.199335545301437378e-01
2.017479985952377319e-01
1.946461051702499390e-01
2.052785903215408325e-01
2.328145205974578857e-01
2.068334370851516724e-01
1.987814158201217651e-01
2.128475606441497803e-01
2.008032202720642090e-01
2.075688093900680542e-01
1.945441514253616333e-01
1.992509365081787109e-01
1.892808675765991211e-01
2.000000029802322388e-01
1.850079745054244995e-01
1.807348579168319702e-01
2.208538651466369629e-01
2.093525230884552002e-01
2.047697305679321289e-01
2.117882072925567627e-01
1.928327679634094238e-01
1.827646046876907349e-01
2.049504965543746948e-01
2.001061588525772095e-01
1.815261095762252808e-01
2.148760259151458740e-01
1.945236772298812866e-01
1.878787875175476074e-01
1.971326172351837158e-01
1.766431927680969238e-01
2.013574689626693726e-01
1.850961595773696899e-01
1.972477138042449951e-01
2.064128220081329346e-01
1.996402889490127563e-01
1.973421871662139893e-01
2.021490931510925293e-01
2.221000492572784424e-01
2.209073007106781006e-01
1.985226273536682129e-01
1.997845917940139771e-01
2.021614760160446167e-01
2.332928329706192017e-01
1.871049255132675171e-01
1.917960047721862793e-01
2.048192769289016724e-01
2.089005261659622192e-01
2.010428756475448608e-01
1.902368962764739990e-01
1.961123049259185791e-01
1.752287149429321289e-01
2.063157856464385986e-01
1.969465613365173340e-01
1.923924982547760010e-01
2.008032202720642090e-01
2.111034989356994629e-01
2.026143819093704224e-01
1.959126144647598267e-01
2.129186540842056274e-01
1.816693991422653198e-01
1.890243887901306152e-01
2.153518050909042358e-01
1.821052581071853638e-01
2.107728272676467896e-01
1.968390792608261108e-01
2.168937325477600098e-01
2.717391252517700195e-01
1.729141473770141602e-01
2.160427868366241455e-01
2.109479308128356934e-01
2.090090066194534302e-01
2.048846632242202759e-01
2.151335328817367554e-01
2.283272296190261841e-01
2.336548715829849243e-01
1.927319914102554321e-01
2.141662091016769409e-01
2.218969613313674927e-01
2.221343815326690674e-01
2.302702665328979492e-01
1.872197240591049194e-01
1.963495612144470215e-01
2.142857164144515991e-01
2.362428903579711914e-01
1.845372468233108521e-01
1.933874040842056274e-01
2.031473517417907715e-01
2.368240952491760254e-01
1.908893734216690063e-01
2.150635272264480591e-01
1.988050043582916260e-01
2.142857164144515991e-01
1.783894002437591553e-01
2.017489075660705566e-01
2.099105268716812134e-01
2.050452828407287598e-01
2.067137807607650757e-01
1.973597407341003418e-01
2.049535661935806274e-01
2.170758992433547974e-01
2.079145759344100952e-01
2.059553414583206177e-01
1.965039223432540894e-01
2.325581461191177368e-01
2.183014303445816040e-01
2.125603854656219482e-01
1.899224817752838135e-01
2.052330374717712402e-01
2.099303156137466431e-01
2.085413187742233276e-01
2.171156853437423706e-01
2.020631134510040283e-01
2.201492488384246826e-01
1.984691023826599121e-01
2.001278698444366455e-01
2.067247778177261353e-01
1.898395717144012451e-01
2.221374064683914185e-01
1.854984909296035767e-01
1.814301013946533203e-01
1.821335703134536743e-01
1.833333373069763184e-01
1.984223276376724243e-01
1.893392503261566162e-01
1.782810688018798828e-01
1.964496970176696777e-01
1.867638826370239258e-01
1.944847553968429565e-01
1.953035444021224976e-01
1.942090392112731934e-01
2.114257812500000000e-01
2.105263173580169678e-01
1.858407109975814819e-01
1.989898979663848877e-01
1.979414075613021851e-01
2.363343983888626099e-01
2.016742825508117676e-01
1.840894222259521484e-01
2.268704771995544434e-01
1.985779553651809692e-01
2.194586694240570068e-01
1.763115227222442627e-01
1.839220523834228516e-01
1.860465109348297119e-01
2.003499567508697510e-01
1.885671913623809814e-01
2.314474582672119141e-01
2.130701094865798950e-01
2.052186131477355957e-01
2.035029232501983643e-01
1.923701316118240356e-01
2.004204690456390381e-01
1.915680468082427979e-01
2.059553414583206177e-01
2.012658268213272095e-01
1.852861046791076660e-01
2.158273309469223022e-01
2.039563506841659546e-01
2.072936594486236572e-01
2.020023614168167114e-01
1.879648417234420776e-01
1.857707500457763672e-01
1.844934970140457153e-01
1.593695282936096191e-01
2.145776599645614624e-01
2.090909034013748169e-01
2.001347690820693970e-01
2.201453745365142822e-01
1.930870115756988525e-01
1.984781175851821899e-01
1.871625632047653198e-01
2.029556632041931152e-01
1.892911046743392944e-01
1.899999976158142090e-01
1.844466626644134521e-01
2.255378216505050659e-01
1.783846616744995117e-01
1.900054961442947388e-01
2.323991805315017700e-01
1.945551186800003052e-01
2.010122984647750854e-01
2.037037014961242676e-01
1.939871162176132202e-01
2.179211527109146118e-01
2.142197638750076294e-01
1.940298527479171753e-01
2.023726403713226318e-01
2.295081913471221924e-01
1.881123483180999756e-01
2.313527166843414307e-01
1.802763789892196655e-01
2.108289450407028198e-01
1.947705447673797607e-01
1.994285732507705688e-01
2.049364298582077026e-01
2.029355466365814209e-01
2.160844802856445312e-01
2.021013647317886353e-01
1.956521719694137573e-01
1.739130467176437378e-01
2.068034559488296509e-01
2.155576348304748535e-01
2.005689889192581177e-01
1.867897659540176392e-01
2.189310938119888306e-01
2.084181904792785645e-01
1.998758465051651001e-01
2.114152610301971436e-01
1.921072155237197876e-01
2.041070312261581421e-01
2.014760076999664307e-01
2.109479308128356934e-01
2.083870917558670044e-01
1.907692253589630127e-01
2.039603888988494873e-01
1.912527829408645630e-01
1.897321492433547974e-01
1.997526288032531738e-01
2.506925165653228760e-01
1.987804919481277466e-01
1.808799505233764648e-01
2.039473652839660645e-01
1.872863918542861938e-01
1.965034902095794678e-01
1.741725504398345947e-01
1.875960975885391235e-01
1.937413662672042847e-01
1.942128539085388184e-01
1.790499389171600342e-01
2.057100981473922729e-01
2.055239677429199219e-01
2.157612890005111694e-01
2.068292647600173950e-01
2.012094557285308838e-01
1.829496026039123535e-01
2.060402631759643555e-01
1.759133934974670410e-01
2.168079167604446411e-01
2.033622562885284424e-01
1.860730648040771484e-01
2.446406036615371704e-01
2.054053992033004761e-01
1.710829436779022217e-01
2.190981358289718628e-01
1.815736442804336548e-01
1.983398795127868652e-01
2.000000029802322388e-01
2.061302661895751953e-01
1.881490498781204224e-01
1.946230232715606689e-01
2.050947099924087524e-01
1.948571354150772095e-01
1.997533887624740601e-01
1.917494237422943115e-01
1.812865436077117920e-01
2.069425880908966064e-01
1.912158578634262085e-01
1.914893686771392822e-01
1.599158346652984619e-01
2.082551568746566772e-01
2.116917669773101807e-01
1.874724328517913818e-01
1.963657736778259277e-01
1.873438805341720581e-01
1.848894357681274414e-01
2.225998342037200928e-01
2.133913934230804443e-01
2.201175689697265625e-01
1.764269769191741943e-01
2.319722026586532593e-01
2.193103432655334473e-01
2.000000029802322388e-01
1.935180872678756714e-01
1.998491734266281128e-01
2.193784266710281372e-01
2.034313678741455078e-01
1.812913864850997925e-01
1.997690498828887939e-01
1.851851791143417358e-01
2.216713875532150269e-01
1.918238997459411621e-01
2.091886550188064575e-01
1.850089281797409058e-01
1.934131681919097900e-01
1.954887211322784424e-01
1.961206942796707153e-01
2.156658023595809937e-01
1.866509169340133667e-01
2.199413478374481201e-01
2.046588957309722900e-01
2.381363213062286377e-01
2.023675292730331421e-01
1.959798932075500488e-01
1.949640214443206787e-01
2.402538508176803589e-01
1.951360702514648438e-01
2.012761086225509644e-01
2.152875214815139771e-01
2.003069818019866943e-01
2.120418846607208252e-01
2.113022059202194214e-01
1.994991600513458252e-01
2.077443152666091919e-01
2.124091684818267822e-01
2.158415913581848145e-01
2.049530297517776489e-01
2.157079577445983887e-01
2.133131623268127441e-01
2.132395952939987183e-01
1.946795582771301270e-01
1.944134086370468140e-01
1.939209699630737305e-01
2.530120611190795898e-01
2.066918462514877319e-01
2.235682755708694458e-01
1.922580599784851074e-01
2.381502836942672729e-01
1.965734958648681641e-01
2.136536091566085815e-01
1.880674511194229126e-01
1.835357695817947388e-01
1.845238059759140015e-01
2.139570564031600952e-01
1.980440169572830200e-01
2.211592644453048706e-01
1.769527494907379150e-01
2.220339030027389526e-01
2.003665268421173096e-01
2.127659618854522705e-01
1.911186128854751587e-01
1.881585568189620972e-01
2.044482529163360596e-01
2.201897054910659790e-01
2.047999948263168335e-01
2.020066827535629272e-01
1.916132718324661255e-01
1.894990950822830200e-01
2.116716057062149048e-01
2.295081913471221924e-01
2.182254195213317871e-01
2.107925862073898315e-01
2.211191356182098389e-01
1.996268630027770996e-01
2.034805864095687866e-01
2.128309607505798340e-01
2.057086676359176636e-01
2.068230211734771729e-01
2.063907831907272339e-01
1.986557096242904663e-01
1.844660192728042603e-01
2.138972878456115723e-01
2.182285040616989136e-01
2.099706679582595825e-01
1.861986964941024780e-01
1.836734712123870850e-01
1.973954737186431885e-01
2.331606149673461914e-01
2.021636217832565308e-01
2.037564069032669067e-01
2.322356998920440674e-01
1.908344775438308716e-01
1.854545474052429199e-01
1.791338622570037842e-01
1.855123639106750488e-01
1.971831023693084717e-01
2.267156839370727539e-01
2.146302312612533569e-01
2.140641212463378906e-01
2.491978555917739868e-01
2.144200652837753296e-01
1.831521689891815186e-01
2.310797125101089478e-01
2.042062431573867798e-01
2.203166186809539795e-01
1.968026459217071533e-01
1.946787834167480469e-01
1.915108710527420044e-01
2.249602526426315308e-01
1.807313710451126099e-01
2.017960846424102783e-01
2.235741466283798218e-01
2.029339820146560669e-01
2.255581170320510864e-01
2.191881984472274780e-01
2.059369236230850220e-01
2.199720740318298340e-01
1.886145472526550293e-01
1.953488439321517944e-01
1.766169220209121704e-01
2.310704886913299561e-01
1.765063852071762085e-01
1.929260492324829102e-01
1.892156898975372314e-01
2.051961869001388550e-01
1.953125000000000000e-01
2.220447212457656860e-01
1.964612603187561035e-01
1.975089013576507568e-01
1.911928653717041016e-01
2.185347527265548706e-01
2.211703956127166748e-01
2.039555013179779053e-01
2.187500000000000000e-01
2.105660438537597656e-01
1.699779182672500610e-01
2.043147236108779907e-01
1.878009587526321411e-01
2.259707152843475342e-01
1.847771704196929932e-01
2.382057160139083862e-01
2.082670927047729492e-01
1.888360977172851562e-01
2.043887078762054443e-01
2.146788984537124634e-01
1.973244100809097290e-01
1.757575720548629761e-01
1.837549954652786255e-01
2.065868228673934937e-01
2.052341550588607788e-01
2.151162773370742798e-01
1.956100761890411377e-01
1.962242573499679565e-01
2.219626158475875854e-01
1.972255706787109375e-01
2.259443998336791992e-01
2.044317424297332764e-01
1.855166852474212646e-01
2.157738059759140015e-01
2.025132924318313599e-01
2.156505882740020752e-01
2.186046540737152100e-01
1.971428543329238892e-01
2.105263173580169678e-01
2.202862501144409180e-01
1.878453046083450317e-01
2.040816396474838257e-01
1.881496906280517578e-01
2.048567831516265869e-01
2.123397439718246460e-01
2.077625542879104614e-01
2.029972821474075317e-01
1.965150088071823120e-01
2.334770113229751587e-01
2.046276181936264038e-01
1.803405582904815674e-01
1.970443278551101685e-01
1.856060624122619629e-01
1.907120794057846069e-01
1.915857642889022827e-01
1.973318457603454590e-01
2.039062529802322388e-01
1.865853667259216309e-01
1.924648135900497437e-01
2.122904956340789795e-01
2.061591148376464844e-01
2.048517465591430664e-01
1.696048676967620850e-01
2.119927257299423218e-01
1.882293224334716797e-01
1.900414973497390747e-01
2.121380865573883057e-01
2.072005867958068848e-01
2.281626462936401367e-01
2.191489338874816895e-01
2.009345740079879761e-01
1.971748024225234985e-01
1.988227665424346924e-01
2.044653296470642090e-01
2.020966857671737671e-01
1.899679899215698242e-01
2.054161131381988525e-01
1.930501908063888550e-01
1.585160195827484131e-01
2.109308242797851562e-01
1.832460761070251465e-01
2.086378782987594604e-01
2.350049167871475220e-01
2.261457592248916626e-01
1.916890144348144531e-01
1.943662017583847046e-01
2.120141386985778809e-01
1.934921592473983765e-01
2.083729803562164307e-01
1.772629320621490479e-01
1.890804618597030640e-01
2.146464586257934570e-01
2.313390374183654785e-01
1.876430213451385498e-01
2.159420251846313477e-01
2.140248417854309082e-01
2.352941185235977173e-01
2.047308385372161865e-01
1.987179517745971680e-01
1.771084368228912354e-01
1.901234537363052368e-01
2.077519446611404419e-01
1.912663727998733521e-01
1.901408433914184570e-01
2.348305732011795044e-01
1.900566369295120239e-01
2.044198960065841675e-01
2.232947200536727905e-01
2.107728272676467896e-01
2.106790542602539062e-01
2.294807434082031250e-01
1.924577355384826660e-01
1.966966986656188965e-01
2.263460606336593628e-01
1.887905597686767578e-01
1.973929256200790405e-01
2.107969224452972412e-01
2.120300680398941040e-01
1.943254768848419189e-01
1.834319531917572021e-01
1.971326172351837158e-01
1.966250985860824585e-01
1.960497498512268066e-01
2.215234041213989258e-01
1.866464316844940186e-01
2.080000042915344238e-01
2.139889150857925415e-01
2.287899851799011230e-01
2.082551568746566772e-01
2.292626798152923584e-01
2.174732834100723267e-01
1.875725835561752319e-01
2.037313431501388550e-01
2.140490412712097168e-01
2.272058874368667603e-01
2.222860455513000488e-01
2.266355156898498535e-01
1.859185844659805298e-01
2.120674401521682739e-01
2.114695310592651367e-01
1.891266554594039917e-01
2.233676910400390625e-01
2.066420614719390869e-01
1.925199329853057861e-01
2.157953232526779175e-01
2.143294513225555420e-01
1.951604485511779785e-01
1.991411745548248291e-01
2.165196537971496582e-01
2.210604995489120483e-01
1.840175986289978027e-01
2.000000029802322388e-01
2.177570164203643799e-01
2.233009636402130127e-01
2.046711742877960205e-01
2.122408747673034668e-01
1.902985125780105591e-01
2.117086499929428101e-01
1.987138241529464722e-01
1.850946843624114990e-01
1.975703388452529907e-01
2.160337567329406738e-01
2.022940516471862793e-01
2.147915065288543701e-01
1.893322467803955078e-01
1.940298527479171753e-01
2.105263173580169678e-01
2.211640179157257080e-01
2.160210162401199341e-01
1.903087198734283447e-01
1.857923567295074463e-01
1.862928420305252075e-01
2.245989292860031128e-01
1.993980407714843750e-01
2.097759693861007690e-01
2.097264379262924194e-01
1.980337053537368774e-01
2.134096473455429077e-01
2.277465909719467163e-01
1.916508525609970093e-01
1.926884949207305908e-01
2.029598355293273926e-01
2.072879374027252197e-01
2.034220546483993530e-01
2.007952332496643066e-01
2.165653556585311890e-01
1.915303170680999756e-01
1.896454691886901855e-01
2.044692784547805786e-01
1.774397939443588257e-01
1.978842616081237793e-01
2.357642352581024170e-01
1.744907051324844360e-01
2.145369350910186768e-01
2.022237628698348999e-01
1.909767836332321167e-01
1.925105452537536621e-01
1.940407007932662964e-01
1.595866829156875610e-01
2.052313834428787231e-01
2.232630699872970581e-01
1.813285499811172485e-01
2.094827592372894287e-01
1.885940134525299072e-01
1.860649287700653076e-01
2.080654650926589966e-01
1.895244717597961426e-01
2.374603152275085449e-01
2.042641043663024902e-01
1.986394524574279785e-01
1.966262459754943848e-01
2.186210900545120239e-01
1.943396180868148804e-01
1.804910451173782349e-01
1.883720904588699341e-01
1.747512370347976685e-01
1.841692775487899780e-01
2.001522034406661987e-01
1.968649178743362427e-01
1.963095813989639282e-01
2.073813676834106445e-01
2.006835937500000000e-01
1.958256661891937256e-01
2.221231013536453247e-01
2.374645173549652100e-01
2.092140913009643555e-01
2.080357074737548828e-01
2.239297479391098022e-01
1.953367888927459717e-01
1.992802470922470093e-01
2.119999974966049194e-01
2.015503942966461182e-01
2.028985470533370972e-01
1.846590936183929443e-01
2.039515674114227295e-01
2.199140340089797974e-01
1.867219954729080200e-01
2.054223120212554932e-01
2.337662279605865479e-01
1.953404992818832397e-01
2.095070481300354004e-01
1.827468723058700562e-01
2.125603854656219482e-01
2.238131165504455566e-01
1.960474252700805664e-01
2.010152339935302734e-01
2.101300507783889771e-01
2.017133980989456177e-01
2.052401751279830933e-01
1.729323267936706543e-01
1.865332126617431641e-01
1.806991696357727051e-01
1.969697028398513794e-01
1.917293220758438110e-01
1.985442787408828735e-01
2.009345740079879761e-01
2.095625698566436768e-01
1.973490417003631592e-01
2.118587642908096313e-01
2.167606800794601440e-01
2.143474519252777100e-01
2.323360890150070190e-01
1.918103396892547607e-01
2.129963934421539307e-01
2.127288579940795898e-01
2.045908123254776001e-01
1.983333379030227661e-01
1.954187601804733276e-01
1.763668358325958252e-01
2.071960270404815674e-01
1.791483163833618164e-01
1.850311905145645142e-01
2.197204977273941040e-01
1.954177916049957275e-01
2.034883648157119751e-01
1.861751079559326172e-01
1.896024495363235474e-01
1.829356402158737183e-01
1.938461512327194214e-01
1.954717040061950684e-01
1.992831528186798096e-01
2.002224624156951904e-01
2.018957287073135376e-01
1.884700655937194824e-01
2.209469079971313477e-01
1.961077898740768433e-01
1.922619044780731201e-01
2.567901313304901123e-01
1.819029897451400757e-01
1.980874389410018921e-01
2.220689654350280762e-01
1.790030151605606079e-01
2.306220084428787231e-01
2.053506821393966675e-01
2.082670927047729492e-01
2.019302099943161011e-01
1.934945732355117798e-01
2.189781069755554199e-01
1.847599148750305176e-01
2.090843617916107178e-01
2.195685654878616333e-01
2.113997042179107666e-01
2.007848322391510010e-01
1.969872564077377319e-01
2.036363631486892700e-01
2.018691599369049072e-01
2.039134949445724487e-01
1.892816424369812012e-01
1.938669383525848389e-01
1.901639401912689209e-01
1.909758597612380981e-01
1.929332613945007324e-01
1.995528191328048706e-01
1.992011964321136475e-01
2.036340832710266113e-01
1.940138936042785645e-01
2.088948786258697510e-01
2.082539647817611694e-01
2.134831398725509644e-01
2.024495750665664673e-01
1.942148804664611816e-01
2.070930898189544678e-01
1.971920877695083618e-01
2.067336142063140869e-01
2.012491375207901001e-01
1.975195258855819702e-01
1.737476289272308350e-01
2.067448645830154419e-01
2.058651000261306763e-01
1.816143542528152466e-01
1.975476890802383423e-01
2.067627459764480591e-01
1.882824301719665527e-01
2.125000059604644775e-01
2.127825468778610229e-01
1.933472007513046265e-01
1.930599361658096313e-01
1.943095028400421143e-01
1.847826093435287476e-01
2.216404825448989868e-01
2.091708481311798096e-01
2.124163061380386353e-01
2.016064226627349854e-01
1.985542178153991699e-01
2.022562474012374878e-01
1.808149367570877075e-01
2.041187137365341187e-01
1.940874010324478149e-01
2.053622305393218994e-01
2.189922481775283813e-01
1.936437487602233887e-01
2.070512771606445312e-01
2.092223018407821655e-01
2.037883698940277100e-01
1.924999952316284180e-01
2.271062284708023071e-01
2.138218879699707031e-01
2.019741833209991455e-01
1.916329264640808105e-01
2.000000029802322388e-01
2.061200886964797974e-01
2.077151387929916382e-01
2.071713209152221680e-01
2.053388059139251709e-01
1.996895968914031982e-01
1.979580223560333252e-01
2.114561051130294800e-01
1.816623806953430176e-01
1.993888467550277710e-01
1.909460276365280151e-01
2.192711532115936279e-01
2.219127267599105835e-01
2.027741074562072754e-01
2.268479168415069580e-01
2.139659821987152100e-01
2.203264087438583374e-01
1.969697028398513794e-01
1.957186609506607056e-01
1.764300465583801270e-01
2.032128572463989258e-01
1.794871836900711060e-01
1.994082778692245483e-01
1.836734712123870850e-01
1.852016001939773560e-01
1.958277225494384766e-01
2.236220538616180420e-01
2.272309064865112305e-01
1.953173130750656128e-01
2.016348838806152344e-01
2.121673077344894409e-01
2.295188605785369873e-01
2.148322612047195435e-01
2.458866536617279053e-01
2.237569093704223633e-01
1.996644288301467896e-01
2.029434591531753540e-01
2.151287496089935303e-01
2.034883648157119751e-01
1.904008388519287109e-01
1.998742967844009399e-01
2.162685543298721313e-01
2.168874144554138184e-01
1.944444477558135986e-01
2.301038056612014771e-01
2.069672197103500366e-01
2.307692319154739380e-01
2.006309181451797485e-01
1.832429170608520508e-01
1.998474448919296265e-01
1.885462552309036255e-01
2.383838444948196411e-01
1.821967661380767822e-01
2.099999934434890747e-01
2.268847823143005371e-01
1.909521371126174927e-01
2.058303952217102051e-01
1.995870620012283325e-01
2.046908289194107056e-01
2.270450741052627563e-01
2.058130353689193726e-01
2.085967063903808594e-01
1.855381131172180176e-01
1.855730116367340088e-01
2.090090066194534302e-01
2.124444395303726196e-01
2.046834379434585571e-01
2.026330828666687012e-01
2.003142237663269043e-01
2.253814190626144409e-01
1.910420507192611694e-01
2.062706202268600464e-01
2.123585790395736694e-01
2.068965584039688110e-01
2.428571432828903198e-01
2.019108235836029053e-01
2.012345641851425171e-01
1.983050853013992310e-01
1.848013848066329956e-01
2.186544388532638550e-01
2.061170190572738647e-01
1.835443079471588135e-01
1.987054944038391113e-01
1.868489533662796021e-01
2.031356543302536011e-01
2.046908289194107056e-01
1.795865595340728760e-01
2.328977733850479126e-01
1.883033365011215210e-01
1.940199285745620728e-01
1.805474609136581421e-01
2.011349350214004517e-01
2.366318404674530029e-01
1.965389400720596313e-01
1.685236841440200806e-01
2.029304057359695435e-01
1.927853375673294067e-01
2.094444483518600464e-01
2.018093317747116089e-01
1.856410205364227295e-01
2.016806751489639282e-01
1.889519840478897095e-01
2.044967859983444214e-01
1.807838231325149536e-01
1.903881728649139404e-01
2.088724523782730103e-01
1.878453046083450317e-01
2.204396873712539673e-01
2.081803828477859497e-01
1.865771859884262085e-01
2.011541575193405151e-01
1.788384169340133667e-01
1.971831023693084717e-01
1.973908096551895142e-01
1.977730691432952881e-01
2.203147411346435547e-01
2.081673294305801392e-01
2.098921984434127808e-01
1.968232095241546631e-01
2.025486230850219727e-01
2.033626884222030640e-01
2.229795455932617188e-01
1.869639754295349121e-01
1.881876140832901001e-01
2.087378650903701782e-01
1.829810887575149536e-01
2.392857074737548828e-01
1.820403188467025757e-01
1.818181872367858887e-01
1.860795468091964722e-01
2.029177695512771606e-01
1.956815123558044434e-01
1.863905340433120728e-01
2.219842970371246338e-01
2.079488933086395264e-01
1.897203326225280762e-01
1.932969540357589722e-01
1.849039793014526367e-01
1.939924955368041992e-01
2.071428596973419189e-01
2.079395055770874023e-01
1.831501871347427368e-01
2.186474055051803589e-01
1.930360347032546997e-01
2.249855399131774902e-01
2.031872570514678955e-01
2.113184779882431030e-01
2.222222238779067993e-01
1.894469112157821655e-01
2.179999947547912598e-01
1.978984177112579346e-01
2.019892930984497070e-01
2.123230695724487305e-01
2.206477671861648560e-01
1.953551918268203735e-01
2.283783853054046631e-01
1.758021414279937744e-01
1.981672346591949463e-01
1.934180110692977905e-01
2.142358720302581787e-01
2.122110277414321899e-01
2.031615972518920898e-01
2.029186934232711792e-01
1.978891789913177490e-01
2.008592933416366577e-01
1.825495064258575439e-01
1.901674717664718628e-01
1.994818598031997681e-01
1.837294399738311768e-01
2.220421433448791504e-01
2.044257074594497681e-01
2.200220078229904175e-01
1.900049448013305664e-01
2.161874324083328247e-01
2.073085010051727295e-01
1.901808828115463257e-01
2.011594176292419434e-01
2.454632222652435303e-01
2.299741655588150024e-01
2.333860695362091064e-01
2.071837633848190308e-01
1.962264180183410645e-01
2.241134792566299438e-01
2.052715718746185303e-01
1.901792734861373901e-01
2.445081174373626709e-01
1.962406039237976074e-01
2.203994244337081909e-01
1.947916597127914429e-01
1.801596283912658691e-01
2.021826505661010742e-01
2.006651908159255981e-01
1.983678638935089111e-01
1.990881413221359253e-01
2.387152761220932007e-01
2.050754427909851074e-01
1.742066144943237305e-01
2.221476435661315918e-01
1.919275075197219849e-01
2.163958698511123657e-01
2.156448215246200562e-01
2.290076315402984619e-01
2.135549932718276978e-01
2.073002755641937256e-01
2.057507932186126709e-01
2.025052160024642944e-01
2.502553761005401611e-01
2.137636989355087280e-01
1.827676296234130859e-01
2.124125808477401733e-01
2.124430984258651733e-01
2.128514051437377930e-01
1.963824331760406494e-01
2.015267163515090942e-01
1.931464225053787231e-01
1.937627792358398438e-01
1.733420938253402710e-01
1.932895630598068237e-01
1.900630891323089600e-01
2.052583098411560059e-01
2.169312238693237305e-01
2.005141377449035645e-01
1.994727551937103271e-01
2.171016037464141846e-01
2.153846174478530884e-01
2.024136036634445190e-01
2.054361552000045776e-01
1.991170048713684082e-01
2.089201807975769043e-01
1.964538991451263428e-01
1.912751644849777222e-01
2.033808827400207520e-01
2.060390710830688477e-01
1.840258985757827759e-01
2.354166656732559204e-01
2.235387116670608521e-01
1.924858540296554565e-01
1.818181872367858887e-01
1.864754110574722290e-01
1.801801770925521851e-01
2.124223560094833374e-01
2.013071924448013306e-01
2.035587131977081299e-01
1.802955716848373413e-01
1.774604767560958862e-01
2.211953103542327881e-01
1.979522258043289185e-01
1.895794123411178589e-01
1.673936694860458374e-01
1.907216459512710571e-01
2.143259942531585693e-01
1.967579722404479980e-01
2.069716751575469971e-01
1.849056631326675415e-01
2.338709682226181030e-01
2.168674767017364502e-01
2.211055308580398560e-01
2.012113034725189209e-01
2.098581045866012573e-01
1.735064983367919922e-01
2.238689512014389038e-01
1.981481462717056274e-01
2.088142633438110352e-01
2.110726684331893921e-01
1.978155374526977539e-01
1.919315457344055176e-01
2.281393855810165405e-01
2.015706747770309448e-01
1.853015124797821045e-01
2.005276978015899658e-01
1.850915998220443726e-01
2.544204294681549072e-01
1.741693466901779175e-01
2.033112645149230957e-01
1.960474252700805664e-01
1.674057692289352417e-01
2.112860828638076782e-01
1.867862939834594727e-01
1.926605552434921265e-01
1.857070922851562500e-01
2.202380895614624023e-01
2.137121707201004028e-01
2.049586772918701172e-01
2.005617916584014893e-01
1.725468635559082031e-01
2.004716992378234863e-01
2.140845060348510742e-01
2.151702791452407837e-01
1.898809522390365601e-01
1.836283206939697266e-01
2.268211990594863892e-01
2.194955646991729736e-01
2.267782390117645264e-01
1.869085133075714111e-01
2.063744962215423584e-01
1.952160447835922241e-01
2.050781250000000000e-01
1.878882050514221191e-01
2.293333262205123901e-01
2.009907960891723633e-01
1.936316639184951782e-01
2.040603905916213989e-01
1.860465109348297119e-01
2.124212384223937988e-01
1.862123608589172363e-01
2.406577020883560181e-01
2.038484662771224976e-01
1.858407109975814819e-01
1.868044584989547729e-01
2.535787224769592285e-01
2.005333304405212402e-01
1.840168237686157227e-01
2.267536669969558716e-01
2.062004357576370239e-01
2.339832931756973267e-01
1.967871487140655518e-01
1.970941275358200073e-01
2.030749469995498657e-01
2.205292731523513794e-01
2.094833701848983765e-01
1.815856844186782837e-01
2.312633842229843140e-01
2.190109193325042725e-01
2.085714340209960938e-01
1.953216344118118286e-01
2.189310938119888306e-01
2.058070003986358643e-01
1.849390864372253418e-01
2.186666727066040039e-01
2.158357799053192139e-01
1.985887140035629272e-01
2.063694298267364502e-01
1.997749060392379761e-01
2.030484527349472046e-01
1.906946301460266113e-01
2.177554368972778320e-01
2.097378224134445190e-01
1.909722238779067993e-01
2.156735807657241821e-01
2.333588302135467529e-01
2.151543498039245605e-01
2.280442863702774048e-01
2.238507717847824097e-01
1.923076957464218140e-01
1.966887414455413818e-01
2.034525275230407715e-01
1.930184811353683472e-01
2.117486298084259033e-01
2.137254923582077026e-01
2.080789059400558472e-01
2.052211761474609375e-01
1.874573975801467896e-01
1.943396180868148804e-01
2.152023762464523315e-01
2.106368094682693481e-01
2.145969569683074951e-01
1.877104341983795166e-01
2.092228829860687256e-01
2.098188251256942749e-01
2.218214571475982666e-01
1.882673949003219604e-01
1.732753962278366089e-01
1.756962090730667114e-01
1.968463957309722900e-01
2.052659839391708374e-01
1.658057868480682373e-01
2.144469469785690308e-01
2.280334681272506714e-01
1.933673471212387085e-01
2.100840359926223755e-01
2.025769501924514771e-01
2.259927839040756226e-01
2.049549520015716553e-01
2.085137069225311279e-01
2.026836127042770386e-01
2.182985544204711914e-01
1.992316097021102905e-01
2.547076344490051270e-01
1.944444477558135986e-01
2.114445269107818604e-01
2.175632864236831665e-01
2.225680947303771973e-01
2.306855320930480957e-01
1.957547217607498169e-01
2.092772424221038818e-01
1.906274855136871338e-01
1.979109346866607666e-01
2.235528975725173950e-01
1.934976428747177124e-01
1.921341121196746826e-01
2.343434393405914307e-01
2.104529589414596558e-01
1.957226246595382690e-01
2.231012731790542603e-01
2.032046616077423096e-01
2.106761634349822998e-01
2.141608446836471558e-01
1.874381750822067261e-01
2.050420194864273071e-01
1.925098598003387451e-01
1.953488439321517944e-01
1.937465071678161621e-01
1.947342306375503540e-01
1.869795620441436768e-01
1.918465197086334229e-01
1.945996284484863281e-01
2.033898234367370605e-01
1.963350772857666016e-01
1.938983052968978882e-01
1.951364129781723022e-01
2.299012690782546997e-01
2.033426165580749512e-01
2.085642367601394653e-01
2.045325785875320435e-01
2.012650966644287109e-01
2.100192606449127197e-01
2.088974863290786743e-01
2.265758067369461060e-01
2.033441215753555298e-01
2.158527970314025879e-01
2.021220177412033081e-01
2.001424431800842285e-01
2.005033493041992188e-01
1.864111572504043579e-01
2.040030807256698608e-01
1.778115481138229370e-01
2.203539758920669556e-01
1.974813938140869141e-01
1.849507689476013184e-01
1.942789107561111450e-01
2.157099694013595581e-01
2.075848281383514404e-01
1.861674487590789795e-01
1.970692276954650879e-01
2.108753323554992676e-01
2.209888994693756104e-01
1.887675523757934570e-01
1.882267445325851440e-01
1.888981014490127563e-01
2.151162773370742798e-01
2.318660914897918701e-01
2.151714116334915161e-01
2.319214940071105957e-01
1.910055577754974365e-01
2.255924195051193237e-01
1.874615848064422607e-01
1.926433891057968140e-01
1.929292976856231689e-01
2.100898474454879761e-01
1.957970261573791504e-01
2.163308560848236084e-01
2.039830982685089111e-01
1.820788532495498657e-01
2.059103846549987793e-01
2.290996760129928589e-01
2.239448726177215576e-01
2.180962413549423218e-01
2.009192407131195068e-01
1.959361433982849121e-01
2.055335938930511475e-01
2.004275768995285034e-01
1.870155036449432373e-01
1.845342665910720825e-01
2.098331898450851440e-01
2.138953953981399536e-01
1.973958313465118408e-01
1.938828378915786743e-01
2.351648360490798950e-01
2.173912972211837769e-01
1.948257684707641602e-01
2.081811577081680298e-01
2.260147631168365479e-01
2.123955488204956055e-01
1.905717104673385620e-01
2.011428624391555786e-01
2.057823091745376587e-01
2.087454497814178467e-01
2.037444859743118286e-01
2.095730900764465332e-01
2.318339049816131592e-01
2.105263173580169678e-01
2.004608362913131714e-01
2.293103486299514771e-01
2.068683505058288574e-01
2.121669203042984009e-01
2.033898234367370605e-01
2.234392166137695312e-01
2.011834383010864258e-01
1.922064274549484253e-01
2.015306055545806885e-01
1.931372582912445068e-01
2.308420091867446899e-01
2.326980978250503540e-01
1.867052018642425537e-01
2.059738636016845703e-01
2.123076915740966797e-01
2.265575826168060303e-01
1.962121278047561646e-01
2.152682244777679443e-01
2.073490768671035767e-01
1.774033755064010620e-01
2.131024152040481567e-01
1.911138147115707397e-01
2.037164419889450073e-01
1.955431699752807617e-01
1.761786639690399170e-01
1.853972822427749634e-01
1.829268336296081543e-01
2.035256475210189819e-01
2.012195140123367310e-01
2.053816616535186768e-01
2.090188860893249512e-01
1.880448311567306519e-01
2.038461565971374512e-01
2.185128927230834961e-01
1.908989995718002319e-01
1.619672179222106934e-01
1.948387026786804199e-01
2.038551419973373413e-01
2.009202390909194946e-01
1.874611973762512207e-01
2.294172048568725586e-01
1.685126572847366333e-01
1.859504133462905884e-01
1.919122636318206787e-01
2.252846062183380127e-01
2.119496911764144897e-01
2.274678051471710205e-01
1.881793439388275146e-01
2.073521018028259277e-01
2.113891243934631348e-01
1.828442364931106567e-01
2.077488303184509277e-01
1.870192289352416992e-01
1.921182274818420410e-01
2.124481350183486938e-01
2.156862765550613403e-01
2.093541175127029419e-01
2.068328708410263062e-01
2.080586105585098267e-01
1.823802143335342407e-01
1.842519640922546387e-01
2.060456573963165283e-01
1.860009729862213135e-01
1.790935695171356201e-01
2.111231088638305664e-01
1.985769718885421753e-01
1.794731020927429199e-01
1.934523880481719971e-01
1.983094960451126099e-01
1.946564912796020508e-01
2.123950868844985962e-01
1.893333345651626587e-01
2.175572514533996582e-01
1.986084729433059692e-01
2.075976431369781494e-01
2.080848217010498047e-01
2.054881900548934937e-01
1.933605074882507324e-01
1.766763776540756226e-01
2.041210532188415527e-01
2.015209197998046875e-01
1.887201666831970215e-01
2.277339398860931396e-01
1.777378767728805542e-01
1.830887496471405029e-01
2.027210891246795654e-01
2.084168344736099243e-01
2.271818816661834717e-01
2.050653547048568726e-01
2.315233796834945679e-01
1.840193718671798706e-01
1.973030567169189453e-01
2.322175800800323486e-01
2.272727340459823608e-01
2.552966177463531494e-01
1.845949590206146240e-01
2.073104232549667358e-01
1.881249994039535522e-01
2.258064448833465576e-01
2.110984027385711670e-01
1.798029541969299316e-01
2.205159664154052734e-01
2.066290527582168579e-01
2.261178791522979736e-01
1.813974976539611816e-01
1.714285761117935181e-01
1.801596283912658691e-01
2.107462733983993530e-01
2.158693075180053711e-01
2.094167321920394897e-01
2.038953155279159546e-01
1.671627014875411987e-01
1.859649121761322021e-01
2.080536931753158569e-01
2.040565460920333862e-01
2.177419364452362061e-01
1.741894483566284180e-01
2.147102504968643188e-01
2.106643319129943848e-01
1.966259479522705078e-01
2.587968111038208008e-01
2.183441519737243652e-01
1.948130279779434204e-01
2.150404006242752075e-01
2.071525007486343384e-01
1.890838146209716797e-01
1.753445565700531006e-01
2.128960490226745605e-01
1.948204785585403442e-01
2.057105749845504761e-01
2.118197828531265259e-01
1.890080422163009644e-01
1.805031448602676392e-01
1.903114169836044312e-01
1.968007683753967285e-01
2.021276652812957764e-01
1.854789555072784424e-01
1.926751583814620972e-01
2.165970802307128906e-01
2.071156352758407593e-01
2.261380255222320557e-01
2.023888528347015381e-01
1.848428845405578613e-01
2.003213763236999512e-01
1.887886524200439453e-01
2.077238112688064575e-01
2.074688822031021118e-01
2.089994102716445923e-01
1.874144971370697021e-01
1.895462423563003540e-01
1.981132030487060547e-01
1.908635795116424561e-01
2.102351337671279907e-01
1.796042621135711670e-01
1.829134672880172729e-01
2.052023112773895264e-01
2.199807912111282349e-01
2.541766166687011719e-01
1.888466477394104004e-01
1.829673945903778076e-01
1.826530545949935913e-01
1.988338232040405273e-01
2.032258063554763794e-01
2.004787623882293701e-01
1.659863889217376709e-01
1.984435766935348511e-01
2.023514807224273682e-01
2.090988606214523315e-01
1.868583112955093384e-01
2.058047503232955933e-01
2.268551290035247803e-01
2.162941545248031616e-01
1.873215287923812866e-01
2.103972584009170532e-01
2.231833934783935547e-01
1.930309683084487915e-01
2.287769764661788940e-01
2.089407145977020264e-01
2.298950999975204468e-01
1.912889927625656128e-01
2.090558707714080811e-01
1.812500059604644775e-01
2.116279006004333496e-01
2.027609944343566895e-01
2.411522567272186279e-01
1.889814287424087524e-01
1.920792013406753540e-01
1.964549422264099121e-01
1.791215091943740845e-01
1.842465698719024658e-01
1.923371702432632446e-01
1.943877488374710083e-01
1.897759139537811279e-01
2.894409894943237305e-01
2.075055241584777832e-01
1.991570144891738892e-01
2.223692983388900757e-01
1.709779202938079834e-01
2.398042380809783936e-01
1.874386668205261230e-01
1.771463155746459961e-01
2.062128186225891113e-01
2.179151326417922974e-01
1.914626508951187134e-01
1.737373769283294678e-01
2.066395729780197144e-01
1.941282153129577637e-01
2.237036973237991333e-01
1.949728280305862427e-01
1.727536171674728394e-01
2.319255620241165161e-01
2.142298668622970581e-01
2.003722041845321655e-01
1.860353946685791016e-01
2.034883648157119751e-01
2.110769301652908325e-01
2.053231894969940186e-01
1.837748289108276367e-01
2.135416716337203979e-01
2.236286848783493042e-01
1.862917393445968628e-01
1.989938467741012573e-01
2.172043025493621826e-01
2.101818174123764038e-01
2.249544560909271240e-01
2.084765136241912842e-01
1.856435686349868774e-01
1.776354163885116577e-01
1.896440088748931885e-01
1.862996220588684082e-01
1.937557458877563477e-01
1.961165070533752441e-01
2.526236772537231445e-01
2.064323127269744873e-01
2.158988267183303833e-01
2.047619074583053589e-01
1.916105598211288452e-01
2.056338042020797729e-01
2.068138122558593750e-01
2.006493508815765381e-01
2.089116126298904419e-01
2.081362307071685791e-01
2.271863073110580444e-01
2.350230365991592407e-01
2.045454531908035278e-01
1.998444795608520508e-01
1.793641299009323120e-01
1.858344972133636475e-01
1.858622729778289795e-01
1.783819645643234253e-01
2.067620307207107544e-01
2.071111053228378296e-01
2.094440162181854248e-01
2.086824029684066772e-01
2.010233849287033081e-01
2.129793465137481689e-01
2.309197634458541870e-01
2.127090245485305786e-01
1.869095861911773682e-01
2.003710567951202393e-01
2.235929071903228760e-01
2.331606149673461914e-01
2.006403356790542603e-01
1.980854123830795288e-01
2.062541544437408447e-01
1.838565021753311157e-01
2.219973057508468628e-01
2.056220769882202148e-01
2.036508768796920776e-01
2.203742265701293945e-01
2.102510482072830200e-01
2.479452043771743774e-01
2.093617022037506104e-01
2.120551913976669312e-01
2.173382192850112915e-01
2.059419304132461548e-01
2.160852700471878052e-01
2.073825448751449585e-01
2.224587500095367432e-01
2.006600648164749146e-01
1.823979616165161133e-01
2.127329260110855103e-01
2.137176990509033203e-01
1.862871944904327393e-01
2.063172012567520142e-01
2.040393650531768799e-01
2.059086859226226807e-01
2.168447524309158325e-01
2.192393690347671509e-01
2.233250588178634644e-01
2.058200985193252563e-01
2.304593026638031006e-01
2.054794579744338989e-01
2.242339849472045898e-01
1.931482553482055664e-01
1.756756752729415894e-01
1.991803348064422607e-01
2.069767415523529053e-01
2.103861570358276367e-01
2.173637449741363525e-01
2.021347582340240479e-01
1.892878860235214233e-01
1.931637525558471680e-01
2.133227586746215820e-01
1.777290254831314087e-01
2.034445703029632568e-01
2.235772311687469482e-01
1.983342021703720093e-01
2.153284698724746704e-01
2.322097420692443848e-01
2.206654995679855347e-01
2.037943750619888306e-01
2.059064805507659912e-01
1.963534355163574219e-01
2.209737896919250488e-01
1.904997527599334717e-01
2.100488543510437012e-01
2.072490751743316650e-01
1.827628314495086670e-01
2.312811911106109619e-01
2.296151369810104370e-01
2.162162214517593384e-01
2.094792276620864868e-01
2.031823694705963135e-01
2.000000029802322388e-01
1.973601579666137695e-01
2.037735879421234131e-01
1.952078938484191895e-01
1.910170316696166992e-01
1.894736886024475098e-01
2.016011625528335571e-01
2.221467345952987671e-01
2.008281499147415161e-01
2.597402632236480713e-01
2.030956894159317017e-01
2.113022059202194214e-01
2.094117701053619385e-01
2.228057086467742920e-01
1.902524977922439575e-01
2.056074738502502441e-01
2.063063085079193115e-01
2.012667208909988403e-01
2.102933079004287720e-01
2.029940187931060791e-01
2.109422534704208374e-01
2.254169136285781860e-01
1.865248233079910278e-01
2.312267720699310303e-01
2.027027010917663574e-01
2.220026403665542603e-01
1.947643905878067017e-01
1.813890784978866577e-01
1.840000003576278687e-01
2.303522974252700806e-01
2.473233342170715332e-01
1.712846308946609497e-01
2.290820479393005371e-01
2.159090936183929443e-01
1.913846135139465332e-01
2.181818187236785889e-01
2.053846120834350586e-01
1.950832605361938477e-01
1.874509751796722412e-01
2.275985628366470337e-01
2.033410072326660156e-01
2.174535095691680908e-01
2.199248075485229492e-01
2.098765373229980469e-01
2.111111134290695190e-01
2.002355754375457764e-01
1.954941898584365845e-01
1.996245235204696655e-01
2.112782001495361328e-01
1.959114074707031250e-01
2.199999988079071045e-01
1.746210008859634399e-01
1.893230527639389038e-01
1.934210509061813354e-01
1.946193426847457886e-01
2.060875147581100464e-01
1.997834295034408569e-01
1.948228925466537476e-01
2.005570977926254272e-01
2.086677402257919312e-01
2.059773802757263184e-01
1.862117946147918701e-01
1.998602449893951416e-01
2.091412693262100220e-01
1.824228018522262573e-01
2.040816396474838257e-01
2.111702114343643188e-01
2.102888077497482300e-01
2.152054011821746826e-01
2.311435490846633911e-01
1.914739906787872314e-01
1.870769262313842773e-01
2.558139562606811523e-01
1.779487133026123047e-01
2.012383937835693359e-01
2.213403880596160889e-01
2.100677639245986938e-01
2.053571492433547974e-01
1.970479637384414673e-01
1.752353310585021973e-01
2.032407373189926147e-01
2.167243957519531250e-01
1.982591897249221802e-01
1.971240192651748657e-01
1.880701780319213867e-01
2.103104889392852783e-01
1.979230344295501709e-01
2.195744663476943970e-01
1.742424219846725464e-01
1.978891789913177490e-01
2.096642106771469116e-01
2.131487876176834106e-01
2.135380357503890991e-01
2.172260880470275879e-01
1.893805265426635742e-01
1.963927894830703735e-01
1.894799768924713135e-01
1.980374604463577271e-01
1.961165070533752441e-01
2.063492089509963989e-01
2.010276168584823608e-01
2.120822668075561523e-01
2.012336105108261108e-01
2.104477584362030029e-01
2.121782749891281128e-01
2.039563506841659546e-01
2.095588296651840210e-01
1.873816996812820435e-01
1.929375678300857544e-01
2.076388895511627197e-01
2.067819088697433472e-01
1.988200545310974121e-01
2.048947066068649292e-01
1.825930923223495483e-01
2.039603888988494873e-01
2.000000029802322388e-01
1.853425353765487671e-01
2.266666740179061890e-01
2.232267111539840698e-01
1.823027729988098145e-01
2.026476562023162842e-01
1.972265094518661499e-01
2.235628068447113037e-01
1.865214407444000244e-01
2.007873952388763428e-01
2.081841379404067993e-01
2.127516716718673706e-01
1.976362466812133789e-01
2.050754427909851074e-01
1.998031437397003174e-01
2.188868075609207153e-01
2.018111199140548706e-01
1.648016273975372314e-01
2.157534211874008179e-01
1.911220699548721313e-01
1.923326849937438965e-01
2.031019181013107300e-01
2.117647081613540649e-01
1.813368648290634155e-01
1.803797483444213867e-01
2.016000002622604370e-01
1.935699880123138428e-01
2.249426096677780151e-01
2.110671997070312500e-01
2.151755392551422119e-01
1.782729774713516235e-01
2.113251537084579468e-01
1.979293525218963623e-01
2.054015696048736572e-01
2.066395729780197144e-01
2.214875966310501099e-01
1.869772970676422119e-01
1.983240246772766113e-01
1.821909844875335693e-01
2.037037014961242676e-01
1.945158541202545166e-01
2.259786427021026611e-01
2.219178080558776855e-01
1.959638893604278564e-01
2.029731273651123047e-01
2.172910720109939575e-01
2.039999961853027344e-01
1.764300465583801270e-01
2.007233202457427979e-01
2.195266336202621460e-01
2.373113781213760376e-01
1.915954351425170898e-01
1.940119713544845581e-01
1.953125000000000000e-01
2.178819477558135986e-01
2.228915691375732422e-01
2.071269452571868896e-01
2.189160436391830444e-01
2.229992300271987915e-01
1.886287629604339600e-01
2.070357501506805420e-01
2.085848450660705566e-01
2.037580758333206177e-01
1.957708001136779785e-01
1.962142139673233032e-01
1.831537634134292603e-01
2.170886099338531494e-01
1.872638911008834839e-01
1.936966478824615479e-01
1.826589554548263550e-01
2.024972885847091675e-01
2.064807862043380737e-01
2.001394629478454590e-01
1.961492151021957397e-01
1.883080452680587769e-01
2.030524164438247681e-01
2.068550884723663330e-01
2.285156250000000000e-01
2.236400246620178223e-01
2.036645561456680298e-01
1.996337026357650757e-01
2.010459005832672119e-01
1.859550625085830688e-01
1.958285123109817505e-01
1.947674453258514404e-01
1.975199282169342041e-01
2.173263579607009888e-01
2.391959726810455322e-01
2.058823555707931519e-01
2.215979993343353271e-01
1.934697926044464111e-01
1.923791766166687012e-01
2.088178247213363647e-01
1.758747696876525879e-01
2.198774665594100952e-01
2.158904075622558594e-01
2.119476199150085449e-01
1.986951380968093872e-01
2.145242094993591309e-01
1.977099180221557617e-01
1.997822523117065430e-01
2.023411393165588379e-01
1.977011561393737793e-01
1.948510855436325073e-01
1.932259798049926758e-01
2.062283754348754883e-01
2.224719077348709106e-01
1.913685351610183716e-01
2.196162045001983643e-01
2.014076858758926392e-01
1.936695277690887451e-01
2.091708481311798096e-01
2.118789255619049072e-01
2.111838161945343018e-01
1.838456839323043823e-01
2.108922302722930908e-01
2.154882103204727173e-01
1.716465353965759277e-01
1.988396644592285156e-01
2.053832709789276123e-01
2.111613899469375610e-01
1.937550008296966553e-01
1.989071071147918701e-01
2.167182713747024536e-01
1.928872764110565186e-01
1.898422092199325562e-01
2.046936154365539551e-01
2.199606001377105713e-01
2.075862139463424683e-01
2.568218410015106201e-01
2.123830020427703857e-01
1.984536051750183105e-01
2.096523046493530273e-01
2.101947367191314697e-01
2.226980775594711304e-01
1.789473742246627808e-01
1.960674226284027100e-01
2.207239121198654175e-01
1.884438544511795044e-01
1.904394775629043579e-01
2.049839198589324951e-01
2.043314427137374878e-01
2.736982703208923340e-01
1.934210509061813354e-01
1.973220556974411011e-01
1.830457597970962524e-01
1.987607181072235107e-01
1.879518032073974609e-01
2.068632245063781738e-01
2.011464238166809082e-01
2.084592133760452271e-01
1.970010399818420410e-01
1.835543811321258545e-01
2.212389409542083740e-01
1.741293519735336304e-01
2.481203079223632812e-01
2.159174680709838867e-01
1.971620619297027588e-01
2.148760259151458740e-01
2.074363976716995239e-01
1.926605552434921265e-01
1.878149360418319702e-01
2.026741802692413330e-01
2.004850506782531738e-01
2.092198580503463745e-01
1.959361433982849121e-01
2.061579674482345581e-01
1.913197487592697144e-01
1.945594251155853271e-01
2.830188572406768799e-01
2.011642903089523315e-01
2.057178318500518799e-01
2.084610611200332642e-01
2.097264379262924194e-01
2.168933451175689697e-01
1.889721602201461792e-01
2.173912972211837769e-01
2.225219160318374634e-01
1.780000030994415283e-01
1.857894808053970337e-01
2.158872485160827637e-01
2.016460895538330078e-01
2.244389057159423828e-01
2.382588833570480347e-01
2.042139321565628052e-01
1.903881728649139404e-01
2.221615761518478394e-01
2.482638955116271973e-01
2.057578265666961670e-01
1.843575388193130493e-01
1.883986145257949829e-01
2.039835155010223389e-01
2.254969179630279541e-01
2.115384638309478760e-01
1.600803732872009277e-01
2.017804086208343506e-01
2.255351692438125610e-01
2.122994661331176758e-01
2.145052254199981689e-01
2.034313678741455078e-01
2.011057287454605103e-01
1.797884851694107056e-01
1.957989484071731567e-01
2.150455862283706665e-01
1.908396929502487183e-01
2.278797924518585205e-01
2.177650481462478638e-01
1.896207630634307861e-01
2.057783007621765137e-01
2.149532735347747803e-01
1.868377029895782471e-01
2.293577939271926880e-01
2.088150233030319214e-01
2.156303524971008301e-01
2.370990216732025146e-01
2.072892934083938599e-01
2.036923021078109741e-01
2.166285216808319092e-01
2.358104139566421509e-01
2.224094420671463013e-01
2.013081461191177368e-01
2.092526704072952271e-01
2.132587879896163940e-01
1.929155290126800537e-01
2.058570235967636108e-01
2.216216176748275757e-01
1.969309449195861816e-01
2.261014133691787720e-01
1.915367543697357178e-01
1.922455579042434692e-01
1.883166730403900146e-01
1.917494237422943115e-01
2.165795415639877319e-01
1.721698045730590820e-01
1.864764988422393799e-01
2.002974748611450195e-01
2.098238170146942139e-01
1.763066202402114868e-01
1.938326060771942139e-01
1.988188922405242920e-01
2.103896141052246094e-01
2.011494189500808716e-01
1.881571710109710693e-01
2.116212397813796997e-01
2.067851424217224121e-01
1.933292150497436523e-01
2.212508469820022583e-01
1.895850300788879395e-01
2.183353453874588013e-01
2.008474618196487427e-01
2.257732003927230835e-01
2.073878645896911621e-01
2.070506513118743896e-01
1.740080118179321289e-01
1.803594380617141724e-01
1.874527633190155029e-01
2.064917087554931641e-01
1.906269788742065430e-01
2.025316506624221802e-01
2.045454531908035278e-01
2.115117907524108887e-01
2.082738876342773438e-01
2.166549116373062134e-01
1.980267763137817383e-01
1.882261782884597778e-01
2.104956209659576416e-01
1.964091360569000244e-01
2.339228242635726929e-01
2.076923102140426636e-01
2.019230723381042480e-01
2.015078812837600708e-01
1.972951442003250122e-01
1.840929388999938965e-01
2.053854316473007202e-01
2.004393190145492554e-01
1.933115869760513306e-01
2.156357318162918091e-01
2.075471729040145874e-01
2.426614463329315186e-01
2.039344310760498047e-01
1.852891594171524048e-01
2.028218656778335571e-01
2.147928923368453979e-01
2.076145112514495850e-01
2.075471729040145874e-01
1.722408086061477661e-01
1.896046847105026245e-01
1.857225745916366577e-01
2.298603653907775879e-01
1.819012761116027832e-01
2.087347507476806641e-01
1.865168511867523193e-01
1.972198039293289185e-01
2.211111038923263550e-01
2.114624530076980591e-01
1.923797577619552612e-01
1.725714355707168579e-01
1.927461177110671997e-01
2.088655084371566772e-01
1.987133622169494629e-01
1.925017982721328735e-01
2.165640741586685181e-01
1.852098554372787476e-01
1.983944922685623169e-01
1.970613598823547363e-01
1.960038095712661743e-01
2.012487947940826416e-01
1.983914226293563843e-01
1.851278096437454224e-01
1.895475834608078003e-01
2.041539996862411499e-01
2.123347967863082886e-01
1.846068054437637329e-01
2.327586263418197632e-01
1.836734712123870850e-01
2.277339398860931396e-01
1.948497891426086426e-01
2.049608379602432251e-01
2.003311216831207275e-01
1.826643347740173340e-01
1.949602067470550537e-01
1.952095776796340942e-01
1.729857772588729858e-01
2.006756812334060669e-01
2.229775637388229370e-01
1.917725354433059692e-01
2.141342759132385254e-01
2.345786243677139282e-01
2.337575405836105347e-01
2.205466479063034058e-01
1.928460299968719482e-01
1.721432060003280640e-01
2.227619737386703491e-01
2.092882990837097168e-01
2.091363370418548584e-01
2.178533524274826050e-01
1.801047176122665405e-01
1.957787424325942993e-01
1.982464641332626343e-01
2.183341532945632935e-01
2.200704216957092285e-01
2.086129784584045410e-01
2.005629837512969971e-01
1.754256039857864380e-01
1.865042150020599365e-01
1.993204951286315918e-01
1.865285038948059082e-01
2.141633331775665283e-01
2.304147481918334961e-01
1.945412307977676392e-01
2.115232795476913452e-01
2.373737394809722900e-01
2.288828343152999878e-01
2.216713875532150269e-01
1.769028902053833008e-01
2.354031503200531006e-01
2.043506950139999390e-01
2.173112332820892334e-01
1.945231407880783081e-01
2.031156420707702637e-01
1.910055577754974365e-01
2.072184234857559204e-01
2.159657925367355347e-01
1.932495087385177612e-01
1.973180025815963745e-01
2.074253410100936890e-01
2.134996354579925537e-01
1.784638613462448120e-01
2.000000029802322388e-01
2.050827443599700928e-01
1.939328312873840332e-01
2.082670927047729492e-01
1.948051899671554565e-01
2.141304314136505127e-01
2.159853577613830566e-01
2.217659205198287964e-01
2.044960111379623413e-01
2.141756564378738403e-01
1.701357513666152954e-01
2.188449800014495850e-01
2.032235413789749146e-01
2.152542322874069214e-01
1.974025964736938477e-01
1.925925910472869873e-01
2.065439671277999878e-01
2.107936441898345947e-01
2.027896940708160400e-01
2.179621905088424683e-01
2.131242752075195312e-01
2.016558200120925903e-01
1.951951980590820312e-01
1.991257965564727783e-01
2.187039703130722046e-01
1.925655156373977661e-01
1.938031613826751709e-01
1.943641602993011475e-01
2.273291945457458496e-01
2.137608528137207031e-01
2.225633114576339722e-01
2.086137235164642334e-01
1.947011649608612061e-01
2.185380607843399048e-01
2.002600729465484619e-01
2.095425426959991455e-01
1.949860751628875732e-01
2.233542352914810181e-01
2.297756671905517578e-01
1.816647946834564209e-01
2.149200737476348877e-01
2.434701472520828247e-01
2.198473215103149414e-01
2.060274034738540649e-01
1.855221539735794067e-01
1.951889991760253906e-01
2.054093629121780396e-01
1.980337053537368774e-01
1.971958428621292114e-01
2.214854061603546143e-01
2.025431394577026367e-01
2.145421952009201050e-01
2.305140942335128784e-01
2.107309550046920776e-01
2.078189253807067871e-01
1.919028311967849731e-01
2.061328738927841187e-01
2.053463011980056763e-01
2.212230265140533447e-01
1.991774439811706543e-01
1.804717481136322021e-01
2.079256325960159302e-01
1.806451678276062012e-01
2.004689276218414307e-01
2.276785671710968018e-01
2.377740293741226196e-01
2.135289311408996582e-01
1.821305900812149048e-01
1.926358342170715332e-01
1.899362206459045410e-01
1.915175616741180420e-01
2.031250000000000000e-01
1.902536749839782715e-01
2.135036438703536987e-01
1.935840696096420288e-01
1.983805596828460693e-01
2.079343348741531372e-01
2.112068980932235718e-01
2.030548006296157837e-01
2.019417434930801392e-01
1.993355453014373779e-01
2.210526317358016968e-01
2.131630629301071167e-01
1.998480260372161865e-01
2.314049601554870605e-01
1.837270408868789673e-01
1.810169517993927002e-01
1.989489495754241943e-01
2.104539275169372559e-01
2.113074213266372681e-01
2.352501899003982544e-01
2.247071415185928345e-01
1.910229623317718506e-01
1.943807303905487061e-01
1.865482181310653687e-01
2.036613225936889648e-01
1.826320439577102661e-01
2.132582813501358032e-01
2.119760513305664062e-01
2.073552459478378296e-01
2.084048092365264893e-01
1.692913323640823364e-01
2.085646241903305054e-01
2.090472877025604248e-01
1.868544667959213257e-01
1.883983612060546875e-01
2.340659350156784058e-01
2.164524495601654053e-01
2.061728388071060181e-01
2.380607873201370239e-01
1.793427169322967529e-01
2.263033241033554077e-01
1.935719549655914307e-01
2.103896141052246094e-01
1.964382082223892212e-01
1.810035854578018188e-01
1.934361010789871216e-01
1.927312761545181274e-01
2.239353954792022705e-01
1.906387060880661011e-01
1.956989318132400513e-01
1.873491108417510986e-01
1.943887770175933838e-01
2.049586772918701172e-01
2.158167064189910889e-01
2.190745919942855835e-01
2.307692319154739380e-01
2.384860962629318237e-01
2.040694206953048706e-01
1.973601579666137695e-01
2.358208894729614258e-01
2.164090424776077271e-01
1.998734921216964722e-01
1.883636415004730225e-01
2.134359627962112427e-01
2.238232493400573730e-01
2.022471874952316284e-01
2.178002893924713135e-01
2.247259467840194702e-01
2.324324250221252441e-01
1.993769407272338867e-01
1.795865595340728760e-01
1.982182562351226807e-01
1.811819523572921753e-01
2.057553976774215698e-01
2.088258415460586548e-01
1.938239187002182007e-01
2.070226818323135376e-01
2.150056064128875732e-01
1.975945085287094116e-01
1.883561611175537109e-01
2.169811278581619263e-01
2.148148119449615479e-01
2.412974685430526733e-01
2.106879651546478271e-01
2.224396616220474243e-01
2.000000029802322388e-01
1.845466196537017822e-01
2.291371971368789673e-01
2.058287858963012695e-01
2.092643082141876221e-01
1.974327564239501953e-01
2.077051997184753418e-01
2.359249293804168701e-01
2.187910676002502441e-01
1.945905387401580811e-01
2.115384638309478760e-01
1.922304034233093262e-01
1.837791204452514648e-01
2.175732254981994629e-01
2.184154242277145386e-01
2.012263089418411255e-01
1.932712942361831665e-01
1.906976699829101562e-01
1.947521865367889404e-01
1.960085481405258179e-01
2.161144614219665527e-01
1.831111162900924683e-01
1.976955682039260864e-01
1.732793450355529785e-01
2.336956560611724854e-01
2.229580581188201904e-01
2.169312238693237305e-01
2.225042283535003662e-01
2.056631892919540405e-01
1.870129853487014771e-01
2.213967293500900269e-01
2.190201729536056519e-01
2.095771133899688721e-01
1.954821944236755371e-01
2.465035021305084229e-01
1.935483813285827637e-01
2.018927484750747681e-01
2.020419090986251831e-01
2.005928903818130493e-01
2.093862742185592651e-01
1.882352977991104126e-01
2.000000029802322388e-01
1.929203569889068604e-01
2.233088761568069458e-01
2.141833752393722534e-01
1.940024495124816895e-01
1.937363445758819580e-01
1.969568878412246704e-01
1.968400329351425171e-01
2.106135934591293335e-01
2.249999940395355225e-01
2.045696079730987549e-01
1.886792480945587158e-01
2.013221085071563721e-01
2.104519754648208618e-01
1.844729334115982056e-01
1.655367165803909302e-01
2.100221067667007446e-01
1.980413496494293213e-01
2.085674107074737549e-01
2.084507048130035400e-01
1.914460211992263794e-01
1.949640214443206787e-01
2.067401111125946045e-01
2.167919725179672241e-01
1.834556311368942261e-01
2.064482569694519043e-01
1.909385174512863159e-01
1.899613887071609497e-01
1.833541989326477051e-01
2.022058814764022827e-01
2.453936338424682617e-01
1.959798932075500488e-01
1.988272964954376221e-01
1.982622444629669189e-01
2.233967632055282593e-01
2.217973172664642334e-01
2.199509441852569580e-01
2.152199745178222656e-01
2.027972042560577393e-01
2.130492627620697021e-01
2.250896096229553223e-01
2.113821208477020264e-01
2.207463681697845459e-01
2.288732379674911499e-01
2.151748687028884888e-01
1.831626892089843750e-01
2.477440536022186279e-01
2.027972042560577393e-01
1.845714300870895386e-01
1.924999952316284180e-01
2.185628712177276611e-01
2.320841550827026367e-01
1.793313026428222656e-01
2.296450883150100708e-01
2.148626744747161865e-01
2.309963107109069824e-01
1.730629950761795044e-01
2.169042825698852539e-01
2.022194862365722656e-01
1.956242024898529053e-01
1.902313679456710815e-01
1.936013102531433105e-01
2.236966788768768311e-01
2.199999988079071045e-01
2.353455871343612671e-01
2.159194946289062500e-01
2.061368972063064575e-01
2.018561512231826782e-01
1.852402240037918091e-01
2.100894004106521606e-01
2.006525248289108276e-01
1.768867969512939453e-01
2.066666632890701294e-01
1.909898519515991211e-01
2.050048112869262695e-01
2.028343677520751953e-01
2.171145677566528320e-01
1.980122327804565430e-01
1.976137161254882812e-01
2.185548543930053711e-01
1.990620046854019165e-01
2.445859909057617188e-01
2.130384147167205811e-01
2.310093641281127930e-01
1.944990158081054688e-01
2.383015602827072144e-01
2.094780206680297852e-01
1.956797987222671509e-01
2.072968482971191406e-01
2.230769246816635132e-01
1.974025964736938477e-01
2.156862765550613403e-01
2.038523256778717041e-01
1.976261138916015625e-01
2.107942998409271240e-01
1.934349387884140015e-01
2.166771888732910156e-01
1.983640044927597046e-01
1.849791407585144043e-01
2.125435471534729004e-01
2.070175409317016602e-01
2.007104754447937012e-01
1.930835694074630737e-01
2.675709128379821777e-01
1.629213541746139526e-01
1.963636428117752075e-01
1.928209811449050903e-01
2.054597735404968262e-01
2.165709584951400757e-01
1.996842920780181885e-01
2.331288307905197144e-01
2.183994054794311523e-01
2.216721624135971069e-01
2.280912399291992188e-01
2.032410502433776855e-01
1.904462575912475586e-01
1.990950256586074829e-01
1.858353465795516968e-01
1.721388399600982666e-01
2.267605662345886230e-01
2.117962539196014404e-01
1.975780725479125977e-01
2.005253881216049194e-01
2.184194177389144897e-01
2.042755335569381714e-01
2.087076753377914429e-01
2.016334831714630127e-01
1.875000000000000000e-01
1.938125640153884888e-01
1.913965046405792236e-01
1.906218081712722778e-01
1.852057874202728271e-01
1.936733424663543701e-01
1.976439803838729858e-01
2.123758643865585327e-01
2.174643129110336304e-01
2.583643198013305664e-01
2.177650481462478638e-01
1.868932098150253296e-01
2.123205810785293579e-01
1.906354576349258423e-01
1.889092028141021729e-01
2.006289362907409668e-01
2.037337720394134521e-01
1.863777041435241699e-01
2.134831398725509644e-01
2.018834650516510010e-01
1.858310699462890625e-01
2.005590498447418213e-01
1.769646108150482178e-01
1.984732896089553833e-01
2.035780400037765503e-01
2.526997923851013184e-01
2.217687070369720459e-01
2.243989259004592896e-01
1.941015124320983887e-01
1.951731443405151367e-01
2.175264209508895874e-01
1.762545853853225708e-01
1.925218701362609863e-01
2.358490526676177979e-01
1.878940761089324951e-01
2.173912972211837769e-01
2.253116071224212646e-01
1.981072574853897095e-01
1.892076432704925537e-01
1.978852003812789917e-01
2.238267213106155396e-01
2.338345795869827271e-01
2.122781127691268921e-01
2.305629998445510864e-01
1.962725669145584106e-01
2.097669243812561035e-01
1.788952946662902832e-01
1.872887015342712402e-01
2.006861120462417603e-01
1.927710771560668945e-01
2.000000029802322388e-01
1.726282984018325806e-01
1.923365890979766846e-01
2.267100960016250610e-01
2.341356724500656128e-01
2.054707407951354980e-01
1.977687627077102661e-01
2.266775816679000854e-01
2.182648330926895142e-01
2.101950943470001221e-01
2.121588140726089478e-01
2.091906666755676270e-01
2.175000011920928955e-01
2.129319906234741211e-01
1.892925500869750977e-01
2.234939783811569214e-01
2.001380324363708496e-01
2.295918315649032593e-01
2.069370895624160767e-01
2.005689889192581177e-01
1.869839727878570557e-01
1.921944022178649902e-01
2.326807230710983276e-01
1.981664299964904785e-01
2.410526275634765625e-01
1.924375444650650024e-01
2.231182754039764404e-01
1.949860751628875732e-01
1.880153864622116089e-01
2.068965584039688110e-01
2.103658467531204224e-01
1.879576891660690308e-01
2.064777314662933350e-01
1.969348639249801636e-01
1.862275451421737671e-01
2.027649730443954468e-01
1.889848858118057251e-01
1.978302448987960815e-01
2.286874204874038696e-01
2.168004959821701050e-01
2.215954810380935669e-01
2.036231905221939087e-01
1.989994496107101440e-01
2.223747372627258301e-01
2.146242409944534302e-01
1.856763958930969238e-01
2.164179086685180664e-01
2.317562103271484375e-01
2.107279747724533081e-01
1.918194591999053955e-01
2.128874361515045166e-01
1.819397956132888794e-01
2.027118653059005737e-01
2.267281115055084229e-01
1.958644390106201172e-01
1.960937529802322388e-01
2.102950364351272583e-01
2.165532857179641724e-01
1.868652701377868652e-01
2.042368352413177490e-01
2.046147137880325317e-01
2.077922075986862183e-01
2.276368439197540283e-01
1.984732896089553833e-01
2.052370905876159668e-01
2.085533291101455688e-01
1.903409063816070557e-01
1.977491974830627441e-01
2.050929069519042969e-01
2.026612013578414917e-01
2.395437210798263550e-01
1.877584755420684814e-01
2.175873667001724243e-01
1.799694895744323730e-01
2.143705487251281738e-01
1.866581141948699951e-01
1.828015148639678955e-01
2.162373214960098267e-01
2.199861258268356323e-01
2.129629701375961304e-01
1.931166350841522217e-01
1.869918704032897949e-01
2.041086852550506592e-01
2.051136344671249390e-01
1.960921138525009155e-01
2.103347927331924438e-01
2.103703767061233521e-01
1.689587384462356567e-01
2.029288709163665771e-01
2.016936093568801880e-01
2.236573696136474609e-01
2.030625790357589722e-01
2.127293646335601807e-01
2.271776944398880005e-01
2.141312211751937866e-01
2.005124986171722412e-01
2.386541515588760376e-01
1.938435882329940796e-01
2.020884454250335693e-01
1.955738514661788940e-01
2.170900702476501465e-01
1.901655793190002441e-01
1.959262788295745850e-01
2.097147256135940552e-01
1.981637328863143921e-01
2.345678955316543579e-01
1.933054327964782715e-01
2.024367451667785645e-01
2.181919664144515991e-01
2.006896585226058960e-01
2.177466452121734619e-01
1.839145123958587646e-01
1.906187683343887329e-01
2.073336392641067505e-01
2.110091745853424072e-01
2.105738818645477295e-01
1.899999976158142090e-01
1.819397956132888794e-01
1.927204877138137817e-01
1.774545460939407349e-01
2.012795209884643555e-01
2.153945714235305786e-01
2.298546880483627319e-01
1.949829012155532837e-01
1.830708682537078857e-01
1.848739534616470337e-01
1.965699195861816406e-01
2.082441151142120361e-01
1.952983736991882324e-01
1.869468986988067627e-01
2.083628624677658081e-01
2.249346077442169189e-01
1.908975988626480103e-01
1.930744946002960205e-01
1.913846135139465332e-01
2.414131462574005127e-01
1.869357377290725708e-01
2.029411792755126953e-01
1.944024264812469482e-01
2.030223459005355835e-01
1.993630528450012207e-01
1.796246618032455444e-01
1.825063079595565796e-01
1.836562752723693848e-01
2.074688822031021118e-01
2.093189954757690430e-01
2.068607062101364136e-01
1.948900818824768066e-01
1.897810250520706177e-01
1.997487396001815796e-01
2.117241322994232178e-01
1.933998465538024902e-01
2.059012204408645630e-01
2.312456965446472168e-01
2.039473652839660645e-01
1.920095384120941162e-01
1.995912790298461914e-01
2.183622866868972778e-01
2.252155244350433350e-01
1.930960118770599365e-01
1.853876709938049316e-01
2.338082939386367798e-01
1.896306872367858887e-01
2.038980573415756226e-01
1.940376609563827515e-01
2.133468091487884521e-01
2.014607489109039307e-01
2.362637370824813843e-01
2.061122953891754150e-01
2.005434781312942505e-01
1.834862381219863892e-01
1.971054375171661377e-01
1.852103173732757568e-01
2.149321287870407104e-01
2.144563943147659302e-01
2.228915691375732422e-01
2.000000029802322388e-01
1.982447057962417603e-01
2.048823088407516479e-01
2.290268391370773315e-01
1.830484271049499512e-01
1.973125934600830078e-01
2.095761448144912720e-01
2.226720601320266724e-01
2.165562957525253296e-01
2.003929316997528076e-01
2.215488255023956299e-01
1.986506730318069458e-01
2.098950594663619995e-01
2.007648199796676636e-01
2.158006429672241211e-01
2.442348003387451172e-01
1.938262730836868286e-01
1.936433166265487671e-01
2.245370298624038696e-01
2.421875000000000000e-01
1.763255298137664795e-01
1.981382966041564941e-01
1.805225610733032227e-01
1.741007268428802490e-01
2.139175236225128174e-01
1.849372386932373047e-01
2.025052160024642944e-01
2.023809552192687988e-01
2.009714692831039429e-01
2.002230882644653320e-01
2.022077292203903198e-01
2.033898234367370605e-01
2.039764374494552612e-01
2.183353453874588013e-01
2.065727710723876953e-01
1.955128163099288940e-01
1.964018046855926514e-01
1.864154636859893799e-01
2.196721285581588745e-01
2.032140940427780151e-01
1.785714328289031982e-01
2.268743962049484253e-01
1.952825039625167847e-01
2.218845039606094360e-01
1.904406249523162842e-01
2.103944867849349976e-01
2.115528881549835205e-01
1.836106032133102417e-01
2.072131186723709106e-01
2.419196814298629761e-01
2.016806751489639282e-01
2.015250474214553833e-01
2.033293694257736206e-01
2.099853157997131348e-01
2.236248850822448730e-01
1.980783492326736450e-01
2.032938748598098755e-01
1.841716021299362183e-01
2.067226916551589966e-01
2.143999934196472168e-01
2.132442295551300049e-01
2.160990685224533081e-01
2.131952047348022461e-01
2.076583206653594971e-01
1.902412325143814087e-01
2.246575355529785156e-01
2.037548273801803589e-01
2.117516696453094482e-01
2.210982590913772583e-01
2.097053676843643188e-01
2.015209197998046875e-01
1.830687820911407471e-01
1.992561072111129761e-01
1.929824501276016235e-01
1.810725480318069458e-01
2.122186422348022461e-01
1.971178650856018066e-01
2.147753238677978516e-01
2.054638564586639404e-01
1.916537880897521973e-01
1.963824331760406494e-01
2.002362608909606934e-01
2.126179784536361694e-01
1.835748851299285889e-01
2.274285703897476196e-01
2.031250000000000000e-01
2.177097201347351074e-01
1.899717450141906738e-01
1.936908513307571411e-01
2.201834917068481445e-01
2.179598957300186157e-01
1.831298619508743286e-01
2.009646296501159668e-01
1.978148370981216431e-01
1.943319886922836304e-01
2.139917761087417603e-01
2.000000029802322388e-01
2.043010741472244263e-01
1.880969852209091187e-01
2.304394394159317017e-01
1.850828677415847778e-01
2.034174054861068726e-01
1.897233128547668457e-01
1.955266892910003662e-01
2.251991331577301025e-01
1.978740841150283813e-01
1.984469443559646606e-01
1.800152510404586792e-01
2.098331898450851440e-01
1.978537887334823608e-01
2.278275042772293091e-01
1.822173446416854858e-01
1.819431781768798828e-01
1.869590282440185547e-01
2.253401428461074829e-01
1.993750035762786865e-01
2.116883099079132080e-01
1.879491358995437622e-01
2.098092585802078247e-01
2.200803160667419434e-01
1.939849555492401123e-01
1.768465936183929443e-01
1.819699555635452271e-01
1.848580390214920044e-01
1.941747516393661499e-01
1.964391618967056274e-01
2.052426040172576904e-01
2.103281319141387939e-01
1.733746081590652466e-01
2.387499958276748657e-01
2.120689600706100464e-01
2.126537859439849854e-01
2.053364217281341553e-01
2.254075258970260620e-01
2.231503576040267944e-01
1.937445700168609619e-01
1.989528834819793701e-01
1.939014792442321777e-01
2.046070396900177002e-01
2.006410211324691772e-01
2.012658268213272095e-01
2.680000066757202148e-01
2.010424435138702393e-01
2.123142182826995850e-01
2.243902385234832764e-01
2.174904942512512207e-01
2.165861576795578003e-01
1.967340558767318726e-01
1.788702905178070068e-01
1.864406764507293701e-01
1.917012482881546021e-01
2.447817772626876831e-01
2.011461257934570312e-01
1.975308656692504883e-01
2.178669124841690063e-01
2.073170691728591919e-01
1.959951519966125488e-01
2.128801494836807251e-01
2.076923102140426636e-01
2.021739184856414795e-01
1.901306211948394775e-01
1.930360347032546997e-01
1.870474666357040405e-01
2.226821184158325195e-01
1.906141340732574463e-01
2.165450155735015869e-01
2.166566103696823120e-01
2.144808769226074219e-01
1.963190138339996338e-01
2.085843384265899658e-01
2.247863262891769409e-01
2.074944078922271729e-01
2.284305691719055176e-01
2.119078040122985840e-01
2.675521969795227051e-01
1.814946681261062622e-01
1.683266907930374146e-01
2.088105678558349609e-01
2.081254422664642334e-01
2.558365762233734131e-01
1.965678632259368896e-01
2.127521187067031860e-01
1.933472007513046265e-01
1.868872493505477905e-01
2.148997187614440918e-01
2.365967333316802979e-01
1.955608874559402466e-01
2.276363670825958252e-01
2.074132561683654785e-01
2.229665070772171021e-01
2.107701152563095093e-01
1.928625702857971191e-01
1.955040842294692993e-01
1.945619285106658936e-01
2.298050075769424438e-01
2.066563516855239868e-01
2.087696343660354614e-01
1.584158390760421753e-01
2.286541312932968140e-01
2.299625426530838013e-01
2.414989620447158813e-01
1.992337107658386230e-01
2.252066135406494141e-01
2.091633528470993042e-01
2.077061980962753296e-01
1.891117542982101440e-01
1.855486184358596802e-01
1.753670424222946167e-01
2.159827202558517456e-01
2.077922075986862183e-01
1.963495612144470215e-01
1.949521303176879883e-01
1.935483813285827637e-01
1.959583610296249390e-01
2.001471668481826782e-01
2.054321020841598511e-01
2.075892835855484009e-01
1.922320574522018433e-01
2.422625422477722168e-01
2.128325551748275757e-01
2.038700729608535767e-01
2.362459599971771240e-01
2.000000029802322388e-01
1.936528533697128296e-01
2.428439557552337646e-01
2.029988467693328857e-01
2.099378854036331177e-01
1.944757550954818726e-01
1.994113326072692871e-01
1.994198709726333618e-01
2.173912972211837769e-01
2.137271910905838013e-01
2.033788114786148071e-01
1.921921968460083008e-01
2.093023210763931274e-01
1.992619931697845459e-01
2.047461420297622681e-01
2.333333343267440796e-01
2.047297358512878418e-01
2.151761502027511597e-01
2.149454206228256226e-01
1.885377615690231323e-01
2.122524678707122803e-01
1.935483813285827637e-01
2.258414775133132935e-01
1.940594017505645752e-01
2.201303392648696899e-01
2.100708037614822388e-01
2.135231345891952515e-01
2.324723303318023682e-01
2.137126177549362183e-01
2.178594022989273071e-01
2.126929610967636108e-01
2.053872048854827881e-01
1.909814327955245972e-01
1.919470429420471191e-01
2.106084227561950684e-01
1.995332539081573486e-01
2.173100858926773071e-01
2.021052688360214233e-01
1.819571852684020996e-01
1.944444477558135986e-01
1.848290562629699707e-01
1.940719783306121826e-01
1.681068390607833862e-01
2.629695832729339600e-01
1.814730465412139893e-01
2.188006490468978882e-01
2.085276544094085693e-01
2.043422758579254150e-01
2.517647147178649902e-01
2.078137993812561035e-01
1.984175294637680054e-01
2.283411622047424316e-01
2.099547535181045532e-01
2.046089321374893188e-01
1.908104717731475830e-01
2.113665342330932617e-01
2.312435805797576904e-01
2.153449356555938721e-01
1.907090395689010620e-01
2.044560909271240234e-01
1.950394660234451294e-01
2.141997665166854858e-01
2.009440362453460693e-01
1.877995580434799194e-01
1.840616911649703979e-01
1.992187500000000000e-01
1.955587416887283325e-01
1.981651335954666138e-01
1.974522322416305542e-01
2.404870688915252686e-01
1.828958541154861450e-01
2.137276828289031982e-01
2.140309214591979980e-01
1.988150030374526978e-01
2.038834989070892334e-01
2.321981489658355713e-01
2.135977298021316528e-01
1.995798349380493164e-01
2.008547037839889526e-01
1.792995333671569824e-01
1.964679956436157227e-01
1.964582204818725586e-01
2.340195029973983765e-01
2.187060415744781494e-01
2.059202045202255249e-01
1.906005293130874634e-01
2.309505045413970947e-01
1.995827555656433105e-01
1.980273127555847168e-01
2.021563351154327393e-01
2.203532308340072632e-01
1.965944319963455200e-01
1.898437440395355225e-01
2.033096998929977417e-01
2.209039479494094849e-01
2.213953435420989990e-01
1.858349591493606567e-01
2.197962105274200439e-01
2.046004831790924072e-01
2.356076687574386597e-01
2.061611413955688477e-01
2.196772545576095581e-01
2.142433226108551025e-01
1.794871836900711060e-01
1.868070960044860840e-01
2.173912972211837769e-01
1.698499321937561035e-01
1.864559799432754517e-01
2.226693481206893921e-01
1.995926648378372192e-01
2.071611285209655762e-01
2.009635269641876221e-01
1.955085843801498413e-01
1.947449743747711182e-01
2.408477813005447388e-01
1.860068291425704956e-01
1.895061731338500977e-01
1.991310715675354004e-01
1.801495552062988281e-01
2.033426165580749512e-01
2.195636928081512451e-01
1.953951418399810791e-01
1.803490668535232544e-01
2.023121416568756104e-01
1.998730897903442383e-01
2.160591632127761841e-01
1.973500698804855347e-01
1.873944848775863647e-01
2.245989292860031128e-01
2.035815268754959106e-01
2.088100612163543701e-01
1.892461776733398438e-01
1.951219439506530762e-01
1.853496134281158447e-01
2.005792856216430664e-01
2.164226621389389038e-01
1.993281096220016479e-01
1.996418982744216919e-01
1.985559612512588501e-01
2.009607702493667603e-01
2.090592384338378906e-01
2.111368924379348755e-01
2.100917398929595947e-01
1.948881745338439941e-01
2.159329205751419067e-01
2.454545497894287109e-01
2.243125885725021362e-01
2.077922075986862183e-01
2.093023210763931274e-01
2.017837166786193848e-01
2.162588834762573242e-01
2.230021655559539795e-01
2.125535011291503906e-01
2.148028910160064697e-01
2.130694836378097534e-01
2.074829936027526855e-01
1.960342526435852051e-01
1.854256838560104370e-01
1.978022009134292603e-01
2.195744663476943970e-01
2.283464521169662476e-01
2.415370494127273560e-01
2.105788439512252808e-01
1.818181872367858887e-01
1.962725669145584106e-01
2.099071145057678223e-01
1.949934065341949463e-01
2.259059399366378784e-01
1.940850317478179932e-01
2.175493240356445312e-01
2.352517992258071899e-01
2.007083892822265625e-01
1.935279220342636108e-01
2.011421322822570801e-01
1.943319886922836304e-01
1.820788532495498657e-01
1.926815360784530640e-01
1.791613698005676270e-01
1.971153914928436279e-01
2.178571373224258423e-01
1.873015910387039185e-01
1.987500041723251343e-01
1.633728593587875366e-01
1.957446783781051636e-01
2.078390866518020630e-01
2.083589434623718262e-01
2.058152854442596436e-01
1.862667649984359741e-01
2.025575488805770874e-01
2.076730579137802124e-01
1.988130509853363037e-01
2.182770669460296631e-01
1.594005376100540161e-01
1.855030953884124756e-01
2.096618413925170898e-01
2.016861289739608765e-01
1.918392181396484375e-01
2.136363685131072998e-01
2.053388059139251709e-01
2.113486826419830322e-01
2.296238243579864502e-01
2.071684598922729492e-01
2.086428105831146240e-01
1.936585307121276855e-01
2.014787495136260986e-01
1.994186043739318848e-01
2.145892381668090820e-01
2.126841694116592407e-01
2.006060630083084106e-01
2.280130237340927124e-01
1.812585443258285522e-01
1.875000000000000000e-01
2.124645859003067017e-01
2.346743345260620117e-01
2.039603888988494873e-01
2.170212715864181519e-01
2.016689777374267578e-01
2.191987931728363037e-01
2.065294533967971802e-01
1.985332667827606201e-01
1.965134739875793457e-01
2.036926746368408203e-01
2.296204119920730591e-01
2.037914693355560303e-01
2.042292654514312744e-01
1.939721852540969849e-01
1.922898292541503906e-01
2.060682624578475952e-01
2.061374187469482422e-01
2.291666716337203979e-01
2.164705842733383179e-01
2.166771888732910156e-01
2.389380484819412231e-01
2.089887708425521851e-01
1.804472208023071289e-01
2.267050892114639282e-01
2.284946292638778687e-01
1.980917751789093018e-01
1.816535890102386475e-01
1.921568661928176880e-01
2.033613473176956177e-01
2.062754184007644653e-01
1.966255605220794678e-01
2.251521348953247070e-01
1.837398409843444824e-01
2.109562754631042480e-01
2.316273003816604614e-01
1.955215781927108765e-01
2.436363697052001953e-01
2.158859521150588989e-01
2.158415913581848145e-01
2.012802213430404663e-01
1.721311509609222412e-01
2.050816714763641357e-01
2.013651877641677856e-01
1.769662946462631226e-01
2.028830796480178833e-01
2.127999961376190186e-01
2.163202464580535889e-01
1.758311986923217773e-01
1.953578293323516846e-01
2.044801861047744751e-01
1.962435245513916016e-01
2.079002112150192261e-01
2.075015157461166382e-01
1.953316926956176758e-01
2.103142589330673218e-01
1.957129538059234619e-01
2.168382853269577026e-01
2.557781338691711426e-01
1.954299509525299072e-01
2.095959633588790894e-01
2.083075046539306641e-01
2.365930527448654175e-01
2.243788838386535645e-01
2.029154449701309204e-01
1.883408129215240479e-01
2.241183221340179443e-01
1.932045370340347290e-01
1.702917814254760742e-01
2.046588957309722900e-01
1.881081014871597290e-01
1.980753839015960693e-01
1.936363577842712402e-01
2.037786841392517090e-01
2.136064320802688599e-01
2.317351549863815308e-01
2.052451521158218384e-01
1.766037791967391968e-01
1.900148987770080566e-01
2.439926117658615112e-01
1.863699555397033691e-01
1.882352977991104126e-01
1.914257258176803589e-01
1.843416392803192139e-01
2.240184694528579712e-01
1.915846019983291626e-01
1.942397803068161011e-01
2.173912972211837769e-01
2.369200438261032104e-01
2.166553884744644165e-01
2.009472250938415527e-01
2.434842288494110107e-01
2.333077490329742432e-01
2.100677639245986938e-01
2.038168013095855713e-01
1.884280592203140259e-01
1.867438256740570068e-01
1.978206187486648560e-01
2.016698718070983887e-01
1.937652826309204102e-01
2.010613232851028442e-01
1.932916492223739624e-01
2.093362510204315186e-01
2.189688086509704590e-01
2.279888838529586792e-01
2.115702480077743530e-01
2.078353315591812134e-01
2.307692319154739380e-01
2.232683300971984863e-01
2.235393673181533813e-01
2.209043800830841064e-01
2.021213918924331665e-01
2.037239819765090942e-01
1.998777538537979126e-01
2.063971012830734253e-01
1.945046931505203247e-01
2.121212184429168701e-01
2.133550494909286499e-01
1.948424130678176880e-01
2.086614221334457397e-01
1.986970752477645874e-01
2.035268247127532959e-01
1.906449347734451294e-01
2.173193544149398804e-01
1.992187500000000000e-01
2.341849207878112793e-01
2.040951102972030640e-01
2.126398980617523193e-01
1.973490417003631592e-01
1.977186352014541626e-01
2.344213724136352539e-01
2.039433121681213379e-01
2.372372299432754517e-01
2.094017118215560913e-01
1.972255706787109375e-01
2.233718782663345337e-01
2.007168531417846680e-01
1.944444477558135986e-01
2.015384584665298462e-01
2.168330997228622437e-01
2.015503942966461182e-01
1.991555243730545044e-01
1.907514482736587524e-01
2.185903936624526978e-01
2.122356444597244263e-01
1.928487718105316162e-01
2.207392156124114990e-01
2.012072503566741943e-01
2.150684893131256104e-01
2.055580019950866699e-01
2.483598887920379639e-01
2.063172012567520142e-01
2.240633964538574219e-01
1.951640695333480835e-01
1.884272992610931396e-01
2.380585521459579468e-01
1.865921765565872192e-01
2.191235125064849854e-01
1.932687461376190186e-01
2.146860957145690918e-01
2.192046493291854858e-01
1.874125897884368896e-01
2.032932192087173462e-01
2.002118676900863647e-01
1.969817280769348145e-01
2.380106598138809204e-01
2.246670573949813843e-01
2.043010741472244263e-01
1.929603964090347290e-01
2.122762203216552734e-01
1.996136456727981567e-01
2.097759693861007690e-01
2.119565159082412720e-01
1.778309345245361328e-01
2.140812873840332031e-01
2.279792726039886475e-01
2.007772028446197510e-01
1.958441585302352905e-01
2.089735716581344604e-01
2.254836559295654297e-01
2.267493307590484619e-01
1.981327831745147705e-01
2.128146439790725708e-01
1.941176503896713257e-01
1.708160489797592163e-01
2.020201981067657471e-01
2.319660484790802002e-01
1.925199329853057861e-01
2.446351945400238037e-01
2.150279730558395386e-01
2.218607664108276367e-01
1.908293962478637695e-01
1.753104478120803833e-01
2.295221835374832153e-01
2.425474226474761963e-01
1.915002614259719849e-01
2.033898234367370605e-01
2.014157027006149292e-01
1.873259097337722778e-01
2.160077095031738281e-01
1.834140419960021973e-01
2.007697224617004395e-01
2.064913213253021240e-01
1.830708682537078857e-01
2.370475530624389648e-01
1.943254768848419189e-01
1.891397237777709961e-01
2.173324376344680786e-01
1.787852793931961060e-01
2.237640917301177979e-01
2.290132492780685425e-01
2.150735259056091309e-01
2.233502566814422607e-01
1.811747997999191284e-01
2.162373214960098267e-01
1.959847062826156616e-01
2.273714691400527954e-01
2.138138115406036377e-01
2.189409434795379639e-01
1.921939700841903687e-01
2.075351178646087646e-01
2.227424681186676025e-01
1.846081167459487915e-01
1.962449699640274048e-01
2.156862765550613403e-01
2.028985470533370972e-01
2.137877643108367920e-01
2.059030234813690186e-01
2.079207897186279297e-01
2.015130668878555298e-01
1.946308761835098267e-01
1.958128064870834351e-01
2.058197259902954102e-01
1.827160567045211792e-01
2.315394282341003418e-01
2.186927348375320435e-01
1.988095194101333618e-01
1.953942775726318359e-01
2.007851898670196533e-01
2.084775120019912720e-01
2.033997625112533569e-01
1.980779469013214111e-01
2.462745159864425659e-01
2.051465362310409546e-01
1.933106631040573120e-01
2.172256112098693848e-01
2.085359245538711548e-01
2.294938862323760986e-01
1.880531013011932373e-01
2.051089406013488770e-01
2.206216901540756226e-01
2.146496772766113281e-01
1.960556805133819580e-01
2.051604837179183960e-01
2.284644246101379395e-01
2.063492089509963989e-01
2.115572988986968994e-01
2.140818238258361816e-01
1.872340440750122070e-01
1.825023591518402100e-01
2.353545725345611572e-01
2.235528975725173950e-01
2.357894778251647949e-01
2.184343487024307251e-01
2.156962007284164429e-01
1.824480295181274414e-01
2.133255451917648315e-01
1.986754983663558960e-01
2.199341058731079102e-01
2.108626216650009155e-01
2.071339190006256104e-01
1.984021365642547607e-01
1.771812140941619873e-01
1.977760195732116699e-01
1.945945918560028076e-01
2.045662105083465576e-01
2.150197625160217285e-01
1.655379980802536011e-01
1.871530562639236450e-01
2.151675522327423096e-01
2.131630629301071167e-01
1.800000071525573730e-01
2.087139785289764404e-01
2.120120078325271606e-01
1.856899559497833252e-01
1.965248584747314453e-01
1.789753884077072144e-01
2.002715617418289185e-01
2.133417278528213501e-01
2.077087759971618652e-01
1.879194676876068115e-01
2.119266092777252197e-01
2.017094045877456665e-01
1.932675540447235107e-01
1.943673193454742432e-01
1.997380554676055908e-01
2.174462676048278809e-01
2.020033448934555054e-01
1.966900080442428589e-01
1.828113645315170288e-01
1.912350654602050781e-01
1.996497362852096558e-01
2.046617418527603149e-01
1.897001266479492188e-01
2.056128233671188354e-01
1.920460462570190430e-01
2.156012952327728271e-01
2.088930010795593262e-01
1.864896118640899658e-01
2.091621458530426025e-01
2.126298993825912476e-01
1.977958232164382935e-01
2.018575817346572876e-01
1.887115091085433960e-01
1.927990764379501343e-01
2.014797925949096680e-01
1.852955818176269531e-01
2.109144479036331177e-01
2.093333303928375244e-01
2.112546116113662720e-01
2.197488546371459961e-01
1.904522627592086792e-01
2.165263891220092773e-01
2.239234447479248047e-01
2.006102204322814941e-01
2.022058814764022827e-01
2.237288206815719604e-01
2.311033904552459717e-01
2.088607549667358398e-01
2.051739543676376343e-01
1.925199329853057861e-01
2.019302099943161011e-01
1.869158893823623657e-01
2.028301954269409180e-01
1.906950026750564575e-01
2.146596908569335938e-01
1.998799592256546021e-01
1.858823597431182861e-01
2.141479104757308960e-01
2.255566269159317017e-01
2.043132781982421875e-01
2.002294957637786865e-01
1.972619742155075073e-01
2.284041047096252441e-01
2.190412729978561401e-01
2.073272317647933960e-01
2.009602189064025879e-01
2.109181135892868042e-01
2.049839198589324951e-01
2.096584290266036987e-01
2.053030282258987427e-01
1.967213153839111328e-01
2.078571468591690063e-01
2.011363655328750610e-01
2.047193944454193115e-01
2.307692319154739380e-01
2.372464686632156372e-01
2.376502007246017456e-01
1.983002871274948120e-01
1.938846409320831299e-01
2.184273302555084229e-01
2.118466943502426147e-01
2.319093346595764160e-01
1.974752098321914673e-01
1.825503408908843994e-01
1.970713883638381958e-01
2.192749828100204468e-01
2.215384542942047119e-01
1.847606152296066284e-01
1.894117593765258789e-01
1.998514086008071899e-01
2.155108153820037842e-01
2.063862979412078857e-01
2.215261906385421753e-01
2.039030939340591431e-01
1.831578910350799561e-01
2.051575928926467896e-01
1.972203850746154785e-01
2.028397619724273682e-01
2.351190447807312012e-01
2.074468135833740234e-01
2.020445019006729126e-01
2.230359464883804321e-01
2.134746462106704712e-01
1.940607726573944092e-01
2.001075893640518188e-01
2.050929069519042969e-01
2.199699729681015015e-01
1.923349946737289429e-01
1.911290287971496582e-01
1.946354955434799194e-01
2.110947519540786743e-01
2.081998735666275024e-01
1.854043453931808472e-01
2.053083479404449463e-01
2.248289287090301514e-01
2.088744640350341797e-01
2.422003298997879028e-01
1.876037567853927612e-01
2.206959724426269531e-01
1.977373361587524414e-01
2.100737094879150391e-01
2.043795585632324219e-01
1.929480880498886108e-01
1.980198025703430176e-01
2.026768624782562256e-01
1.790347695350646973e-01
2.100456655025482178e-01
2.022405713796615601e-01
2.052715718746185303e-01
1.928066015243530273e-01
1.837349385023117065e-01
1.882681548595428467e-01
1.920289844274520874e-01
2.077997624874114990e-01
1.923924982547760010e-01
2.288135588169097900e-01
1.928429454565048218e-01
2.148579806089401245e-01
1.993516981601715088e-01
1.909407675266265869e-01
1.908536553382873535e-01
2.073832750320434570e-01
2.029268294572830200e-01
2.263779491186141968e-01
2.175049036741256714e-01
1.920222640037536621e-01
1.757968068122863770e-01
1.972448378801345825e-01
2.016274929046630859e-01
1.938067227602005005e-01
1.820754706859588623e-01
2.060810774564743042e-01
2.185873538255691528e-01
1.938120275735855103e-01
1.943717300891876221e-01
1.797892153263092041e-01
1.813790053129196167e-01
2.158703058958053589e-01
2.082206606864929199e-01
1.816546767950057983e-01
2.055650204420089722e-01
2.345614880323410034e-01
2.138314843177795410e-01
2.054673731327056885e-01
2.025316506624221802e-01
1.913043409585952759e-01
2.099907547235488892e-01
2.040707021951675415e-01
2.107404321432113647e-01
2.225063890218734741e-01
1.853932589292526245e-01
1.853901445865631104e-01
2.000000029802322388e-01
2.079258859157562256e-01
2.337078601121902466e-01
2.137492746114730835e-01
1.863047480583190918e-01
1.827384084463119507e-01
1.943487226963043213e-01
2.290836721658706665e-01
1.889452934265136719e-01
2.619680762290954590e-01
2.026143819093704224e-01
2.175324708223342896e-01
2.018779367208480835e-01
2.042042016983032227e-01
2.015371471643447876e-01
1.770334988832473755e-01
1.945795714855194092e-01
2.145618498325347900e-01
2.142363488674163818e-01
2.091254740953445435e-01
2.393857240676879883e-01
2.016865760087966919e-01
2.414746582508087158e-01
1.912350654602050781e-01
1.877956539392471313e-01
2.016460895538330078e-01
1.793628782033920288e-01
2.119606286287307739e-01
1.889507919549942017e-01
2.148997187614440918e-01
1.875480413436889648e-01
1.956521719694137573e-01
2.043726295232772827e-01
2.015862464904785156e-01
2.141538411378860474e-01
1.946683228015899658e-01
1.838755309581756592e-01
2.062128186225891113e-01
2.049689441919326782e-01
2.019802033901214600e-01
1.988454163074493408e-01
1.920867860317230225e-01
2.492863982915878296e-01
1.951219439506530762e-01
2.342475950717926025e-01
1.947976946830749512e-01
1.852876096963882446e-01
1.811747997999191284e-01
2.027777731418609619e-01
2.416201084852218628e-01
1.936560869216918945e-01
2.018395513296127319e-01
1.862815916538238525e-01
2.086743116378784180e-01
2.027681618928909302e-01
1.763104200363159180e-01
2.104283124208450317e-01
2.214285731315612793e-01
1.871921122074127197e-01
1.818661093711853027e-01
2.052287608385086060e-01
2.181132137775421143e-01
1.960210651159286499e-01
1.974603235721588135e-01
2.134724855422973633e-01
2.082785815000534058e-01
2.276657074689865112e-01
1.855737715959548950e-01
2.442817986011505127e-01
1.894882470369338989e-01
2.149758487939834595e-01
2.008702009916305542e-01
1.849315017461776733e-01
1.817567497491836548e-01
2.156177163124084473e-01
2.066885977983474731e-01
2.108773738145828247e-01
1.907040327787399292e-01
2.174329459667205811e-01
2.106194645166397095e-01
1.872705072164535522e-01
2.162902057170867920e-01
1.781127899885177612e-01
2.014309316873550415e-01
2.213991731405258179e-01
1.801400333642959595e-01
1.958256661891937256e-01
2.158809006214141846e-01
2.291933447122573853e-01
1.985559612512588501e-01
2.024169117212295532e-01
1.995548903942108154e-01
2.124582827091217041e-01
2.129934281110763550e-01
1.988984048366546631e-01
1.848438233137130737e-01
2.044100165367126465e-01
2.288242727518081665e-01
2.015151530504226685e-01
2.314118593931198120e-01
2.063091546297073364e-01
2.094508260488510132e-01
2.062647789716720581e-01
2.076806426048278809e-01
1.851851791143417358e-01
1.918282508850097656e-01
2.086247056722640991e-01
2.005012482404708862e-01
1.957171261310577393e-01
1.934782564640045166e-01
2.152509689331054688e-01
2.102504372596740723e-01
2.044257074594497681e-01
1.815091818571090698e-01
2.117052078247070312e-01
2.044568210840225220e-01
2.279855310916900635e-01
1.965065449476242065e-01
1.987075954675674438e-01
1.898346543312072754e-01
1.977946311235427856e-01
1.981308460235595703e-01
2.038640975952148438e-01
2.048929631710052490e-01
1.747881323099136353e-01
2.153392285108566284e-01
2.101033329963684082e-01
2.288761287927627563e-01
1.989304870367050171e-01
1.920131295919418335e-01
2.028824836015701294e-01
2.130492627620697021e-01
1.980198025703430176e-01
2.056392878293991089e-01
1.855396032333374023e-01
2.231404930353164673e-01
1.825633347034454346e-01
1.984585672616958618e-01
1.880576461553573608e-01
2.172158658504486084e-01
1.833756417036056519e-01
1.879854947328567505e-01
2.105263173580169678e-01
2.050874382257461548e-01
1.979695409536361694e-01
1.909701079130172729e-01
2.288209646940231323e-01
1.933570653200149536e-01
1.905648708343505859e-01
2.087087035179138184e-01
2.081544995307922363e-01
1.938997805118560791e-01
1.921611279249191284e-01
1.969581693410873413e-01
1.976668834686279297e-01
2.110438793897628784e-01
2.011002451181411743e-01
1.923311054706573486e-01
2.142152041196823120e-01
1.907582879066467285e-01
2.203389853239059448e-01
1.822059750556945801e-01
1.975232213735580444e-01
2.070452868938446045e-01
1.950030475854873657e-01
2.086638212203979492e-01
1.929824501276016235e-01
2.371681481599807739e-01
2.056631892919540405e-01
1.844119727611541748e-01
1.954331696033477783e-01
2.042619585990905762e-01
2.075471729040145874e-01
2.054309397935867310e-01
2.031128406524658203e-01
1.952957957983016968e-01
1.964391618967056274e-01
1.953663080930709839e-01
1.988130509853363037e-01
1.976047903299331665e-01
2.032520323991775513e-01
1.986674815416336060e-01
2.465035021305084229e-01
2.076190412044525146e-01
2.014627605676651001e-01
2.156561762094497681e-01
1.892925500869750977e-01
1.758578419685363770e-01
1.977958232164382935e-01
2.205292731523513794e-01
1.955958604812622070e-01
2.129688560962677002e-01
2.123745828866958618e-01
2.027920633554458618e-01
1.808510571718215942e-01
2.294231951236724854e-01
1.832817345857620239e-01
2.031250000000000000e-01
2.244460284709930420e-01
2.097802907228469849e-01
1.897435933351516724e-01
2.289156615734100342e-01
2.261370867490768433e-01
1.734384447336196899e-01
1.970501542091369629e-01
2.092534154653549194e-01
2.086899280548095703e-01
1.940881162881851196e-01
2.173417061567306519e-01
1.716950088739395142e-01
2.724409401416778564e-01
2.305721640586853027e-01
2.012012004852294922e-01
1.928223818540573120e-01
2.327811717987060547e-01
1.871069222688674927e-01
1.804180443286895752e-01
2.100424319505691528e-01
2.130518257617950439e-01
2.031645625829696655e-01
2.098914384841918945e-01
1.882845163345336914e-01
2.219858169555664062e-01
2.020134180784225464e-01
2.235668748617172241e-01
2.116294801235198975e-01
2.441314607858657837e-01
1.833740770816802979e-01
1.944908201694488525e-01
2.037708461284637451e-01
2.061281353235244751e-01
2.333621382713317871e-01
2.183098644018173218e-01
1.900075674057006836e-01
2.007672637701034546e-01
2.053156197071075439e-01
2.091097235679626465e-01
1.908439099788665771e-01
2.084095031023025513e-01
2.015454024076461792e-01
2.020761221647262573e-01
1.976206153631210327e-01
2.028515934944152832e-01
2.332696020603179932e-01
1.852507442235946655e-01
1.993753314018249512e-01
2.018990516662597656e-01
2.176814079284667969e-01
1.954090595245361328e-01
2.009939253330230713e-01
1.839396059513092041e-01
2.108792811632156372e-01
1.880733966827392578e-01
1.842507570981979370e-01
1.958136409521102905e-01
2.167689204216003418e-01
2.064194828271865845e-01
1.897018998861312866e-01
2.161269038915634155e-01
2.217194586992263794e-01
2.108980864286422729e-01
1.827560812234878540e-01
2.113821208477020264e-01
1.899340897798538208e-01
2.055518776178359985e-01
2.169741690158843994e-01
2.227722704410552979e-01
1.988338232040405273e-01
2.377179116010665894e-01
2.003878504037857056e-01
1.962264180183410645e-01
2.158218175172805786e-01
2.116923034191131592e-01
1.906424611806869507e-01
2.228813618421554565e-01
2.153303027153015137e-01
2.206572741270065308e-01
2.097402662038803101e-01
1.907810568809509277e-01
2.495145648717880249e-01
2.203921526670455933e-01
2.269457131624221802e-01
1.880126148462295532e-01
2.115885466337203979e-01
2.216179519891738892e-01
1.911481767892837524e-01
1.812191158533096313e-01
1.922213882207870483e-01
1.977894157171249390e-01
1.911357343196868896e-01
2.245762646198272705e-01
2.198347151279449463e-01
2.452380955219268799e-01
2.070882618427276611e-01
1.948546916246414185e-01
2.037871927022933960e-01
1.994516849517822266e-01
1.939058154821395874e-01
2.208544462919235229e-01
2.114537507295608521e-01
2.135549932718276978e-01
2.056131809949874878e-01
1.866666674613952637e-01
2.290076315402984619e-01
2.092555314302444458e-01
2.103218585252761841e-01
1.902313679456710815e-01
2.130293101072311401e-01
2.009504437446594238e-01
2.041984796524047852e-01
1.795882582664489746e-01
1.989079564809799194e-01
2.438502609729766846e-01
2.035694420337677002e-01
2.128325551748275757e-01
2.149302661418914795e-01
2.091062366962432861e-01
1.955855339765548706e-01
1.994301974773406982e-01
2.050087302923202515e-01
1.814134716987609863e-01
1.777108460664749146e-01
1.901519149541854858e-01
2.024085223674774170e-01
2.088714241981506348e-01
2.159841507673263550e-01
2.159522473812103271e-01
2.001343220472335815e-01
1.853224635124206543e-01
2.293364405632019043e-01
2.026595771312713623e-01
2.303872853517532349e-01
2.130225151777267456e-01
1.834404021501541138e-01
2.123552113771438599e-01
2.425806522369384766e-01
1.862493604421615601e-01
2.187299579381942749e-01
2.016574591398239136e-01
2.095357626676559448e-01
2.033755332231521606e-01
2.172984480857849121e-01
1.960890889167785645e-01
1.966555118560791016e-01
1.806818246841430664e-01
2.005141377449035645e-01
1.838183104991912842e-01
2.186813205480575562e-01
2.449923008680343628e-01
1.842723041772842407e-01
1.975103765726089478e-01
2.057026475667953491e-01
1.863699555397033691e-01
2.197008728981018066e-01
2.081406116485595703e-01
2.177263945341110229e-01
2.040704041719436646e-01
2.048192769289016724e-01
1.836283206939697266e-01
2.331360876560211182e-01
2.182821184396743774e-01
2.020100504159927368e-01
2.210200875997543335e-01
2.328767180442810059e-01
1.971014440059661865e-01
1.875834465026855469e-01
1.895113289356231689e-01
1.893095821142196655e-01
2.204204201698303223e-01
2.247126400470733643e-01
1.975403577089309692e-01
2.129681408405303955e-01
2.017823010683059692e-01
1.943005174398422241e-01
2.352380901575088501e-01
1.990291327238082886e-01
1.929021179676055908e-01
2.256059646606445312e-01
2.344322353601455688e-01
1.994520574808120728e-01
1.869233846664428711e-01
1.869158893823623657e-01
2.178010493516921997e-01
2.165097743272781372e-01
2.385685890913009644e-01
2.026944309473037720e-01
1.881305575370788574e-01
2.203897982835769653e-01
1.955028176307678223e-01
2.284709960222244263e-01
1.934046298265457153e-01
1.957494467496871948e-01
2.137681096792221069e-01
2.031830251216888428e-01
1.927115470170974731e-01
2.113043516874313354e-01
1.912457942962646484e-01
2.283834517002105713e-01
2.049079686403274536e-01
2.019527256488800049e-01
2.104851305484771729e-01
1.943855881690979004e-01
2.038590610027313232e-01
1.919105052947998047e-01
2.131882160902023315e-01
2.029360979795455933e-01
2.094102054834365845e-01
2.147570550441741943e-01
1.957547217607498169e-01
2.062363177537918091e-01
2.204234153032302856e-01
2.155448645353317261e-01
2.135380357503890991e-01
2.062404900789260864e-01
2.079281955957412720e-01
1.921593844890594482e-01
1.925013959407806396e-01
2.151300162076950073e-01
1.944885998964309692e-01
1.863353997468948364e-01
1.997571289539337158e-01
2.225352078676223755e-01
1.864754110574722290e-01
1.950286775827407837e-01
2.342264503240585327e-01
1.847619116306304932e-01
2.091878652572631836e-01
2.125407159328460693e-01
2.094780206680297852e-01
2.138181775808334351e-01
2.091152817010879517e-01
2.288911491632461548e-01
2.233128845691680908e-01
2.141526937484741211e-01
1.968288719654083252e-01
2.076176255941390991e-01
1.852603107690811157e-01
2.426966279745101929e-01
2.479619532823562622e-01
2.097087353467941284e-01
1.958438307046890259e-01
2.069781124591827393e-01
2.288447320461273193e-01
1.982414126396179199e-01
1.937895268201828003e-01
2.142058163881301880e-01
1.971657425165176392e-01
1.953562796115875244e-01
1.995565444231033325e-01
1.899038404226303101e-01
1.880758851766586304e-01
1.932870298624038696e-01
2.044866234064102173e-01
1.950704157352447510e-01
1.925397664308547974e-01
1.881405562162399292e-01
2.136266827583312988e-01
1.949044615030288696e-01
1.957001090049743652e-01
2.189168632030487061e-01
2.251705825328826904e-01
2.165775448083877563e-01
2.358855307102203369e-01
2.045454531908035278e-01
2.093333303928375244e-01
2.053506821393966675e-01
2.339999973773956299e-01
1.980198025703430176e-01
2.085526287555694580e-01
1.807780265808105469e-01
1.792752742767333984e-01
2.206654995679855347e-01
2.066715061664581299e-01
2.015306055545806885e-01
2.218476086854934692e-01
1.966548413038253784e-01
1.778679043054580688e-01
2.151394486427307129e-01
1.896425932645797729e-01
2.109324783086776733e-01
2.119779288768768311e-01
2.185697853565216064e-01
2.156976759433746338e-01
1.957202553749084473e-01
1.893597841262817383e-01
1.907790154218673706e-01
1.936353892087936401e-01
2.200489044189453125e-01
2.379844933748245239e-01
2.135593146085739136e-01
2.307692319154739380e-01
2.058651000261306763e-01
2.104863226413726807e-01
2.125000059604644775e-01
2.143864631652832031e-01
2.102199196815490723e-01
2.187690436840057373e-01
2.177576124668121338e-01
2.044444382190704346e-01
1.848441958427429199e-01
2.278688549995422363e-01
2.001582235097885132e-01
1.861445754766464233e-01
2.050632983446121216e-01
1.856835335493087769e-01
2.165071815252304077e-01
1.836940050125122070e-01
1.983561664819717407e-01
1.868317425251007080e-01
1.984348744153976440e-01
2.153748422861099243e-01
2.115262895822525024e-01
2.272036522626876831e-01
1.993204951286315918e-01
2.313131242990493774e-01
1.868271082639694214e-01
2.261712402105331421e-01
1.975957900285720825e-01
2.082551568746566772e-01
2.082616239786148071e-01
1.888804286718368530e-01
2.257189303636550903e-01
2.487046569585800171e-01
1.971123665571212769e-01
2.131043225526809692e-01
2.203189581632614136e-01
2.068965584039688110e-01
1.870588213205337524e-01
2.124711275100708008e-01
2.264542877674102783e-01
2.071942389011383057e-01
1.886304914951324463e-01
1.894230842590332031e-01
1.889655143022537231e-01
2.051536142826080322e-01
1.997697204351425171e-01
2.272727340459823608e-01
2.165039926767349243e-01
1.933874040842056274e-01
2.096774131059646606e-01
1.958762854337692261e-01
2.108649015426635742e-01
1.873315423727035522e-01
2.282537668943405151e-01
1.911305487155914307e-01
2.022955566644668579e-01
1.850267350673675537e-01
1.738401353359222412e-01
1.986834257841110229e-01
1.873015910387039185e-01
2.033985555171966553e-01
2.204646617174148560e-01
1.860465109348297119e-01
2.089460790157318115e-01
2.065299898386001587e-01
2.002456933259963989e-01
2.255639135837554932e-01
1.996111422777175903e-01
1.840175986289978027e-01
2.086279988288879395e-01
1.910377293825149536e-01
1.909348368644714355e-01
1.987991929054260254e-01
1.986834257841110229e-01
2.065281867980957031e-01
1.988071501255035400e-01
2.155476957559585571e-01
2.142857164144515991e-01
1.920045018196105957e-01
2.056396156549453735e-01
1.979913860559463501e-01
2.137325704097747803e-01
2.256532013416290283e-01
1.819066107273101807e-01
1.985040307044982910e-01
1.854958087205886841e-01
1.856568306684494019e-01
1.948238611221313477e-01
2.217795550823211670e-01
2.247409373521804810e-01
2.183526754379272461e-01
1.988304108381271362e-01
1.992287933826446533e-01
2.026666700839996338e-01
2.267969250679016113e-01
2.223756909370422363e-01
2.029220759868621826e-01
1.937602609395980835e-01
2.050606161355972290e-01
2.314385175704956055e-01
1.998592466115951538e-01
2.240484356880187988e-01
2.160052061080932617e-01
2.163187861442565918e-01
2.360570728778839111e-01
1.917647123336791992e-01
1.930983811616897583e-01
2.115009725093841553e-01
2.042042016983032227e-01
2.229450047016143799e-01
2.193620651960372925e-01
1.967095881700515747e-01
1.924353092908859253e-01
1.965442746877670288e-01
1.942590177059173584e-01
2.157985121011734009e-01
2.098986357450485229e-01
2.087198495864868164e-01
1.948881745338439941e-01
1.957270801067352295e-01
1.988130509853363037e-01
2.242587655782699585e-01
1.877998560667037964e-01
1.960873454809188843e-01
1.844426691532135010e-01
1.914572864770889282e-01
1.880492120981216431e-01
2.035928070545196533e-01
2.157164812088012695e-01
2.313218414783477783e-01
2.279670983552932739e-01
2.032163739204406738e-01
2.053742855787277222e-01
2.028811573982238770e-01
1.923454403877258301e-01
1.995402276515960693e-01
1.898079812526702881e-01
2.109965682029724121e-01
2.068965584039688110e-01
1.909988969564437866e-01
2.267319858074188232e-01
1.961375921964645386e-01
2.083623707294464111e-01
1.875000000000000000e-01
2.239010930061340332e-01
1.972951442003250122e-01
2.041442841291427612e-01
2.006606161594390869e-01
2.099056541919708252e-01
2.324011623859405518e-01
2.133333384990692139e-01
1.918422281742095947e-01
2.218259572982788086e-01
2.129554599523544312e-01
2.085132598876953125e-01
2.089093774557113647e-01
1.984732896089553833e-01
2.091979831457138062e-01
1.959306746721267700e-01
2.049780339002609253e-01
2.029795199632644653e-01
1.925192475318908691e-01
2.167182713747024536e-01
1.939281225204467773e-01
1.858736127614974976e-01
1.982300877571105957e-01
1.870206445455551147e-01
1.947656720876693726e-01
2.452290058135986328e-01
2.186257839202880859e-01
1.799610853195190430e-01
1.690987050533294678e-01
2.670375406742095947e-01
1.944954097270965576e-01
1.724358946084976196e-01
2.206221222877502441e-01
1.994134932756423950e-01
2.026875764131546021e-01
2.217165082693099976e-01
1.904024779796600342e-01
2.026875764131546021e-01
1.875000000000000000e-01
2.025993913412094116e-01
1.840000003576278687e-01
1.955633461475372314e-01
1.905615329742431641e-01
2.026780247688293457e-01
1.976010054349899292e-01
2.046979814767837524e-01
1.847058832645416260e-01
2.000000029802322388e-01
2.042648643255233765e-01
