1.086885738372802734e+01
1.086777496337890625e+01
1.085181236267089844e+01
1.086005687713623047e+01
1.087654113769531250e+01
1.087500953674316406e+01
1.087388801574707031e+01
1.084638214111328125e+01
1.084415531158447266e+01
1.086929035186767578e+01
1.084544086456298828e+01
1.085716629028320312e+01
1.087221908569335938e+01
1.085593605041503906e+01
1.080812168121337891e+01
1.084621238708496094e+01
1.084615230560302734e+01
1.087230968475341797e+01
1.082457065582275391e+01
1.083006858825683594e+01
1.083594703674316406e+01
1.084409332275390625e+01
1.084049320220947266e+01
1.082837963104248047e+01
1.084758472442626953e+01
1.083060169219970703e+01
1.079711914062500000e+01
1.082057476043701172e+01
1.083542728424072266e+01
1.084429168701171875e+01
1.083790874481201172e+01
1.082953357696533203e+01
1.081583404541015625e+01
1.082879924774169922e+01
1.082510185241699219e+01
1.083071804046630859e+01
1.081960773468017578e+01
1.079524040222167969e+01
1.082312679290771484e+01
1.078889369964599609e+01
1.081413269042968750e+01
1.080089569091796875e+01
1.083879280090332031e+01
1.083442115783691406e+01
1.080476760864257812e+01
1.081491756439208984e+01
1.080910682678222656e+01
1.079799938201904297e+01
1.079571914672851562e+01
1.079625892639160156e+01
1.079895496368408203e+01
1.077286911010742188e+01
1.079304790496826172e+01
1.079809665679931641e+01
1.079751110076904297e+01
1.078954792022705078e+01
1.079174709320068359e+01
1.080123043060302734e+01
1.078845310211181641e+01
1.078946399688720703e+01
1.077722740173339844e+01
1.079446220397949219e+01
1.076743507385253906e+01
1.080040454864501953e+01
1.078549575805664062e+01
1.080342006683349609e+01
1.080570602416992188e+01
1.077595329284667969e+01
1.078918170928955078e+01
1.076307582855224609e+01
1.077250480651855469e+01
1.076885986328125000e+01
1.076355266571044922e+01
1.077026462554931641e+01
1.074127674102783203e+01
1.074472141265869141e+01
1.078858947753906250e+01
1.074592781066894531e+01
1.074476432800292969e+01
1.076089382171630859e+01
1.077717208862304688e+01
1.076306533813476562e+01
1.077862739562988281e+01
1.077682590484619141e+01
1.077509403228759766e+01
1.078202533721923828e+01
1.074806499481201172e+01
1.075611877441406250e+01
1.075159072875976562e+01
1.075280094146728516e+01
1.077523136138916016e+01
1.077171421051025391e+01
1.074705505371093750e+01
1.077164459228515625e+01
1.074562358856201172e+01
1.075638294219970703e+01
1.073883533477783203e+01
1.073723697662353516e+01
1.071184158325195312e+01
1.074068164825439453e+01
1.074782180786132812e+01
1.072044754028320312e+01
1.072815799713134766e+01
1.071741771697998047e+01
1.075843620300292969e+01
1.072527790069580078e+01
1.073433208465576172e+01
1.071694183349609375e+01
1.075005626678466797e+01
1.073085975646972656e+01
1.072556018829345703e+01
1.074341583251953125e+01
1.072567653656005859e+01
1.071065807342529297e+01
1.067471027374267578e+01
1.072903728485107422e+01
1.072217750549316406e+01
1.069931125640869141e+01
1.072768974304199219e+01
1.070747280120849609e+01
1.070376586914062500e+01
1.070169258117675781e+01
1.070426940917968750e+01
1.071017742156982422e+01
1.071158885955810547e+01
1.069187736511230469e+01
1.071620750427246094e+01
1.074692249298095703e+01
1.071383762359619141e+01
1.072455978393554688e+01
1.072655963897705078e+01
1.071946716308593750e+01
1.070463371276855469e+01
1.068994235992431641e+01
1.068647480010986328e+01
1.067928791046142578e+01
1.071887207031250000e+01
1.071456432342529297e+01
1.071164512634277344e+01
1.070858573913574219e+01
1.070768451690673828e+01
1.071560192108154297e+01
1.073339176177978516e+01
1.070569515228271484e+01
1.067016029357910156e+01
1.068844604492187500e+01
1.070676803588867188e+01
1.069966506958007812e+01
1.069060516357421875e+01
1.066334438323974609e+01
1.069491100311279297e+01
1.069234371185302734e+01
1.069037437438964844e+01
1.068659210205078125e+01
1.069257354736328125e+01
1.069677352905273438e+01
1.068942356109619141e+01
1.066043853759765625e+01
1.066084384918212891e+01
1.065343189239501953e+01
1.067615222930908203e+01
1.065731811523437500e+01
1.067606925964355469e+01
1.063205623626708984e+01
1.065398311614990234e+01
1.066571998596191406e+01
1.065024185180664062e+01
1.066209697723388672e+01
1.065687370300292969e+01
1.065377616882324219e+01
1.067057800292968750e+01
1.064494419097900391e+01
1.065518474578857422e+01
1.066261100769042969e+01
1.065425014495849609e+01
1.065517234802246094e+01
1.068321514129638672e+01
1.062442970275878906e+01
1.062266063690185547e+01
1.059265518188476562e+01
1.063720989227294922e+01
1.064544582366943359e+01
1.063892078399658203e+01
1.065888214111328125e+01
1.063219356536865234e+01
1.066414546966552734e+01
1.066192054748535156e+01
1.067045116424560547e+01
1.063695526123046875e+01
1.063290405273437500e+01
1.062821674346923828e+01
1.066709899902343750e+01
1.066026878356933594e+01
1.063132953643798828e+01
1.063900375366210938e+01
1.059830474853515625e+01
1.068259620666503906e+01
1.060619926452636719e+01
1.064357852935791016e+01
1.064916515350341797e+01
1.062093544006347656e+01
1.063301658630371094e+01
1.063071918487548828e+01
1.065973091125488281e+01
1.058914470672607422e+01
1.063264274597167969e+01
1.063433170318603516e+01
1.066841793060302734e+01
1.066459846496582031e+01
1.061540126800537109e+01
1.062053680419921875e+01
1.060559463500976562e+01
1.062339305877685547e+01
1.064636325836181641e+01
1.060961151123046875e+01
1.062186050415039062e+01
1.060579681396484375e+01
1.063703536987304688e+01
1.059210872650146484e+01
1.060314655303955078e+01
1.063334083557128906e+01
1.062481117248535156e+01
1.062316799163818359e+01
1.059178638458251953e+01
1.061672115325927734e+01
1.062152767181396484e+01
1.059389972686767578e+01
1.059172439575195312e+01
1.060852432250976562e+01
1.062087535858154297e+01
1.058172893524169922e+01
1.060559082031250000e+01
1.058747959136962891e+01
1.059227848052978516e+01
1.057930850982666016e+01
1.057582950592041016e+01
1.057369613647460938e+01
1.062376403808593750e+01
1.056330680847167969e+01
1.057785511016845703e+01
1.058785247802734375e+01
1.057203483581542969e+01
1.062441730499267578e+01
1.057010459899902344e+01
1.061986637115478516e+01
1.061100387573242188e+01
1.060771942138671875e+01
1.060727119445800781e+01
1.057806491851806641e+01
1.058036994934082031e+01
1.059477138519287109e+01
1.058531188964843750e+01
1.059421157836914062e+01
1.058590126037597656e+01
1.058137798309326172e+01
1.061482810974121094e+01
1.058617496490478516e+01
1.058149814605712891e+01
1.057853126525878906e+01
1.052849864959716797e+01
1.060818862915039062e+01
1.057481193542480469e+01
1.060342788696289062e+01
1.058506965637207031e+01
1.059439086914062500e+01
1.055398941040039062e+01
1.060832309722900391e+01
1.059358024597167969e+01
1.064129734039306641e+01
1.052886962890625000e+01
1.062792968750000000e+01
1.055648708343505859e+01
1.052816104888916016e+01
1.062217140197753906e+01
1.053127861022949219e+01
1.056927776336669922e+01
1.051376914978027344e+01
1.058490753173828125e+01
1.054864025115966797e+01
1.058005905151367188e+01
1.053098201751708984e+01
1.051777172088623047e+01
1.057763481140136719e+01
1.055972957611083984e+01
1.058803653717041016e+01
1.055449390411376953e+01
1.056165027618408203e+01
1.050499057769775391e+01
1.058627796173095703e+01
1.052807617187500000e+01
1.057466793060302734e+01
1.056532764434814453e+01
1.057369518280029297e+01
1.055069160461425781e+01
1.055528259277343750e+01
1.055047798156738281e+01
1.054833793640136719e+01
1.056556320190429688e+01
1.055510044097900391e+01
1.047656440734863281e+01
1.051877021789550781e+01
1.056068897247314453e+01
1.053274631500244141e+01
1.048807716369628906e+01
1.055522346496582031e+01
1.049719905853271484e+01
1.051489639282226562e+01
1.057718753814697266e+01
1.056071090698242188e+01
1.055045700073242188e+01
1.049485778808593750e+01
1.056032752990722656e+01
1.057346534729003906e+01
1.055221462249755859e+01
1.050183105468750000e+01
1.062969684600830078e+01
1.049919223785400391e+01
1.054926776885986328e+01
1.051455974578857422e+01
1.055126285552978516e+01
1.051643657684326172e+01
1.052808952331542969e+01
1.054381084442138672e+01
1.055566120147705078e+01
1.050537586212158203e+01
1.056853866577148438e+01
1.055218696594238281e+01
1.051771354675292969e+01
1.052480411529541016e+01
1.054199028015136719e+01
1.057291984558105469e+01
1.051728153228759766e+01
1.052289009094238281e+01
1.054683876037597656e+01
1.052193164825439453e+01
1.050890064239501953e+01
1.054196262359619141e+01
1.054243755340576172e+01
1.052112007141113281e+01
1.056958770751953125e+01
1.053589344024658203e+01
1.048990535736083984e+01
1.044851779937744141e+01
1.047785091400146484e+01
1.055700874328613281e+01
1.054115581512451172e+01
1.049402427673339844e+01
1.049349784851074219e+01
1.049871444702148438e+01
1.051097774505615234e+01
1.050761985778808594e+01
1.051718521118164062e+01
1.055121135711669922e+01
1.054545116424560547e+01
1.054704189300537109e+01
1.047410202026367188e+01
1.052809715270996094e+01
1.050749588012695312e+01
1.047278785705566406e+01
1.055210685729980469e+01
1.043628311157226562e+01
1.050664806365966797e+01
1.048299884796142578e+01
1.053161716461181641e+01
1.049012851715087891e+01
1.054840373992919922e+01
1.048133945465087891e+01
1.055689907073974609e+01
1.051511764526367188e+01
1.052688026428222656e+01
1.050597667694091797e+01
1.045116329193115234e+01
1.054163837432861328e+01
1.050276756286621094e+01
1.055365085601806641e+01
1.048744869232177734e+01
1.048604965209960938e+01
1.049262142181396484e+01
1.048477554321289062e+01
1.050730514526367188e+01
1.045586299896240234e+01
1.043002128601074219e+01
1.057924747467041016e+01
1.048243808746337891e+01
1.048781013488769531e+01
1.048357486724853516e+01
1.040983867645263672e+01
1.047542762756347656e+01
1.041106414794921875e+01
1.051242828369140625e+01
1.041974735260009766e+01
1.044503593444824219e+01
1.048956203460693359e+01
1.052579784393310547e+01
1.047880840301513672e+01
1.054187107086181641e+01
1.041747474670410156e+01
1.042805194854736328e+01
1.051467132568359375e+01
1.051451492309570312e+01
1.050994205474853516e+01
1.051318454742431641e+01
1.051283168792724609e+01
1.042236042022705078e+01
1.046976184844970703e+01
1.044371604919433594e+01
1.041293525695800781e+01
1.047826099395751953e+01
1.047968578338623047e+01
1.045360374450683594e+01
1.043023395538330078e+01
1.043077182769775391e+01
1.046562480926513672e+01
1.045053291320800781e+01
1.042208194732666016e+01
1.043442535400390625e+01
1.050753879547119141e+01
1.043173980712890625e+01
1.039748668670654297e+01
1.048068332672119141e+01
1.042462921142578125e+01
1.048465824127197266e+01
1.037889671325683594e+01
1.045592689514160156e+01
1.046966075897216797e+01
1.048164367675781250e+01
1.043905353546142578e+01
1.042455863952636719e+01
1.047547054290771484e+01
1.048767566680908203e+01
1.049554634094238281e+01
1.043848896026611328e+01
1.042752742767333984e+01
1.039502334594726562e+01
1.042730617523193359e+01
1.052723217010498047e+01
1.044656467437744141e+01
1.038916110992431641e+01
1.045851612091064453e+01
1.045333194732666016e+01
1.035272979736328125e+01
1.041816043853759766e+01
1.042446517944335938e+01
1.046249198913574219e+01
1.039962768554687500e+01
1.044859600067138672e+01
1.047271823883056641e+01
1.044378852844238281e+01
1.039069175720214844e+01
1.037658119201660156e+01
1.043549537658691406e+01
1.039342975616455078e+01
1.046975803375244141e+01
1.045151710510253906e+01
1.040104675292968750e+01
1.041999340057373047e+01
1.048005580902099609e+01
1.046000766754150391e+01
1.043790912628173828e+01
1.044629096984863281e+01
1.043979263305664062e+01
1.045142459869384766e+01
1.039767646789550781e+01
1.037863826751708984e+01
1.044397926330566406e+01
1.043838787078857422e+01
1.040241813659667969e+01
1.044877719879150391e+01
1.045429325103759766e+01
1.035804462432861328e+01
1.046791839599609375e+01
1.036340236663818359e+01
1.042300796508789062e+01
1.040640640258789062e+01
1.040163230895996094e+01
1.047927570343017578e+01
1.041125583648681641e+01
1.044619750976562500e+01
1.036546421051025391e+01
1.040023422241210938e+01
1.043680667877197266e+01
1.040883255004882812e+01
1.049154281616210938e+01
1.046988868713378906e+01
1.045726108551025391e+01
1.043998241424560547e+01
1.040646648406982422e+01
1.034288978576660156e+01
1.042492961883544922e+01
1.041221237182617188e+01
1.044147014617919922e+01
1.045505332946777344e+01
1.040687179565429688e+01
1.038667869567871094e+01
1.041237163543701172e+01
1.042747020721435547e+01
1.042126274108886719e+01
1.041685104370117188e+01
1.036406612396240234e+01
1.039773845672607422e+01
1.043421268463134766e+01
1.043926429748535156e+01
1.043396377563476562e+01
1.040926742553710938e+01
1.040503311157226562e+01
1.034981536865234375e+01
1.032770442962646484e+01
1.037753105163574219e+01
1.034912109375000000e+01
1.040003108978271484e+01
1.034961318969726562e+01
1.031373882293701172e+01
1.030239391326904297e+01
1.037090396881103516e+01
1.043194770812988281e+01
1.038717460632324219e+01
1.032274055480957031e+01
1.036954879760742188e+01
1.040895652770996094e+01
1.040502357482910156e+01
1.036555671691894531e+01
1.037027072906494141e+01
1.041010761260986328e+01
1.038947486877441406e+01
1.032498931884765625e+01
1.035215663909912109e+01
1.035003566741943359e+01
1.041457176208496094e+01
1.035455036163330078e+01
1.032227039337158203e+01
1.039351844787597656e+01
1.033772468566894531e+01
1.034880924224853516e+01
1.038049125671386719e+01
1.033251857757568359e+01
1.040449333190917969e+01
1.036721706390380859e+01
1.028842067718505859e+01
1.040236377716064453e+01
1.035513496398925781e+01
1.033878898620605469e+01
1.026490402221679688e+01
1.036898994445800781e+01
1.036033725738525391e+01
1.034832286834716797e+01
1.032797431945800781e+01
1.036833000183105469e+01
1.036406517028808594e+01
1.035848236083984375e+01
1.030650043487548828e+01
1.033617019653320312e+01
1.028672218322753906e+01
1.033870220184326172e+01
1.038076114654541016e+01
1.032201385498046875e+01
1.036275577545166016e+01
1.039874362945556641e+01
1.036422157287597656e+01
1.032916545867919922e+01
1.034358501434326172e+01
1.032063388824462891e+01
1.026717472076416016e+01
1.036556529998779297e+01
1.030641460418701172e+01
1.041479682922363281e+01
1.030837535858154297e+01
1.031548881530761719e+01
1.034778499603271484e+01
1.034348106384277344e+01
1.035429096221923828e+01
1.035283565521240234e+01
1.035922813415527344e+01
1.037473773956298828e+01
1.031611442565917969e+01
1.031232929229736328e+01
1.028192424774169922e+01
1.035051059722900391e+01
1.039073657989501953e+01
1.039866638183593750e+01
1.038849067687988281e+01
1.032598304748535156e+01
1.028880310058593750e+01
1.037546253204345703e+01
1.036343288421630859e+01
1.036983299255371094e+01
1.031682872772216797e+01
1.030753421783447266e+01
1.036559009552001953e+01
1.037955093383789062e+01
1.036512470245361328e+01
1.037182521820068359e+01
1.026556968688964844e+01
1.044216251373291016e+01
1.033587455749511719e+01
1.025394821166992188e+01
1.030488491058349609e+01
1.032216835021972656e+01
1.030896472930908203e+01
1.035430622100830078e+01
1.035473632812500000e+01
1.036025619506835938e+01
1.027249145507812500e+01
1.032086467742919922e+01
1.031450462341308594e+01
1.041735649108886719e+01
1.027485275268554688e+01
1.033208942413330078e+01
1.031917858123779297e+01
1.031836318969726562e+01
1.030390262603759766e+01
1.034162712097167969e+01
1.035422992706298828e+01
1.034539508819580078e+01
1.036951828002929688e+01
1.030425357818603516e+01
1.032474040985107422e+01
1.028241634368896484e+01
1.027968597412109375e+01
1.026194286346435547e+01
1.033126735687255859e+01
1.030829620361328125e+01
1.036588001251220703e+01
1.032439899444580078e+01
1.025455093383789062e+01
1.034888744354248047e+01
1.035894584655761719e+01
1.031002902984619141e+01
1.034184932708740234e+01
1.028491210937500000e+01
1.039772319793701172e+01
1.028612232208251953e+01
1.029380702972412109e+01
1.039912509918212891e+01
1.027337360382080078e+01
1.031178569793701172e+01
1.033133506774902344e+01
1.028647518157958984e+01
1.028312397003173828e+01
1.029288291931152344e+01
1.031812477111816406e+01
1.024733161926269531e+01
1.011989498138427734e+01
1.031054019927978516e+01
1.026350307464599609e+01
1.017872428894042969e+01
1.026675224304199219e+01
1.028960132598876953e+01
1.031590747833251953e+01
1.028458690643310547e+01
1.035447311401367188e+01
1.030109310150146484e+01
1.029166793823242188e+01
1.026212596893310547e+01
1.027325534820556641e+01
1.018924236297607422e+01
1.033513450622558594e+01
1.028134822845458984e+01
1.027697086334228516e+01
1.040786838531494141e+01
1.027774620056152344e+01
1.019146060943603516e+01
1.028448486328125000e+01
1.030275917053222656e+01
1.028559207916259766e+01
1.030547809600830078e+01
1.024401378631591797e+01
1.027845764160156250e+01
1.027753829956054688e+01
1.025920009613037109e+01
1.025996589660644531e+01
1.028611183166503906e+01
1.031046581268310547e+01
1.034219360351562500e+01
1.027121543884277344e+01
1.032225322723388672e+01
1.036177539825439453e+01
1.034712409973144531e+01
1.025149250030517578e+01
1.022791671752929688e+01
1.028870677947998047e+01
1.033902740478515625e+01
1.029355812072753906e+01
1.023562145233154297e+01
1.023716831207275391e+01
1.029081535339355469e+01
1.025788116455078125e+01
1.020835494995117188e+01
1.031175327301025391e+01
1.028380489349365234e+01
1.022691249847412109e+01
1.018953227996826172e+01
1.026910877227783203e+01
1.026342487335205078e+01
1.029487514495849609e+01
1.035480022430419922e+01
1.034543418884277344e+01
1.028926086425781250e+01
1.022885894775390625e+01
1.029557418823242188e+01
1.024916744232177734e+01
1.023094081878662109e+01
1.026874446868896484e+01
1.028437709808349609e+01
1.030012989044189453e+01
1.034989070892333984e+01
1.024033069610595703e+01
1.022075557708740234e+01
1.026133251190185547e+01
1.023351669311523438e+01
1.025979423522949219e+01
1.024220180511474609e+01
1.030407333374023438e+01
1.033037185668945312e+01
1.023371982574462891e+01
1.028284072875976562e+01
1.021518230438232422e+01
1.024861812591552734e+01
1.028914451599121094e+01
1.025469303131103516e+01
1.022582149505615234e+01
1.020002174377441406e+01
1.022468566894531250e+01
1.023086357116699219e+01
1.022837734222412109e+01
1.026873397827148438e+01
1.024605178833007812e+01
1.021397495269775391e+01
1.019738578796386719e+01
1.028057289123535156e+01
1.020187950134277344e+01
1.025022888183593750e+01
1.026252365112304688e+01
1.026285076141357422e+01
1.021873188018798828e+01
1.020120334625244141e+01
1.028446769714355469e+01
1.025794315338134766e+01
1.024199390411376953e+01
1.033965110778808594e+01
1.021400642395019531e+01
1.017389106750488281e+01
1.014593219757080078e+01
1.020755004882812500e+01
1.024378013610839844e+01
1.028213119506835938e+01
1.019702911376953125e+01
1.038449668884277344e+01
1.016214275360107422e+01
1.026622676849365234e+01
1.024827766418457031e+01
1.024693298339843750e+01
1.011459541320800781e+01
1.025477409362792969e+01
1.016910552978515625e+01
1.023644447326660156e+01
1.027927398681640625e+01
1.026369476318359375e+01
1.025992679595947266e+01
1.024054527282714844e+01
1.022869110107421875e+01
1.023942661285400391e+01
1.019006443023681641e+01
1.028632736206054688e+01
1.029380321502685547e+01
1.034471511840820312e+01
1.016014099121093750e+01
1.022245597839355469e+01
1.028134727478027344e+01
1.019836711883544922e+01
1.018424987792968750e+01
1.022774505615234375e+01
1.030159568786621094e+01
1.020516777038574219e+01
1.020224952697753906e+01
1.024744129180908203e+01
1.022213077545166016e+01
1.023668384552001953e+01
1.014550590515136719e+01
1.022889232635498047e+01
1.030816268920898438e+01
1.027790069580078125e+01
1.013069629669189453e+01
1.021419143676757812e+01
1.019820213317871094e+01
1.016669940948486328e+01
1.020949363708496094e+01
1.029331493377685547e+01
1.018707180023193359e+01
1.011373710632324219e+01
1.028187942504882812e+01
1.023841667175292969e+01
1.022030353546142578e+01
1.021206378936767578e+01
1.019081020355224609e+01
1.026558876037597656e+01
1.026198577880859375e+01
1.028688335418701172e+01
1.010871219635009766e+01
1.015528202056884766e+01
1.019825363159179688e+01
1.028685188293457031e+01
1.018391799926757812e+01
1.025420856475830078e+01
1.013566493988037109e+01
1.020475006103515625e+01
1.021137046813964844e+01
1.023715019226074219e+01
1.021327781677246094e+01
1.018762207031250000e+01
1.021895694732666016e+01
1.012022113800048828e+01
1.018541240692138672e+01
1.013759803771972656e+01
1.021608734130859375e+01
1.020362472534179688e+01
1.020150947570800781e+01
1.028178215026855469e+01
1.014332962036132812e+01
1.018161296844482422e+01
1.015337657928466797e+01
1.017247581481933594e+01
1.012487316131591797e+01
1.014051342010498047e+01
1.027358913421630859e+01
1.014785480499267578e+01
1.020135688781738281e+01
1.023450088500976562e+01
1.016437053680419922e+01
1.021698474884033203e+01
1.023727607727050781e+01
1.023594856262207031e+01
1.021633529663085938e+01
1.025307083129882812e+01
1.012203311920166016e+01
1.023187828063964844e+01
1.018994331359863281e+01
1.026889514923095703e+01
1.016791057586669922e+01
1.020857620239257812e+01
1.010433292388916016e+01
1.014405345916748047e+01
1.013319492340087891e+01
1.026432895660400391e+01
1.018558883666992188e+01
1.009130764007568359e+01
1.014241123199462891e+01
1.013669204711914062e+01
1.011072731018066406e+01
1.017430686950683594e+01
1.012297725677490234e+01
1.018294525146484375e+01
1.018381595611572266e+01
1.014109325408935547e+01
1.012012577056884766e+01
1.010308265686035156e+01
1.015562248229980469e+01
1.013905048370361328e+01
1.015904808044433594e+01
1.029724884033203125e+01
1.019292449951171875e+01
1.014827823638916016e+01
1.022605895996093750e+01
1.018875217437744141e+01
1.020121288299560547e+01
1.017167758941650391e+01
1.016834831237792969e+01
1.023245525360107422e+01
1.019071578979492188e+01
1.009584712982177734e+01
1.015795326232910156e+01
1.024317932128906250e+01
1.021732425689697266e+01
1.019361877441406250e+01
1.013887405395507812e+01
1.014441299438476562e+01
1.012711429595947266e+01
1.013500213623046875e+01
1.015896415710449219e+01
1.002504444122314453e+01
1.015824890136718750e+01
1.010111141204833984e+01
1.021571636199951172e+01
1.019662857055664062e+01
1.018800926208496094e+01
1.008855628967285156e+01
1.002835369110107422e+01
1.011458587646484375e+01
1.008228302001953125e+01
1.009044742584228516e+01
1.016382980346679688e+01
1.009581470489501953e+01
1.014389801025390625e+01
1.008771514892578125e+01
1.002677726745605469e+01
1.013356018066406250e+01
1.018676185607910156e+01
1.016266441345214844e+01
1.011842250823974609e+01
1.013013076782226562e+01
1.003723907470703125e+01
1.011378002166748047e+01
1.025528621673583984e+01
1.009809017181396484e+01
1.014885234832763672e+01
1.015757465362548828e+01
1.013005065917968750e+01
1.020124149322509766e+01
1.004003620147705078e+01
1.019705486297607422e+01
1.017022132873535156e+01
1.004673099517822266e+01
1.011573410034179688e+01
1.011485958099365234e+01
1.016429710388183594e+01
1.006154632568359375e+01
1.016788291931152344e+01
1.014057540893554688e+01
1.016496086120605469e+01
1.019983673095703125e+01
1.017305755615234375e+01
1.008435249328613281e+01
1.006750869750976562e+01
1.016807651519775391e+01
1.012852478027343750e+01
1.020574092864990234e+01
1.012853336334228516e+01
1.012441825866699219e+01
1.018802165985107422e+01
1.007374286651611328e+01
1.011544799804687500e+01
1.007737255096435547e+01
1.015053844451904297e+01
1.011541080474853516e+01
1.019789981842041016e+01
1.016384220123291016e+01
1.017937755584716797e+01
1.016468715667724609e+01
1.012788963317871094e+01
1.010764789581298828e+01
1.011402606964111328e+01
1.011591720581054688e+01
1.019678401947021484e+01
1.013632583618164062e+01
1.017350769042968750e+01
1.012258529663085938e+01
1.017880058288574219e+01
1.011864852905273438e+01
1.003773593902587891e+01
1.017823505401611328e+01
1.002885723114013672e+01
1.015959835052490234e+01
1.010584926605224609e+01
1.010993289947509766e+01
1.015348052978515625e+01
1.013515853881835938e+01
1.011608505249023438e+01
1.017264175415039062e+01
1.009378337860107422e+01
1.012267398834228516e+01
1.005615520477294922e+01
1.006777095794677734e+01
1.000885200500488281e+01
1.012925910949707031e+01
1.000097370147705078e+01
1.006812763214111328e+01
1.011938953399658203e+01
1.010373783111572266e+01
1.018246459960937500e+01
1.015074062347412109e+01
9.977648735046386719e+00
1.006073856353759766e+01
1.011711120605468750e+01
1.007071781158447266e+01
1.000515747070312500e+01
1.007020378112792969e+01
1.008039379119873047e+01
1.010358333587646484e+01
1.019849491119384766e+01
1.009056854248046875e+01
1.005872154235839844e+01
1.005633354187011719e+01
1.007177829742431641e+01
1.008939933776855469e+01
1.013923072814941406e+01
1.009684371948242188e+01
1.009565830230712891e+01
1.002260684967041016e+01
1.012185764312744141e+01
9.996624946594238281e+00
1.016777038574218750e+01
1.013242530822753906e+01
9.959595680236816406e+00
1.002712821960449219e+01
1.008226585388183594e+01
1.007171630859375000e+01
1.014872550964355469e+01
1.019768619537353516e+01
1.021519947052001953e+01
1.011598396301269531e+01
1.019593524932861328e+01
1.005571365356445312e+01
1.016125297546386719e+01
1.009657764434814453e+01
1.008656883239746094e+01
1.008835220336914062e+01
1.018714332580566406e+01
1.017230987548828125e+01
9.981622695922851562e+00
1.015227031707763672e+01
1.006467533111572266e+01
1.007604217529296875e+01
1.007473850250244141e+01
1.006642627716064453e+01
9.896814346313476562e+00
1.011803245544433594e+01
1.010543060302734375e+01
1.001152515411376953e+01
1.006803131103515625e+01
1.011308860778808594e+01
1.016643142700195312e+01
1.006215286254882812e+01
1.018734264373779297e+01
1.017353343963623047e+01
1.006716156005859375e+01
9.989271163940429688e+00
1.006489086151123047e+01
1.005071544647216797e+01
1.010803699493408203e+01
1.017793750762939453e+01
9.981993675231933594e+00
1.001828289031982422e+01
1.007249355316162109e+01
1.007768440246582031e+01
1.002998161315917969e+01
9.837918281555175781e+00
1.006050014495849609e+01
1.005638408660888672e+01
1.012851715087890625e+01
1.001723384857177734e+01
1.010896778106689453e+01
9.974023818969726562e+00
1.008447647094726562e+01
1.007965278625488281e+01
1.003834915161132812e+01
1.009722232818603516e+01
1.007001304626464844e+01
1.009131717681884766e+01
9.982460021972656250e+00
1.011853599548339844e+01
1.000707817077636719e+01
1.009073257446289062e+01
1.004562568664550781e+01
1.001432418823242188e+01
9.985058784484863281e+00
9.990064620971679688e+00
1.004550552368164062e+01
1.011529636383056641e+01
1.011274814605712891e+01
9.985260009765625000e+00
1.000131797790527344e+01
1.008446216583251953e+01
1.000966262817382812e+01
1.014666557312011719e+01
9.985806465148925781e+00
9.949254989624023438e+00
9.949773788452148438e+00
9.980988502502441406e+00
9.984602928161621094e+00
1.001816368103027344e+01
1.010515403747558594e+01
1.005262565612792969e+01
9.968750000000000000e+00
1.014264869689941406e+01
1.015766239166259766e+01
1.003882503509521484e+01
1.004003429412841797e+01
9.990689277648925781e+00
1.015288734436035156e+01
9.939329147338867188e+00
9.964077949523925781e+00
1.008224487304687500e+01
9.973023414611816406e+00
1.003538799285888672e+01
1.000103950500488281e+01
1.000207614898681641e+01
1.005967235565185547e+01
1.007552337646484375e+01
1.005499935150146484e+01
9.979111671447753906e+00
1.001702022552490234e+01
9.889194488525390625e+00
1.003561782836914062e+01
1.003302097320556641e+01
1.011554527282714844e+01
1.001808738708496094e+01
9.790538787841796875e+00
9.940489768981933594e+00
1.001664257049560547e+01
1.002715110778808594e+01
1.008002376556396484e+01
1.001322269439697266e+01
1.001689624786376953e+01
1.000377750396728516e+01
9.987580299377441406e+00
1.009647369384765625e+01
9.975976943969726562e+00
9.962865829467773438e+00
9.965083122253417969e+00
1.006003665924072266e+01
9.973881721496582031e+00
1.003301429748535156e+01
1.001056861877441406e+01
1.003132915496826172e+01
1.003079032897949219e+01
1.000352001190185547e+01
1.005527496337890625e+01
1.006812953948974609e+01
1.005074214935302734e+01
9.948492050170898438e+00
9.970445632934570312e+00
9.917654037475585938e+00
9.955151557922363281e+00
9.986580848693847656e+00
9.960873603820800781e+00
1.009226322174072266e+01
1.013709926605224609e+01
1.011289882659912109e+01
1.004679584503173828e+01
1.001416587829589844e+01
9.899085998535156250e+00
1.012618255615234375e+01
1.000024509429931641e+01
1.008865833282470703e+01
9.982589721679687500e+00
1.006393337249755859e+01
9.984853744506835938e+00
9.917196273803710938e+00
9.871035575866699219e+00
1.000461483001708984e+01
9.992268562316894531e+00
9.968686103820800781e+00
9.930810928344726562e+00
9.983206748962402344e+00
1.005608749389648438e+01
1.005586338043212891e+01
9.894693374633789062e+00
1.002987003326416016e+01
9.918933868408203125e+00
9.814613342285156250e+00
9.881585121154785156e+00
9.957348823547363281e+00
9.900706291198730469e+00
9.998169898986816406e+00
9.925422668457031250e+00
9.997236251831054688e+00
9.950981140136718750e+00
9.940911293029785156e+00
9.994747161865234375e+00
1.002332878112792969e+01
9.986146926879882812e+00
9.996461868286132812e+00
9.866958618164062500e+00
9.884698867797851562e+00
1.001041793823242188e+01
9.973946571350097656e+00
9.998167037963867188e+00
9.997396469116210938e+00
1.001016139984130859e+01
9.931463241577148438e+00
9.977720260620117188e+00
9.939235687255859375e+00
9.910742759704589844e+00
1.000756549835205078e+01
9.924865722656250000e+00
9.984017372131347656e+00
1.008030891418457031e+01
9.980684280395507812e+00
9.935122489929199219e+00
9.855922698974609375e+00
9.810137748718261719e+00
9.903949737548828125e+00
1.000761318206787109e+01
9.973028182983398438e+00
9.874038696289062500e+00
1.001208591461181641e+01
9.930338859558105469e+00
9.909355163574218750e+00
9.963284492492675781e+00
1.002752017974853516e+01
9.931908607482910156e+00
9.999170303344726562e+00
1.002537822723388672e+01
1.005041599273681641e+01
9.908611297607421875e+00
9.982449531555175781e+00
9.868051528930664062e+00
9.880034446716308594e+00
9.885701179504394531e+00
9.961971282958984375e+00
1.006933021545410156e+01
9.870016098022460938e+00
9.965047836303710938e+00
1.000249576568603516e+01
9.879392623901367188e+00
1.002938556671142578e+01
9.962790489196777344e+00
9.913896560668945312e+00
1.003884410858154297e+01
9.929538726806640625e+00
9.831151962280273438e+00
9.929231643676757812e+00
1.002445125579833984e+01
9.958068847656250000e+00
9.890748023986816406e+00
9.951258659362792969e+00
9.978951454162597656e+00
9.917176246643066406e+00
9.921882629394531250e+00
1.000941562652587891e+01
9.973329544067382812e+00
9.950515747070312500e+00
9.986042976379394531e+00
9.911619186401367188e+00
1.001399135589599609e+01
1.001837348937988281e+01
9.935448646545410156e+00
9.958927154541015625e+00
9.881748199462890625e+00
9.956057548522949219e+00
9.953102111816406250e+00
9.926338195800781250e+00
9.995789527893066406e+00
9.996848106384277344e+00
9.904138565063476562e+00
9.894864082336425781e+00
1.002702331542968750e+01
9.814422607421875000e+00
9.928474426269531250e+00
9.960350990295410156e+00
1.004680156707763672e+01
9.976881027221679688e+00
9.951990127563476562e+00
9.941618919372558594e+00
9.848217964172363281e+00
1.000457096099853516e+01
9.875178337097167969e+00
1.002513313293457031e+01
9.876728057861328125e+00
9.886462211608886719e+00
1.000779628753662109e+01
9.955474853515625000e+00
9.948672294616699219e+00
9.876654624938964844e+00
9.924156188964843750e+00
9.882312774658203125e+00
9.918145179748535156e+00
9.985609054565429688e+00
9.944607734680175781e+00
1.003742504119873047e+01
9.957838058471679688e+00
9.866089820861816406e+00
9.988725662231445312e+00
1.000369167327880859e+01
9.965522766113281250e+00
9.901796340942382812e+00
9.984022140502929688e+00
9.972273826599121094e+00
1.000461483001708984e+01
9.795677185058593750e+00
9.825532913208007812e+00
9.819624900817871094e+00
9.826116561889648438e+00
9.813608169555664062e+00
9.820873260498046875e+00
1.001015949249267578e+01
9.955527305603027344e+00
9.820653915405273438e+00
9.920742988586425781e+00
9.874890327453613281e+00
9.928702354431152344e+00
9.912066459655761719e+00
9.919805526733398438e+00
9.928904533386230469e+00
9.922497749328613281e+00
1.002514839172363281e+01
9.913886070251464844e+00
9.967391014099121094e+00
9.866984367370605469e+00
9.943509101867675781e+00
9.857995986938476562e+00
9.884903907775878906e+00
9.883629798889160156e+00
9.932552337646484375e+00
9.887364387512207031e+00
9.929973602294921875e+00
9.971110343933105469e+00
9.773878097534179688e+00
9.904391288757324219e+00
1.000351810455322266e+01
9.898185729980468750e+00
9.854804039001464844e+00
9.896359443664550781e+00
9.908055305480957031e+00
9.967234611511230469e+00
9.863229751586914062e+00
9.815608024597167969e+00
9.954686164855957031e+00
9.983191490173339844e+00
9.817031860351562500e+00
9.949066162109375000e+00
9.899969100952148438e+00
9.769787788391113281e+00
9.933447837829589844e+00
9.862851142883300781e+00
9.959291458129882812e+00
9.750887870788574219e+00
9.982201576232910156e+00
9.868976593017578125e+00
9.853790283203125000e+00
9.901116371154785156e+00
9.966069221496582031e+00
9.882516860961914062e+00
9.838802337646484375e+00
9.914505004882812500e+00
9.900292396545410156e+00
9.855889320373535156e+00
9.875105857849121094e+00
9.718959808349609375e+00
9.909657478332519531e+00
9.902847290039062500e+00
9.748564720153808594e+00
9.884713172912597656e+00
9.879684448242187500e+00
9.964218139648437500e+00
9.852907180786132812e+00
9.878183364868164062e+00
9.893920898437500000e+00
9.947973251342773438e+00
9.924988746643066406e+00
9.873499870300292969e+00
9.861272811889648438e+00
9.955396652221679688e+00
9.986826896667480469e+00
9.933773994445800781e+00
9.905868530273437500e+00
9.850565910339355469e+00
9.891833305358886719e+00
9.825090408325195312e+00
9.929704666137695312e+00
9.819331169128417969e+00
9.821399688720703125e+00
9.876606941223144531e+00
9.860431671142578125e+00
9.849998474121093750e+00
9.787954330444335938e+00
9.788421630859375000e+00
9.868124961853027344e+00
9.836731910705566406e+00
9.843491554260253906e+00
9.726163864135742188e+00
9.970957756042480469e+00
9.953392982482910156e+00
9.820405006408691406e+00
9.938288688659667969e+00
9.812713623046875000e+00
9.832769393920898438e+00
9.862121582031250000e+00
9.756089210510253906e+00
9.969085693359375000e+00
9.945147514343261719e+00
9.892596244812011719e+00
9.929859161376953125e+00
9.916237831115722656e+00
9.895396232604980469e+00
9.944223403930664062e+00
9.896803855895996094e+00
9.838447570800781250e+00
9.878447532653808594e+00
9.946189880371093750e+00
9.894019126892089844e+00
9.739376068115234375e+00
9.776638031005859375e+00
9.831647872924804688e+00
9.901825904846191406e+00
9.922843933105468750e+00
9.778928756713867188e+00
9.873066902160644531e+00
9.866040229797363281e+00
9.713467597961425781e+00
9.873614311218261719e+00
9.775444984436035156e+00
9.956443786621093750e+00
9.981467247009277344e+00
9.962167739868164062e+00
9.757071495056152344e+00
9.800225257873535156e+00
9.838502883911132812e+00
9.823106765747070312e+00
9.781702995300292969e+00
9.732769966125488281e+00
9.793725013732910156e+00
9.924202919006347656e+00
9.864225387573242188e+00
9.804546356201171875e+00
9.837924957275390625e+00
9.887611389160156250e+00
1.001668453216552734e+01
9.894533157348632812e+00
9.808709144592285156e+00
9.876707077026367188e+00
9.927157402038574219e+00
9.744296073913574219e+00
9.870234489440917969e+00
9.893328666687011719e+00
9.949043273925781250e+00
9.844719886779785156e+00
9.806989669799804688e+00
9.807291030883789062e+00
9.823148727416992188e+00
9.983527183532714844e+00
9.912622451782226562e+00
9.797399520874023438e+00
9.879796981811523438e+00
9.763234138488769531e+00
9.918048858642578125e+00
9.765948295593261719e+00
9.815808296203613281e+00
9.980423927307128906e+00
9.735959053039550781e+00
9.703957557678222656e+00
9.699262619018554688e+00
9.776600837707519531e+00
9.774326324462890625e+00
9.907013893127441406e+00
9.819989204406738281e+00
9.844937324523925781e+00
9.906596183776855469e+00
9.951638221740722656e+00
9.833024024963378906e+00
9.715806007385253906e+00
9.862512588500976562e+00
9.796030044555664062e+00
9.788918495178222656e+00
9.858408927917480469e+00
9.946260452270507812e+00
9.845654487609863281e+00
9.905229568481445312e+00
9.764068603515625000e+00
9.807720184326171875e+00
9.806639671325683594e+00
9.834606170654296875e+00
9.885902404785156250e+00
9.676078796386718750e+00
9.956496238708496094e+00
9.800467491149902344e+00
9.935656547546386719e+00
9.917928695678710938e+00
9.803994178771972656e+00
9.810012817382812500e+00
9.825432777404785156e+00
9.936604499816894531e+00
9.838455200195312500e+00
1.003520393371582031e+01
9.740208625793457031e+00
9.652310371398925781e+00
9.778186798095703125e+00
9.836802482604980469e+00
9.759052276611328125e+00
9.759261131286621094e+00
9.881227493286132812e+00
9.894850730895996094e+00
9.771995544433593750e+00
9.942097663879394531e+00
1.000445747375488281e+01
9.843929290771484375e+00
9.848255157470703125e+00
9.807057380676269531e+00
9.906598091125488281e+00
9.854973793029785156e+00
9.832087516784667969e+00
9.862810134887695312e+00
9.824342727661132812e+00
9.744863510131835938e+00
9.861807823181152344e+00
9.804401397705078125e+00
9.898388862609863281e+00
9.850624084472656250e+00
9.823254585266113281e+00
9.817950248718261719e+00
9.744244575500488281e+00
9.878730773925781250e+00
9.759123802185058594e+00
9.678870201110839844e+00
9.796518325805664062e+00
9.838089942932128906e+00
9.719225883483886719e+00
9.695002555847167969e+00
9.683321952819824219e+00
9.644358634948730469e+00
9.958698272705078125e+00
9.755101203918457031e+00
9.810274124145507812e+00
9.707576751708984375e+00
9.727657318115234375e+00
9.774186134338378906e+00
9.758080482482910156e+00
9.820885658264160156e+00
9.634405136108398438e+00
9.728244781494140625e+00
9.723427772521972656e+00
9.682754516601562500e+00
9.873036384582519531e+00
9.816938400268554688e+00
9.800055503845214844e+00
9.878998756408691406e+00
9.835165023803710938e+00
9.671885490417480469e+00
9.824842453002929688e+00
9.813876152038574219e+00
9.688604354858398438e+00
9.819510459899902344e+00
9.843698501586914062e+00
9.711352348327636719e+00
9.732602119445800781e+00
9.897547721862792969e+00
9.889100074768066406e+00
9.916352272033691406e+00
9.857914924621582031e+00
9.784417152404785156e+00
9.773421287536621094e+00
9.756650924682617188e+00
9.742798805236816406e+00
9.850078582763671875e+00
9.777066230773925781e+00
9.765254020690917969e+00
9.824264526367187500e+00
9.797456741333007812e+00
9.811201095581054688e+00
9.794248580932617188e+00
9.755678176879882812e+00
1.003312969207763672e+01
9.827682495117187500e+00
9.807141304016113281e+00
9.766880989074707031e+00
9.758335113525390625e+00
9.800622940063476562e+00
9.930043220520019531e+00
9.780076980590820312e+00
9.740176200866699219e+00
9.758131980895996094e+00
9.689183235168457031e+00
9.793098449707031250e+00
9.781006813049316406e+00
9.878341674804687500e+00
9.788733482360839844e+00
9.760537147521972656e+00
9.688836097717285156e+00
9.808925628662109375e+00
9.840332984924316406e+00
9.655595779418945312e+00
9.682473182678222656e+00
9.832590103149414062e+00
9.849599838256835938e+00
9.791601181030273438e+00
9.797966957092285156e+00
9.789654731750488281e+00
9.687157630920410156e+00
9.671019554138183594e+00
9.751485824584960938e+00
9.857615470886230469e+00
9.800684928894042969e+00
9.705169677734375000e+00
9.865258216857910156e+00
9.787001609802246094e+00
9.732630729675292969e+00
9.662409782409667969e+00
9.592323303222656250e+00
9.745690345764160156e+00
9.748578071594238281e+00
9.778933525085449219e+00
9.695381164550781250e+00
9.671460151672363281e+00
9.614488601684570312e+00
9.700385093688964844e+00
9.711308479309082031e+00
9.826547622680664062e+00
9.847761154174804688e+00
9.660361289978027344e+00
9.698210716247558594e+00
9.809936523437500000e+00
9.690037727355957031e+00
9.708443641662597656e+00
9.612580299377441406e+00
9.825581550598144531e+00
9.524846076965332031e+00
9.740667343139648438e+00
9.616886138916015625e+00
9.825211524963378906e+00
9.705307006835937500e+00
9.504663467407226562e+00
9.753170967102050781e+00
9.804179191589355469e+00
9.723787307739257812e+00
9.792469978332519531e+00
9.654318809509277344e+00
9.669689178466796875e+00
9.756616592407226562e+00
9.837297439575195312e+00
9.819000244140625000e+00
9.678957939147949219e+00
9.813661575317382812e+00
9.699828147888183594e+00
9.868287086486816406e+00
9.765480995178222656e+00
9.730336189270019531e+00
9.538514137268066406e+00
9.808002471923828125e+00
9.723313331604003906e+00
9.805763244628906250e+00
9.696897506713867188e+00
9.845944404602050781e+00
9.835453033447265625e+00
9.817984580993652344e+00
9.815839767456054688e+00
9.662338256835937500e+00
9.841318130493164062e+00
9.704110145568847656e+00
9.777867317199707031e+00
9.775049209594726562e+00
9.868917465209960938e+00
9.780982017517089844e+00
9.664353370666503906e+00
9.896844863891601562e+00
9.706633567810058594e+00
9.707446098327636719e+00
9.577769279479980469e+00
9.735523223876953125e+00
9.638799667358398438e+00
9.672790527343750000e+00
9.804122924804687500e+00
9.678003311157226562e+00
9.759458541870117188e+00
9.708007812500000000e+00
9.858257293701171875e+00
9.735910415649414062e+00
9.887143135070800781e+00
9.814515113830566406e+00
9.717500686645507812e+00
9.697506904602050781e+00
9.730230331420898438e+00
9.742694854736328125e+00
9.709680557250976562e+00
9.769509315490722656e+00
9.738785743713378906e+00
9.661318778991699219e+00
9.776732444763183594e+00
9.792449951171875000e+00
9.735933303833007812e+00
9.839298248291015625e+00
9.693003654479980469e+00
9.643530845642089844e+00
9.581871986389160156e+00
9.807579994201660156e+00
9.820233345031738281e+00
9.654957771301269531e+00
9.734847068786621094e+00
9.730271339416503906e+00
9.703248023986816406e+00
9.663480758666992188e+00
9.620450973510742188e+00
9.723077774047851562e+00
9.704902648925781250e+00
9.668554306030273438e+00
9.602262496948242188e+00
9.860393524169921875e+00
9.708652496337890625e+00
9.535664558410644531e+00
9.607320785522460938e+00
9.691045761108398438e+00
9.681929588317871094e+00
9.634916305541992188e+00
9.722681045532226562e+00
9.752187728881835938e+00
9.822423934936523438e+00
9.632469177246093750e+00
9.712657928466796875e+00
9.787083625793457031e+00
9.577753067016601562e+00
9.814097404479980469e+00
9.723999977111816406e+00
9.781113624572753906e+00
9.737009048461914062e+00
9.694563865661621094e+00
9.791601181030273438e+00
9.598594665527343750e+00
9.767548561096191406e+00
9.762752532958984375e+00
9.766876220703125000e+00
9.770623207092285156e+00
9.673444747924804688e+00
9.685598373413085938e+00
9.586627006530761719e+00
9.750401496887207031e+00
9.749243736267089844e+00
9.905172348022460938e+00
9.521018028259277344e+00
9.698858261108398438e+00
9.663249015808105469e+00
9.724088668823242188e+00
9.809160232543945312e+00
9.911037445068359375e+00
9.647714614868164062e+00
9.744645118713378906e+00
9.616076469421386719e+00
9.764706611633300781e+00
9.640164375305175781e+00
9.694832801818847656e+00
9.761058807373046875e+00
9.753992080688476562e+00
9.726143836975097656e+00
9.750201225280761719e+00
9.749016761779785156e+00
9.633516311645507812e+00
9.665902137756347656e+00
9.720686912536621094e+00
9.666063308715820312e+00
9.680692672729492188e+00
9.778262138366699219e+00
9.721642494201660156e+00
9.664720535278320312e+00
9.717947959899902344e+00
9.735293388366699219e+00
9.512717247009277344e+00
9.814774513244628906e+00
9.666362762451171875e+00
9.667429924011230469e+00
9.736087799072265625e+00
9.678836822509765625e+00
9.709184646606445312e+00
9.803137779235839844e+00
9.745934486389160156e+00
9.764710426330566406e+00
9.660845756530761719e+00
9.734252929687500000e+00
9.602393150329589844e+00
9.580106735229492188e+00
9.689474105834960938e+00
9.639098167419433594e+00
9.816495895385742188e+00
9.711433410644531250e+00
9.639058113098144531e+00
9.629809379577636719e+00
9.642850875854492188e+00
9.589675903320312500e+00
9.642829895019531250e+00
9.607332229614257812e+00
9.754448890686035156e+00
9.713471412658691406e+00
9.614837646484375000e+00
9.744009017944335938e+00
9.619176864624023438e+00
9.620469093322753906e+00
9.575996398925781250e+00
9.656420707702636719e+00
9.778505325317382812e+00
9.541184425354003906e+00
9.570514678955078125e+00
9.671242713928222656e+00
9.703947067260742188e+00
9.658581733703613281e+00
9.673934936523437500e+00
9.646596908569335938e+00
9.660970687866210938e+00
9.715094566345214844e+00
9.675755500793457031e+00
9.691436767578125000e+00
9.649845123291015625e+00
9.550547599792480469e+00
9.637834548950195312e+00
9.732649803161621094e+00
9.647208213806152344e+00
9.652458190917968750e+00
9.610150337219238281e+00
9.353218078613281250e+00
9.748778343200683594e+00
9.701917648315429688e+00
9.544960021972656250e+00
9.586931228637695312e+00
9.531992912292480469e+00
9.582326889038085938e+00
9.659215927124023438e+00
9.703381538391113281e+00
9.742460250854492188e+00
9.630309104919433594e+00
9.612190246582031250e+00
9.717191696166992188e+00
9.772978782653808594e+00
9.716937065124511719e+00
9.723807334899902344e+00
9.676004409790039062e+00
9.635875701904296875e+00
9.755939483642578125e+00
9.618159294128417969e+00
9.597578048706054688e+00
9.501660346984863281e+00
9.515602111816406250e+00
9.696520805358886719e+00
9.583000183105468750e+00
9.633258819580078125e+00
9.680543899536132812e+00
9.475654602050781250e+00
9.602716445922851562e+00
9.851029396057128906e+00
9.686218261718750000e+00
9.703165054321289062e+00
9.497911453247070312e+00
9.773110389709472656e+00
9.673879623413085938e+00
9.629068374633789062e+00
9.638688087463378906e+00
9.738924980163574219e+00
9.688996315002441406e+00
9.664587020874023438e+00
9.729023933410644531e+00
9.769912719726562500e+00
9.658530235290527344e+00
9.614206314086914062e+00
9.558581352233886719e+00
9.576465606689453125e+00
9.643857002258300781e+00
9.559018135070800781e+00
9.704986572265625000e+00
9.571071624755859375e+00
9.641925811767578125e+00
9.596138954162597656e+00
9.608073234558105469e+00
9.607355117797851562e+00
9.870596885681152344e+00
9.538562774658203125e+00
9.654207229614257812e+00
9.667094230651855469e+00
9.701861381530761719e+00
9.696901321411132812e+00
9.610359191894531250e+00
9.632240295410156250e+00
9.592440605163574219e+00
9.596698760986328125e+00
9.525893211364746094e+00
9.555137634277343750e+00
9.543314933776855469e+00
9.637546539306640625e+00
9.663590431213378906e+00
9.709652900695800781e+00
9.693900108337402344e+00
9.568634033203125000e+00
9.733222007751464844e+00
9.516777992248535156e+00
9.609090805053710938e+00
9.782032012939453125e+00
9.656321525573730469e+00
9.609536170959472656e+00
9.603855133056640625e+00
9.544601440429687500e+00
9.598923683166503906e+00
9.734646797180175781e+00
9.663028717041015625e+00
9.649524688720703125e+00
9.451272964477539062e+00
9.448036193847656250e+00
9.648793220520019531e+00
9.559770584106445312e+00
9.535902976989746094e+00
9.736805915832519531e+00
9.674144744873046875e+00
9.451816558837890625e+00
9.629090309143066406e+00
9.665495872497558594e+00
9.608120918273925781e+00
9.501280784606933594e+00
9.603169441223144531e+00
9.744341850280761719e+00
9.705133438110351562e+00
9.565859794616699219e+00
9.800047874450683594e+00
9.725638389587402344e+00
9.669595718383789062e+00
9.645336151123046875e+00
9.576177597045898438e+00
9.604552268981933594e+00
9.555303573608398438e+00
9.667397499084472656e+00
9.516391754150390625e+00
9.513118743896484375e+00
9.573935508728027344e+00
9.637598037719726562e+00
9.627215385437011719e+00
9.553515434265136719e+00
9.811253547668457031e+00
9.564366340637207031e+00
9.664647102355957031e+00
9.648872375488281250e+00
9.581936836242675781e+00
9.619911193847656250e+00
9.626771926879882812e+00
9.517127990722656250e+00
9.631605148315429688e+00
9.601056098937988281e+00
9.629049301147460938e+00
9.667307853698730469e+00
9.673555374145507812e+00
9.562646865844726562e+00
9.688145637512207031e+00
9.695075988769531250e+00
9.466153144836425781e+00
9.652010917663574219e+00
9.560091972351074219e+00
9.481784820556640625e+00
9.709919929504394531e+00
9.692133903503417969e+00
9.719658851623535156e+00
9.513599395751953125e+00
9.699066162109375000e+00
9.274023056030273438e+00
9.606794357299804688e+00
9.649251937866210938e+00
9.527978897094726562e+00
9.568426132202148438e+00
9.556267738342285156e+00
9.537584304809570312e+00
9.694499969482421875e+00
9.488766670227050781e+00
9.677802085876464844e+00
9.624807357788085938e+00
9.734129905700683594e+00
9.545344352722167969e+00
9.625596046447753906e+00
9.526317596435546875e+00
9.634183883666992188e+00
9.625414848327636719e+00
9.693747520446777344e+00
9.648880958557128906e+00
9.639218330383300781e+00
9.619856834411621094e+00
9.615517616271972656e+00
9.432741165161132812e+00
9.415264129638671875e+00
9.554785728454589844e+00
9.517069816589355469e+00
9.524127960205078125e+00
9.611088752746582031e+00
9.577362060546875000e+00
9.577189445495605469e+00
9.452018737792968750e+00
9.432122230529785156e+00
9.611289978027343750e+00
9.533782958984375000e+00
9.408625602722167969e+00
9.617959976196289062e+00
9.644908905029296875e+00
9.536283493041992188e+00
9.537860870361328125e+00
9.572410583496093750e+00
9.507150650024414062e+00
9.529892921447753906e+00
9.702226638793945312e+00
9.416668891906738281e+00
9.710593223571777344e+00
9.473966598510742188e+00
9.594349861145019531e+00
9.529970169067382812e+00
9.640045166015625000e+00
9.629888534545898438e+00
9.617174148559570312e+00
9.664854049682617188e+00
9.566035270690917969e+00
9.621170997619628906e+00
9.609910011291503906e+00
9.562782287597656250e+00
9.500725746154785156e+00
9.630253791809082031e+00
9.413107872009277344e+00
9.353815078735351562e+00
9.641044616699218750e+00
9.710554122924804688e+00
9.705178260803222656e+00
9.649659156799316406e+00
9.435198783874511719e+00
9.505924224853515625e+00
9.500144004821777344e+00
9.598580360412597656e+00
9.729475975036621094e+00
9.522819519042968750e+00
9.116075515747070312e+00
9.621973991394042969e+00
9.652410507202148438e+00
9.625890731811523438e+00
9.523365974426269531e+00
9.634423255920410156e+00
9.550410270690917969e+00
9.634777069091796875e+00
9.596070289611816406e+00
9.462934494018554688e+00
9.653981208801269531e+00
9.517784118652343750e+00
9.740585327148437500e+00
9.463070869445800781e+00
9.656762123107910156e+00
9.522657394409179688e+00
9.464397430419921875e+00
9.551123619079589844e+00
9.567440032958984375e+00
9.531554222106933594e+00
9.556660652160644531e+00
9.451308250427246094e+00
9.505038261413574219e+00
9.606694221496582031e+00
9.264545440673828125e+00
9.502065658569335938e+00
9.472480773925781250e+00
9.644095420837402344e+00
9.663196563720703125e+00
9.574994087219238281e+00
9.663621902465820312e+00
9.622972488403320312e+00
9.562827110290527344e+00
9.667162895202636719e+00
9.630805969238281250e+00
9.698020935058593750e+00
9.509296417236328125e+00
9.632612228393554688e+00
9.558070182800292969e+00
9.536926269531250000e+00
9.475441932678222656e+00
9.571370124816894531e+00
9.570108413696289062e+00
9.519680976867675781e+00
9.611117362976074219e+00
9.543631553649902344e+00
9.498180389404296875e+00
9.600295066833496094e+00
9.572675704956054688e+00
9.472502708435058594e+00
9.543967247009277344e+00
9.575821876525878906e+00
9.741989135742187500e+00
9.715225219726562500e+00
9.794883728027343750e+00
9.684595108032226562e+00
9.763617515563964844e+00
9.555317878723144531e+00
9.400165557861328125e+00
9.450339317321777344e+00
9.497977256774902344e+00
9.382114410400390625e+00
9.529367446899414062e+00
9.524536132812500000e+00
9.403676033020019531e+00
9.562099456787109375e+00
9.511460304260253906e+00
9.482443809509277344e+00
9.507707595825195312e+00
9.447979927062988281e+00
9.578278541564941406e+00
9.493628501892089844e+00
9.524538993835449219e+00
9.694118499755859375e+00
9.465177536010742188e+00
9.527748107910156250e+00
9.546001434326171875e+00
9.602388381958007812e+00
9.266202926635742188e+00
9.717988967895507812e+00
9.445633888244628906e+00
9.469724655151367188e+00
9.646051406860351562e+00
9.586600303649902344e+00
9.499592781066894531e+00
9.584360122680664062e+00
9.568177223205566406e+00
9.546875953674316406e+00
9.628491401672363281e+00
9.373616218566894531e+00
9.408489227294921875e+00
9.378458976745605469e+00
9.342144012451171875e+00
9.559666633605957031e+00
9.483157157897949219e+00
9.599018096923828125e+00
9.636296272277832031e+00
9.465077400207519531e+00
9.604930877685546875e+00
9.581214904785156250e+00
9.540085792541503906e+00
9.491181373596191406e+00
9.551328659057617188e+00
9.451904296875000000e+00
9.411474227905273438e+00
9.574987411499023438e+00
9.433881759643554688e+00
9.735623359680175781e+00
9.565761566162109375e+00
9.508305549621582031e+00
9.658196449279785156e+00
9.609905242919921875e+00
9.508904457092285156e+00
9.521609306335449219e+00
9.622443199157714844e+00
9.522013664245605469e+00
9.371875762939453125e+00
9.546967506408691406e+00
9.742017745971679688e+00
9.478506088256835938e+00
9.571633338928222656e+00
9.471959114074707031e+00
9.610595703125000000e+00
9.602262496948242188e+00
9.729660987854003906e+00
9.521513938903808594e+00
9.355394363403320312e+00
9.435777664184570312e+00
9.650462150573730469e+00
9.515758514404296875e+00
9.575908660888671875e+00
9.647273063659667969e+00
9.584305763244628906e+00
9.365014076232910156e+00
9.559019088745117188e+00
9.466170310974121094e+00
9.631333351135253906e+00
9.434350013732910156e+00
9.424426078796386719e+00
9.523633956909179688e+00
9.514481544494628906e+00
9.469209671020507812e+00
9.382162094116210938e+00
9.558027267456054688e+00
9.243668556213378906e+00
9.597744941711425781e+00
9.270543098449707031e+00
9.374717712402343750e+00
9.474997520446777344e+00
9.566839218139648438e+00
9.628913879394531250e+00
9.571929931640625000e+00
9.587125778198242188e+00
9.439699172973632812e+00
9.565392494201660156e+00
9.484720230102539062e+00
9.367512702941894531e+00
9.201251029968261719e+00
9.575814247131347656e+00
9.457300186157226562e+00
9.482234001159667969e+00
9.307940483093261719e+00
9.589174270629882812e+00
9.407255172729492188e+00
9.584706306457519531e+00
9.621157646179199219e+00
9.353720664978027344e+00
9.544778823852539062e+00
9.557288169860839844e+00
9.529875755310058594e+00
9.513679504394531250e+00
9.455662727355957031e+00
9.527284622192382812e+00
9.475043296813964844e+00
9.521059036254882812e+00
9.489329338073730469e+00
9.464698791503906250e+00
9.589055061340332031e+00
9.558909416198730469e+00
9.392994880676269531e+00
9.539805412292480469e+00
9.507129669189453125e+00
9.497633934020996094e+00
9.475487709045410156e+00
9.529841423034667969e+00
9.547197341918945312e+00
9.459124565124511719e+00
9.463219642639160156e+00
9.411118507385253906e+00
9.391826629638671875e+00
9.544669151306152344e+00
9.611994743347167969e+00
9.509753227233886719e+00
9.464426994323730469e+00
9.373217582702636719e+00
9.516418457031250000e+00
9.440902709960937500e+00
9.591653823852539062e+00
9.436759948730468750e+00
9.462458610534667969e+00
9.580559730529785156e+00
9.468369483947753906e+00
9.573751449584960938e+00
9.336589813232421875e+00
9.322103500366210938e+00
9.516805648803710938e+00
9.485385894775390625e+00
9.440980911254882812e+00
9.420788764953613281e+00
9.610561370849609375e+00
9.265775680541992188e+00
9.542619705200195312e+00
9.453941345214843750e+00
9.559964179992675781e+00
9.478887557983398438e+00
9.391815185546875000e+00
9.390271186828613281e+00
9.423232078552246094e+00
9.541051864624023438e+00
9.622369766235351562e+00
9.526329994201660156e+00
9.691929817199707031e+00
9.274094581604003906e+00
9.493797302246093750e+00
9.370719909667968750e+00
9.427898406982421875e+00
9.643063545227050781e+00
9.458071708679199219e+00
9.627842903137207031e+00
9.418359756469726562e+00
9.376753807067871094e+00
9.453154563903808594e+00
9.396750450134277344e+00
9.450969696044921875e+00
9.376364707946777344e+00
9.506222724914550781e+00
9.344314575195312500e+00
9.750352859497070312e+00
9.655934333801269531e+00
9.414484977722167969e+00
9.380818367004394531e+00
9.473474502563476562e+00
9.304801940917968750e+00
9.663118362426757812e+00
9.453240394592285156e+00
9.439107894897460938e+00
9.427924156188964844e+00
9.533947944641113281e+00
9.370454788208007812e+00
9.463457107543945312e+00
9.419396400451660156e+00
9.358392715454101562e+00
9.443886756896972656e+00
9.592350959777832031e+00
9.396763801574707031e+00
9.533087730407714844e+00
9.423990249633789062e+00
9.545780181884765625e+00
9.466095924377441406e+00
9.450730323791503906e+00
9.602447509765625000e+00
9.595543861389160156e+00
9.537296295166015625e+00
9.472941398620605469e+00
9.403820037841796875e+00
9.495931625366210938e+00
9.347260475158691406e+00
9.500566482543945312e+00
9.600740432739257812e+00
9.477727890014648438e+00
9.468793869018554688e+00
9.588510513305664062e+00
9.370221138000488281e+00
9.311101913452148438e+00
9.427721977233886719e+00
9.444631576538085938e+00
9.447094917297363281e+00
9.356713294982910156e+00
9.387509346008300781e+00
9.350927352905273438e+00
9.427656173706054688e+00
9.490327835083007812e+00
9.554448127746582031e+00
9.534336090087890625e+00
9.523160934448242188e+00
9.202363967895507812e+00
9.380959510803222656e+00
9.575199127197265625e+00
9.487238883972167969e+00
9.432284355163574219e+00
9.543373107910156250e+00
9.266142845153808594e+00
9.410605430603027344e+00
9.314081192016601562e+00
9.395569801330566406e+00
9.599178314208984375e+00
9.483139991760253906e+00
9.580096244812011719e+00
9.527470588684082031e+00
9.408030509948730469e+00
9.551975250244140625e+00
9.473547935485839844e+00
9.470616340637207031e+00
9.317582130432128906e+00
9.469648361206054688e+00
9.411521911621093750e+00
9.326745033264160156e+00
9.475370407104492188e+00
9.402361869812011719e+00
9.462343215942382812e+00
9.435989379882812500e+00
9.491078376770019531e+00
9.543560981750488281e+00
9.320431709289550781e+00
9.553858757019042969e+00
9.484026908874511719e+00
9.394663810729980469e+00
9.372065544128417969e+00
9.525483131408691406e+00
9.511750221252441406e+00
9.560165405273437500e+00
9.325030326843261719e+00
9.393220901489257812e+00
9.482221603393554688e+00
9.393548011779785156e+00
9.411449432373046875e+00
9.344269752502441406e+00
9.459313392639160156e+00
9.761953353881835938e+00
9.540293693542480469e+00
9.473294258117675781e+00
9.331557273864746094e+00
9.309095382690429688e+00
9.584060668945312500e+00
9.450012207031250000e+00
9.578128814697265625e+00
9.516496658325195312e+00
9.483483314514160156e+00
9.383817672729492188e+00
9.491441726684570312e+00
9.476401329040527344e+00
9.412210464477539062e+00
9.483945846557617188e+00
9.492440223693847656e+00
9.483616828918457031e+00
9.349475860595703125e+00
9.423966407775878906e+00
9.434283256530761719e+00
9.383325576782226562e+00
9.346182823181152344e+00
9.493412971496582031e+00
9.556734085083007812e+00
9.407421112060546875e+00
9.359246253967285156e+00
9.324286460876464844e+00
9.293467521667480469e+00
9.423772811889648438e+00
9.600028991699218750e+00
9.418401718139648438e+00
9.383105278015136719e+00
9.406103134155273438e+00
9.284863471984863281e+00
9.594767570495605469e+00
9.328257560729980469e+00
9.428689956665039062e+00
9.363868713378906250e+00
9.350443840026855469e+00
9.545461654663085938e+00
9.447130203247070312e+00
9.569414138793945312e+00
9.358339309692382812e+00
9.479619979858398438e+00
9.446974754333496094e+00
9.442695617675781250e+00
9.332084655761718750e+00
9.559550285339355469e+00
9.394912719726562500e+00
9.339631080627441406e+00
9.222258567810058594e+00
9.327454566955566406e+00
9.418009757995605469e+00
9.531896591186523438e+00
9.208528518676757812e+00
9.240983963012695312e+00
9.424877166748046875e+00
9.356238365173339844e+00
9.390919685363769531e+00
9.387166976928710938e+00
9.409183502197265625e+00
9.300713539123535156e+00
9.401038169860839844e+00
9.547954559326171875e+00
9.319813728332519531e+00
9.300314903259277344e+00
9.462592124938964844e+00
9.387660980224609375e+00
9.444606781005859375e+00
9.530871391296386719e+00
9.276482582092285156e+00
9.396246910095214844e+00
9.491343498229980469e+00
9.352746009826660156e+00
9.416600227355957031e+00
9.310238838195800781e+00
9.375432968139648438e+00
9.460448265075683594e+00
9.401334762573242188e+00
9.442981719970703125e+00
9.407052993774414062e+00
9.443850517272949219e+00
9.456080436706542969e+00
9.482649803161621094e+00
9.343014717102050781e+00
9.390992164611816406e+00
9.537424087524414062e+00
9.463417053222656250e+00
9.410855293273925781e+00
9.323246002197265625e+00
9.491186141967773438e+00
9.465116500854492188e+00
9.111888885498046875e+00
9.472950935363769531e+00
9.548312187194824219e+00
9.441721916198730469e+00
9.548200607299804688e+00
9.387941360473632812e+00
9.539566993713378906e+00
9.500634193420410156e+00
9.512047767639160156e+00
9.349094390869140625e+00
9.340922355651855469e+00
9.539795875549316406e+00
9.402103424072265625e+00
9.442600250244140625e+00
9.432960510253906250e+00
9.458009719848632812e+00
9.219386100769042969e+00
9.398637771606445312e+00
9.336180686950683594e+00
9.199439048767089844e+00
9.465215682983398438e+00
9.381559371948242188e+00
9.380558967590332031e+00
9.463826179504394531e+00
9.443354606628417969e+00
9.297234535217285156e+00
9.440613746643066406e+00
9.526743888854980469e+00
9.463965415954589844e+00
9.381738662719726562e+00
9.271393775939941406e+00
9.326916694641113281e+00
9.457644462585449219e+00
9.460515022277832031e+00
9.426807403564453125e+00
9.424266815185546875e+00
9.418758392333984375e+00
9.581090927124023438e+00
9.287039756774902344e+00
9.492267608642578125e+00
9.305642127990722656e+00
9.434621810913085938e+00
9.388612747192382812e+00
9.461013793945312500e+00
9.412017822265625000e+00
9.483137130737304688e+00
9.354144096374511719e+00
9.343716621398925781e+00
9.433906555175781250e+00
9.313206672668457031e+00
9.587396621704101562e+00
9.372039794921875000e+00
9.450428009033203125e+00
9.123760223388671875e+00
9.302083015441894531e+00
9.376051902770996094e+00
9.464021682739257812e+00
9.539183616638183594e+00
9.567790985107421875e+00
9.409790992736816406e+00
9.351364135742187500e+00
9.496332168579101562e+00
9.408017158508300781e+00
9.457306861877441406e+00
9.428199768066406250e+00
9.257075309753417969e+00
9.521203994750976562e+00
9.039277076721191406e+00
9.468686103820800781e+00
9.093613624572753906e+00
9.381289482116699219e+00
9.547327041625976562e+00
9.507808685302734375e+00
9.387629508972167969e+00
9.254805564880371094e+00
9.452793121337890625e+00
9.237580299377441406e+00
9.300073623657226562e+00
9.323998451232910156e+00
9.141997337341308594e+00
9.274472236633300781e+00
9.415491104125976562e+00
9.435697555541992188e+00
9.176637649536132812e+00
9.449155807495117188e+00
9.329849243164062500e+00
9.395243644714355469e+00
9.249080657958984375e+00
9.414706230163574219e+00
9.319036483764648438e+00
9.481893539428710938e+00
9.501185417175292969e+00
9.404409408569335938e+00
9.330381393432617188e+00
9.348081588745117188e+00
9.287331581115722656e+00
9.476318359375000000e+00
9.421104431152343750e+00
9.390305519104003906e+00
9.398776054382324219e+00
9.423001289367675781e+00
9.457513809204101562e+00
9.332020759582519531e+00
9.376126289367675781e+00
9.504578590393066406e+00
9.493602752685546875e+00
9.431796073913574219e+00
9.276101112365722656e+00
9.470936775207519531e+00
9.600658416748046875e+00
9.379687309265136719e+00
9.305685043334960938e+00
9.539306640625000000e+00
9.506649971008300781e+00
9.323966026306152344e+00
9.363524436950683594e+00
9.327999114990234375e+00
9.273345947265625000e+00
9.352523803710937500e+00
9.207642555236816406e+00
9.482477188110351562e+00
9.354754447937011719e+00
9.352953910827636719e+00
9.249888420104980469e+00
9.356151580810546875e+00
9.354537010192871094e+00
9.357177734375000000e+00
9.433376312255859375e+00
9.436978340148925781e+00
9.511305809020996094e+00
9.205000877380371094e+00
9.496073722839355469e+00
9.366439819335937500e+00
9.435490608215332031e+00
9.348423957824707031e+00
9.393173217773437500e+00
9.431132316589355469e+00
9.288328170776367188e+00
9.489060401916503906e+00
9.331236839294433594e+00
9.488974571228027344e+00
9.403532981872558594e+00
9.384376525878906250e+00
9.464205741882324219e+00
9.297681808471679688e+00
9.508796691894531250e+00
9.480206489562988281e+00
9.413924217224121094e+00
9.429084777832031250e+00
9.340787887573242188e+00
9.444287300109863281e+00
9.403725624084472656e+00
9.496272087097167969e+00
9.426781654357910156e+00
9.441099166870117188e+00
9.420200347900390625e+00
9.408377647399902344e+00
9.333137512207031250e+00
9.367806434631347656e+00
9.401155471801757812e+00
9.275158882141113281e+00
9.349469184875488281e+00
9.280870437622070312e+00
9.475236892700195312e+00
9.411407470703125000e+00
9.549448013305664062e+00
9.396258354187011719e+00
9.417977333068847656e+00
9.317943572998046875e+00
9.379902839660644531e+00
9.416268348693847656e+00
9.536499977111816406e+00
9.288591384887695312e+00
9.268020629882812500e+00
9.437109947204589844e+00
9.336380004882812500e+00
9.406929969787597656e+00
9.339522361755371094e+00
9.589525222778320312e+00
9.318058967590332031e+00
9.548633575439453125e+00
9.468422889709472656e+00
9.457895278930664062e+00
9.180517196655273438e+00
9.318335533142089844e+00
9.179112434387207031e+00
9.437527656555175781e+00
9.334856033325195312e+00
9.462709426879882812e+00
9.242244720458984375e+00
9.381126403808593750e+00
9.280741691589355469e+00
9.411980628967285156e+00
9.468576431274414062e+00
9.454994201660156250e+00
9.331446647644042969e+00
9.262409210205078125e+00
9.401289939880371094e+00
9.390983581542968750e+00
9.367955207824707031e+00
9.502226829528808594e+00
9.381047248840332031e+00
9.464431762695312500e+00
9.258068084716796875e+00
9.257586479187011719e+00
9.216458320617675781e+00
9.348058700561523438e+00
9.096492767333984375e+00
9.277297973632812500e+00
9.252760887145996094e+00
9.362539291381835938e+00
9.281791687011718750e+00
9.320607185363769531e+00
9.287540435791015625e+00
9.372043609619140625e+00
9.436356544494628906e+00
9.350054740905761719e+00
9.381696701049804688e+00
9.328723907470703125e+00
9.314210891723632812e+00
9.493329048156738281e+00
9.359634399414062500e+00
9.343736648559570312e+00
9.256354331970214844e+00
9.177944183349609375e+00
9.252736091613769531e+00
9.406878471374511719e+00
9.342735290527343750e+00
9.418275833129882812e+00
9.494739532470703125e+00
9.206994056701660156e+00
9.301293373107910156e+00
9.305818557739257812e+00
9.414201736450195312e+00
9.384070396423339844e+00
9.448762893676757812e+00
9.409474372863769531e+00
9.120395660400390625e+00
9.268511772155761719e+00
9.403424263000488281e+00
9.366896629333496094e+00
9.361612319946289062e+00
9.461627006530761719e+00
9.350690841674804688e+00
9.500454902648925781e+00
9.245944976806640625e+00
9.415573120117187500e+00
9.223117828369140625e+00
9.318449020385742188e+00
9.373777389526367188e+00
9.341166496276855469e+00
9.264105796813964844e+00
9.522825241088867188e+00
9.127902030944824219e+00
9.244601249694824219e+00
9.342647552490234375e+00
9.493336677551269531e+00
9.361744880676269531e+00
9.220907211303710938e+00
9.354265213012695312e+00
9.455827713012695312e+00
9.502911567687988281e+00
9.382388114929199219e+00
9.579591751098632812e+00
9.445912361145019531e+00
9.416892051696777344e+00
9.291308403015136719e+00
9.261375427246093750e+00
9.324907302856445312e+00
9.271057128906250000e+00
9.352357864379882812e+00
9.482554435729980469e+00
9.239297866821289062e+00
9.434306144714355469e+00
9.343517303466796875e+00
9.418588638305664062e+00
9.156584739685058594e+00
9.335316658020019531e+00
9.396395683288574219e+00
9.009616851806640625e+00
9.251203536987304688e+00
9.365538597106933594e+00
9.457480430603027344e+00
9.301099777221679688e+00
9.360773086547851562e+00
9.269871711730957031e+00
9.269746780395507812e+00
9.422244071960449219e+00
9.099454879760742188e+00
9.432127952575683594e+00
9.297906875610351562e+00
9.530926704406738281e+00
9.230176925659179688e+00
9.408759117126464844e+00
9.234017372131347656e+00
9.184700012207031250e+00
9.375191688537597656e+00
9.486476898193359375e+00
9.305225372314453125e+00
9.468095779418945312e+00
9.335186958312988281e+00
9.161537170410156250e+00
9.507405281066894531e+00
9.449271202087402344e+00
9.378284454345703125e+00
9.284494400024414062e+00
9.466600418090820312e+00
9.428211212158203125e+00
9.281095504760742188e+00
9.116001129150390625e+00
9.446248054504394531e+00
9.333831787109375000e+00
9.330620765686035156e+00
9.400451660156250000e+00
9.287255287170410156e+00
9.180754661560058594e+00
9.455679893493652344e+00
9.361682891845703125e+00
9.109268188476562500e+00
9.349231719970703125e+00
9.287955284118652344e+00
9.400034904479980469e+00
9.247801780700683594e+00
9.244350433349609375e+00
9.292372703552246094e+00
9.300415992736816406e+00
9.103523254394531250e+00
9.266714096069335938e+00
9.298489570617675781e+00
9.450433731079101562e+00
9.370260238647460938e+00
9.305196762084960938e+00
9.283882141113281250e+00
9.208660125732421875e+00
9.447919845581054688e+00
9.279390335083007812e+00
9.156144142150878906e+00
9.431944847106933594e+00
9.389464378356933594e+00
9.394548416137695312e+00
9.374717712402343750e+00
9.402680397033691406e+00
9.455711364746093750e+00
9.198395729064941406e+00
9.233585357666015625e+00
9.255405426025390625e+00
9.387529373168945312e+00
9.202193260192871094e+00
9.332790374755859375e+00
9.425146102905273438e+00
9.187695503234863281e+00
9.304611206054687500e+00
9.587747573852539062e+00
9.155665397644042969e+00
9.495223045349121094e+00
9.406280517578125000e+00
9.252326965332031250e+00
9.476594924926757812e+00
9.462575912475585938e+00
9.317551612854003906e+00
9.139953613281250000e+00
9.452369689941406250e+00
9.156465530395507812e+00
9.279562950134277344e+00
9.349344253540039062e+00
9.341624259948730469e+00
9.305018424987792969e+00
9.186317443847656250e+00
9.263065338134765625e+00
9.438550949096679688e+00
9.149663925170898438e+00
9.265147209167480469e+00
9.416338920593261719e+00
9.305396080017089844e+00
9.252791404724121094e+00
9.422013282775878906e+00
9.127327919006347656e+00
9.399160385131835938e+00
9.463827133178710938e+00
9.285935401916503906e+00
9.492094039916992188e+00
9.110489845275878906e+00
9.416515350341796875e+00
9.181638717651367188e+00
9.229051589965820312e+00
9.522744178771972656e+00
9.238683700561523438e+00
9.257118225097656250e+00
9.318351745605468750e+00
9.325420379638671875e+00
9.247773170471191406e+00
9.297680854797363281e+00
9.363945007324218750e+00
9.159925460815429688e+00
9.245736122131347656e+00
9.173864364624023438e+00
9.494406700134277344e+00
9.213248252868652344e+00
9.424176216125488281e+00
9.360271453857421875e+00
9.204659461975097656e+00
9.283738136291503906e+00
9.238331794738769531e+00
9.116412162780761719e+00
9.336750030517578125e+00
9.240532875061035156e+00
9.155982971191406250e+00
9.308257102966308594e+00
9.375432014465332031e+00
9.497317314147949219e+00
9.376916885375976562e+00
9.037085533142089844e+00
9.272141456604003906e+00
9.219905853271484375e+00
8.935477256774902344e+00
9.283133506774902344e+00
9.465405464172363281e+00
9.359016418457031250e+00
9.362137794494628906e+00
9.395414352416992188e+00
9.264324188232421875e+00
9.269309043884277344e+00
9.445276260375976562e+00
9.317991256713867188e+00
9.234370231628417969e+00
9.222026824951171875e+00
9.346777915954589844e+00
9.313923835754394531e+00
9.175199508666992188e+00
9.367024421691894531e+00
9.592497825622558594e+00
9.397481918334960938e+00
9.359034538269042969e+00
9.564156532287597656e+00
9.496639251708984375e+00
9.325522422790527344e+00
9.406162261962890625e+00
9.164933204650878906e+00
9.300412178039550781e+00
9.368429183959960938e+00
9.089962959289550781e+00
9.215283393859863281e+00
9.210461616516113281e+00
9.260627746582031250e+00
9.169470787048339844e+00
9.179131507873535156e+00
9.392427444458007812e+00
9.435523033142089844e+00
9.348408699035644531e+00
9.240829467773437500e+00
9.105953216552734375e+00
9.112607955932617188e+00
9.400014877319335938e+00
9.034596443176269531e+00
9.300495147705078125e+00
9.346689224243164062e+00
9.117410659790039062e+00
9.149173736572265625e+00
9.307640075683593750e+00
9.300672531127929688e+00
9.321015357971191406e+00
9.229898452758789062e+00
9.299293518066406250e+00
9.174512863159179688e+00
9.526490211486816406e+00
9.343464851379394531e+00
9.123664855957031250e+00
9.452527046203613281e+00
9.233848571777343750e+00
9.311233520507812500e+00
9.360062599182128906e+00
9.237988471984863281e+00
9.208501815795898438e+00
9.363066673278808594e+00
9.435403823852539062e+00
9.467091560363769531e+00
9.114063262939453125e+00
9.309605598449707031e+00
9.209314346313476562e+00
9.268392562866210938e+00
9.242405891418457031e+00
9.305787086486816406e+00
9.237168312072753906e+00
9.395165443420410156e+00
9.233915328979492188e+00
9.286792755126953125e+00
9.323898315429687500e+00
8.993057250976562500e+00
9.231497764587402344e+00
9.295630455017089844e+00
9.066458702087402344e+00
9.378841400146484375e+00
9.357074737548828125e+00
9.220762252807617188e+00
9.232630729675292969e+00
9.203002929687500000e+00
9.214888572692871094e+00
9.344681739807128906e+00
9.198721885681152344e+00
9.218721389770507812e+00
9.294962882995605469e+00
9.354299545288085938e+00
9.238306045532226562e+00
9.334865570068359375e+00
9.268333435058593750e+00
9.365384101867675781e+00
9.102145195007324219e+00
9.482938766479492188e+00
9.203450202941894531e+00
9.394699096679687500e+00
9.224634170532226562e+00
9.226440429687500000e+00
9.397038459777832031e+00
9.203055381774902344e+00
9.280107498168945312e+00
8.967172622680664062e+00
9.355600357055664062e+00
9.230053901672363281e+00
9.370273590087890625e+00
9.336086273193359375e+00
9.311953544616699219e+00
9.394925117492675781e+00
9.299456596374511719e+00
9.339866638183593750e+00
9.355311393737792969e+00
9.306835174560546875e+00
9.301671981811523438e+00
9.303179740905761719e+00
9.337218284606933594e+00
9.368123054504394531e+00
9.462825775146484375e+00
9.182367324829101562e+00
9.325805664062500000e+00
9.238713264465332031e+00
9.251895904541015625e+00
9.217716217041015625e+00
9.216143608093261719e+00
9.167601585388183594e+00
9.138693809509277344e+00
9.118979454040527344e+00
9.377364158630371094e+00
9.204534530639648438e+00
9.266837120056152344e+00
9.219408035278320312e+00
9.354428291320800781e+00
9.365575790405273438e+00
9.330551147460937500e+00
9.264852523803710938e+00
9.091839790344238281e+00
8.913662910461425781e+00
9.462430000305175781e+00
9.116095542907714844e+00
9.179588317871093750e+00
9.331231117248535156e+00
9.283535957336425781e+00
9.432650566101074219e+00
9.296320915222167969e+00
9.392936706542968750e+00
9.275816917419433594e+00
9.187664985656738281e+00
9.293016433715820312e+00
9.362113952636718750e+00
9.232928276062011719e+00
9.127170562744140625e+00
9.420562744140625000e+00
9.155937194824218750e+00
9.316298484802246094e+00
9.336024284362792969e+00
9.287132263183593750e+00
9.207720756530761719e+00
9.345312118530273438e+00
9.319045066833496094e+00
9.183367729187011719e+00
9.424819946289062500e+00
9.188642501831054688e+00
9.429451942443847656e+00
9.306637763977050781e+00
9.214472770690917969e+00
9.449411392211914062e+00
9.042567253112792969e+00
9.169151306152343750e+00
9.299105644226074219e+00
9.269624710083007812e+00
9.298470497131347656e+00
9.329570770263671875e+00
9.110886573791503906e+00
9.359483718872070312e+00
9.221438407897949219e+00
9.167412757873535156e+00
9.153178215026855469e+00
9.313134193420410156e+00
9.253526687622070312e+00
9.102070808410644531e+00
9.173000335693359375e+00
9.296759605407714844e+00
9.057560920715332031e+00
9.245323181152343750e+00
9.310635566711425781e+00
9.347418785095214844e+00
8.962040901184082031e+00
9.275330543518066406e+00
9.396317481994628906e+00
9.125868797302246094e+00
9.357663154602050781e+00
9.279720306396484375e+00
9.170083999633789062e+00
9.147413253784179688e+00
9.203752517700195312e+00
9.272210121154785156e+00
9.359392166137695312e+00
9.125459671020507812e+00
9.157840728759765625e+00
9.286553382873535156e+00
9.061710357666015625e+00
9.304770469665527344e+00
9.275834083557128906e+00
9.335466384887695312e+00
9.090566635131835938e+00
9.299937248229980469e+00
9.066727638244628906e+00
9.350433349609375000e+00
9.294578552246093750e+00
9.246279716491699219e+00
9.288860321044921875e+00
9.322490692138671875e+00
9.209527969360351562e+00
9.351838111877441406e+00
9.292427062988281250e+00
9.372181892395019531e+00
9.210833549499511719e+00
9.379001617431640625e+00
9.073574066162109375e+00
9.276950836181640625e+00
9.308902740478515625e+00
9.428653717041015625e+00
9.408041000366210938e+00
9.222358703613281250e+00
9.267180442810058594e+00
9.126220703125000000e+00
9.300521850585937500e+00
9.402088165283203125e+00
8.846915245056152344e+00
9.302579879760742188e+00
9.211352348327636719e+00
9.273197174072265625e+00
9.118494033813476562e+00
9.243470191955566406e+00
9.057690620422363281e+00
9.243535041809082031e+00
9.362997055053710938e+00
9.166184425354003906e+00
9.174819946289062500e+00
9.207170486450195312e+00
9.268402099609375000e+00
9.326521873474121094e+00
9.367996215820312500e+00
9.380902290344238281e+00
9.284380912780761719e+00
9.147303581237792969e+00
9.227437973022460938e+00
8.984481811523437500e+00
9.257054328918457031e+00
9.213739395141601562e+00
9.206089973449707031e+00
9.419362068176269531e+00
9.206929206848144531e+00
9.310551643371582031e+00
9.316622734069824219e+00
9.251933097839355469e+00
9.089181900024414062e+00
9.162255287170410156e+00
9.188882827758789062e+00
9.074452400207519531e+00
9.236295700073242188e+00
9.224856376647949219e+00
9.258056640625000000e+00
9.234148979187011719e+00
9.205738067626953125e+00
9.115376472473144531e+00
9.387501716613769531e+00
9.149501800537109375e+00
9.222855567932128906e+00
9.201978683471679688e+00
9.075618743896484375e+00
9.057606697082519531e+00
9.204652786254882812e+00
9.278667449951171875e+00
9.315612792968750000e+00
9.389382362365722656e+00
9.130887985229492188e+00
9.325184822082519531e+00
9.498761177062988281e+00
9.224078178405761719e+00
9.198510169982910156e+00
9.151885986328125000e+00
9.295115470886230469e+00
9.096673011779785156e+00
9.212997436523437500e+00
9.298673629760742188e+00
9.155793190002441406e+00
9.279726982116699219e+00
9.109465599060058594e+00
9.270467758178710938e+00
9.262685775756835938e+00
9.153296470642089844e+00
9.414400100708007812e+00
9.261336326599121094e+00
9.375531196594238281e+00
9.214400291442871094e+00
9.077498435974121094e+00
9.205758094787597656e+00
9.162335395812988281e+00
9.147229194641113281e+00
9.074231147766113281e+00
8.974631309509277344e+00
9.195987701416015625e+00
9.380594253540039062e+00
9.238608360290527344e+00
9.127022743225097656e+00
9.339030265808105469e+00
9.313519477844238281e+00
9.167837142944335938e+00
9.228817939758300781e+00
9.389460563659667969e+00
9.309286117553710938e+00
9.402546882629394531e+00
9.234439849853515625e+00
9.282607078552246094e+00
9.233991622924804688e+00
9.347634315490722656e+00
9.290325164794921875e+00
9.191294670104980469e+00
9.447336196899414062e+00
9.176420211791992188e+00
9.117279052734375000e+00
9.039224624633789062e+00
9.002671241760253906e+00
9.392536163330078125e+00
8.987680435180664062e+00
9.223167419433593750e+00
9.196797370910644531e+00
9.097284317016601562e+00
9.216942787170410156e+00
9.053052902221679688e+00
9.218421936035156250e+00
9.191227912902832031e+00
9.147953033447265625e+00
9.165032386779785156e+00
9.134069442749023438e+00
9.258118629455566406e+00
9.189229011535644531e+00
9.125209808349609375e+00
9.417410850524902344e+00
9.371423721313476562e+00
9.224964141845703125e+00
9.369888305664062500e+00
9.211867332458496094e+00
9.394692420959472656e+00
9.314678192138671875e+00
9.318947792053222656e+00
9.184092521667480469e+00
9.163753509521484375e+00
9.253136634826660156e+00
9.032736778259277344e+00
8.969636917114257812e+00
9.355115890502929688e+00
9.468439102172851562e+00
9.280808448791503906e+00
9.142068862915039062e+00
9.277624130249023438e+00
9.298052787780761719e+00
9.358307838439941406e+00
9.253156661987304688e+00
9.112044334411621094e+00
9.313979148864746094e+00
9.222794532775878906e+00
9.234845161437988281e+00
9.264205932617187500e+00
9.187071800231933594e+00
9.131204605102539062e+00
9.239186286926269531e+00
9.152375221252441406e+00
9.189494132995605469e+00
9.407512664794921875e+00
9.223809242248535156e+00
9.277555465698242188e+00
9.214090347290039062e+00
9.221469879150390625e+00
8.954828262329101562e+00
9.342030525207519531e+00
9.038011550903320312e+00
9.048764228820800781e+00
9.465070724487304688e+00
9.235424041748046875e+00
9.359827041625976562e+00
9.318666458129882812e+00
9.273869514465332031e+00
9.311532020568847656e+00
9.274680137634277344e+00
9.329944610595703125e+00
9.312415122985839844e+00
9.230720520019531250e+00
9.156914710998535156e+00
9.017484664916992188e+00
9.213617324829101562e+00
8.973177909851074219e+00
9.267658233642578125e+00
9.183182716369628906e+00
9.166589736938476562e+00
9.073303222656250000e+00
9.094203948974609375e+00
9.141428947448730469e+00
9.077798843383789062e+00
9.014983177185058594e+00
9.130977630615234375e+00
9.197806358337402344e+00
9.236716270446777344e+00
9.391424179077148438e+00
9.282919883728027344e+00
9.241782188415527344e+00
9.094357490539550781e+00
9.352845191955566406e+00
9.473764419555664062e+00
9.198473930358886719e+00
9.216388702392578125e+00
9.165536880493164062e+00
9.228693008422851562e+00
9.063893318176269531e+00
9.277264595031738281e+00
9.071269035339355469e+00
9.056405067443847656e+00
9.275216102600097656e+00
9.284960746765136719e+00
9.121423721313476562e+00
9.127852439880371094e+00
9.288949966430664062e+00
9.305981636047363281e+00
9.336834907531738281e+00
9.178311347961425781e+00
9.016858100891113281e+00
9.267680168151855469e+00
9.223053932189941406e+00
8.862232208251953125e+00
9.358931541442871094e+00
9.231763839721679688e+00
9.255907058715820312e+00
9.128523826599121094e+00
9.357078552246093750e+00
9.348337173461914062e+00
9.375324249267578125e+00
9.211116790771484375e+00
9.306020736694335938e+00
9.132397651672363281e+00
9.151714324951171875e+00
9.111579895019531250e+00
9.309289932250976562e+00
9.127881050109863281e+00
8.994863510131835938e+00
9.263638496398925781e+00
9.261966705322265625e+00
8.905647277832031250e+00
8.956600189208984375e+00
9.310463905334472656e+00
9.226046562194824219e+00
9.282359123229980469e+00
9.163909912109375000e+00
9.221146583557128906e+00
9.288769721984863281e+00
9.126179695129394531e+00
9.175247192382812500e+00
9.034863471984863281e+00
9.043537139892578125e+00
9.314498901367187500e+00
9.217740058898925781e+00
9.227940559387207031e+00
9.261888504028320312e+00
9.007874488830566406e+00
9.215438842773437500e+00
9.078639984130859375e+00
9.230547904968261719e+00
8.964959144592285156e+00
9.244018554687500000e+00
9.253982543945312500e+00
9.195962905883789062e+00
9.185981750488281250e+00
9.131837844848632812e+00
9.159068107604980469e+00
9.257438659667968750e+00
9.283875465393066406e+00
9.221388816833496094e+00
9.090274810791015625e+00
9.120392799377441406e+00
9.092284202575683594e+00
8.969339370727539062e+00
8.972396850585937500e+00
9.124238967895507812e+00
9.214088439941406250e+00
9.125413894653320312e+00
9.169220924377441406e+00
9.448822021484375000e+00
9.025233268737792969e+00
9.167947769165039062e+00
9.141485214233398438e+00
9.280663490295410156e+00
9.342792510986328125e+00
9.118139266967773438e+00
9.220391273498535156e+00
9.153478622436523438e+00
9.127874374389648438e+00
9.110630989074707031e+00
8.923220634460449219e+00
9.140654563903808594e+00
9.148489952087402344e+00
9.127142906188964844e+00
9.373461723327636719e+00
9.335055351257324219e+00
9.283864021301269531e+00
9.245497703552246094e+00
9.100538253784179688e+00
9.286827087402343750e+00
9.249024391174316406e+00
9.259441375732421875e+00
9.124002456665039062e+00
9.209491729736328125e+00
9.385993957519531250e+00
9.125177383422851562e+00
9.264743804931640625e+00
9.179287910461425781e+00
9.091593742370605469e+00
9.242111206054687500e+00
9.031273841857910156e+00
9.086830139160156250e+00
9.063749313354492188e+00
9.106701850891113281e+00
9.125347137451171875e+00
9.152862548828125000e+00
9.204436302185058594e+00
9.207404136657714844e+00
9.179506301879882812e+00
9.103775978088378906e+00
9.097809791564941406e+00
9.163249969482421875e+00
9.270470619201660156e+00
9.314129829406738281e+00
9.219200134277343750e+00
9.074202537536621094e+00
9.079292297363281250e+00
9.106280326843261719e+00
9.065173149108886719e+00
9.191644668579101562e+00
9.107457160949707031e+00
9.134122848510742188e+00
9.152552604675292969e+00
9.260632514953613281e+00
9.311352729797363281e+00
9.346116065979003906e+00
9.263837814331054688e+00
9.452055931091308594e+00
8.897148132324218750e+00
9.174196243286132812e+00
8.993518829345703125e+00
9.141343116760253906e+00
9.331464767456054688e+00
9.155953407287597656e+00
9.215558052062988281e+00
9.143596649169921875e+00
9.085084915161132812e+00
9.191077232360839844e+00
9.001710891723632812e+00
9.246876716613769531e+00
8.947494506835937500e+00
8.865137100219726562e+00
9.280776023864746094e+00
9.192543029785156250e+00
8.962112426757812500e+00
9.164919853210449219e+00
9.222486495971679688e+00
9.173499107360839844e+00
9.235119819641113281e+00
9.206993103027343750e+00
9.100876808166503906e+00
9.071291923522949219e+00
9.106716156005859375e+00
9.172079086303710938e+00
9.142674446105957031e+00
9.016592979431152344e+00
9.235451698303222656e+00
8.967212677001953125e+00
9.280755996704101562e+00
9.243126869201660156e+00
9.052104949951171875e+00
9.189368247985839844e+00
9.248833656311035156e+00
9.254356384277343750e+00
8.928813934326171875e+00
8.997356414794921875e+00
9.135641098022460938e+00
9.161536216735839844e+00
9.035322189331054688e+00
9.182424545288085938e+00
9.244410514831542969e+00
9.174352645874023438e+00
9.135452270507812500e+00
9.146853446960449219e+00
9.078944206237792969e+00
9.075551986694335938e+00
9.108111381530761719e+00
9.253681182861328125e+00
8.995710372924804688e+00
9.088232040405273438e+00
9.156446456909179688e+00
9.022212982177734375e+00
9.350435256958007812e+00
9.121277809143066406e+00
9.218172073364257812e+00
9.114073753356933594e+00
9.185724258422851562e+00
9.060969352722167969e+00
9.025154113769531250e+00
9.148351669311523438e+00
9.256802558898925781e+00
9.040686607360839844e+00
8.972322463989257812e+00
9.181563377380371094e+00
9.226202964782714844e+00
8.912257194519042969e+00
9.221474647521972656e+00
8.960227966308593750e+00
9.046311378479003906e+00
9.153066635131835938e+00
8.943349838256835938e+00
9.212044715881347656e+00
9.277791023254394531e+00
9.231464385986328125e+00
9.195466995239257812e+00
9.119454383850097656e+00
9.103218078613281250e+00
9.167487144470214844e+00
9.205555915832519531e+00
9.241802215576171875e+00
9.112272262573242188e+00
9.308783531188964844e+00
9.129422187805175781e+00
9.035977363586425781e+00
9.204154968261718750e+00
9.128767967224121094e+00
9.164202690124511719e+00
9.092842102050781250e+00
9.168789863586425781e+00
9.206400871276855469e+00
9.101861000061035156e+00
9.221498489379882812e+00
9.324498176574707031e+00
9.031291961669921875e+00
9.178698539733886719e+00
9.322084426879882812e+00
9.084127426147460938e+00
9.242286682128906250e+00
8.926534652709960938e+00
9.069963455200195312e+00
9.105815887451171875e+00
9.087507247924804688e+00
9.301707267761230469e+00
9.181972503662109375e+00
9.251694679260253906e+00
9.066892623901367188e+00
9.056857109069824219e+00
8.860423088073730469e+00
9.268357276916503906e+00
9.123176574707031250e+00
9.177353858947753906e+00
9.057922363281250000e+00
9.097972869873046875e+00
9.124473571777343750e+00
9.208760261535644531e+00
9.113623619079589844e+00
9.046276092529296875e+00
9.143772125244140625e+00
8.819206237792968750e+00
9.028325080871582031e+00
8.938448905944824219e+00
9.201108932495117188e+00
9.115303993225097656e+00
9.004108428955078125e+00
9.278454780578613281e+00
9.224758148193359375e+00
8.796606063842773438e+00
8.921389579772949219e+00
9.090466499328613281e+00
9.170104026794433594e+00
9.162231445312500000e+00
9.040018081665039062e+00
9.259202003479003906e+00
9.065918922424316406e+00
9.061054229736328125e+00
9.063213348388671875e+00
9.031138420104980469e+00
9.106063842773437500e+00
9.240649223327636719e+00
9.245843887329101562e+00
9.006937026977539062e+00
8.963476181030273438e+00
8.967773437500000000e+00
9.053265571594238281e+00
8.853614807128906250e+00
9.115606307983398438e+00
9.328738212585449219e+00
9.033381462097167969e+00
9.103950500488281250e+00
9.200963973999023438e+00
9.039122581481933594e+00
9.138498306274414062e+00
9.129993438720703125e+00
9.299557685852050781e+00
9.092759132385253906e+00
9.087890625000000000e+00
9.111156463623046875e+00
9.250986099243164062e+00
9.100720405578613281e+00
9.116005897521972656e+00
9.134086608886718750e+00
9.303029060363769531e+00
9.193957328796386719e+00
9.111447334289550781e+00
9.019440650939941406e+00
9.188728332519531250e+00
9.112317085266113281e+00
8.983802795410156250e+00
9.093979835510253906e+00
9.090605735778808594e+00
9.311632156372070312e+00
9.189563751220703125e+00
9.227327346801757812e+00
9.058622360229492188e+00
9.148141860961914062e+00
9.154593467712402344e+00
9.182294845581054688e+00
9.060965538024902344e+00
9.160211563110351562e+00
8.626308441162109375e+00
9.054351806640625000e+00
9.151920318603515625e+00
9.169974327087402344e+00
9.183300018310546875e+00
9.088669776916503906e+00
9.074986457824707031e+00
9.210021018981933594e+00
8.979238510131835938e+00
9.171216964721679688e+00
8.922263145446777344e+00
8.975459098815917969e+00
9.151793479919433594e+00
9.170331001281738281e+00
9.013007164001464844e+00
9.002626419067382812e+00
9.246759414672851562e+00
9.068405151367187500e+00
9.094506263732910156e+00
9.266418457031250000e+00
9.228010177612304688e+00
9.149566650390625000e+00
9.047869682312011719e+00
9.117963790893554688e+00
8.972253799438476562e+00
9.190741539001464844e+00
9.303318023681640625e+00
9.181111335754394531e+00
9.059781074523925781e+00
9.051789283752441406e+00
8.846254348754882812e+00
8.975484848022460938e+00
9.193585395812988281e+00
9.095749855041503906e+00
9.220182418823242188e+00
9.068409919738769531e+00
8.985514640808105469e+00
9.224307060241699219e+00
9.047975540161132812e+00
9.217774391174316406e+00
9.119320869445800781e+00
9.056612014770507812e+00
9.224441528320312500e+00
9.033752441406250000e+00
9.132140159606933594e+00
8.995841979980468750e+00
9.146341323852539062e+00
9.149128913879394531e+00
9.160588264465332031e+00
9.172785758972167969e+00
9.052474021911621094e+00
9.115603446960449219e+00
8.851225852966308594e+00
9.091865539550781250e+00
8.902675628662109375e+00
9.028944015502929688e+00
9.154103279113769531e+00
9.130399703979492188e+00
9.294680595397949219e+00
9.141081809997558594e+00
9.107902526855468750e+00
9.031108856201171875e+00
9.131449699401855469e+00
9.090168952941894531e+00
8.937340736389160156e+00
9.035510063171386719e+00
9.120863914489746094e+00
8.879138946533203125e+00
9.279557228088378906e+00
9.143832206726074219e+00
9.086540222167968750e+00
9.138701438903808594e+00
9.179671287536621094e+00
9.162586212158203125e+00
9.146413803100585938e+00
9.131292343139648438e+00
9.073904991149902344e+00
9.201217651367187500e+00
9.014099121093750000e+00
9.154598236083984375e+00
8.973901748657226562e+00
9.143199920654296875e+00
9.239857673645019531e+00
9.234297752380371094e+00
8.778565406799316406e+00
8.944697380065917969e+00
9.028560638427734375e+00
9.048034667968750000e+00
8.963752746582031250e+00
9.030724525451660156e+00
9.276133537292480469e+00
8.950732231140136719e+00
8.949298858642578125e+00
9.000346183776855469e+00
8.992222785949707031e+00
9.015316963195800781e+00
9.036908149719238281e+00
9.179826736450195312e+00
9.140381813049316406e+00
9.285457611083984375e+00
9.147201538085937500e+00
9.157333374023437500e+00
8.983222007751464844e+00
9.027406692504882812e+00
9.004253387451171875e+00
9.065481185913085938e+00
9.153802871704101562e+00
9.073189735412597656e+00
9.212171554565429688e+00
8.920150756835937500e+00
9.185199737548828125e+00
9.068667411804199219e+00
9.156713485717773438e+00
8.555454254150390625e+00
9.012489318847656250e+00
8.990151405334472656e+00
9.170771598815917969e+00
9.208389282226562500e+00
9.082065582275390625e+00
9.094417572021484375e+00
8.948439598083496094e+00
8.971877098083496094e+00
9.277283668518066406e+00
9.233413696289062500e+00
9.350426673889160156e+00
9.111167907714843750e+00
9.160238265991210938e+00
9.179286956787109375e+00
9.250287055969238281e+00
9.184530258178710938e+00
9.063500404357910156e+00
9.045812606811523438e+00
9.091668128967285156e+00
9.192723274230957031e+00
8.950327873229980469e+00
8.977105140686035156e+00
8.842103004455566406e+00
9.142173767089843750e+00
8.956541061401367188e+00
9.118391036987304688e+00
8.937989234924316406e+00
9.157347679138183594e+00
9.153446197509765625e+00
9.142996788024902344e+00
8.988492012023925781e+00
9.289875030517578125e+00
9.133742332458496094e+00
9.175649642944335938e+00
8.987357139587402344e+00
9.055600166320800781e+00
9.046325683593750000e+00
9.146915435791015625e+00
9.143101692199707031e+00
8.920735359191894531e+00
9.110441207885742188e+00
8.953953742980957031e+00
8.905963897705078125e+00
9.095495223999023438e+00
9.118056297302246094e+00
9.049886703491210938e+00
9.141629219055175781e+00
9.206380844116210938e+00
9.058247566223144531e+00
8.976887702941894531e+00
9.096699714660644531e+00
9.108371734619140625e+00
9.097194671630859375e+00
8.940069198608398438e+00
9.259086608886718750e+00
9.255041122436523438e+00
9.056509971618652344e+00
9.101430892944335938e+00
8.997642517089843750e+00
9.008327484130859375e+00
9.057645797729492188e+00
9.103450775146484375e+00
8.967106819152832031e+00
8.998352050781250000e+00
9.378975868225097656e+00
9.155665397644042969e+00
9.034409523010253906e+00
9.034689903259277344e+00
8.890006065368652344e+00
9.315040588378906250e+00
9.206265449523925781e+00
9.059064865112304688e+00
9.093395233154296875e+00
9.267445564270019531e+00
8.954447746276855469e+00
9.257434844970703125e+00
9.075312614440917969e+00
9.050608634948730469e+00
9.075017929077148438e+00
9.145550727844238281e+00
9.000883102416992188e+00
8.960913658142089844e+00
9.125921249389648438e+00
9.056241989135742188e+00
9.132842063903808594e+00
9.100058555603027344e+00
9.020269393920898438e+00
8.626178741455078125e+00
9.076203346252441406e+00
9.300711631774902344e+00
9.200396537780761719e+00
8.971425056457519531e+00
9.218142509460449219e+00
8.942682266235351562e+00
9.046767234802246094e+00
8.934103965759277344e+00
8.936329841613769531e+00
9.043059349060058594e+00
8.991560935974121094e+00
9.020758628845214844e+00
9.246834754943847656e+00
9.093990325927734375e+00
9.094450950622558594e+00
9.211977958679199219e+00
9.077192306518554688e+00
9.101611137390136719e+00
9.230689048767089844e+00
9.164547920227050781e+00
9.150556564331054688e+00
9.203142166137695312e+00
8.945069313049316406e+00
9.024621009826660156e+00
9.003987312316894531e+00
9.157958984375000000e+00
9.107633590698242188e+00
9.048854827880859375e+00
9.096890449523925781e+00
8.761043548583984375e+00
9.044256210327148438e+00
9.248950958251953125e+00
9.119910240173339844e+00
8.998740196228027344e+00
9.129159927368164062e+00
9.071250915527343750e+00
9.107229232788085938e+00
9.120775222778320312e+00
8.637780189514160156e+00
8.963490486145019531e+00
8.854923248291015625e+00
9.359217643737792969e+00
9.018472671508789062e+00
9.019113540649414062e+00
8.935661315917968750e+00
9.222532272338867188e+00
9.113039970397949219e+00
9.004761695861816406e+00
9.125537872314453125e+00
8.823139190673828125e+00
9.197924613952636719e+00
9.089301109313964844e+00
9.075047492980957031e+00
9.075419425964355469e+00
9.243599891662597656e+00
9.085007667541503906e+00
9.177903175354003906e+00
9.182568550109863281e+00
9.111748695373535156e+00
9.038113594055175781e+00
9.174174308776855469e+00
8.841259956359863281e+00
9.288656234741210938e+00
9.090125083923339844e+00
9.245448112487792969e+00
9.129767417907714844e+00
9.040636062622070312e+00
9.180306434631347656e+00
8.809112548828125000e+00
8.981893539428710938e+00
8.831812858581542969e+00
9.121383666992187500e+00
8.914516448974609375e+00
9.093188285827636719e+00
8.981075286865234375e+00
9.142874717712402344e+00
9.116139411926269531e+00
9.220925331115722656e+00
9.088439941406250000e+00
9.157833099365234375e+00
9.039996147155761719e+00
9.252896308898925781e+00
9.387562751770019531e+00
9.215710639953613281e+00
8.901130676269531250e+00
9.013731002807617188e+00
9.277894973754882812e+00
9.008862495422363281e+00
9.024609565734863281e+00
8.982025146484375000e+00
9.167006492614746094e+00
9.045879364013671875e+00
9.124130249023437500e+00
9.231012344360351562e+00
8.895768165588378906e+00
9.176924705505371094e+00
9.000933647155761719e+00
9.074904441833496094e+00
9.142553329467773438e+00
8.988596916198730469e+00
9.098080635070800781e+00
8.980942726135253906e+00
9.111330986022949219e+00
9.041896820068359375e+00
8.934239387512207031e+00
8.985265731811523438e+00
8.912076950073242188e+00
9.034296989440917969e+00
9.149868011474609375e+00
9.104463577270507812e+00
9.226156234741210938e+00
9.111245155334472656e+00
9.019674301147460938e+00
9.232206344604492188e+00
9.042448997497558594e+00
8.675889015197753906e+00
8.929670333862304688e+00
9.124564170837402344e+00
9.094928741455078125e+00
9.204720497131347656e+00
8.936714172363281250e+00
9.206917762756347656e+00
9.123017311096191406e+00
9.130166053771972656e+00
8.954108238220214844e+00
9.052599906921386719e+00
9.122187614440917969e+00
8.978601455688476562e+00
9.078008651733398438e+00
9.043167114257812500e+00
9.010504722595214844e+00
8.846348762512207031e+00
8.807862281799316406e+00
9.045412063598632812e+00
9.108613967895507812e+00
9.062774658203125000e+00
8.985049247741699219e+00
9.027271270751953125e+00
9.038602828979492188e+00
8.926503181457519531e+00
8.890910148620605469e+00
8.884022712707519531e+00
8.966139793395996094e+00
9.001347541809082031e+00
9.093029975891113281e+00
8.960230827331542969e+00
8.692366600036621094e+00
9.020331382751464844e+00
8.863740921020507812e+00
9.262470245361328125e+00
9.003555297851562500e+00
9.256523132324218750e+00
9.000483512878417969e+00
8.915698051452636719e+00
9.193020820617675781e+00
9.209594726562500000e+00
9.316065788269042969e+00
9.236975669860839844e+00
8.955866813659667969e+00
8.822846412658691406e+00
9.126242637634277344e+00
9.089814186096191406e+00
9.070130348205566406e+00
8.854718208312988281e+00
8.767127990722656250e+00
8.993675231933593750e+00
9.018737792968750000e+00
9.053774833679199219e+00
9.294510841369628906e+00
8.835822105407714844e+00
8.999494552612304688e+00
9.023806571960449219e+00
8.990080833435058594e+00
9.116668701171875000e+00
9.105446815490722656e+00
9.194461822509765625e+00
8.931923866271972656e+00
9.221207618713378906e+00
8.993803977966308594e+00
9.012707710266113281e+00
9.016213417053222656e+00
9.063612937927246094e+00
9.058154106140136719e+00
9.123735427856445312e+00
9.218930244445800781e+00
9.156317710876464844e+00
9.079626083374023438e+00
9.029815673828125000e+00
9.169342041015625000e+00
9.174065589904785156e+00
9.159019470214843750e+00
9.129352569580078125e+00
9.301980018615722656e+00
9.129248619079589844e+00
8.855648994445800781e+00
8.972795486450195312e+00
9.036608695983886719e+00
9.022496223449707031e+00
9.395897865295410156e+00
9.148418426513671875e+00
9.076873779296875000e+00
8.945796012878417969e+00
9.149181365966796875e+00
8.980542182922363281e+00
8.944313049316406250e+00
9.073301315307617188e+00
9.121223449707031250e+00
9.058194160461425781e+00
9.289532661437988281e+00
9.202060699462890625e+00
9.206584930419921875e+00
9.046308517456054688e+00
8.997177124023437500e+00
8.827835083007812500e+00
8.894095420837402344e+00
8.991794586181640625e+00
9.108347892761230469e+00
8.889871597290039062e+00
9.200037956237792969e+00
9.118638038635253906e+00
9.076969146728515625e+00
9.014722824096679688e+00
8.809890747070312500e+00
9.034494400024414062e+00
9.189082145690917969e+00
8.888971328735351562e+00
9.048375129699707031e+00
9.063067436218261719e+00
9.071507453918457031e+00
9.013627052307128906e+00
8.940317153930664062e+00
9.185008049011230469e+00
9.033716201782226562e+00
8.918960571289062500e+00
8.824504852294921875e+00
8.866592407226562500e+00
9.063496589660644531e+00
9.051919937133789062e+00
9.020500183105468750e+00
9.104707717895507812e+00
9.041237831115722656e+00
9.011469841003417969e+00
9.199414253234863281e+00
9.114535331726074219e+00
8.960507392883300781e+00
8.953151702880859375e+00
9.272844314575195312e+00
9.016129493713378906e+00
8.990842819213867188e+00
9.119804382324218750e+00
9.029619216918945312e+00
8.872275352478027344e+00
9.299111366271972656e+00
9.017501831054687500e+00
9.152301788330078125e+00
9.203132629394531250e+00
9.090808868408203125e+00
9.263736724853515625e+00
9.036134719848632812e+00
8.920598983764648438e+00
8.912790298461914062e+00
9.144319534301757812e+00
9.022795677185058594e+00
9.135576248168945312e+00
8.868206977844238281e+00
9.075264930725097656e+00
8.799489974975585938e+00
9.145099639892578125e+00
9.234727859497070312e+00
8.700178146362304688e+00
9.024153709411621094e+00
8.923642158508300781e+00
9.144236564636230469e+00
9.058502197265625000e+00
9.082382202148437500e+00
8.982194900512695312e+00
9.028612136840820312e+00
9.040844917297363281e+00
9.036729812622070312e+00
8.841463088989257812e+00
8.895072937011718750e+00
8.994063377380371094e+00
9.200331687927246094e+00
8.926757812500000000e+00
9.213973999023437500e+00
8.955602645874023438e+00
9.111112594604492188e+00
9.026585578918457031e+00
9.125669479370117188e+00
9.049838066101074219e+00
9.140626907348632812e+00
8.982274055480957031e+00
8.933046340942382812e+00
9.154652595520019531e+00
9.020691871643066406e+00
8.988318443298339844e+00
9.085358619689941406e+00
8.884052276611328125e+00
9.030732154846191406e+00
9.094065666198730469e+00
9.070022583007812500e+00
8.940482139587402344e+00
8.864187240600585938e+00
9.092564582824707031e+00
9.146835327148437500e+00
9.057085990905761719e+00
8.980621337890625000e+00
9.181848526000976562e+00
8.759340286254882812e+00
9.123132705688476562e+00
8.960243225097656250e+00
9.011823654174804688e+00
8.863703727722167969e+00
8.915294647216796875e+00
9.016126632690429688e+00
9.248288154602050781e+00
9.134316444396972656e+00
9.097065925598144531e+00
9.041552543640136719e+00
9.008503913879394531e+00
8.953838348388671875e+00
8.968661308288574219e+00
9.318780899047851562e+00
9.216014862060546875e+00
9.032032012939453125e+00
9.034336090087890625e+00
9.079122543334960938e+00
9.125268936157226562e+00
9.099080085754394531e+00
9.013676643371582031e+00
8.814990043640136719e+00
9.045619964599609375e+00
9.140125274658203125e+00
8.885191917419433594e+00
8.531435966491699219e+00
9.033498764038085938e+00
9.167301177978515625e+00
9.068072319030761719e+00
8.916933059692382812e+00
9.001124382019042969e+00
9.169351577758789062e+00
8.964479446411132812e+00
9.245707511901855469e+00
8.911847114562988281e+00
9.335601806640625000e+00
9.181699752807617188e+00
8.940466880798339844e+00
9.125483512878417969e+00
8.998281478881835938e+00
9.068116188049316406e+00
9.130614280700683594e+00
8.849234580993652344e+00
9.107236862182617188e+00
8.978487014770507812e+00
9.180052757263183594e+00
9.231009483337402344e+00
9.263378143310546875e+00
8.921144485473632812e+00
8.971261978149414062e+00
9.043709754943847656e+00
8.930215835571289062e+00
9.047037124633789062e+00
9.033186912536621094e+00
8.806355476379394531e+00
9.093894958496093750e+00
8.841645240783691406e+00
8.743814468383789062e+00
8.888178825378417969e+00
9.030309677124023438e+00
8.993340492248535156e+00
8.997038841247558594e+00
9.205261230468750000e+00
9.017727851867675781e+00
8.782896041870117188e+00
9.088392257690429688e+00
9.077863693237304688e+00
9.247668266296386719e+00
8.849726676940917969e+00
9.002086639404296875e+00
9.060763359069824219e+00
9.077363967895507812e+00
9.046571731567382812e+00
9.145730018615722656e+00
8.897315025329589844e+00
9.038372039794921875e+00
9.100864410400390625e+00
9.172883033752441406e+00
9.052147865295410156e+00
9.110270500183105469e+00
9.121878623962402344e+00
8.780787467956542969e+00
8.713049888610839844e+00
9.067544937133789062e+00
8.931669235229492188e+00
8.860511779785156250e+00
9.089664459228515625e+00
8.928210258483886719e+00
9.027192115783691406e+00
9.208631515502929688e+00
8.933989524841308594e+00
8.922236442565917969e+00
8.922122955322265625e+00
9.025971412658691406e+00
9.113463401794433594e+00
9.123868942260742188e+00
8.749581336975097656e+00
9.013675689697265625e+00
8.758590698242187500e+00
9.107253074645996094e+00
8.795295715332031250e+00
8.893594741821289062e+00
9.035739898681640625e+00
9.016283035278320312e+00
8.906385421752929688e+00
9.017395019531250000e+00
9.009448051452636719e+00
8.801477432250976562e+00
8.852354049682617188e+00
9.521267890930175781e+00
8.922235488891601562e+00
8.869079589843750000e+00
9.058764457702636719e+00
9.056959152221679688e+00
8.724449157714843750e+00
8.831634521484375000e+00
9.164908409118652344e+00
9.021110534667968750e+00
9.063549995422363281e+00
9.034337997436523438e+00
8.905670166015625000e+00
9.139791488647460938e+00
8.948075294494628906e+00
8.849002838134765625e+00
8.860528945922851562e+00
8.950275421142578125e+00
8.980628967285156250e+00
9.005627632141113281e+00
9.090278625488281250e+00
8.962691307067871094e+00
9.073627471923828125e+00
9.295515060424804688e+00
8.980264663696289062e+00
8.911310195922851562e+00
9.171556472778320312e+00
9.240012168884277344e+00
8.643151283264160156e+00
8.808868408203125000e+00
8.719946861267089844e+00
9.003532409667968750e+00
9.129801750183105469e+00
8.939782142639160156e+00
9.089700698852539062e+00
8.989994049072265625e+00
9.111242294311523438e+00
9.001653671264648438e+00
9.109755516052246094e+00
9.153567314147949219e+00
9.107490539550781250e+00
9.202181816101074219e+00
9.017427444458007812e+00
8.954577445983886719e+00
8.939519882202148438e+00
9.035205841064453125e+00
9.089641571044921875e+00
8.969116210937500000e+00
8.981639862060546875e+00
8.832906723022460938e+00
9.002259254455566406e+00
9.108424186706542969e+00
8.925860404968261719e+00
9.009922027587890625e+00
9.223968505859375000e+00
8.814583778381347656e+00
8.908552169799804688e+00
9.314984321594238281e+00
9.065571784973144531e+00
9.124980926513671875e+00
9.002917289733886719e+00
8.885822296142578125e+00
9.157470703125000000e+00
9.010750770568847656e+00
9.001265525817871094e+00
9.173764228820800781e+00
9.064433097839355469e+00
9.229845046997070312e+00
9.044064521789550781e+00
8.828351020812988281e+00
8.985552787780761719e+00
9.130757331848144531e+00
9.041892051696777344e+00
9.041238784790039062e+00
9.172155380249023438e+00
9.006213188171386719e+00
9.218128204345703125e+00
9.083190917968750000e+00
9.055701255798339844e+00
9.188384056091308594e+00
8.999432563781738281e+00
8.968138694763183594e+00
9.025387763977050781e+00
9.019705772399902344e+00
9.017194747924804688e+00
9.337597846984863281e+00
9.099827766418457031e+00
9.021967887878417969e+00
8.994316101074218750e+00
8.822387695312500000e+00
8.992588996887207031e+00
9.053944587707519531e+00
9.028177261352539062e+00
9.097669601440429688e+00
9.061667442321777344e+00
9.130219459533691406e+00
8.986589431762695312e+00
8.879493713378906250e+00
8.974937438964843750e+00
8.829561233520507812e+00
9.086737632751464844e+00
8.946022987365722656e+00
9.105442047119140625e+00
9.059906005859375000e+00
9.158624649047851562e+00
8.844708442687988281e+00
8.795825004577636719e+00
8.916250228881835938e+00
8.983675956726074219e+00
9.042712211608886719e+00
9.192658424377441406e+00
9.026713371276855469e+00
8.731755256652832031e+00
8.948922157287597656e+00
8.924921035766601562e+00
8.911230087280273438e+00
9.045542716979980469e+00
9.211191177368164062e+00
8.950487136840820312e+00
9.061929702758789062e+00
8.968448638916015625e+00
9.144406318664550781e+00
8.900029182434082031e+00
8.980408668518066406e+00
8.774476051330566406e+00
9.007390975952148438e+00
9.070995330810546875e+00
9.037206649780273438e+00
8.949567794799804688e+00
9.027896881103515625e+00
8.741599082946777344e+00
9.037145614624023438e+00
8.853812217712402344e+00
8.739319801330566406e+00
8.939531326293945312e+00
8.359818458557128906e+00
8.782474517822265625e+00
9.206302642822265625e+00
8.855738639831542969e+00
9.129785537719726562e+00
9.028550148010253906e+00
8.844868659973144531e+00
8.885596275329589844e+00
8.952271461486816406e+00
8.845831871032714844e+00
9.006303787231445312e+00
8.821098327636718750e+00
9.101797103881835938e+00
8.960783958435058594e+00
8.948040962219238281e+00
9.083600997924804688e+00
9.019112586975097656e+00
9.068810462951660156e+00
8.936369895935058594e+00
8.942766189575195312e+00
9.104791641235351562e+00
8.986319541931152344e+00
8.920981407165527344e+00
9.010488510131835938e+00
8.861871719360351562e+00
8.974027633666992188e+00
9.081915855407714844e+00
8.840158462524414062e+00
9.214024543762207031e+00
9.007991790771484375e+00
8.912108421325683594e+00
8.604536056518554688e+00
9.066780090332031250e+00
9.067294120788574219e+00
8.868268966674804688e+00
8.865276336669921875e+00
8.976904869079589844e+00
8.944837570190429688e+00
8.561766624450683594e+00
8.941331863403320312e+00
8.989448547363281250e+00
9.065071105957031250e+00
9.172553062438964844e+00
8.851954460144042969e+00
8.953169822692871094e+00
9.130697250366210938e+00
8.913984298706054688e+00
8.983418464660644531e+00
9.044750213623046875e+00
8.960217475891113281e+00
8.981341361999511719e+00
8.861699104309082031e+00
8.975147247314453125e+00
8.726446151733398438e+00
8.831804275512695312e+00
9.008256912231445312e+00
8.686984062194824219e+00
9.183413505554199219e+00
9.088906288146972656e+00
8.607954025268554688e+00
9.163787841796875000e+00
9.140196800231933594e+00
8.753145217895507812e+00
8.965929985046386719e+00
9.081645965576171875e+00
8.935150146484375000e+00
9.271846771240234375e+00
8.996023178100585938e+00
9.011659622192382812e+00
8.560480117797851562e+00
9.114585876464843750e+00
9.083906173706054688e+00
8.711532592773437500e+00
9.205440521240234375e+00
9.003824234008789062e+00
8.972747802734375000e+00
8.903891563415527344e+00
9.091835021972656250e+00
9.018878936767578125e+00
8.826683044433593750e+00
9.012355804443359375e+00
8.814665794372558594e+00
8.888118743896484375e+00
8.849414825439453125e+00
9.096266746520996094e+00
9.043088912963867188e+00
9.088610649108886719e+00
8.813913345336914062e+00
8.989842414855957031e+00
8.684747695922851562e+00
8.888860702514648438e+00
8.916556358337402344e+00
8.908062934875488281e+00
9.031424522399902344e+00
8.805531501770019531e+00
8.867633819580078125e+00
9.200080871582031250e+00
8.918384552001953125e+00
8.853133201599121094e+00
9.048424720764160156e+00
9.052386283874511719e+00
9.035180091857910156e+00
8.970143318176269531e+00
9.063652038574218750e+00
8.833564758300781250e+00
8.962110519409179688e+00
9.112788200378417969e+00
8.929133415222167969e+00
8.950912475585937500e+00
8.979884147644042969e+00
9.025384902954101562e+00
8.848967552185058594e+00
9.016067504882812500e+00
8.762818336486816406e+00
8.925008773803710938e+00
9.012937545776367188e+00
8.956463813781738281e+00
9.079764366149902344e+00
8.903229713439941406e+00
8.908980369567871094e+00
8.929020881652832031e+00
9.033126831054687500e+00
9.029686927795410156e+00
9.210926055908203125e+00
8.826573371887207031e+00
8.687326431274414062e+00
9.036717414855957031e+00
9.014830589294433594e+00
8.944890975952148438e+00
8.940690994262695312e+00
8.696017265319824219e+00
9.126003265380859375e+00
8.970138549804687500e+00
9.073833465576171875e+00
9.094551086425781250e+00
9.090993881225585938e+00
8.834139823913574219e+00
9.048253059387207031e+00
8.858415603637695312e+00
9.028202056884765625e+00
8.833123207092285156e+00
9.027055740356445312e+00
9.052893638610839844e+00
8.883319854736328125e+00
8.949360847473144531e+00
8.990099906921386719e+00
8.855408668518066406e+00
8.981655120849609375e+00
9.012774467468261719e+00
8.988910675048828125e+00
8.955350875854492188e+00
9.142488479614257812e+00
9.185606956481933594e+00
8.901206016540527344e+00
8.981082916259765625e+00
8.693179130554199219e+00
8.838385581970214844e+00
8.778200149536132812e+00
8.751889228820800781e+00
9.085786819458007812e+00
8.970855712890625000e+00
8.893104553222656250e+00
8.967865943908691406e+00
9.136353492736816406e+00
8.971866607666015625e+00
9.002672195434570312e+00
9.037136077880859375e+00
9.022206306457519531e+00
9.035795211791992188e+00
8.947918891906738281e+00
8.802766799926757812e+00
9.021801948547363281e+00
9.182752609252929688e+00
9.111194610595703125e+00
9.136463165283203125e+00
8.910365104675292969e+00
8.975009918212890625e+00
8.951861381530761719e+00
8.828710556030273438e+00
9.005491256713867188e+00
8.873673439025878906e+00
8.893705368041992188e+00
8.519311904907226562e+00
8.699089050292968750e+00
8.921922683715820312e+00
9.054274559020996094e+00
8.886740684509277344e+00
8.945147514343261719e+00
8.791514396667480469e+00
8.949217796325683594e+00
9.060902595520019531e+00
8.801970481872558594e+00
9.068539619445800781e+00
9.043087005615234375e+00
9.004807472229003906e+00
8.941661834716796875e+00
8.817771911621093750e+00
9.065217018127441406e+00
8.911349296569824219e+00
8.890064239501953125e+00
9.187265396118164062e+00
9.094073295593261719e+00
8.870286941528320312e+00
9.034803390502929688e+00
9.104569435119628906e+00
9.054157257080078125e+00
8.988327980041503906e+00
9.085660934448242188e+00
9.084064483642578125e+00
8.886586189270019531e+00
8.932892799377441406e+00
8.973473548889160156e+00
9.053503036499023438e+00
8.971383094787597656e+00
8.873032569885253906e+00
8.727009773254394531e+00
8.957598686218261719e+00
8.783292770385742188e+00
9.109109878540039062e+00
8.861383438110351562e+00
8.877627372741699219e+00
9.082402229309082031e+00
9.083424568176269531e+00
8.994042396545410156e+00
9.075631141662597656e+00
8.887056350708007812e+00
8.967429161071777344e+00
8.993407249450683594e+00
9.076856613159179688e+00
8.978867530822753906e+00
9.058143615722656250e+00
9.046382904052734375e+00
8.835187911987304688e+00
8.882017135620117188e+00
8.960856437683105469e+00
8.887592315673828125e+00
9.096400260925292969e+00
8.812540054321289062e+00
8.947565078735351562e+00
9.144028663635253906e+00
8.933692932128906250e+00
9.017404556274414062e+00
9.109323501586914062e+00
8.896222114562988281e+00
9.004444122314453125e+00
9.305524826049804688e+00
8.922694206237792969e+00
8.949144363403320312e+00
8.840794563293457031e+00
8.992922782897949219e+00
8.951786041259765625e+00
9.009032249450683594e+00
8.729473114013671875e+00
9.189209938049316406e+00
8.965228080749511719e+00
9.126777648925781250e+00
8.758206367492675781e+00
9.160203933715820312e+00
8.755243301391601562e+00
8.952445030212402344e+00
8.122756958007812500e+00
8.755738258361816406e+00
8.979358673095703125e+00
8.791786193847656250e+00
8.950164794921875000e+00
9.239584922790527344e+00
8.917156219482421875e+00
8.977103233337402344e+00
8.885130882263183594e+00
9.007979393005371094e+00
8.856727600097656250e+00
9.071655273437500000e+00
8.951252937316894531e+00
9.036813735961914062e+00
8.806690216064453125e+00
9.035318374633789062e+00
9.023445129394531250e+00
8.894385337829589844e+00
9.150761604309082031e+00
8.717662811279296875e+00
9.129272460937500000e+00
8.931081771850585938e+00
9.215022087097167969e+00
7.119255065917968750e+00
8.994041442871093750e+00
8.931904792785644531e+00
8.726410865783691406e+00
9.112603187561035156e+00
9.039717674255371094e+00
8.896645545959472656e+00
8.959161758422851562e+00
9.095427513122558594e+00
8.973484992980957031e+00
9.013556480407714844e+00
8.866791725158691406e+00
8.867845535278320312e+00
8.791907310485839844e+00
9.019309043884277344e+00
8.997184753417968750e+00
8.950128555297851562e+00
8.972439765930175781e+00
8.869320869445800781e+00
8.776738166809082031e+00
8.964514732360839844e+00
8.960200309753417969e+00
8.980901718139648438e+00
9.045951843261718750e+00
9.015739440917968750e+00
8.973983764648437500e+00
9.116209983825683594e+00
9.046565055847167969e+00
8.871140480041503906e+00
8.854885101318359375e+00
8.815261840820312500e+00
8.551336288452148438e+00
8.867872238159179688e+00
9.116141319274902344e+00
8.963317871093750000e+00
8.907020568847656250e+00
8.852865219116210938e+00
8.807556152343750000e+00
8.581059455871582031e+00
8.829442024230957031e+00
9.146964073181152344e+00
8.986248016357421875e+00
9.022958755493164062e+00
8.757706642150878906e+00
8.978529930114746094e+00
8.317515373229980469e+00
8.914125442504882812e+00
8.905379295349121094e+00
8.980341911315917969e+00
9.115094184875488281e+00
8.875239372253417969e+00
8.903269767761230469e+00
8.943239212036132812e+00
8.915801048278808594e+00
8.907033920288085938e+00
8.749121665954589844e+00
9.083841323852539062e+00
8.370362281799316406e+00
8.914482116699218750e+00
8.909019470214843750e+00
8.918956756591796875e+00
8.838795661926269531e+00
8.690954208374023438e+00
8.899697303771972656e+00
8.914217948913574219e+00
8.633140563964843750e+00
8.839717864990234375e+00
8.999455451965332031e+00
9.007374763488769531e+00
8.976551055908203125e+00
8.679846763610839844e+00
8.890245437622070312e+00
8.893414497375488281e+00
8.938870429992675781e+00
8.910455703735351562e+00
8.825824737548828125e+00
9.018646240234375000e+00
8.920839309692382812e+00
9.082821846008300781e+00
9.095167160034179688e+00
9.094554901123046875e+00
8.954150199890136719e+00
8.790340423583984375e+00
8.850017547607421875e+00
8.667084693908691406e+00
9.009268760681152344e+00
8.911850929260253906e+00
9.055478096008300781e+00
8.794883728027343750e+00
8.751866340637207031e+00
8.965190887451171875e+00
8.991740226745605469e+00
8.791157722473144531e+00
9.129364967346191406e+00
8.701981544494628906e+00
9.058145523071289062e+00
8.932440757751464844e+00
8.961078643798828125e+00
8.965913772583007812e+00
8.903915405273437500e+00
8.958163261413574219e+00
8.847399711608886719e+00
9.120209693908691406e+00
8.892499923706054688e+00
8.923007011413574219e+00
9.062932968139648438e+00
9.002262115478515625e+00
8.921627044677734375e+00
8.989590644836425781e+00
9.052649497985839844e+00
8.914671897888183594e+00
9.254262924194335938e+00
8.734031677246093750e+00
8.859801292419433594e+00
8.751741409301757812e+00
8.778372764587402344e+00
8.857224464416503906e+00
8.841112136840820312e+00
8.894599914550781250e+00
8.925072669982910156e+00
8.961608886718750000e+00
8.981000900268554688e+00
8.803951263427734375e+00
9.223706245422363281e+00
8.990209579467773438e+00
8.988832473754882812e+00
9.048311233520507812e+00
8.959033012390136719e+00
9.046161651611328125e+00
9.087670326232910156e+00
8.961603164672851562e+00
8.963610649108886719e+00
9.272727966308593750e+00
9.085416793823242188e+00
9.147706031799316406e+00
8.884934425354003906e+00
8.818309783935546875e+00
8.874529838562011719e+00
8.919454574584960938e+00
8.889459609985351562e+00
8.935012817382812500e+00
8.766495704650878906e+00
9.004458427429199219e+00
8.853007316589355469e+00
8.853350639343261719e+00
9.023105621337890625e+00
9.003877639770507812e+00
8.890524864196777344e+00
8.826233863830566406e+00
8.899915695190429688e+00
8.842182159423828125e+00
8.595675468444824219e+00
8.999369621276855469e+00
8.943492889404296875e+00
9.125820159912109375e+00
8.816384315490722656e+00
8.735614776611328125e+00
8.938470840454101562e+00
8.634484291076660156e+00
8.949385643005371094e+00
8.843979835510253906e+00
8.962637901306152344e+00
9.020438194274902344e+00
8.691742897033691406e+00
9.058825492858886719e+00
8.770504951477050781e+00
9.100234031677246094e+00
8.936810493469238281e+00
8.901386260986328125e+00
9.105504035949707031e+00
8.928303718566894531e+00
9.053098678588867188e+00
8.364691734313964844e+00
8.733141899108886719e+00
8.915545463562011719e+00
8.910255432128906250e+00
9.022263526916503906e+00
8.936308860778808594e+00
9.170983314514160156e+00
8.827355384826660156e+00
8.940375328063964844e+00
8.995013236999511719e+00
9.191790580749511719e+00
8.899641036987304688e+00
8.841559410095214844e+00
8.871026039123535156e+00
8.943384170532226562e+00
9.240101814270019531e+00
8.975612640380859375e+00
9.047649383544921875e+00
9.028068542480468750e+00
8.883855819702148438e+00
9.066860198974609375e+00
9.059623718261718750e+00
8.940334320068359375e+00
8.890583992004394531e+00
8.943184852600097656e+00
8.991571426391601562e+00
8.603887557983398438e+00
8.947950363159179688e+00
9.076850891113281250e+00
8.845312118530273438e+00
8.922377586364746094e+00
9.012040138244628906e+00
9.110434532165527344e+00
8.624236106872558594e+00
9.033321380615234375e+00
8.836014747619628906e+00
9.096739768981933594e+00
8.811486244201660156e+00
8.792082786560058594e+00
8.861269950866699219e+00
8.754732131958007812e+00
8.937795639038085938e+00
8.952327728271484375e+00
8.922490119934082031e+00
8.812482833862304688e+00
8.781817436218261719e+00
8.879126548767089844e+00
8.827516555786132812e+00
8.901818275451660156e+00
8.863544464111328125e+00
8.935698509216308594e+00
8.782099723815917969e+00
8.995079040527343750e+00
9.032311439514160156e+00
8.955989837646484375e+00
8.459769248962402344e+00
8.838595390319824219e+00
8.968791007995605469e+00
8.849832534790039062e+00
8.877776145935058594e+00
8.784024238586425781e+00
8.923100471496582031e+00
8.970211982727050781e+00
8.917219161987304688e+00
8.422218322753906250e+00
8.723365783691406250e+00
8.917379379272460938e+00
9.017594337463378906e+00
9.001952171325683594e+00
8.961996078491210938e+00
9.088290214538574219e+00
8.921574592590332031e+00
9.071191787719726562e+00
8.948877334594726562e+00
8.929890632629394531e+00
8.692296981811523438e+00
8.758675575256347656e+00
8.661776542663574219e+00
8.885765075683593750e+00
9.015282630920410156e+00
8.978904724121093750e+00
8.729640960693359375e+00
8.976187705993652344e+00
8.654352188110351562e+00
8.889854431152343750e+00
9.059688568115234375e+00
8.927793502807617188e+00
8.820062637329101562e+00
8.888857841491699219e+00
8.924455642700195312e+00
8.990028381347656250e+00
8.850364685058593750e+00
8.815638542175292969e+00
8.864264488220214844e+00
9.057625770568847656e+00
8.976423263549804688e+00
9.049790382385253906e+00
8.958728790283203125e+00
9.264633178710937500e+00
8.906116485595703125e+00
8.917957305908203125e+00
9.071137428283691406e+00
9.018150329589843750e+00
9.070996284484863281e+00
8.958702087402343750e+00
8.934674263000488281e+00
8.833388328552246094e+00
8.940769195556640625e+00
8.943946838378906250e+00
9.165810585021972656e+00
8.871943473815917969e+00
8.604812622070312500e+00
9.012514114379882812e+00
8.885870933532714844e+00
8.961199760437011719e+00
9.012372970581054688e+00
9.055246353149414062e+00
9.089346885681152344e+00
8.849619865417480469e+00
8.689677238464355469e+00
8.978429794311523438e+00
8.819097518920898438e+00
9.005434989929199219e+00
8.789030075073242188e+00
9.053481101989746094e+00
8.666662216186523438e+00
8.971208572387695312e+00
9.194500923156738281e+00
8.923173904418945312e+00
9.105185508728027344e+00
9.014926910400390625e+00
8.965320587158203125e+00
9.071183204650878906e+00
8.853143692016601562e+00
9.136599540710449219e+00
9.018337249755859375e+00
8.842961311340332031e+00
8.999653816223144531e+00
9.009242057800292969e+00
8.996804237365722656e+00
8.761746406555175781e+00
9.050523757934570312e+00
8.630719184875488281e+00
8.768832206726074219e+00
8.911464691162109375e+00
8.310918807983398438e+00
8.874749183654785156e+00
9.032779693603515625e+00
9.100564956665039062e+00
8.806084632873535156e+00
8.692563056945800781e+00
9.039095878601074219e+00
9.033340454101562500e+00
8.922293663024902344e+00
8.866412162780761719e+00
8.857180595397949219e+00
9.046189308166503906e+00
9.103829383850097656e+00
8.935167312622070312e+00
8.669015884399414062e+00
8.980860710144042969e+00
9.131226539611816406e+00
9.087752342224121094e+00
8.697068214416503906e+00
8.879041671752929688e+00
8.669176101684570312e+00
8.592333793640136719e+00
9.039279937744140625e+00
9.054738998413085938e+00
8.832640647888183594e+00
8.987928390502929688e+00
8.855377197265625000e+00
9.088557243347167969e+00
8.825690269470214844e+00
8.806095123291015625e+00
9.162714958190917969e+00
8.938023567199707031e+00
8.808207511901855469e+00
8.775384902954101562e+00
8.962334632873535156e+00
8.717053413391113281e+00
8.927630424499511719e+00
9.086940765380859375e+00
8.773569107055664062e+00
8.855270385742187500e+00
9.041006088256835938e+00
9.117329597473144531e+00
8.877364158630371094e+00
8.752217292785644531e+00
8.767981529235839844e+00
8.900186538696289062e+00
8.879959106445312500e+00
8.960807800292968750e+00
8.266551017761230469e+00
9.000294685363769531e+00
8.921955108642578125e+00
8.908457756042480469e+00
8.942679405212402344e+00
8.833467483520507812e+00
8.815298080444335938e+00
8.930254936218261719e+00
9.045641899108886719e+00
8.968622207641601562e+00
9.102525711059570312e+00
9.122254371643066406e+00
8.572284698486328125e+00
8.862549781799316406e+00
8.845157623291015625e+00
8.972256660461425781e+00
8.848566055297851562e+00
8.730601310729980469e+00
8.960716247558593750e+00
8.875527381896972656e+00
8.874434471130371094e+00
8.803072929382324219e+00
8.908135414123535156e+00
8.975525856018066406e+00
8.885720252990722656e+00
8.707485198974609375e+00
8.990375518798828125e+00
8.922458648681640625e+00
8.920093536376953125e+00
8.848299026489257812e+00
8.937675476074218750e+00
8.839198112487792969e+00
8.664629936218261719e+00
8.991606712341308594e+00
8.816345214843750000e+00
8.865378379821777344e+00
8.720209121704101562e+00
8.920468330383300781e+00
8.871981620788574219e+00
8.753587722778320312e+00
8.941533088684082031e+00
8.756166458129882812e+00
8.980662345886230469e+00
8.849758148193359375e+00
8.909724235534667969e+00
8.920269966125488281e+00
8.985240936279296875e+00
8.976522445678710938e+00
