3.291245937347412109e+00
3.079587221145629883e+00
2.889813661575317383e+00
2.918560266494750977e+00
3.065228462219238281e+00
2.625568866729736328e+00
2.462016582489013672e+00
2.714947462081909180e+00
2.847116708755493164e+00
2.774664402008056641e+00
2.531989097595214844e+00
2.732686996459960938e+00
3.765910625457763672e+00
2.938514947891235352e+00
2.439967393875122070e+00
2.505473613739013672e+00
2.450615882873535156e+00
2.622848272323608398e+00
2.722740650177001953e+00
2.934588670730590820e+00
2.967075347900390625e+00
4.091888427734375000e+00
2.849350929260253906e+00
3.084128856658935547e+00
2.500735521316528320e+00
2.397412538528442383e+00
3.073970794677734375e+00
2.692101001739501953e+00
2.691849231719970703e+00
3.037852287292480469e+00
3.621616363525390625e+00
5.105656147003173828e+00
2.879858732223510742e+00
3.581213712692260742e+00
3.077124357223510742e+00
3.134767770767211914e+00
2.684566497802734375e+00
3.715063333511352539e+00
3.063444137573242188e+00
2.783597946166992188e+00
2.665244579315185547e+00
3.048037528991699219e+00
2.723464727401733398e+00
4.106955051422119141e+00
2.725246906280517578e+00
2.625465154647827148e+00
2.522422552108764648e+00
3.035690784454345703e+00
2.532503128051757812e+00
2.263973951339721680e+00
2.967110872268676758e+00
3.083837747573852539e+00
3.063043355941772461e+00
2.457808017730712891e+00
2.604580879211425781e+00
2.579029798507690430e+00
2.873441934585571289e+00
2.755654335021972656e+00
3.402479410171508789e+00
2.660594701766967773e+00
2.404905796051025391e+00
2.406825304031372070e+00
3.031365871429443359e+00
2.974730253219604492e+00
2.512637615203857422e+00
2.571118593215942383e+00
2.552838563919067383e+00
2.824449539184570312e+00
2.618775129318237305e+00
2.569522619247436523e+00
3.058187484741210938e+00
3.341818332672119141e+00
2.884787797927856445e+00
2.754457950592041016e+00
2.472787141799926758e+00
2.856797695159912109e+00
2.390211820602416992e+00
2.923726797103881836e+00
2.821205377578735352e+00
2.803246259689331055e+00
3.115556240081787109e+00
2.404195308685302734e+00
2.589134693145751953e+00
2.888634681701660156e+00
3.081494569778442383e+00
2.844035625457763672e+00
3.273814439773559570e+00
2.444926977157592773e+00
2.773594856262207031e+00
2.644852399826049805e+00
3.260854244232177734e+00
2.745980501174926758e+00
2.599478483200073242e+00
2.862249612808227539e+00
2.807497978210449219e+00
2.857390880584716797e+00
2.785032272338867188e+00
2.544211626052856445e+00
2.609251737594604492e+00
2.859628200531005859e+00
2.549648761749267578e+00
3.563802242279052734e+00
2.792616844177246094e+00
2.659293174743652344e+00
2.784687519073486328e+00
2.357131481170654297e+00
2.954759597778320312e+00
2.598782300949096680e+00
2.772056818008422852e+00
3.240843296051025391e+00
2.705435514450073242e+00
2.571546554565429688e+00
2.970972299575805664e+00
2.545782327651977539e+00
4.394253730773925781e+00
2.557047843933105469e+00
2.645015478134155273e+00
2.951451301574707031e+00
2.935324907302856445e+00
2.974384546279907227e+00
2.557832241058349609e+00
2.660818099975585938e+00
3.007517337799072266e+00
2.770941019058227539e+00
2.746266365051269531e+00
2.375998497009277344e+00
2.960909605026245117e+00
2.926766872406005859e+00
2.695722818374633789e+00
2.662259340286254883e+00
2.641366243362426758e+00
2.742832899093627930e+00
2.908316850662231445e+00
2.401881933212280273e+00
4.328903675079345703e+00
2.640225648880004883e+00
2.687175273895263672e+00
3.247413158416748047e+00
3.115588188171386719e+00
3.377153635025024414e+00
2.842000007629394531e+00
2.823668956756591797e+00
3.316156625747680664e+00
2.834195137023925781e+00
2.707038640975952148e+00
2.538972139358520508e+00
2.627222776412963867e+00
3.214826583862304688e+00
3.697537899017333984e+00
3.414889335632324219e+00
6.118775367736816406e+00
3.219165086746215820e+00
2.932061910629272461e+00
2.876357078552246094e+00
2.700875997543334961e+00
2.856131315231323242e+00
2.912734508514404297e+00
3.796515464782714844e+00
3.137051582336425781e+00
2.714237451553344727e+00
2.898519754409790039e+00
2.969313144683837891e+00
4.341711044311523438e+00
2.808809757232666016e+00
3.125510931015014648e+00
2.765920162200927734e+00
2.673205137252807617e+00
2.824289321899414062e+00
3.059765815734863281e+00
3.019625902175903320e+00
3.092481613159179688e+00
3.278215169906616211e+00
2.811232805252075195e+00
2.646600246429443359e+00
2.447436809539794922e+00
2.982514619827270508e+00
2.422791957855224609e+00
2.930791378021240234e+00
2.515647411346435547e+00
2.461470603942871094e+00
2.798476696014404297e+00
2.606389999389648438e+00
3.261183261871337891e+00
2.916530609130859375e+00
2.499594688415527344e+00
3.020920515060424805e+00
2.652916193008422852e+00
2.476908922195434570e+00
2.626318454742431641e+00
2.610850095748901367e+00
2.709548473358154297e+00
2.659016609191894531e+00
2.356606483459472656e+00
3.494442462921142578e+00
2.696822643280029297e+00
2.646784543991088867e+00
2.965678453445434570e+00
3.308634996414184570e+00
2.741997003555297852e+00
2.626795053482055664e+00
2.723928451538085938e+00
2.849438428878784180e+00
2.633225679397583008e+00
3.013247013092041016e+00
3.171017885208129883e+00
2.715241193771362305e+00
2.666288375854492188e+00
2.597299098968505859e+00
2.582973480224609375e+00
3.041522264480590820e+00
3.703740358352661133e+00
2.748862028121948242e+00
2.901530504226684570e+00
2.576052904129028320e+00
2.815407991409301758e+00
2.678574085235595703e+00
2.650680065155029297e+00
2.660380363464355469e+00
2.756344079971313477e+00
3.350374221801757812e+00
4.044619560241699219e+00
3.394457817077636719e+00
2.705099821090698242e+00
2.858456611633300781e+00
4.352481365203857422e+00
2.746319532394409180e+00
2.667789220809936523e+00
2.777631998062133789e+00
3.051599025726318359e+00
3.320623397827148438e+00
2.571520090103149414e+00
2.692997455596923828e+00
2.456942319869995117e+00
2.532496213912963867e+00
2.994987964630126953e+00
2.683048486709594727e+00
2.959661245346069336e+00
2.860427856445312500e+00
2.947120428085327148e+00
2.850538969039916992e+00
2.543577671051025391e+00
3.024988651275634766e+00
2.877741575241088867e+00
2.472114801406860352e+00
2.740247964859008789e+00
5.958359241485595703e+00
2.884866714477539062e+00
3.330929756164550781e+00
2.666278600692749023e+00
2.678493976593017578e+00
2.644126892089843750e+00
3.372250795364379883e+00
2.865086555480957031e+00
3.052690744400024414e+00
2.850209474563598633e+00
2.637853860855102539e+00
3.009820222854614258e+00
2.713880300521850586e+00
2.773347616195678711e+00
2.892122983932495117e+00
2.709538459777832031e+00
2.767418384552001953e+00
3.286584854125976562e+00
3.067344188690185547e+00
2.332430601119995117e+00
2.863876104354858398e+00
2.535720348358154297e+00
2.683269500732421875e+00
2.688604831695556641e+00
3.293588638305664062e+00
2.729117155075073242e+00
2.903338432312011719e+00
2.815617084503173828e+00
4.838581085205078125e+00
2.895575523376464844e+00
2.490983724594116211e+00
2.663828134536743164e+00
4.409125328063964844e+00
2.902767181396484375e+00
2.983048439025878906e+00
2.806716918945312500e+00
2.737660884857177734e+00
2.568050861358642578e+00
2.873980045318603516e+00
2.426066637039184570e+00
3.198997020721435547e+00
3.421532630920410156e+00
2.607911825180053711e+00
2.704508781433105469e+00
2.555542230606079102e+00
3.221513986587524414e+00
2.706286668777465820e+00
2.638823747634887695e+00
2.695479631423950195e+00
3.107060670852661133e+00
2.609641313552856445e+00
2.854782819747924805e+00
2.577460765838623047e+00
2.904376745223999023e+00
2.475090026855468750e+00
2.551182746887207031e+00
2.703207969665527344e+00
3.078024864196777344e+00
2.984684944152832031e+00
2.729204893112182617e+00
2.665954351425170898e+00
2.668252468109130859e+00
2.605498790740966797e+00
2.344040155410766602e+00
3.024478197097778320e+00
2.379542589187622070e+00
3.044518709182739258e+00
4.602835655212402344e+00
3.756091117858886719e+00
2.733780145645141602e+00
3.431282758712768555e+00
3.079501152038574219e+00
2.702844619750976562e+00
2.696575403213500977e+00
2.376996755599975586e+00
2.794077157974243164e+00
3.057117938995361328e+00
2.774066448211669922e+00
2.816844224929809570e+00
2.405404329299926758e+00
2.817781925201416016e+00
2.461164474487304688e+00
2.875436544418334961e+00
2.855872392654418945e+00
2.961009263992309570e+00
2.740626335144042969e+00
2.581918001174926758e+00
2.453233480453491211e+00
3.107412099838256836e+00
2.705833435058593750e+00
2.504676818847656250e+00
2.599818706512451172e+00
2.519792079925537109e+00
2.763552188873291016e+00
2.680508852005004883e+00
2.963772535324096680e+00
2.691289663314819336e+00
2.916517019271850586e+00
2.820093631744384766e+00
2.731907844543457031e+00
2.887253522872924805e+00
2.745132446289062500e+00
2.669151544570922852e+00
2.600389957427978516e+00
2.708735227584838867e+00
2.877292394638061523e+00
2.562884092330932617e+00
2.749134540557861328e+00
2.759793281555175781e+00
2.911323547363281250e+00
2.398586988449096680e+00
4.014576435089111328e+00
2.867577075958251953e+00
2.494139194488525391e+00
2.501321792602539062e+00
2.771056175231933594e+00
2.995025396347045898e+00
2.635055541992187500e+00
2.753087997436523438e+00
2.536122798919677734e+00
2.778064489364624023e+00
2.930977344512939453e+00
2.795620679855346680e+00
2.446718931198120117e+00
2.674945592880249023e+00
2.713241100311279297e+00
2.749378681182861328e+00
3.964444160461425781e+00
3.330010175704956055e+00
3.319324254989624023e+00
2.578798294067382812e+00
2.936958312988281250e+00
2.738794326782226562e+00
2.754472494125366211e+00
2.691763162612915039e+00
3.076870203018188477e+00
2.487013101577758789e+00
2.935949325561523438e+00
2.512017250061035156e+00
2.353838443756103516e+00
2.826252460479736328e+00
2.959522724151611328e+00
2.695040702819824219e+00
2.585914134979248047e+00
2.529498577117919922e+00
3.143373727798461914e+00
2.721569299697875977e+00
2.773173093795776367e+00
2.634326934814453125e+00
2.587362289428710938e+00
2.698936223983764648e+00
2.699083089828491211e+00
2.858595609664916992e+00
2.899195432662963867e+00
2.443962097167968750e+00
2.517850399017333984e+00
2.543647289276123047e+00
3.705453872680664062e+00
3.432944774627685547e+00
2.542624235153198242e+00
2.831548213958740234e+00
2.600182533264160156e+00
3.478598833084106445e+00
2.418318748474121094e+00
2.529441118240356445e+00
2.913196086883544922e+00
2.352653741836547852e+00
2.607667207717895508e+00
2.647174358367919922e+00
2.915328979492187500e+00
3.215931653976440430e+00
2.793095111846923828e+00
2.972346067428588867e+00
3.007452249526977539e+00
2.918891191482543945e+00
2.480817556381225586e+00
2.638597249984741211e+00
2.987585306167602539e+00
3.109899997711181641e+00
2.490199089050292969e+00
2.334785938262939453e+00
2.550334930419921875e+00
2.582351446151733398e+00
2.416985988616943359e+00
2.469534873962402344e+00
2.640261173248291016e+00
2.846405029296875000e+00
2.361070156097412109e+00
3.153884649276733398e+00
3.846427917480468750e+00
2.887267589569091797e+00
3.045239686965942383e+00
2.775546789169311523e+00
2.547314882278442383e+00
2.740533828735351562e+00
2.712269306182861328e+00
2.814398765563964844e+00
2.462183475494384766e+00
2.390718460083007812e+00
2.406159400939941406e+00
2.661755084991455078e+00
2.330535411834716797e+00
2.414906263351440430e+00
2.624897003173828125e+00
5.408994674682617188e+00
2.478455781936645508e+00
3.705201148986816406e+00
2.463657379150390625e+00
2.734262466430664062e+00
2.214600086212158203e+00
2.152818679809570312e+00
2.398849725723266602e+00
2.442811250686645508e+00
2.556129455566406250e+00
2.350847721099853516e+00
2.274888277053833008e+00
2.156805992126464844e+00
2.913973569869995117e+00
2.437913894653320312e+00
2.803948879241943359e+00
2.431413173675537109e+00
2.758100271224975586e+00
2.508322477340698242e+00
2.889207363128662109e+00
2.607128381729125977e+00
2.341681003570556641e+00
2.080289125442504883e+00
2.169484376907348633e+00
2.350058317184448242e+00
2.336843490600585938e+00
2.940150499343872070e+00
2.279107093811035156e+00
2.751168966293334961e+00
2.427032947540283203e+00
2.200795412063598633e+00
1.937406897544860840e+00
2.183568954467773438e+00
2.247793674468994141e+00
2.403252840042114258e+00
2.172764301300048828e+00
2.114308357238769531e+00
2.553735494613647461e+00
2.417983055114746094e+00
2.131131649017333984e+00
3.479102849960327148e+00
2.113653182983398438e+00
2.316246032714843750e+00
2.147812843322753906e+00
2.799653768539428711e+00
2.133942604064941406e+00
2.503255844116210938e+00
2.290958642959594727e+00
2.552995204925537109e+00
2.300976037979125977e+00
2.034265041351318359e+00
1.961795568466186523e+00
2.074761629104614258e+00
2.201883316040039062e+00
2.016604900360107422e+00
2.736246824264526367e+00
1.872074604034423828e+00
2.015249013900756836e+00
2.564082145690917969e+00
2.047519922256469727e+00
2.012340307235717773e+00
2.197464942932128906e+00
2.414681673049926758e+00
2.103877782821655273e+00
1.942303180694580078e+00
1.800888180732727051e+00
2.390692710876464844e+00
2.103769063949584961e+00
2.013384103775024414e+00
2.367384433746337891e+00
2.069813251495361328e+00
2.298860788345336914e+00
3.116976022720336914e+00
1.983965039253234863e+00
2.145236253738403320e+00
2.448689937591552734e+00
2.367148637771606445e+00
2.024404048919677734e+00
2.378443002700805664e+00
2.072662115097045898e+00
2.523148536682128906e+00
2.419667482376098633e+00
2.057664155960083008e+00
2.095360040664672852e+00
2.006392002105712891e+00
2.141866922378540039e+00
1.968396425247192383e+00
1.911640167236328125e+00
2.090132474899291992e+00
1.941827058792114258e+00
1.838025093078613281e+00
1.964871525764465332e+00
2.277272224426269531e+00
2.156364202499389648e+00
2.146016597747802734e+00
1.992376446723937988e+00
2.277115345001220703e+00
2.299622058868408203e+00
3.011729478836059570e+00
2.003654956817626953e+00
1.822120428085327148e+00
2.092190742492675781e+00
1.932949066162109375e+00
1.869885444641113281e+00
1.923073649406433105e+00
1.919025182723999023e+00
1.922274708747863770e+00
1.738041996955871582e+00
1.764987707138061523e+00
1.960777282714843750e+00
2.405452251434326172e+00
2.107532739639282227e+00
1.870830178260803223e+00
2.513824701309204102e+00
1.789136171340942383e+00
1.776383519172668457e+00
2.008865833282470703e+00
1.835591673851013184e+00
2.199485063552856445e+00
1.804321408271789551e+00
1.811006665229797363e+00
2.316938638687133789e+00
1.825620293617248535e+00
1.985864162445068359e+00
1.871662735939025879e+00
2.016641139984130859e+00
1.832059741020202637e+00
1.874914407730102539e+00
1.776560664176940918e+00
2.338366270065307617e+00
2.033941745758056641e+00
1.867835998535156250e+00
1.788342356681823730e+00
1.939072847366333008e+00
1.721560716629028320e+00
2.297884941101074219e+00
1.829038262367248535e+00
1.898781538009643555e+00
1.829562544822692871e+00
1.722743034362792969e+00
2.135666131973266602e+00
1.850999951362609863e+00
1.820401549339294434e+00
1.757095575332641602e+00
1.759337663650512695e+00
1.737878918647766113e+00
1.747791647911071777e+00
2.433989286422729492e+00
1.929216623306274414e+00
1.862319707870483398e+00
1.899924874305725098e+00
1.823503851890563965e+00
1.681909441947937012e+00
1.884300470352172852e+00
2.088908195495605469e+00
2.112606048583984375e+00
1.895972013473510742e+00
1.794207811355590820e+00
2.014068365097045898e+00
1.705901980400085449e+00
1.704212188720703125e+00
1.904079794883728027e+00
1.719696879386901855e+00
1.854089975357055664e+00
1.794668197631835938e+00
1.713979005813598633e+00
1.734280347824096680e+00
1.716977238655090332e+00
1.910785913467407227e+00
1.935529470443725586e+00
1.694644331932067871e+00
1.999686002731323242e+00
1.879455208778381348e+00
1.773814201354980469e+00
1.876672148704528809e+00
1.723149180412292480e+00
2.100123643875122070e+00
2.679996490478515625e+00
1.926828503608703613e+00
1.848288893699645996e+00
1.997887611389160156e+00
1.918621063232421875e+00
1.820748209953308105e+00
1.993622899055480957e+00
1.750050306320190430e+00
2.336177349090576172e+00
2.538357973098754883e+00
2.283959150314331055e+00
1.899858355522155762e+00
1.784840464591979980e+00
1.766641259193420410e+00
1.850732922554016113e+00
1.887523293495178223e+00
1.659377098083496094e+00
1.759822249412536621e+00
1.737678289413452148e+00
1.991106629371643066e+00
1.825184464454650879e+00
1.766531229019165039e+00
1.684053182601928711e+00
1.681689143180847168e+00
1.782128453254699707e+00
2.128333806991577148e+00
1.771912455558776855e+00
1.746077537536621094e+00
1.878689169883728027e+00
1.817916989326477051e+00
1.725922465324401855e+00
1.677949428558349609e+00
1.935945510864257812e+00
1.880992054939270020e+00
1.709816932678222656e+00
1.642665028572082520e+00
1.754597187042236328e+00
1.865880250930786133e+00
1.727239966392517090e+00
1.843259215354919434e+00
1.745559334754943848e+00
1.794313788414001465e+00
1.943008303642272949e+00
1.884389996528625488e+00
1.810379385948181152e+00
1.850827455520629883e+00
1.779040932655334473e+00
2.156311750411987305e+00
1.819059252738952637e+00
1.914053082466125488e+00
1.836579918861389160e+00
1.933724045753479004e+00
1.723197340965270996e+00
1.945007324218750000e+00
2.088106632232666016e+00
1.601063609123229980e+00
2.085183858871459961e+00
1.843009710311889648e+00
1.802189111709594727e+00
2.296654462814331055e+00
1.603666782379150391e+00
1.712444186210632324e+00
1.755350947380065918e+00
1.683418154716491699e+00
1.654137015342712402e+00
1.685442090034484863e+00
1.801388144493103027e+00
2.113863468170166016e+00
1.697480082511901855e+00
1.732991576194763184e+00
1.710432171821594238e+00
2.092258930206298828e+00
1.698075771331787109e+00
1.965376138687133789e+00
1.547723531723022461e+00
1.640475153923034668e+00
1.815261363983154297e+00
1.714261293411254883e+00
1.874409556388854980e+00
1.841032385826110840e+00
1.726788163185119629e+00
1.889727711677551270e+00
1.572430372238159180e+00
1.804516911506652832e+00
1.820196628570556641e+00
1.710000872611999512e+00
1.672346353530883789e+00
1.665941596031188965e+00
1.902589917182922363e+00
1.805108666419982910e+00
1.821777343750000000e+00
1.474478125572204590e+00
1.744034528732299805e+00
1.612532019615173340e+00
1.736461400985717773e+00
1.803553462028503418e+00
1.933912873268127441e+00
1.838869810104370117e+00
1.656458497047424316e+00
1.648723840713500977e+00
1.611614465713500977e+00
1.745861411094665527e+00
1.686369538307189941e+00
1.867492318153381348e+00
1.921157836914062500e+00
1.632853269577026367e+00
1.900898337364196777e+00
1.716716766357421875e+00
1.746648430824279785e+00
1.607742547988891602e+00
1.707928299903869629e+00
1.525562405586242676e+00
1.630340337753295898e+00
1.652029395103454590e+00
1.900737404823303223e+00
2.051173448562622070e+00
1.595632433891296387e+00
2.050254106521606445e+00
1.637121438980102539e+00
1.797411322593688965e+00
1.664581060409545898e+00
1.997186899185180664e+00
1.810997247695922852e+00
2.418437719345092773e+00
1.611700177192687988e+00
1.743614077568054199e+00
1.770838856697082520e+00
1.751068472862243652e+00
1.697142958641052246e+00
1.690004229545593262e+00
1.960062503814697266e+00
2.152823448181152344e+00
1.862010121345520020e+00
1.518388867378234863e+00
1.729026913642883301e+00
1.663533568382263184e+00
1.907085180282592773e+00
1.695353627204895020e+00
1.794360637664794922e+00
1.675894856452941895e+00
1.999425411224365234e+00
1.608168721199035645e+00
1.688681006431579590e+00
1.762903809547424316e+00
1.566981673240661621e+00
1.701902031898498535e+00
1.751952528953552246e+00
1.544545173645019531e+00
2.080122232437133789e+00
1.748686552047729492e+00
1.659963846206665039e+00
1.701045274734497070e+00
1.822016954421997070e+00
1.794359087944030762e+00
1.860118389129638672e+00
1.535624623298645020e+00
1.606812477111816406e+00
1.660839200019836426e+00
1.785509705543518066e+00
1.606348872184753418e+00
1.569448232650756836e+00
2.311750888824462891e+00
1.639302492141723633e+00
1.767645001411437988e+00
1.673708796501159668e+00
1.786772251129150391e+00
1.724043846130371094e+00
1.676233649253845215e+00
1.682387471199035645e+00
1.715341687202453613e+00
1.723004341125488281e+00
1.892180919647216797e+00
2.111444950103759766e+00
1.694119453430175781e+00
1.784427165985107422e+00
1.836433410644531250e+00
1.601019740104675293e+00
1.767856001853942871e+00
1.577132821083068848e+00
2.020032644271850586e+00
1.598913431167602539e+00
1.532933712005615234e+00
2.024909019470214844e+00
1.870364069938659668e+00
1.949483633041381836e+00
1.685201406478881836e+00
1.707900643348693848e+00
2.062391042709350586e+00
2.034031391143798828e+00
1.865030288696289062e+00
1.595251083374023438e+00
1.679012417793273926e+00
1.970582723617553711e+00
1.775703310966491699e+00
1.570905804634094238e+00
1.802658319473266602e+00
2.172830343246459961e+00
1.613162517547607422e+00
1.629995107650756836e+00
1.695909380912780762e+00
1.739927172660827637e+00
1.747419118881225586e+00
1.725022792816162109e+00
1.606733560562133789e+00
1.630055665969848633e+00
1.572069287300109863e+00
1.662812232971191406e+00
1.557682991027832031e+00
1.672935843467712402e+00
1.880525708198547363e+00
1.847481131553649902e+00
1.769684672355651855e+00
1.626269817352294922e+00
1.824686527252197266e+00
1.728419184684753418e+00
1.631417751312255859e+00
1.563279628753662109e+00
1.641291737556457520e+00
1.716803908348083496e+00
1.854686141014099121e+00
1.614845633506774902e+00
1.504038453102111816e+00
1.665194749832153320e+00
1.918832659721374512e+00
1.736921668052673340e+00
1.655746102333068848e+00
1.795366168022155762e+00
1.739380359649658203e+00
1.663811087608337402e+00
1.626880526542663574e+00
1.914572000503540039e+00
1.554057717323303223e+00
1.560291528701782227e+00
1.658551931381225586e+00
1.628125786781311035e+00
1.637838959693908691e+00
1.652844309806823730e+00
1.617795467376708984e+00
1.519778847694396973e+00
2.136461734771728516e+00
1.564804315567016602e+00
1.950835227966308594e+00
1.821749806404113770e+00
1.867025017738342285e+00
1.520359039306640625e+00
1.858504056930541992e+00
1.958563685417175293e+00
1.865835070610046387e+00
1.774614810943603516e+00
1.561514377593994141e+00
1.803229689598083496e+00
1.553100943565368652e+00
1.899698495864868164e+00
1.712438941001892090e+00
1.596776008605957031e+00
2.544313669204711914e+00
1.815148472785949707e+00
1.825260400772094727e+00
1.762097716331481934e+00
1.804931163787841797e+00
1.744941473007202148e+00
1.639861941337585449e+00
1.663270115852355957e+00
1.659083724021911621e+00
1.754978299140930176e+00
1.893604993820190430e+00
1.848549842834472656e+00
2.040808916091918945e+00
1.751616477966308594e+00
1.707994461059570312e+00
1.591809034347534180e+00
1.808486819267272949e+00
1.577826499938964844e+00
1.737229824066162109e+00
1.690488815307617188e+00
1.860651731491088867e+00
1.628470301628112793e+00
1.737321734428405762e+00
1.620177745819091797e+00
1.600320696830749512e+00
1.792665362358093262e+00
1.647480487823486328e+00
1.905113697052001953e+00
1.643136382102966309e+00
1.674532532691955566e+00
1.674858808517456055e+00
1.761547088623046875e+00
1.903350710868835449e+00
2.966699361801147461e+00
1.709520101547241211e+00
1.900673389434814453e+00
1.610028624534606934e+00
1.695774197578430176e+00
1.712164759635925293e+00
1.480000257492065430e+00
1.769078373908996582e+00
2.333689451217651367e+00
1.810835838317871094e+00
1.586660265922546387e+00
1.730258226394653320e+00
1.662002801895141602e+00
1.598119735717773438e+00
1.789322853088378906e+00
1.818942189216613770e+00
1.827801823616027832e+00
1.763169646263122559e+00
1.653874278068542480e+00
1.753121137619018555e+00
1.797384500503540039e+00
1.568309307098388672e+00
1.639917135238647461e+00
1.598608255386352539e+00
1.614670991897583008e+00
1.672568082809448242e+00
1.432950377464294434e+00
1.734650611877441406e+00
1.713697791099548340e+00
2.251436233520507812e+00
1.843669414520263672e+00
1.511226296424865723e+00
1.673388957977294922e+00
1.620942592620849609e+00
1.752765297889709473e+00
1.675638556480407715e+00
1.597279071807861328e+00
1.822842359542846680e+00
1.633555889129638672e+00
1.591511368751525879e+00
1.646889328956604004e+00
1.773042440414428711e+00
1.844746351242065430e+00
1.648179411888122559e+00
1.616767525672912598e+00
1.594223380088806152e+00
1.709045529365539551e+00
1.837151646614074707e+00
1.805391788482666016e+00
1.639648795127868652e+00
1.660794258117675781e+00
1.611859798431396484e+00
1.531046271324157715e+00
1.501564741134643555e+00
1.599378347396850586e+00
1.655494689941406250e+00
1.677523016929626465e+00
1.905438303947448730e+00
1.495839476585388184e+00
1.814864754676818848e+00
1.674850225448608398e+00
1.665336608886718750e+00
1.785995960235595703e+00
1.545680761337280273e+00
1.803651332855224609e+00
1.501382350921630859e+00
1.817596554756164551e+00
1.608236670494079590e+00
1.860488891601562500e+00
1.626627564430236816e+00
1.810505151748657227e+00
1.903650879859924316e+00
1.618253469467163086e+00
1.723647356033325195e+00
1.832434654235839844e+00
1.704777598381042480e+00
1.687600016593933105e+00
1.569485068321228027e+00
1.666505575180053711e+00
1.609587907791137695e+00
1.508334636688232422e+00
1.704397797584533691e+00
1.741446495056152344e+00
1.710294961929321289e+00
1.878383278846740723e+00
1.952027916908264160e+00
1.850989937782287598e+00
1.665894389152526855e+00
1.595417380332946777e+00
1.670709133148193359e+00
2.027596235275268555e+00
1.579079627990722656e+00
1.735112428665161133e+00
1.727937579154968262e+00
1.536202907562255859e+00
1.757245063781738281e+00
1.579847812652587891e+00
1.574592947959899902e+00
1.628316521644592285e+00
1.683166623115539551e+00
1.714189291000366211e+00
1.702087998390197754e+00
1.694769382476806641e+00
1.765098929405212402e+00
1.595617771148681641e+00
1.588902592658996582e+00
1.742023110389709473e+00
1.594478607177734375e+00
1.648154973983764648e+00
1.646649599075317383e+00
1.607806086540222168e+00
1.743748903274536133e+00
1.732132315635681152e+00
1.605572462081909180e+00
1.576270818710327148e+00
1.696049809455871582e+00
1.600171446800231934e+00
1.657871365547180176e+00
1.528600573539733887e+00
1.789545297622680664e+00
1.645446538925170898e+00
1.731516480445861816e+00
1.686282038688659668e+00
1.784835815429687500e+00
1.637786269187927246e+00
1.707459330558776855e+00
1.729550480842590332e+00
2.096687078475952148e+00
1.781835198402404785e+00
1.600429654121398926e+00
1.604109168052673340e+00
1.700112104415893555e+00
1.632755160331726074e+00
1.747583985328674316e+00
1.880445361137390137e+00
1.610017418861389160e+00
1.602611541748046875e+00
1.613602638244628906e+00
1.889937520027160645e+00
1.563984632492065430e+00
1.661628127098083496e+00
1.668116331100463867e+00
1.721418857574462891e+00
1.791039943695068359e+00
1.519961118698120117e+00
1.547831892967224121e+00
2.273823261260986328e+00
1.621319293975830078e+00
1.710008382797241211e+00
1.628581285476684570e+00
1.668829083442687988e+00
1.716753482818603516e+00
1.667764782905578613e+00
1.709504961967468262e+00
1.589766502380371094e+00
1.696244001388549805e+00
1.603222966194152832e+00
1.729416608810424805e+00
1.655499458312988281e+00
1.651711821556091309e+00
1.755899190902709961e+00
1.689264893531799316e+00
1.583461761474609375e+00
1.571787714958190918e+00
1.564790010452270508e+00
1.836418867111206055e+00
1.741765141487121582e+00
1.745782256126403809e+00
1.673543810844421387e+00
1.530552864074707031e+00
1.624480366706848145e+00
1.705566167831420898e+00
1.689539432525634766e+00
2.161483526229858398e+00
1.693231582641601562e+00
1.631164789199829102e+00
1.694761395454406738e+00
1.844835758209228516e+00
1.713909149169921875e+00
2.008626222610473633e+00
1.842471480369567871e+00
1.643696665763854980e+00
1.653467297554016113e+00
1.783197999000549316e+00
1.604404687881469727e+00
1.707333922386169434e+00
2.176975488662719727e+00
1.805567264556884766e+00
1.626767873764038086e+00
1.639441847801208496e+00
1.658578753471374512e+00
1.640949130058288574e+00
1.727824330329895020e+00
1.884966731071472168e+00
1.663987874984741211e+00
1.611161470413208008e+00
1.602741599082946777e+00
1.644435286521911621e+00
1.682892799377441406e+00
1.758627176284790039e+00
1.677183508872985840e+00
1.540516257286071777e+00
1.570005297660827637e+00
1.710562944412231445e+00
1.642179965972900391e+00
1.711635231971740723e+00
1.785847783088684082e+00
1.693791389465332031e+00
1.875328779220581055e+00
1.685508012771606445e+00
1.723752737045288086e+00
1.626263141632080078e+00
1.706017255783081055e+00
1.677986502647399902e+00
1.714365363121032715e+00
1.668068766593933105e+00
1.628577947616577148e+00
1.743446230888366699e+00
1.811771392822265625e+00
1.663882851600646973e+00
1.761395692825317383e+00
1.658021092414855957e+00
1.653735995292663574e+00
1.611985564231872559e+00
1.735814809799194336e+00
1.591749668121337891e+00
1.560951471328735352e+00
1.538929462432861328e+00
1.602771639823913574e+00
1.524528622627258301e+00
1.746332406997680664e+00
1.699472188949584961e+00
1.564626812934875488e+00
1.582673907279968262e+00
1.603327989578247070e+00
1.724092602729797363e+00
1.670278191566467285e+00
1.646585702896118164e+00
1.635971188545227051e+00
1.654729723930358887e+00
1.904605746269226074e+00
1.631181240081787109e+00
1.467752814292907715e+00
1.824517250061035156e+00
1.617799401283264160e+00
1.913725018501281738e+00
1.497293949127197266e+00
1.677407979965209961e+00
1.759242534637451172e+00
1.520602107048034668e+00
1.747879624366760254e+00
1.578565239906311035e+00
1.703823804855346680e+00
1.702320575714111328e+00
1.569337487220764160e+00
1.618069052696228027e+00
1.693879127502441406e+00
1.781091213226318359e+00
1.648069620132446289e+00
1.649356484413146973e+00
1.486589074134826660e+00
1.586798429489135742e+00
1.778392314910888672e+00
1.581190228462219238e+00
1.653879046440124512e+00
1.612521171569824219e+00
1.682701826095581055e+00
1.681189179420471191e+00
2.213575601577758789e+00
1.545199632644653320e+00
1.776930212974548340e+00
1.693178534507751465e+00
1.813647747039794922e+00
1.631085991859436035e+00
1.663262367248535156e+00
1.697086215019226074e+00
1.567271828651428223e+00
1.694212079048156738e+00
1.513095021247863770e+00
1.595814108848571777e+00
1.768359661102294922e+00
1.632127642631530762e+00
1.761890172958374023e+00
1.616560935974121094e+00
1.636050462722778320e+00
2.151675462722778320e+00
1.542730212211608887e+00
1.907997250556945801e+00
1.642865180969238281e+00
1.535236716270446777e+00
1.600421547889709473e+00
1.858271241188049316e+00
1.664190888404846191e+00
1.616393089294433594e+00
1.574496865272521973e+00
1.437958598136901855e+00
1.555571675300598145e+00
1.711904644966125488e+00
1.519886374473571777e+00
1.557416081428527832e+00
1.909260988235473633e+00
1.654587149620056152e+00
1.547315001487731934e+00
1.772955894470214844e+00
1.659721970558166504e+00
1.751078248023986816e+00
1.653353691101074219e+00
1.698191046714782715e+00
1.856250524520874023e+00
1.527427911758422852e+00
1.589826107025146484e+00
1.523789405822753906e+00
1.771037340164184570e+00
1.523877978324890137e+00
1.568720102310180664e+00
1.602538824081420898e+00
1.650744557380676270e+00
1.655419349670410156e+00
1.519995450973510742e+00
1.614577889442443848e+00
1.595574021339416504e+00
1.644261598587036133e+00
1.557184696197509766e+00
1.658985853195190430e+00
1.493016481399536133e+00
1.918378233909606934e+00
1.611220955848693848e+00
1.773235321044921875e+00
1.737137913703918457e+00
1.943807005882263184e+00
1.682976484298706055e+00
1.718743443489074707e+00
1.822995781898498535e+00
1.692760229110717773e+00
1.557397484779357910e+00
1.797280192375183105e+00
1.828643441200256348e+00
1.749875783920288086e+00
1.607341289520263672e+00
1.594060540199279785e+00
1.639415740966796875e+00
1.676662802696228027e+00
1.721443295478820801e+00
1.756892681121826172e+00
1.811520814895629883e+00
1.532974958419799805e+00
1.662335276603698730e+00
1.757606744766235352e+00
1.695965647697448730e+00
1.620475292205810547e+00
1.760387182235717773e+00
1.665513634681701660e+00
1.526843786239624023e+00
1.656514167785644531e+00
1.573544859886169434e+00
1.589932560920715332e+00
1.678835153579711914e+00
1.641106128692626953e+00
1.729852557182312012e+00
1.532287478446960449e+00
1.656211376190185547e+00
1.558707356452941895e+00
1.613225817680358887e+00
1.575670599937438965e+00
1.671601772308349609e+00
1.643858432769775391e+00
1.785272717475891113e+00
1.682019948959350586e+00
1.828689217567443848e+00
1.784172892570495605e+00
1.579201459884643555e+00
1.644379258155822754e+00
1.720871090888977051e+00
1.617786884307861328e+00
1.622785329818725586e+00
1.706062793731689453e+00
1.644624233245849609e+00
1.543302893638610840e+00
1.652473926544189453e+00
1.628907442092895508e+00
1.670834898948669434e+00
1.622966647148132324e+00
1.987803936004638672e+00
1.725811719894409180e+00
1.638402342796325684e+00
1.717726469039916992e+00
1.695384025573730469e+00
1.703710556030273438e+00
1.856922388076782227e+00
1.633715987205505371e+00
2.163258075714111328e+00
1.735048770904541016e+00
1.791374087333679199e+00
1.726402282714843750e+00
1.668967247009277344e+00
1.612138867378234863e+00
1.688985109329223633e+00
1.699910044670104980e+00
1.472410321235656738e+00
1.680769920349121094e+00
1.566855311393737793e+00
1.864934325218200684e+00
1.642287850379943848e+00
1.627433180809020996e+00
1.692061185836791992e+00
1.720849275588989258e+00
1.767830848693847656e+00
1.680781483650207520e+00
1.569260716438293457e+00
1.790337562561035156e+00
1.773800253868103027e+00
1.623376727104187012e+00
1.781515836715698242e+00
1.904111623764038086e+00
1.475341916084289551e+00
1.590101242065429688e+00
1.631587266921997070e+00
1.634873747825622559e+00
1.643378853797912598e+00
1.537295937538146973e+00
1.653233528137207031e+00
1.713165760040283203e+00
1.677700042724609375e+00
1.745762228965759277e+00
1.593323469161987305e+00
1.743889451026916504e+00
1.841050982475280762e+00
1.761229276657104492e+00
1.615818738937377930e+00
1.745662927627563477e+00
1.949468970298767090e+00
1.589796423912048340e+00
1.903551816940307617e+00
1.773526668548583984e+00
1.651217341423034668e+00
1.748429656028747559e+00
1.676382303237915039e+00
1.794461607933044434e+00
1.785108208656311035e+00
1.834218502044677734e+00
1.613066911697387695e+00
1.726035356521606445e+00
1.642366290092468262e+00
1.592577815055847168e+00
1.608252525329589844e+00
1.613887190818786621e+00
1.757355570793151855e+00
1.636928319931030273e+00
1.740765690803527832e+00
1.656233191490173340e+00
1.714266777038574219e+00
1.592386126518249512e+00
1.669767022132873535e+00
1.568494319915771484e+00
1.548317909240722656e+00
1.635546445846557617e+00
1.575855255126953125e+00
1.633442997932434082e+00
1.627486348152160645e+00
1.572052121162414551e+00
1.685505151748657227e+00
1.572658896446228027e+00
1.964830756187438965e+00
1.614967346191406250e+00
1.600494384765625000e+00
1.686683893203735352e+00
1.733101963996887207e+00
1.531540513038635254e+00
1.706808686256408691e+00
1.818807005882263184e+00
1.664948701858520508e+00
1.747288465499877930e+00
1.805806994438171387e+00
1.950721502304077148e+00
1.582606434822082520e+00
1.626425981521606445e+00
2.523860454559326172e+00
1.881865262985229492e+00
1.660466074943542480e+00
1.474070668220520020e+00
1.849451780319213867e+00
1.672824144363403320e+00
1.704104661941528320e+00
1.671386361122131348e+00
1.667368054389953613e+00
1.603850245475769043e+00
1.777378320693969727e+00
1.643514513969421387e+00
1.814530730247497559e+00
1.708004951477050781e+00
1.622329831123352051e+00
1.655315041542053223e+00
1.691472887992858887e+00
1.617911815643310547e+00
1.516750693321228027e+00
1.585173487663269043e+00
1.594661951065063477e+00
1.743968129158020020e+00
1.606553196907043457e+00
1.452703237533569336e+00
1.693643450736999512e+00
1.737299084663391113e+00
1.522164821624755859e+00
1.632339358329772949e+00
1.647310376167297363e+00
1.646329283714294434e+00
1.700467348098754883e+00
1.823173165321350098e+00
1.741015911102294922e+00
1.697840929031372070e+00
1.718466877937316895e+00
1.625864148139953613e+00
1.600089550018310547e+00
1.561453700065612793e+00
1.493868470191955566e+00
1.672744750976562500e+00
1.588915467262268066e+00
1.629650831222534180e+00
1.579020619392395020e+00
1.650606274604797363e+00
1.686651945114135742e+00
1.800445318222045898e+00
1.789661407470703125e+00
1.655771970748901367e+00
1.922450542449951172e+00
1.625862240791320801e+00
1.589938282966613770e+00
1.526074886322021484e+00
1.634501099586486816e+00
1.808284878730773926e+00
1.708899259567260742e+00
1.869641780853271484e+00
1.492228269577026367e+00
1.716584324836730957e+00
1.797615766525268555e+00
1.722303748130798340e+00
1.532013893127441406e+00
1.601429820060729980e+00
1.577378630638122559e+00
1.807073593139648438e+00
1.575365304946899414e+00
1.701378464698791504e+00
1.664708614349365234e+00
1.629998922348022461e+00
1.866551280021667480e+00
1.715283513069152832e+00
1.718964695930480957e+00
1.550828456878662109e+00
1.771595597267150879e+00
1.639562249183654785e+00
1.758406519889831543e+00
1.772905468940734863e+00
1.598331212997436523e+00
1.599656224250793457e+00
1.617973208427429199e+00
1.750891089439392090e+00
2.156523704528808594e+00
1.670104265213012695e+00
1.474845170974731445e+00
1.647116780281066895e+00
1.999135494232177734e+00
1.529974460601806641e+00
2.020725488662719727e+00
1.757591128349304199e+00
1.578310132026672363e+00
1.767156481742858887e+00
1.643634200096130371e+00
1.487636804580688477e+00
1.655658960342407227e+00
1.765814304351806641e+00
2.039244174957275391e+00
1.976367831230163574e+00
1.727811098098754883e+00
1.963705301284790039e+00
1.700528383255004883e+00
1.676823019981384277e+00
1.687443137168884277e+00
1.621811866760253906e+00
1.531938672065734863e+00
1.768230319023132324e+00
1.633297920227050781e+00
1.593121170997619629e+00
1.659160614013671875e+00
1.770144343376159668e+00
1.583825945854187012e+00
1.587679982185363770e+00
1.631759762763977051e+00
1.645633339881896973e+00
1.694065213203430176e+00
1.784962296485900879e+00
1.709751605987548828e+00
1.922552585601806641e+00
1.588736295700073242e+00
1.675649881362915039e+00
1.571376681327819824e+00
1.635988593101501465e+00
1.913207650184631348e+00
1.705563545227050781e+00
1.560681700706481934e+00
1.649553298950195312e+00
1.616078495979309082e+00
1.635241031646728516e+00
1.695428848266601562e+00
1.508529901504516602e+00
1.688795924186706543e+00
1.643703103065490723e+00
1.775563597679138184e+00
1.607078909873962402e+00
2.319727420806884766e+00
1.556080818176269531e+00
1.790867209434509277e+00
1.675522565841674805e+00
1.556264400482177734e+00
1.693413496017456055e+00
1.502928137779235840e+00
1.710070133209228516e+00
1.561352849006652832e+00
1.674334764480590820e+00
1.809805870056152344e+00
1.623992681503295898e+00
1.734068274497985840e+00
1.815234303474426270e+00
1.586578607559204102e+00
1.675562381744384766e+00
1.752507686614990234e+00
1.865825295448303223e+00
1.602219223976135254e+00
2.187798023223876953e+00
1.799165010452270508e+00
1.622082710266113281e+00
1.721245646476745605e+00
1.567690372467041016e+00
1.728769659996032715e+00
1.723057270050048828e+00
1.608757972717285156e+00
1.598475217819213867e+00
1.685419440269470215e+00
1.509504199028015137e+00
1.759237885475158691e+00
1.693486928939819336e+00
1.873159170150756836e+00
1.637997031211853027e+00
1.599973440170288086e+00
1.662683367729187012e+00
1.838155984878540039e+00
1.624024629592895508e+00
1.566141724586486816e+00
1.659016370773315430e+00
1.586941838264465332e+00
1.548757910728454590e+00
1.473601341247558594e+00
1.903436660766601562e+00
1.713345289230346680e+00
1.742607116699218750e+00
1.527754187583923340e+00
1.672327876091003418e+00
1.623604774475097656e+00
1.738977074623107910e+00
1.709758758544921875e+00
1.639103651046752930e+00
1.681722760200500488e+00
1.833935618400573730e+00
1.690570592880249023e+00
1.677197575569152832e+00
1.706878900527954102e+00
1.659143567085266113e+00
1.713396668434143066e+00
1.687172412872314453e+00
1.871137976646423340e+00
1.589278578758239746e+00
1.657413601875305176e+00
1.880748748779296875e+00
1.825894832611083984e+00
1.663765072822570801e+00
1.625446677207946777e+00
1.649402141571044922e+00
1.845907092094421387e+00
1.622839331626892090e+00
1.647476434707641602e+00
1.561555862426757812e+00
1.636092901229858398e+00
1.631129264831542969e+00
1.608886599540710449e+00
1.789489150047302246e+00
1.602052569389343262e+00
1.800921678543090820e+00
1.690823674201965332e+00
1.641145348548889160e+00
1.560065031051635742e+00
1.635743141174316406e+00
1.898158788681030273e+00
1.765178084373474121e+00
1.510054707527160645e+00
1.841092824935913086e+00
1.734086394309997559e+00
1.753357768058776855e+00
1.662576556205749512e+00
1.767186641693115234e+00
1.956543445587158203e+00
1.543452143669128418e+00
1.617835998535156250e+00
1.609739422798156738e+00
1.624705672264099121e+00
1.678643703460693359e+00
1.900812268257141113e+00
1.614252328872680664e+00
1.724187374114990234e+00
1.729951977729797363e+00
1.644558191299438477e+00
1.627178668975830078e+00
1.490077853202819824e+00
1.753048777580261230e+00
1.653429627418518066e+00
1.525782704353332520e+00
1.609603285789489746e+00
1.659087181091308594e+00
1.623242259025573730e+00
1.689287304878234863e+00
1.644864797592163086e+00
1.540091514587402344e+00
2.032469034194946289e+00
1.666441321372985840e+00
1.600320935249328613e+00
1.669261932373046875e+00
1.573475956916809082e+00
1.667412877082824707e+00
1.735075473785400391e+00
1.490722656250000000e+00
1.814211845397949219e+00
1.731330990791320801e+00
1.643639206886291504e+00
1.625563025474548340e+00
1.916714429855346680e+00
1.611805319786071777e+00
1.629252791404724121e+00
1.663062453269958496e+00
1.817270636558532715e+00
1.608818650245666504e+00
2.036045551300048828e+00
1.793805360794067383e+00
1.676980853080749512e+00
1.630361914634704590e+00
1.668289422988891602e+00
1.666522383689880371e+00
1.483825683593750000e+00
1.707029581069946289e+00
1.690413236618041992e+00
1.496094107627868652e+00
1.569061756134033203e+00
1.654418110847473145e+00
1.825699090957641602e+00
1.759501576423645020e+00
1.691975235939025879e+00
1.657185673713684082e+00
1.525234580039978027e+00
1.655347704887390137e+00
1.636978507041931152e+00
1.615677118301391602e+00
1.814248085021972656e+00
1.869753718376159668e+00
2.112761259078979492e+00
1.769478321075439453e+00
2.480471611022949219e+00
1.838533759117126465e+00
1.638098239898681641e+00
1.649058938026428223e+00
1.615079641342163086e+00
1.633418202400207520e+00
1.777963399887084961e+00
1.464854836463928223e+00
1.621001958847045898e+00
1.535080194473266602e+00
1.505383253097534180e+00
1.557579517364501953e+00
1.510375142097473145e+00
1.491743206977844238e+00
1.600257873535156250e+00
1.794007420539855957e+00
1.600172877311706543e+00
1.617545247077941895e+00
1.676259517669677734e+00
1.623512983322143555e+00
1.593508362770080566e+00
1.595095872879028320e+00
1.577871680259704590e+00
1.737485289573669434e+00
1.758386850357055664e+00
1.854204773902893066e+00
1.617040038108825684e+00
1.654607772827148438e+00
1.661226391792297363e+00
1.628469824790954590e+00
1.723319530487060547e+00
1.834280848503112793e+00
1.669163942337036133e+00
1.740345478057861328e+00
1.603258132934570312e+00
1.588396668434143066e+00
1.971905946731567383e+00
1.838721394538879395e+00
1.849023461341857910e+00
1.898556828498840332e+00
1.485332965850830078e+00
1.673459291458129883e+00
1.612125277519226074e+00
1.499992251396179199e+00
1.564519762992858887e+00
1.612986445426940918e+00
1.731971144676208496e+00
1.793562293052673340e+00
1.569278240203857422e+00
1.605418801307678223e+00
1.576024055480957031e+00
1.480233311653137207e+00
1.830702424049377441e+00
1.717635273933410645e+00
1.519501805305480957e+00
1.569189429283142090e+00
2.078588485717773438e+00
1.716584444046020508e+00
1.689729332923889160e+00
1.680348038673400879e+00
1.764862179756164551e+00
1.601103186607360840e+00
1.617213845252990723e+00
1.644074082374572754e+00
1.592742919921875000e+00
1.649052381515502930e+00
1.891228437423706055e+00
1.600724816322326660e+00
1.878571748733520508e+00
1.714325547218322754e+00
1.904599070549011230e+00
1.765011668205261230e+00
1.826373338699340820e+00
1.743306159973144531e+00
1.968621969223022461e+00
1.780647993087768555e+00
1.610467195510864258e+00
1.510937929153442383e+00
1.715763568878173828e+00
1.541790723800659180e+00
1.711093902587890625e+00
1.672058582305908203e+00
1.572084069252014160e+00
1.697162747383117676e+00
1.544091105461120605e+00
1.947423815727233887e+00
1.742744684219360352e+00
1.701880216598510742e+00
1.765882968902587891e+00
1.708589792251586914e+00
1.633120536804199219e+00
1.659323573112487793e+00
1.728947043418884277e+00
1.570601582527160645e+00
1.539812922477722168e+00
1.758783698081970215e+00
1.627268195152282715e+00
1.602282524108886719e+00
1.594574213027954102e+00
1.736757755279541016e+00
1.611787915229797363e+00
1.706254482269287109e+00
1.625146389007568359e+00
1.688407421112060547e+00
1.570281982421875000e+00
1.600631475448608398e+00
1.621056437492370605e+00
1.997970223426818848e+00
1.692523121833801270e+00
1.919245004653930664e+00
1.700281143188476562e+00
1.611917495727539062e+00
1.557097792625427246e+00
1.631836652755737305e+00
1.710719227790832520e+00
1.731797933578491211e+00
1.564380288124084473e+00
1.801934242248535156e+00
1.587939381599426270e+00
1.785861611366271973e+00
1.581458330154418945e+00
1.523192524909973145e+00
1.647966504096984863e+00
1.689194679260253906e+00
1.643417358398437500e+00
1.654759407043457031e+00
1.843840599060058594e+00
1.844280719757080078e+00
1.502959728240966797e+00
1.686266303062438965e+00
1.643725872039794922e+00
1.713455200195312500e+00
1.558186650276184082e+00
1.621873497962951660e+00
1.750676751136779785e+00
1.756100416183471680e+00
2.037851333618164062e+00
1.740086078643798828e+00
1.577256441116333008e+00
1.599183678627014160e+00
1.637312650680541992e+00
1.554288387298583984e+00
1.698668479919433594e+00
1.762121319770812988e+00
1.675899028778076172e+00
1.665244698524475098e+00
1.570937156677246094e+00
1.507301092147827148e+00
1.663207888603210449e+00
1.860178112983703613e+00
1.599414706230163574e+00
1.516411542892456055e+00
1.573085665702819824e+00
2.122025012969970703e+00
1.824989080429077148e+00
1.727132320404052734e+00
1.592497110366821289e+00
1.866040706634521484e+00
1.790526866912841797e+00
1.726132035255432129e+00
1.696354150772094727e+00
1.642335653305053711e+00
1.634191274642944336e+00
1.390450000762939453e+00
1.703271508216857910e+00
1.936470031738281250e+00
1.758855700492858887e+00
1.623104691505432129e+00
1.578423857688903809e+00
1.544842839241027832e+00
1.526990652084350586e+00
1.772988915443420410e+00
1.689254045486450195e+00
1.589993000030517578e+00
1.593002080917358398e+00
2.103142023086547852e+00
1.825144171714782715e+00
1.546888351440429688e+00
1.632463097572326660e+00
1.757211685180664062e+00
1.612564444541931152e+00
1.902438879013061523e+00
1.609986066818237305e+00
1.618683218955993652e+00
1.620925188064575195e+00
1.590841293334960938e+00
1.640390992164611816e+00
1.702373743057250977e+00
2.137880563735961914e+00
1.685384035110473633e+00
1.668302655220031738e+00
1.464382171630859375e+00
1.682216644287109375e+00
1.574980854988098145e+00
1.698800683021545410e+00
1.830618619918823242e+00
1.599675416946411133e+00
2.456024646759033203e+00
1.645300745964050293e+00
1.720426917076110840e+00
1.779508113861083984e+00
1.692476749420166016e+00
1.794146895408630371e+00
1.657940268516540527e+00
1.865694165229797363e+00
1.754037499427795410e+00
1.896871685981750488e+00
1.674181938171386719e+00
1.669946432113647461e+00
1.790961265563964844e+00
2.611468791961669922e+00
1.663916826248168945e+00
1.632143855094909668e+00
1.599923729896545410e+00
1.618275046348571777e+00
1.473782062530517578e+00
1.671431779861450195e+00
1.985223174095153809e+00
1.861790180206298828e+00
1.756192564964294434e+00
1.783338904380798340e+00
1.535332918167114258e+00
1.754184603691101074e+00
1.608667731285095215e+00
1.700539469718933105e+00
1.687182068824768066e+00
1.709186673164367676e+00
1.574440717697143555e+00
1.548341751098632812e+00
1.613110303878784180e+00
1.678723812103271484e+00
1.533460855484008789e+00
1.603644728660583496e+00
1.802399873733520508e+00
1.759316325187683105e+00
1.646135091781616211e+00
1.661415338516235352e+00
1.893165826797485352e+00
1.740298032760620117e+00
1.587137937545776367e+00
1.627621889114379883e+00
1.644324183464050293e+00
1.761346578598022461e+00
1.694406390190124512e+00
1.727401971817016602e+00
2.222563266754150391e+00
1.729587674140930176e+00
1.732709050178527832e+00
1.506662607192993164e+00
1.858085274696350098e+00
1.864699840545654297e+00
1.763927459716796875e+00
1.692882895469665527e+00
1.646150827407836914e+00
1.911916851997375488e+00
1.694488644599914551e+00
1.887812733650207520e+00
1.745058178901672363e+00
1.727216958999633789e+00
1.677084684371948242e+00
1.823942780494689941e+00
2.199695825576782227e+00
1.656411170959472656e+00
1.613094687461853027e+00
1.551151752471923828e+00
1.551082611083984375e+00
1.569950461387634277e+00
1.725782275199890137e+00
1.519192814826965332e+00
1.790316462516784668e+00
1.542565584182739258e+00
1.657716989517211914e+00
1.857135057449340820e+00
1.921211957931518555e+00
1.591331124305725098e+00
1.573216319084167480e+00
1.552977323532104492e+00
1.675858020782470703e+00
1.846904993057250977e+00
1.742212772369384766e+00
1.653112530708312988e+00
1.620271444320678711e+00
1.566391587257385254e+00
1.607910513877868652e+00
1.788897514343261719e+00
1.714812755584716797e+00
1.545700788497924805e+00
1.706370711326599121e+00
1.616338968276977539e+00
1.795715808868408203e+00
1.718475580215454102e+00
1.745714068412780762e+00
1.816348671913146973e+00
1.593557357788085938e+00
1.632922649383544922e+00
1.690019726753234863e+00
1.752200603485107422e+00
2.031633853912353516e+00
1.636884689331054688e+00
2.198224544525146484e+00
1.571523189544677734e+00
1.673066496849060059e+00
1.656647443771362305e+00
1.626209378242492676e+00
1.879688978195190430e+00
1.685149788856506348e+00
1.673687696456909180e+00
1.670148730278015137e+00
1.780502796173095703e+00
1.702269196510314941e+00
1.749923110008239746e+00
1.558540344238281250e+00
1.718114614486694336e+00
1.626588582992553711e+00
1.796838641166687012e+00
1.698125958442687988e+00
1.537920117378234863e+00
1.536678671836853027e+00
1.621309518814086914e+00
1.579201102256774902e+00
1.600214362144470215e+00
1.957704544067382812e+00
1.854721188545227051e+00
2.018766403198242188e+00
1.609665632247924805e+00
1.535425782203674316e+00
1.873557090759277344e+00
1.595534324645996094e+00
1.883446216583251953e+00
1.973987221717834473e+00
1.672032833099365234e+00
1.662773966789245605e+00
1.471898913383483887e+00
1.583505749702453613e+00
1.612371683120727539e+00
1.596047759056091309e+00
1.612560033798217773e+00
1.586174845695495605e+00
1.690769314765930176e+00
1.677304625511169434e+00
1.576259732246398926e+00
1.907990813255310059e+00
1.854260087013244629e+00
1.734420657157897949e+00
1.556780099868774414e+00
1.763709425926208496e+00
1.770000219345092773e+00
1.893802165985107422e+00
1.735151052474975586e+00
1.624327063560485840e+00
1.453190088272094727e+00
1.530298948287963867e+00
1.644597411155700684e+00
1.562240958213806152e+00
1.622726917266845703e+00
1.682034134864807129e+00
1.683869242668151855e+00
1.620182394981384277e+00
1.594824433326721191e+00
1.629175662994384766e+00
1.981021285057067871e+00
1.695435285568237305e+00
1.670999646186828613e+00
1.569988012313842773e+00
1.598563790321350098e+00
1.486556410789489746e+00
1.641744613647460938e+00
1.604266405105590820e+00
1.641399264335632324e+00
1.726304769515991211e+00
1.836660981178283691e+00
1.586909651756286621e+00
1.783460855484008789e+00
1.798105478286743164e+00
1.554251194000244141e+00
1.455088973045349121e+00
1.974536776542663574e+00
1.515950679779052734e+00
1.653521180152893066e+00
1.744302272796630859e+00
1.859616160392761230e+00
1.715805411338806152e+00
1.588321208953857422e+00
1.686463952064514160e+00
1.592190504074096680e+00
1.674021959304809570e+00
1.827745914459228516e+00
1.681293129920959473e+00
1.827405333518981934e+00
1.683647632598876953e+00
1.674109578132629395e+00
1.588176727294921875e+00
1.547891497611999512e+00
1.790523648262023926e+00
1.706713318824768066e+00
1.576901912689208984e+00
1.626847267150878906e+00
1.572750687599182129e+00
1.675309538841247559e+00
1.500109672546386719e+00
1.569843173027038574e+00
1.624141812324523926e+00
1.484721302986145020e+00
1.517963647842407227e+00
1.646743535995483398e+00
1.606444239616394043e+00
1.545098662376403809e+00
1.708929419517517090e+00
1.765439152717590332e+00
1.777494549751281738e+00
1.730778455734252930e+00
1.573801875114440918e+00
1.539862751960754395e+00
1.932007670402526855e+00
1.566859364509582520e+00
1.828079462051391602e+00
1.794085979461669922e+00
1.691970825195312500e+00
1.990930438041687012e+00
1.778076410293579102e+00
1.599275946617126465e+00
1.892818093299865723e+00
1.600658059120178223e+00
1.607391953468322754e+00
1.504978299140930176e+00
1.637083888053894043e+00
1.803340673446655273e+00
1.661600351333618164e+00
1.631567120552062988e+00
1.641487717628479004e+00
1.727015495300292969e+00
1.924097776412963867e+00
1.963437676429748535e+00
1.627524018287658691e+00
1.799656867980957031e+00
1.701785922050476074e+00
1.644049167633056641e+00
1.675976872444152832e+00
1.606529355049133301e+00
1.978396415710449219e+00
1.799016952514648438e+00
1.628221750259399414e+00
1.640615344047546387e+00
1.481270313262939453e+00
1.708051562309265137e+00
1.602490305900573730e+00
1.582703590393066406e+00
1.612063288688659668e+00
1.667954683303833008e+00
1.980894804000854492e+00
1.620080351829528809e+00
1.788824677467346191e+00
1.641842603683471680e+00
1.615298271179199219e+00
1.804920673370361328e+00
1.520889401435852051e+00
1.748822450637817383e+00
1.603029370307922363e+00
1.580665469169616699e+00
1.727208971977233887e+00
1.707003235816955566e+00
1.772482156753540039e+00
1.503448605537414551e+00
1.621994137763977051e+00
1.453836321830749512e+00
1.591160058975219727e+00
1.658388137817382812e+00
1.514908552169799805e+00
1.630053639411926270e+00
1.677432060241699219e+00
1.708776116371154785e+00
1.774021983146667480e+00
1.688694596290588379e+00
1.558818340301513672e+00
1.584079742431640625e+00
1.702123284339904785e+00
1.541317224502563477e+00
1.665420174598693848e+00
1.840741872787475586e+00
1.643317341804504395e+00
2.139027833938598633e+00
1.852579236030578613e+00
1.819637894630432129e+00
1.722977638244628906e+00
1.675470948219299316e+00
1.975617766380310059e+00
1.516813874244689941e+00
1.537574291229248047e+00
1.859950542449951172e+00
1.649652242660522461e+00
1.670480012893676758e+00
1.859800934791564941e+00
1.575297832489013672e+00
1.636828899383544922e+00
1.705109119415283203e+00
1.553140640258789062e+00
1.613413929939270020e+00
1.765694618225097656e+00
1.598634362220764160e+00
1.580139875411987305e+00
1.692595124244689941e+00
1.778044462203979492e+00
1.568964719772338867e+00
1.502594232559204102e+00
1.656667232513427734e+00
1.512221574783325195e+00
1.603571295738220215e+00
1.565674185752868652e+00
1.876515030860900879e+00
1.801854729652404785e+00
1.672774553298950195e+00
1.654950737953186035e+00
1.840082406997680664e+00
1.690030694007873535e+00
1.825076341629028320e+00
1.646686553955078125e+00
1.945206165313720703e+00
1.740023612976074219e+00
1.931377410888671875e+00
1.704318404197692871e+00
1.663414120674133301e+00
1.572050094604492188e+00
1.590125560760498047e+00
1.673418879508972168e+00
1.567887067794799805e+00
1.887477636337280273e+00
1.592869877815246582e+00
1.603304505348205566e+00
1.731071233749389648e+00
1.791903018951416016e+00
1.602768301963806152e+00
1.525114536285400391e+00
1.462565660476684570e+00
1.608937501907348633e+00
2.038047552108764648e+00
1.612232565879821777e+00
1.583437800407409668e+00
1.629150629043579102e+00
1.611683607101440430e+00
1.812258005142211914e+00
1.580366253852844238e+00
1.659710526466369629e+00
1.833249211311340332e+00
1.835394620895385742e+00
1.725067734718322754e+00
1.545515894889831543e+00
1.528933405876159668e+00
1.632539629936218262e+00
1.592242479324340820e+00
1.638581156730651855e+00
1.750223398208618164e+00
1.471050500869750977e+00
1.495324373245239258e+00
1.647730469703674316e+00
1.591289997100830078e+00
1.622748255729675293e+00
1.568226814270019531e+00
1.973088383674621582e+00
1.618893265724182129e+00
1.658683896064758301e+00
1.643812894821166992e+00
1.763333439826965332e+00
1.561659693717956543e+00
1.607343554496765137e+00
1.726035714149475098e+00
1.631826162338256836e+00
1.568618893623352051e+00
1.456826210021972656e+00
1.786909818649291992e+00
1.625466108322143555e+00
1.607564210891723633e+00
1.662255406379699707e+00
1.572479605674743652e+00
1.572365999221801758e+00
1.593003034591674805e+00
1.931422829627990723e+00
1.722316980361938477e+00
1.691593408584594727e+00
1.596069574356079102e+00
1.692818403244018555e+00
2.025354862213134766e+00
1.910919666290283203e+00
1.611735105514526367e+00
1.981453895568847656e+00
1.413139581680297852e+00
1.556993961334228516e+00
1.495238065719604492e+00
1.568457365036010742e+00
1.572423219680786133e+00
1.988827347755432129e+00
1.597771286964416504e+00
1.811789870262145996e+00
1.558262586593627930e+00
1.538186311721801758e+00
1.886806726455688477e+00
1.738663434982299805e+00
1.609741210937500000e+00
1.639418721199035645e+00
1.731970429420471191e+00
1.602132678031921387e+00
1.650449275970458984e+00
1.603969454765319824e+00
1.752318024635314941e+00
1.552657842636108398e+00
1.815978527069091797e+00
1.644478559494018555e+00
1.846473217010498047e+00
1.477651715278625488e+00
1.719069600105285645e+00
1.730272650718688965e+00
1.751368880271911621e+00
1.717361211776733398e+00
1.642377614974975586e+00
1.797000646591186523e+00
1.817800879478454590e+00
1.647766828536987305e+00
1.539422631263732910e+00
1.719101786613464355e+00
1.612828969955444336e+00
1.644100427627563477e+00
1.584257960319519043e+00
1.535943865776062012e+00
1.602994799613952637e+00
1.603815793991088867e+00
1.449389457702636719e+00
1.697395920753479004e+00
1.574595332145690918e+00
1.750883579254150391e+00
1.701778769493103027e+00
1.727799892425537109e+00
1.518133282661437988e+00
1.811721205711364746e+00
1.719479799270629883e+00
1.593774199485778809e+00
1.561360836029052734e+00
1.659717917442321777e+00
1.865125060081481934e+00
1.622621774673461914e+00
1.927123785018920898e+00
1.698294878005981445e+00
1.651749610900878906e+00
1.644338607788085938e+00
1.574724793434143066e+00
1.441831827163696289e+00
1.610135555267333984e+00
1.601140737533569336e+00
1.538747549057006836e+00
1.494468450546264648e+00
1.581856012344360352e+00
1.695050239562988281e+00
1.728981018066406250e+00
1.505539536476135254e+00
1.781354427337646484e+00
1.959219217300415039e+00
1.479872703552246094e+00
1.677945017814636230e+00
1.860795140266418457e+00
1.511350393295288086e+00
1.969247698783874512e+00
1.667074561119079590e+00
1.583327770233154297e+00
1.975247621536254883e+00
1.765252828598022461e+00
2.032328844070434570e+00
1.916538238525390625e+00
1.684371590614318848e+00
1.619596362113952637e+00
1.918398022651672363e+00
1.689365744590759277e+00
1.616820573806762695e+00
1.570033669471740723e+00
1.647505998611450195e+00
1.600929975509643555e+00
1.864183664321899414e+00
1.547569274902343750e+00
1.737821936607360840e+00
1.633195042610168457e+00
1.729368209838867188e+00
1.641368269920349121e+00
1.516081333160400391e+00
1.569563746452331543e+00
1.742304325103759766e+00
1.656994700431823730e+00
1.560217857360839844e+00
1.474092006683349609e+00
1.558526039123535156e+00
1.604610919952392578e+00
1.506349682807922363e+00
1.482262730598449707e+00
1.499582290649414062e+00
1.866259694099426270e+00
1.676021337509155273e+00
1.557377219200134277e+00
1.465327858924865723e+00
1.904522061347961426e+00
1.649093031883239746e+00
1.390674829483032227e+00
1.630381345748901367e+00
1.560528039932250977e+00
1.611281991004943848e+00
1.510169029235839844e+00
1.645313739776611328e+00
1.819949388504028320e+00
1.731052041053771973e+00
1.817270159721374512e+00
1.948510646820068359e+00
1.687561988830566406e+00
1.551780581474304199e+00
1.883149743080139160e+00
1.415405154228210449e+00
1.516963839530944824e+00
1.495843410491943359e+00
1.719291448593139648e+00
1.450995326042175293e+00
1.720556974411010742e+00
1.609257698059082031e+00
1.920836806297302246e+00
1.503018379211425781e+00
1.544984817504882812e+00
1.584687709808349609e+00
1.405595541000366211e+00
1.633391618728637695e+00
1.455796837806701660e+00
1.549280762672424316e+00
1.515283703804016113e+00
1.503231883049011230e+00
1.578179121017456055e+00
1.479605793952941895e+00
1.535459876060485840e+00
1.782562136650085449e+00
1.515526533126831055e+00
1.733193874359130859e+00
1.452854394912719727e+00
1.570705771446228027e+00
1.645288705825805664e+00
1.759634017944335938e+00
1.562628269195556641e+00
1.571824789047241211e+00
1.607313275337219238e+00
1.560094237327575684e+00
1.906758546829223633e+00
1.571431159973144531e+00
1.665638685226440430e+00
1.568860530853271484e+00
1.556971549987792969e+00
1.533861994743347168e+00
1.605426073074340820e+00
1.625183939933776855e+00
1.561803221702575684e+00
1.596121430397033691e+00
1.562576174736022949e+00
1.813318371772766113e+00
1.521646142005920410e+00
1.927036404609680176e+00
2.085653781890869141e+00
1.702977061271667480e+00
1.928033113479614258e+00
1.526800870895385742e+00
1.718368411064147949e+00
1.564787507057189941e+00
1.975882768630981445e+00
1.523013949394226074e+00
1.545219182968139648e+00
1.401459336280822754e+00
1.544885277748107910e+00
1.375860452651977539e+00
1.548779010772705078e+00
1.946998000144958496e+00
1.710530042648315430e+00
1.762094140052795410e+00
1.733787178993225098e+00
1.476021647453308105e+00
1.675391793251037598e+00
1.667632341384887695e+00
1.630978941917419434e+00
1.741604328155517578e+00
1.888740897178649902e+00
1.730488538742065430e+00
1.576487541198730469e+00
1.740336179733276367e+00
1.458172678947448730e+00
1.744694471359252930e+00
1.558808326721191406e+00
1.568670272827148438e+00
1.579951047897338867e+00
1.657720208168029785e+00
1.487852096557617188e+00
1.691087484359741211e+00
1.489698886871337891e+00
1.462577223777770996e+00
1.719967246055603027e+00
1.742116928100585938e+00
1.509215235710144043e+00
2.252409458160400391e+00
1.630507111549377441e+00
1.554867863655090332e+00
1.721729040145874023e+00
1.637280702590942383e+00
1.560885787010192871e+00
1.674837470054626465e+00
1.741855382919311523e+00
1.475784182548522949e+00
1.608550906181335449e+00
1.688807964324951172e+00
1.527082443237304688e+00
1.670293927192687988e+00
1.761715531349182129e+00
1.704333782196044922e+00
1.616501092910766602e+00
1.754244565963745117e+00
1.527329564094543457e+00
1.665235757827758789e+00
1.643059134483337402e+00
1.539961695671081543e+00
1.681699991226196289e+00
1.543481230735778809e+00
1.810666203498840332e+00
1.537448287010192871e+00
1.540530681610107422e+00
1.682742476463317871e+00
1.637526392936706543e+00
1.464580893516540527e+00
1.572893857955932617e+00
1.563716411590576172e+00
1.642136573791503906e+00
1.518808603286743164e+00
1.641840577125549316e+00
1.579374074935913086e+00
1.553061008453369141e+00
1.484579205513000488e+00
1.739333987236022949e+00
1.871984004974365234e+00
1.602840423583984375e+00
1.535897374153137207e+00
1.670901536941528320e+00
1.653661131858825684e+00
1.466939806938171387e+00
1.531057834625244141e+00
1.853145718574523926e+00
1.515553355216979980e+00
1.424014925956726074e+00
1.417367577552795410e+00
1.558866381645202637e+00
1.507243514060974121e+00
1.668049454689025879e+00
1.576137542724609375e+00
1.767080426216125488e+00
1.621585130691528320e+00
1.588989973068237305e+00
1.520890235900878906e+00
1.707274556159973145e+00
1.565800905227661133e+00
1.811001896858215332e+00
1.617883920669555664e+00
1.486642360687255859e+00
1.522678256034851074e+00
2.053834199905395508e+00
1.518776416778564453e+00
1.552780985832214355e+00
1.575751900672912598e+00
1.596110820770263672e+00
1.548774719238281250e+00
1.355499029159545898e+00
1.536382079124450684e+00
1.598688602447509766e+00
1.456313848495483398e+00
1.572489857673645020e+00
1.808021426200866699e+00
1.595846772193908691e+00
1.420538425445556641e+00
1.496124744415283203e+00
1.489503026008605957e+00
1.611419796943664551e+00
1.445694804191589355e+00
1.451264739036560059e+00
1.674737691879272461e+00
1.716488718986511230e+00
1.751027107238769531e+00
1.577365994453430176e+00
1.609276175498962402e+00
1.464532494544982910e+00
1.569321751594543457e+00
1.526181578636169434e+00
1.475988864898681641e+00
1.420813798904418945e+00
1.620827555656433105e+00
1.527245521545410156e+00
1.591743826866149902e+00
1.527683019638061523e+00
2.323053598403930664e+00
1.654201984405517578e+00
1.791337370872497559e+00
1.487681865692138672e+00
1.833120703697204590e+00
1.570413589477539062e+00
1.418268442153930664e+00
1.717009305953979492e+00
1.455011725425720215e+00
1.682598352432250977e+00
2.073626756668090820e+00
1.475312829017639160e+00
1.802560925483703613e+00
1.558383226394653320e+00
1.370683431625366211e+00
1.581019878387451172e+00
1.567982077598571777e+00
1.528530716896057129e+00
1.486263513565063477e+00
1.533808112144470215e+00
1.500390052795410156e+00
1.609295129776000977e+00
1.940006613731384277e+00
1.743794560432434082e+00
1.840735316276550293e+00
1.687658905982971191e+00
1.415984511375427246e+00
1.540060758590698242e+00
1.488984465599060059e+00
1.579198956489562988e+00
1.648446083068847656e+00
1.582072496414184570e+00
1.572202444076538086e+00
2.179608106613159180e+00
1.804102420806884766e+00
1.580879330635070801e+00
1.423952579498291016e+00
1.492670655250549316e+00
1.538476109504699707e+00
1.431817531585693359e+00
1.517964363098144531e+00
1.781610012054443359e+00
1.426659584045410156e+00
1.794425606727600098e+00
1.627192378044128418e+00
2.042145729064941406e+00
1.601515173912048340e+00
1.757030963897705078e+00
1.496645331382751465e+00
1.677740097045898438e+00
1.496796607971191406e+00
1.656053781509399414e+00
1.763983607292175293e+00
1.802970409393310547e+00
1.564267396926879883e+00
1.526479363441467285e+00
1.561764001846313477e+00
1.715095162391662598e+00
1.794703125953674316e+00
1.491402626037597656e+00
1.763927102088928223e+00
1.846692204475402832e+00
1.880333781242370605e+00
1.649990439414978027e+00
1.591144680976867676e+00
1.513659238815307617e+00
1.738769888877868652e+00
1.408395409584045410e+00
1.694182872772216797e+00
1.509613275527954102e+00
1.462103247642517090e+00
1.599755048751831055e+00
1.531184792518615723e+00
1.888211131095886230e+00
1.439304709434509277e+00
1.523550629615783691e+00
1.667133808135986328e+00
1.625628948211669922e+00
1.566642045974731445e+00
1.570477485656738281e+00
1.539101481437683105e+00
1.544276475906372070e+00
1.414770483970642090e+00
1.932516336441040039e+00
1.456377863883972168e+00
1.483177542686462402e+00
1.602670073509216309e+00
1.712789416313171387e+00
1.643219947814941406e+00
1.496913075447082520e+00
1.566629528999328613e+00
1.506066083908081055e+00
1.636039018630981445e+00
1.616799473762512207e+00
1.553266763687133789e+00
1.735851764678955078e+00
1.585558295249938965e+00
1.679404973983764648e+00
1.401952266693115234e+00
1.467709779739379883e+00
1.523868322372436523e+00
1.423703670501708984e+00
1.554765224456787109e+00
1.472460150718688965e+00
1.583459973335266113e+00
1.469205856323242188e+00
1.724128246307373047e+00
1.652153253555297852e+00
1.723650932312011719e+00
1.562442898750305176e+00
1.449227690696716309e+00
1.514302730560302734e+00
1.469345092773437500e+00
1.548249959945678711e+00
1.817864179611206055e+00
1.379640936851501465e+00
1.561305522918701172e+00
1.710527300834655762e+00
1.705493211746215820e+00
1.471557259559631348e+00
1.399652361869812012e+00
1.634300589561462402e+00
1.720735430717468262e+00
1.552039980888366699e+00
2.046637773513793945e+00
1.484956264495849609e+00
1.367996335029602051e+00
1.532335519790649414e+00
1.393908262252807617e+00
1.674209237098693848e+00
1.582495570182800293e+00
1.637094020843505859e+00
1.664993405342102051e+00
1.692840099334716797e+00
1.506686687469482422e+00
1.355253577232360840e+00
1.441406607627868652e+00
1.756234169006347656e+00
1.664231777191162109e+00
1.553094863891601562e+00
1.745341897010803223e+00
1.387419939041137695e+00
1.844959259033203125e+00
1.631445169448852539e+00
1.495455265045166016e+00
1.396762490272521973e+00
1.451354146003723145e+00
1.501855254173278809e+00
1.890478134155273438e+00
1.507129073143005371e+00
1.464537858963012695e+00
1.454840183258056641e+00
1.511150598526000977e+00
1.583665132522583008e+00
1.442687153816223145e+00
1.585972785949707031e+00
1.446532964706420898e+00
1.478859186172485352e+00
1.429203987121582031e+00
1.380412697792053223e+00
1.464964151382446289e+00
1.389120578765869141e+00
1.529865503311157227e+00
1.763558506965637207e+00
1.433091044425964355e+00
1.537640810012817383e+00
1.499935984611511230e+00
1.678494811058044434e+00
1.581096410751342773e+00
1.557435393333435059e+00
1.427237272262573242e+00
1.456452608108520508e+00
1.498404741287231445e+00
1.411325812339782715e+00
1.595238566398620605e+00
1.542594432830810547e+00
1.689516067504882812e+00
1.641435384750366211e+00
1.544523477554321289e+00
1.428991556167602539e+00
1.450092673301696777e+00
1.420954704284667969e+00
1.469826340675354004e+00
1.534366130828857422e+00
1.572139501571655273e+00
1.464175820350646973e+00
1.767448425292968750e+00
1.404565930366516113e+00
1.602350831031799316e+00
1.630929231643676758e+00
1.425898075103759766e+00
1.471644520759582520e+00
1.415294170379638672e+00
1.347950935363769531e+00
1.641873359680175781e+00
1.490564465522766113e+00
1.622936367988586426e+00
1.482123136520385742e+00
1.871463894844055176e+00
1.494506001472473145e+00
1.458084344863891602e+00
1.520026803016662598e+00
1.567478537559509277e+00
2.224125623703002930e+00
1.381744503974914551e+00
1.464428663253784180e+00
1.489518046379089355e+00
1.318933844566345215e+00
1.440701723098754883e+00
1.334866404533386230e+00
1.413361907005310059e+00
1.626474857330322266e+00
1.703598022460937500e+00
1.581328988075256348e+00
1.515074133872985840e+00
1.542418718338012695e+00
1.647420763969421387e+00
1.248978495597839355e+00
1.526955008506774902e+00
1.486070752143859863e+00
1.514251351356506348e+00
1.450668931007385254e+00
1.740691661834716797e+00
1.851961493492126465e+00
1.513932824134826660e+00
1.448792099952697754e+00
1.860321402549743652e+00
1.497844457626342773e+00
1.644566893577575684e+00
1.533869266510009766e+00
1.472828149795532227e+00
1.401960134506225586e+00
1.421223640441894531e+00
1.753618359565734863e+00
1.471431255340576172e+00
1.577330827713012695e+00
1.324742197990417480e+00
1.527371168136596680e+00
1.435048580169677734e+00
1.449165821075439453e+00
1.644849419593811035e+00
1.423783779144287109e+00
1.805617213249206543e+00
1.550128817558288574e+00
1.400277137756347656e+00
1.516349077224731445e+00
1.412700533866882324e+00
1.697667598724365234e+00
1.618654608726501465e+00
1.785343050956726074e+00
1.428814530372619629e+00
1.625677824020385742e+00
2.162642478942871094e+00
1.410281300544738770e+00
1.350809931755065918e+00
1.478646636009216309e+00
1.573418617248535156e+00
1.484690070152282715e+00
1.514710545539855957e+00
1.836604356765747070e+00
1.669664978981018066e+00
1.514376521110534668e+00
1.925486087799072266e+00
1.499734640121459961e+00
1.523486733436584473e+00
1.408438563346862793e+00
1.528756618499755859e+00
1.467271685600280762e+00
1.496241927146911621e+00
1.274726271629333496e+00
1.550983667373657227e+00
1.415811419486999512e+00
1.436420917510986328e+00
1.560927987098693848e+00
1.750026464462280273e+00
1.549036622047424316e+00
1.403465270996093750e+00
1.498233199119567871e+00
1.931465148925781250e+00
1.650461792945861816e+00
1.595027923583984375e+00
1.326719403266906738e+00
2.469533681869506836e+00
1.531621694564819336e+00
1.580819964408874512e+00
1.457849144935607910e+00
1.385635137557983398e+00
1.326790571212768555e+00
1.372338294982910156e+00
1.462026357650756836e+00
1.441643834114074707e+00
1.343320012092590332e+00
1.349873304367065430e+00
1.761550426483154297e+00
1.923599481582641602e+00
1.368528604507446289e+00
1.583754658699035645e+00
1.735060453414916992e+00
1.385922193527221680e+00
1.590489149093627930e+00
1.711173892021179199e+00
1.369659066200256348e+00
1.564216613769531250e+00
1.509967803955078125e+00
1.544117212295532227e+00
1.546631336212158203e+00
1.375830531120300293e+00
1.493099093437194824e+00
1.475618362426757812e+00
1.898258209228515625e+00
1.428460597991943359e+00
1.644469738006591797e+00
1.536788702011108398e+00
1.429156064987182617e+00
1.376619338989257812e+00
1.559864521026611328e+00
1.471869349479675293e+00
1.572334408760070801e+00
1.492468476295471191e+00
1.435805320739746094e+00
1.556687474250793457e+00
2.064497232437133789e+00
1.272365331649780273e+00
1.552835702896118164e+00
1.387907624244689941e+00
1.776669144630432129e+00
1.444646596908569336e+00
1.434414386749267578e+00
1.557503223419189453e+00
1.279561758041381836e+00
1.709330201148986816e+00
1.743027448654174805e+00
1.561807513236999512e+00
1.448384046554565430e+00
1.576670885086059570e+00
1.600025773048400879e+00
1.448005437850952148e+00
1.465086817741394043e+00
1.589608788490295410e+00
1.581784367561340332e+00
1.414591193199157715e+00
1.549928069114685059e+00
1.381831169128417969e+00
1.401057839393615723e+00
1.448211073875427246e+00
1.369080901145935059e+00
1.470172047615051270e+00
1.482264280319213867e+00
1.572004914283752441e+00
1.287583589553833008e+00
1.893129706382751465e+00
1.481369972229003906e+00
1.498618006706237793e+00
1.542002201080322266e+00
1.427780747413635254e+00
1.376108407974243164e+00
1.422894954681396484e+00
1.410826921463012695e+00
1.394506216049194336e+00
1.408100128173828125e+00
1.440085291862487793e+00
1.411964297294616699e+00
1.479209542274475098e+00
1.456235408782958984e+00
1.342495799064636230e+00
1.459812164306640625e+00
1.498831152915954590e+00
1.527106165885925293e+00
1.618171453475952148e+00
1.557913064956665039e+00
1.341352820396423340e+00
1.377380013465881348e+00
1.529917597770690918e+00
1.396176815032958984e+00
1.515786170959472656e+00
1.504712939262390137e+00
1.544306039810180664e+00
1.333285331726074219e+00
1.281124353408813477e+00
1.663873076438903809e+00
1.380045771598815918e+00
1.493668317794799805e+00
1.322874903678894043e+00
1.488504171371459961e+00
1.353411436080932617e+00
1.564854145050048828e+00
1.407768607139587402e+00
1.586382746696472168e+00
1.520926713943481445e+00
1.402397513389587402e+00
1.615818142890930176e+00
1.735334992408752441e+00
1.458746790885925293e+00
1.523794054985046387e+00
1.652347803115844727e+00
1.631771683692932129e+00
1.564179062843322754e+00
1.713579297065734863e+00
1.293775796890258789e+00
1.552675366401672363e+00
1.281075358390808105e+00
1.478513240814208984e+00
1.476152181625366211e+00
1.610734343528747559e+00
1.477748870849609375e+00
1.559380173683166504e+00
1.439220428466796875e+00
1.482365608215332031e+00
1.460582971572875977e+00
1.662587881088256836e+00
1.741175055503845215e+00
1.582463383674621582e+00
1.516811847686767578e+00
1.399698257446289062e+00
1.314448952674865723e+00
1.437989830970764160e+00
1.526927471160888672e+00
1.492418050765991211e+00
1.675194144248962402e+00
1.360974073410034180e+00
1.595129132270812988e+00
1.408454656600952148e+00
1.776860713958740234e+00
2.032716274261474609e+00
1.359476327896118164e+00
1.398322463035583496e+00
1.555751442909240723e+00
1.540807127952575684e+00
1.388115167617797852e+00
1.531106233596801758e+00
1.310979247093200684e+00
1.345345616340637207e+00
1.415393471717834473e+00
1.573318719863891602e+00
1.311683297157287598e+00
1.899551749229431152e+00
1.598178148269653320e+00
1.500694870948791504e+00
1.436494946479797363e+00
1.343350887298583984e+00
1.771990060806274414e+00
1.408126473426818848e+00
2.062010288238525391e+00
1.438907742500305176e+00
1.567207813262939453e+00
1.534693360328674316e+00
1.652479410171508789e+00
1.383312225341796875e+00
1.736952066421508789e+00
1.474797844886779785e+00
2.833589553833007812e+00
1.364748954772949219e+00
1.455262899398803711e+00
1.460524678230285645e+00
1.619031429290771484e+00
1.409698605537414551e+00
2.057337522506713867e+00
1.385205030441284180e+00
1.334170103073120117e+00
1.793768286705017090e+00
1.574597597122192383e+00
1.494125843048095703e+00
1.379025340080261230e+00
1.422526478767395020e+00
1.579245090484619141e+00
1.453372120857238770e+00
1.318798065185546875e+00
1.433108568191528320e+00
1.442852854728698730e+00
2.392711162567138672e+00
1.467900991439819336e+00
1.540873646736145020e+00
1.634570837020874023e+00
1.427739858627319336e+00
1.336894154548645020e+00
1.729807972908020020e+00
1.624305844306945801e+00
1.588565826416015625e+00
1.448787569999694824e+00
1.404854178428649902e+00
1.554884195327758789e+00
1.603747487068176270e+00
1.496991038322448730e+00
1.769721388816833496e+00
1.328473091125488281e+00
1.613739728927612305e+00
1.365273714065551758e+00
1.336955904960632324e+00
1.383872389793395996e+00
1.597323775291442871e+00
1.417531847953796387e+00
1.486177444458007812e+00
1.617436170578002930e+00
1.216290593147277832e+00
1.734600305557250977e+00
1.337155938148498535e+00
1.296902894973754883e+00
1.432168841361999512e+00
1.370651364326477051e+00
1.365751266479492188e+00
1.568073749542236328e+00
1.385778903961181641e+00
2.259500980377197266e+00
1.407620787620544434e+00
1.456863760948181152e+00
1.296859264373779297e+00
1.860247850418090820e+00
1.496781110763549805e+00
1.336066007614135742e+00
1.513952612876892090e+00
1.309465169906616211e+00
1.347722411155700684e+00
1.489535093307495117e+00
1.599666714668273926e+00
1.259086728096008301e+00
1.796252727508544922e+00
1.500551700592041016e+00
1.345754384994506836e+00
1.591439723968505859e+00
1.399623990058898926e+00
1.327075958251953125e+00
1.404340028762817383e+00
1.372217178344726562e+00
1.377986431121826172e+00
1.386777520179748535e+00
1.438107967376708984e+00
1.678699016571044922e+00
1.383089661598205566e+00
1.361837387084960938e+00
1.386934161186218262e+00
1.497233748435974121e+00
1.390333533287048340e+00
1.266226410865783691e+00
1.463419914245605469e+00
1.493233919143676758e+00
1.446000695228576660e+00
1.329493403434753418e+00
1.581226229667663574e+00
1.430106401443481445e+00
1.528461217880249023e+00
1.501727104187011719e+00
1.463196039199829102e+00
1.475674152374267578e+00
1.332618832588195801e+00
1.326712489128112793e+00
1.395632028579711914e+00
1.467191100120544434e+00
1.562107324600219727e+00
1.351882457733154297e+00
1.778066158294677734e+00
1.600311517715454102e+00
1.473702430725097656e+00
1.588143944740295410e+00
1.566425561904907227e+00
1.763522267341613770e+00
1.426161885261535645e+00
1.218270063400268555e+00
1.328609585762023926e+00
1.932690382003784180e+00
1.417423129081726074e+00
1.809599041938781738e+00
1.471675157546997070e+00
1.406615495681762695e+00
1.431820988655090332e+00
1.555365681648254395e+00
1.460553169250488281e+00
1.290102362632751465e+00
1.273087739944458008e+00
1.364941596984863281e+00
1.506290912628173828e+00
1.364967107772827148e+00
1.605861186981201172e+00
1.379301309585571289e+00
1.382252097129821777e+00
1.465747237205505371e+00
1.843893885612487793e+00
1.514412403106689453e+00
1.340562343597412109e+00
1.369749188423156738e+00
1.397351503372192383e+00
1.753430247306823730e+00
1.645819306373596191e+00
1.393702507019042969e+00
1.469599604606628418e+00
1.655689477920532227e+00
1.706785440444946289e+00
1.408916950225830078e+00
1.226016044616699219e+00
1.331041216850280762e+00
1.484328508377075195e+00
1.389012932777404785e+00
1.468291401863098145e+00
1.454591870307922363e+00
1.470574498176574707e+00
1.254101991653442383e+00
1.550777316093444824e+00
1.382158398628234863e+00
1.423613071441650391e+00
1.413766860961914062e+00
1.396252989768981934e+00
1.276814699172973633e+00
1.820717334747314453e+00
1.409907102584838867e+00
1.434800505638122559e+00
1.621996641159057617e+00
1.400583386421203613e+00
1.802609443664550781e+00
1.443484544754028320e+00
1.777930140495300293e+00
1.379818797111511230e+00
1.649119615554809570e+00
1.424588322639465332e+00
1.368135094642639160e+00
2.360618591308593750e+00
1.388132572174072266e+00
1.265453696250915527e+00
1.357111811637878418e+00
1.330813527107238770e+00
2.008604288101196289e+00
1.432505965232849121e+00
1.337106704711914062e+00
1.354505419731140137e+00
1.450789451599121094e+00
1.407752156257629395e+00
1.238487243652343750e+00
1.394872546195983887e+00
1.352572679519653320e+00
1.348961114883422852e+00
1.344131946563720703e+00
1.348641753196716309e+00
1.421704053878784180e+00
1.502890467643737793e+00
1.488409519195556641e+00
1.237965822219848633e+00
1.314256787300109863e+00
1.485427618026733398e+00
1.543434023857116699e+00
1.484647750854492188e+00
1.525075674057006836e+00
1.454244971275329590e+00
2.053422689437866211e+00
1.820236325263977051e+00
1.388975620269775391e+00
1.380288600921630859e+00
1.564288854598999023e+00
1.968477725982666016e+00
1.596789479255676270e+00
1.531071186065673828e+00
1.463091015815734863e+00
1.420518279075622559e+00
1.393243432044982910e+00
1.298110604286193848e+00
1.367425203323364258e+00
1.756115317344665527e+00
1.414075613021850586e+00
1.789167165756225586e+00
1.406539082527160645e+00
1.463709235191345215e+00
1.449324250221252441e+00
1.500062108039855957e+00
1.419555664062500000e+00
1.760694742202758789e+00
1.721132159233093262e+00
1.821477770805358887e+00
1.527109861373901367e+00
1.491745114326477051e+00
1.372513890266418457e+00
1.571671128273010254e+00
1.272680759429931641e+00
1.329794406890869141e+00
1.661942839622497559e+00
1.310380220413208008e+00
1.857239007949829102e+00
1.322601914405822754e+00
1.319740295410156250e+00
1.440449833869934082e+00
1.448556542396545410e+00
1.387048125267028809e+00
1.367187857627868652e+00
1.440453410148620605e+00
1.408894658088684082e+00
1.599285364151000977e+00
1.516237139701843262e+00
1.352887392044067383e+00
1.390010595321655273e+00
1.340415716171264648e+00
1.476149082183837891e+00
1.340388059616088867e+00
1.302193522453308105e+00
1.558649182319641113e+00
1.456374406814575195e+00
1.284221172332763672e+00
1.678125143051147461e+00
1.287925720214843750e+00
1.681691646575927734e+00
1.529609441757202148e+00
1.253567814826965332e+00
1.472535729408264160e+00
1.474345326423645020e+00
1.291576266288757324e+00
1.300822496414184570e+00
1.272744894027709961e+00
1.252805233001708984e+00
1.386175036430358887e+00
1.652743935585021973e+00
1.514181137084960938e+00
1.666774034500122070e+00
1.411038756370544434e+00
1.445680618286132812e+00
1.512738823890686035e+00
1.326732635498046875e+00
1.400583028793334961e+00
1.373335123062133789e+00
1.505430221557617188e+00
1.426006197929382324e+00
1.918511867523193359e+00
1.447019100189208984e+00
1.442853569984436035e+00
1.282506823539733887e+00
1.662400245666503906e+00
1.507401823997497559e+00
1.297218084335327148e+00
1.239139914512634277e+00
1.636172890663146973e+00
1.486947774887084961e+00
1.481737971305847168e+00
1.364529967308044434e+00
1.708390116691589355e+00
1.315778136253356934e+00
1.341228961944580078e+00
1.376107811927795410e+00
1.912961363792419434e+00
1.790537834167480469e+00
1.376126050949096680e+00
1.741566896438598633e+00
1.754584670066833496e+00
1.604964375495910645e+00
1.540090441703796387e+00
1.426175594329833984e+00
1.406737923622131348e+00
1.317990303039550781e+00
1.401486992835998535e+00
1.728464722633361816e+00
1.846966743469238281e+00
1.227468729019165039e+00
1.312307596206665039e+00
1.331019759178161621e+00
1.549478769302368164e+00
1.624437928199768066e+00
1.555834650993347168e+00
1.462110757827758789e+00
1.789562702178955078e+00
1.605567574501037598e+00
1.793056845664978027e+00
1.314868569374084473e+00
1.630280971527099609e+00
1.432704687118530273e+00
1.325959086418151855e+00
1.367863655090332031e+00
1.334527850151062012e+00
1.613997459411621094e+00
1.541694283485412598e+00
1.389799594879150391e+00
1.617537379264831543e+00
1.553887367248535156e+00
1.489345431327819824e+00
1.548654913902282715e+00
1.399409174919128418e+00
1.299993515014648438e+00
1.189156889915466309e+00
1.785517930984497070e+00
1.924406409263610840e+00
1.393097162246704102e+00
1.407521009445190430e+00
1.258093833923339844e+00
1.614809870719909668e+00
1.490303993225097656e+00
1.246200680732727051e+00
1.427801847457885742e+00
1.218832254409790039e+00
1.495523333549499512e+00
1.345610380172729492e+00
1.408472895622253418e+00
1.454286813735961914e+00
1.372872710227966309e+00
1.268622159957885742e+00
1.436014771461486816e+00
1.439773201942443848e+00
1.363391757011413574e+00
1.426222324371337891e+00
1.259472012519836426e+00
1.413884162902832031e+00
1.280968189239501953e+00
1.288665652275085449e+00
1.298923254013061523e+00
1.452261209487915039e+00
1.612309694290161133e+00
1.361271858215332031e+00
1.273948311805725098e+00
1.447230100631713867e+00
1.325006842613220215e+00
1.280956387519836426e+00
1.549562811851501465e+00
1.582445979118347168e+00
1.281702518463134766e+00
1.582135915756225586e+00
1.254053592681884766e+00
1.712701439857482910e+00
1.436935186386108398e+00
1.428599119186401367e+00
1.474734306335449219e+00
1.405358433723449707e+00
1.271774649620056152e+00
1.731954336166381836e+00
1.383821249008178711e+00
1.329319477081298828e+00
1.213072657585144043e+00
1.512386322021484375e+00
1.461528062820434570e+00
1.212489843368530273e+00
1.559412121772766113e+00
1.286872744560241699e+00
1.299527645111083984e+00
1.482951045036315918e+00
1.608038067817687988e+00
1.417383790016174316e+00
1.347457528114318848e+00
1.560342550277709961e+00
1.273583531379699707e+00
1.230783700942993164e+00
1.712988376617431641e+00
1.357042670249938965e+00
1.326739311218261719e+00
1.556454181671142578e+00
1.522728800773620605e+00
1.539065718650817871e+00
1.362925291061401367e+00
1.464541912078857422e+00
1.381547927856445312e+00
1.768447518348693848e+00
1.318710565567016602e+00
1.448023676872253418e+00
1.574845910072326660e+00
1.390642046928405762e+00
1.311984300613403320e+00
1.410425782203674316e+00
1.340623021125793457e+00
1.267724275588989258e+00
1.571843981742858887e+00
1.478198051452636719e+00
1.886797904968261719e+00
1.423011064529418945e+00
1.307095170021057129e+00
1.296322822570800781e+00
1.184897422790527344e+00
1.239972949028015137e+00
1.542544722557067871e+00
1.676489949226379395e+00
1.392407894134521484e+00
1.812530040740966797e+00
1.282148480415344238e+00
1.328052163124084473e+00
1.702883124351501465e+00
1.178009867668151855e+00
1.359615921974182129e+00
1.335639238357543945e+00
1.299505352973937988e+00
1.325482010841369629e+00
2.230341196060180664e+00
1.278549790382385254e+00
1.349088788032531738e+00
1.207534909248352051e+00
1.367033839225769043e+00
1.327213048934936523e+00
1.300163507461547852e+00
1.487032532691955566e+00
1.474272966384887695e+00
1.407552480697631836e+00
1.576581001281738281e+00
1.404815673828125000e+00
1.433012366294860840e+00
1.520088672637939453e+00
1.279976963996887207e+00
1.618255019187927246e+00
1.498530030250549316e+00
1.539880752563476562e+00
1.320064067840576172e+00
1.233076572418212891e+00
1.234624385833740234e+00
1.251549005508422852e+00
1.351390004158020020e+00
1.300829529762268066e+00
1.104634404182434082e+00
1.482716202735900879e+00
1.862663745880126953e+00
1.256203532218933105e+00
1.416746854782104492e+00
1.377633094787597656e+00
1.496461391448974609e+00
1.276854872703552246e+00
1.455744147300720215e+00
1.821927309036254883e+00
1.406320095062255859e+00
1.428619265556335449e+00
1.499038338661193848e+00
1.463398456573486328e+00
2.250783681869506836e+00
1.491630434989929199e+00
1.502994060516357422e+00
1.304511070251464844e+00
1.498062729835510254e+00
1.420508861541748047e+00
1.296715736389160156e+00
1.267057538032531738e+00
1.263429403305053711e+00
1.403955578804016113e+00
1.320158600807189941e+00
1.490962743759155273e+00
1.654243111610412598e+00
1.541513681411743164e+00
1.236381888389587402e+00
1.403533220291137695e+00
1.232242703437805176e+00
1.519991993904113770e+00
1.663007259368896484e+00
1.411445975303649902e+00
1.189445734024047852e+00
1.431109070777893066e+00
1.205112814903259277e+00
1.552893638610839844e+00
1.437552928924560547e+00
1.354538798332214355e+00
1.600665450096130371e+00
1.525234580039978027e+00
1.338660836219787598e+00
1.456003189086914062e+00
1.411368966102600098e+00
1.289347767829895020e+00
1.383335828781127930e+00
1.852976679801940918e+00
1.219462990760803223e+00
1.749865889549255371e+00
1.337612986564636230e+00
1.336794018745422363e+00
1.385259985923767090e+00
1.486422419548034668e+00
1.511497855186462402e+00
1.320959091186523438e+00
1.667660236358642578e+00
1.295871138572692871e+00
1.644367694854736328e+00
1.365317344665527344e+00
1.503242373466491699e+00
1.224226355552673340e+00
1.262726664543151855e+00
1.515719652175903320e+00
1.447605729103088379e+00
1.443936944007873535e+00
1.260269641876220703e+00
1.473259091377258301e+00
1.312959194183349609e+00
1.257235646247863770e+00
1.419803857803344727e+00
1.403154611587524414e+00
1.495228290557861328e+00
1.223843574523925781e+00
1.495105147361755371e+00
1.429497838020324707e+00
1.329307794570922852e+00
1.311974048614501953e+00
1.895029067993164062e+00
1.594696640968322754e+00
1.409765362739562988e+00
1.282287597656250000e+00
1.331600666046142578e+00
1.399227857589721680e+00
1.265004158020019531e+00
1.407928466796875000e+00
1.263819575309753418e+00
1.770265817642211914e+00
1.413341283798217773e+00
1.296491265296936035e+00
1.465344429016113281e+00
1.437868237495422363e+00
1.434788227081298828e+00
1.532832503318786621e+00
1.233671426773071289e+00
1.297994375228881836e+00
1.206654667854309082e+00
1.251335620880126953e+00
1.380814075469970703e+00
1.330586075782775879e+00
1.474517822265625000e+00
1.510297298431396484e+00
1.426913619041442871e+00
1.368071556091308594e+00
1.480528116226196289e+00
1.519139766693115234e+00
1.603397011756896973e+00
1.496209859848022461e+00
1.272719383239746094e+00
1.657593965530395508e+00
1.178362011909484863e+00
1.358885765075683594e+00
1.461957693099975586e+00
1.483694672584533691e+00
1.158454418182373047e+00
1.449780702590942383e+00
1.276307225227355957e+00
1.375767588615417480e+00
1.442465901374816895e+00
1.297920703887939453e+00
1.401196002960205078e+00
1.453474521636962891e+00
1.600453615188598633e+00
1.504957795143127441e+00
1.652652978897094727e+00
1.339389562606811523e+00
2.042910337448120117e+00
1.519650459289550781e+00
1.346441030502319336e+00
1.337465643882751465e+00
1.341578364372253418e+00
1.424475550651550293e+00
1.399630904197692871e+00
1.576233267784118652e+00
1.416864514350891113e+00
1.218568682670593262e+00
1.512109637260437012e+00
1.374390244483947754e+00
1.426990866661071777e+00
1.625706672668457031e+00
1.636341094970703125e+00
1.685806155204772949e+00
1.288263678550720215e+00
1.353327870368957520e+00
1.443816542625427246e+00
1.439809560775756836e+00
1.756149888038635254e+00
1.508776783943176270e+00
1.394758701324462891e+00
1.294617652893066406e+00
1.608340382575988770e+00
1.244391322135925293e+00
1.505445122718811035e+00
1.418786883354187012e+00
1.217209219932556152e+00
1.403184175491333008e+00
1.407154679298400879e+00
1.292894721031188965e+00
1.384400963783264160e+00
1.304305434226989746e+00
1.407384991645812988e+00
1.362449049949645996e+00
1.275891661643981934e+00
1.563611984252929688e+00
1.552068114280700684e+00
1.275297403335571289e+00
1.570646405220031738e+00
1.293493509292602539e+00
1.154067754745483398e+00
1.510878443717956543e+00
1.674296975135803223e+00
1.250867605209350586e+00
1.340091466903686523e+00
1.666993021965026855e+00
1.628409862518310547e+00
1.398583531379699707e+00
1.303429126739501953e+00
1.361167907714843750e+00
1.285949945449829102e+00
1.411252021789550781e+00
1.343380689620971680e+00
1.337779760360717773e+00
1.680097103118896484e+00
1.403233766555786133e+00
1.713289260864257812e+00
1.552219629287719727e+00
1.364850044250488281e+00
1.236142396926879883e+00
1.378426671028137207e+00
1.340504288673400879e+00
1.441101908683776855e+00
1.255149602890014648e+00
1.408962726593017578e+00
1.235640406608581543e+00
1.527714490890502930e+00
1.412752270698547363e+00
1.220178127288818359e+00
1.455886840820312500e+00
1.385020136833190918e+00
1.418390035629272461e+00
1.489417552947998047e+00
1.541356086730957031e+00
1.532266139984130859e+00
1.285461544990539551e+00
1.195510506629943848e+00
1.405714154243469238e+00
1.735031127929687500e+00
1.881659507751464844e+00
1.298353672027587891e+00
1.213395357131958008e+00
1.396629571914672852e+00
1.203241109848022461e+00
2.390303134918212891e+00
1.454306721687316895e+00
1.322145342826843262e+00
1.408688902854919434e+00
1.374584794044494629e+00
1.383628606796264648e+00
1.398890018463134766e+00
1.568345189094543457e+00
1.499797701835632324e+00
1.529022932052612305e+00
1.522076010704040527e+00
1.339821100234985352e+00
1.360429644584655762e+00
1.553004264831542969e+00
1.441885232925415039e+00
1.255997300148010254e+00
1.414417028427124023e+00
1.748938679695129395e+00
1.357101202011108398e+00
1.463793039321899414e+00
1.328829050064086914e+00
1.793069243431091309e+00
1.345558524131774902e+00
1.311603188514709473e+00
1.433983802795410156e+00
1.355415940284729004e+00
1.304831743240356445e+00
1.407254815101623535e+00
1.315461754798889160e+00
1.271489739418029785e+00
1.276660799980163574e+00
1.450992345809936523e+00
1.131281375885009766e+00
1.640852689743041992e+00
1.507307171821594238e+00
1.430262923240661621e+00
1.368206143379211426e+00
1.284358620643615723e+00
1.261765360832214355e+00
1.403549432754516602e+00
1.181589841842651367e+00
1.238100647926330566e+00
1.333991646766662598e+00
1.393519997596740723e+00
1.687687277793884277e+00
1.201127648353576660e+00
1.798099517822265625e+00
1.366687297821044922e+00
1.136886954307556152e+00
1.600644826889038086e+00
1.547741770744323730e+00
1.220407724380493164e+00
1.657245278358459473e+00
1.382191896438598633e+00
1.254510283470153809e+00
1.312446475028991699e+00
1.388345479965209961e+00
1.227242946624755859e+00
1.304994225502014160e+00
1.516471266746520996e+00
1.689560651779174805e+00
1.556684255599975586e+00
1.494416832923889160e+00
1.440821647644042969e+00
1.437823653221130371e+00
1.311128020286560059e+00
1.244772672653198242e+00
1.494858264923095703e+00
1.820740103721618652e+00
1.449869155883789062e+00
1.494212865829467773e+00
1.404661178588867188e+00
1.259300827980041504e+00
1.332205653190612793e+00
1.625216960906982422e+00
1.623424291610717773e+00
1.333465576171875000e+00
1.293358087539672852e+00
1.541473984718322754e+00
1.483694434165954590e+00
1.342903852462768555e+00
1.596645236015319824e+00
1.871262788772583008e+00
1.465337514877319336e+00
1.570937275886535645e+00
1.375499486923217773e+00
1.375339865684509277e+00
1.199898242950439453e+00
1.403948664665222168e+00
1.657745361328125000e+00
1.432841062545776367e+00
1.361939072608947754e+00
1.169974207878112793e+00
1.706451892852783203e+00
1.297992706298828125e+00
1.447661876678466797e+00
1.317023992538452148e+00
1.324749350547790527e+00
1.388889908790588379e+00
1.336740136146545410e+00
1.468309044837951660e+00
1.574002623558044434e+00
1.470657110214233398e+00
1.379306793212890625e+00
2.137446165084838867e+00
1.411692619323730469e+00
1.655057430267333984e+00
1.304490447044372559e+00
1.355545997619628906e+00
1.512298107147216797e+00
1.406506776809692383e+00
1.438808798789978027e+00
1.245549440383911133e+00
1.419781446456909180e+00
1.399048566818237305e+00
1.283567428588867188e+00
1.291959524154663086e+00
1.431352496147155762e+00
1.360560774803161621e+00
1.177923917770385742e+00
4.281163692474365234e+00
1.494295477867126465e+00
1.343230962753295898e+00
1.456578135490417480e+00
1.354792237281799316e+00
1.361765861511230469e+00
1.242038249969482422e+00
1.384302020072937012e+00
1.397544026374816895e+00
1.318976759910583496e+00
1.222504615783691406e+00
1.319003462791442871e+00
1.141569733619689941e+00
1.482792258262634277e+00
1.338332056999206543e+00
1.433646082878112793e+00
1.550257086753845215e+00
1.195357918739318848e+00
1.220623373985290527e+00
1.206152081489562988e+00
1.267472743988037109e+00
1.252070188522338867e+00
1.267963290214538574e+00
1.401387929916381836e+00
1.277000546455383301e+00
1.701623558998107910e+00
1.703957438468933105e+00
1.308155298233032227e+00
1.141263604164123535e+00
1.806851744651794434e+00
2.812881946563720703e+00
1.531160712242126465e+00
1.280337452888488770e+00
1.485323667526245117e+00
1.250608205795288086e+00
1.706192135810852051e+00
1.532354950904846191e+00
1.631246805191040039e+00
1.363985300064086914e+00
1.342739343643188477e+00
1.296074628829956055e+00
1.437860012054443359e+00
1.339810371398925781e+00
2.185163497924804688e+00
1.603489756584167480e+00
1.422735691070556641e+00
1.489404559135437012e+00
1.313335895538330078e+00
1.376319885253906250e+00
1.279868364334106445e+00
1.249511241912841797e+00
1.250796675682067871e+00
1.240208506584167480e+00
1.260868191719055176e+00
1.422983407974243164e+00
1.406144976615905762e+00
1.169080018997192383e+00
1.085142731666564941e+00
1.477806448936462402e+00
1.146374821662902832e+00
2.127639293670654297e+00
1.288091063499450684e+00
1.504342913627624512e+00
1.356594681739807129e+00
1.327460050582885742e+00
1.352833628654479980e+00
1.229291915893554688e+00
1.309507966041564941e+00
1.347997903823852539e+00
1.305018901824951172e+00
1.418107867240905762e+00
1.396033525466918945e+00
1.153328537940979004e+00
1.622442603111267090e+00
1.276785254478454590e+00
1.245807051658630371e+00
1.179553508758544922e+00
1.468339323997497559e+00
1.403602242469787598e+00
1.307523608207702637e+00
1.335784673690795898e+00
1.317001461982727051e+00
1.257646679878234863e+00
1.692761778831481934e+00
1.322221279144287109e+00
2.737845182418823242e+00
1.192234516143798828e+00
1.126284003257751465e+00
1.423729419708251953e+00
1.372896790504455566e+00
1.353652834892272949e+00
1.448206901550292969e+00
1.428543329238891602e+00
1.255792617797851562e+00
1.456851601600646973e+00
1.789308667182922363e+00
1.175204157829284668e+00
1.494847297668457031e+00
1.272163867950439453e+00
1.601622462272644043e+00
1.388848066329956055e+00
1.302264451980590820e+00
1.856856703758239746e+00
1.280131101608276367e+00
1.496809124946594238e+00
1.737642526626586914e+00
1.455365657806396484e+00
1.352828741073608398e+00
1.397641777992248535e+00
1.302234768867492676e+00
1.655147671699523926e+00
1.297923564910888672e+00
1.328343868255615234e+00
1.375760912895202637e+00
1.553684711456298828e+00
1.401843905448913574e+00
1.422530651092529297e+00
1.305211782455444336e+00
1.334661364555358887e+00
1.135215401649475098e+00
1.576578736305236816e+00
1.205999732017517090e+00
1.491100907325744629e+00
1.095720887184143066e+00
1.507277131080627441e+00
1.402406811714172363e+00
1.178946375846862793e+00
1.210023283958435059e+00
1.363225340843200684e+00
1.291780829429626465e+00
1.444338202476501465e+00
1.401105999946594238e+00
1.415718555450439453e+00
1.497807145118713379e+00
1.397997617721557617e+00
1.323478341102600098e+00
1.330374836921691895e+00
1.434691667556762695e+00
1.427411437034606934e+00
1.729136347770690918e+00
1.429696202278137207e+00
1.232088685035705566e+00
1.527367115020751953e+00
1.423049211502075195e+00
1.602012872695922852e+00
1.360476732254028320e+00
1.500564575195312500e+00
1.337104558944702148e+00
1.446115851402282715e+00
1.310342550277709961e+00
1.373655796051025391e+00
1.314235210418701172e+00
1.533067226409912109e+00
1.338090658187866211e+00
1.436377048492431641e+00
1.572948336601257324e+00
1.506052970886230469e+00
1.196269512176513672e+00
1.247997879981994629e+00
1.460298418998718262e+00
1.751177430152893066e+00
1.212633728981018066e+00
1.227517724037170410e+00
1.593474864959716797e+00
1.430167078971862793e+00
1.216714739799499512e+00
1.245887875556945801e+00
1.332266569137573242e+00
1.371039748191833496e+00
1.375226020812988281e+00
1.265096545219421387e+00
1.311481595039367676e+00
1.355977058410644531e+00
1.151059269905090332e+00
1.191875457763671875e+00
1.344082832336425781e+00
1.704337358474731445e+00
1.347666859626770020e+00
1.449984788894653320e+00
1.232377767562866211e+00
1.437115192413330078e+00
1.366768717765808105e+00
1.234258294105529785e+00
1.319648027420043945e+00
1.300269246101379395e+00
1.279846787452697754e+00
1.279669761657714844e+00
1.203392028808593750e+00
1.704995870590209961e+00
1.309143066406250000e+00
1.743501543998718262e+00
1.415320396423339844e+00
1.416012883186340332e+00
1.316217780113220215e+00
1.606836557388305664e+00
1.412674427032470703e+00
2.138660669326782227e+00
1.462933897972106934e+00
1.275685667991638184e+00
1.698859214782714844e+00
1.402176380157470703e+00
1.492916107177734375e+00
1.423256039619445801e+00
1.444696545600891113e+00
1.641469717025756836e+00
1.412103652954101562e+00
1.323980569839477539e+00
1.244776725769042969e+00
1.359909057617187500e+00
1.407977461814880371e+00
1.166018009185791016e+00
1.259210109710693359e+00
1.296967387199401855e+00
1.465522170066833496e+00
1.283992528915405273e+00
1.231820225715637207e+00
1.355260133743286133e+00
1.438542366027832031e+00
1.174628615379333496e+00
1.130961537361145020e+00
1.244247317314147949e+00
1.241037011146545410e+00
1.350806713104248047e+00
1.750195384025573730e+00
1.261076331138610840e+00
1.759132981300354004e+00
1.211839318275451660e+00
1.401835799217224121e+00
1.237341046333312988e+00
2.048518180847167969e+00
1.217454314231872559e+00
1.462491393089294434e+00
1.212740540504455566e+00
2.075941562652587891e+00
1.378344297409057617e+00
1.640752911567687988e+00
1.165115475654602051e+00
1.194600462913513184e+00
1.430501103401184082e+00
1.428780555725097656e+00
1.282282948493957520e+00
1.547019362449645996e+00
1.370811104774475098e+00
1.167357206344604492e+00
1.323434710502624512e+00
1.291234731674194336e+00
1.512336730957031250e+00
1.298126935958862305e+00
1.379052400588989258e+00
1.215355634689331055e+00
1.351886153221130371e+00
1.351551771163940430e+00
1.174228668212890625e+00
1.362934112548828125e+00
1.314769983291625977e+00
1.317895054817199707e+00
1.911155223846435547e+00
2.516949653625488281e+00
1.404279708862304688e+00
1.298261642456054688e+00
1.675562024116516113e+00
1.808978676795959473e+00
1.178645372390747070e+00
1.330482125282287598e+00
1.310829281806945801e+00
1.258114933967590332e+00
1.293202280998229980e+00
1.271241903305053711e+00
1.210107564926147461e+00
1.303072571754455566e+00
1.262961864471435547e+00
1.619701862335205078e+00
1.280580878257751465e+00
1.530869364738464355e+00
1.153284907341003418e+00
1.209705114364624023e+00
1.561093568801879883e+00
1.237902522087097168e+00
1.227161288261413574e+00
1.435526013374328613e+00
1.229737281799316406e+00
1.189803600311279297e+00
1.518665432929992676e+00
1.181823015213012695e+00
1.371148824691772461e+00
1.240072607994079590e+00
1.339677333831787109e+00
1.522757887840270996e+00
1.354103207588195801e+00
1.672309517860412598e+00
1.434626817703247070e+00
1.305020809173583984e+00
1.330457329750061035e+00
1.343997240066528320e+00
1.204656839370727539e+00
1.124429821968078613e+00
1.185612201690673828e+00
1.122127890586853027e+00
1.198715567588806152e+00
1.411806106567382812e+00
1.667886376380920410e+00
1.338332891464233398e+00
1.257688403129577637e+00
1.331787347793579102e+00
1.094157934188842773e+00
1.728206157684326172e+00
1.420028448104858398e+00
1.366104841232299805e+00
1.481863021850585938e+00
1.127886056900024414e+00
1.322209715843200684e+00
1.432793259620666504e+00
5.476266384124755859e+00
1.538133263587951660e+00
1.274840950965881348e+00
1.169010519981384277e+00
1.680837154388427734e+00
1.423982977867126465e+00
1.170172572135925293e+00
1.376027464866638184e+00
1.362595438957214355e+00
1.157206654548645020e+00
1.431208372116088867e+00
1.285211801528930664e+00
1.464354276657104492e+00
1.388584613800048828e+00
1.111299276351928711e+00
1.563037872314453125e+00
1.140499472618103027e+00
1.282345771789550781e+00
1.234422802925109863e+00
1.281295299530029297e+00
1.433476924896240234e+00
1.220313906669616699e+00
1.723167181015014648e+00
1.288534641265869141e+00
1.226547837257385254e+00
1.237915873527526855e+00
1.648217678070068359e+00
1.276075839996337891e+00
1.342112541198730469e+00
1.457818627357482910e+00
1.312768340110778809e+00
1.182733535766601562e+00
1.345189929008483887e+00
1.271842122077941895e+00
1.507444620132446289e+00
1.387665033340454102e+00
1.207980871200561523e+00
1.279956340789794922e+00
1.286798000335693359e+00
1.155060291290283203e+00
1.387289166450500488e+00
1.356672286987304688e+00
1.457299709320068359e+00
1.221355795860290527e+00
1.095989227294921875e+00
1.493327379226684570e+00
1.652187705039978027e+00
1.465751886367797852e+00
1.550643801689147949e+00
1.216790318489074707e+00
1.205893635749816895e+00
1.405085682868957520e+00
1.667860150337219238e+00
1.749923348426818848e+00
1.108066439628601074e+00
1.649063467979431152e+00
1.092954039573669434e+00
1.307680845260620117e+00
1.380394697189331055e+00
1.196421146392822266e+00
1.266626000404357910e+00
1.286164402961730957e+00
1.112805604934692383e+00
1.328621745109558105e+00
1.152474284172058105e+00
1.150707364082336426e+00
1.186434864997863770e+00
1.626903057098388672e+00
1.233959078788757324e+00
1.315193891525268555e+00
1.399605512619018555e+00
1.306403756141662598e+00
1.301604747772216797e+00
1.142333388328552246e+00
1.223627567291259766e+00
1.472586989402770996e+00
1.190541863441467285e+00
1.269888877868652344e+00
1.430829286575317383e+00
2.193443775177001953e+00
2.296354532241821289e+00
1.197836995124816895e+00
1.327367186546325684e+00
1.143407702445983887e+00
1.209004878997802734e+00
1.666437745094299316e+00
1.185988426208496094e+00
1.341509819030761719e+00
1.315621614456176758e+00
1.373028159141540527e+00
1.226258277893066406e+00
1.569122195243835449e+00
1.231296896934509277e+00
1.059010982513427734e+00
1.326520323753356934e+00
1.443011641502380371e+00
1.250889897346496582e+00
1.528018832206726074e+00
1.544352889060974121e+00
1.136469960212707520e+00
1.434022545814514160e+00
1.843861341476440430e+00
1.175920128822326660e+00
1.500612497329711914e+00
1.491935133934020996e+00
1.368543982505798340e+00
1.364026308059692383e+00
1.576579451560974121e+00
1.235635280609130859e+00
1.547978520393371582e+00
1.087823748588562012e+00
1.406243681907653809e+00
1.500645637512207031e+00
1.255910396575927734e+00
1.255537748336791992e+00
1.264783501625061035e+00
1.956342458724975586e+00
1.321021914482116699e+00
1.356266498565673828e+00
1.485838651657104492e+00
1.474454879760742188e+00
1.497339248657226562e+00
1.224314808845520020e+00
1.363653659820556641e+00
1.514390707015991211e+00
1.258605241775512695e+00
1.113020420074462891e+00
1.260373473167419434e+00
1.350610733032226562e+00
1.151991844177246094e+00
1.312389135360717773e+00
1.579071998596191406e+00
1.249091029167175293e+00
1.316093087196350098e+00
1.238696694374084473e+00
1.328105568885803223e+00
1.274602293968200684e+00
1.468380093574523926e+00
1.504858493804931641e+00
1.466468453407287598e+00
1.214109301567077637e+00
2.203118324279785156e+00
1.473061442375183105e+00
1.381696939468383789e+00
1.224273562431335449e+00
1.313537478446960449e+00
1.481326341629028320e+00
1.640667915344238281e+00
1.398237586021423340e+00
1.635785222053527832e+00
1.188626766204833984e+00
1.254235625267028809e+00
1.082499265670776367e+00
1.190003156661987305e+00
1.182171821594238281e+00
1.359726428985595703e+00
1.168750405311584473e+00
1.132601857185363770e+00
1.203385829925537109e+00
1.366418719291687012e+00
1.228170037269592285e+00
1.224676370620727539e+00
1.302249193191528320e+00
1.218177556991577148e+00
1.229047894477844238e+00
1.383078098297119141e+00
1.619362473487854004e+00
1.229419708251953125e+00
1.129394531250000000e+00
1.038738846778869629e+00
1.321871638298034668e+00
1.538192749023437500e+00
1.155522584915161133e+00
1.721067786216735840e+00
1.616400003433227539e+00
1.240094542503356934e+00
1.331569433212280273e+00
1.127773523330688477e+00
1.183536410331726074e+00
1.315079927444458008e+00
1.498152494430541992e+00
1.345914483070373535e+00
1.296170711517333984e+00
1.262198567390441895e+00
2.573242664337158203e+00
1.925153493881225586e+00
1.545387029647827148e+00
1.396746873855590820e+00
1.530827403068542480e+00
1.310814023017883301e+00
2.270940065383911133e+00
1.586942195892333984e+00
1.314639449119567871e+00
1.175935149192810059e+00
1.137204766273498535e+00
1.431459546089172363e+00
1.377148389816284180e+00
1.338050484657287598e+00
1.278764247894287109e+00
1.152497053146362305e+00
1.267565846443176270e+00
1.258089303970336914e+00
1.681042313575744629e+00
1.263432741165161133e+00
1.449042439460754395e+00
1.336853861808776855e+00
1.234513998031616211e+00
1.626714229583740234e+00
1.159967303276062012e+00
1.196959018707275391e+00
1.164222002029418945e+00
1.418782353401184082e+00
1.492254614830017090e+00
1.099427938461303711e+00
1.247907876968383789e+00
1.283556699752807617e+00
1.375033736228942871e+00
1.162519931793212891e+00
1.643081426620483398e+00
1.300923824310302734e+00
1.404915928840637207e+00
1.463666319847106934e+00
1.378705978393554688e+00
1.789729714393615723e+00
1.523539066314697266e+00
1.604103088378906250e+00
1.896038651466369629e+00
1.360321521759033203e+00
1.084565043449401855e+00
1.155301570892333984e+00
1.209383368492126465e+00
1.329468131065368652e+00
1.147474884986877441e+00
1.303114891052246094e+00
1.236978411674499512e+00
1.155363678932189941e+00
1.249996423721313477e+00
1.736703991889953613e+00
2.154390811920166016e+00
1.268955469131469727e+00
1.024097204208374023e+00
1.582029819488525391e+00
1.528516888618469238e+00
1.156621456146240234e+00
1.358891010284423828e+00
1.541864395141601562e+00
1.074623346328735352e+00
1.647428035736083984e+00
1.570187926292419434e+00
1.156637072563171387e+00
1.430504918098449707e+00
1.194965958595275879e+00
1.153823852539062500e+00
1.942661881446838379e+00
1.242492079734802246e+00
1.246642947196960449e+00
1.181751132011413574e+00
1.580369710922241211e+00
1.335869073867797852e+00
1.425065159797668457e+00
1.687099456787109375e+00
1.148635387420654297e+00
1.657877445220947266e+00
1.186175704002380371e+00
1.406685590744018555e+00
1.286835908889770508e+00
1.340755581855773926e+00
1.376318454742431641e+00
1.395337462425231934e+00
1.742709040641784668e+00
1.185428380966186523e+00
1.534814953804016113e+00
1.420209169387817383e+00
1.200546622276306152e+00
1.489232778549194336e+00
1.356865048408508301e+00
1.268085241317749023e+00
1.333725094795227051e+00
1.295701503753662109e+00
1.796736001968383789e+00
1.409984707832336426e+00
1.691511154174804688e+00
1.402628779411315918e+00
1.402788877487182617e+00
1.312900662422180176e+00
1.158268570899963379e+00
1.080124139785766602e+00
1.216580033302307129e+00
1.275671958923339844e+00
1.544040560722351074e+00
1.147894620895385742e+00
1.262548208236694336e+00
1.267859578132629395e+00
1.431516170501708984e+00
1.478561282157897949e+00
1.165066480636596680e+00
1.319781303405761719e+00
1.641230225563049316e+00
1.251332759857177734e+00
1.204508900642395020e+00
1.230875730514526367e+00
1.255894184112548828e+00
1.178992509841918945e+00
1.400540232658386230e+00
1.478188157081604004e+00
1.426758170127868652e+00
1.387565135955810547e+00
1.508146286010742188e+00
1.742652416229248047e+00
1.237799644470214844e+00
1.833253383636474609e+00
1.496085643768310547e+00
1.136043787002563477e+00
1.406180143356323242e+00
1.453227281570434570e+00
1.120953440666198730e+00
1.451925039291381836e+00
1.356864690780639648e+00
1.686226367950439453e+00
1.294591426849365234e+00
1.263873338699340820e+00
1.814504027366638184e+00
1.271746158599853516e+00
1.107429146766662598e+00
1.155766367912292480e+00
1.011590361595153809e+00
1.280667304992675781e+00
1.058496832847595215e+00
1.197160840034484863e+00
1.197769284248352051e+00
1.776403784751892090e+00
1.661136984825134277e+00
1.278411865234375000e+00
1.696177124977111816e+00
1.424039721488952637e+00
1.219272613525390625e+00
1.255443930625915527e+00
1.160195827484130859e+00
1.475938558578491211e+00
1.502667188644409180e+00
1.087210893630981445e+00
1.391435861587524414e+00
1.377909541130065918e+00
1.481851339340209961e+00
1.266133427619934082e+00
1.371349215507507324e+00
1.236431241035461426e+00
1.493023037910461426e+00
1.118112683296203613e+00
1.299498438835144043e+00
1.111393809318542480e+00
1.271040797233581543e+00
1.463025927543640137e+00
1.348291873931884766e+00
1.115647077560424805e+00
1.421209216117858887e+00
1.424375534057617188e+00
1.437541842460632324e+00
1.452347517013549805e+00
1.406719565391540527e+00
1.207297444343566895e+00
1.390730381011962891e+00
1.113973021507263184e+00
1.430650234222412109e+00
1.336165189743041992e+00
1.242222905158996582e+00
1.349089384078979492e+00
1.142142295837402344e+00
1.088109135627746582e+00
1.342468023300170898e+00
1.601377725601196289e+00
1.770226359367370605e+00
1.485674023628234863e+00
1.574487447738647461e+00
1.057129979133605957e+00
1.251561403274536133e+00
1.143175601959228516e+00
1.292218089103698730e+00
1.720274567604064941e+00
1.595189571380615234e+00
1.386360287666320801e+00
1.129065990447998047e+00
1.367027282714843750e+00
1.446233510971069336e+00
1.376837372779846191e+00
1.147148132324218750e+00
1.216842293739318848e+00
1.215407967567443848e+00
1.202602744102478027e+00
1.624012112617492676e+00
1.251024007797241211e+00
1.235113620758056641e+00
1.174247264862060547e+00
1.760442614555358887e+00
1.322935104370117188e+00
1.330382943153381348e+00
1.305741190910339355e+00
1.182790160179138184e+00
1.203803420066833496e+00
1.342587709426879883e+00
1.267486691474914551e+00
1.292327165603637695e+00
1.290541768074035645e+00
1.385160446166992188e+00
1.224253058433532715e+00
1.213810086250305176e+00
1.399495363235473633e+00
1.249067783355712891e+00
1.296317815780639648e+00
1.711656689643859863e+00
1.357441186904907227e+00
1.375841259956359863e+00
1.375378727912902832e+00
1.294388890266418457e+00
1.211163163185119629e+00
1.316157460212707520e+00
1.389753103256225586e+00
1.471410274505615234e+00
1.314989209175109863e+00
1.310737371444702148e+00
1.322081685066223145e+00
1.243027567863464355e+00
1.241755604743957520e+00
1.470521688461303711e+00
1.040000557899475098e+00
1.108310103416442871e+00
1.093750476837158203e+00
1.387543439865112305e+00
1.377395868301391602e+00
1.337713360786437988e+00
1.270704388618469238e+00
1.594561815261840820e+00
1.162671208381652832e+00
1.096113443374633789e+00
1.302698731422424316e+00
1.336605429649353027e+00
1.467393398284912109e+00
1.672019124031066895e+00
1.230267882347106934e+00
1.439157128334045410e+00
1.113041877746582031e+00
1.337965607643127441e+00
1.294123411178588867e+00
1.184947848320007324e+00
1.331269264221191406e+00
1.169275164604187012e+00
1.204786419868469238e+00
1.363204121589660645e+00
1.199028015136718750e+00
1.511265397071838379e+00
1.388854622840881348e+00
1.361390948295593262e+00
1.229203343391418457e+00
1.433180570602416992e+00
1.241342902183532715e+00
1.252732992172241211e+00
1.165688395500183105e+00
1.334494829177856445e+00
1.216680526733398438e+00
1.184034109115600586e+00
1.372114539146423340e+00
1.143111348152160645e+00
1.290309309959411621e+00
1.225480437278747559e+00
1.207483053207397461e+00
1.196855306625366211e+00
1.254649639129638672e+00
1.360427498817443848e+00
1.203787326812744141e+00
1.307649016380310059e+00
1.908444762229919434e+00
1.414556741714477539e+00
1.061076879501342773e+00
1.172984957695007324e+00
1.270857810974121094e+00
1.125626444816589355e+00
1.491492271423339844e+00
1.421280145645141602e+00
1.141349673271179199e+00
1.296896696090698242e+00
1.571623086929321289e+00
1.201529502868652344e+00
1.367773771286010742e+00
1.276866674423217773e+00
1.122779607772827148e+00
1.459821343421936035e+00
1.477589845657348633e+00
1.203762173652648926e+00
1.416220784187316895e+00
1.236614584922790527e+00
1.280652165412902832e+00
1.307071328163146973e+00
1.465472698211669922e+00
1.093277215957641602e+00
1.190807700157165527e+00
1.110688686370849609e+00
1.220911741256713867e+00
1.265789628028869629e+00
1.145208001136779785e+00
1.324884176254272461e+00
1.218491911888122559e+00
1.437478899955749512e+00
1.157347559928894043e+00
1.353481292724609375e+00
1.658111095428466797e+00
1.566753149032592773e+00
1.307040929794311523e+00
1.359224915504455566e+00
1.530520677566528320e+00
1.173473477363586426e+00
1.342959761619567871e+00
1.408250689506530762e+00
1.158990859985351562e+00
1.243045568466186523e+00
1.460741043090820312e+00
1.204893827438354492e+00
1.708382129669189453e+00
1.305391788482666016e+00
1.560313940048217773e+00
1.186534166336059570e+00
1.394283413887023926e+00
1.245718955993652344e+00
1.182066679000854492e+00
1.199032783508300781e+00
1.320228338241577148e+00
1.513592123985290527e+00
1.935817956924438477e+00
1.161375641822814941e+00
1.542515158653259277e+00
1.782608866691589355e+00
1.196257829666137695e+00
1.268387675285339355e+00
1.444438457489013672e+00
1.740163683891296387e+00
1.413359403610229492e+00
1.332070231437683105e+00
1.238545060157775879e+00
1.136043071746826172e+00
1.410145401954650879e+00
1.249974131584167480e+00
1.306299448013305664e+00
1.376659989356994629e+00
1.227787494659423828e+00
1.131380200386047363e+00
1.031321287155151367e+00
1.347470283508300781e+00
1.224160432815551758e+00
1.256283283233642578e+00
1.345042586326599121e+00
1.052585005760192871e+00
1.456138491630554199e+00
1.231444954872131348e+00
1.241730332374572754e+00
1.398278594017028809e+00
1.519381284713745117e+00
1.299297690391540527e+00
1.283533573150634766e+00
1.413209915161132812e+00
1.220787286758422852e+00
1.268980383872985840e+00
1.335562229156494141e+00
1.296121358871459961e+00
1.238628983497619629e+00
1.377749800682067871e+00
1.406586766242980957e+00
1.570788145065307617e+00
1.184267997741699219e+00
1.379433393478393555e+00
1.095930099487304688e+00
1.631559729576110840e+00
1.448853611946105957e+00
1.474059581756591797e+00
1.147489070892333984e+00
1.142799377441406250e+00
1.948038220405578613e+00
1.447821140289306641e+00
1.573869585990905762e+00
1.171123266220092773e+00
1.217977285385131836e+00
2.036551237106323242e+00
1.380962371826171875e+00
1.336099505424499512e+00
1.185513138771057129e+00
1.521647095680236816e+00
1.146436691284179688e+00
1.596342444419860840e+00
1.422440409660339355e+00
1.175172328948974609e+00
1.426020145416259766e+00
1.313497900962829590e+00
1.109910130500793457e+00
1.340460300445556641e+00
1.132903695106506348e+00
1.218863248825073242e+00
1.402519226074218750e+00
1.304441928863525391e+00
1.403117060661315918e+00
1.222115874290466309e+00
1.367518901824951172e+00
2.681609153747558594e+00
1.449514508247375488e+00
1.132382750511169434e+00
1.090242862701416016e+00
1.255581259727478027e+00
1.029047369956970215e+00
1.268605351448059082e+00
1.157518982887268066e+00
1.378290534019470215e+00
1.572709202766418457e+00
1.100867509841918945e+00
1.161815881729125977e+00
1.438362240791320801e+00
1.604423284530639648e+00
1.249248981475830078e+00
1.227174639701843262e+00
1.234050035476684570e+00
1.221966505050659180e+00
1.298055052757263184e+00
1.430443286895751953e+00
1.172917008399963379e+00
1.301014423370361328e+00
1.167514204978942871e+00
1.279491066932678223e+00
1.497838973999023438e+00
1.221856832504272461e+00
1.269830107688903809e+00
1.387230515480041504e+00
1.474178194999694824e+00
1.124381184577941895e+00
1.135349750518798828e+00
1.410048484802246094e+00
1.217023253440856934e+00
1.444248795509338379e+00
1.460148453712463379e+00
1.569620728492736816e+00
1.458512902259826660e+00
1.141278982162475586e+00
1.382543802261352539e+00
1.237966775894165039e+00
1.213196277618408203e+00
1.398623466491699219e+00
1.530742287635803223e+00
1.770042181015014648e+00
1.328540921211242676e+00
1.372606515884399414e+00
1.259200811386108398e+00
1.420543074607849121e+00
1.161533832550048828e+00
1.197792768478393555e+00
1.582044005393981934e+00
1.235382318496704102e+00
1.235353827476501465e+00
1.344021677970886230e+00
1.325561881065368652e+00
1.517969965934753418e+00
1.222243547439575195e+00
1.271700501441955566e+00
1.290869235992431641e+00
1.328975677490234375e+00
1.562011837959289551e+00
1.437359809875488281e+00
1.643223404884338379e+00
1.185695171356201172e+00
1.403009533882141113e+00
1.445793628692626953e+00
1.154043793678283691e+00
1.891688227653503418e+00
1.204772710800170898e+00
1.584047794342041016e+00
1.306878685951232910e+00
1.046946406364440918e+00
1.337255835533142090e+00
1.208067417144775391e+00
1.450323820114135742e+00
1.432227134704589844e+00
1.058304667472839355e+00
1.242239594459533691e+00
1.684392452239990234e+00
1.152270913124084473e+00
1.247267246246337891e+00
1.452565789222717285e+00
2.211972951889038086e+00
1.245341777801513672e+00
1.379149317741394043e+00
1.291739583015441895e+00
1.132669687271118164e+00
1.530118942260742188e+00
1.306191325187683105e+00
1.255201339721679688e+00
1.436270594596862793e+00
1.224987268447875977e+00
1.113536596298217773e+00
1.237551331520080566e+00
1.464713096618652344e+00
1.073440194129943848e+00
1.089586853981018066e+00
1.012914538383483887e+00
1.229560732841491699e+00
1.406829714775085449e+00
1.493030190467834473e+00
1.228066682815551758e+00
1.503065347671508789e+00
1.264060139656066895e+00
1.248814582824707031e+00
1.307813882827758789e+00
1.216266989707946777e+00
1.283179283142089844e+00
1.246559143066406250e+00
1.278335809707641602e+00
1.260685205459594727e+00
1.208539009094238281e+00
1.221022963523864746e+00
1.477198481559753418e+00
1.118936061859130859e+00
1.220927238464355469e+00
1.526473760604858398e+00
1.582324504852294922e+00
1.392018795013427734e+00
9.981194734573364258e-01
1.203343987464904785e+00
1.224947214126586914e+00
1.356229662895202637e+00
1.304264068603515625e+00
1.584578633308410645e+00
1.504437446594238281e+00
1.319343447685241699e+00
1.074123263359069824e+00
1.336179494857788086e+00
1.364508748054504395e+00
1.270518660545349121e+00
1.474588871002197266e+00
1.282248139381408691e+00
1.432479023933410645e+00
1.305879712104797363e+00
1.349277019500732422e+00
1.165606617927551270e+00
1.183705925941467285e+00
1.240883111953735352e+00
1.310596108436584473e+00
1.607154369354248047e+00
1.216121196746826172e+00
1.227459788322448730e+00
1.247586250305175781e+00
1.208481431007385254e+00
2.231380701065063477e+00
1.281934261322021484e+00
1.464370489120483398e+00
1.491867542266845703e+00
1.361855626106262207e+00
1.345671653747558594e+00
1.410565376281738281e+00
1.152317166328430176e+00
1.279970407485961914e+00
1.089462161064147949e+00
1.144630432128906250e+00
1.144505858421325684e+00
1.354382157325744629e+00
1.480726003646850586e+00
1.235275745391845703e+00
1.621098756790161133e+00
1.111521482467651367e+00
1.256533265113830566e+00
1.242316126823425293e+00
1.034352183341979980e+00
1.243660330772399902e+00
1.187394857406616211e+00
1.500040411949157715e+00
1.217810273170471191e+00
1.375888586044311523e+00
1.372570037841796875e+00
1.259110569953918457e+00
1.367140531539916992e+00
1.709486842155456543e+00
1.428415775299072266e+00
1.045405268669128418e+00
1.329198837280273438e+00
1.278668999671936035e+00
1.090290784835815430e+00
1.158097386360168457e+00
1.368310093879699707e+00
1.664586424827575684e+00
1.242582082748413086e+00
1.151131391525268555e+00
1.199390292167663574e+00
1.280422925949096680e+00
1.531982779502868652e+00
1.623745560646057129e+00
1.405670642852783203e+00
1.269219279289245605e+00
1.035149812698364258e+00
1.313759922981262207e+00
1.217642426490783691e+00
1.140769004821777344e+00
1.277464985847473145e+00
1.295147180557250977e+00
1.453589916229248047e+00
1.186439275741577148e+00
1.272760510444641113e+00
1.321541666984558105e+00
1.207085132598876953e+00
1.671068310737609863e+00
1.674190878868103027e+00
1.422503709793090820e+00
1.051180481910705566e+00
1.536881923675537109e+00
1.194722056388854980e+00
1.289137482643127441e+00
1.308076620101928711e+00
1.081424474716186523e+00
1.366587638854980469e+00
1.261461853981018066e+00
1.479557991027832031e+00
1.024907469749450684e+00
1.241139292716979980e+00
1.280748128890991211e+00
1.148320317268371582e+00
1.276995182037353516e+00
1.263918161392211914e+00
1.094315409660339355e+00
1.192489624023437500e+00
1.130509018898010254e+00
1.508938550949096680e+00
1.072023987770080566e+00
1.462346315383911133e+00
1.220353722572326660e+00
1.219360351562500000e+00
1.458310008049011230e+00
1.349462747573852539e+00
1.590133428573608398e+00
1.337754130363464355e+00
1.060190439224243164e+00
1.043960452079772949e+00
1.222904205322265625e+00
1.522936582565307617e+00
1.243012785911560059e+00
1.315418004989624023e+00
1.197263240814208984e+00
1.624349594116210938e+00
1.109112977981567383e+00
1.219383239746093750e+00
1.411545276641845703e+00
1.154189467430114746e+00
1.362805128097534180e+00
1.193135261535644531e+00
1.501574873924255371e+00
1.617850303649902344e+00
1.158827662467956543e+00
1.167935729026794434e+00
1.077296972274780273e+00
1.219863772392272949e+00
1.257810592651367188e+00
1.096936821937561035e+00
1.181557536125183105e+00
1.069978237152099609e+00
1.342337965965270996e+00
1.402513504028320312e+00
1.049823880195617676e+00
1.176051855087280273e+00
1.227338910102844238e+00
1.060701847076416016e+00
1.201624035835266113e+00
1.322517275810241699e+00
1.139240980148315430e+00
1.054448246955871582e+00
1.114807128906250000e+00
1.177305579185485840e+00
1.110679149627685547e+00
1.205888748168945312e+00
1.433217644691467285e+00
1.241651654243469238e+00
1.441574931144714355e+00
1.303789496421813965e+00
1.255681037902832031e+00
1.271570682525634766e+00
1.248716831207275391e+00
1.203857898712158203e+00
1.192200541496276855e+00
1.350998997688293457e+00
1.202987313270568848e+00
9.937772154808044434e-01
1.338024377822875977e+00
1.087136387825012207e+00
1.218991756439208984e+00
1.356723785400390625e+00
1.444296598434448242e+00
1.272965192794799805e+00
2.212202310562133789e+00
1.391685247421264648e+00
1.152736544609069824e+00
1.132683157920837402e+00
1.150457143783569336e+00
1.386095523834228516e+00
1.324129939079284668e+00
1.260892152786254883e+00
1.055382251739501953e+00
1.747528672218322754e+00
1.288580417633056641e+00
1.266143798828125000e+00
1.204395174980163574e+00
1.340768456459045410e+00
