6.585822753906250000e+02
7.413483276367187500e+02
7.386247558593750000e+02
8.329699707031250000e+02
7.810673828125000000e+02
6.489782714843750000e+02
6.646845703125000000e+02
5.875994873046875000e+02
8.327630004882812500e+02
6.153912353515625000e+02
9.128145751953125000e+02
5.425211791992187500e+02
6.230120239257812500e+02
7.081530151367187500e+02
7.279532470703125000e+02
7.077624511718750000e+02
8.556984252929687500e+02
8.970968627929687500e+02
9.576528930664062500e+02
8.071734619140625000e+02
8.689263305664062500e+02
8.323989868164062500e+02
6.977294921875000000e+02
7.156203613281250000e+02
8.370279541015625000e+02
6.544511718750000000e+02
8.201138305664062500e+02
7.974944458007812500e+02
7.563319091796875000e+02
9.903874511718750000e+02
7.426442871093750000e+02
6.677771606445312500e+02
7.681361083984375000e+02
8.994990844726562500e+02
8.173728027343750000e+02
7.542412719726562500e+02
6.652340087890625000e+02
8.530454711914062500e+02
7.328379516601562500e+02
7.101422729492187500e+02
9.560127563476562500e+02
7.134028320312500000e+02
8.326742553710937500e+02
6.437259521484375000e+02
7.122507934570312500e+02
8.423536376953125000e+02
6.056911621093750000e+02
9.008497924804687500e+02
6.970419921875000000e+02
8.390404052734375000e+02
6.046315307617187500e+02
6.216713867187500000e+02
9.446965942382812500e+02
8.678955078125000000e+02
8.840884399414062500e+02
6.145996704101562500e+02
8.456251831054687500e+02
5.619041748046875000e+02
7.355930786132812500e+02
7.677416992187500000e+02
7.573586425781250000e+02
8.947621459960937500e+02
8.146115112304687500e+02
8.107514038085937500e+02
7.557567749023437500e+02
6.390197753906250000e+02
6.358688964843750000e+02
8.511541137695312500e+02
8.241567382812500000e+02
7.696864013671875000e+02
7.911064453125000000e+02
7.644305419921875000e+02
7.541739501953125000e+02
3.911850891113281250e+02
5.994010620117187500e+02
7.303613891601562500e+02
8.584892578125000000e+02
8.538511352539062500e+02
6.897557373046875000e+02
7.281634521484375000e+02
7.647312622070312500e+02
6.734836425781250000e+02
7.633241577148437500e+02
5.243963012695312500e+02
7.464665527343750000e+02
7.510670166015625000e+02
9.519772949218750000e+02
7.188930664062500000e+02
5.888323974609375000e+02
8.956743164062500000e+02
8.695525512695312500e+02
7.648075561523437500e+02
8.811749877929687500e+02
7.598623046875000000e+02
6.655398559570312500e+02
5.920263061523437500e+02
7.202160034179687500e+02
6.379221191406250000e+02
8.155872192382812500e+02
8.161684570312500000e+02
5.069931030273437500e+02
7.139846191406250000e+02
7.214947509765625000e+02
6.530053710937500000e+02
6.135641479492187500e+02
6.589134521484375000e+02
7.789317626953125000e+02
9.169743041992187500e+02
7.731560058593750000e+02
8.512841186523437500e+02
7.288180541992187500e+02
7.685056762695312500e+02
8.967070922851562500e+02
9.109200439453125000e+02
9.930071411132812500e+02
6.269761962890625000e+02
8.610509643554687500e+02
8.076256713867187500e+02
7.010261840820312500e+02
9.731017456054687500e+02
7.150808105468750000e+02
7.504299316406250000e+02
7.179381713867187500e+02
9.230925292968750000e+02
9.201603393554687500e+02
7.738649291992187500e+02
7.834433593750000000e+02
7.071371459960937500e+02
6.302980957031250000e+02
8.660792846679687500e+02
7.890106811523437500e+02
8.499285888671875000e+02
9.907413330078125000e+02
8.066129760742187500e+02
7.682813720703125000e+02
8.817427368164062500e+02
7.772700805664062500e+02
7.111044921875000000e+02
6.182451782226562500e+02
8.199342041015625000e+02
6.341602172851562500e+02
7.266991577148437500e+02
9.582802124023437500e+02
7.043907470703125000e+02
7.105111694335937500e+02
8.589157104492187500e+02
6.704420166015625000e+02
7.921884155273437500e+02
7.588569335937500000e+02
7.429325561523437500e+02
8.715169067382812500e+02
9.612777709960937500e+02
6.245015869140625000e+02
7.468277587890625000e+02
6.888823852539062500e+02
9.165309448242187500e+02
7.915581665039062500e+02
7.812835693359375000e+02
6.537695312500000000e+02
8.454082031250000000e+02
7.546087036132812500e+02
9.531065063476562500e+02
1.018097473144531250e+03
9.802446899414062500e+02
8.187883300781250000e+02
1.122864013671875000e+03
6.746658325195312500e+02
8.049150390625000000e+02
7.103480834960937500e+02
8.362056884765625000e+02
8.390894775390625000e+02
6.603421020507812500e+02
7.220084838867187500e+02
6.807775268554687500e+02
6.721057739257812500e+02
7.756433105468750000e+02
8.004971313476562500e+02
7.788402709960937500e+02
8.191654052734375000e+02
8.245156860351562500e+02
8.664764404296875000e+02
7.972098388671875000e+02
8.208838500976562500e+02
8.110675659179687500e+02
7.338399047851562500e+02
9.564212646484375000e+02
6.740106201171875000e+02
7.105311889648437500e+02
7.939351196289062500e+02
9.876467895507812500e+02
7.961679077148437500e+02
7.562743530273437500e+02
7.620615844726562500e+02
6.724025268554687500e+02
9.926072998046875000e+02
7.135007324218750000e+02
5.925103149414062500e+02
9.515566406250000000e+02
8.298666381835937500e+02
9.021878051757812500e+02
8.986753540039062500e+02
7.239489746093750000e+02
7.990205078125000000e+02
8.182113647460937500e+02
9.378651123046875000e+02
7.242951049804687500e+02
8.077797241210937500e+02
7.893185424804687500e+02
7.257322387695312500e+02
7.701355590820312500e+02
8.123361206054687500e+02
7.317109375000000000e+02
9.555170288085937500e+02
7.097647094726562500e+02
8.502804565429687500e+02
7.228624267578125000e+02
7.757650756835937500e+02
7.707758789062500000e+02
6.919086914062500000e+02
7.015382080078125000e+02
8.444473876953125000e+02
7.439993896484375000e+02
7.269406127929687500e+02
9.367190551757812500e+02
7.623925170898437500e+02
1.020932739257812500e+03
6.770526733398437500e+02
8.135143432617187500e+02
7.768760986328125000e+02
7.451314697265625000e+02
7.580194091796875000e+02
7.758023071289062500e+02
7.115376586914062500e+02
6.975703125000000000e+02
7.856278686523437500e+02
7.637255859375000000e+02
1.029692993164062500e+03
7.100852050781250000e+02
6.917032470703125000e+02
7.826971435546875000e+02
8.070397949218750000e+02
7.300136718750000000e+02
6.986132202148437500e+02
8.271401367187500000e+02
7.255580444335937500e+02
9.771710815429687500e+02
8.413815917968750000e+02
9.618302612304687500e+02
7.985447998046875000e+02
7.846605834960937500e+02
7.282515869140625000e+02
7.881816406250000000e+02
7.024353637695312500e+02
7.329240722656250000e+02
8.570557250976562500e+02
7.946123046875000000e+02
6.136242065429687500e+02
6.762555541992187500e+02
7.803317260742187500e+02
8.115388793945312500e+02
7.894626464843750000e+02
7.551878662109375000e+02
6.147222900390625000e+02
7.749421386718750000e+02
7.741486816406250000e+02
6.222128295898437500e+02
7.033197021484375000e+02
7.940958862304687500e+02
7.999869384765625000e+02
7.730405883789062500e+02
5.282237548828125000e+02
7.380726928710937500e+02
7.302444458007812500e+02
8.167630004882812500e+02
7.685390014648437500e+02
8.093255004882812500e+02
7.925088500976562500e+02
5.357748413085937500e+02
7.292605590820312500e+02
7.449752197265625000e+02
7.808060302734375000e+02
8.400551147460937500e+02
8.339622802734375000e+02
8.203735961914062500e+02
7.479501342773437500e+02
7.495980224609375000e+02
6.946698608398437500e+02
7.895445556640625000e+02
8.705427246093750000e+02
8.160005493164062500e+02
5.712051391601562500e+02
7.043840332031250000e+02
6.833412475585937500e+02
7.630009765625000000e+02
8.019678344726562500e+02
8.016967773437500000e+02
7.508817749023437500e+02
8.727868041992187500e+02
8.808075561523437500e+02
6.159650878906250000e+02
6.539567871093750000e+02
6.983040771484375000e+02
7.447896728515625000e+02
7.687058715820312500e+02
7.644129028320312500e+02
5.990778808593750000e+02
7.887199096679687500e+02
7.075312500000000000e+02
7.226547241210937500e+02
7.558449096679687500e+02
8.225072021484375000e+02
6.143493041992187500e+02
5.945442504882812500e+02
6.277868652343750000e+02
8.408591308593750000e+02
9.246828002929687500e+02
7.192817382812500000e+02
7.666543579101562500e+02
8.397167968750000000e+02
7.514896240234375000e+02
7.037838745117187500e+02
8.123739624023437500e+02
8.637927246093750000e+02
7.502338867187500000e+02
6.396575927734375000e+02
9.615684204101562500e+02
7.992973022460937500e+02
9.533872070312500000e+02
6.468359985351562500e+02
8.058806152343750000e+02
7.324323120117187500e+02
9.395645141601562500e+02
7.691177368164062500e+02
9.252479248046875000e+02
7.094020385742187500e+02
8.690180053710937500e+02
5.827461547851562500e+02
6.950267944335937500e+02
7.389913940429687500e+02
6.926924438476562500e+02
7.652812500000000000e+02
9.690570068359375000e+02
9.132616577148437500e+02
7.483333740234375000e+02
8.067860717773437500e+02
5.668059082031250000e+02
9.925916137695312500e+02
1.042942626953125000e+03
6.407247314453125000e+02
7.828811035156250000e+02
7.556343994140625000e+02
7.049620361328125000e+02
6.640321655273437500e+02
7.781945190429687500e+02
8.040500488281250000e+02
7.268881225585937500e+02
5.246895751953125000e+02
7.728024902343750000e+02
9.026728515625000000e+02
7.681152954101562500e+02
6.612747192382812500e+02
6.524757690429687500e+02
6.307675170898437500e+02
7.939533081054687500e+02
8.215164184570312500e+02
9.636535644531250000e+02
7.788318481445312500e+02
8.190103149414062500e+02
6.704169311523437500e+02
6.481775512695312500e+02
7.246717529296875000e+02
9.630053710937500000e+02
9.473466186523437500e+02
7.316582641601562500e+02
6.711973876953125000e+02
7.633556518554687500e+02
8.060679931640625000e+02
8.427891845703125000e+02
6.818015747070312500e+02
1.002792419433593750e+03
6.409654541015625000e+02
8.416801147460937500e+02
6.568731079101562500e+02
6.900411376953125000e+02
6.810094604492187500e+02
7.763715209960937500e+02
9.328997192382812500e+02
7.837020263671875000e+02
9.065458984375000000e+02
8.583190307617187500e+02
7.695943603515625000e+02
7.792302246093750000e+02
8.952557983398437500e+02
7.744524536132812500e+02
9.589921264648437500e+02
7.893192749023437500e+02
9.345671997070312500e+02
6.347579345703125000e+02
6.164389648437500000e+02
8.730535278320312500e+02
7.224409790039062500e+02
9.237999267578125000e+02
7.833822631835937500e+02
6.161282958984375000e+02
7.877502441406250000e+02
7.127799072265625000e+02
6.419522705078125000e+02
8.267648315429687500e+02
9.741992187500000000e+02
8.428863525390625000e+02
5.443500976562500000e+02
8.734877319335937500e+02
9.375895385742187500e+02
7.791782226562500000e+02
6.757752685546875000e+02
8.489514160156250000e+02
7.750740356445312500e+02
8.019534912109375000e+02
8.974013061523437500e+02
9.276158447265625000e+02
6.097363891601562500e+02
7.688556518554687500e+02
7.535444335937500000e+02
7.653006591796875000e+02
7.022327270507812500e+02
7.935401000976562500e+02
7.521372070312500000e+02
9.171978759765625000e+02
1.023942382812500000e+03
8.585501708984375000e+02
6.784787597656250000e+02
7.378678588867187500e+02
7.948828735351562500e+02
7.292503051757812500e+02
6.650681762695312500e+02
6.560018920898437500e+02
7.987268676757812500e+02
8.101278076171875000e+02
5.724476318359375000e+02
7.603537597656250000e+02
8.517437744140625000e+02
9.162678833007812500e+02
8.774656372070312500e+02
8.061749267578125000e+02
8.739316406250000000e+02
6.850980834960937500e+02
7.248094482421875000e+02
6.419057006835937500e+02
8.414082031250000000e+02
8.461158447265625000e+02
7.387000122070312500e+02
1.051037475585937500e+03
6.682001953125000000e+02
8.183229980468750000e+02
9.589079589843750000e+02
8.866705322265625000e+02
7.609086914062500000e+02
6.520692138671875000e+02
8.148082885742187500e+02
8.428979492187500000e+02
5.768547973632812500e+02
7.749332885742187500e+02
8.899161376953125000e+02
7.233582153320312500e+02
9.895603637695312500e+02
7.209507446289062500e+02
7.705311889648437500e+02
7.068479003906250000e+02
7.473853149414062500e+02
6.909160766601562500e+02
7.475632934570312500e+02
8.703507080078125000e+02
7.138890380859375000e+02
8.994401245117187500e+02
7.964423828125000000e+02
7.632308349609375000e+02
8.914480590820312500e+02
7.744397583007812500e+02
7.201387939453125000e+02
9.685747680664062500e+02
7.243081665039062500e+02
6.984418334960937500e+02
9.268069458007812500e+02
7.813219604492187500e+02
9.588794555664062500e+02
9.508158569335937500e+02
6.762013549804687500e+02
8.380598754882812500e+02
7.529022216796875000e+02
7.068904418945312500e+02
9.730348510742187500e+02
8.547435913085937500e+02
8.729055175781250000e+02
1.054648315429687500e+03
7.283101806640625000e+02
7.876699218750000000e+02
8.491732177734375000e+02
8.584937133789062500e+02
7.146939697265625000e+02
8.170909423828125000e+02
6.622951660156250000e+02
7.965270996093750000e+02
7.519099731445312500e+02
7.685894775390625000e+02
5.969099121093750000e+02
6.478267211914062500e+02
8.793626098632812500e+02
5.859058837890625000e+02
6.773348388671875000e+02
9.159935913085937500e+02
7.892258300781250000e+02
8.022290649414062500e+02
7.324012451171875000e+02
6.095257568359375000e+02
8.935383911132812500e+02
6.733577880859375000e+02
8.461091918945312500e+02
9.029738159179687500e+02
8.291876220703125000e+02
7.417674560546875000e+02
8.310667724609375000e+02
7.606165161132812500e+02
7.563689575195312500e+02
7.368522949218750000e+02
7.241658325195312500e+02
7.880412597656250000e+02
7.932740478515625000e+02
7.012345581054687500e+02
6.759541015625000000e+02
7.396367187500000000e+02
8.710316772460937500e+02
8.117209472656250000e+02
6.866643066406250000e+02
6.988554077148437500e+02
8.862968139648437500e+02
7.630974121093750000e+02
9.076123046875000000e+02
8.355121459960937500e+02
6.536749267578125000e+02
9.321909790039062500e+02
7.127269897460937500e+02
8.863710937500000000e+02
7.664847412109375000e+02
8.119273681640625000e+02
6.100690307617187500e+02
7.997019653320312500e+02
9.874135131835937500e+02
6.486138916015625000e+02
6.268815917968750000e+02
6.937256469726562500e+02
7.807574462890625000e+02
6.948214721679687500e+02
8.926209716796875000e+02
6.627410888671875000e+02
8.107627563476562500e+02
7.164144897460937500e+02
6.270130004882812500e+02
5.350492553710937500e+02
7.004093017578125000e+02
8.941815185546875000e+02
6.842349243164062500e+02
7.800919799804687500e+02
9.387537231445312500e+02
6.928566284179687500e+02
8.297830200195312500e+02
7.082509155273437500e+02
6.985312500000000000e+02
6.520936889648437500e+02
7.251542358398437500e+02
7.191249389648437500e+02
6.736438598632812500e+02
8.905440673828125000e+02
6.225625610351562500e+02
7.356492309570312500e+02
7.287243041992187500e+02
6.018272094726562500e+02
8.356208496093750000e+02
7.206799316406250000e+02
8.445225830078125000e+02
7.423963012695312500e+02
6.420071411132812500e+02
8.021035156250000000e+02
8.731518554687500000e+02
7.742064208984375000e+02
8.845035400390625000e+02
8.665307006835937500e+02
6.983328247070312500e+02
7.463317260742187500e+02
7.033666381835937500e+02
8.560235595703125000e+02
8.215379638671875000e+02
6.761849365234375000e+02
7.224741210937500000e+02
7.533889770507812500e+02
8.325645141601562500e+02
5.286843261718750000e+02
6.049799194335937500e+02
7.390610351562500000e+02
7.044849243164062500e+02
7.948479614257812500e+02
8.713308715820312500e+02
7.312899780273437500e+02
5.616296386718750000e+02
8.285210571289062500e+02
7.697377929687500000e+02
7.049342651367187500e+02
9.971647949218750000e+02
8.080404052734375000e+02
6.108450317382812500e+02
8.310341796875000000e+02
6.650095214843750000e+02
8.651251831054687500e+02
9.208419799804687500e+02
7.530758056640625000e+02
7.132360229492187500e+02
8.353314208984375000e+02
9.224711914062500000e+02
6.412533569335937500e+02
8.723566284179687500e+02
8.027104492187500000e+02
7.297765502929687500e+02
7.462084350585937500e+02
8.725540161132812500e+02
6.709631347656250000e+02
7.740714111328125000e+02
6.820343627929687500e+02
9.177319946289062500e+02
7.307349243164062500e+02
7.882317504882812500e+02
9.545830688476562500e+02
7.671389160156250000e+02
7.579284667968750000e+02
5.790873413085937500e+02
7.988110961914062500e+02
6.944776000976562500e+02
8.652504272460937500e+02
5.600977783203125000e+02
7.699322509765625000e+02
7.609416503906250000e+02
6.557565307617187500e+02
7.213661499023437500e+02
6.811889038085937500e+02
6.865340576171875000e+02
7.593144531250000000e+02
7.321582031250000000e+02
7.584392089843750000e+02
9.434638061523437500e+02
8.294494628906250000e+02
7.072692260742187500e+02
8.284774169921875000e+02
8.599113159179687500e+02
7.619204711914062500e+02
9.580417480468750000e+02
6.221459960937500000e+02
6.532512817382812500e+02
7.879093627929687500e+02
5.770291748046875000e+02
6.412680053710937500e+02
6.603706054687500000e+02
5.963735351562500000e+02
7.231151733398437500e+02
7.413057861328125000e+02
7.312557373046875000e+02
6.808027954101562500e+02
6.615073852539062500e+02
7.184705200195312500e+02
8.543053588867187500e+02
5.541173706054687500e+02
7.560773925781250000e+02
8.177762451171875000e+02
7.731846923828125000e+02
8.754940185546875000e+02
7.237442016601562500e+02
7.980632324218750000e+02
6.024287719726562500e+02
6.997955322265625000e+02
6.476508789062500000e+02
7.384758911132812500e+02
8.072307128906250000e+02
7.449210815429687500e+02
7.023529663085937500e+02
6.335891113281250000e+02
9.038897094726562500e+02
7.553228759765625000e+02
7.787108154296875000e+02
8.799804077148437500e+02
5.253895874023437500e+02
7.235460205078125000e+02
6.858898925781250000e+02
8.111162719726562500e+02
6.095791625976562500e+02
8.833744506835937500e+02
6.804425048828125000e+02
8.841397094726562500e+02
5.103570556640625000e+02
7.960729370117187500e+02
8.250053710937500000e+02
1.008319824218750000e+03
6.448485717773437500e+02
8.370361938476562500e+02
9.512116699218750000e+02
8.957944335937500000e+02
7.519796142578125000e+02
5.916537475585937500e+02
9.287393798828125000e+02
6.439894409179687500e+02
8.308875732421875000e+02
7.647252197265625000e+02
8.041741333007812500e+02
6.667492675781250000e+02
9.368658447265625000e+02
6.778739013671875000e+02
6.179580078125000000e+02
8.521056518554687500e+02
7.604295043945312500e+02
5.860863647460937500e+02
7.813488769531250000e+02
7.470106811523437500e+02
6.670781860351562500e+02
8.881965332031250000e+02
6.121932983398437500e+02
7.332959594726562500e+02
9.725367431640625000e+02
8.524291992187500000e+02
7.180662231445312500e+02
7.216500854492187500e+02
8.513559570312500000e+02
1.000734558105468750e+03
8.322319946289062500e+02
7.245856933593750000e+02
7.610458984375000000e+02
9.028129272460937500e+02
6.638472900390625000e+02
6.690103759765625000e+02
6.352584838867187500e+02
6.345223388671875000e+02
8.681015625000000000e+02
8.824038085937500000e+02
6.490802612304687500e+02
8.822498779296875000e+02
8.720634765625000000e+02
7.249388427734375000e+02
5.788119506835937500e+02
9.091306152343750000e+02
7.281242675781250000e+02
7.298872680664062500e+02
7.776631469726562500e+02
8.291303710937500000e+02
7.750668334960937500e+02
8.522393188476562500e+02
4.997926330566406250e+02
8.093858642578125000e+02
6.885053710937500000e+02
5.818139038085937500e+02
7.386134643554687500e+02
5.956735839843750000e+02
8.494542236328125000e+02
6.386388549804687500e+02
6.894686279296875000e+02
8.330971069335937500e+02
7.612292480468750000e+02
7.064920043945312500e+02
6.908676147460937500e+02
7.984509887695312500e+02
6.645203247070312500e+02
6.430140991210937500e+02
6.561118164062500000e+02
6.119304809570312500e+02
7.253248291015625000e+02
8.177534790039062500e+02
7.238648071289062500e+02
7.730432128906250000e+02
6.187946166992187500e+02
8.197894897460937500e+02
7.782325439453125000e+02
6.035504150390625000e+02
7.751100463867187500e+02
9.268616333007812500e+02
7.287232666015625000e+02
6.923718872070312500e+02
7.505142211914062500e+02
5.976046752929687500e+02
6.728919067382812500e+02
7.747842407226562500e+02
8.656089477539062500e+02
6.902801513671875000e+02
8.759789428710937500e+02
5.049213562011718750e+02
8.982563476562500000e+02
8.229340209960937500e+02
6.020551757812500000e+02
7.973718872070312500e+02
5.968300170898437500e+02
8.207518920898437500e+02
8.083632202148437500e+02
9.421169433593750000e+02
6.902363891601562500e+02
7.460304565429687500e+02
7.152017822265625000e+02
7.890130004882812500e+02
8.605764770507812500e+02
5.045130920410156250e+02
7.270869140625000000e+02
6.049860229492187500e+02
7.335243530273437500e+02
6.582929687500000000e+02
8.781166381835937500e+02
6.038712768554687500e+02
7.451915893554687500e+02
7.500333862304687500e+02
5.963014526367187500e+02
7.613635864257812500e+02
8.033506469726562500e+02
6.137982788085937500e+02
6.864332275390625000e+02
9.698937988281250000e+02
8.476071166992187500e+02
9.495632934570312500e+02
8.465985717773437500e+02
8.629148559570312500e+02
6.830941772460937500e+02
9.658244018554687500e+02
7.248186035156250000e+02
9.767827148437500000e+02
6.453148193359375000e+02
8.582303466796875000e+02
9.681825561523437500e+02
9.894931640625000000e+02
7.487990112304687500e+02
7.012130126953125000e+02
8.554879150390625000e+02
9.227069702148437500e+02
6.442904663085937500e+02
6.257094726562500000e+02
7.540355834960937500e+02
5.935726928710937500e+02
7.656422729492187500e+02
7.721669311523437500e+02
8.054121704101562500e+02
6.882406005859375000e+02
6.620278320312500000e+02
6.954236450195312500e+02
8.479555053710937500e+02
5.780153808593750000e+02
8.643616943359375000e+02
8.958249511718750000e+02
4.734253234863281250e+02
7.462067260742187500e+02
6.767688598632812500e+02
7.893069458007812500e+02
7.277352905273437500e+02
8.508381347656250000e+02
7.411993408203125000e+02
7.789157714843750000e+02
7.069148559570312500e+02
6.363722534179687500e+02
6.772640991210937500e+02
8.145786743164062500e+02
6.356253051757812500e+02
9.039858398437500000e+02
8.698012084960937500e+02
6.916969604492187500e+02
6.777637329101562500e+02
7.913167114257812500e+02
7.139777832031250000e+02
7.408187255859375000e+02
8.887474365234375000e+02
7.740957031250000000e+02
6.645415039062500000e+02
7.088665771484375000e+02
8.901862792968750000e+02
8.434284667968750000e+02
7.996884765625000000e+02
5.951948852539062500e+02
9.209448852539062500e+02
7.116442260742187500e+02
7.829483642578125000e+02
6.164918212890625000e+02
6.557943115234375000e+02
9.110532226562500000e+02
7.882861328125000000e+02
5.509022827148437500e+02
7.343253784179687500e+02
9.386231079101562500e+02
7.405133056640625000e+02
8.242128295898437500e+02
5.723386230468750000e+02
7.239678344726562500e+02
8.447504882812500000e+02
8.291581420898437500e+02
6.637111816406250000e+02
7.241737670898437500e+02
9.473257446289062500e+02
8.115332031250000000e+02
7.724471435546875000e+02
7.535184326171875000e+02
6.521004638671875000e+02
9.360061035156250000e+02
6.820928344726562500e+02
6.627557983398437500e+02
8.682780151367187500e+02
5.496439819335937500e+02
9.460735473632812500e+02
6.715102539062500000e+02
6.263231811523437500e+02
6.205938720703125000e+02
7.021146240234375000e+02
8.122124633789062500e+02
7.077858886718750000e+02
7.756896362304687500e+02
7.742037963867187500e+02
8.388604736328125000e+02
6.748682250976562500e+02
8.647742919921875000e+02
8.328816528320312500e+02
8.522639160156250000e+02
7.405108642578125000e+02
5.128329467773437500e+02
8.671118164062500000e+02
7.464803466796875000e+02
7.613259887695312500e+02
7.514186401367187500e+02
8.569270019531250000e+02
7.633990478515625000e+02
7.525706176757812500e+02
6.276866455078125000e+02
7.973799438476562500e+02
7.462017822265625000e+02
6.316824951171875000e+02
8.992836303710937500e+02
5.644282226562500000e+02
8.467949218750000000e+02
6.745889892578125000e+02
8.203159179687500000e+02
5.542669067382812500e+02
5.368346557617187500e+02
8.413973999023437500e+02
7.096363525390625000e+02
8.307508544921875000e+02
8.176953735351562500e+02
8.223618774414062500e+02
7.601995849609375000e+02
7.960640258789062500e+02
9.201359863281250000e+02
7.887657470703125000e+02
8.272174072265625000e+02
5.782091064453125000e+02
7.682280883789062500e+02
9.476856689453125000e+02
9.896237792968750000e+02
5.705963745117187500e+02
4.466809997558593750e+02
7.846763916015625000e+02
9.041995239257812500e+02
7.105783081054687500e+02
9.339711914062500000e+02
8.438991088867187500e+02
8.055860595703125000e+02
7.583270874023437500e+02
6.772993774414062500e+02
9.123068847656250000e+02
7.313888549804687500e+02
8.242291870117187500e+02
6.820028686523437500e+02
6.667194824218750000e+02
8.426384887695312500e+02
7.551254882812500000e+02
7.698873901367187500e+02
9.369350585937500000e+02
7.729302368164062500e+02
6.744673461914062500e+02
8.500308227539062500e+02
8.718326416015625000e+02
7.433432006835937500e+02
8.379476928710937500e+02
7.427001953125000000e+02
8.396807250976562500e+02
7.551655273437500000e+02
8.450734252929687500e+02
8.675919799804687500e+02
7.601296386718750000e+02
7.932673339843750000e+02
5.552412719726562500e+02
6.513424072265625000e+02
7.964488525390625000e+02
8.836937255859375000e+02
7.438886108398437500e+02
6.423746948242187500e+02
6.132490234375000000e+02
8.540350952148437500e+02
5.981650390625000000e+02
6.877872314453125000e+02
7.773731079101562500e+02
1.022445800781250000e+03
7.427159423828125000e+02
6.804127807617187500e+02
9.356451416015625000e+02
8.239472045898437500e+02
8.173293457031250000e+02
8.207122192382812500e+02
8.994548339843750000e+02
8.799994506835937500e+02
6.339268798828125000e+02
8.587739257812500000e+02
8.181561279296875000e+02
5.420577392578125000e+02
8.505026855468750000e+02
7.479805908203125000e+02
8.739799194335937500e+02
8.081600952148437500e+02
6.522956542968750000e+02
5.681215820312500000e+02
8.019774169921875000e+02
8.395386962890625000e+02
9.148262329101562500e+02
7.789971313476562500e+02
7.361666259765625000e+02
8.625809936523437500e+02
7.067741699218750000e+02
8.404577636718750000e+02
8.794536743164062500e+02
8.903237304687500000e+02
7.561433715820312500e+02
7.840547485351562500e+02
7.623591308593750000e+02
6.900414428710937500e+02
7.512380981445312500e+02
7.184406127929687500e+02
9.175427856445312500e+02
7.237768554687500000e+02
9.154572143554687500e+02
7.995145263671875000e+02
9.866705322265625000e+02
8.182050781250000000e+02
6.610850830078125000e+02
8.563817138671875000e+02
8.704580688476562500e+02
6.919062500000000000e+02
7.837739257812500000e+02
8.083457031250000000e+02
8.608422241210937500e+02
7.441567993164062500e+02
9.478756713867187500e+02
8.286367797851562500e+02
1.015719055175781250e+03
8.910324707031250000e+02
8.717013549804687500e+02
5.683605346679687500e+02
7.929443359375000000e+02
8.531917724609375000e+02
7.564219360351562500e+02
7.441573486328125000e+02
9.034221801757812500e+02
6.852272949218750000e+02
8.117432861328125000e+02
5.894286499023437500e+02
7.618192749023437500e+02
7.648403930664062500e+02
6.524567871093750000e+02
7.491137695312500000e+02
7.017229614257812500e+02
7.292179565429687500e+02
9.298874511718750000e+02
6.211038208007812500e+02
8.804483642578125000e+02
6.801436157226562500e+02
8.356309204101562500e+02
8.924291381835937500e+02
9.599456787109375000e+02
6.620309448242187500e+02
8.255946044921875000e+02
8.032243652343750000e+02
7.225156860351562500e+02
7.833974609375000000e+02
8.894111938476562500e+02
8.439251098632812500e+02
8.219772338867187500e+02
6.504705200195312500e+02
8.615999755859375000e+02
7.738425903320312500e+02
6.574608154296875000e+02
6.704011840820312500e+02
7.023759765625000000e+02
5.782825317382812500e+02
8.275371093750000000e+02
9.683812255859375000e+02
1.012361938476562500e+03
8.431384887695312500e+02
5.932978515625000000e+02
8.757005615234375000e+02
8.299075927734375000e+02
6.790391235351562500e+02
6.631639404296875000e+02
7.413346557617187500e+02
7.971262207031250000e+02
8.711955566406250000e+02
7.314832763671875000e+02
7.300794677734375000e+02
8.950839843750000000e+02
7.653421630859375000e+02
8.619106445312500000e+02
7.193636474609375000e+02
5.816859130859375000e+02
6.761112670898437500e+02
5.647389526367187500e+02
7.590672607421875000e+02
8.165173950195312500e+02
8.237970581054687500e+02
8.155258178710937500e+02
7.484501342773437500e+02
5.457416381835937500e+02
9.457233886718750000e+02
8.867983398437500000e+02
7.325676269531250000e+02
7.479712524414062500e+02
4.633532104492187500e+02
9.143232421875000000e+02
7.843645629882812500e+02
6.548318481445312500e+02
9.986146240234375000e+02
5.227183837890625000e+02
7.825701293945312500e+02
8.543511962890625000e+02
6.586173095703125000e+02
7.342697143554687500e+02
7.130075683593750000e+02
7.940401000976562500e+02
8.614906005859375000e+02
6.687630004882812500e+02
8.429248046875000000e+02
6.570568847656250000e+02
7.248568725585937500e+02
8.556370849609375000e+02
6.392459716796875000e+02
9.350507812500000000e+02
6.907908935546875000e+02
6.983313598632812500e+02
7.897094116210937500e+02
7.574899291992187500e+02
9.457813110351562500e+02
8.150898437500000000e+02
8.661806030273437500e+02
8.994572753906250000e+02
8.172325439453125000e+02
8.079993286132812500e+02
7.071898193359375000e+02
7.908231201171875000e+02
7.446663818359375000e+02
7.239195556640625000e+02
8.468064575195312500e+02
7.801759643554687500e+02
7.596129150390625000e+02
6.967857666015625000e+02
8.848308715820312500e+02
7.858762817382812500e+02
9.252920532226562500e+02
6.563804931640625000e+02
5.545417480468750000e+02
6.873186645507812500e+02
8.002085571289062500e+02
8.694235229492187500e+02
4.839579772949218750e+02
6.057798461914062500e+02
8.390796508789062500e+02
7.242177734375000000e+02
8.273413085937500000e+02
6.197503051757812500e+02
6.443990478515625000e+02
6.906735839843750000e+02
8.079900512695312500e+02
8.522953491210937500e+02
7.811316528320312500e+02
7.548958740234375000e+02
8.983132324218750000e+02
7.388441162109375000e+02
7.325745239257812500e+02
7.835572509765625000e+02
6.549953002929687500e+02
1.002144470214843750e+03
6.809791259765625000e+02
5.725490112304687500e+02
7.549627075195312500e+02
9.817794189453125000e+02
6.087995605468750000e+02
9.986203002929687500e+02
8.554198608398437500e+02
8.014196777343750000e+02
7.486007690429687500e+02
6.290299072265625000e+02
6.879877929687500000e+02
8.267827148437500000e+02
8.205992431640625000e+02
6.589113159179687500e+02
8.809285888671875000e+02
6.313007812500000000e+02
8.711946411132812500e+02
6.921027832031250000e+02
8.815341186523437500e+02
8.260179443359375000e+02
7.757160644531250000e+02
6.537568969726562500e+02
8.548608398437500000e+02
7.267037353515625000e+02
9.263021850585937500e+02
7.419595947265625000e+02
8.929717407226562500e+02
5.988959960937500000e+02
8.224581909179687500e+02
7.199233398437500000e+02
4.456011962890625000e+02
6.832567749023437500e+02
8.615837402343750000e+02
5.357575683593750000e+02
8.286517944335937500e+02
9.402125244140625000e+02
7.511003417968750000e+02
7.855557250976562500e+02
5.402842407226562500e+02
8.290209960937500000e+02
6.877769165039062500e+02
5.519392700195312500e+02
5.283177490234375000e+02
8.696457519531250000e+02
6.996497802734375000e+02
7.353588256835937500e+02
8.089583740234375000e+02
7.856845092773437500e+02
8.891846313476562500e+02
8.793703613281250000e+02
1.010739868164062500e+03
7.617971191406250000e+02
6.305912475585937500e+02
5.578410034179687500e+02
5.858156127929687500e+02
6.310548095703125000e+02
9.570086059570312500e+02
8.320342407226562500e+02
7.844710693359375000e+02
1.028397827148437500e+03
7.275646972656250000e+02
8.854855346679687500e+02
7.452756958007812500e+02
8.386797485351562500e+02
8.503615722656250000e+02
6.590769653320312500e+02
5.526837768554687500e+02
6.816304321289062500e+02
9.242881469726562500e+02
8.311494140625000000e+02
7.023067016601562500e+02
7.484216918945312500e+02
7.293856811523437500e+02
7.500497436523437500e+02
7.938254394531250000e+02
7.789356689453125000e+02
7.327351074218750000e+02
7.119489135742187500e+02
6.754674072265625000e+02
8.505449829101562500e+02
7.218344726562500000e+02
8.802193603515625000e+02
7.298932495117187500e+02
8.781450805664062500e+02
8.703125000000000000e+02
8.390892944335937500e+02
5.994340209960937500e+02
6.140303955078125000e+02
9.860656738281250000e+02
6.322601318359375000e+02
6.467730712890625000e+02
8.827536621093750000e+02
7.817490844726562500e+02
5.745333862304687500e+02
6.755473022460937500e+02
6.492792358398437500e+02
9.335251464843750000e+02
5.123227539062500000e+02
8.215566406250000000e+02
7.731076660156250000e+02
8.527795410156250000e+02
1.056649658203125000e+03
7.788954467773437500e+02
7.492989501953125000e+02
6.729425048828125000e+02
7.386793823242187500e+02
5.502272338867187500e+02
6.100703125000000000e+02
7.888741455078125000e+02
8.384123535156250000e+02
7.390464477539062500e+02
7.915976562500000000e+02
9.027827148437500000e+02
8.042476196289062500e+02
8.531713256835937500e+02
6.822910156250000000e+02
8.315538940429687500e+02
9.117448730468750000e+02
5.409382934570312500e+02
7.414963989257812500e+02
7.851234130859375000e+02
8.159608764648437500e+02
5.447601928710937500e+02
5.269365844726562500e+02
7.495380249023437500e+02
6.023092651367187500e+02
8.194694824218750000e+02
7.465158081054687500e+02
5.601960449218750000e+02
7.242678222656250000e+02
5.579008178710937500e+02
6.297362060546875000e+02
5.856458740234375000e+02
9.146172485351562500e+02
7.482155151367187500e+02
8.781589965820312500e+02
7.895347290039062500e+02
8.257636108398437500e+02
6.584474487304687500e+02
8.590599975585937500e+02
8.412396240234375000e+02
6.251807861328125000e+02
8.744080810546875000e+02
7.491199951171875000e+02
7.069935302734375000e+02
6.612661132812500000e+02
7.416412963867187500e+02
7.756230468750000000e+02
6.472075805664062500e+02
8.135935668945312500e+02
8.465610961914062500e+02
7.098086547851562500e+02
8.103268432617187500e+02
7.824117431640625000e+02
7.473147583007812500e+02
6.583546142578125000e+02
8.901099243164062500e+02
8.194663085937500000e+02
7.509710083007812500e+02
7.073751831054687500e+02
6.417056884765625000e+02
7.589693603515625000e+02
8.069412231445312500e+02
7.102885131835937500e+02
8.597499389648437500e+02
8.920338745117187500e+02
6.937921142578125000e+02
8.869678955078125000e+02
8.866356811523437500e+02
8.056291503906250000e+02
8.184366455078125000e+02
6.476964721679687500e+02
1.004584167480468750e+03
9.426393432617187500e+02
8.428694458007812500e+02
6.261878051757812500e+02
8.532147216796875000e+02
7.542687988281250000e+02
5.811643676757812500e+02
7.099614257812500000e+02
6.208362426757812500e+02
9.845830078125000000e+02
7.999022827148437500e+02
7.335515747070312500e+02
1.019482543945312500e+03
8.485455322265625000e+02
8.204144287109375000e+02
8.580563354492187500e+02
6.199216308593750000e+02
7.085924682617187500e+02
1.025391113281250000e+03
6.341924438476562500e+02
5.560010986328125000e+02
7.004962768554687500e+02
7.206668090820312500e+02
9.820768432617187500e+02
6.235109863281250000e+02
7.599403076171875000e+02
6.286348876953125000e+02
9.543640136718750000e+02
6.731871948242187500e+02
6.516567382812500000e+02
8.054641723632812500e+02
7.478983764648437500e+02
7.911581420898437500e+02
6.225200805664062500e+02
7.545630493164062500e+02
8.174946289062500000e+02
7.623974609375000000e+02
9.122136840820312500e+02
8.354276123046875000e+02
8.072655029296875000e+02
8.023867797851562500e+02
7.306505737304687500e+02
7.830559692382812500e+02
8.591525268554687500e+02
6.988073120117187500e+02
8.191476440429687500e+02
8.464729003906250000e+02
7.439573364257812500e+02
8.355159301757812500e+02
6.544204101562500000e+02
6.057840576171875000e+02
6.028927612304687500e+02
9.715289306640625000e+02
8.033328857421875000e+02
7.808403320312500000e+02
9.587829589843750000e+02
5.520097045898437500e+02
6.213445434570312500e+02
8.800630493164062500e+02
7.039679565429687500e+02
5.805065307617187500e+02
6.102348022460937500e+02
7.557380371093750000e+02
7.306228027343750000e+02
8.835526733398437500e+02
7.594088745117187500e+02
5.474294433593750000e+02
8.950003662109375000e+02
8.287047729492187500e+02
8.131033935546875000e+02
7.951482543945312500e+02
8.982458496093750000e+02
8.078548583984375000e+02
9.175664062500000000e+02
8.023137817382812500e+02
7.149836425781250000e+02
7.711607055664062500e+02
6.998718872070312500e+02
9.124250488281250000e+02
7.382569580078125000e+02
7.733998413085937500e+02
7.522351074218750000e+02
8.967604980468750000e+02
9.182525634765625000e+02
7.647282714843750000e+02
8.258962402343750000e+02
6.628836059570312500e+02
8.890382080078125000e+02
8.637442016601562500e+02
8.226390991210937500e+02
8.673485107421875000e+02
8.376641845703125000e+02
6.880753173828125000e+02
8.498001098632812500e+02
8.787088012695312500e+02
7.038558959960937500e+02
9.750714111328125000e+02
7.116024780273437500e+02
8.963489990234375000e+02
8.468020629882812500e+02
6.983989257812500000e+02
9.259481201171875000e+02
7.136494750976562500e+02
6.883306274414062500e+02
7.414520263671875000e+02
9.449748535156250000e+02
6.419641113281250000e+02
8.885889282226562500e+02
7.882027587890625000e+02
7.147069091796875000e+02
7.242336425781250000e+02
9.057720336914062500e+02
6.581506958007812500e+02
9.351910400390625000e+02
7.458751831054687500e+02
8.693492431640625000e+02
9.253154907226562500e+02
7.832522583007812500e+02
7.299703979492187500e+02
7.639126586914062500e+02
8.390933227539062500e+02
7.678577880859375000e+02
7.101282348632812500e+02
8.367558593750000000e+02
7.515544433593750000e+02
6.971771240234375000e+02
8.944028320312500000e+02
7.498657836914062500e+02
8.854020996093750000e+02
7.903935546875000000e+02
5.594646606445312500e+02
7.417962646484375000e+02
9.339976196289062500e+02
6.745969848632812500e+02
9.582659912109375000e+02
7.505012207031250000e+02
7.688370361328125000e+02
7.327797241210937500e+02
6.706423950195312500e+02
6.320568847656250000e+02
7.419996948242187500e+02
8.299370117187500000e+02
6.413120727539062500e+02
5.735656738281250000e+02
9.245408935546875000e+02
7.449758911132812500e+02
8.204608764648437500e+02
6.602460937500000000e+02
8.126403808593750000e+02
8.053972167968750000e+02
6.188585205078125000e+02
8.611293334960937500e+02
7.757639770507812500e+02
9.363701782226562500e+02
7.782841186523437500e+02
9.434596557617187500e+02
6.663854980468750000e+02
8.406865844726562500e+02
7.388439941406250000e+02
4.715394287109375000e+02
6.820977172851562500e+02
7.728556518554687500e+02
5.890446166992187500e+02
9.212559204101562500e+02
8.737338867187500000e+02
6.994908447265625000e+02
5.409992675781250000e+02
7.111564331054687500e+02
7.368900146484375000e+02
6.744030761718750000e+02
9.526538085937500000e+02
8.208235473632812500e+02
6.567268676757812500e+02
1.009435546875000000e+03
7.342850341796875000e+02
6.565136718750000000e+02
6.859973754882812500e+02
7.444732055664062500e+02
7.270938110351562500e+02
6.713668212890625000e+02
5.018117065429687500e+02
7.812069702148437500e+02
8.840596923828125000e+02
8.187929077148437500e+02
7.273392944335937500e+02
7.298528442382812500e+02
9.327980957031250000e+02
6.912578125000000000e+02
6.430040893554687500e+02
5.646986694335937500e+02
8.181552124023437500e+02
7.697343139648437500e+02
7.984931030273437500e+02
7.403694458007812500e+02
7.719115600585937500e+02
7.539344482421875000e+02
6.776892700195312500e+02
6.883749389648437500e+02
7.633550415039062500e+02
9.012489624023437500e+02
6.568032226562500000e+02
8.003359375000000000e+02
7.356582641601562500e+02
8.045922851562500000e+02
9.424636230468750000e+02
9.580078125000000000e+02
7.705083007812500000e+02
8.796682128906250000e+02
5.193839111328125000e+02
8.341211547851562500e+02
7.382087402343750000e+02
7.945411376953125000e+02
6.200684814453125000e+02
9.292480468750000000e+02
7.505124511718750000e+02
9.344812622070312500e+02
1.025791748046875000e+03
7.184819335937500000e+02
8.983468017578125000e+02
7.937991943359375000e+02
7.627403564453125000e+02
6.440027465820312500e+02
6.098100585937500000e+02
7.987356567382812500e+02
7.786542358398437500e+02
8.578276367187500000e+02
9.406835327148437500e+02
8.939972534179687500e+02
6.748088989257812500e+02
7.923662109375000000e+02
7.879340209960937500e+02
7.659903564453125000e+02
9.452609863281250000e+02
6.226387939453125000e+02
8.305386352539062500e+02
9.082793579101562500e+02
5.570115356445312500e+02
8.805246582031250000e+02
9.008688964843750000e+02
7.499195556640625000e+02
7.356221923828125000e+02
7.217038574218750000e+02
8.660963134765625000e+02
6.980332031250000000e+02
7.716336669921875000e+02
6.150095214843750000e+02
7.521402587890625000e+02
7.042739868164062500e+02
6.771652221679687500e+02
9.271071166992187500e+02
8.623028564453125000e+02
7.519050903320312500e+02
9.408283081054687500e+02
8.213955078125000000e+02
6.810695800781250000e+02
7.928379516601562500e+02
7.660302124023437500e+02
6.683477783203125000e+02
8.233338623046875000e+02
8.016495971679687500e+02
8.176143188476562500e+02
7.864390258789062500e+02
6.576885375976562500e+02
9.061874389648437500e+02
7.512883300781250000e+02
9.060700683593750000e+02
7.884899291992187500e+02
7.141411743164062500e+02
7.297852172851562500e+02
8.168225097656250000e+02
7.298507690429687500e+02
7.446395263671875000e+02
6.419076538085937500e+02
7.383168945312500000e+02
8.177512817382812500e+02
6.973427734375000000e+02
8.353142089843750000e+02
7.238655395507812500e+02
8.597730712890625000e+02
7.481636962890625000e+02
6.682748413085937500e+02
7.188386230468750000e+02
7.882155761718750000e+02
6.913748168945312500e+02
8.245571899414062500e+02
7.007525634765625000e+02
8.263428955078125000e+02
6.889416503906250000e+02
8.206654052734375000e+02
8.024133300781250000e+02
9.714194335937500000e+02
7.047214965820312500e+02
1.039171997070312500e+03
6.373678588867187500e+02
7.077936401367187500e+02
8.154240722656250000e+02
7.265120239257812500e+02
8.845054321289062500e+02
6.047207031250000000e+02
8.181281738281250000e+02
7.468539428710937500e+02
8.365687255859375000e+02
8.398659667968750000e+02
8.008605346679687500e+02
8.179566650390625000e+02
7.914218750000000000e+02
9.086058959960937500e+02
8.072789916992187500e+02
5.970595092773437500e+02
7.147907104492187500e+02
8.226655883789062500e+02
8.841047973632812500e+02
7.901931152343750000e+02
6.722015380859375000e+02
7.877005004882812500e+02
9.039896240234375000e+02
7.231684570312500000e+02
7.399394531250000000e+02
7.900710449218750000e+02
7.915876464843750000e+02
5.406506958007812500e+02
5.147201538085937500e+02
6.680778808593750000e+02
6.358763427734375000e+02
6.434534301757812500e+02
8.012268066406250000e+02
7.183668823242187500e+02
9.031202392578125000e+02
8.337824707031250000e+02
7.160482177734375000e+02
8.536690673828125000e+02
1.031427978515625000e+03
6.734019775390625000e+02
6.759176635742187500e+02
6.695985107421875000e+02
5.545494384765625000e+02
7.342570800781250000e+02
9.069473266601562500e+02
7.144713745117187500e+02
7.844052124023437500e+02
8.910841064453125000e+02
7.554090576171875000e+02
8.997179565429687500e+02
7.514620971679687500e+02
7.392874145507812500e+02
4.760246276855468750e+02
7.531499023437500000e+02
7.305520019531250000e+02
7.094871826171875000e+02
7.782343139648437500e+02
7.564282226562500000e+02
7.024711914062500000e+02
7.520409545898437500e+02
8.578274536132812500e+02
8.252236328125000000e+02
8.983912963867187500e+02
6.861119384765625000e+02
7.033200073242187500e+02
9.267326049804687500e+02
7.022125244140625000e+02
8.589161376953125000e+02
8.786248779296875000e+02
5.645660400390625000e+02
7.312662963867187500e+02
8.101260986328125000e+02
8.545979614257812500e+02
5.310729370117187500e+02
7.278963012695312500e+02
7.476786499023437500e+02
9.180352172851562500e+02
6.169720458984375000e+02
7.949937744140625000e+02
8.603645019531250000e+02
6.332161254882812500e+02
7.293793945312500000e+02
7.009409790039062500e+02
8.149794311523437500e+02
7.425031738281250000e+02
7.734364624023437500e+02
8.241728515625000000e+02
6.516953125000000000e+02
8.292092285156250000e+02
8.220949707031250000e+02
8.483775024414062500e+02
7.549257202148437500e+02
7.113551635742187500e+02
6.144082641601562500e+02
7.574223022460937500e+02
6.793109741210937500e+02
7.021955566406250000e+02
8.010046997070312500e+02
7.058175659179687500e+02
6.272210083007812500e+02
1.013123413085937500e+03
8.371392822265625000e+02
6.278883666992187500e+02
8.230875244140625000e+02
7.177523803710937500e+02
7.868251342773437500e+02
7.743866577148437500e+02
9.027669067382812500e+02
8.383652343750000000e+02
7.244573974609375000e+02
8.578579101562500000e+02
7.619024047851562500e+02
8.368841552734375000e+02
6.327175903320312500e+02
7.707035522460937500e+02
8.199776611328125000e+02
6.907672119140625000e+02
6.709207763671875000e+02
9.090795288085937500e+02
6.012681274414062500e+02
7.675106811523437500e+02
8.640528564453125000e+02
6.758198852539062500e+02
6.836561889648437500e+02
9.929465332031250000e+02
6.358046875000000000e+02
7.188093261718750000e+02
6.560204467773437500e+02
7.507286987304687500e+02
7.751384277343750000e+02
8.380416259765625000e+02
6.837080078125000000e+02
8.607821044921875000e+02
7.805849609375000000e+02
1.003677856445312500e+03
6.994210815429687500e+02
7.492438964843750000e+02
6.732437133789062500e+02
6.538992919921875000e+02
9.360842895507812500e+02
7.862891235351562500e+02
9.569091796875000000e+02
1.035591308593750000e+03
7.041869506835937500e+02
7.187191162109375000e+02
6.630858154296875000e+02
9.682329711914062500e+02
6.664145507812500000e+02
8.468698730468750000e+02
7.909268188476562500e+02
6.478923339843750000e+02
7.543383789062500000e+02
9.049681396484375000e+02
7.038229370117187500e+02
6.162593383789062500e+02
8.346533813476562500e+02
9.914465332031250000e+02
8.372090454101562500e+02
7.601159667968750000e+02
8.444765625000000000e+02
7.875811767578125000e+02
6.627666015625000000e+02
9.375424194335937500e+02
7.538673706054687500e+02
8.205155029296875000e+02
7.351450805664062500e+02
9.012574462890625000e+02
7.544476318359375000e+02
9.646517333984375000e+02
7.798365478515625000e+02
7.101633911132812500e+02
7.683209838867187500e+02
7.011430664062500000e+02
8.328918457031250000e+02
9.532896728515625000e+02
8.234904174804687500e+02
8.382681274414062500e+02
8.010363159179687500e+02
8.391400756835937500e+02
7.640079956054687500e+02
7.259941406250000000e+02
8.686608276367187500e+02
7.811063232421875000e+02
8.661158447265625000e+02
7.959130859375000000e+02
9.518275146484375000e+02
6.885564575195312500e+02
8.532625732421875000e+02
7.816593017578125000e+02
7.122454833984375000e+02
7.910222167968750000e+02
6.900546875000000000e+02
7.842445068359375000e+02
8.366978759765625000e+02
8.023122558593750000e+02
7.247467651367187500e+02
7.431632690429687500e+02
8.415004272460937500e+02
6.841433715820312500e+02
9.350945434570312500e+02
6.083706665039062500e+02
8.343363647460937500e+02
8.764553222656250000e+02
5.677809448242187500e+02
9.310480957031250000e+02
6.797703857421875000e+02
7.229264526367187500e+02
8.326447143554687500e+02
8.691753540039062500e+02
7.891058349609375000e+02
6.246694946289062500e+02
8.546888427734375000e+02
8.198596191406250000e+02
8.297225952148437500e+02
6.998145751953125000e+02
7.286480102539062500e+02
8.694380493164062500e+02
9.923380126953125000e+02
1.013454956054687500e+03
6.497420654296875000e+02
7.115433959960937500e+02
7.314263305664062500e+02
6.403217163085937500e+02
8.697708740234375000e+02
8.904475097656250000e+02
8.405792846679687500e+02
6.068784179687500000e+02
7.242788085937500000e+02
7.015821533203125000e+02
8.413755493164062500e+02
6.908496093750000000e+02
7.271994018554687500e+02
8.514147949218750000e+02
7.838198852539062500e+02
9.592806396484375000e+02
9.891092529296875000e+02
8.270440673828125000e+02
8.169876708984375000e+02
8.749283447265625000e+02
8.603989868164062500e+02
6.287077026367187500e+02
8.579586791992187500e+02
7.535946044921875000e+02
7.152487792968750000e+02
7.552595825195312500e+02
1.153585327148437500e+03
6.387937622070312500e+02
9.504210205078125000e+02
7.872727661132812500e+02
8.590385131835937500e+02
8.215500488281250000e+02
7.054370117187500000e+02
7.377489013671875000e+02
8.628450317382812500e+02
7.640657958984375000e+02
8.528923339843750000e+02
8.285749511718750000e+02
8.213364257812500000e+02
8.945466918945312500e+02
8.732273559570312500e+02
7.857725219726562500e+02
7.170509643554687500e+02
8.318331909179687500e+02
7.404987182617187500e+02
7.585656127929687500e+02
8.544881591796875000e+02
6.727090454101562500e+02
7.549061889648437500e+02
7.761497192382812500e+02
6.287758178710937500e+02
8.836525878906250000e+02
7.265570678710937500e+02
1.036260131835937500e+03
6.738847045898437500e+02
7.426015625000000000e+02
7.988898925781250000e+02
8.033338623046875000e+02
7.747305297851562500e+02
6.210800781250000000e+02
8.626286010742187500e+02
7.753643188476562500e+02
7.976833496093750000e+02
5.911522827148437500e+02
7.717578735351562500e+02
6.759051513671875000e+02
7.515787963867187500e+02
8.784885253906250000e+02
7.817224731445312500e+02
7.256854248046875000e+02
5.385802001953125000e+02
6.614974975585937500e+02
7.633715209960937500e+02
9.826741333007812500e+02
8.860191650390625000e+02
7.534500122070312500e+02
6.167733764648437500e+02
6.599935302734375000e+02
9.026965942382812500e+02
7.745948486328125000e+02
8.119727172851562500e+02
8.161894531250000000e+02
6.427691650390625000e+02
6.596546020507812500e+02
6.188540039062500000e+02
8.612000122070312500e+02
9.095947265625000000e+02
6.778708496093750000e+02
6.359095458984375000e+02
8.065946044921875000e+02
8.260585937500000000e+02
6.392303466796875000e+02
7.293360595703125000e+02
6.910161743164062500e+02
7.365304565429687500e+02
7.948893432617187500e+02
6.735805053710937500e+02
7.282790527343750000e+02
9.003238525390625000e+02
9.021597290039062500e+02
9.251713256835937500e+02
6.783923950195312500e+02
8.145841064453125000e+02
7.275981445312500000e+02
7.103616943359375000e+02
8.009290161132812500e+02
8.231795654296875000e+02
9.403454589843750000e+02
7.327385864257812500e+02
5.587440795898437500e+02
7.605954589843750000e+02
6.584229736328125000e+02
6.296856079101562500e+02
8.234071655273437500e+02
7.967055053710937500e+02
7.210997924804687500e+02
7.181870117187500000e+02
7.219392700195312500e+02
6.460128784179687500e+02
8.770224609375000000e+02
7.839525146484375000e+02
6.293541870117187500e+02
6.064957275390625000e+02
8.097248535156250000e+02
7.454260253906250000e+02
7.120305786132812500e+02
6.558386840820312500e+02
5.589567871093750000e+02
6.505878295898437500e+02
8.777492065429687500e+02
7.113914794921875000e+02
9.294483642578125000e+02
5.727597656250000000e+02
7.241859741210937500e+02
8.987182617187500000e+02
8.459983520507812500e+02
7.835903930664062500e+02
7.987707519531250000e+02
7.735341186523437500e+02
8.873072509765625000e+02
9.325268554687500000e+02
6.437006835937500000e+02
6.577566528320312500e+02
7.951870727539062500e+02
7.590389404296875000e+02
9.409702148437500000e+02
5.969375000000000000e+02
7.876510009765625000e+02
8.206833496093750000e+02
7.586448364257812500e+02
6.104772949218750000e+02
9.528701782226562500e+02
8.023486328125000000e+02
9.516223754882812500e+02
6.649075317382812500e+02
7.735325317382812500e+02
6.101628417968750000e+02
9.089515991210937500e+02
6.315611572265625000e+02
7.812531738281250000e+02
6.117218017578125000e+02
6.997706298828125000e+02
6.666392822265625000e+02
6.880717163085937500e+02
9.598096923828125000e+02
7.975651855468750000e+02
7.106369628906250000e+02
8.855386352539062500e+02
6.914715576171875000e+02
7.871686401367187500e+02
7.937348632812500000e+02
7.222951049804687500e+02
7.442196655273437500e+02
6.301856689453125000e+02
6.013227539062500000e+02
6.846613159179687500e+02
7.056333618164062500e+02
8.543184204101562500e+02
9.560446777343750000e+02
8.669698486328125000e+02
8.699029541015625000e+02
9.002637939453125000e+02
7.900300903320312500e+02
8.223843994140625000e+02
5.871000976562500000e+02
5.900548706054687500e+02
1.003395690917968750e+03
8.563571166992187500e+02
8.944088745117187500e+02
6.455909423828125000e+02
1.029294555664062500e+03
7.692110595703125000e+02
8.289998779296875000e+02
6.803809814453125000e+02
7.374223022460937500e+02
5.670949707031250000e+02
5.751708374023437500e+02
8.499670410156250000e+02
9.568984375000000000e+02
6.949578857421875000e+02
6.244644775390625000e+02
8.869873657226562500e+02
7.999802856445312500e+02
5.989296264648437500e+02
5.397961425781250000e+02
7.341224975585937500e+02
5.722807006835937500e+02
8.099599609375000000e+02
8.729354858398437500e+02
8.983741455078125000e+02
7.484017944335937500e+02
6.872816162109375000e+02
6.163405761718750000e+02
7.576290893554687500e+02
7.075225219726562500e+02
7.204725952148437500e+02
6.944982910156250000e+02
6.581255493164062500e+02
8.453933715820312500e+02
6.374912719726562500e+02
7.039699096679687500e+02
7.106893920898437500e+02
6.047284545898437500e+02
8.110460815429687500e+02
8.226839599609375000e+02
7.144373779296875000e+02
8.251417846679687500e+02
7.373768310546875000e+02
1.039185058593750000e+03
8.557252197265625000e+02
9.405899658203125000e+02
7.749452514648437500e+02
7.339888916015625000e+02
6.842455444335937500e+02
7.555027465820312500e+02
7.793560180664062500e+02
1.029025756835937500e+03
8.065599365234375000e+02
6.186237182617187500e+02
6.724212036132812500e+02
6.999572753906250000e+02
7.968331298828125000e+02
6.506287231445312500e+02
8.326466064453125000e+02
8.381957397460937500e+02
7.947576904296875000e+02
6.821201782226562500e+02
7.041752929687500000e+02
6.390428466796875000e+02
7.754761962890625000e+02
8.575213012695312500e+02
6.111353759765625000e+02
7.620821533203125000e+02
9.067380981445312500e+02
8.206876831054687500e+02
7.436908569335937500e+02
6.358920898437500000e+02
4.986516723632812500e+02
8.499598388671875000e+02
1.009412170410156250e+03
7.133577880859375000e+02
7.563711547851562500e+02
9.385487060546875000e+02
8.677236938476562500e+02
6.402627563476562500e+02
6.889977416992187500e+02
7.533080444335937500e+02
6.580136108398437500e+02
8.022857666015625000e+02
5.238644409179687500e+02
6.483521728515625000e+02
6.073099975585937500e+02
7.437538452148437500e+02
5.162901000976562500e+02
7.558830566406250000e+02
7.628504638671875000e+02
7.308469848632812500e+02
9.918973388671875000e+02
6.235451049804687500e+02
8.400592041015625000e+02
5.188680419921875000e+02
7.368789062500000000e+02
7.759068603515625000e+02
7.389464111328125000e+02
9.664329223632812500e+02
7.947438354492187500e+02
6.448777465820312500e+02
7.864300537109375000e+02
7.465809326171875000e+02
7.331203613281250000e+02
7.882101440429687500e+02
6.449562988281250000e+02
7.688305053710937500e+02
8.364641113281250000e+02
6.795773315429687500e+02
5.833925781250000000e+02
7.470051269531250000e+02
7.539207763671875000e+02
8.613215942382812500e+02
6.667100219726562500e+02
8.728591308593750000e+02
7.388886108398437500e+02
7.157117919921875000e+02
8.357783203125000000e+02
1.010757629394531250e+03
7.683988647460937500e+02
8.856003417968750000e+02
4.931257019042968750e+02
7.021081542968750000e+02
8.634995117187500000e+02
7.369557495117187500e+02
6.854901733398437500e+02
8.958912963867187500e+02
6.589407958984375000e+02
8.231229248046875000e+02
6.814154663085937500e+02
7.225407104492187500e+02
7.333988037109375000e+02
6.505462036132812500e+02
6.887006225585937500e+02
6.629813842773437500e+02
5.913699340820312500e+02
9.658372802734375000e+02
9.954562377929687500e+02
6.925794067382812500e+02
8.200204467773437500e+02
6.801044921875000000e+02
5.834880981445312500e+02
6.301635742187500000e+02
6.478104858398437500e+02
9.243728027343750000e+02
9.264942626953125000e+02
7.368018798828125000e+02
3.803818664550781250e+02
7.296596679687500000e+02
7.038630371093750000e+02
8.644606933593750000e+02
7.444379272460937500e+02
6.523370971679687500e+02
9.316502075195312500e+02
8.136133422851562500e+02
7.775217895507812500e+02
5.272089233398437500e+02
6.986088256835937500e+02
7.295493774414062500e+02
5.812951049804687500e+02
8.066470336914062500e+02
7.764101562500000000e+02
8.904539794921875000e+02
6.497390136718750000e+02
8.925944824218750000e+02
5.579345092773437500e+02
9.417462768554687500e+02
7.133828735351562500e+02
6.808435058593750000e+02
7.689147949218750000e+02
8.540358276367187500e+02
8.157370605468750000e+02
8.941717529296875000e+02
5.671347656250000000e+02
9.370016479492187500e+02
9.189753417968750000e+02
7.832918701171875000e+02
8.549237060546875000e+02
9.055377197265625000e+02
7.168602905273437500e+02
6.503187866210937500e+02
1.029032592773437500e+03
7.053811035156250000e+02
8.861372070312500000e+02
8.881004028320312500e+02
8.628731079101562500e+02
6.586084594726562500e+02
7.908589477539062500e+02
8.127805175781250000e+02
7.191140136718750000e+02
8.219086914062500000e+02
7.105662231445312500e+02
8.903742675781250000e+02
7.478354492187500000e+02
9.542485351562500000e+02
6.696378173828125000e+02
9.634949340820312500e+02
6.703390502929687500e+02
6.689279174804687500e+02
8.303347778320312500e+02
6.609312133789062500e+02
8.066109008789062500e+02
9.202753906250000000e+02
9.279891357421875000e+02
6.761071166992187500e+02
8.416559448242187500e+02
6.344776000976562500e+02
8.749402465820312500e+02
8.235583496093750000e+02
7.637056884765625000e+02
6.086126098632812500e+02
6.469410400390625000e+02
9.563299560546875000e+02
7.867133178710937500e+02
8.451829223632812500e+02
8.361992797851562500e+02
7.989329833984375000e+02
7.989425659179687500e+02
5.061235046386718750e+02
6.222186889648437500e+02
8.263643188476562500e+02
7.804857177734375000e+02
7.032048339843750000e+02
7.843308105468750000e+02
8.559503784179687500e+02
8.249536132812500000e+02
7.009338378906250000e+02
5.963377685546875000e+02
5.303379516601562500e+02
6.324304809570312500e+02
6.066326293945312500e+02
9.960841674804687500e+02
7.252760620117187500e+02
7.110484008789062500e+02
8.275386962890625000e+02
7.793684692382812500e+02
7.461340332031250000e+02
8.322242431640625000e+02
7.832372436523437500e+02
8.609680786132812500e+02
7.127646484375000000e+02
7.079585571289062500e+02
8.858713378906250000e+02
5.971104125976562500e+02
8.072170410156250000e+02
9.080494995117187500e+02
7.434967041015625000e+02
5.885955810546875000e+02
7.766818237304687500e+02
5.368314208984375000e+02
7.913685302734375000e+02
7.568987426757812500e+02
9.045330810546875000e+02
8.756440429687500000e+02
7.677413330078125000e+02
9.420612792968750000e+02
6.584706420898437500e+02
7.220594482421875000e+02
8.069856567382812500e+02
7.023431396484375000e+02
8.118100585937500000e+02
5.931171875000000000e+02
7.613671264648437500e+02
6.131251831054687500e+02
8.658375244140625000e+02
8.136838989257812500e+02
7.104683837890625000e+02
7.315544433593750000e+02
5.151598510742187500e+02
9.657560424804687500e+02
6.926379394531250000e+02
8.373143920898437500e+02
8.379882812500000000e+02
6.436773071289062500e+02
8.278018188476562500e+02
9.576498413085937500e+02
8.424738769531250000e+02
7.651616821289062500e+02
7.196917114257812500e+02
6.920704956054687500e+02
8.806104125976562500e+02
6.158489990234375000e+02
7.426113281250000000e+02
7.119111938476562500e+02
6.434236450195312500e+02
1.018164062500000000e+03
7.316254272460937500e+02
7.250214843750000000e+02
9.043840942382812500e+02
7.238052368164062500e+02
8.303008422851562500e+02
9.142645874023437500e+02
9.142989501953125000e+02
8.254819335937500000e+02
9.203262329101562500e+02
7.537486572265625000e+02
9.364672241210937500e+02
6.302708129882812500e+02
8.141575317382812500e+02
7.882540283203125000e+02
9.142421875000000000e+02
6.942736816406250000e+02
8.951022949218750000e+02
8.875006713867187500e+02
7.056578979492187500e+02
9.848419799804687500e+02
6.993824462890625000e+02
7.246243896484375000e+02
6.028981323242187500e+02
8.195040283203125000e+02
6.679852905273437500e+02
7.547970581054687500e+02
8.486691284179687500e+02
5.707480468750000000e+02
8.524060668945312500e+02
6.762185058593750000e+02
6.205247192382812500e+02
7.283088989257812500e+02
6.778698730468750000e+02
9.472212524414062500e+02
8.468841552734375000e+02
7.372223510742187500e+02
6.756405639648437500e+02
7.823544311523437500e+02
5.782412719726562500e+02
7.626561279296875000e+02
8.132283935546875000e+02
8.053253784179687500e+02
7.021260375976562500e+02
7.859252319335937500e+02
7.827759399414062500e+02
6.164992675781250000e+02
7.999628295898437500e+02
6.925847167968750000e+02
8.426362915039062500e+02
6.020884399414062500e+02
7.932543334960937500e+02
6.755381469726562500e+02
7.117875976562500000e+02
6.798669433593750000e+02
9.442160034179687500e+02
7.183375854492187500e+02
1.043813232421875000e+03
8.799730224609375000e+02
7.795416870117187500e+02
6.167267456054687500e+02
7.352214965820312500e+02
5.521387329101562500e+02
8.055714111328125000e+02
1.099105346679687500e+03
8.593464965820312500e+02
8.203599243164062500e+02
7.631453247070312500e+02
7.460254516601562500e+02
9.152570800781250000e+02
7.194218139648437500e+02
8.030936889648437500e+02
7.864226684570312500e+02
1.078023681640625000e+03
5.109742736816406250e+02
9.104630737304687500e+02
7.450925292968750000e+02
7.214399414062500000e+02
8.674501953125000000e+02
7.214379882812500000e+02
6.915556030273437500e+02
9.674740600585937500e+02
6.086224975585937500e+02
9.335258178710937500e+02
6.847469482421875000e+02
8.013682250976562500e+02
7.365518798828125000e+02
6.565073242187500000e+02
7.860926513671875000e+02
6.244326782226562500e+02
8.739165649414062500e+02
7.133983764648437500e+02
6.889573364257812500e+02
8.397009887695312500e+02
5.448697509765625000e+02
9.093346557617187500e+02
8.041342163085937500e+02
8.535613403320312500e+02
6.387570190429687500e+02
5.538688354492187500e+02
7.541381835937500000e+02
8.303092651367187500e+02
7.427310791015625000e+02
8.098947753906250000e+02
7.433820800781250000e+02
8.218917846679687500e+02
4.897607421875000000e+02
7.880997314453125000e+02
6.462601928710937500e+02
7.878725585937500000e+02
7.897749023437500000e+02
7.228835449218750000e+02
8.922130737304687500e+02
8.426425170898437500e+02
5.937333984375000000e+02
6.326228637695312500e+02
8.730037841796875000e+02
8.394968872070312500e+02
8.544913940429687500e+02
6.377718505859375000e+02
7.659234008789062500e+02
7.526793212890625000e+02
6.963901977539062500e+02
5.819105224609375000e+02
9.852951660156250000e+02
8.351790771484375000e+02
7.835750122070312500e+02
7.545104370117187500e+02
6.945098876953125000e+02
8.807572631835937500e+02
8.394952392578125000e+02
6.922764282226562500e+02
5.881795043945312500e+02
7.335292968750000000e+02
1.041740966796875000e+03
6.253108520507812500e+02
7.604194335937500000e+02
9.770846557617187500e+02
6.459866943359375000e+02
7.573793334960937500e+02
7.446525268554687500e+02
7.391899414062500000e+02
8.746096191406250000e+02
7.313755493164062500e+02
7.840667724609375000e+02
8.194038085937500000e+02
7.932058105468750000e+02
7.406732177734375000e+02
6.186636962890625000e+02
8.682324218750000000e+02
7.568381347656250000e+02
8.343253784179687500e+02
8.667231445312500000e+02
7.104791259765625000e+02
9.632763671875000000e+02
8.894026489257812500e+02
6.398409423828125000e+02
9.057105102539062500e+02
9.582180786132812500e+02
8.854384155273437500e+02
7.202042236328125000e+02
7.505240478515625000e+02
7.504780273437500000e+02
7.348787841796875000e+02
7.688914794921875000e+02
9.332412719726562500e+02
8.640373535156250000e+02
8.715498657226562500e+02
5.958030395507812500e+02
7.120238647460937500e+02
7.989646606445312500e+02
7.662780761718750000e+02
7.775150146484375000e+02
7.863932495117187500e+02
7.453573608398437500e+02
6.533383789062500000e+02
7.590693969726562500e+02
6.496436767578125000e+02
8.521538085937500000e+02
9.251936035156250000e+02
7.605317993164062500e+02
7.705729370117187500e+02
8.809541625976562500e+02
5.893847045898437500e+02
8.101076049804687500e+02
6.822622070312500000e+02
7.519219360351562500e+02
7.295838012695312500e+02
7.173325195312500000e+02
9.130796508789062500e+02
9.264194335937500000e+02
7.210823364257812500e+02
7.439822387695312500e+02
8.700432739257812500e+02
6.300216064453125000e+02
8.641303710937500000e+02
6.828751220703125000e+02
7.814470825195312500e+02
6.825168457031250000e+02
8.870576171875000000e+02
6.730482788085937500e+02
7.500321044921875000e+02
7.764020996093750000e+02
9.457354736328125000e+02
7.821942138671875000e+02
8.040927124023437500e+02
8.114652709960937500e+02
5.108921813964843750e+02
7.243197021484375000e+02
8.506586914062500000e+02
7.825984497070312500e+02
8.603914794921875000e+02
5.855508422851562500e+02
6.560397338867187500e+02
8.207765502929687500e+02
9.771052246093750000e+02
7.158063964843750000e+02
7.032337646484375000e+02
9.229307861328125000e+02
8.736705322265625000e+02
9.088615722656250000e+02
7.273495483398437500e+02
7.517200927734375000e+02
8.857763061523437500e+02
7.359793090820312500e+02
5.245437011718750000e+02
7.523500976562500000e+02
7.672463378906250000e+02
7.484262695312500000e+02
6.312998046875000000e+02
8.909478759765625000e+02
6.530128173828125000e+02
6.708742675781250000e+02
9.387490844726562500e+02
8.135213012695312500e+02
5.689051513671875000e+02
6.519732055664062500e+02
7.291441040039062500e+02
8.364537963867187500e+02
9.081539306640625000e+02
8.392064819335937500e+02
7.188125610351562500e+02
7.701928710937500000e+02
8.990533447265625000e+02
7.053482666015625000e+02
9.047570800781250000e+02
6.479997558593750000e+02
8.997393188476562500e+02
9.087145385742187500e+02
8.068723144531250000e+02
8.559447631835937500e+02
7.386636352539062500e+02
6.978683471679687500e+02
9.722857055664062500e+02
6.619912109375000000e+02
6.893517456054687500e+02
7.116120605468750000e+02
7.884501342773437500e+02
7.081125488281250000e+02
8.963887329101562500e+02
5.497839355468750000e+02
9.262258300781250000e+02
7.720958862304687500e+02
7.875996093750000000e+02
7.830070800781250000e+02
7.342277832031250000e+02
5.588295898437500000e+02
7.289642944335937500e+02
8.689279174804687500e+02
9.302708740234375000e+02
7.319670410156250000e+02
9.923878173828125000e+02
8.437987670898437500e+02
6.545343627929687500e+02
7.888136596679687500e+02
8.026124877929687500e+02
7.739080200195312500e+02
7.598883666992187500e+02
8.873914794921875000e+02
7.636624755859375000e+02
7.546361083984375000e+02
5.911184082031250000e+02
7.288627929687500000e+02
7.972232055664062500e+02
7.370350952148437500e+02
6.424439697265625000e+02
6.896092529296875000e+02
7.113533325195312500e+02
7.682748413085937500e+02
9.004183349609375000e+02
8.579993896484375000e+02
8.773256225585937500e+02
8.291488037109375000e+02
6.803832397460937500e+02
7.747648925781250000e+02
8.898466796875000000e+02
5.994968872070312500e+02
6.951800537109375000e+02
5.730422363281250000e+02
8.878560791015625000e+02
7.887738647460937500e+02
9.322968139648437500e+02
6.500722656250000000e+02
8.090132446289062500e+02
7.313513793945312500e+02
7.942247314453125000e+02
8.241570434570312500e+02
8.989949340820312500e+02
9.081472167968750000e+02
7.515573120117187500e+02
6.090428466796875000e+02
5.836584472656250000e+02
9.220397338867187500e+02
9.220072631835937500e+02
4.973047485351562500e+02
7.373518676757812500e+02
4.930056762695312500e+02
8.772384033203125000e+02
1.003726196289062500e+03
7.833292846679687500e+02
6.913059692382812500e+02
9.174271240234375000e+02
8.194797973632812500e+02
7.304467773437500000e+02
8.008657836914062500e+02
6.814725341796875000e+02
5.602443237304687500e+02
7.849581909179687500e+02
7.367532958984375000e+02
8.149667358398437500e+02
7.813325805664062500e+02
7.379854125976562500e+02
6.423512573242187500e+02
6.986543579101562500e+02
5.361910400390625000e+02
8.844398803710937500e+02
7.765800781250000000e+02
6.214100952148437500e+02
8.812785644531250000e+02
7.317582397460937500e+02
8.965604248046875000e+02
5.269092407226562500e+02
8.114136352539062500e+02
9.132713623046875000e+02
8.544813232421875000e+02
8.039915771484375000e+02
8.983741455078125000e+02
8.405432128906250000e+02
8.034846191406250000e+02
6.320739135742187500e+02
5.953988647460937500e+02
7.348225708007812500e+02
9.726127929687500000e+02
6.717827148437500000e+02
8.205502319335937500e+02
8.292655029296875000e+02
5.899275512695312500e+02
8.313397216796875000e+02
8.203345947265625000e+02
7.418363037109375000e+02
6.944398193359375000e+02
6.308087768554687500e+02
9.103759765625000000e+02
6.551911010742187500e+02
9.835441894531250000e+02
8.056687011718750000e+02
8.296911621093750000e+02
8.276854858398437500e+02
6.803356933593750000e+02
6.541148071289062500e+02
9.334768676757812500e+02
6.892539672851562500e+02
5.829968872070312500e+02
5.893160400390625000e+02
8.711236572265625000e+02
7.939231567382812500e+02
4.625732727050781250e+02
8.246992797851562500e+02
7.239854125976562500e+02
6.541511230468750000e+02
6.438919677734375000e+02
9.288156127929687500e+02
8.279739990234375000e+02
8.068538208007812500e+02
8.068255615234375000e+02
9.310557250976562500e+02
8.203435668945312500e+02
7.254731445312500000e+02
8.400253906250000000e+02
6.061311035156250000e+02
8.056062622070312500e+02
7.488511352539062500e+02
6.534193725585937500e+02
8.352406616210937500e+02
9.274482421875000000e+02
9.390215454101562500e+02
9.188588256835937500e+02
5.104429016113281250e+02
7.280722656250000000e+02
7.642414550781250000e+02
6.827302246093750000e+02
7.295408325195312500e+02
6.848561401367187500e+02
8.138557739257812500e+02
8.070667724609375000e+02
6.164436645507812500e+02
6.582767944335937500e+02
9.328991699218750000e+02
7.444884033203125000e+02
7.171167602539062500e+02
8.468435668945312500e+02
6.772146606445312500e+02
5.222546386718750000e+02
9.735649414062500000e+02
6.440366821289062500e+02
8.398708496093750000e+02
5.967623901367187500e+02
6.534338378906250000e+02
6.242321777343750000e+02
7.418218383789062500e+02
6.356072387695312500e+02
7.854843750000000000e+02
7.194542236328125000e+02
8.438956298828125000e+02
6.646516113281250000e+02
8.307821044921875000e+02
6.347713623046875000e+02
8.644508056640625000e+02
8.446014404296875000e+02
8.035675048828125000e+02
6.970641479492187500e+02
8.896878051757812500e+02
7.317099609375000000e+02
8.688865356445312500e+02
7.860625610351562500e+02
9.106562500000000000e+02
8.369711303710937500e+02
7.391029052734375000e+02
9.714589843750000000e+02
7.151702270507812500e+02
6.972414550781250000e+02
9.553635253906250000e+02
7.814088745117187500e+02
8.348780517578125000e+02
6.961741943359375000e+02
7.059420166015625000e+02
6.391399536132812500e+02
7.508419189453125000e+02
7.747050170898437500e+02
6.730336303710937500e+02
8.234757690429687500e+02
8.421965942382812500e+02
6.169492187500000000e+02
7.229847412109375000e+02
6.613490600585937500e+02
8.485600585937500000e+02
8.276026000976562500e+02
7.608749389648437500e+02
6.596027221679687500e+02
8.371522216796875000e+02
8.606326293945312500e+02
8.469710693359375000e+02
7.184462280273437500e+02
8.386649169921875000e+02
9.569771118164062500e+02
5.390885620117187500e+02
7.126779174804687500e+02
9.120200195312500000e+02
7.838426513671875000e+02
8.350011596679687500e+02
8.717085571289062500e+02
7.902322387695312500e+02
8.379146118164062500e+02
7.138236694335937500e+02
6.816699218750000000e+02
5.961486816406250000e+02
6.631265869140625000e+02
8.313923339843750000e+02
7.131152343750000000e+02
8.935563964843750000e+02
6.710247802734375000e+02
6.503901367187500000e+02
9.202742309570312500e+02
6.300415649414062500e+02
6.616221923828125000e+02
7.173123168945312500e+02
7.679498291015625000e+02
7.620475463867187500e+02
7.865855102539062500e+02
7.717053222656250000e+02
1.013210144042968750e+03
7.628790283203125000e+02
7.883588256835937500e+02
6.259437866210937500e+02
7.721010131835937500e+02
6.869769287109375000e+02
7.506138916015625000e+02
7.365158691406250000e+02
7.970274658203125000e+02
9.762520141601562500e+02
9.843362426757812500e+02
7.260830078125000000e+02
7.717645263671875000e+02
7.967342529296875000e+02
6.955027465820312500e+02
6.647653808593750000e+02
8.676264648437500000e+02
6.363360595703125000e+02
8.307125244140625000e+02
6.821397705078125000e+02
7.914128417968750000e+02
7.814820556640625000e+02
8.386118164062500000e+02
8.533735351562500000e+02
7.374308471679687500e+02
6.771507568359375000e+02
8.155934448242187500e+02
7.675267333984375000e+02
8.258815917968750000e+02
8.992979736328125000e+02
8.079320678710937500e+02
7.152922363281250000e+02
7.756450805664062500e+02
8.192425537109375000e+02
8.609948730468750000e+02
7.967000122070312500e+02
3.789784545898437500e+02
6.492405395507812500e+02
7.967584228515625000e+02
8.444871215820312500e+02
8.500708618164062500e+02
5.035401916503906250e+02
6.982289428710937500e+02
7.364701538085937500e+02
8.442276611328125000e+02
7.859799804687500000e+02
9.314246826171875000e+02
7.697448730468750000e+02
8.242743530273437500e+02
7.284211425781250000e+02
6.340079345703125000e+02
7.941431274414062500e+02
6.376197509765625000e+02
5.825404663085937500e+02
6.946978759765625000e+02
9.143743896484375000e+02
6.330103759765625000e+02
9.190864868164062500e+02
8.191077880859375000e+02
9.667613525390625000e+02
8.359846191406250000e+02
9.366433715820312500e+02
8.465859985351562500e+02
7.558934326171875000e+02
4.902556457519531250e+02
7.573459472656250000e+02
8.196232299804687500e+02
7.868497924804687500e+02
9.720469360351562500e+02
7.828037109375000000e+02
8.030939331054687500e+02
8.773593139648437500e+02
9.373569946289062500e+02
6.953804931640625000e+02
8.574513549804687500e+02
5.787807617187500000e+02
8.729151000976562500e+02
6.426516113281250000e+02
8.090539550781250000e+02
7.473162231445312500e+02
7.458147583007812500e+02
9.054132080078125000e+02
8.013140258789062500e+02
7.891450805664062500e+02
9.482792358398437500e+02
8.173101196289062500e+02
5.952981567382812500e+02
8.299083251953125000e+02
8.614038696289062500e+02
5.974523315429687500e+02
7.189690551757812500e+02
9.719861450195312500e+02
9.985132446289062500e+02
8.936942749023437500e+02
5.941233520507812500e+02
8.442527465820312500e+02
9.677415771484375000e+02
6.689072875976562500e+02
6.416176757812500000e+02
7.526823120117187500e+02
9.198651733398437500e+02
8.167367553710937500e+02
8.702346801757812500e+02
7.890401000976562500e+02
8.798585815429687500e+02
8.193145141601562500e+02
6.998737792968750000e+02
6.717008666992187500e+02
5.821588745117187500e+02
1.058006347656250000e+03
7.911704711914062500e+02
7.789884643554687500e+02
8.956293945312500000e+02
6.302484741210937500e+02
7.717529296875000000e+02
7.783258666992187500e+02
9.950007934570312500e+02
7.951171875000000000e+02
7.346591186523437500e+02
7.630319213867187500e+02
5.640345458984375000e+02
5.782014160156250000e+02
7.098452758789062500e+02
9.375285644531250000e+02
6.583052978515625000e+02
9.831188354492187500e+02
7.080693359375000000e+02
8.363611450195312500e+02
7.460762939453125000e+02
6.350558471679687500e+02
8.461700439453125000e+02
1.007839721679687500e+03
9.129132690429687500e+02
1.020630432128906250e+03
7.401146850585937500e+02
6.463842163085937500e+02
8.962434692382812500e+02
6.428704833984375000e+02
8.821954956054687500e+02
6.568566894531250000e+02
9.973212280273437500e+02
8.291979370117187500e+02
8.299947509765625000e+02
5.532432861328125000e+02
8.385550537109375000e+02
6.464702758789062500e+02
6.786967163085937500e+02
7.620621948242187500e+02
6.789061279296875000e+02
6.932551269531250000e+02
5.383520507812500000e+02
6.407666015625000000e+02
9.586381835937500000e+02
7.398885498046875000e+02
6.566967163085937500e+02
7.043406372070312500e+02
6.629583740234375000e+02
7.597951660156250000e+02
8.544711914062500000e+02
8.380648193359375000e+02
9.826171264648437500e+02
9.790740356445312500e+02
5.763098754882812500e+02
9.202984619140625000e+02
7.892030639648437500e+02
8.960786743164062500e+02
9.726636352539062500e+02
7.559670410156250000e+02
8.876507568359375000e+02
8.793863525390625000e+02
7.925580444335937500e+02
7.328052978515625000e+02
7.898441162109375000e+02
8.163698730468750000e+02
8.941192016601562500e+02
8.356458129882812500e+02
8.364326782226562500e+02
8.605249633789062500e+02
8.970347290039062500e+02
8.351083374023437500e+02
8.247984008789062500e+02
6.956033325195312500e+02
6.629086914062500000e+02
6.575262451171875000e+02
6.400666503906250000e+02
8.854067993164062500e+02
7.413713989257812500e+02
8.006876831054687500e+02
7.737808837890625000e+02
8.607844238281250000e+02
7.295688476562500000e+02
8.595029907226562500e+02
7.776619873046875000e+02
7.667076416015625000e+02
7.746791381835937500e+02
7.544959106445312500e+02
6.193955688476562500e+02
8.150781860351562500e+02
8.829188232421875000e+02
8.319921264648437500e+02
8.821877441406250000e+02
1.071326660156250000e+03
4.797061157226562500e+02
7.845586547851562500e+02
6.632930908203125000e+02
7.000914916992187500e+02
8.891501464843750000e+02
8.681697998046875000e+02
7.650112915039062500e+02
6.529634399414062500e+02
1.013852111816406250e+03
9.091658935546875000e+02
7.993652343750000000e+02
7.547960205078125000e+02
6.769660034179687500e+02
9.230830078125000000e+02
6.064244384765625000e+02
9.226992797851562500e+02
8.475822143554687500e+02
8.531533813476562500e+02
6.105399780273437500e+02
6.965522460937500000e+02
7.974114379882812500e+02
6.971511230468750000e+02
7.368844604492187500e+02
6.748829956054687500e+02
7.882958374023437500e+02
9.292644653320312500e+02
8.125180664062500000e+02
6.321995849609375000e+02
5.577717895507812500e+02
6.385244140625000000e+02
9.365559082031250000e+02
8.690688476562500000e+02
6.552810668945312500e+02
7.187081909179687500e+02
9.398236083984375000e+02
8.712566528320312500e+02
8.561964721679687500e+02
7.920198364257812500e+02
9.254062500000000000e+02
7.308361816406250000e+02
8.269733276367187500e+02
8.670986328125000000e+02
8.076921386718750000e+02
6.903070068359375000e+02
7.868499755859375000e+02
6.683159790039062500e+02
6.346296997070312500e+02
6.364961547851562500e+02
4.371473388671875000e+02
8.924550170898437500e+02
7.102291870117187500e+02
8.654399414062500000e+02
8.994663696289062500e+02
7.265217285156250000e+02
8.438508300781250000e+02
7.167043457031250000e+02
6.538245239257812500e+02
8.646182250976562500e+02
9.227567138671875000e+02
7.309755859375000000e+02
9.008134155273437500e+02
8.514690551757812500e+02
8.355026855468750000e+02
6.913565063476562500e+02
7.750307006835937500e+02
6.689559936523437500e+02
5.167534790039062500e+02
9.048587036132812500e+02
6.846507568359375000e+02
9.350582275390625000e+02
9.135510864257812500e+02
7.322236328125000000e+02
8.104880981445312500e+02
9.710588378906250000e+02
6.832200317382812500e+02
7.070668334960937500e+02
7.463173217773437500e+02
6.035516357421875000e+02
8.115487060546875000e+02
7.045385742187500000e+02
6.727686767578125000e+02
5.879213867187500000e+02
7.638706665039062500e+02
7.322966308593750000e+02
6.421601562500000000e+02
7.427770385742187500e+02
6.617029418945312500e+02
8.777709960937500000e+02
7.353267211914062500e+02
7.869154052734375000e+02
8.608458862304687500e+02
8.169180297851562500e+02
5.767106323242187500e+02
8.528990478515625000e+02
8.455228881835937500e+02
7.982316894531250000e+02
6.182793579101562500e+02
7.864588623046875000e+02
8.735540771484375000e+02
8.789759521484375000e+02
7.931124267578125000e+02
7.727217407226562500e+02
7.139447631835937500e+02
7.073864746093750000e+02
8.178153686523437500e+02
8.854470825195312500e+02
6.525375366210937500e+02
8.670086669921875000e+02
8.536977539062500000e+02
7.314409790039062500e+02
6.659947509765625000e+02
7.869418334960937500e+02
8.511477661132812500e+02
9.191208496093750000e+02
7.058715209960937500e+02
6.249152832031250000e+02
6.100307617187500000e+02
8.143096313476562500e+02
7.289133911132812500e+02
9.783712158203125000e+02
8.352674560546875000e+02
7.114685668945312500e+02
7.272895507812500000e+02
8.335630493164062500e+02
5.838547363281250000e+02
9.887427368164062500e+02
7.975252075195312500e+02
1.101912719726562500e+03
7.191828613281250000e+02
9.454713134765625000e+02
1.013430786132812500e+03
7.197833862304687500e+02
7.877178955078125000e+02
6.551333007812500000e+02
9.160203247070312500e+02
8.330391845703125000e+02
7.060499267578125000e+02
6.808268432617187500e+02
9.026296997070312500e+02
7.418153686523437500e+02
6.740814819335937500e+02
6.821049804687500000e+02
1.006309143066406250e+03
8.707448120117187500e+02
7.235041503906250000e+02
7.277526245117187500e+02
7.871331176757812500e+02
8.130479125976562500e+02
6.902955932617187500e+02
8.531973266601562500e+02
8.358999023437500000e+02
6.919250488281250000e+02
9.320723876953125000e+02
9.678222656250000000e+02
7.909346313476562500e+02
5.818880004882812500e+02
6.214291381835937500e+02
7.420090332031250000e+02
5.934292602539062500e+02
8.949683837890625000e+02
9.047790527343750000e+02
7.714169311523437500e+02
7.487608032226562500e+02
9.138357543945312500e+02
7.481554565429687500e+02
5.602275390625000000e+02
8.006359863281250000e+02
8.403261108398437500e+02
7.314895629882812500e+02
7.187710571289062500e+02
9.133098144531250000e+02
1.000076049804687500e+03
6.473707885742187500e+02
8.417698364257812500e+02
8.519952392578125000e+02
8.791068725585937500e+02
6.897397460937500000e+02
7.250463867187500000e+02
8.236029052734375000e+02
6.300466918945312500e+02
6.355183715820312500e+02
9.790782470703125000e+02
7.859069824218750000e+02
7.964014892578125000e+02
7.858449707031250000e+02
8.225590209960937500e+02
8.883051147460937500e+02
7.765109252929687500e+02
6.634113769531250000e+02
8.719992675781250000e+02
7.588103027343750000e+02
6.555805664062500000e+02
9.212115478515625000e+02
7.489332275390625000e+02
7.642150878906250000e+02
6.426123657226562500e+02
8.349130859375000000e+02
6.080688476562500000e+02
9.401610717773437500e+02
8.640242919921875000e+02
7.299791259765625000e+02
6.949915161132812500e+02
8.877879638671875000e+02
8.757532958984375000e+02
8.305382080078125000e+02
8.842258911132812500e+02
9.346384887695312500e+02
7.328175048828125000e+02
6.919895629882812500e+02
9.102151489257812500e+02
8.494790039062500000e+02
5.808143920898437500e+02
9.397261962890625000e+02
6.900674438476562500e+02
6.157148437500000000e+02
7.436433715820312500e+02
8.420419921875000000e+02
7.351164550781250000e+02
7.252127685546875000e+02
8.228555297851562500e+02
7.047459716796875000e+02
6.477032470703125000e+02
8.161162109375000000e+02
7.315222778320312500e+02
9.611027221679687500e+02
8.027500610351562500e+02
8.758516845703125000e+02
1.038209960937500000e+03
8.788880615234375000e+02
7.802395629882812500e+02
8.790335693359375000e+02
8.064567260742187500e+02
6.069945678710937500e+02
5.838001098632812500e+02
8.940741577148437500e+02
9.227068481445312500e+02
7.382595825195312500e+02
7.673972778320312500e+02
8.382421875000000000e+02
9.672581787109375000e+02
9.353862915039062500e+02
8.596484985351562500e+02
8.276292724609375000e+02
7.596988525390625000e+02
8.346794433593750000e+02
7.598840332031250000e+02
6.411829833984375000e+02
6.178864135742187500e+02
6.833253784179687500e+02
8.074058227539062500e+02
8.234807739257812500e+02
8.263313598632812500e+02
7.270211181640625000e+02
8.221889038085937500e+02
7.485189208984375000e+02
7.220419311523437500e+02
9.098493652343750000e+02
9.431385498046875000e+02
7.846348876953125000e+02
8.152834472656250000e+02
9.346560058593750000e+02
6.754067993164062500e+02
6.946392822265625000e+02
9.620726928710937500e+02
6.424142456054687500e+02
7.507839355468750000e+02
7.558137817382812500e+02
6.782772827148437500e+02
8.214703369140625000e+02
6.939203491210937500e+02
9.722297973632812500e+02
8.793212280273437500e+02
6.968250122070312500e+02
7.583848876953125000e+02
7.930770263671875000e+02
6.306051635742187500e+02
8.610187377929687500e+02
8.584749145507812500e+02
6.218049316406250000e+02
9.209143066406250000e+02
7.668704833984375000e+02
6.885466308593750000e+02
9.857700195312500000e+02
8.603593139648437500e+02
4.071220397949218750e+02
6.703536987304687500e+02
7.082397460937500000e+02
7.477022094726562500e+02
8.839595336914062500e+02
7.433249511718750000e+02
8.579512329101562500e+02
6.217462158203125000e+02
5.660076293945312500e+02
8.445955200195312500e+02
5.986551513671875000e+02
7.962139892578125000e+02
8.369030151367187500e+02
9.443916625976562500e+02
7.643357543945312500e+02
9.801010131835937500e+02
7.653553466796875000e+02
8.174053344726562500e+02
8.029661254882812500e+02
7.656439819335937500e+02
8.157619628906250000e+02
7.518973388671875000e+02
6.365159912109375000e+02
6.234943237304687500e+02
7.259687500000000000e+02
8.576520385742187500e+02
7.233272705078125000e+02
6.895527954101562500e+02
7.794893188476562500e+02
7.812127685546875000e+02
6.692507934570312500e+02
5.465650024414062500e+02
8.179412231445312500e+02
7.665290527343750000e+02
7.504611816406250000e+02
7.783610839843750000e+02
8.077941284179687500e+02
7.142759399414062500e+02
8.178554077148437500e+02
6.501065673828125000e+02
7.995346069335937500e+02
7.102436523437500000e+02
9.470481567382812500e+02
7.460705566406250000e+02
7.614162597656250000e+02
8.222906494140625000e+02
9.121338500976562500e+02
8.842476806640625000e+02
6.885022583007812500e+02
6.526530151367187500e+02
6.747147827148437500e+02
8.200620117187500000e+02
8.595161743164062500e+02
9.493212280273437500e+02
7.729562988281250000e+02
6.632583618164062500e+02
7.205505371093750000e+02
7.663388061523437500e+02
7.375672607421875000e+02
7.323093872070312500e+02
6.650375366210937500e+02
7.899134521484375000e+02
7.324016723632812500e+02
8.466093139648437500e+02
7.089676513671875000e+02
6.961752319335937500e+02
8.042368164062500000e+02
6.340280761718750000e+02
5.554949340820312500e+02
8.480927734375000000e+02
6.276140747070312500e+02
8.762431640625000000e+02
8.180592651367187500e+02
9.305861206054687500e+02
7.677654418945312500e+02
7.891357421875000000e+02
9.161189575195312500e+02
6.144663696289062500e+02
6.823236694335937500e+02
8.897036132812500000e+02
6.755957031250000000e+02
5.523742675781250000e+02
6.292275390625000000e+02
7.588832397460937500e+02
7.903162841796875000e+02
8.655606079101562500e+02
6.856581420898437500e+02
6.571249389648437500e+02
7.564885864257812500e+02
7.901690673828125000e+02
5.238743286132812500e+02
7.647492065429687500e+02
7.278272705078125000e+02
9.738928222656250000e+02
7.991699829101562500e+02
6.212697143554687500e+02
7.180752563476562500e+02
7.530620117187500000e+02
7.052964477539062500e+02
6.794615478515625000e+02
8.484429931640625000e+02
7.016741333007812500e+02
6.873974609375000000e+02
9.052814941406250000e+02
7.939636840820312500e+02
8.668029785156250000e+02
8.140565185546875000e+02
6.724381103515625000e+02
7.050509643554687500e+02
9.411708374023437500e+02
8.098880004882812500e+02
8.393024902343750000e+02
8.277175292968750000e+02
7.342759399414062500e+02
7.256844482421875000e+02
4.881268615722656250e+02
8.304435424804687500e+02
8.712640380859375000e+02
9.283875122070312500e+02
7.715841064453125000e+02
8.905131835937500000e+02
7.379038696289062500e+02
6.419367065429687500e+02
8.212698974609375000e+02
7.426682128906250000e+02
7.181217651367187500e+02
7.136763916015625000e+02
8.148085937500000000e+02
8.919688110351562500e+02
6.136569213867187500e+02
7.747607421875000000e+02
7.274078369140625000e+02
7.381737060546875000e+02
7.837936401367187500e+02
7.388245239257812500e+02
7.704378662109375000e+02
8.361495361328125000e+02
7.083668212890625000e+02
8.228100585937500000e+02
8.581088867187500000e+02
8.141262817382812500e+02
6.223939208984375000e+02
8.892511596679687500e+02
8.432679443359375000e+02
7.106362304687500000e+02
7.261193847656250000e+02
7.918269042968750000e+02
8.143753662109375000e+02
7.652152709960937500e+02
8.334492797851562500e+02
6.514965820312500000e+02
7.507647094726562500e+02
6.262277221679687500e+02
8.147935791015625000e+02
9.554663696289062500e+02
6.990762939453125000e+02
8.534259033203125000e+02
7.735738525390625000e+02
9.351044921875000000e+02
6.532922973632812500e+02
9.617996215820312500e+02
5.889047241210937500e+02
5.850929565429687500e+02
7.184822387695312500e+02
9.649931640625000000e+02
5.415137939453125000e+02
7.491120605468750000e+02
7.000236816406250000e+02
8.518308715820312500e+02
6.487393188476562500e+02
1.038424316406250000e+03
8.856940917968750000e+02
8.415081176757812500e+02
8.241057128906250000e+02
6.954190673828125000e+02
6.994511108398437500e+02
6.983782958984375000e+02
7.527319946289062500e+02
8.505770263671875000e+02
7.904180297851562500e+02
8.817187500000000000e+02
9.110897827148437500e+02
6.390969238281250000e+02
7.743450317382812500e+02
8.253209838867187500e+02
7.277090454101562500e+02
8.956665039062500000e+02
7.198260498046875000e+02
7.980915527343750000e+02
9.037316284179687500e+02
7.346754760742187500e+02
5.970691528320312500e+02
7.153692626953125000e+02
6.561813354492187500e+02
7.217810668945312500e+02
5.856690063476562500e+02
8.898315429687500000e+02
6.378109741210937500e+02
7.538114013671875000e+02
8.119161987304687500e+02
8.005453491210937500e+02
7.822358398437500000e+02
5.401174926757812500e+02
6.786942138671875000e+02
7.327528076171875000e+02
9.245839233398437500e+02
7.768618164062500000e+02
8.486961669921875000e+02
4.906157531738281250e+02
7.866325683593750000e+02
8.998359375000000000e+02
8.846116943359375000e+02
6.689862670898437500e+02
9.393781127929687500e+02
5.539085083007812500e+02
7.509086303710937500e+02
6.763345947265625000e+02
6.775476684570312500e+02
7.790230102539062500e+02
7.229249267578125000e+02
7.502289428710937500e+02
7.220226440429687500e+02
6.836398315429687500e+02
9.138572387695312500e+02
8.979230957031250000e+02
8.087421264648437500e+02
8.213497924804687500e+02
7.337691040039062500e+02
6.358485717773437500e+02
7.899391479492187500e+02
9.013135375976562500e+02
8.610066528320312500e+02
8.205891723632812500e+02
8.006797485351562500e+02
5.096304016113281250e+02
6.535766601562500000e+02
1.014968383789062500e+03
9.245408935546875000e+02
6.524539184570312500e+02
6.683909301757812500e+02
8.808264160156250000e+02
9.450148925781250000e+02
8.204159545898437500e+02
6.990841064453125000e+02
6.089595336914062500e+02
9.380380249023437500e+02
6.839290771484375000e+02
7.731441650390625000e+02
7.455794067382812500e+02
7.952758178710937500e+02
7.927045288085937500e+02
7.232968139648437500e+02
8.422705688476562500e+02
7.958256225585937500e+02
7.454526977539062500e+02
6.959924926757812500e+02
6.527908325195312500e+02
9.132081909179687500e+02
8.201472167968750000e+02
1.039386596679687500e+03
5.656408081054687500e+02
8.287416381835937500e+02
6.721391601562500000e+02
8.503378295898437500e+02
7.938368530273437500e+02
8.192041015625000000e+02
9.017620239257812500e+02
7.218845825195312500e+02
8.596044311523437500e+02
8.456894531250000000e+02
8.816936035156250000e+02
8.605945434570312500e+02
6.794009399414062500e+02
7.127366333007812500e+02
7.886225585937500000e+02
8.946415405273437500e+02
5.177606811523437500e+02
6.620437011718750000e+02
6.871487426757812500e+02
6.803474731445312500e+02
7.489898681640625000e+02
7.860112304687500000e+02
7.438972778320312500e+02
9.078276977539062500e+02
6.824222412109375000e+02
6.177583007812500000e+02
6.211696777343750000e+02
9.886483154296875000e+02
8.058030395507812500e+02
8.318281250000000000e+02
8.463964843750000000e+02
7.505819702148437500e+02
7.530469360351562500e+02
8.791443481445312500e+02
7.508787841796875000e+02
7.699776611328125000e+02
7.860404663085937500e+02
6.225972290039062500e+02
9.714904785156250000e+02
7.702807006835937500e+02
6.310133666992187500e+02
9.236232910156250000e+02
7.341441650390625000e+02
8.100980834960937500e+02
6.253524780273437500e+02
7.511136474609375000e+02
7.903839111328125000e+02
7.961601562500000000e+02
9.136513671875000000e+02
6.873287963867187500e+02
9.155447998046875000e+02
5.998547973632812500e+02
8.082742919921875000e+02
6.131990356445312500e+02
6.461602172851562500e+02
8.193688964843750000e+02
9.475065307617187500e+02
7.921605224609375000e+02
5.828137207031250000e+02
8.104957885742187500e+02
7.856431274414062500e+02
5.265087280273437500e+02
8.012307128906250000e+02
8.215209960937500000e+02
7.552197265625000000e+02
6.842882690429687500e+02
9.008377075195312500e+02
6.807426147460937500e+02
7.066719970703125000e+02
7.966892700195312500e+02
8.741708984375000000e+02
9.377899780273437500e+02
8.215803833007812500e+02
6.684148559570312500e+02
8.036108398437500000e+02
5.824165649414062500e+02
8.687883300781250000e+02
7.185293579101562500e+02
8.561517333984375000e+02
7.969187011718750000e+02
8.031842041015625000e+02
8.537642211914062500e+02
9.140838012695312500e+02
8.241978759765625000e+02
6.433164062500000000e+02
8.584874877929687500e+02
6.431120605468750000e+02
7.416166992187500000e+02
7.805678710937500000e+02
9.650977172851562500e+02
7.518841552734375000e+02
6.491057739257812500e+02
7.841574096679687500e+02
8.005520629882812500e+02
7.606511840820312500e+02
7.555281372070312500e+02
8.044501342773437500e+02
6.901868896484375000e+02
7.223754272460937500e+02
7.514102172851562500e+02
7.951668090820312500e+02
6.673536987304687500e+02
6.882762451171875000e+02
8.438292236328125000e+02
7.457611694335937500e+02
7.401897583007812500e+02
7.488679199218750000e+02
8.112185058593750000e+02
6.192506103515625000e+02
8.491854248046875000e+02
7.854357910156250000e+02
6.387268066406250000e+02
8.947206420898437500e+02
1.038398559570312500e+03
7.211783447265625000e+02
9.116864624023437500e+02
7.503217773437500000e+02
8.606006469726562500e+02
7.020879516601562500e+02
8.512623901367187500e+02
8.841765136718750000e+02
7.617047729492187500e+02
9.102225341796875000e+02
8.620701904296875000e+02
7.718491821289062500e+02
5.883407592773437500e+02
8.798981323242187500e+02
5.975894775390625000e+02
9.503250732421875000e+02
5.419660644531250000e+02
6.915119018554687500e+02
9.324592895507812500e+02
6.237890014648437500e+02
8.578140258789062500e+02
6.246282348632812500e+02
7.692913818359375000e+02
5.952858276367187500e+02
9.582271118164062500e+02
8.813104248046875000e+02
4.841750183105468750e+02
9.554136962890625000e+02
8.364107666015625000e+02
8.194716796875000000e+02
6.736608886718750000e+02
5.112261047363281250e+02
7.567436523437500000e+02
8.076012573242187500e+02
9.204142456054687500e+02
1.019597961425781250e+03
7.975064086914062500e+02
8.747694091796875000e+02
8.244910278320312500e+02
8.918669433593750000e+02
7.649144897460937500e+02
8.428597412109375000e+02
5.138692626953125000e+02
7.684035644531250000e+02
7.154408569335937500e+02
1.009291992187500000e+03
6.129470214843750000e+02
8.586772460937500000e+02
8.533651123046875000e+02
9.035374145507812500e+02
7.174667358398437500e+02
6.134587402343750000e+02
7.809567260742187500e+02
8.635516967773437500e+02
8.929220581054687500e+02
6.762631835937500000e+02
5.372769165039062500e+02
8.915628662109375000e+02
7.713021240234375000e+02
6.972000732421875000e+02
6.466575927734375000e+02
4.659506835937500000e+02
6.482930908203125000e+02
8.400252075195312500e+02
9.201503295898437500e+02
8.112955932617187500e+02
8.444755859375000000e+02
8.431848754882812500e+02
7.552392578125000000e+02
7.142862548828125000e+02
7.377661132812500000e+02
6.881218872070312500e+02
7.850750732421875000e+02
9.155520019531250000e+02
8.182940673828125000e+02
7.504305419921875000e+02
8.579455566406250000e+02
9.602402343750000000e+02
8.918936767578125000e+02
8.736452026367187500e+02
6.008831176757812500e+02
6.287087402343750000e+02
8.479863891601562500e+02
8.887255249023437500e+02
7.885996704101562500e+02
6.088484497070312500e+02
8.626875000000000000e+02
9.344168090820312500e+02
6.811539306640625000e+02
8.340556640625000000e+02
7.523604736328125000e+02
7.875241088867187500e+02
8.180842895507812500e+02
6.815520019531250000e+02
8.173845214843750000e+02
8.491708984375000000e+02
8.641704101562500000e+02
6.312481079101562500e+02
7.003284301757812500e+02
8.727715454101562500e+02
8.695720825195312500e+02
6.650531005859375000e+02
6.843782348632812500e+02
7.830198974609375000e+02
7.533652343750000000e+02
7.096021118164062500e+02
8.584746093750000000e+02
6.925880126953125000e+02
7.221726074218750000e+02
6.418030395507812500e+02
7.844161376953125000e+02
6.641605834960937500e+02
5.531425781250000000e+02
7.747280273437500000e+02
5.739431762695312500e+02
6.467966918945312500e+02
7.064711914062500000e+02
9.591221923828125000e+02
4.924507446289062500e+02
7.285391845703125000e+02
8.020614013671875000e+02
7.306129760742187500e+02
7.248890380859375000e+02
7.649954833984375000e+02
7.720953979492187500e+02
7.101895141601562500e+02
7.770085449218750000e+02
6.206768188476562500e+02
7.745835571289062500e+02
7.828149414062500000e+02
7.950964965820312500e+02
7.551250000000000000e+02
7.540354614257812500e+02
7.088166503906250000e+02
8.102598876953125000e+02
7.683118286132812500e+02
8.082670898437500000e+02
7.708607788085937500e+02
6.786975708007812500e+02
7.902115478515625000e+02
6.853023681640625000e+02
7.720821533203125000e+02
5.222005615234375000e+02
8.012988281250000000e+02
8.849158935546875000e+02
8.056756591796875000e+02
7.049892578125000000e+02
6.987985839843750000e+02
5.754309082031250000e+02
5.588137817382812500e+02
7.737555541992187500e+02
8.972435913085937500e+02
8.735317382812500000e+02
8.558251953125000000e+02
7.451712646484375000e+02
7.042082519531250000e+02
9.910275878906250000e+02
8.091621704101562500e+02
5.943035278320312500e+02
3.990835876464843750e+02
8.064742431640625000e+02
7.202185058593750000e+02
6.892291259765625000e+02
7.019166870117187500e+02
7.305534057617187500e+02
5.217050170898437500e+02
5.415697021484375000e+02
7.553905029296875000e+02
8.195039672851562500e+02
8.675491943359375000e+02
9.247366333007812500e+02
6.996612548828125000e+02
7.251063842773437500e+02
9.468127441406250000e+02
7.812377319335937500e+02
7.645064697265625000e+02
7.003925781250000000e+02
9.601196899414062500e+02
7.966449584960937500e+02
7.311806640625000000e+02
8.562726440429687500e+02
7.626980590820312500e+02
8.074021606445312500e+02
6.051025390625000000e+02
6.832368774414062500e+02
6.541483764648437500e+02
6.805051879882812500e+02
8.905884399414062500e+02
8.129976806640625000e+02
6.587690429687500000e+02
5.657011108398437500e+02
5.886994018554687500e+02
7.910050048828125000e+02
7.045189208984375000e+02
8.503691406250000000e+02
7.534967041015625000e+02
7.195479125976562500e+02
7.682654418945312500e+02
8.512155761718750000e+02
9.087496337890625000e+02
8.319854736328125000e+02
8.176192626953125000e+02
6.987761230468750000e+02
8.274308471679687500e+02
6.023139648437500000e+02
7.920894775390625000e+02
7.509755249023437500e+02
7.097097167968750000e+02
9.564614868164062500e+02
9.489441528320312500e+02
8.215031738281250000e+02
7.451519165039062500e+02
7.216580200195312500e+02
9.688924560546875000e+02
8.286478271484375000e+02
7.366621704101562500e+02
7.691744384765625000e+02
9.203268432617187500e+02
6.493951416015625000e+02
9.743414916992187500e+02
8.847949218750000000e+02
7.974963378906250000e+02
7.327123413085937500e+02
7.542470092773437500e+02
6.515512695312500000e+02
8.062232055664062500e+02
6.460205078125000000e+02
8.054525146484375000e+02
9.249790649414062500e+02
8.912384033203125000e+02
8.697855834960937500e+02
5.042876892089843750e+02
7.762485351562500000e+02
7.063953857421875000e+02
7.936163940429687500e+02
6.305518188476562500e+02
7.675067138671875000e+02
4.984776000976562500e+02
7.146933593750000000e+02
7.773109130859375000e+02
8.613233642578125000e+02
6.978543090820312500e+02
6.972392578125000000e+02
1.030837768554687500e+03
6.666366577148437500e+02
7.086018066406250000e+02
7.864666137695312500e+02
8.932826538085937500e+02
6.726077270507812500e+02
7.998883056640625000e+02
7.672230834960937500e+02
5.179521484375000000e+02
8.007041625976562500e+02
8.605121459960937500e+02
8.636244506835937500e+02
7.800285644531250000e+02
8.218710327148437500e+02
8.781486206054687500e+02
5.243056640625000000e+02
7.635438842773437500e+02
8.053128662109375000e+02
8.408312988281250000e+02
7.606405029296875000e+02
8.938264160156250000e+02
9.657787475585937500e+02
5.395608520507812500e+02
5.915580444335937500e+02
9.119113769531250000e+02
8.885289916992187500e+02
8.604013671875000000e+02
8.995654907226562500e+02
8.617752075195312500e+02
8.692827758789062500e+02
8.245180664062500000e+02
9.020109252929687500e+02
8.456968383789062500e+02
7.947067260742187500e+02
7.861636962890625000e+02
9.416922607421875000e+02
6.077385864257812500e+02
9.145670166015625000e+02
9.775115356445312500e+02
9.059797363281250000e+02
8.933048706054687500e+02
9.402184448242187500e+02
7.994486694335937500e+02
6.990213012695312500e+02
7.897098999023437500e+02
9.354119873046875000e+02
9.642801513671875000e+02
7.975763549804687500e+02
6.806984252929687500e+02
6.547506713867187500e+02
9.841243896484375000e+02
6.555360107421875000e+02
6.708715820312500000e+02
7.711921997070312500e+02
8.787670898437500000e+02
7.108283081054687500e+02
7.059003295898437500e+02
6.142423706054687500e+02
6.390056762695312500e+02
6.257006835937500000e+02
7.556731567382812500e+02
8.486432495117187500e+02
9.067142333984375000e+02
9.235372924804687500e+02
9.991735229492187500e+02
6.678969726562500000e+02
7.691381835937500000e+02
7.327246093750000000e+02
7.784487915039062500e+02
8.923967285156250000e+02
9.417235717773437500e+02
6.710620117187500000e+02
8.762236938476562500e+02
6.776458740234375000e+02
8.167059936523437500e+02
7.686879272460937500e+02
9.428157958984375000e+02
6.416803588867187500e+02
7.256925659179687500e+02
7.573504028320312500e+02
6.019495239257812500e+02
7.722863159179687500e+02
7.402232055664062500e+02
9.081835327148437500e+02
6.937095947265625000e+02
8.247836914062500000e+02
9.576693725585937500e+02
7.846058349609375000e+02
6.699077758789062500e+02
8.006122436523437500e+02
8.116852416992187500e+02
8.000637207031250000e+02
8.531691284179687500e+02
7.390966186523437500e+02
5.082016296386718750e+02
7.821871337890625000e+02
6.192312622070312500e+02
6.672512817382812500e+02
7.087490844726562500e+02
7.894546508789062500e+02
6.121842041015625000e+02
7.551060180664062500e+02
8.065034790039062500e+02
7.940332031250000000e+02
9.343321533203125000e+02
5.497017211914062500e+02
7.580890502929687500e+02
7.104331665039062500e+02
9.056538696289062500e+02
7.138578491210937500e+02
8.202025756835937500e+02
9.558792724609375000e+02
6.583262329101562500e+02
7.794647827148437500e+02
7.919974975585937500e+02
7.919725952148437500e+02
8.858265991210937500e+02
7.768571777343750000e+02
6.947723388671875000e+02
9.115045166015625000e+02
1.070850097656250000e+03
8.059792480468750000e+02
7.384594726562500000e+02
6.757411499023437500e+02
5.082144470214843750e+02
6.079282226562500000e+02
5.621036987304687500e+02
7.257355957031250000e+02
8.626133422851562500e+02
7.302168579101562500e+02
6.931600341796875000e+02
6.504511718750000000e+02
8.623796386718750000e+02
9.179109497070312500e+02
7.694176025390625000e+02
7.355363159179687500e+02
6.797141723632812500e+02
7.893646850585937500e+02
8.823284301757812500e+02
7.263917236328125000e+02
7.695167846679687500e+02
7.779346313476562500e+02
6.974534301757812500e+02
1.030219848632812500e+03
9.974805297851562500e+02
6.877471313476562500e+02
9.324530639648437500e+02
8.848606567382812500e+02
7.672796630859375000e+02
8.603262329101562500e+02
7.433881225585937500e+02
6.635338134765625000e+02
5.492902221679687500e+02
7.917689819335937500e+02
8.940335083007812500e+02
7.214017333984375000e+02
8.027344360351562500e+02
8.174274291992187500e+02
7.596320800781250000e+02
5.953381958007812500e+02
7.864884643554687500e+02
9.563354492187500000e+02
8.738790283203125000e+02
7.939196166992187500e+02
8.944087524414062500e+02
8.847398681640625000e+02
7.426752929687500000e+02
1.004392028808593750e+03
8.073887939453125000e+02
6.463348388671875000e+02
7.052730712890625000e+02
7.101226806640625000e+02
9.159041748046875000e+02
6.743041992187500000e+02
6.559588012695312500e+02
7.879041748046875000e+02
6.598451538085937500e+02
6.067635498046875000e+02
5.383640136718750000e+02
7.203256225585937500e+02
8.550561523437500000e+02
8.094771118164062500e+02
8.886764526367187500e+02
8.279481811523437500e+02
1.058269042968750000e+03
7.120097656250000000e+02
7.719581298828125000e+02
9.541104125976562500e+02
6.299743652343750000e+02
7.793961791992187500e+02
6.269672241210937500e+02
5.449159545898437500e+02
7.214125366210937500e+02
8.292360839843750000e+02
8.975158691406250000e+02
8.533792114257812500e+02
6.811075439453125000e+02
8.747295532226562500e+02
7.519630737304687500e+02
7.348602905273437500e+02
6.953060302734375000e+02
9.214984130859375000e+02
8.058594970703125000e+02
9.085482788085937500e+02
7.894801025390625000e+02
6.939648437500000000e+02
7.000596313476562500e+02
7.360423583984375000e+02
7.558375854492187500e+02
7.194561157226562500e+02
5.268569335937500000e+02
6.950939941406250000e+02
6.672996215820312500e+02
7.450748901367187500e+02
7.406724853515625000e+02
5.994166259765625000e+02
9.390244750976562500e+02
6.923197021484375000e+02
9.229166259765625000e+02
6.648069458007812500e+02
8.817724609375000000e+02
5.751194458007812500e+02
7.410971679687500000e+02
5.333693847656250000e+02
7.915019531250000000e+02
6.154161376953125000e+02
8.900057373046875000e+02
7.953385620117187500e+02
8.875977783203125000e+02
9.414937744140625000e+02
5.591738281250000000e+02
7.630850830078125000e+02
7.559992065429687500e+02
1.039021118164062500e+03
8.207329711914062500e+02
8.037079467773437500e+02
8.081743774414062500e+02
9.021814575195312500e+02
7.688120117187500000e+02
7.925851440429687500e+02
8.386831054687500000e+02
7.736301879882812500e+02
8.475505371093750000e+02
8.386072387695312500e+02
7.926655273437500000e+02
7.740157470703125000e+02
8.028619384765625000e+02
8.770980834960937500e+02
8.450783081054687500e+02
7.425236816406250000e+02
7.514855957031250000e+02
6.216037597656250000e+02
9.397436523437500000e+02
7.016483764648437500e+02
9.232966308593750000e+02
9.146401367187500000e+02
7.252277832031250000e+02
7.178002929687500000e+02
7.414505004882812500e+02
8.518400878906250000e+02
6.492296752929687500e+02
8.546972045898437500e+02
7.570095214843750000e+02
7.906698608398437500e+02
7.793259277343750000e+02
9.164272460937500000e+02
6.635891113281250000e+02
5.694332885742187500e+02
7.096731567382812500e+02
7.937076416015625000e+02
8.768664550781250000e+02
5.945263061523437500e+02
9.182260131835937500e+02
6.981194458007812500e+02
7.125997314453125000e+02
6.611945800781250000e+02
6.282624511718750000e+02
6.156886596679687500e+02
6.818143920898437500e+02
9.945627441406250000e+02
6.383936157226562500e+02
7.687155151367187500e+02
5.672022094726562500e+02
1.166048461914062500e+03
7.105704956054687500e+02
7.451375122070312500e+02
8.449373168945312500e+02
9.942753906250000000e+02
8.400635986328125000e+02
7.454916381835937500e+02
9.399655151367187500e+02
8.429458618164062500e+02
8.568743896484375000e+02
9.243799438476562500e+02
7.461208496093750000e+02
6.133395996093750000e+02
8.243881225585937500e+02
6.520800170898437500e+02
9.084021606445312500e+02
8.581652221679687500e+02
8.699214477539062500e+02
5.209779052734375000e+02
6.880279541015625000e+02
5.665693359375000000e+02
8.856986083984375000e+02
7.869328002929687500e+02
6.541640625000000000e+02
8.336309814453125000e+02
8.990089111328125000e+02
8.444160156250000000e+02
7.470964965820312500e+02
6.669105834960937500e+02
6.887175292968750000e+02
9.034295654296875000e+02
6.260346069335937500e+02
7.324530639648437500e+02
5.817777709960937500e+02
8.371565551757812500e+02
7.461683959960937500e+02
6.367955932617187500e+02
6.428464965820312500e+02
6.171848144531250000e+02
8.153420410156250000e+02
7.531690063476562500e+02
8.116691894531250000e+02
9.175923461914062500e+02
6.738967895507812500e+02
9.577775268554687500e+02
7.603468017578125000e+02
8.096477661132812500e+02
7.570805053710937500e+02
6.853091430664062500e+02
8.226339111328125000e+02
7.443558349609375000e+02
6.461989746093750000e+02
7.013372192382812500e+02
8.264304809570312500e+02
8.194229736328125000e+02
8.538222045898437500e+02
9.188205566406250000e+02
7.858149414062500000e+02
7.885163574218750000e+02
5.950932617187500000e+02
6.166708984375000000e+02
6.384377441406250000e+02
7.718975219726562500e+02
8.023495483398437500e+02
5.849688720703125000e+02
6.042854614257812500e+02
6.980430297851562500e+02
9.759901733398437500e+02
7.572757568359375000e+02
7.176418457031250000e+02
8.118019409179687500e+02
7.734864501953125000e+02
7.604140014648437500e+02
8.796483764648437500e+02
8.493892822265625000e+02
9.255855102539062500e+02
6.263326416015625000e+02
9.264108276367187500e+02
9.164219360351562500e+02
5.197905883789062500e+02
8.482100830078125000e+02
8.378875732421875000e+02
9.751075439453125000e+02
8.297573242187500000e+02
8.651235351562500000e+02
7.415504760742187500e+02
7.647878417968750000e+02
6.108341064453125000e+02
6.422778320312500000e+02
8.704153442382812500e+02
6.303811035156250000e+02
8.138579101562500000e+02
7.571600952148437500e+02
9.005747680664062500e+02
9.051349487304687500e+02
7.762335815429687500e+02
7.361959838867187500e+02
9.200263671875000000e+02
8.599784545898437500e+02
7.623306884765625000e+02
6.154041137695312500e+02
9.852526855468750000e+02
6.641722412109375000e+02
9.114035034179687500e+02
6.841190185546875000e+02
6.594708251953125000e+02
6.554870605468750000e+02
5.888060913085937500e+02
6.677930297851562500e+02
7.344926757812500000e+02
6.661818237304687500e+02
8.588015136718750000e+02
6.302633666992187500e+02
8.709202270507812500e+02
6.764116821289062500e+02
5.629465332031250000e+02
6.827409667968750000e+02
8.641049194335937500e+02
8.409237670898437500e+02
8.384184570312500000e+02
6.725563354492187500e+02
7.854698486328125000e+02
7.443755493164062500e+02
7.529116210937500000e+02
5.785682983398437500e+02
6.952365112304687500e+02
8.962652587890625000e+02
8.521516723632812500e+02
7.800543823242187500e+02
9.165284423828125000e+02
7.882706298828125000e+02
7.250505981445312500e+02
8.660401000976562500e+02
7.322905273437500000e+02
7.131221313476562500e+02
7.987944946289062500e+02
9.483895263671875000e+02
8.961547241210937500e+02
7.658516235351562500e+02
7.218626708984375000e+02
8.547448730468750000e+02
1.013421997070312500e+03
7.891774902343750000e+02
7.804187011718750000e+02
6.980150146484375000e+02
6.567226562500000000e+02
6.936246948242187500e+02
8.330587768554687500e+02
8.849625244140625000e+02
6.798975219726562500e+02
7.672120971679687500e+02
7.906490478515625000e+02
6.912640380859375000e+02
7.599875488281250000e+02
8.025594482421875000e+02
7.554558105468750000e+02
6.558116455078125000e+02
7.441243896484375000e+02
8.478953247070312500e+02
6.307949218750000000e+02
6.217528686523437500e+02
7.654462890625000000e+02
9.413731079101562500e+02
7.715528564453125000e+02
6.458483886718750000e+02
8.272037353515625000e+02
7.646260986328125000e+02
8.848389282226562500e+02
8.829516601562500000e+02
8.380794677734375000e+02
9.725850219726562500e+02
9.156179809570312500e+02
8.529700927734375000e+02
8.347213745117187500e+02
6.219902343750000000e+02
8.376385498046875000e+02
8.276640625000000000e+02
7.319996337890625000e+02
7.029223632812500000e+02
9.973101806640625000e+02
8.093969116210937500e+02
8.087612915039062500e+02
8.608845214843750000e+02
7.067852172851562500e+02
8.159476318359375000e+02
7.665533447265625000e+02
8.357122802734375000e+02
7.564466552734375000e+02
8.543064575195312500e+02
4.883561096191406250e+02
8.542652587890625000e+02
7.637725219726562500e+02
7.182515869140625000e+02
8.226715087890625000e+02
7.135457153320312500e+02
7.604683837890625000e+02
8.495422363281250000e+02
4.910195922851562500e+02
9.152529907226562500e+02
6.072223510742187500e+02
4.832490234375000000e+02
7.044064331054687500e+02
8.324436645507812500e+02
7.999683227539062500e+02
7.742480468750000000e+02
9.472863769531250000e+02
6.061137695312500000e+02
7.756331787109375000e+02
7.994713745117187500e+02
1.109167968750000000e+03
8.300230712890625000e+02
6.923730468750000000e+02
8.359556274414062500e+02
8.491896972656250000e+02
6.657716064453125000e+02
7.924334106445312500e+02
8.114558105468750000e+02
8.401126708984375000e+02
8.275999755859375000e+02
8.003415527343750000e+02
9.152351684570312500e+02
7.428029174804687500e+02
7.770242919921875000e+02
8.044328002929687500e+02
6.291729736328125000e+02
9.334786987304687500e+02
8.631223144531250000e+02
5.794580688476562500e+02
9.028265380859375000e+02
9.329074707031250000e+02
6.454882202148437500e+02
9.097916870117187500e+02
5.109217834472656250e+02
7.617233886718750000e+02
7.337826538085937500e+02
7.521154174804687500e+02
9.484523315429687500e+02
7.861054687500000000e+02
8.978292846679687500e+02
7.640946044921875000e+02
6.959874267578125000e+02
8.549883422851562500e+02
5.886864013671875000e+02
8.532189941406250000e+02
8.420770263671875000e+02
6.760807495117187500e+02
8.489883422851562500e+02
5.364835815429687500e+02
6.541782836914062500e+02
8.443023071289062500e+02
9.306118164062500000e+02
7.222374267578125000e+02
7.742354736328125000e+02
7.486941528320312500e+02
9.255966796875000000e+02
7.175910644531250000e+02
7.256295776367187500e+02
6.153812255859375000e+02
7.858084106445312500e+02
6.703480834960937500e+02
6.705964355468750000e+02
7.750391845703125000e+02
6.632770996093750000e+02
6.840086669921875000e+02
9.058337402343750000e+02
8.005277709960937500e+02
7.277764282226562500e+02
5.576798095703125000e+02
7.617225341796875000e+02
7.556287231445312500e+02
8.324480590820312500e+02
6.942631835937500000e+02
7.049348144531250000e+02
6.135090942382812500e+02
8.460227661132812500e+02
8.663325805664062500e+02
6.332198486328125000e+02
7.963067016601562500e+02
7.548248901367187500e+02
9.139937133789062500e+02
6.861265869140625000e+02
6.159152221679687500e+02
9.647425537109375000e+02
8.925722045898437500e+02
8.404263916015625000e+02
1.017648193359375000e+03
8.628784790039062500e+02
9.331272583007812500e+02
7.716602172851562500e+02
6.988081054687500000e+02
7.568313598632812500e+02
8.559927978515625000e+02
8.379219360351562500e+02
7.623807983398437500e+02
7.503219604492187500e+02
7.886246948242187500e+02
7.224724121093750000e+02
8.242912597656250000e+02
7.239677124023437500e+02
8.421316528320312500e+02
8.062349853515625000e+02
6.937424926757812500e+02
6.533108520507812500e+02
7.971730957031250000e+02
8.718554687500000000e+02
9.414689331054687500e+02
7.320703735351562500e+02
7.286268920898437500e+02
6.848914184570312500e+02
7.243599853515625000e+02
7.239180297851562500e+02
8.813744506835937500e+02
9.183651123046875000e+02
8.961497802734375000e+02
7.563898925781250000e+02
8.482238159179687500e+02
6.958957519531250000e+02
9.105227050781250000e+02
5.878887939453125000e+02
8.447065429687500000e+02
8.208174438476562500e+02
7.766950683593750000e+02
6.022692871093750000e+02
8.555863647460937500e+02
6.633548583984375000e+02
6.227848510742187500e+02
9.575686645507812500e+02
8.132841186523437500e+02
8.746692504882812500e+02
6.597517700195312500e+02
5.633118896484375000e+02
6.763514404296875000e+02
6.394880981445312500e+02
7.336936035156250000e+02
9.170453491210937500e+02
9.404586181640625000e+02
7.895708618164062500e+02
7.149638671875000000e+02
8.601565551757812500e+02
7.876715698242187500e+02
8.976130981445312500e+02
8.129841918945312500e+02
8.581963500976562500e+02
7.505084228515625000e+02
7.518776245117187500e+02
8.622597045898437500e+02
8.938727416992187500e+02
5.752017211914062500e+02
1.004527893066406250e+03
7.088621215820312500e+02
8.069308471679687500e+02
7.462791748046875000e+02
7.965813598632812500e+02
6.208460693359375000e+02
7.104495239257812500e+02
8.397536010742187500e+02
6.684343872070312500e+02
7.896389770507812500e+02
7.060194702148437500e+02
8.486262817382812500e+02
7.093261108398437500e+02
8.189136352539062500e+02
5.917968750000000000e+02
7.290242919921875000e+02
5.500039062500000000e+02
7.718193969726562500e+02
6.926774291992187500e+02
7.196170043945312500e+02
6.379592895507812500e+02
8.811483154296875000e+02
7.338948974609375000e+02
7.156524047851562500e+02
7.543018188476562500e+02
1.006882202148437500e+03
8.601211547851562500e+02
8.327802734375000000e+02
7.204161987304687500e+02
5.154385986328125000e+02
7.290004882812500000e+02
7.075053710937500000e+02
8.071159057617187500e+02
8.656943359375000000e+02
7.367533569335937500e+02
6.244013671875000000e+02
7.611514282226562500e+02
9.349770507812500000e+02
6.114537963867187500e+02
8.974815673828125000e+02
6.774256591796875000e+02
7.999592895507812500e+02
7.171583251953125000e+02
6.690315551757812500e+02
8.972542724609375000e+02
6.694315185546875000e+02
4.506096496582031250e+02
7.712671508789062500e+02
7.548142700195312500e+02
7.994866333007812500e+02
9.260621948242187500e+02
7.804730834960937500e+02
6.223668823242187500e+02
8.938741455078125000e+02
8.959043579101562500e+02
7.513115234375000000e+02
8.554888305664062500e+02
6.203730468750000000e+02
8.254033813476562500e+02
8.194968261718750000e+02
7.960250244140625000e+02
8.412694091796875000e+02
7.362110595703125000e+02
8.328185424804687500e+02
7.186492309570312500e+02
9.139305419921875000e+02
7.893843994140625000e+02
6.565671386718750000e+02
8.009003295898437500e+02
8.323133544921875000e+02
8.078106689453125000e+02
7.119562377929687500e+02
7.204553222656250000e+02
7.613335571289062500e+02
6.929492187500000000e+02
6.337525634765625000e+02
1.015026916503906250e+03
7.724150390625000000e+02
7.407527465820312500e+02
8.348584594726562500e+02
5.805778808593750000e+02
8.371121215820312500e+02
6.207632446289062500e+02
8.469564208984375000e+02
3.866434020996093750e+02
4.804621887207031250e+02
9.043710937500000000e+02
8.436229858398437500e+02
5.364122314453125000e+02
9.773571777343750000e+02
8.275625000000000000e+02
8.046713867187500000e+02
8.172183227539062500e+02
6.163294677734375000e+02
7.901240234375000000e+02
8.277196655273437500e+02
9.552254638671875000e+02
7.757870483398437500e+02
7.785425415039062500e+02
8.382069702148437500e+02
8.796936035156250000e+02
6.684628295898437500e+02
9.058010864257812500e+02
7.934852294921875000e+02
7.231817016601562500e+02
8.870907592773437500e+02
9.380132446289062500e+02
9.520115356445312500e+02
8.558726196289062500e+02
6.294183959960937500e+02
8.580360717773437500e+02
8.095761108398437500e+02
5.509282836914062500e+02
7.622318115234375000e+02
6.938889160156250000e+02
9.819129028320312500e+02
6.427072143554687500e+02
6.553025512695312500e+02
6.786398925781250000e+02
8.424969482421875000e+02
7.247344970703125000e+02
8.035302734375000000e+02
7.520057983398437500e+02
8.559661865234375000e+02
7.088426513671875000e+02
8.480156860351562500e+02
8.056638793945312500e+02
8.705098266601562500e+02
5.004570312500000000e+02
7.993529663085937500e+02
7.434039916992187500e+02
8.463508911132812500e+02
7.623612060546875000e+02
9.544584960937500000e+02
8.026774902343750000e+02
6.243136596679687500e+02
8.181766967773437500e+02
6.371979980468750000e+02
7.078898925781250000e+02
5.404215087890625000e+02
7.838489379882812500e+02
7.791950683593750000e+02
8.528462524414062500e+02
7.538933715820312500e+02
9.718048706054687500e+02
5.403520507812500000e+02
7.962038574218750000e+02
8.772132568359375000e+02
5.769970703125000000e+02
7.956912841796875000e+02
7.928010253906250000e+02
6.562659912109375000e+02
8.093555908203125000e+02
6.759727783203125000e+02
9.001467285156250000e+02
9.792875976562500000e+02
6.625324707031250000e+02
6.778421630859375000e+02
8.980361938476562500e+02
7.999915771484375000e+02
7.440322875976562500e+02
7.058302001953125000e+02
7.623917846679687500e+02
7.596538085937500000e+02
7.849044799804687500e+02
7.141769409179687500e+02
9.168479003906250000e+02
5.502715454101562500e+02
6.505695800781250000e+02
6.255246582031250000e+02
7.662076416015625000e+02
8.554262695312500000e+02
6.235997924804687500e+02
7.186685180664062500e+02
7.193408813476562500e+02
7.299895019531250000e+02
6.603677368164062500e+02
7.188275756835937500e+02
7.297012939453125000e+02
7.299243164062500000e+02
8.332094116210937500e+02
7.048508300781250000e+02
8.010322875976562500e+02
5.818818969726562500e+02
7.681271972656250000e+02
7.879206542968750000e+02
9.432525634765625000e+02
6.059561157226562500e+02
7.871315307617187500e+02
6.657297973632812500e+02
8.556089477539062500e+02
8.166434326171875000e+02
6.727122192382812500e+02
8.729721069335937500e+02
6.326920776367187500e+02
8.334899291992187500e+02
8.096824340820312500e+02
7.630230102539062500e+02
6.917482910156250000e+02
7.270103759765625000e+02
5.300737304687500000e+02
7.317496337890625000e+02
6.239992675781250000e+02
7.912587890625000000e+02
7.323367309570312500e+02
6.417461547851562500e+02
6.168054809570312500e+02
8.698351440429687500e+02
8.451181640625000000e+02
7.301168212890625000e+02
6.731563110351562500e+02
7.610795898437500000e+02
8.650560913085937500e+02
6.456312255859375000e+02
8.862556762695312500e+02
8.972903442382812500e+02
6.879279785156250000e+02
6.719350585937500000e+02
7.384938964843750000e+02
8.898287963867187500e+02
9.913355102539062500e+02
7.877102661132812500e+02
8.093333129882812500e+02
5.715266113281250000e+02
6.499223022460937500e+02
6.728205566406250000e+02
6.469812622070312500e+02
6.781876220703125000e+02
8.262131958007812500e+02
7.812895507812500000e+02
8.177677612304687500e+02
8.083850097656250000e+02
7.276596069335937500e+02
7.070456542968750000e+02
7.756322021484375000e+02
8.621577758789062500e+02
8.615140991210937500e+02
7.432736816406250000e+02
8.845092773437500000e+02
7.467314453125000000e+02
7.657534179687500000e+02
7.944122924804687500e+02
8.829088745117187500e+02
8.977047729492187500e+02
8.708579711914062500e+02
7.264808959960937500e+02
6.841019287109375000e+02
7.864436645507812500e+02
8.982736206054687500e+02
7.329033203125000000e+02
8.613229980468750000e+02
8.985625000000000000e+02
6.101588134765625000e+02
7.873205566406250000e+02
7.839525756835937500e+02
5.149058227539062500e+02
8.561934204101562500e+02
9.081185302734375000e+02
8.423521728515625000e+02
8.089652709960937500e+02
6.091231689453125000e+02
8.687442016601562500e+02
6.915126342773437500e+02
7.296814575195312500e+02
5.966655883789062500e+02
9.512689819335937500e+02
8.408969726562500000e+02
6.502472534179687500e+02
5.298156127929687500e+02
7.646345825195312500e+02
6.477334594726562500e+02
9.437663574218750000e+02
7.172891235351562500e+02
8.803500366210937500e+02
7.266970825195312500e+02
7.990125732421875000e+02
7.858928833007812500e+02
9.051273193359375000e+02
8.110515747070312500e+02
7.309096069335937500e+02
4.848314819335937500e+02
7.666464843750000000e+02
8.438397827148437500e+02
5.585836791992187500e+02
1.011185546875000000e+03
6.358341674804687500e+02
9.022236328125000000e+02
9.410177001953125000e+02
6.634864501953125000e+02
6.173345336914062500e+02
9.025665283203125000e+02
8.303257446289062500e+02
8.962856445312500000e+02
6.707167358398437500e+02
8.318901367187500000e+02
9.964805908203125000e+02
6.324791259765625000e+02
7.630341186523437500e+02
7.108546752929687500e+02
9.270831909179687500e+02
5.724442138671875000e+02
5.433034667968750000e+02
7.269603881835937500e+02
7.489025268554687500e+02
6.982043457031250000e+02
7.241761474609375000e+02
6.164302368164062500e+02
7.941203613281250000e+02
6.896715087890625000e+02
8.542463378906250000e+02
7.188428955078125000e+02
5.968641967773437500e+02
8.369111938476562500e+02
6.708814697265625000e+02
7.410241088867187500e+02
6.277166748046875000e+02
8.308935546875000000e+02
7.363603515625000000e+02
7.559079589843750000e+02
9.945330200195312500e+02
8.618433837890625000e+02
8.615576782226562500e+02
9.556789550781250000e+02
8.704079589843750000e+02
6.770131835937500000e+02
5.809024658203125000e+02
5.743820800781250000e+02
7.026158447265625000e+02
7.262224121093750000e+02
1.029348999023437500e+03
7.215385742187500000e+02
8.822366333007812500e+02
7.146293334960937500e+02
7.874138183593750000e+02
7.183524169921875000e+02
8.187938842773437500e+02
8.442918701171875000e+02
6.852503662109375000e+02
7.926439208984375000e+02
9.306356811523437500e+02
7.389218750000000000e+02
6.904412841796875000e+02
6.666058349609375000e+02
7.818709106445312500e+02
7.136279907226562500e+02
7.634336547851562500e+02
8.625648803710937500e+02
6.855309448242187500e+02
5.696504516601562500e+02
4.876881103515625000e+02
7.000361328125000000e+02
6.954348144531250000e+02
7.591816406250000000e+02
7.405574951171875000e+02
6.711615600585937500e+02
7.865556030273437500e+02
7.330751342773437500e+02
7.144476928710937500e+02
9.175156860351562500e+02
9.428733520507812500e+02
7.446087646484375000e+02
7.932944946289062500e+02
7.654569702148437500e+02
8.229453125000000000e+02
7.138348388671875000e+02
9.016182250976562500e+02
8.111307983398437500e+02
6.880806884765625000e+02
6.888941040039062500e+02
8.820191040039062500e+02
8.502911987304687500e+02
6.852012939453125000e+02
7.204461669921875000e+02
6.864071044921875000e+02
8.331389160156250000e+02
7.776918945312500000e+02
7.473117065429687500e+02
7.557440185546875000e+02
7.469987182617187500e+02
8.256093139648437500e+02
7.348215942382812500e+02
4.893093566894531250e+02
7.825101318359375000e+02
7.576120605468750000e+02
8.463654174804687500e+02
7.007769775390625000e+02
7.301081542968750000e+02
7.542740478515625000e+02
8.647632446289062500e+02
6.362326049804687500e+02
9.560793457031250000e+02
9.404989624023437500e+02
7.116384887695312500e+02
6.928823242187500000e+02
7.960278320312500000e+02
7.633410034179687500e+02
6.850474243164062500e+02
8.482266845703125000e+02
6.589080810546875000e+02
6.498536376953125000e+02
6.155228881835937500e+02
6.468724365234375000e+02
6.583378906250000000e+02
8.325555419921875000e+02
7.712386474609375000e+02
7.684458618164062500e+02
7.221248168945312500e+02
9.100098876953125000e+02
7.353497924804687500e+02
9.283630981445312500e+02
8.142813720703125000e+02
7.526889038085937500e+02
7.812674560546875000e+02
8.188289184570312500e+02
9.829298706054687500e+02
7.563895874023437500e+02
8.038166503906250000e+02
7.654250488281250000e+02
7.542271118164062500e+02
7.422398681640625000e+02
6.836640014648437500e+02
8.516197509765625000e+02
7.062614746093750000e+02
8.814650878906250000e+02
6.992811889648437500e+02
7.763300170898437500e+02
7.871485595703125000e+02
8.740711669921875000e+02
7.985562133789062500e+02
7.630687255859375000e+02
6.404869384765625000e+02
9.229403686523437500e+02
5.917221679687500000e+02
8.140747680664062500e+02
5.483694458007812500e+02
7.215536499023437500e+02
7.343771362304687500e+02
6.959797973632812500e+02
6.098003540039062500e+02
6.363944091796875000e+02
6.381210937500000000e+02
5.676533813476562500e+02
8.902376098632812500e+02
5.334954223632812500e+02
8.704461059570312500e+02
7.962012329101562500e+02
7.907455444335937500e+02
6.467871093750000000e+02
6.589868774414062500e+02
8.960467529296875000e+02
7.338953247070312500e+02
7.189301757812500000e+02
9.412165527343750000e+02
7.934525146484375000e+02
9.349798583984375000e+02
9.098831176757812500e+02
9.102300415039062500e+02
7.717588500976562500e+02
6.947203979492187500e+02
7.844405517578125000e+02
7.602536010742187500e+02
5.847117309570312500e+02
6.313452758789062500e+02
7.727617187500000000e+02
8.945957641601562500e+02
6.899741821289062500e+02
6.594033813476562500e+02
8.803406372070312500e+02
8.989913940429687500e+02
8.211805419921875000e+02
6.890415039062500000e+02
8.566040039062500000e+02
5.587961425781250000e+02
5.734080200195312500e+02
8.442532348632812500e+02
8.822355346679687500e+02
7.271641845703125000e+02
7.144673461914062500e+02
5.380133666992187500e+02
8.662158813476562500e+02
4.335645751953125000e+02
7.491377563476562500e+02
6.471855468750000000e+02
7.969984741210937500e+02
8.684700927734375000e+02
1.008747619628906250e+03
6.277161865234375000e+02
6.708319702148437500e+02
9.877325439453125000e+02
6.255623168945312500e+02
7.314384765625000000e+02
7.208569335937500000e+02
6.505722045898437500e+02
7.436637573242187500e+02
7.936576538085937500e+02
8.559036254882812500e+02
7.628165283203125000e+02
6.393237304687500000e+02
8.070166015625000000e+02
7.460070190429687500e+02
8.062777099609375000e+02
7.596175537109375000e+02
7.312505493164062500e+02
7.411835937500000000e+02
9.187398071289062500e+02
9.135499877929687500e+02
7.477759399414062500e+02
9.495484008789062500e+02
7.897160644531250000e+02
7.390786743164062500e+02
6.769893798828125000e+02
8.086101684570312500e+02
6.653788452148437500e+02
7.051463012695312500e+02
6.876277465820312500e+02
8.749661865234375000e+02
8.852518920898437500e+02
7.995197753906250000e+02
8.664734497070312500e+02
7.523645019531250000e+02
9.438615722656250000e+02
7.701920776367187500e+02
7.781307373046875000e+02
7.871268920898437500e+02
7.464851684570312500e+02
8.957411499023437500e+02
6.195359497070312500e+02
8.801701049804687500e+02
8.353373413085937500e+02
6.485255126953125000e+02
7.639451293945312500e+02
8.350792846679687500e+02
7.832235717773437500e+02
5.977711791992187500e+02
9.933505859375000000e+02
8.601604003906250000e+02
8.916436767578125000e+02
7.585552368164062500e+02
8.370194702148437500e+02
7.035374145507812500e+02
7.562897338867187500e+02
8.185131835937500000e+02
6.257630615234375000e+02
7.479427490234375000e+02
6.652795410156250000e+02
8.014473876953125000e+02
6.841754150390625000e+02
6.801762084960937500e+02
6.944105224609375000e+02
9.487076416015625000e+02
8.222172241210937500e+02
7.678267822265625000e+02
7.193492431640625000e+02
6.992474975585937500e+02
6.297033081054687500e+02
7.893648681640625000e+02
7.778953857421875000e+02
9.262156372070312500e+02
6.215172729492187500e+02
8.578593139648437500e+02
7.547639770507812500e+02
9.709641113281250000e+02
7.931463623046875000e+02
7.588941040039062500e+02
8.249230346679687500e+02
7.435010375976562500e+02
8.641864624023437500e+02
6.481735839843750000e+02
6.721065673828125000e+02
7.064835205078125000e+02
8.924323120117187500e+02
6.696458129882812500e+02
5.460482788085937500e+02
8.786705932617187500e+02
6.461311035156250000e+02
8.014288940429687500e+02
9.831625366210937500e+02
7.161353759765625000e+02
8.419041137695312500e+02
8.078929443359375000e+02
8.372307128906250000e+02
8.319554443359375000e+02
7.432349853515625000e+02
7.286450195312500000e+02
6.997067260742187500e+02
7.528260498046875000e+02
8.382283935546875000e+02
6.893159790039062500e+02
7.178949584960937500e+02
5.708661499023437500e+02
7.640516357421875000e+02
6.919471435546875000e+02
8.723551025390625000e+02
7.125323486328125000e+02
8.787297363281250000e+02
8.816588134765625000e+02
8.248670654296875000e+02
6.474532470703125000e+02
5.498787231445312500e+02
5.108095092773437500e+02
8.018918457031250000e+02
8.305799560546875000e+02
5.979317016601562500e+02
7.642456665039062500e+02
6.304805297851562500e+02
7.758991088867187500e+02
8.384804077148437500e+02
8.845791625976562500e+02
8.114309082031250000e+02
8.261470336914062500e+02
8.382603149414062500e+02
6.774835815429687500e+02
9.050044555664062500e+02
8.347414550781250000e+02
7.639133300781250000e+02
8.191228637695312500e+02
8.862251586914062500e+02
7.359913330078125000e+02
7.553034667968750000e+02
7.194478759765625000e+02
7.242802734375000000e+02
7.060479736328125000e+02
8.052434082031250000e+02
8.721918334960937500e+02
6.670025024414062500e+02
8.089452514648437500e+02
7.104611816406250000e+02
9.496715698242187500e+02
8.492624511718750000e+02
8.768707885742187500e+02
7.814432983398437500e+02
8.183678588867187500e+02
7.625579223632812500e+02
6.595306396484375000e+02
9.203318481445312500e+02
8.132153930664062500e+02
8.267434692382812500e+02
5.732217407226562500e+02
8.210094604492187500e+02
8.095327758789062500e+02
7.087376708984375000e+02
7.203399047851562500e+02
8.442244262695312500e+02
6.858193359375000000e+02
7.718652954101562500e+02
7.112668457031250000e+02
7.415603637695312500e+02
8.065045166015625000e+02
7.647482299804687500e+02
5.070549011230468750e+02
9.361208496093750000e+02
6.703107299804687500e+02
7.672001342773437500e+02
9.325868530273437500e+02
5.780947875976562500e+02
5.473779907226562500e+02
6.168721313476562500e+02
7.624340820312500000e+02
5.860900878906250000e+02
7.909680175781250000e+02
8.844579467773437500e+02
8.036174316406250000e+02
9.659688110351562500e+02
6.892105102539062500e+02
8.022181396484375000e+02
6.977256469726562500e+02
6.246716918945312500e+02
8.335557861328125000e+02
5.337133178710937500e+02
7.515236816406250000e+02
8.842077026367187500e+02
8.746990356445312500e+02
7.360955200195312500e+02
5.916288452148437500e+02
6.344888305664062500e+02
6.756411743164062500e+02
6.585305786132812500e+02
7.914543457031250000e+02
5.975365600585937500e+02
8.295083618164062500e+02
6.568178100585937500e+02
8.077758178710937500e+02
7.162512817382812500e+02
8.281632080078125000e+02
8.769477539062500000e+02
6.380560913085937500e+02
7.092590332031250000e+02
7.166593627929687500e+02
6.605391235351562500e+02
6.761312255859375000e+02
8.722094116210937500e+02
7.710537719726562500e+02
7.923297729492187500e+02
6.037597045898437500e+02
8.818622436523437500e+02
7.363629150390625000e+02
7.848847656250000000e+02
6.817720947265625000e+02
7.131423950195312500e+02
7.129138183593750000e+02
8.128853759765625000e+02
7.402650146484375000e+02
7.246979980468750000e+02
7.528052368164062500e+02
9.826937255859375000e+02
8.268493041992187500e+02
9.439603881835937500e+02
8.027684326171875000e+02
7.941148681640625000e+02
9.370328369140625000e+02
7.652351074218750000e+02
5.269673461914062500e+02
8.251554565429687500e+02
6.661326293945312500e+02
5.379669189453125000e+02
8.412739257812500000e+02
8.765968017578125000e+02
9.127241210937500000e+02
7.565191650390625000e+02
8.972431030273437500e+02
6.521484985351562500e+02
6.063116455078125000e+02
6.771688842773437500e+02
6.741403808593750000e+02
7.493458862304687500e+02
6.808254394531250000e+02
8.218386230468750000e+02
8.288346557617187500e+02
7.866068115234375000e+02
7.484268188476562500e+02
7.265963745117187500e+02
8.282225952148437500e+02
7.746955566406250000e+02
7.355858764648437500e+02
6.528836059570312500e+02
8.417007446289062500e+02
6.911555786132812500e+02
7.853779296875000000e+02
8.182833862304687500e+02
8.636335449218750000e+02
8.449836425781250000e+02
8.086741333007812500e+02
8.960651855468750000e+02
6.630570678710937500e+02
6.990961303710937500e+02
1.064169189453125000e+03
7.038619384765625000e+02
8.332232055664062500e+02
7.600208740234375000e+02
8.212968139648437500e+02
8.809727783203125000e+02
6.657044067382812500e+02
7.257772827148437500e+02
8.958597412109375000e+02
6.481840820312500000e+02
8.617556762695312500e+02
7.202059326171875000e+02
7.209839477539062500e+02
7.834573974609375000e+02
7.186298828125000000e+02
7.836660766601562500e+02
8.525599365234375000e+02
7.613425292968750000e+02
9.220977172851562500e+02
7.141907348632812500e+02
5.570336303710937500e+02
8.837199707031250000e+02
7.329562988281250000e+02
8.116770629882812500e+02
8.622397460937500000e+02
8.134844360351562500e+02
6.811329956054687500e+02
7.840581665039062500e+02
7.948141479492187500e+02
8.222713012695312500e+02
7.798056030273437500e+02
8.341351928710937500e+02
5.331552124023437500e+02
8.290494995117187500e+02
7.431852416992187500e+02
8.897924194335937500e+02
5.832730712890625000e+02
9.525735473632812500e+02
9.735287475585937500e+02
7.196859741210937500e+02
6.772635498046875000e+02
6.897927856445312500e+02
7.169874267578125000e+02
8.036558227539062500e+02
8.471692504882812500e+02
8.459783325195312500e+02
7.781046142578125000e+02
8.345258178710937500e+02
7.477347412109375000e+02
7.334940185546875000e+02
7.606520385742187500e+02
7.656834106445312500e+02
8.982010498046875000e+02
8.738973999023437500e+02
8.718532104492187500e+02
8.144180297851562500e+02
7.158188476562500000e+02
9.616392822265625000e+02
7.974517211914062500e+02
7.078951416015625000e+02
9.159279785156250000e+02
8.404085083007812500e+02
6.954650878906250000e+02
7.658122558593750000e+02
7.701577148437500000e+02
8.973115234375000000e+02
7.560230712890625000e+02
9.074731445312500000e+02
8.899758300781250000e+02
1.052316040039062500e+03
9.943856811523437500e+02
4.969173889160156250e+02
6.124558105468750000e+02
7.525907592773437500e+02
8.735883178710937500e+02
7.364036865234375000e+02
6.988518676757812500e+02
8.316268920898437500e+02
6.958167114257812500e+02
1.049854125976562500e+03
7.578218994140625000e+02
7.869826660156250000e+02
6.296388549804687500e+02
6.688864135742187500e+02
9.629014282226562500e+02
9.231781005859375000e+02
6.803513793945312500e+02
9.002007446289062500e+02
7.961306152343750000e+02
7.742740478515625000e+02
5.806336059570312500e+02
8.791105346679687500e+02
8.123431396484375000e+02
4.500450439453125000e+02
6.018712768554687500e+02
6.499704589843750000e+02
9.614569702148437500e+02
5.630278320312500000e+02
8.324894409179687500e+02
6.702298583984375000e+02
7.806997070312500000e+02
7.284091186523437500e+02
8.031501464843750000e+02
7.964210815429687500e+02
8.612946777343750000e+02
7.446091308593750000e+02
6.109905395507812500e+02
8.890076904296875000e+02
7.996318969726562500e+02
6.990015258789062500e+02
7.511865844726562500e+02
7.531681518554687500e+02
8.825142211914062500e+02
6.132233276367187500e+02
8.041983032226562500e+02
6.675734252929687500e+02
8.861006469726562500e+02
7.889064331054687500e+02
6.160003662109375000e+02
8.337963256835937500e+02
1.053102661132812500e+03
6.603595581054687500e+02
9.307508544921875000e+02
8.650313110351562500e+02
7.625618286132812500e+02
7.606156005859375000e+02
8.962043457031250000e+02
7.484018554687500000e+02
6.415541992187500000e+02
7.718512573242187500e+02
8.040146484375000000e+02
7.270480346679687500e+02
7.552650756835937500e+02
5.989955444335937500e+02
7.812821044921875000e+02
7.527224731445312500e+02
7.929942626953125000e+02
6.146278686523437500e+02
9.496699829101562500e+02
9.273618774414062500e+02
8.389506225585937500e+02
6.657788696289062500e+02
7.682830200195312500e+02
7.991055908203125000e+02
9.314121093750000000e+02
7.086552124023437500e+02
8.285657958984375000e+02
7.314850463867187500e+02
8.671137695312500000e+02
8.879966430664062500e+02
7.431041870117187500e+02
7.209735107421875000e+02
5.415447998046875000e+02
6.817329101562500000e+02
7.626292724609375000e+02
6.728303833007812500e+02
6.728740844726562500e+02
7.439661254882812500e+02
9.828749389648437500e+02
8.620818481445312500e+02
6.274774780273437500e+02
8.932424316406250000e+02
6.991957397460937500e+02
7.852623291015625000e+02
7.256918945312500000e+02
7.520089721679687500e+02
7.789710083007812500e+02
8.389508666992187500e+02
7.310516967773437500e+02
8.348948974609375000e+02
1.058372314453125000e+03
6.833437500000000000e+02
9.363742675781250000e+02
8.934807739257812500e+02
7.572091064453125000e+02
6.908480224609375000e+02
9.233653564453125000e+02
8.563745117187500000e+02
7.291751708984375000e+02
5.874129028320312500e+02
8.390368652343750000e+02
9.459123535156250000e+02
8.447093505859375000e+02
7.471934814453125000e+02
7.848906860351562500e+02
6.206936645507812500e+02
8.420442504882812500e+02
6.690189819335937500e+02
7.516763305664062500e+02
6.953204956054687500e+02
8.461508178710937500e+02
8.825223999023437500e+02
8.059176635742187500e+02
7.029822998046875000e+02
6.506896362304687500e+02
7.717911987304687500e+02
8.837479248046875000e+02
8.741137695312500000e+02
8.663654785156250000e+02
7.080003662109375000e+02
7.954926757812500000e+02
8.509005737304687500e+02
8.095449829101562500e+02
7.593121948242187500e+02
5.984130859375000000e+02
7.902838745117187500e+02
7.048856811523437500e+02
5.652872314453125000e+02
7.002066040039062500e+02
9.973136596679687500e+02
7.436099243164062500e+02
7.701743164062500000e+02
6.911116943359375000e+02
5.297257690429687500e+02
7.641635742187500000e+02
7.514411010742187500e+02
8.489998779296875000e+02
7.935968017578125000e+02
8.083547973632812500e+02
7.811136474609375000e+02
7.980639648437500000e+02
9.430814208984375000e+02
7.040272216796875000e+02
7.143285522460937500e+02
7.714796752929687500e+02
8.581541748046875000e+02
9.845452880859375000e+02
7.963369750976562500e+02
5.440063476562500000e+02
5.863407592773437500e+02
9.252233276367187500e+02
8.727812500000000000e+02
1.020302673339843750e+03
7.942767333984375000e+02
5.663179321289062500e+02
8.870101318359375000e+02
1.048757934570312500e+03
8.501991577148437500e+02
8.434439697265625000e+02
8.346858520507812500e+02
6.130523071289062500e+02
6.442043457031250000e+02
7.496457519531250000e+02
8.171529541015625000e+02
8.178728637695312500e+02
7.867297363281250000e+02
6.012107543945312500e+02
7.395992431640625000e+02
7.947391967773437500e+02
9.043835449218750000e+02
8.166833496093750000e+02
8.392352294921875000e+02
8.063711547851562500e+02
8.925717163085937500e+02
7.843449707031250000e+02
7.484115600585937500e+02
6.812219238281250000e+02
6.187187500000000000e+02
7.615668334960937500e+02
6.428082275390625000e+02
6.678760375976562500e+02
7.572095336914062500e+02
6.573741455078125000e+02
1.005475891113281250e+03
7.274225463867187500e+02
5.912025756835937500e+02
7.413775024414062500e+02
7.596101684570312500e+02
6.829088134765625000e+02
7.374342041015625000e+02
7.820872192382812500e+02
6.109705200195312500e+02
7.823178100585937500e+02
7.752796020507812500e+02
8.967889404296875000e+02
7.889057006835937500e+02
6.891030883789062500e+02
8.805502929687500000e+02
7.248997802734375000e+02
7.743621826171875000e+02
9.232823486328125000e+02
6.912086181640625000e+02
7.933034057617187500e+02
8.464439086914062500e+02
8.115781860351562500e+02
6.421964111328125000e+02
7.934801635742187500e+02
7.575527343750000000e+02
7.972139892578125000e+02
1.030243164062500000e+03
6.959579467773437500e+02
7.586026000976562500e+02
6.875059814453125000e+02
7.860050048828125000e+02
6.892656860351562500e+02
6.673013305664062500e+02
7.765294189453125000e+02
7.045139770507812500e+02
8.868289184570312500e+02
9.008206176757812500e+02
8.556959838867187500e+02
8.764123535156250000e+02
4.922221679687500000e+02
6.607456665039062500e+02
6.375493164062500000e+02
8.411452636718750000e+02
8.556270751953125000e+02
8.519392700195312500e+02
9.223524780273437500e+02
7.722226562500000000e+02
8.138933105468750000e+02
6.220308227539062500e+02
7.902042846679687500e+02
9.922852172851562500e+02
8.226330566406250000e+02
8.916094970703125000e+02
7.735294799804687500e+02
9.992682495117187500e+02
8.657104492187500000e+02
7.778522338867187500e+02
8.631961059570312500e+02
8.168371582031250000e+02
7.092500000000000000e+02
6.688276977539062500e+02
5.600948486328125000e+02
7.543594360351562500e+02
8.358763427734375000e+02
7.233332519531250000e+02
8.176769409179687500e+02
9.305592651367187500e+02
6.321868286132812500e+02
6.623046264648437500e+02
5.489973754882812500e+02
8.783693847656250000e+02
6.966856079101562500e+02
6.464101562500000000e+02
8.251843872070312500e+02
8.777998046875000000e+02
8.996762695312500000e+02
5.998014526367187500e+02
7.767177124023437500e+02
7.083261108398437500e+02
6.587805786132812500e+02
7.023656005859375000e+02
8.962629394531250000e+02
8.743490600585937500e+02
6.322341308593750000e+02
7.533079833984375000e+02
7.343331298828125000e+02
9.276343383789062500e+02
4.537765502929687500e+02
8.827304077148437500e+02
6.483365478515625000e+02
8.874273071289062500e+02
9.091474609375000000e+02
9.324014892578125000e+02
5.057399597167968750e+02
6.396067504882812500e+02
9.083543701171875000e+02
6.409157104492187500e+02
7.495727539062500000e+02
8.267766113281250000e+02
6.412087402343750000e+02
6.501605834960937500e+02
8.440075683593750000e+02
7.704682006835937500e+02
8.004942016601562500e+02
8.512023315429687500e+02
6.763325805664062500e+02
6.420886230468750000e+02
7.967752685546875000e+02
7.966579589843750000e+02
8.196934204101562500e+02
6.348248901367187500e+02
9.120359497070312500e+02
9.687583618164062500e+02
8.706542968750000000e+02
7.138843994140625000e+02
8.075182495117187500e+02
6.902974853515625000e+02
7.424411010742187500e+02
7.833711547851562500e+02
7.675584106445312500e+02
8.965606689453125000e+02
8.665977172851562500e+02
8.404860839843750000e+02
7.993719482421875000e+02
7.708115234375000000e+02
9.916211547851562500e+02
5.860696411132812500e+02
6.298341064453125000e+02
6.947822875976562500e+02
7.628795776367187500e+02
8.312001342773437500e+02
8.652867431640625000e+02
6.835574340820312500e+02
7.409999389648437500e+02
8.212260131835937500e+02
6.544473876953125000e+02
6.482544555664062500e+02
9.354154663085937500e+02
7.306353149414062500e+02
8.580841674804687500e+02
7.897220458984375000e+02
7.663445434570312500e+02
7.862754516601562500e+02
9.345039062500000000e+02
7.133809204101562500e+02
7.191160278320312500e+02
6.916963500976562500e+02
7.294171752929687500e+02
8.770119018554687500e+02
6.740140991210937500e+02
7.639684448242187500e+02
9.310979003906250000e+02
8.643195800781250000e+02
8.054351196289062500e+02
6.702113647460937500e+02
9.726972045898437500e+02
7.560802001953125000e+02
7.679307250976562500e+02
7.109304199218750000e+02
7.928000488281250000e+02
7.430445556640625000e+02
6.943527221679687500e+02
8.161591186523437500e+02
7.535123901367187500e+02
5.003232116699218750e+02
7.956224975585937500e+02
7.167959594726562500e+02
6.354729614257812500e+02
7.694633178710937500e+02
7.990715942382812500e+02
6.338965454101562500e+02
9.377003173828125000e+02
8.955806884765625000e+02
7.389024658203125000e+02
8.922687377929687500e+02
6.656774291992187500e+02
7.146997680664062500e+02
6.150905151367187500e+02
7.755397949218750000e+02
7.008804321289062500e+02
6.268107910156250000e+02
8.182730102539062500e+02
7.297779541015625000e+02
8.631997070312500000e+02
8.706113281250000000e+02
7.471040039062500000e+02
6.622681884765625000e+02
9.102611083984375000e+02
6.479530029296875000e+02
7.286652832031250000e+02
7.468264160156250000e+02
9.922346191406250000e+02
5.858914184570312500e+02
7.668011474609375000e+02
9.202225341796875000e+02
7.288807373046875000e+02
8.710449829101562500e+02
7.253549804687500000e+02
7.506362304687500000e+02
6.528432617187500000e+02
6.850582275390625000e+02
8.231239013671875000e+02
5.821690063476562500e+02
6.551485595703125000e+02
8.699607543945312500e+02
9.445120849609375000e+02
6.215560913085937500e+02
8.316057739257812500e+02
6.578257446289062500e+02
6.305942382812500000e+02
7.092338867187500000e+02
6.942824096679687500e+02
7.394809570312500000e+02
8.066441040039062500e+02
7.888930664062500000e+02
7.374361572265625000e+02
7.160842895507812500e+02
9.461697998046875000e+02
7.258097534179687500e+02
7.110959472656250000e+02
7.596234741210937500e+02
8.523931274414062500e+02
7.715311889648437500e+02
7.586929321289062500e+02
7.410100097656250000e+02
7.684805297851562500e+02
9.719082031250000000e+02
8.861174926757812500e+02
7.941856079101562500e+02
8.232205200195312500e+02
7.975678710937500000e+02
6.263129882812500000e+02
6.981430664062500000e+02
6.259111328125000000e+02
7.252669067382812500e+02
9.488278198242187500e+02
8.572674560546875000e+02
6.356610107421875000e+02
7.162891235351562500e+02
7.694653320312500000e+02
7.554271240234375000e+02
8.353188476562500000e+02
7.880484619140625000e+02
7.782098999023437500e+02
5.915894775390625000e+02
8.682324218750000000e+02
6.702833862304687500e+02
6.488722534179687500e+02
9.741191406250000000e+02
7.388986816406250000e+02
6.927846679687500000e+02
4.279742431640625000e+02
6.394213256835937500e+02
6.753421630859375000e+02
8.096023559570312500e+02
5.968512573242187500e+02
7.659835815429687500e+02
8.407994995117187500e+02
5.973104248046875000e+02
7.213353881835937500e+02
8.449834594726562500e+02
7.473970947265625000e+02
8.195789184570312500e+02
7.869152832031250000e+02
6.410119628906250000e+02
8.042119750976562500e+02
6.230947265625000000e+02
7.128002929687500000e+02
8.508331909179687500e+02
7.868880004882812500e+02
8.735505981445312500e+02
7.360646972656250000e+02
8.288856811523437500e+02
9.081676025390625000e+02
7.993973388671875000e+02
9.349978027343750000e+02
8.583045043945312500e+02
8.833478393554687500e+02
9.580153808593750000e+02
7.906098022460937500e+02
9.105751342773437500e+02
9.256519775390625000e+02
6.797416992187500000e+02
7.727485351562500000e+02
6.461508178710937500e+02
8.077031860351562500e+02
7.991973876953125000e+02
7.299558715820312500e+02
8.038958740234375000e+02
8.589586791992187500e+02
8.966235351562500000e+02
7.170634155273437500e+02
7.539865112304687500e+02
7.879715576171875000e+02
8.574067993164062500e+02
5.396458129882812500e+02
8.268163452148437500e+02
6.934691772460937500e+02
7.983763427734375000e+02
8.203298339843750000e+02
7.155159301757812500e+02
8.392565917968750000e+02
7.277618408203125000e+02
7.283374023437500000e+02
6.533585205078125000e+02
6.891578979492187500e+02
7.639888305664062500e+02
7.301630249023437500e+02
9.235380249023437500e+02
8.322664794921875000e+02
8.511097412109375000e+02
9.291284179687500000e+02
7.699023437500000000e+02
8.115488891601562500e+02
9.138181762695312500e+02
6.806108398437500000e+02
7.430034790039062500e+02
6.126209106445312500e+02
9.202509155273437500e+02
8.677775878906250000e+02
8.745613403320312500e+02
5.944213256835937500e+02
6.584830322265625000e+02
9.037410888671875000e+02
8.678192138671875000e+02
9.163754272460937500e+02
9.346270751953125000e+02
6.476818237304687500e+02
8.636002197265625000e+02
6.512096557617187500e+02
8.268756713867187500e+02
6.621811523437500000e+02
5.450723266601562500e+02
8.455455932617187500e+02
8.621754760742187500e+02
7.650925292968750000e+02
8.802629394531250000e+02
6.043273315429687500e+02
5.630858764648437500e+02
8.104307250976562500e+02
9.980280761718750000e+02
8.108066406250000000e+02
7.066870117187500000e+02
9.809543457031250000e+02
6.771283569335937500e+02
5.561710205078125000e+02
5.706874389648437500e+02
5.980179443359375000e+02
6.915938720703125000e+02
7.147267456054687500e+02
8.724956054687500000e+02
5.677879028320312500e+02
6.269158935546875000e+02
8.502397460937500000e+02
6.742478027343750000e+02
6.344498901367187500e+02
6.679739990234375000e+02
6.809844970703125000e+02
9.170075073242187500e+02
6.388240356445312500e+02
8.655532836914062500e+02
8.595709838867187500e+02
7.056381835937500000e+02
7.710654296875000000e+02
6.959628295898437500e+02
6.167484130859375000e+02
6.998560791015625000e+02
7.817143554687500000e+02
7.013221435546875000e+02
9.409177246093750000e+02
6.026333618164062500e+02
7.194303588867187500e+02
8.017445068359375000e+02
8.247889404296875000e+02
7.680410766601562500e+02
7.586881103515625000e+02
7.661882324218750000e+02
7.430043334960937500e+02
8.615959472656250000e+02
9.063855590820312500e+02
8.561511840820312500e+02
6.026624145507812500e+02
5.913718261718750000e+02
9.093747558593750000e+02
9.879734497070312500e+02
6.463805541992187500e+02
9.045665893554687500e+02
7.289503784179687500e+02
8.553317871093750000e+02
7.778638916015625000e+02
6.477117309570312500e+02
7.259036865234375000e+02
9.372164916992187500e+02
7.959654541015625000e+02
5.690538330078125000e+02
8.567414550781250000e+02
7.738345947265625000e+02
7.471738891601562500e+02
6.725772705078125000e+02
6.201306762695312500e+02
9.530552978515625000e+02
8.336513671875000000e+02
8.093292236328125000e+02
6.139307250976562500e+02
7.269051513671875000e+02
6.420652465820312500e+02
7.922911987304687500e+02
9.369039916992187500e+02
8.651391601562500000e+02
6.552645874023437500e+02
7.930509033203125000e+02
6.139788818359375000e+02
7.867357788085937500e+02
7.933292846679687500e+02
9.319834594726562500e+02
7.828954467773437500e+02
7.344819335937500000e+02
9.030085449218750000e+02
9.377916259765625000e+02
6.851628417968750000e+02
8.462011718750000000e+02
7.588116455078125000e+02
7.352183837890625000e+02
6.799920654296875000e+02
1.050352905273437500e+03
8.632412109375000000e+02
1.077650268554687500e+03
7.649645996093750000e+02
5.738003540039062500e+02
9.651553344726562500e+02
8.609937133789062500e+02
6.406749877929687500e+02
9.183222045898437500e+02
9.249804687500000000e+02
7.550969848632812500e+02
7.788012695312500000e+02
8.844644775390625000e+02
6.800637207031250000e+02
8.707351074218750000e+02
8.635222167968750000e+02
7.775918579101562500e+02
6.657398071289062500e+02
7.038898925781250000e+02
7.622720947265625000e+02
7.407578125000000000e+02
7.038608398437500000e+02
6.690942382812500000e+02
7.832659912109375000e+02
8.422026367187500000e+02
7.163109130859375000e+02
7.453363037109375000e+02
8.157135620117187500e+02
9.112127075195312500e+02
7.309176635742187500e+02
6.918451538085937500e+02
7.486589355468750000e+02
6.540310058593750000e+02
7.760720214843750000e+02
8.457576904296875000e+02
9.017357177734375000e+02
6.583563232421875000e+02
8.567886962890625000e+02
1.066241210937500000e+03
7.214357299804687500e+02
8.341384277343750000e+02
8.008210449218750000e+02
8.892298583984375000e+02
7.501699829101562500e+02
8.743451538085937500e+02
7.215650634765625000e+02
9.494364624023437500e+02
8.437102050781250000e+02
9.271210327148437500e+02
6.615732421875000000e+02
7.608341064453125000e+02
7.344209594726562500e+02
9.873980712890625000e+02
7.949840087890625000e+02
9.370078125000000000e+02
8.539816894531250000e+02
7.236143798828125000e+02
7.427245483398437500e+02
5.195267333984375000e+02
9.057373657226562500e+02
5.736290893554687500e+02
8.028892211914062500e+02
6.922321777343750000e+02
5.982106933593750000e+02
7.520928955078125000e+02
7.815776367187500000e+02
5.631245117187500000e+02
8.665025024414062500e+02
8.468311767578125000e+02
6.978537597656250000e+02
8.560658569335937500e+02
7.035158691406250000e+02
7.438129882812500000e+02
8.633799438476562500e+02
8.023007202148437500e+02
6.275725097656250000e+02
6.820775756835937500e+02
9.020437011718750000e+02
7.573482666015625000e+02
8.365933837890625000e+02
9.251527709960937500e+02
5.237148437500000000e+02
7.184970703125000000e+02
5.597480468750000000e+02
9.651336059570312500e+02
6.496397094726562500e+02
8.529430541992187500e+02
9.140459594726562500e+02
8.753093872070312500e+02
9.605300292968750000e+02
6.982362670898437500e+02
9.465335693359375000e+02
8.242064819335937500e+02
6.345389404296875000e+02
7.488110351562500000e+02
9.299304809570312500e+02
5.373356323242187500e+02
7.979838867187500000e+02
8.871240844726562500e+02
6.135177612304687500e+02
5.967025146484375000e+02
8.719620971679687500e+02
7.570186767578125000e+02
7.875488891601562500e+02
6.411313476562500000e+02
8.110961914062500000e+02
1.077724121093750000e+03
9.309405517578125000e+02
8.132650146484375000e+02
8.427363281250000000e+02
8.322448120117187500e+02
7.373532714843750000e+02
7.508135375976562500e+02
8.842288818359375000e+02
5.911959228515625000e+02
9.378204956054687500e+02
7.685727539062500000e+02
7.849082641601562500e+02
8.792570190429687500e+02
7.131835937500000000e+02
9.787502441406250000e+02
6.842739257812500000e+02
6.758311767578125000e+02
8.417610473632812500e+02
7.648775024414062500e+02
7.845835571289062500e+02
9.449006347656250000e+02
7.528041992187500000e+02
7.768529052734375000e+02
5.271931762695312500e+02
8.504385375976562500e+02
8.195493164062500000e+02
9.411845703125000000e+02
7.456931762695312500e+02
7.667917480468750000e+02
8.154642944335937500e+02
6.152617797851562500e+02
7.701946411132812500e+02
6.173982543945312500e+02
7.719400634765625000e+02
7.478953247070312500e+02
6.795029907226562500e+02
7.104837036132812500e+02
6.817933349609375000e+02
7.795888671875000000e+02
7.755786743164062500e+02
8.629569091796875000e+02
7.395260009765625000e+02
8.254393310546875000e+02
6.622402954101562500e+02
7.708794555664062500e+02
7.784553222656250000e+02
8.815557861328125000e+02
7.938574829101562500e+02
7.829366455078125000e+02
8.014803466796875000e+02
8.467702026367187500e+02
9.754788818359375000e+02
6.632837524414062500e+02
6.444916381835937500e+02
7.026555175781250000e+02
5.930891723632812500e+02
7.297207031250000000e+02
8.768339233398437500e+02
7.944315795898437500e+02
7.955482788085937500e+02
6.466613769531250000e+02
7.415522460937500000e+02
9.650118408203125000e+02
8.439874877929687500e+02
8.004747924804687500e+02
6.928810424804687500e+02
8.038188476562500000e+02
6.455366210937500000e+02
7.451387939453125000e+02
7.451986083984375000e+02
7.436657104492187500e+02
6.601810302734375000e+02
7.714681396484375000e+02
6.875255126953125000e+02
8.031422729492187500e+02
7.201486206054687500e+02
7.500498046875000000e+02
7.069570312500000000e+02
7.038142700195312500e+02
9.828959350585937500e+02
6.156937866210937500e+02
9.909298095703125000e+02
8.526913452148437500e+02
6.228591308593750000e+02
7.036741333007812500e+02
7.685595092773437500e+02
7.268347167968750000e+02
8.035830078125000000e+02
6.639641113281250000e+02
8.308031616210937500e+02
7.370838012695312500e+02
8.236936035156250000e+02
7.865944824218750000e+02
8.719997558593750000e+02
6.196199951171875000e+02
7.539585571289062500e+02
6.991056518554687500e+02
4.302211608886718750e+02
7.256832275390625000e+02
9.821219482421875000e+02
7.918625488281250000e+02
6.817136230468750000e+02
8.497214965820312500e+02
6.769998168945312500e+02
9.527950439453125000e+02
7.086231689453125000e+02
7.151749877929687500e+02
8.592150878906250000e+02
7.185977172851562500e+02
7.669074707031250000e+02
7.663025512695312500e+02
8.493157348632812500e+02
7.302070922851562500e+02
9.374177246093750000e+02
9.031816406250000000e+02
8.886911010742187500e+02
7.483595581054687500e+02
9.052159423828125000e+02
7.631165771484375000e+02
1.010124877929687500e+03
7.271512451171875000e+02
7.626434936523437500e+02
6.502770385742187500e+02
6.948856811523437500e+02
7.431187744140625000e+02
7.645307617187500000e+02
8.644195556640625000e+02
7.534221191406250000e+02
4.596617431640625000e+02
7.858935546875000000e+02
6.626283569335937500e+02
8.546713256835937500e+02
7.704426269531250000e+02
7.538785400390625000e+02
7.089575805664062500e+02
1.002687316894531250e+03
4.592915954589843750e+02
8.258074951171875000e+02
9.145264892578125000e+02
7.377293701171875000e+02
7.792356567382812500e+02
6.811781616210937500e+02
7.644509277343750000e+02
9.540037231445312500e+02
5.049428710937500000e+02
7.591660156250000000e+02
9.501099243164062500e+02
8.290505371093750000e+02
9.836245727539062500e+02
7.621195068359375000e+02
7.137932128906250000e+02
7.827289428710937500e+02
7.351270141601562500e+02
5.746427612304687500e+02
7.735607910156250000e+02
7.693397216796875000e+02
7.844613037109375000e+02
8.315120849609375000e+02
1.011747802734375000e+03
7.083466186523437500e+02
1.008555480957031250e+03
7.867095947265625000e+02
7.423787841796875000e+02
9.014101562500000000e+02
7.613558349609375000e+02
7.153351440429687500e+02
8.191220703125000000e+02
7.855962524414062500e+02
6.275755615234375000e+02
6.669672851562500000e+02
5.517351074218750000e+02
9.219389038085937500e+02
6.706212158203125000e+02
8.266349487304687500e+02
8.832878417968750000e+02
6.460673828125000000e+02
8.250499877929687500e+02
5.798816528320312500e+02
9.010325317382812500e+02
6.641649169921875000e+02
6.274532470703125000e+02
8.928148193359375000e+02
6.197014770507812500e+02
7.270099487304687500e+02
8.960609130859375000e+02
9.678482055664062500e+02
5.900195922851562500e+02
8.864631347656250000e+02
8.174625854492187500e+02
8.918386840820312500e+02
9.581287231445312500e+02
7.414152832031250000e+02
6.159977416992187500e+02
7.707111816406250000e+02
7.132933349609375000e+02
6.496538696289062500e+02
8.713238525390625000e+02
5.940158081054687500e+02
7.834148559570312500e+02
9.609846801757812500e+02
6.964035034179687500e+02
7.218153076171875000e+02
7.688585205078125000e+02
9.992546386718750000e+02
8.125488891601562500e+02
6.390076904296875000e+02
7.230335693359375000e+02
5.997725830078125000e+02
6.248458862304687500e+02
6.854198608398437500e+02
7.549690551757812500e+02
7.660494384765625000e+02
8.502053833007812500e+02
6.580527954101562500e+02
9.167435913085937500e+02
5.533174438476562500e+02
5.535302124023437500e+02
6.969303588867187500e+02
8.460796508789062500e+02
8.731968994140625000e+02
8.942125244140625000e+02
5.950761718750000000e+02
7.726873779296875000e+02
7.394588623046875000e+02
7.209938964843750000e+02
9.603263549804687500e+02
5.062551269531250000e+02
8.853039550781250000e+02
7.634594116210937500e+02
7.337371215820312500e+02
8.499794311523437500e+02
7.725554199218750000e+02
8.126942138671875000e+02
5.406433105468750000e+02
5.607567138671875000e+02
6.177391967773437500e+02
7.107144165039062500e+02
6.625500488281250000e+02
9.945729980468750000e+02
7.835632324218750000e+02
8.312440795898437500e+02
9.836735839843750000e+02
6.635555419921875000e+02
7.782169189453125000e+02
8.866343383789062500e+02
9.201685180664062500e+02
7.659557495117187500e+02
1.031031005859375000e+03
7.563475341796875000e+02
8.119011840820312500e+02
5.593151855468750000e+02
7.978076782226562500e+02
7.855727539062500000e+02
8.697288208007812500e+02
8.035021362304687500e+02
1.016410949707031250e+03
7.899123535156250000e+02
8.245198364257812500e+02
8.099378051757812500e+02
6.517496948242187500e+02
7.298762207031250000e+02
6.581030273437500000e+02
7.702017211914062500e+02
7.305441894531250000e+02
6.335097656250000000e+02
7.087066650390625000e+02
5.953282470703125000e+02
7.746505126953125000e+02
8.499318237304687500e+02
6.429992675781250000e+02
8.034077148437500000e+02
6.420455932617187500e+02
7.462788696289062500e+02
7.808605957031250000e+02
6.958607788085937500e+02
9.078338623046875000e+02
7.619981689453125000e+02
8.391156005859375000e+02
6.527138061523437500e+02
9.009558715820312500e+02
8.225845336914062500e+02
7.392526855468750000e+02
5.830166625976562500e+02
4.881776123046875000e+02
7.228120727539062500e+02
6.318211669921875000e+02
7.681550292968750000e+02
7.984041748046875000e+02
5.759947509765625000e+02
7.467065429687500000e+02
8.349202270507812500e+02
6.726899414062500000e+02
8.146976318359375000e+02
8.664434204101562500e+02
7.541978759765625000e+02
8.187683105468750000e+02
9.115121459960937500e+02
8.612501831054687500e+02
6.890581665039062500e+02
6.703329467773437500e+02
7.903349609375000000e+02
7.726894531250000000e+02
9.296242675781250000e+02
7.841879882812500000e+02
8.927239990234375000e+02
7.963244628906250000e+02
6.516028442382812500e+02
6.436859130859375000e+02
8.378430786132812500e+02
8.554170532226562500e+02
6.602565307617187500e+02
9.770454711914062500e+02
6.615739135742187500e+02
9.606726074218750000e+02
9.040881958007812500e+02
7.874481201171875000e+02
7.472648925781250000e+02
7.383898315429687500e+02
7.244642944335937500e+02
6.800988159179687500e+02
9.041427612304687500e+02
9.105935058593750000e+02
7.850894165039062500e+02
6.920291748046875000e+02
8.921587524414062500e+02
8.285850219726562500e+02
8.704016113281250000e+02
7.296475830078125000e+02
8.486196899414062500e+02
5.425130615234375000e+02
7.294221801757812500e+02
7.399287109375000000e+02
8.427854003906250000e+02
6.213275756835937500e+02
7.428641967773437500e+02
6.670286254882812500e+02
1.010728637695312500e+03
5.906497192382812500e+02
6.510904541015625000e+02
8.300442504882812500e+02
6.032457275390625000e+02
7.856468505859375000e+02
8.865956420898437500e+02
7.843703613281250000e+02
8.084763793945312500e+02
7.848826293945312500e+02
8.369839477539062500e+02
8.373148803710937500e+02
7.996606445312500000e+02
6.763459472656250000e+02
6.401647338867187500e+02
7.929114990234375000e+02
7.889673461914062500e+02
8.421961059570312500e+02
7.687327880859375000e+02
6.338414916992187500e+02
7.519915771484375000e+02
7.531436157226562500e+02
7.217156372070312500e+02
9.426228637695312500e+02
6.332355346679687500e+02
8.712545776367187500e+02
8.863447875976562500e+02
7.741338500976562500e+02
9.213958129882812500e+02
8.261878051757812500e+02
1.045396240234375000e+03
6.882357177734375000e+02
7.385288085937500000e+02
6.056571655273437500e+02
8.528182983398437500e+02
8.637927856445312500e+02
9.118362426757812500e+02
9.092091674804687500e+02
7.172336425781250000e+02
9.146086425781250000e+02
1.020348327636718750e+03
7.974160766601562500e+02
8.532362060546875000e+02
7.697451171875000000e+02
8.998776855468750000e+02
8.048177490234375000e+02
8.068945312500000000e+02
6.922359008789062500e+02
1.068212524414062500e+03
7.548803710937500000e+02
8.360289306640625000e+02
6.267171630859375000e+02
7.517345581054687500e+02
8.454888305664062500e+02
4.697805175781250000e+02
8.129141845703125000e+02
9.336403198242187500e+02
6.359747924804687500e+02
8.568391723632812500e+02
8.229749145507812500e+02
7.829675292968750000e+02
7.573566894531250000e+02
8.643009033203125000e+02
5.802549438476562500e+02
7.427467651367187500e+02
8.854281005859375000e+02
8.953721923828125000e+02
6.924735717773437500e+02
8.283983154296875000e+02
7.885396118164062500e+02
6.476427001953125000e+02
8.945634155273437500e+02
7.117988891601562500e+02
8.295881958007812500e+02
9.184437866210937500e+02
9.034187622070312500e+02
7.401984863281250000e+02
7.268204956054687500e+02
7.917694091796875000e+02
7.964896850585937500e+02
6.602731933593750000e+02
7.171849365234375000e+02
8.807925415039062500e+02
8.397691040039062500e+02
7.542938842773437500e+02
8.161047973632812500e+02
6.873562622070312500e+02
7.478408813476562500e+02
6.856281738281250000e+02
8.406654663085937500e+02
7.710150146484375000e+02
5.016308288574218750e+02
6.017337036132812500e+02
8.725173950195312500e+02
8.082114257812500000e+02
7.635640258789062500e+02
6.532131347656250000e+02
8.620293579101562500e+02
8.413094482421875000e+02
8.928273315429687500e+02
6.179476318359375000e+02
7.641246337890625000e+02
6.155746459960937500e+02
7.088385620117187500e+02
8.114729614257812500e+02
5.201914062500000000e+02
7.555099487304687500e+02
7.093635864257812500e+02
9.179571533203125000e+02
9.984241333007812500e+02
6.234817504882812500e+02
7.452147216796875000e+02
7.272005615234375000e+02
9.583906250000000000e+02
8.533917846679687500e+02
9.041152343750000000e+02
9.036497802734375000e+02
8.114275512695312500e+02
6.420031127929687500e+02
8.387394409179687500e+02
9.014846191406250000e+02
9.082220458984375000e+02
9.336405029296875000e+02
9.030603027343750000e+02
9.102042846679687500e+02
5.227335205078125000e+02
1.070327880859375000e+03
8.474398803710937500e+02
4.982620239257812500e+02
6.250518188476562500e+02
8.477799072265625000e+02
8.468546752929687500e+02
8.228220214843750000e+02
6.829798583984375000e+02
6.273314208984375000e+02
9.700624389648437500e+02
8.392823486328125000e+02
7.217294311523437500e+02
7.417100219726562500e+02
9.192655639648437500e+02
7.500369873046875000e+02
5.520105590820312500e+02
8.563781738281250000e+02
9.825397338867187500e+02
8.666481323242187500e+02
7.054417114257812500e+02
6.423875122070312500e+02
8.917052001953125000e+02
6.773057861328125000e+02
8.700219726562500000e+02
4.820321350097656250e+02
8.974611206054687500e+02
7.972438964843750000e+02
7.096763305664062500e+02
7.002874755859375000e+02
7.873678588867187500e+02
7.799393310546875000e+02
6.767095947265625000e+02
6.964653930664062500e+02
8.011081542968750000e+02
7.253444213867187500e+02
8.222361450195312500e+02
7.561245117187500000e+02
7.407675170898437500e+02
7.698154296875000000e+02
5.218948974609375000e+02
9.160648803710937500e+02
8.801772460937500000e+02
6.093786621093750000e+02
8.733924560546875000e+02
7.987264404296875000e+02
7.141417236328125000e+02
8.677752685546875000e+02
8.298705444335937500e+02
9.265661010742187500e+02
8.493685302734375000e+02
6.494111328125000000e+02
7.359473876953125000e+02
8.465006103515625000e+02
7.902028808593750000e+02
5.252616577148437500e+02
7.670076293945312500e+02
9.051062622070312500e+02
5.127208862304687500e+02
6.494916992187500000e+02
9.475114135742187500e+02
6.330084228515625000e+02
7.450518188476562500e+02
6.608199462890625000e+02
7.027337646484375000e+02
8.159801025390625000e+02
6.646408081054687500e+02
6.526355590820312500e+02
8.618980712890625000e+02
8.511398315429687500e+02
5.882688598632812500e+02
6.319337768554687500e+02
8.348001098632812500e+02
8.311632080078125000e+02
7.597871704101562500e+02
8.564332885742187500e+02
7.535433959960937500e+02
8.234112548828125000e+02
9.522293090820312500e+02
6.823163452148437500e+02
8.503126831054687500e+02
7.076297607421875000e+02
6.711763916015625000e+02
6.294393310546875000e+02
8.480690917968750000e+02
7.308192138671875000e+02
8.024743652343750000e+02
9.321150512695312500e+02
8.579890747070312500e+02
9.618684082031250000e+02
8.008016357421875000e+02
7.185538330078125000e+02
8.419906005859375000e+02
7.762215576171875000e+02
5.785641479492187500e+02
7.438964843750000000e+02
1.019298034667968750e+03
7.375618896484375000e+02
4.945228576660156250e+02
8.989076538085937500e+02
8.062016601562500000e+02
8.773075561523437500e+02
6.653984985351562500e+02
6.652183837890625000e+02
9.119255981445312500e+02
7.170848388671875000e+02
6.344900512695312500e+02
7.110773315429687500e+02
7.504132690429687500e+02
9.287641601562500000e+02
6.325342407226562500e+02
5.917870483398437500e+02
7.945288085937500000e+02
7.565706176757812500e+02
7.197603759765625000e+02
6.721218261718750000e+02
9.721583251953125000e+02
7.225538940429687500e+02
7.151343383789062500e+02
7.110755004882812500e+02
8.393544311523437500e+02
7.117677612304687500e+02
7.635539550781250000e+02
8.852398071289062500e+02
7.659000244140625000e+02
9.022590332031250000e+02
6.741217651367187500e+02
7.230849609375000000e+02
7.247345581054687500e+02
9.562996215820312500e+02
7.854805908203125000e+02
8.406577758789062500e+02
8.122108764648437500e+02
6.711584472656250000e+02
6.855132446289062500e+02
6.076323852539062500e+02
7.072214965820312500e+02
6.346070556640625000e+02
8.711744995117187500e+02
8.706905517578125000e+02
7.603145141601562500e+02
7.099728393554687500e+02
7.597017211914062500e+02
7.300676879882812500e+02
6.608136596679687500e+02
8.736519165039062500e+02
9.145464477539062500e+02
6.481411132812500000e+02
6.141018676757812500e+02
7.744475708007812500e+02
7.111349487304687500e+02
6.749907836914062500e+02
8.054136962890625000e+02
9.904274291992187500e+02
9.721405639648437500e+02
8.727775268554687500e+02
8.322752075195312500e+02
9.930558471679687500e+02
7.226242675781250000e+02
6.736139526367187500e+02
7.785039062500000000e+02
7.335347900390625000e+02
7.178303833007812500e+02
8.754246826171875000e+02
7.325233764648437500e+02
7.465599975585937500e+02
7.606699218750000000e+02
7.242401733398437500e+02
6.849849853515625000e+02
7.473248291015625000e+02
8.345792846679687500e+02
6.019276733398437500e+02
8.573614501953125000e+02
8.966196289062500000e+02
8.509968261718750000e+02
7.892546997070312500e+02
8.182827148437500000e+02
1.005997741699218750e+03
6.219077758789062500e+02
8.942968750000000000e+02
8.345076293945312500e+02
7.119325561523437500e+02
9.242487792968750000e+02
6.410888061523437500e+02
7.022212524414062500e+02
8.168472290039062500e+02
8.005732421875000000e+02
8.191669311523437500e+02
6.934793090820312500e+02
8.012071533203125000e+02
6.611815185546875000e+02
6.072315673828125000e+02
9.568320922851562500e+02
7.364211425781250000e+02
6.709668579101562500e+02
9.341380004882812500e+02
7.746917724609375000e+02
8.221734008789062500e+02
5.233633422851562500e+02
8.418400878906250000e+02
8.682702026367187500e+02
8.372270507812500000e+02
8.302097167968750000e+02
7.677958984375000000e+02
6.908624877929687500e+02
4.438381652832031250e+02
8.510904541015625000e+02
7.007044067382812500e+02
6.194767456054687500e+02
7.782483520507812500e+02
6.441417846679687500e+02
7.541612548828125000e+02
5.601033935546875000e+02
7.107325439453125000e+02
6.842151489257812500e+02
8.087118530273437500e+02
8.006151733398437500e+02
6.195338134765625000e+02
7.883892822265625000e+02
7.283309936523437500e+02
8.234722900390625000e+02
7.897868041992187500e+02
8.028963012695312500e+02
8.417107543945312500e+02
7.173085937500000000e+02
7.262541503906250000e+02
6.479009399414062500e+02
7.854990844726562500e+02
7.223447265625000000e+02
5.267080688476562500e+02
7.702686157226562500e+02
7.988527832031250000e+02
7.932595214843750000e+02
8.254212036132812500e+02
7.601489257812500000e+02
6.809340209960937500e+02
8.393186035156250000e+02
7.822548217773437500e+02
5.158887939453125000e+02
8.296664428710937500e+02
8.238739013671875000e+02
9.344008178710937500e+02
5.246373291015625000e+02
7.935804443359375000e+02
8.031975097656250000e+02
8.629887084960937500e+02
8.535200195312500000e+02
7.525393066406250000e+02
6.794218750000000000e+02
6.370663452148437500e+02
8.749046020507812500e+02
7.170603637695312500e+02
7.332327880859375000e+02
5.621931152343750000e+02
5.653799438476562500e+02
7.601530761718750000e+02
5.699561767578125000e+02
5.808628540039062500e+02
6.839680786132812500e+02
9.324940795898437500e+02
6.676349487304687500e+02
7.389882202148437500e+02
7.998229370117187500e+02
7.042398071289062500e+02
6.181609497070312500e+02
8.130195922851562500e+02
7.356575317382812500e+02
9.084524536132812500e+02
6.684743041992187500e+02
5.461022949218750000e+02
8.027195434570312500e+02
9.627500000000000000e+02
7.460976562500000000e+02
7.728376464843750000e+02
6.913654785156250000e+02
5.477912597656250000e+02
8.762614135742187500e+02
7.928555908203125000e+02
8.176337890625000000e+02
6.990203857421875000e+02
8.636926269531250000e+02
7.527586059570312500e+02
8.890771484375000000e+02
6.913906250000000000e+02
7.762959594726562500e+02
8.575862426757812500e+02
6.963139648437500000e+02
6.598041992187500000e+02
9.351569213867187500e+02
7.993594970703125000e+02
7.574188842773437500e+02
9.703082275390625000e+02
9.165253906250000000e+02
8.197835083007812500e+02
7.889425659179687500e+02
8.928635253906250000e+02
8.947719726562500000e+02
7.892908325195312500e+02
8.453343505859375000e+02
8.213821411132812500e+02
6.459877929687500000e+02
6.271455688476562500e+02
6.913377075195312500e+02
8.543758544921875000e+02
7.321991577148437500e+02
7.302490234375000000e+02
7.539168701171875000e+02
8.562258300781250000e+02
8.080885009765625000e+02
7.611732788085937500e+02
6.679961547851562500e+02
8.623732299804687500e+02
6.092576904296875000e+02
6.526188964843750000e+02
9.007853393554687500e+02
9.154505004882812500e+02
6.669466552734375000e+02
8.588306274414062500e+02
7.719199829101562500e+02
4.915830688476562500e+02
6.523864746093750000e+02
8.172609252929687500e+02
7.276991577148437500e+02
1.009167419433593750e+03
8.056796264648437500e+02
8.070504760742187500e+02
7.933678588867187500e+02
7.521394653320312500e+02
6.403291625976562500e+02
6.103833007812500000e+02
8.670590209960937500e+02
7.000733032226562500e+02
7.216854248046875000e+02
5.848333129882812500e+02
8.776817016601562500e+02
8.138497314453125000e+02
9.141988525390625000e+02
7.243663940429687500e+02
8.638576049804687500e+02
6.513425903320312500e+02
6.996143798828125000e+02
6.258689575195312500e+02
1.075379272460937500e+03
8.750854492187500000e+02
7.783722534179687500e+02
9.530592651367187500e+02
6.750560302734375000e+02
6.054945678710937500e+02
6.435307617187500000e+02
7.723220214843750000e+02
6.858499755859375000e+02
4.432046508789062500e+02
6.755154418945312500e+02
8.154083862304687500e+02
6.559121093750000000e+02
8.324957885742187500e+02
5.704998779296875000e+02
1.004292236328125000e+03
7.195289306640625000e+02
6.833285522460937500e+02
7.975733642578125000e+02
6.357413330078125000e+02
9.107465209960937500e+02
8.703522949218750000e+02
8.014319458007812500e+02
8.627581176757812500e+02
6.234774169921875000e+02
8.659355468750000000e+02
9.672597656250000000e+02
8.466312866210937500e+02
6.668469848632812500e+02
6.766021728515625000e+02
6.479381713867187500e+02
6.788572998046875000e+02
1.026296386718750000e+03
6.484517211914062500e+02
6.776430053710937500e+02
7.234152832031250000e+02
8.092314453125000000e+02
7.727133178710937500e+02
9.083626098632812500e+02
7.485281982421875000e+02
6.467687988281250000e+02
8.207600097656250000e+02
5.400542602539062500e+02
7.667332763671875000e+02
8.055805664062500000e+02
5.878708496093750000e+02
7.597770996093750000e+02
8.153034667968750000e+02
7.476369018554687500e+02
6.669644775390625000e+02
1.069495605468750000e+03
9.021395263671875000e+02
7.981771240234375000e+02
7.813988037109375000e+02
8.234287719726562500e+02
6.902186279296875000e+02
7.764106445312500000e+02
7.660942993164062500e+02
9.176594238281250000e+02
8.051135253906250000e+02
8.221750488281250000e+02
5.680018920898437500e+02
5.644553222656250000e+02
8.246995239257812500e+02
8.302332763671875000e+02
6.228277587890625000e+02
8.151791381835937500e+02
6.593444824218750000e+02
5.382678833007812500e+02
7.399029541015625000e+02
8.053856811523437500e+02
7.699710693359375000e+02
9.120302124023437500e+02
7.603771972656250000e+02
1.001759704589843750e+03
7.322545776367187500e+02
8.187890014648437500e+02
8.929875488281250000e+02
7.867830810546875000e+02
9.142022705078125000e+02
8.358917846679687500e+02
8.347328491210937500e+02
6.938079223632812500e+02
9.262286987304687500e+02
8.601824951171875000e+02
7.728168945312500000e+02
9.372079467773437500e+02
7.130937500000000000e+02
7.155045776367187500e+02
7.143431396484375000e+02
8.173533935546875000e+02
7.708508911132812500e+02
7.525252685546875000e+02
6.882860717773437500e+02
6.035361328125000000e+02
8.443698730468750000e+02
6.349215698242187500e+02
9.001228637695312500e+02
7.473625488281250000e+02
8.148898315429687500e+02
9.599671020507812500e+02
7.511127929687500000e+02
7.036888427734375000e+02
8.293460693359375000e+02
8.307525634765625000e+02
7.656939086914062500e+02
6.876871948242187500e+02
9.236212768554687500e+02
7.072211914062500000e+02
7.907977905273437500e+02
8.777866821289062500e+02
6.326692504882812500e+02
1.009744628906250000e+03
8.214396972656250000e+02
7.441207275390625000e+02
5.506962890625000000e+02
6.949528808593750000e+02
1.020680664062500000e+03
6.827695312500000000e+02
7.117249145507812500e+02
8.123378906250000000e+02
8.081653442382812500e+02
7.181617431640625000e+02
6.673104858398437500e+02
7.515238037109375000e+02
8.857672119140625000e+02
6.657483520507812500e+02
7.476550903320312500e+02
1.022893981933593750e+03
8.672509765625000000e+02
6.754971313476562500e+02
7.058882446289062500e+02
7.620268554687500000e+02
8.076109619140625000e+02
8.279557495117187500e+02
5.418261108398437500e+02
7.756700439453125000e+02
6.598528442382812500e+02
6.722686767578125000e+02
7.883671264648437500e+02
7.458505249023437500e+02
6.746960449218750000e+02
9.005110473632812500e+02
7.588622436523437500e+02
9.775616455078125000e+02
6.158868408203125000e+02
6.115014648437500000e+02
7.382565307617187500e+02
7.389011840820312500e+02
9.839590454101562500e+02
5.098691101074218750e+02
8.755130615234375000e+02
7.146875610351562500e+02
8.334098510742187500e+02
8.543359375000000000e+02
7.461586303710937500e+02
8.487682495117187500e+02
6.835817260742187500e+02
7.868277587890625000e+02
7.615336914062500000e+02
6.754435424804687500e+02
1.110243896484375000e+03
7.160915527343750000e+02
8.954097900390625000e+02
7.830962524414062500e+02
9.267465820312500000e+02
7.719872436523437500e+02
8.096121215820312500e+02
8.984313354492187500e+02
9.553206787109375000e+02
9.022792968750000000e+02
9.233696899414062500e+02
5.079741821289062500e+02
6.831336059570312500e+02
6.772055664062500000e+02
8.689894409179687500e+02
8.511160278320312500e+02
8.002498168945312500e+02
6.052095947265625000e+02
6.205805664062500000e+02
8.980314331054687500e+02
7.425388793945312500e+02
9.384204711914062500e+02
9.683198852539062500e+02
6.805702514648437500e+02
6.787706909179687500e+02
7.926162719726562500e+02
4.979132690429687500e+02
6.517124023437500000e+02
8.913906860351562500e+02
8.948221435546875000e+02
7.032981567382812500e+02
7.336275634765625000e+02
8.172689819335937500e+02
7.500632324218750000e+02
7.275871582031250000e+02
8.600441894531250000e+02
8.485311279296875000e+02
6.518125610351562500e+02
7.208299560546875000e+02
6.518851928710937500e+02
7.810866088867187500e+02
6.915395507812500000e+02
5.189107666015625000e+02
8.303298950195312500e+02
6.566323852539062500e+02
6.814345092773437500e+02
8.793287353515625000e+02
9.284406738281250000e+02
7.442901611328125000e+02
9.204208984375000000e+02
9.605609130859375000e+02
8.299702148437500000e+02
6.807531738281250000e+02
7.579957275390625000e+02
7.332693481445312500e+02
7.901807250976562500e+02
7.978612060546875000e+02
9.113403930664062500e+02
8.608829345703125000e+02
7.795233154296875000e+02
7.777452392578125000e+02
7.681646728515625000e+02
7.683867187500000000e+02
6.348955078125000000e+02
7.322197265625000000e+02
6.060720825195312500e+02
6.651311035156250000e+02
6.452115478515625000e+02
8.279865722656250000e+02
6.159136962890625000e+02
8.166036376953125000e+02
7.665446166992187500e+02
6.257966918945312500e+02
6.006223144531250000e+02
6.511589965820312500e+02
7.573726196289062500e+02
7.062004394531250000e+02
7.526301269531250000e+02
7.373864135742187500e+02
7.206699829101562500e+02
9.688687744140625000e+02
7.947578735351562500e+02
6.687906494140625000e+02
6.746724243164062500e+02
7.407769775390625000e+02
8.788400268554687500e+02
7.759168090820312500e+02
5.539026489257812500e+02
8.842766723632812500e+02
9.220561523437500000e+02
8.601051635742187500e+02
7.785505371093750000e+02
7.893323364257812500e+02
7.891017456054687500e+02
7.568761596679687500e+02
7.216950683593750000e+02
6.118176269531250000e+02
6.928614501953125000e+02
6.983447875976562500e+02
7.699776000976562500e+02
7.250251464843750000e+02
8.966823120117187500e+02
8.366903076171875000e+02
8.772294311523437500e+02
1.071211547851562500e+03
8.252221679687500000e+02
8.031520385742187500e+02
7.960419311523437500e+02
6.135818481445312500e+02
7.559526977539062500e+02
8.613887939453125000e+02
7.014913330078125000e+02
8.236069946289062500e+02
8.619482421875000000e+02
7.946206054687500000e+02
9.443645629882812500e+02
6.760636596679687500e+02
8.366389770507812500e+02
5.560090942382812500e+02
6.765697021484375000e+02
7.009079589843750000e+02
6.618024902343750000e+02
8.439933471679687500e+02
7.729309082031250000e+02
6.256356811523437500e+02
8.253311157226562500e+02
7.063449707031250000e+02
6.925157470703125000e+02
6.610033569335937500e+02
6.563593750000000000e+02
7.216221313476562500e+02
8.442188720703125000e+02
8.783775024414062500e+02
8.392247314453125000e+02
9.105507202148437500e+02
7.430643310546875000e+02
8.204740600585937500e+02
8.565750732421875000e+02
7.173855590820312500e+02
7.317105712890625000e+02
8.909652099609375000e+02
8.936034545898437500e+02
7.172019653320312500e+02
8.451492309570312500e+02
6.194380493164062500e+02
6.953356933593750000e+02
8.211510620117187500e+02
6.162377929687500000e+02
6.401552124023437500e+02
5.251585693359375000e+02
7.721747436523437500e+02
7.921228637695312500e+02
7.261568603515625000e+02
7.194330444335937500e+02
7.749384765625000000e+02
5.993010253906250000e+02
8.003474121093750000e+02
7.452328491210937500e+02
6.561043701171875000e+02
8.506383056640625000e+02
7.360432128906250000e+02
6.021789550781250000e+02
8.232363281250000000e+02
7.251607055664062500e+02
6.859315795898437500e+02
7.289144287109375000e+02
6.945733642578125000e+02
6.566644287109375000e+02
8.733566284179687500e+02
8.215561523437500000e+02
8.607899169921875000e+02
7.880951538085937500e+02
7.114498291015625000e+02
7.249785766601562500e+02
8.499956054687500000e+02
6.117318115234375000e+02
8.402711791992187500e+02
7.965103759765625000e+02
7.709453735351562500e+02
6.585087280273437500e+02
7.538335571289062500e+02
4.536291503906250000e+02
9.215777587890625000e+02
7.906599731445312500e+02
7.875521240234375000e+02
6.431858520507812500e+02
8.614365844726562500e+02
7.172984619140625000e+02
8.205281372070312500e+02
8.242569580078125000e+02
8.069123535156250000e+02
7.358405761718750000e+02
8.126821899414062500e+02
9.017208251953125000e+02
7.437045898437500000e+02
4.830242004394531250e+02
7.354449462890625000e+02
6.313402099609375000e+02
9.045305786132812500e+02
9.032570190429687500e+02
8.884694213867187500e+02
8.504584960937500000e+02
8.178428344726562500e+02
6.891117553710937500e+02
8.045073242187500000e+02
6.053624877929687500e+02
7.451845092773437500e+02
7.039302368164062500e+02
7.849080810546875000e+02
5.644887084960937500e+02
7.067316284179687500e+02
7.427923583984375000e+02
7.555773315429687500e+02
8.352012329101562500e+02
7.425202026367187500e+02
7.967856445312500000e+02
7.740339965820312500e+02
7.090587768554687500e+02
9.656696166992187500e+02
7.667186889648437500e+02
8.112281494140625000e+02
9.316566162109375000e+02
7.500026855468750000e+02
8.147853393554687500e+02
7.775325317382812500e+02
7.306304931640625000e+02
9.993822021484375000e+02
8.533389282226562500e+02
4.889986877441406250e+02
8.554963378906250000e+02
8.200520629882812500e+02
7.297160644531250000e+02
7.196071777343750000e+02
7.305239257812500000e+02
1.021190734863281250e+03
7.074008178710937500e+02
9.518817138671875000e+02
7.220151367187500000e+02
5.932611694335937500e+02
5.873182983398437500e+02
7.744194335937500000e+02
9.037125244140625000e+02
8.855311279296875000e+02
8.733452758789062500e+02
7.457214965820312500e+02
8.816047363281250000e+02
6.073044433593750000e+02
6.113168334960937500e+02
1.033176635742187500e+03
9.336924438476562500e+02
8.495369262695312500e+02
8.176709594726562500e+02
6.957941284179687500e+02
7.830997924804687500e+02
9.288020019531250000e+02
7.169874877929687500e+02
8.122902832031250000e+02
8.452581176757812500e+02
7.943799438476562500e+02
8.248095703125000000e+02
6.280759887695312500e+02
9.537959594726562500e+02
8.185351562500000000e+02
7.518593750000000000e+02
7.419504394531250000e+02
7.551485595703125000e+02
8.299923095703125000e+02
7.041185302734375000e+02
6.401986083984375000e+02
7.595430908203125000e+02
7.888839721679687500e+02
7.744631347656250000e+02
6.995977783203125000e+02
5.842331542968750000e+02
8.697562866210937500e+02
8.222866821289062500e+02
6.405333251953125000e+02
8.411311035156250000e+02
7.989309082031250000e+02
9.955499267578125000e+02
7.774638671875000000e+02
8.106779174804687500e+02
8.304576416015625000e+02
6.081762084960937500e+02
8.216470336914062500e+02
6.832114868164062500e+02
5.945668945312500000e+02
9.416513061523437500e+02
7.053750610351562500e+02
8.110160522460937500e+02
9.138901367187500000e+02
9.069536743164062500e+02
7.516986083984375000e+02
6.946411132812500000e+02
7.336638793945312500e+02
7.406884765625000000e+02
7.805536499023437500e+02
6.859701538085937500e+02
6.565501098632812500e+02
8.849240722656250000e+02
9.949924316406250000e+02
6.332689819335937500e+02
7.760546264648437500e+02
9.124849853515625000e+02
8.791730346679687500e+02
8.495646972656250000e+02
8.249093627929687500e+02
8.931607055664062500e+02
8.984634399414062500e+02
9.259863281250000000e+02
8.158162841796875000e+02
4.565559387207031250e+02
7.248068847656250000e+02
7.977007446289062500e+02
8.886419677734375000e+02
8.138262939453125000e+02
9.741234741210937500e+02
5.547405395507812500e+02
9.665851440429687500e+02
9.138729858398437500e+02
6.575339355468750000e+02
8.777540283203125000e+02
7.630070800781250000e+02
8.297871093750000000e+02
6.597105102539062500e+02
7.224725341796875000e+02
8.694627075195312500e+02
8.141616210937500000e+02
7.887055053710937500e+02
6.270215454101562500e+02
7.362924804687500000e+02
7.808242187500000000e+02
8.852723999023437500e+02
9.287267456054687500e+02
7.476431884765625000e+02
5.969852294921875000e+02
6.826344604492187500e+02
9.530718383789062500e+02
9.246277465820312500e+02
7.525764770507812500e+02
7.864501953125000000e+02
8.757186889648437500e+02
8.047147216796875000e+02
8.862390747070312500e+02
4.764263916015625000e+02
8.559093017578125000e+02
8.022254028320312500e+02
8.479506225585937500e+02
7.586977539062500000e+02
7.780488281250000000e+02
8.016713867187500000e+02
6.790625610351562500e+02
8.803060302734375000e+02
7.280814819335937500e+02
8.003032836914062500e+02
8.471539916992187500e+02
7.967031250000000000e+02
7.882301635742187500e+02
7.985781250000000000e+02
8.782792358398437500e+02
6.807639160156250000e+02
7.586971435546875000e+02
7.647208251953125000e+02
7.125708618164062500e+02
9.215599975585937500e+02
8.929152832031250000e+02
7.942451782226562500e+02
9.005382690429687500e+02
6.964306640625000000e+02
7.334544067382812500e+02
6.673060302734375000e+02
7.365361938476562500e+02
8.197601928710937500e+02
6.966979980468750000e+02
7.676255493164062500e+02
8.541032714843750000e+02
8.532354125976562500e+02
8.243048095703125000e+02
7.054052124023437500e+02
6.617672119140625000e+02
7.289252929687500000e+02
9.123820800781250000e+02
7.187971801757812500e+02
7.326601562500000000e+02
8.005649414062500000e+02
8.703784179687500000e+02
6.384155273437500000e+02
6.346946411132812500e+02
5.767133789062500000e+02
7.944276123046875000e+02
6.960723876953125000e+02
5.843843383789062500e+02
7.931770629882812500e+02
7.687471923828125000e+02
8.470020141601562500e+02
8.400880737304687500e+02
7.946520996093750000e+02
6.946699218750000000e+02
5.236069335937500000e+02
6.826561889648437500e+02
9.397728271484375000e+02
6.785971069335937500e+02
7.515979003906250000e+02
8.854327392578125000e+02
8.171068725585937500e+02
8.455950317382812500e+02
8.129650878906250000e+02
9.144296875000000000e+02
8.537985839843750000e+02
8.625425415039062500e+02
7.395256958007812500e+02
8.895748291015625000e+02
8.031221313476562500e+02
9.961223144531250000e+02
7.842702636718750000e+02
7.720440673828125000e+02
7.130480957031250000e+02
9.493137207031250000e+02
9.200187377929687500e+02
9.384453735351562500e+02
7.418298339843750000e+02
6.332365112304687500e+02
6.444929199218750000e+02
8.745318603515625000e+02
7.105457153320312500e+02
1.005152038574218750e+03
8.650648193359375000e+02
7.988049926757812500e+02
7.509545898437500000e+02
6.832514648437500000e+02
8.101752929687500000e+02
8.208837280273437500e+02
7.729181518554687500e+02
7.714313964843750000e+02
7.362727050781250000e+02
8.074930419921875000e+02
8.680772094726562500e+02
7.031748046875000000e+02
7.380389404296875000e+02
7.825969848632812500e+02
8.060059204101562500e+02
7.492647094726562500e+02
7.235994262695312500e+02
9.010756225585937500e+02
9.725976562500000000e+02
8.369171752929687500e+02
8.466625976562500000e+02
7.821596069335937500e+02
9.041968383789062500e+02
7.464997558593750000e+02
7.185306396484375000e+02
8.318843994140625000e+02
9.249439697265625000e+02
7.073496093750000000e+02
7.799840087890625000e+02
7.492804565429687500e+02
8.154837036132812500e+02
7.187979125976562500e+02
6.350426635742187500e+02
6.090947265625000000e+02
8.352407836914062500e+02
7.285495605468750000e+02
8.034255981445312500e+02
7.687358398437500000e+02
9.121194458007812500e+02
6.633420410156250000e+02
8.606796264648437500e+02
1.062497314453125000e+03
7.478853759765625000e+02
6.683221435546875000e+02
9.109423217773437500e+02
8.232225952148437500e+02
7.660064697265625000e+02
7.346879272460937500e+02
6.890459594726562500e+02
8.273894653320312500e+02
7.031742553710937500e+02
6.796196899414062500e+02
9.273098754882812500e+02
7.658273925781250000e+02
7.307365722656250000e+02
7.186271972656250000e+02
6.020425415039062500e+02
7.026002807617187500e+02
8.429732055664062500e+02
6.773141479492187500e+02
6.834573364257812500e+02
9.956261596679687500e+02
6.170750122070312500e+02
6.531776733398437500e+02
7.168019409179687500e+02
7.414616699218750000e+02
6.003923950195312500e+02
8.792643432617187500e+02
5.323673095703125000e+02
7.078327636718750000e+02
7.773760986328125000e+02
7.998486328125000000e+02
8.378154907226562500e+02
7.858435668945312500e+02
7.799454956054687500e+02
6.690209350585937500e+02
8.849577026367187500e+02
8.106539916992187500e+02
7.669367065429687500e+02
7.333440551757812500e+02
8.775689697265625000e+02
6.843043212890625000e+02
9.134069213867187500e+02
6.865916748046875000e+02
8.819074707031250000e+02
6.545950927734375000e+02
7.053507690429687500e+02
7.041710815429687500e+02
7.692275390625000000e+02
8.257302856445312500e+02
7.216742553710937500e+02
7.111127319335937500e+02
7.488453369140625000e+02
8.314959106445312500e+02
9.079937133789062500e+02
8.705434570312500000e+02
6.898309326171875000e+02
7.890035400390625000e+02
6.447836914062500000e+02
7.824146118164062500e+02
6.990045166015625000e+02
7.257743530273437500e+02
6.556744995117187500e+02
6.981079101562500000e+02
9.346284179687500000e+02
9.240310058593750000e+02
5.703258666992187500e+02
8.454107055664062500e+02
5.778595581054687500e+02
9.172874145507812500e+02
6.961607666015625000e+02
5.738704223632812500e+02
8.583342895507812500e+02
9.318818359375000000e+02
7.535911865234375000e+02
6.870245971679687500e+02
7.179305419921875000e+02
8.294572143554687500e+02
7.838928833007812500e+02
8.359016723632812500e+02
8.591143798828125000e+02
5.526348266601562500e+02
6.938789062500000000e+02
7.857127075195312500e+02
7.267998046875000000e+02
9.070283813476562500e+02
6.317299804687500000e+02
7.639679565429687500e+02
6.586463623046875000e+02
8.609953002929687500e+02
6.955830688476562500e+02
6.200556640625000000e+02
8.606181640625000000e+02
9.097407836914062500e+02
6.083328857421875000e+02
6.030343627929687500e+02
9.025382080078125000e+02
9.506665649414062500e+02
9.675592651367187500e+02
7.074308471679687500e+02
7.020838012695312500e+02
7.215853271484375000e+02
8.762484741210937500e+02
6.571224975585937500e+02
6.925704956054687500e+02
9.395487060546875000e+02
8.597055053710937500e+02
7.968901977539062500e+02
6.595136718750000000e+02
6.092028198242187500e+02
9.482680053710937500e+02
8.617318115234375000e+02
8.289949951171875000e+02
6.279349975585937500e+02
7.555455932617187500e+02
6.918532714843750000e+02
5.104398498535156250e+02
6.736467285156250000e+02
7.620561523437500000e+02
7.033612670898437500e+02
7.147260742187500000e+02
6.636441650390625000e+02
8.769329223632812500e+02
8.788652954101562500e+02
5.114036254882812500e+02
5.653590698242187500e+02
9.778947753906250000e+02
7.115122680664062500e+02
7.206134643554687500e+02
7.404899902343750000e+02
6.515678100585937500e+02
8.340518798828125000e+02
8.221096801757812500e+02
8.373048095703125000e+02
9.589620971679687500e+02
6.164807128906250000e+02
8.787685546875000000e+02
7.737365722656250000e+02
5.972773437500000000e+02
7.425285034179687500e+02
8.521160278320312500e+02
8.500430908203125000e+02
6.828011474609375000e+02
8.095032958984375000e+02
9.037288818359375000e+02
1.008947509765625000e+03
6.853218383789062500e+02
6.298607788085937500e+02
6.816188964843750000e+02
6.260823364257812500e+02
8.219948730468750000e+02
9.444349365234375000e+02
7.693076171875000000e+02
8.170729370117187500e+02
6.374898681640625000e+02
6.852155151367187500e+02
8.102681884765625000e+02
7.907795410156250000e+02
8.218385009765625000e+02
8.200685424804687500e+02
6.771943969726562500e+02
7.081947021484375000e+02
8.830006103515625000e+02
9.020465698242187500e+02
7.451454467773437500e+02
5.082854614257812500e+02
7.291475219726562500e+02
1.000104187011718750e+03
5.619999389648437500e+02
6.491818237304687500e+02
7.162181396484375000e+02
6.066845092773437500e+02
6.629998168945312500e+02
8.719544677734375000e+02
8.602775878906250000e+02
8.346162109375000000e+02
7.437208251953125000e+02
1.074029052734375000e+03
1.018526123046875000e+03
8.063484497070312500e+02
8.789769897460937500e+02
7.637729492187500000e+02
7.002673339843750000e+02
7.388324584960937500e+02
8.044192504882812500e+02
9.661397094726562500e+02
7.409102783203125000e+02
6.795184326171875000e+02
8.049334106445312500e+02
1.022118652343750000e+03
7.694803466796875000e+02
7.688714599609375000e+02
7.245622558593750000e+02
1.023702209472656250e+03
9.090773925781250000e+02
7.203134765625000000e+02
8.224301757812500000e+02
6.543941650390625000e+02
7.027337646484375000e+02
6.191800537109375000e+02
8.261381835937500000e+02
9.012594604492187500e+02
9.712190551757812500e+02
9.176940917968750000e+02
6.341381225585937500e+02
6.571634521484375000e+02
7.123486328125000000e+02
9.223826904296875000e+02
8.305309448242187500e+02
7.220718383789062500e+02
8.101258544921875000e+02
8.442498168945312500e+02
8.983603515625000000e+02
7.602322998046875000e+02
6.821006469726562500e+02
6.774758911132812500e+02
9.716012573242187500e+02
7.726696166992187500e+02
7.334837036132812500e+02
7.077016601562500000e+02
7.140227661132812500e+02
8.687727050781250000e+02
8.138919067382812500e+02
7.556179199218750000e+02
8.867788085937500000e+02
6.881843872070312500e+02
5.595928955078125000e+02
7.633477172851562500e+02
7.621614990234375000e+02
6.519134521484375000e+02
8.474106445312500000e+02
9.576203613281250000e+02
7.136308593750000000e+02
6.698798217773437500e+02
7.931058349609375000e+02
7.329486083984375000e+02
7.885628662109375000e+02
7.215952758789062500e+02
9.921751708984375000e+02
7.970516967773437500e+02
6.888635253906250000e+02
7.520106201171875000e+02
1.037383789062500000e+03
6.620744018554687500e+02
8.175722045898437500e+02
8.618195800781250000e+02
6.643377685546875000e+02
7.462969970703125000e+02
9.168977050781250000e+02
7.675307617187500000e+02
7.685018920898437500e+02
8.726463623046875000e+02
7.812973022460937500e+02
7.225844116210937500e+02
8.955980834960937500e+02
8.968622436523437500e+02
7.777259521484375000e+02
6.414038085937500000e+02
9.188216552734375000e+02
6.684040527343750000e+02
8.008899536132812500e+02
9.134358520507812500e+02
7.691826171875000000e+02
7.801748657226562500e+02
7.792953491210937500e+02
6.547305297851562500e+02
8.948322753906250000e+02
6.782156982421875000e+02
6.129978027343750000e+02
5.909633789062500000e+02
7.892948608398437500e+02
6.674974975585937500e+02
6.194654541015625000e+02
7.120708618164062500e+02
7.667471923828125000e+02
9.298242187500000000e+02
8.585695800781250000e+02
5.459732055664062500e+02
7.813725585937500000e+02
7.405134887695312500e+02
6.899291381835937500e+02
7.986317749023437500e+02
7.316038818359375000e+02
7.471628417968750000e+02
8.053316650390625000e+02
6.029783935546875000e+02
6.204035644531250000e+02
8.273066406250000000e+02
8.364896240234375000e+02
7.764891357421875000e+02
8.715015258789062500e+02
9.129641723632812500e+02
7.362126464843750000e+02
6.659810791015625000e+02
6.657149047851562500e+02
7.061646118164062500e+02
8.385643310546875000e+02
6.483500976562500000e+02
8.938970947265625000e+02
7.975469970703125000e+02
7.375286254882812500e+02
7.373617553710937500e+02
7.264935913085937500e+02
8.399273681640625000e+02
8.583920898437500000e+02
6.866958618164062500e+02
6.787246093750000000e+02
7.455221557617187500e+02
7.569991455078125000e+02
6.767742919921875000e+02
9.260924072265625000e+02
7.658919067382812500e+02
6.955676879882812500e+02
8.059810791015625000e+02
6.525190429687500000e+02
9.059596557617187500e+02
8.047034301757812500e+02
9.095422363281250000e+02
6.287922363281250000e+02
8.547753906250000000e+02
6.520870361328125000e+02
8.331705322265625000e+02
9.850743408203125000e+02
5.483607177734375000e+02
8.480192871093750000e+02
8.309927368164062500e+02
6.995406494140625000e+02
7.958701171875000000e+02
6.263342895507812500e+02
8.013811645507812500e+02
9.026374511718750000e+02
7.213809204101562500e+02
6.070532836914062500e+02
8.406632690429687500e+02
6.381852416992187500e+02
7.056286010742187500e+02
6.117196655273437500e+02
7.629489746093750000e+02
8.327513427734375000e+02
8.481828613281250000e+02
6.800003662109375000e+02
7.684050292968750000e+02
6.790062866210937500e+02
9.913577880859375000e+02
7.913460083007812500e+02
5.565480957031250000e+02
7.845552978515625000e+02
6.837001342773437500e+02
8.156987915039062500e+02
6.308933105468750000e+02
5.957484130859375000e+02
9.393324584960937500e+02
8.390519409179687500e+02
6.688974609375000000e+02
7.376204833984375000e+02
9.213679809570312500e+02
8.449893188476562500e+02
7.667471313476562500e+02
1.039261596679687500e+03
5.935148925781250000e+02
8.563447875976562500e+02
7.017304687500000000e+02
6.741955566406250000e+02
8.016918334960937500e+02
7.278531494140625000e+02
6.995440063476562500e+02
9.780692749023437500e+02
8.974234008789062500e+02
7.308480834960937500e+02
8.605048828125000000e+02
8.082821044921875000e+02
7.269909057617187500e+02
7.958079833984375000e+02
6.765690917968750000e+02
6.596778564453125000e+02
6.804242553710937500e+02
7.265399169921875000e+02
6.308773193359375000e+02
5.721575927734375000e+02
5.175904541015625000e+02
6.721713867187500000e+02
5.815875854492187500e+02
8.144904785156250000e+02
6.229680786132812500e+02
7.980355224609375000e+02
7.623814697265625000e+02
5.906547241210937500e+02
5.758467407226562500e+02
9.796207885742187500e+02
8.248533325195312500e+02
7.459633789062500000e+02
8.758624267578125000e+02
9.533108520507812500e+02
8.757912597656250000e+02
7.652049560546875000e+02
7.501948852539062500e+02
9.628973388671875000e+02
6.455339355468750000e+02
6.731736450195312500e+02
8.132577514648437500e+02
8.842550659179687500e+02
7.185323486328125000e+02
7.876749877929687500e+02
7.715770874023437500e+02
7.405543823242187500e+02
7.191995849609375000e+02
7.265104370117187500e+02
7.527633056640625000e+02
7.112318115234375000e+02
5.631105957031250000e+02
6.921866455078125000e+02
6.818254394531250000e+02
5.667212524414062500e+02
8.184381713867187500e+02
8.182227783203125000e+02
7.047302856445312500e+02
8.874710693359375000e+02
6.987667236328125000e+02
6.788231811523437500e+02
7.845192260742187500e+02
7.529562377929687500e+02
7.013581542968750000e+02
7.469195556640625000e+02
8.460399780273437500e+02
7.334708251953125000e+02
8.528484497070312500e+02
7.472329101562500000e+02
7.227574462890625000e+02
7.142850341796875000e+02
8.980739135742187500e+02
7.617804565429687500e+02
7.112587890625000000e+02
8.486104736328125000e+02
7.367898559570312500e+02
5.896925048828125000e+02
7.956087036132812500e+02
6.710445556640625000e+02
7.762687377929687500e+02
6.063793945312500000e+02
9.816968383789062500e+02
8.155156860351562500e+02
9.224135742187500000e+02
8.769580078125000000e+02
8.790493164062500000e+02
9.069233398437500000e+02
8.774307250976562500e+02
7.445617675781250000e+02
6.705491943359375000e+02
9.339369506835937500e+02
7.048976440429687500e+02
7.004141845703125000e+02
6.437877197265625000e+02
7.682178344726562500e+02
7.963281250000000000e+02
7.156901245117187500e+02
7.612156982421875000e+02
9.704857177734375000e+02
8.669409790039062500e+02
8.086273193359375000e+02
7.983446044921875000e+02
8.021310424804687500e+02
6.582719116210937500e+02
8.515934448242187500e+02
6.823432006835937500e+02
5.263674316406250000e+02
8.402640380859375000e+02
7.194709472656250000e+02
6.934930419921875000e+02
8.137719726562500000e+02
6.856405029296875000e+02
7.327963867187500000e+02
7.578080444335937500e+02
7.196287841796875000e+02
8.129882812500000000e+02
7.664752807617187500e+02
6.943858642578125000e+02
6.948366699218750000e+02
5.572263183593750000e+02
5.485426025390625000e+02
6.011038818359375000e+02
6.176674804687500000e+02
7.107233276367187500e+02
5.547498168945312500e+02
8.533372802734375000e+02
8.985009765625000000e+02
5.517449951171875000e+02
9.333859252929687500e+02
6.972566528320312500e+02
9.181858520507812500e+02
7.302215576171875000e+02
1.002873413085937500e+03
7.873815307617187500e+02
8.030905761718750000e+02
6.910441894531250000e+02
7.617603759765625000e+02
1.028053222656250000e+03
7.549969482421875000e+02
6.304829711914062500e+02
7.796671142578125000e+02
7.376425170898437500e+02
7.661137695312500000e+02
7.814037475585937500e+02
9.321853637695312500e+02
7.346164550781250000e+02
6.597845458984375000e+02
6.266848754882812500e+02
8.574970703125000000e+02
6.834086914062500000e+02
8.581616210937500000e+02
6.923576049804687500e+02
8.216071166992187500e+02
6.264718017578125000e+02
7.851925048828125000e+02
5.762117919921875000e+02
6.238360595703125000e+02
7.822935180664062500e+02
6.493265991210937500e+02
7.293319702148437500e+02
9.925739746093750000e+02
1.047859741210937500e+03
7.684819946289062500e+02
6.509178466796875000e+02
9.173793945312500000e+02
9.608364868164062500e+02
8.815012207031250000e+02
7.806926269531250000e+02
8.332608642578125000e+02
7.196514892578125000e+02
6.556222534179687500e+02
6.178162841796875000e+02
5.882840576171875000e+02
8.171299438476562500e+02
6.455767822265625000e+02
7.030250854492187500e+02
8.186324462890625000e+02
7.324107666015625000e+02
5.607333374023437500e+02
8.647576904296875000e+02
8.233939208984375000e+02
8.783353271484375000e+02
7.869945068359375000e+02
9.042435302734375000e+02
1.017563232421875000e+03
8.629279174804687500e+02
7.909901123046875000e+02
8.324995727539062500e+02
7.416766357421875000e+02
6.779797363281250000e+02
7.006585693359375000e+02
8.063754882812500000e+02
7.276136474609375000e+02
8.892065429687500000e+02
7.881137084960937500e+02
8.017738037109375000e+02
8.071591796875000000e+02
7.918744506835937500e+02
5.656307983398437500e+02
6.077502441406250000e+02
7.975058593750000000e+02
8.892496948242187500e+02
4.612323913574218750e+02
7.934945068359375000e+02
6.807055664062500000e+02
7.513853149414062500e+02
8.011237182617187500e+02
8.369716796875000000e+02
9.184737548828125000e+02
8.686685791015625000e+02
7.820830688476562500e+02
7.894321899414062500e+02
9.871954345703125000e+02
6.533054809570312500e+02
7.932709350585937500e+02
7.793988647460937500e+02
8.171446533203125000e+02
5.806309204101562500e+02
7.613394165039062500e+02
6.250792846679687500e+02
8.009708251953125000e+02
8.796299438476562500e+02
5.736940307617187500e+02
6.276867065429687500e+02
8.088116455078125000e+02
6.813945312500000000e+02
8.245449829101562500e+02
6.760325317382812500e+02
8.865773925781250000e+02
8.562101440429687500e+02
5.859635009765625000e+02
6.495666503906250000e+02
7.071182250976562500e+02
8.590339965820312500e+02
7.841901245117187500e+02
7.231955566406250000e+02
6.451779174804687500e+02
8.727869873046875000e+02
8.499390869140625000e+02
7.224780273437500000e+02
6.674962158203125000e+02
6.700005493164062500e+02
7.718870849609375000e+02
7.039588623046875000e+02
5.368365478515625000e+02
6.525842285156250000e+02
8.995564575195312500e+02
8.589793090820312500e+02
6.408360595703125000e+02
8.569468383789062500e+02
6.052246704101562500e+02
7.454472045898437500e+02
7.062880249023437500e+02
7.100837402343750000e+02
8.771217041015625000e+02
6.784262084960937500e+02
6.269649047851562500e+02
7.754522705078125000e+02
7.115633544921875000e+02
6.321569213867187500e+02
6.425562744140625000e+02
8.577548217773437500e+02
7.493916015625000000e+02
7.898607788085937500e+02
6.820586547851562500e+02
9.257310180664062500e+02
7.774272460937500000e+02
8.531248168945312500e+02
8.696911010742187500e+02
8.749335327148437500e+02
7.990346679687500000e+02
7.449790039062500000e+02
6.413063354492187500e+02
8.481002197265625000e+02
6.004064941406250000e+02
6.937878417968750000e+02
6.180933837890625000e+02
8.510920410156250000e+02
6.554515991210937500e+02
7.499829711914062500e+02
8.852819213867187500e+02
7.107151489257812500e+02
6.993168945312500000e+02
6.566447143554687500e+02
6.813273315429687500e+02
7.895587768554687500e+02
8.383418579101562500e+02
1.000680419921875000e+03
9.510328979492187500e+02
8.942127685546875000e+02
9.155853881835937500e+02
6.826677246093750000e+02
9.193705444335937500e+02
8.738966674804687500e+02
9.484852294921875000e+02
6.170160522460937500e+02
9.286437377929687500e+02
7.002452392578125000e+02
8.611831665039062500e+02
5.470855102539062500e+02
7.839130859375000000e+02
6.571960449218750000e+02
7.291895141601562500e+02
7.018625488281250000e+02
6.666056518554687500e+02
9.452615966796875000e+02
7.506553955078125000e+02
9.012952270507812500e+02
7.117067871093750000e+02
8.406263427734375000e+02
7.316476440429687500e+02
8.996530761718750000e+02
8.505101928710937500e+02
7.561122436523437500e+02
7.113958740234375000e+02
5.778383789062500000e+02
8.074621582031250000e+02
7.242734985351562500e+02
7.907764282226562500e+02
7.473694458007812500e+02
7.840812988281250000e+02
6.207675170898437500e+02
8.940465698242187500e+02
9.961179809570312500e+02
6.676579589843750000e+02
1.134152709960937500e+03
8.924552612304687500e+02
7.116348266601562500e+02
7.038436889648437500e+02
8.253284301757812500e+02
6.958565063476562500e+02
7.834216918945312500e+02
9.870510864257812500e+02
1.011150878906250000e+03
8.367838745117187500e+02
6.311735229492187500e+02
7.146715087890625000e+02
7.866860351562500000e+02
5.225480957031250000e+02
7.103398437500000000e+02
7.045253906250000000e+02
7.028618774414062500e+02
9.550281982421875000e+02
8.378881835937500000e+02
7.088715209960937500e+02
6.862030639648437500e+02
6.825010986328125000e+02
9.416900024414062500e+02
9.778990478515625000e+02
7.851656494140625000e+02
7.555623779296875000e+02
8.271018066406250000e+02
7.198436889648437500e+02
8.759999389648437500e+02
7.888942871093750000e+02
7.689884033203125000e+02
8.004550170898437500e+02
9.305059204101562500e+02
9.007043457031250000e+02
7.008770751953125000e+02
8.426006469726562500e+02
7.672594604492187500e+02
7.884794921875000000e+02
8.551355590820312500e+02
8.356241455078125000e+02
7.308728637695312500e+02
8.592311401367187500e+02
7.308164062500000000e+02
6.583522949218750000e+02
7.319721679687500000e+02
6.346409912109375000e+02
8.165336303710937500e+02
8.691593627929687500e+02
6.961969604492187500e+02
6.316228637695312500e+02
5.809945068359375000e+02
5.351388549804687500e+02
8.334461059570312500e+02
8.019219360351562500e+02
8.790294189453125000e+02
7.147125244140625000e+02
9.693569946289062500e+02
7.946359863281250000e+02
7.809162597656250000e+02
6.536154785156250000e+02
9.338797607421875000e+02
8.093455810546875000e+02
6.631992797851562500e+02
9.410030517578125000e+02
6.204982910156250000e+02
6.116480102539062500e+02
7.203665771484375000e+02
9.306921386718750000e+02
8.077409667968750000e+02
9.981477050781250000e+02
9.524000854492187500e+02
9.906672973632812500e+02
7.960244140625000000e+02
7.007047119140625000e+02
8.242601928710937500e+02
6.558578491210937500e+02
9.950346679687500000e+02
7.166696777343750000e+02
8.123088378906250000e+02
7.454070434570312500e+02
6.721948242187500000e+02
6.136248168945312500e+02
1.057694702148437500e+03
6.771480102539062500e+02
7.567189941406250000e+02
9.102075195312500000e+02
5.758010253906250000e+02
5.900062866210937500e+02
9.472301635742187500e+02
7.740706787109375000e+02
6.952731933593750000e+02
9.119726562500000000e+02
7.991726074218750000e+02
8.746488647460937500e+02
8.902895507812500000e+02
8.423208007812500000e+02
7.578692626953125000e+02
5.747422485351562500e+02
6.677349243164062500e+02
8.285367431640625000e+02
9.648352661132812500e+02
7.433729248046875000e+02
7.433256225585937500e+02
7.313330078125000000e+02
9.538632812500000000e+02
5.818724365234375000e+02
8.672586669921875000e+02
9.708839111328125000e+02
8.436632080078125000e+02
8.734146118164062500e+02
8.293261718750000000e+02
9.990905151367187500e+02
1.022274291992187500e+03
6.412841186523437500e+02
8.576690673828125000e+02
6.847431640625000000e+02
5.780283813476562500e+02
7.662789916992187500e+02
9.292622680664062500e+02
7.830588378906250000e+02
9.461019287109375000e+02
6.294510498046875000e+02
9.715079956054687500e+02
5.318403320312500000e+02
8.117182617187500000e+02
8.041754150390625000e+02
6.793513793945312500e+02
8.597183227539062500e+02
6.820619506835937500e+02
7.538610839843750000e+02
7.487012329101562500e+02
7.206104125976562500e+02
7.394761352539062500e+02
7.503938598632812500e+02
5.221228637695312500e+02
7.823419799804687500e+02
8.120665893554687500e+02
7.689155883789062500e+02
9.074504394531250000e+02
5.382202758789062500e+02
9.169157104492187500e+02
7.995414428710937500e+02
8.929701538085937500e+02
8.241267700195312500e+02
7.958728027343750000e+02
9.211491699218750000e+02
8.989097900390625000e+02
7.866107177734375000e+02
6.070833740234375000e+02
7.921412353515625000e+02
6.999231567382812500e+02
7.944555664062500000e+02
7.772435913085937500e+02
7.926362304687500000e+02
5.879921875000000000e+02
8.422108764648437500e+02
8.143248291015625000e+02
1.034662475585937500e+03
7.159137573242187500e+02
7.966683349609375000e+02
6.462094726562500000e+02
5.024462280273437500e+02
5.860567626953125000e+02
8.614641723632812500e+02
8.861937255859375000e+02
6.656867065429687500e+02
7.223471679687500000e+02
7.652803955078125000e+02
7.053867797851562500e+02
8.798587036132812500e+02
8.367514648437500000e+02
9.207150878906250000e+02
8.519644775390625000e+02
7.903740844726562500e+02
8.038488769531250000e+02
4.975501098632812500e+02
7.458436279296875000e+02
7.086009521484375000e+02
7.593892822265625000e+02
6.807451171875000000e+02
8.495884399414062500e+02
7.574121093750000000e+02
7.243045654296875000e+02
7.294453125000000000e+02
8.030241088867187500e+02
9.130343017578125000e+02
7.309596557617187500e+02
8.042290649414062500e+02
7.303088989257812500e+02
9.553618164062500000e+02
7.715899658203125000e+02
9.502114868164062500e+02
7.857062377929687500e+02
8.901205444335937500e+02
7.541824340820312500e+02
8.671848754882812500e+02
6.906404418945312500e+02
8.525372924804687500e+02
7.712968139648437500e+02
9.160075073242187500e+02
6.668293457031250000e+02
5.880594482421875000e+02
8.444944458007812500e+02
7.705478515625000000e+02
6.499785156250000000e+02
7.484507446289062500e+02
6.953013916015625000e+02
7.503299560546875000e+02
7.631239013671875000e+02
7.479794311523437500e+02
8.523016357421875000e+02
6.910414428710937500e+02
7.703170776367187500e+02
7.856863403320312500e+02
7.836727905273437500e+02
7.952094726562500000e+02
8.045333862304687500e+02
5.953403320312500000e+02
7.725616455078125000e+02
8.734241943359375000e+02
8.400156250000000000e+02
6.897775878906250000e+02
8.095934448242187500e+02
7.593411254882812500e+02
8.039487304687500000e+02
9.129652099609375000e+02
7.900258178710937500e+02
7.967232666015625000e+02
7.050773315429687500e+02
8.600536499023437500e+02
8.318302001953125000e+02
9.284272460937500000e+02
7.825458984375000000e+02
6.806163330078125000e+02
7.936317138671875000e+02
7.823245849609375000e+02
5.619259033203125000e+02
7.468450927734375000e+02
9.090229492187500000e+02
5.768259887695312500e+02
6.941571655273437500e+02
6.213894042968750000e+02
8.708798217773437500e+02
1.019904907226562500e+03
1.068549926757812500e+03
9.556744995117187500e+02
7.685466918945312500e+02
7.748878784179687500e+02
7.652711791992187500e+02
8.926891479492187500e+02
8.789571533203125000e+02
5.526547851562500000e+02
7.385186157226562500e+02
7.295059814453125000e+02
6.872414550781250000e+02
7.092822265625000000e+02
9.767689208984375000e+02
9.220902099609375000e+02
7.880864868164062500e+02
7.983734130859375000e+02
6.643675537109375000e+02
7.144996337890625000e+02
7.288436279296875000e+02
7.911140136718750000e+02
6.529098510742187500e+02
7.749766235351562500e+02
7.621077270507812500e+02
8.404496459960937500e+02
8.055685424804687500e+02
8.570697631835937500e+02
7.294297485351562500e+02
9.057620849609375000e+02
8.610294189453125000e+02
6.139817504882812500e+02
8.134419555664062500e+02
7.460410766601562500e+02
7.891333618164062500e+02
6.222718505859375000e+02
8.357769775390625000e+02
8.479434814453125000e+02
8.866680297851562500e+02
8.698267822265625000e+02
7.196369018554687500e+02
8.280983886718750000e+02
5.348104248046875000e+02
8.581099243164062500e+02
6.090043945312500000e+02
5.892620849609375000e+02
9.127401123046875000e+02
8.414636230468750000e+02
6.768575439453125000e+02
7.363264770507812500e+02
8.209229736328125000e+02
7.708646240234375000e+02
6.776906738281250000e+02
8.979925537109375000e+02
7.486651611328125000e+02
6.348800659179687500e+02
9.181473999023437500e+02
8.308245239257812500e+02
6.921323242187500000e+02
7.450900268554687500e+02
8.695612182617187500e+02
7.207396850585937500e+02
7.847752075195312500e+02
8.296529541015625000e+02
8.351650390625000000e+02
6.583577270507812500e+02
6.696501464843750000e+02
6.984659423828125000e+02
7.410174560546875000e+02
7.475288696289062500e+02
7.401735229492187500e+02
7.696843261718750000e+02
5.462262573242187500e+02
8.689589233398437500e+02
6.826937255859375000e+02
5.659453125000000000e+02
8.228033447265625000e+02
6.093217163085937500e+02
7.787287597656250000e+02
7.203956298828125000e+02
5.884671020507812500e+02
8.354775390625000000e+02
6.721259765625000000e+02
7.045509033203125000e+02
6.434594726562500000e+02
6.151226806640625000e+02
7.772713012695312500e+02
8.100394287109375000e+02
9.567647094726562500e+02
8.550056152343750000e+02
8.226267089843750000e+02
6.117589111328125000e+02
6.649766845703125000e+02
6.852802734375000000e+02
5.862233276367187500e+02
8.148696899414062500e+02
7.553510742187500000e+02
7.436477050781250000e+02
8.983426513671875000e+02
7.055665893554687500e+02
8.768375854492187500e+02
6.853770141601562500e+02
8.193041381835937500e+02
8.408268432617187500e+02
7.530233764648437500e+02
5.383237304687500000e+02
7.987185668945312500e+02
6.622109985351562500e+02
8.762960205078125000e+02
6.561121826171875000e+02
7.753354492187500000e+02
7.278145751953125000e+02
8.469473266601562500e+02
8.826347656250000000e+02
7.871702880859375000e+02
7.064298706054687500e+02
9.437728881835937500e+02
8.423327636718750000e+02
6.829312133789062500e+02
8.091026000976562500e+02
6.792214965820312500e+02
6.977991943359375000e+02
7.089705810546875000e+02
6.569744873046875000e+02
6.982233886718750000e+02
6.020086669921875000e+02
7.260604248046875000e+02
6.939130249023437500e+02
7.415028076171875000e+02
7.142324218750000000e+02
5.854505615234375000e+02
8.606973266601562500e+02
8.471735839843750000e+02
9.390365600585937500e+02
5.622248535156250000e+02
7.899309692382812500e+02
8.136810913085937500e+02
9.231536254882812500e+02
6.346417236328125000e+02
8.529936523437500000e+02
7.910439453125000000e+02
8.176481933593750000e+02
7.000464477539062500e+02
8.400263061523437500e+02
7.991314086914062500e+02
6.521414184570312500e+02
7.144849243164062500e+02
7.870343627929687500e+02
7.143893432617187500e+02
6.410430297851562500e+02
8.891269531250000000e+02
7.676163330078125000e+02
7.191875610351562500e+02
7.713731079101562500e+02
6.376342163085937500e+02
6.599399414062500000e+02
7.258342285156250000e+02
7.069534912109375000e+02
6.802202148437500000e+02
8.236157226562500000e+02
8.540001220703125000e+02
7.715864868164062500e+02
5.375483398437500000e+02
8.421121215820312500e+02
8.072590942382812500e+02
7.005738525390625000e+02
7.923657836914062500e+02
7.680556030273437500e+02
7.503290405273437500e+02
6.477338867187500000e+02
6.727987060546875000e+02
9.489732666015625000e+02
7.458806152343750000e+02
7.230938720703125000e+02
9.067958984375000000e+02
6.844938964843750000e+02
7.824800415039062500e+02
7.585296020507812500e+02
7.866856689453125000e+02
8.402496948242187500e+02
7.213409423828125000e+02
9.097520751953125000e+02
6.057203979492187500e+02
7.692056274414062500e+02
9.194744262695312500e+02
4.300926208496093750e+02
6.603983154296875000e+02
7.258461303710937500e+02
8.297255249023437500e+02
7.562803955078125000e+02
7.734080810546875000e+02
8.420573730468750000e+02
1.011690795898437500e+03
8.719271240234375000e+02
4.135509033203125000e+02
9.503992309570312500e+02
7.466181030273437500e+02
7.297958374023437500e+02
5.476325073242187500e+02
8.508984985351562500e+02
7.811829223632812500e+02
7.492073364257812500e+02
7.439171142578125000e+02
6.932597045898437500e+02
8.188224487304687500e+02
8.480515747070312500e+02
8.218372802734375000e+02
7.886686401367187500e+02
8.778452758789062500e+02
9.037773437500000000e+02
6.680477905273437500e+02
6.745756835937500000e+02
7.850205078125000000e+02
8.525314331054687500e+02
5.528637084960937500e+02
9.049512329101562500e+02
7.830038452148437500e+02
8.100860595703125000e+02
8.749814453125000000e+02
8.992919311523437500e+02
6.600568237304687500e+02
6.870895996093750000e+02
7.001279296875000000e+02
7.275299682617187500e+02
8.548894042968750000e+02
7.568782958984375000e+02
8.347376708984375000e+02
8.262337646484375000e+02
8.881314697265625000e+02
7.635959472656250000e+02
6.828582763671875000e+02
6.642058715820312500e+02
7.787173461914062500e+02
8.187952270507812500e+02
7.785172119140625000e+02
7.200574951171875000e+02
8.074354248046875000e+02
9.430027465820312500e+02
5.572138061523437500e+02
7.045032958984375000e+02
7.930770874023437500e+02
8.278645019531250000e+02
5.331593017578125000e+02
8.496329956054687500e+02
7.636073608398437500e+02
9.000400390625000000e+02
6.010073242187500000e+02
6.578207397460937500e+02
5.658850097656250000e+02
8.248637695312500000e+02
6.693297729492187500e+02
7.959199829101562500e+02
6.081023559570312500e+02
8.285868530273437500e+02
8.230426025390625000e+02
6.764118652343750000e+02
4.443278503417968750e+02
7.206756591796875000e+02
8.458303222656250000e+02
7.032564086914062500e+02
8.580266723632812500e+02
8.693684082031250000e+02
8.135344848632812500e+02
8.625765991210937500e+02
7.731655883789062500e+02
8.590391235351562500e+02
6.704955444335937500e+02
6.044474487304687500e+02
7.164544067382812500e+02
7.876840209960937500e+02
7.460445556640625000e+02
8.517935180664062500e+02
6.923576049804687500e+02
6.145019531250000000e+02
5.980586547851562500e+02
6.177767944335937500e+02
8.115432739257812500e+02
7.896813354492187500e+02
6.115095214843750000e+02
7.856118774414062500e+02
8.811230468750000000e+02
8.361292724609375000e+02
6.639837646484375000e+02
8.994961547851562500e+02
7.709603881835937500e+02
7.368447265625000000e+02
8.259604492187500000e+02
9.832015380859375000e+02
8.310811767578125000e+02
6.346323852539062500e+02
8.231489868164062500e+02
9.693829345703125000e+02
8.675929565429687500e+02
7.873230590820312500e+02
7.830942382812500000e+02
6.622360839843750000e+02
9.372430419921875000e+02
1.004109252929687500e+03
6.804136962890625000e+02
8.387960205078125000e+02
6.524647216796875000e+02
1.036107788085937500e+03
7.419334106445312500e+02
7.448363647460937500e+02
8.642797851562500000e+02
7.466759033203125000e+02
6.072917480468750000e+02
7.465078125000000000e+02
7.492938842773437500e+02
6.479405517578125000e+02
9.905986328125000000e+02
9.357196655273437500e+02
7.109891357421875000e+02
8.672290649414062500e+02
7.154553833007812500e+02
9.452807006835937500e+02
8.207296752929687500e+02
9.366453857421875000e+02
8.230327758789062500e+02
6.198361206054687500e+02
7.229464111328125000e+02
6.905472412109375000e+02
7.861591186523437500e+02
8.320012207031250000e+02
7.482931518554687500e+02
7.832666015625000000e+02
6.313136596679687500e+02
6.104362792968750000e+02
8.636163940429687500e+02
6.806022338867187500e+02
7.144953002929687500e+02
7.158163452148437500e+02
7.525180664062500000e+02
5.168115234375000000e+02
6.832554931640625000e+02
8.566923828125000000e+02
5.765579223632812500e+02
5.985355224609375000e+02
8.651437377929687500e+02
7.114954833984375000e+02
7.924939575195312500e+02
7.790574951171875000e+02
5.555051879882812500e+02
9.378255004882812500e+02
7.816597900390625000e+02
7.389360351562500000e+02
6.735515747070312500e+02
6.918369750976562500e+02
8.755036621093750000e+02
7.501364746093750000e+02
8.046361083984375000e+02
7.483500366210937500e+02
7.680304565429687500e+02
7.556622924804687500e+02
7.834304809570312500e+02
6.517050170898437500e+02
7.778375854492187500e+02
8.956461791992187500e+02
6.528753051757812500e+02
7.151271972656250000e+02
9.025855712890625000e+02
6.833247680664062500e+02
6.468267822265625000e+02
6.970946655273437500e+02
7.860395507812500000e+02
6.897954711914062500e+02
8.456517944335937500e+02
6.583025512695312500e+02
7.914587402343750000e+02
7.432335815429687500e+02
6.630180053710937500e+02
7.981703491210937500e+02
7.521312866210937500e+02
9.592506103515625000e+02
6.756157836914062500e+02
8.740932006835937500e+02
7.430878906250000000e+02
1.011316711425781250e+03
7.568239135742187500e+02
5.745176391601562500e+02
7.295592041015625000e+02
7.272139282226562500e+02
6.486211547851562500e+02
8.236552124023437500e+02
7.494558105468750000e+02
8.555802612304687500e+02
8.579676513671875000e+02
1.017409606933593750e+03
7.903385620117187500e+02
5.250288085937500000e+02
9.443583984375000000e+02
7.028601074218750000e+02
6.821638183593750000e+02
7.284508056640625000e+02
7.363851928710937500e+02
8.873620605468750000e+02
6.480496215820312500e+02
6.244538574218750000e+02
8.225804443359375000e+02
6.347062377929687500e+02
6.967418823242187500e+02
1.020460876464843750e+03
9.453306884765625000e+02
7.509848022460937500e+02
6.186880493164062500e+02
8.451586914062500000e+02
7.876897583007812500e+02
6.822739868164062500e+02
7.263181762695312500e+02
6.523387451171875000e+02
8.888690185546875000e+02
7.530809936523437500e+02
7.762911376953125000e+02
9.446978149414062500e+02
6.710744628906250000e+02
8.228022460937500000e+02
7.873230590820312500e+02
8.510601196289062500e+02
7.353827514648437500e+02
8.733510742187500000e+02
7.064032592773437500e+02
7.557894897460937500e+02
7.766918334960937500e+02
8.242186279296875000e+02
7.092815551757812500e+02
9.699119873046875000e+02
7.276199340820312500e+02
7.753031005859375000e+02
9.960507202148437500e+02
8.596408081054687500e+02
7.097921142578125000e+02
7.183543090820312500e+02
8.556473999023437500e+02
8.301134643554687500e+02
5.584721069335937500e+02
8.263587036132812500e+02
6.885955810546875000e+02
8.676269531250000000e+02
7.143024291992187500e+02
6.709229125976562500e+02
8.787091064453125000e+02
6.288929443359375000e+02
7.295911254882812500e+02
9.034774169921875000e+02
8.750443115234375000e+02
9.491002197265625000e+02
6.969472045898437500e+02
8.496102294921875000e+02
7.918068847656250000e+02
7.559717407226562500e+02
8.689807739257812500e+02
4.236167907714843750e+02
5.684479980468750000e+02
7.710163574218750000e+02
7.173611450195312500e+02
8.201627807617187500e+02
6.790422363281250000e+02
7.945202026367187500e+02
7.622774047851562500e+02
8.008367309570312500e+02
7.015292968750000000e+02
7.602455444335937500e+02
9.469373168945312500e+02
6.544528808593750000e+02
8.902542724609375000e+02
5.722379760742187500e+02
8.219357910156250000e+02
6.835013427734375000e+02
7.122346801757812500e+02
6.331135253906250000e+02
7.206000366210937500e+02
8.090956420898437500e+02
8.584081420898437500e+02
6.520021362304687500e+02
7.196296386718750000e+02
5.340368041992187500e+02
7.551702880859375000e+02
6.248662109375000000e+02
8.219368286132812500e+02
6.715985107421875000e+02
7.658572998046875000e+02
8.072255249023437500e+02
8.983352050781250000e+02
7.453842773437500000e+02
6.243884887695312500e+02
9.336134033203125000e+02
8.267301635742187500e+02
9.050881958007812500e+02
7.586335449218750000e+02
5.929918212890625000e+02
7.046945800781250000e+02
8.764979248046875000e+02
9.030094604492187500e+02
8.954832763671875000e+02
6.037486572265625000e+02
7.549900512695312500e+02
5.404934082031250000e+02
7.696868286132812500e+02
7.174162597656250000e+02
7.106980590820312500e+02
7.882139282226562500e+02
8.899040527343750000e+02
7.412640991210937500e+02
7.594833984375000000e+02
8.872774658203125000e+02
6.954189453125000000e+02
7.907277221679687500e+02
6.141353149414062500e+02
7.850177001953125000e+02
7.716892700195312500e+02
7.234995727539062500e+02
7.733971557617187500e+02
7.738962402343750000e+02
8.466802368164062500e+02
6.449697265625000000e+02
6.571076049804687500e+02
7.042619018554687500e+02
3.746885681152343750e+02
7.135926513671875000e+02
6.682114868164062500e+02
6.326932983398437500e+02
5.981001586914062500e+02
7.267829589843750000e+02
8.023146972656250000e+02
9.604711914062500000e+02
7.932985229492187500e+02
7.315966796875000000e+02
6.649496459960937500e+02
7.212583618164062500e+02
5.724938354492187500e+02
6.712531127929687500e+02
8.300732421875000000e+02
6.495480957031250000e+02
5.857628173828125000e+02
8.433745727539062500e+02
7.981598510742187500e+02
7.981908569335937500e+02
7.328173217773437500e+02
7.695585327148437500e+02
7.769910888671875000e+02
8.144462280273437500e+02
6.202139282226562500e+02
6.787847290039062500e+02
7.190793457031250000e+02
9.073388671875000000e+02
9.432271118164062500e+02
9.194633789062500000e+02
7.077619018554687500e+02
7.122135009765625000e+02
8.470230102539062500e+02
8.663016967773437500e+02
6.807795410156250000e+02
8.040426635742187500e+02
8.115537109375000000e+02
7.683732910156250000e+02
7.089724731445312500e+02
7.628522338867187500e+02
9.290522460937500000e+02
8.947407226562500000e+02
9.343466796875000000e+02
6.511392822265625000e+02
7.951470947265625000e+02
5.657606201171875000e+02
7.703745727539062500e+02
7.252327880859375000e+02
8.696333007812500000e+02
7.536413574218750000e+02
7.294589233398437500e+02
7.131585693359375000e+02
7.490805053710937500e+02
9.235302734375000000e+02
8.371358032226562500e+02
7.593781127929687500e+02
7.722734985351562500e+02
7.532934570312500000e+02
7.550205078125000000e+02
6.155911254882812500e+02
8.752985229492187500e+02
5.882473144531250000e+02
7.873554077148437500e+02
8.639721679687500000e+02
7.085704345703125000e+02
7.856604003906250000e+02
9.452716064453125000e+02
6.735790405273437500e+02
6.694522094726562500e+02
8.599360961914062500e+02
8.896798095703125000e+02
6.489771728515625000e+02
9.745863037109375000e+02
7.559606933593750000e+02
9.170180053710937500e+02
8.755603637695312500e+02
7.705209960937500000e+02
6.746484375000000000e+02
7.347952270507812500e+02
9.071658935546875000e+02
6.190086669921875000e+02
7.578309326171875000e+02
9.188966064453125000e+02
6.167574462890625000e+02
7.512381591796875000e+02
8.648889160156250000e+02
7.724030151367187500e+02
6.608311767578125000e+02
6.444039916992187500e+02
7.806894531250000000e+02
8.699197998046875000e+02
8.021990356445312500e+02
6.560325317382812500e+02
6.334713134765625000e+02
8.438894653320312500e+02
7.273070678710937500e+02
7.295427246093750000e+02
5.709345703125000000e+02
9.056256713867187500e+02
9.049176025390625000e+02
9.355060424804687500e+02
7.150825805664062500e+02
7.918804931640625000e+02
7.368378906250000000e+02
7.478289184570312500e+02
8.390941772460937500e+02
8.060413818359375000e+02
8.747254028320312500e+02
7.828012084960937500e+02
9.623956909179687500e+02
9.399087524414062500e+02
8.251058959960937500e+02
8.744867553710937500e+02
6.547181396484375000e+02
7.712729492187500000e+02
9.699775390625000000e+02
8.573995971679687500e+02
5.779544067382812500e+02
9.480372924804687500e+02
8.125523071289062500e+02
6.547207641601562500e+02
6.608555297851562500e+02
7.670426025390625000e+02
6.648873291015625000e+02
8.727768554687500000e+02
7.507500610351562500e+02
7.149020385742187500e+02
8.661779785156250000e+02
9.062516479492187500e+02
7.099464721679687500e+02
7.824042968750000000e+02
7.225486450195312500e+02
7.633501586914062500e+02
6.757604980468750000e+02
7.896092529296875000e+02
8.186970825195312500e+02
5.409289550781250000e+02
9.524549560546875000e+02
9.405031738281250000e+02
5.306579589843750000e+02
6.072272949218750000e+02
8.515876464843750000e+02
6.858756713867187500e+02
7.787149047851562500e+02
8.185731201171875000e+02
9.773485107421875000e+02
9.413164062500000000e+02
7.651093139648437500e+02
8.611448364257812500e+02
8.121401977539062500e+02
7.521727294921875000e+02
9.011130371093750000e+02
1.005500671386718750e+03
7.150513916015625000e+02
7.453191528320312500e+02
8.280490722656250000e+02
6.819239501953125000e+02
9.027666015625000000e+02
7.926017456054687500e+02
8.089880371093750000e+02
7.746883544921875000e+02
7.504190673828125000e+02
6.813507080078125000e+02
7.744082641601562500e+02
7.861909179687500000e+02
6.580136108398437500e+02
7.589265747070312500e+02
8.747406616210937500e+02
1.085825683593750000e+03
7.994257202148437500e+02
7.206111450195312500e+02
8.126147460937500000e+02
6.413856201171875000e+02
8.263786010742187500e+02
7.995612182617187500e+02
8.016924438476562500e+02
7.953305053710937500e+02
8.369608764648437500e+02
5.746828613281250000e+02
7.150277099609375000e+02
7.454237670898437500e+02
8.486664428710937500e+02
9.978722534179687500e+02
9.732323608398437500e+02
7.520765991210937500e+02
7.460532226562500000e+02
7.914145507812500000e+02
7.643706054687500000e+02
8.581875000000000000e+02
6.529628906250000000e+02
7.035567626953125000e+02
6.271564331054687500e+02
5.676787719726562500e+02
8.029859008789062500e+02
5.653518676757812500e+02
6.127146606445312500e+02
7.693167724609375000e+02
6.870117797851562500e+02
7.570194702148437500e+02
7.837244873046875000e+02
7.245820922851562500e+02
7.303596191406250000e+02
8.164309692382812500e+02
6.258931884765625000e+02
8.428039550781250000e+02
8.187182006835937500e+02
8.746699218750000000e+02
8.293759155273437500e+02
8.118838500976562500e+02
7.768419799804687500e+02
1.010867248535156250e+03
6.993308105468750000e+02
6.586707153320312500e+02
6.417969970703125000e+02
8.821142578125000000e+02
7.543437500000000000e+02
6.720346679687500000e+02
7.069754638671875000e+02
7.718443603515625000e+02
9.196230468750000000e+02
6.466628417968750000e+02
7.718396606445312500e+02
6.018046875000000000e+02
7.905559082031250000e+02
8.010789794921875000e+02
7.287504272460937500e+02
8.306763916015625000e+02
6.951848144531250000e+02
5.252859497070312500e+02
7.601085205078125000e+02
8.816843872070312500e+02
7.474135131835937500e+02
8.579255981445312500e+02
9.023106079101562500e+02
6.153916015625000000e+02
6.934140625000000000e+02
6.897355957031250000e+02
8.597446899414062500e+02
6.776375732421875000e+02
1.028958374023437500e+03
8.751874389648437500e+02
9.119822387695312500e+02
8.651892700195312500e+02
9.559319458007812500e+02
1.037728271484375000e+03
9.216101684570312500e+02
6.878569946289062500e+02
7.958841552734375000e+02
7.492321777343750000e+02
1.000762084960937500e+03
7.133973999023437500e+02
6.409353027343750000e+02
6.658983154296875000e+02
1.036791870117187500e+03
7.661017456054687500e+02
6.539876098632812500e+02
6.324016113281250000e+02
8.855977783203125000e+02
7.007251586914062500e+02
5.202419433593750000e+02
6.721048583984375000e+02
6.628355102539062500e+02
8.257056274414062500e+02
8.141895141601562500e+02
7.925187377929687500e+02
6.812382812500000000e+02
7.778021240234375000e+02
8.201180419921875000e+02
6.723278808593750000e+02
7.268523559570312500e+02
8.075792236328125000e+02
7.038657836914062500e+02
8.366434936523437500e+02
7.005140380859375000e+02
5.977449340820312500e+02
6.748417968750000000e+02
8.275037231445312500e+02
5.091574401855468750e+02
6.767970581054687500e+02
8.289107666015625000e+02
7.108567504882812500e+02
8.990999755859375000e+02
6.733866577148437500e+02
7.307743530273437500e+02
6.826362304687500000e+02
6.690652465820312500e+02
8.198086547851562500e+02
9.291323852539062500e+02
7.887342529296875000e+02
1.009586364746093750e+03
1.022542846679687500e+03
9.265828247070312500e+02
7.781207275390625000e+02
9.873511962890625000e+02
7.594205322265625000e+02
8.764647216796875000e+02
8.573486938476562500e+02
8.092053222656250000e+02
8.097691650390625000e+02
9.596701660156250000e+02
8.386580810546875000e+02
8.568421630859375000e+02
5.659409179687500000e+02
8.135106811523437500e+02
8.587166137695312500e+02
9.035045166015625000e+02
8.314313354492187500e+02
8.369212036132812500e+02
7.078806762695312500e+02
8.831016845703125000e+02
8.062402343750000000e+02
9.266383666992187500e+02
6.863300170898437500e+02
6.062909545898437500e+02
8.532432861328125000e+02
6.424973144531250000e+02
9.483312377929687500e+02
8.888792724609375000e+02
9.244826660156250000e+02
8.444862670898437500e+02
7.579583740234375000e+02
8.514248046875000000e+02
8.253236083984375000e+02
7.973259887695312500e+02
5.797819824218750000e+02
7.031492309570312500e+02
7.800783081054687500e+02
6.952663574218750000e+02
9.424298095703125000e+02
9.480151367187500000e+02
8.253522949218750000e+02
5.581788940429687500e+02
6.722741699218750000e+02
8.483446044921875000e+02
5.810642089843750000e+02
8.606721801757812500e+02
6.870584716796875000e+02
7.099483642578125000e+02
6.815622558593750000e+02
9.307393188476562500e+02
6.356885986328125000e+02
6.680762939453125000e+02
8.065316772460937500e+02
8.406023559570312500e+02
7.661528320312500000e+02
6.567589721679687500e+02
6.879777832031250000e+02
8.486986083984375000e+02
6.520523681640625000e+02
9.182805175781250000e+02
8.816370849609375000e+02
8.985354614257812500e+02
9.136535034179687500e+02
6.971961059570312500e+02
6.328026733398437500e+02
7.053504638671875000e+02
8.110660400390625000e+02
7.545623779296875000e+02
8.670150146484375000e+02
9.872852172851562500e+02
8.037832641601562500e+02
7.000281982421875000e+02
7.872348632812500000e+02
8.164708862304687500e+02
7.416638183593750000e+02
8.270863647460937500e+02
8.641306762695312500e+02
8.405510253906250000e+02
7.352163085937500000e+02
6.992930908203125000e+02
8.078508300781250000e+02
9.849118652343750000e+02
8.439490356445312500e+02
6.806311645507812500e+02
6.542796630859375000e+02
8.556973876953125000e+02
8.053034057617187500e+02
8.362738647460937500e+02
7.547412719726562500e+02
9.883543701171875000e+02
7.115783081054687500e+02
1.024877563476562500e+03
8.314019165039062500e+02
8.770211791992187500e+02
7.589315795898437500e+02
7.831447143554687500e+02
8.289388427734375000e+02
7.918122558593750000e+02
7.064461059570312500e+02
7.312166137695312500e+02
7.064308471679687500e+02
8.145859375000000000e+02
6.731300048828125000e+02
7.483690795898437500e+02
5.771079101562500000e+02
7.334573364257812500e+02
7.995940551757812500e+02
7.948177490234375000e+02
8.567385864257812500e+02
8.018483886718750000e+02
8.158357543945312500e+02
6.420661010742187500e+02
7.558265380859375000e+02
7.851235351562500000e+02
6.488790283203125000e+02
8.175055541992187500e+02
8.680703125000000000e+02
8.351077880859375000e+02
7.800213012695312500e+02
7.350260009765625000e+02
6.930508422851562500e+02
8.383017578125000000e+02
8.574158325195312500e+02
7.831540527343750000e+02
7.276434326171875000e+02
7.258386230468750000e+02
7.535076293945312500e+02
6.653995971679687500e+02
8.662142944335937500e+02
1.009917358398437500e+03
7.505553588867187500e+02
7.538787841796875000e+02
8.801239013671875000e+02
8.502324218750000000e+02
7.983640747070312500e+02
6.551210937500000000e+02
8.582014770507812500e+02
6.878178710937500000e+02
7.407734375000000000e+02
5.847366333007812500e+02
7.489688110351562500e+02
5.660968017578125000e+02
8.038092651367187500e+02
7.414218750000000000e+02
8.983475341796875000e+02
5.938153076171875000e+02
7.698037719726562500e+02
7.877443237304687500e+02
7.067540893554687500e+02
7.499816894531250000e+02
7.454779663085937500e+02
8.732236328125000000e+02
6.932393798828125000e+02
8.498200683593750000e+02
9.836863403320312500e+02
6.338106689453125000e+02
6.632193603515625000e+02
7.977976074218750000e+02
1.027059082031250000e+03
7.785513916015625000e+02
7.777747802734375000e+02
5.936731567382812500e+02
6.219912109375000000e+02
9.078256835937500000e+02
7.908934936523437500e+02
4.695578918457031250e+02
7.566381835937500000e+02
8.134618530273437500e+02
7.326522216796875000e+02
7.680156250000000000e+02
5.948174438476562500e+02
7.744710083007812500e+02
7.451947631835937500e+02
6.279631958007812500e+02
5.125900878906250000e+02
6.766268310546875000e+02
7.310557861328125000e+02
9.632216796875000000e+02
9.219592285156250000e+02
6.383286132812500000e+02
6.888572387695312500e+02
6.113234252929687500e+02
8.434085693359375000e+02
5.120706787109375000e+02
7.306893310546875000e+02
7.910756225585937500e+02
9.306873168945312500e+02
6.534999389648437500e+02
8.286788940429687500e+02
7.469315795898437500e+02
8.765690307617187500e+02
5.729204101562500000e+02
8.265370483398437500e+02
7.789747314453125000e+02
7.877069702148437500e+02
8.286846313476562500e+02
8.234807739257812500e+02
5.783043823242187500e+02
6.999163208007812500e+02
8.947544555664062500e+02
7.289284667968750000e+02
7.982218017578125000e+02
6.631954956054687500e+02
8.067166748046875000e+02
8.739111938476562500e+02
6.252703247070312500e+02
7.043880615234375000e+02
7.758093872070312500e+02
7.174226074218750000e+02
7.828443603515625000e+02
7.195848388671875000e+02
6.681091918945312500e+02
9.095109863281250000e+02
7.218911743164062500e+02
8.185650634765625000e+02
6.654143066406250000e+02
6.517434082031250000e+02
6.662054443359375000e+02
9.116286621093750000e+02
8.187180786132812500e+02
8.411480712890625000e+02
7.735072021484375000e+02
7.270276489257812500e+02
7.436958618164062500e+02
5.473572998046875000e+02
6.282395629882812500e+02
7.907285156250000000e+02
8.074454956054687500e+02
7.424331054687500000e+02
7.183699951171875000e+02
8.144548950195312500e+02
7.281416625976562500e+02
7.269325561523437500e+02
9.297301635742187500e+02
5.775364990234375000e+02
6.375558471679687500e+02
7.620772705078125000e+02
5.318439941406250000e+02
8.338101806640625000e+02
6.398950805664062500e+02
9.067615356445312500e+02
6.697521362304687500e+02
7.368246459960937500e+02
7.333894042968750000e+02
6.773521728515625000e+02
1.008488952636718750e+03
8.154093627929687500e+02
8.183877563476562500e+02
7.257138061523437500e+02
6.963823852539062500e+02
5.802895507812500000e+02
6.786684570312500000e+02
8.110296020507812500e+02
8.393404541015625000e+02
6.504995727539062500e+02
6.777819824218750000e+02
5.862986450195312500e+02
5.272615966796875000e+02
9.072353515625000000e+02
7.292100830078125000e+02
8.863363647460937500e+02
7.112078857421875000e+02
6.491769409179687500e+02
8.502406005859375000e+02
7.000714111328125000e+02
9.181431274414062500e+02
4.963331909179687500e+02
6.690135498046875000e+02
7.494945068359375000e+02
7.075034790039062500e+02
4.613675231933593750e+02
6.728001708984375000e+02
8.984916381835937500e+02
7.720747070312500000e+02
7.685834960937500000e+02
7.467531127929687500e+02
7.339620361328125000e+02
5.454876708984375000e+02
8.495920410156250000e+02
8.287804565429687500e+02
7.750101928710937500e+02
8.115992431640625000e+02
8.795548706054687500e+02
7.392704467773437500e+02
6.913662719726562500e+02
7.457542114257812500e+02
9.948062133789062500e+02
6.489067382812500000e+02
7.957691650390625000e+02
6.589569091796875000e+02
7.342747802734375000e+02
7.316626586914062500e+02
8.601334838867187500e+02
9.003860473632812500e+02
7.707467041015625000e+02
5.818671264648437500e+02
8.349551391601562500e+02
8.112033691406250000e+02
3.915510864257812500e+02
8.346228637695312500e+02
8.710085449218750000e+02
6.152957153320312500e+02
6.081267089843750000e+02
6.955278320312500000e+02
6.533141479492187500e+02
7.179476928710937500e+02
8.221627807617187500e+02
7.716003417968750000e+02
8.704883422851562500e+02
7.935064086914062500e+02
7.904524536132812500e+02
5.629807128906250000e+02
8.430864868164062500e+02
9.007387695312500000e+02
5.936199340820312500e+02
7.765916748046875000e+02
7.859053955078125000e+02
5.602037353515625000e+02
6.842232666015625000e+02
6.021389160156250000e+02
5.929553222656250000e+02
9.247550048828125000e+02
9.012525634765625000e+02
6.910284423828125000e+02
7.533652343750000000e+02
7.748656005859375000e+02
7.070578002929687500e+02
6.971314086914062500e+02
8.240785522460937500e+02
6.576705932617187500e+02
8.011011352539062500e+02
7.246357421875000000e+02
7.297548217773437500e+02
8.686510620117187500e+02
7.259533691406250000e+02
6.866024780273437500e+02
9.672017211914062500e+02
8.310707397460937500e+02
7.588291015625000000e+02
6.420176391601562500e+02
9.046416015625000000e+02
6.605702514648437500e+02
6.976771850585937500e+02
6.963925781250000000e+02
7.994982299804687500e+02
6.490337524414062500e+02
6.318339843750000000e+02
7.817451171875000000e+02
9.513358154296875000e+02
8.599740600585937500e+02
7.664520263671875000e+02
6.978536376953125000e+02
7.943109130859375000e+02
7.699345092773437500e+02
8.206099243164062500e+02
8.498269653320312500e+02
8.570427856445312500e+02
9.445836181640625000e+02
8.672932739257812500e+02
8.467572631835937500e+02
5.716287841796875000e+02
6.543009643554687500e+02
8.827027587890625000e+02
6.884708862304687500e+02
7.099674682617187500e+02
5.876005859375000000e+02
6.599615478515625000e+02
8.386791992187500000e+02
5.995375976562500000e+02
9.231371459960937500e+02
7.831898193359375000e+02
5.588327026367187500e+02
8.639231567382812500e+02
7.856757202148437500e+02
7.682710571289062500e+02
7.284667968750000000e+02
8.126063232421875000e+02
8.862698974609375000e+02
8.073981933593750000e+02
9.610667114257812500e+02
9.525624389648437500e+02
6.916835327148437500e+02
7.426333618164062500e+02
8.359932861328125000e+02
7.698010253906250000e+02
7.706349487304687500e+02
8.203876953125000000e+02
7.557738037109375000e+02
7.697370605468750000e+02
6.786369018554687500e+02
6.680783691406250000e+02
6.261046752929687500e+02
6.201432495117187500e+02
7.546755371093750000e+02
5.478370361328125000e+02
8.478732910156250000e+02
6.441563110351562500e+02
8.610063476562500000e+02
6.699219970703125000e+02
7.303704833984375000e+02
7.118826293945312500e+02
7.346949462890625000e+02
6.730670166015625000e+02
6.321491088867187500e+02
9.051491699218750000e+02
7.134216918945312500e+02
8.065138549804687500e+02
8.155816040039062500e+02
5.142366333007812500e+02
6.924027709960937500e+02
7.645376586914062500e+02
7.183127441406250000e+02
8.928654174804687500e+02
6.916442871093750000e+02
7.465649414062500000e+02
6.596890258789062500e+02
6.617158813476562500e+02
9.158066406250000000e+02
6.846470336914062500e+02
5.743396606445312500e+02
8.437234497070312500e+02
8.314749145507812500e+02
6.823155517578125000e+02
8.044436035156250000e+02
7.801248168945312500e+02
8.785916137695312500e+02
8.358483276367187500e+02
7.224456787109375000e+02
4.896242370605468750e+02
7.704494018554687500e+02
8.172686157226562500e+02
6.747647705078125000e+02
8.456520996093750000e+02
5.863260498046875000e+02
7.901386718750000000e+02
9.269902343750000000e+02
8.344210205078125000e+02
8.093751831054687500e+02
9.258381958007812500e+02
7.663532714843750000e+02
7.006781616210937500e+02
6.264650878906250000e+02
8.158761596679687500e+02
8.105563964843750000e+02
6.812706909179687500e+02
6.017048950195312500e+02
7.038593750000000000e+02
6.752957153320312500e+02
9.254003295898437500e+02
7.248728637695312500e+02
7.186923217773437500e+02
7.628088989257812500e+02
7.081887817382812500e+02
7.195277099609375000e+02
6.824765625000000000e+02
6.282205810546875000e+02
9.964485473632812500e+02
7.387448120117187500e+02
9.258557128906250000e+02
7.336190795898437500e+02
7.515742797851562500e+02
7.938385620117187500e+02
7.626381225585937500e+02
8.480248413085937500e+02
1.022999450683593750e+03
8.308912963867187500e+02
6.746760864257812500e+02
7.715260009765625000e+02
1.039618408203125000e+03
6.462332153320312500e+02
8.154788208007812500e+02
6.229638671875000000e+02
7.650675048828125000e+02
7.811418457031250000e+02
8.783927612304687500e+02
8.267185668945312500e+02
6.946326904296875000e+02
8.153299560546875000e+02
8.433759765625000000e+02
8.226056518554687500e+02
5.129500732421875000e+02
7.656629638671875000e+02
8.542387084960937500e+02
9.508746337890625000e+02
7.062555541992187500e+02
6.027478637695312500e+02
6.329658813476562500e+02
7.103439941406250000e+02
8.207010498046875000e+02
9.093637084960937500e+02
6.557463989257812500e+02
7.690130615234375000e+02
5.308336181640625000e+02
8.160145263671875000e+02
8.516311645507812500e+02
7.306862792968750000e+02
8.606362304687500000e+02
7.740723266601562500e+02
8.476811523437500000e+02
5.675508422851562500e+02
9.186041870117187500e+02
6.589018554687500000e+02
7.827957763671875000e+02
8.056356811523437500e+02
8.098803100585937500e+02
7.942117919921875000e+02
7.026107788085937500e+02
9.284862060546875000e+02
7.383326416015625000e+02
1.050707153320312500e+03
8.029317626953125000e+02
7.738532714843750000e+02
7.938923950195312500e+02
6.553036499023437500e+02
1.079715576171875000e+03
7.796640014648437500e+02
7.625483398437500000e+02
6.644411010742187500e+02
5.724968261718750000e+02
7.624853515625000000e+02
6.884984741210937500e+02
8.370645141601562500e+02
8.389305419921875000e+02
6.087909545898437500e+02
6.977838134765625000e+02
5.541805419921875000e+02
8.416911621093750000e+02
6.557864379882812500e+02
7.664795532226562500e+02
9.394209594726562500e+02
9.080117187500000000e+02
8.085924682617187500e+02
6.833294677734375000e+02
8.067304687500000000e+02
7.119002075195312500e+02
8.445582275390625000e+02
8.743085327148437500e+02
9.009193115234375000e+02
7.231833496093750000e+02
6.117241210937500000e+02
9.009088745117187500e+02
9.698911743164062500e+02
7.436232299804687500e+02
7.854751586914062500e+02
7.339656372070312500e+02
6.894831542968750000e+02
8.238123168945312500e+02
7.683491821289062500e+02
6.519528198242187500e+02
8.200486450195312500e+02
8.170231933593750000e+02
8.565187988281250000e+02
5.724496459960937500e+02
7.484982299804687500e+02
8.562674560546875000e+02
8.576259155273437500e+02
8.527730712890625000e+02
5.561388549804687500e+02
6.639356079101562500e+02
6.802031860351562500e+02
7.327675781250000000e+02
8.029635009765625000e+02
8.650023193359375000e+02
7.151845092773437500e+02
7.279801635742187500e+02
6.763068237304687500e+02
1.007895141601562500e+03
5.572353515625000000e+02
6.296509399414062500e+02
8.730043945312500000e+02
7.500711669921875000e+02
8.433132324218750000e+02
5.733295288085937500e+02
6.534305419921875000e+02
7.302631835937500000e+02
7.109127197265625000e+02
7.100045166015625000e+02
7.142999267578125000e+02
8.491218872070312500e+02
9.297434692382812500e+02
7.314718627929687500e+02
4.942781372070312500e+02
8.130632934570312500e+02
7.272390747070312500e+02
7.727194824218750000e+02
7.065817260742187500e+02
8.779523315429687500e+02
9.002436523437500000e+02
8.940845947265625000e+02
7.247582397460937500e+02
7.596765136718750000e+02
9.109339599609375000e+02
8.647940673828125000e+02
7.541386108398437500e+02
7.664602661132812500e+02
6.254094848632812500e+02
7.666970825195312500e+02
7.165888061523437500e+02
8.680507202148437500e+02
9.166406250000000000e+02
7.087526245117187500e+02
6.260128784179687500e+02
8.430642089843750000e+02
7.478244018554687500e+02
7.370918579101562500e+02
8.250469360351562500e+02
8.069568481445312500e+02
7.674390258789062500e+02
6.101081542968750000e+02
6.227089843750000000e+02
7.607337036132812500e+02
8.177937011718750000e+02
8.505350952148437500e+02
8.303926391601562500e+02
7.661105346679687500e+02
8.194035034179687500e+02
6.859408569335937500e+02
6.782529296875000000e+02
7.822448730468750000e+02
7.387891845703125000e+02
1.075293457031250000e+03
7.183146362304687500e+02
7.711715698242187500e+02
6.634561767578125000e+02
7.466030273437500000e+02
8.389539794921875000e+02
8.441346435546875000e+02
6.913785400390625000e+02
7.027510986328125000e+02
6.477581787109375000e+02
7.990710449218750000e+02
7.445438842773437500e+02
9.417534179687500000e+02
7.236230468750000000e+02
8.575910034179687500e+02
8.265059204101562500e+02
7.849650878906250000e+02
5.561085205078125000e+02
7.664234008789062500e+02
7.718377685546875000e+02
8.986820678710937500e+02
6.523164062500000000e+02
9.153087768554687500e+02
8.360548095703125000e+02
6.594124145507812500e+02
8.989610595703125000e+02
8.058932495117187500e+02
7.778654174804687500e+02
8.604299316406250000e+02
6.662257690429687500e+02
6.604441528320312500e+02
8.426499633789062500e+02
6.711359252929687500e+02
8.797988891601562500e+02
7.827048950195312500e+02
6.773171386718750000e+02
8.087388916015625000e+02
8.791093750000000000e+02
8.579554443359375000e+02
7.149813842773437500e+02
7.655233154296875000e+02
9.286033935546875000e+02
7.621263427734375000e+02
7.350036010742187500e+02
7.727694702148437500e+02
7.738958740234375000e+02
1.022540039062500000e+03
5.718748779296875000e+02
6.390481567382812500e+02
8.099634399414062500e+02
7.742117919921875000e+02
7.943451538085937500e+02
9.484019165039062500e+02
9.033306884765625000e+02
8.868616943359375000e+02
7.652094116210937500e+02
7.521175537109375000e+02
7.382013549804687500e+02
8.590731811523437500e+02
6.787025756835937500e+02
9.831336669921875000e+02
6.742827758789062500e+02
9.575739746093750000e+02
9.997342529296875000e+02
7.712808227539062500e+02
6.028532714843750000e+02
6.888997192382812500e+02
9.218284301757812500e+02
6.327077636718750000e+02
7.544721679687500000e+02
6.519917602539062500e+02
5.905773315429687500e+02
7.792835083007812500e+02
6.655374145507812500e+02
8.402146606445312500e+02
5.981044311523437500e+02
8.183901367187500000e+02
7.781327514648437500e+02
8.656254882812500000e+02
6.333118286132812500e+02
6.883106689453125000e+02
7.456638793945312500e+02
7.005117187500000000e+02
1.009105590820312500e+03
8.333042602539062500e+02
5.405071411132812500e+02
7.911638793945312500e+02
6.807149047851562500e+02
8.187583618164062500e+02
6.676403808593750000e+02
5.855178833007812500e+02
6.008551025390625000e+02
7.878689575195312500e+02
6.061981811523437500e+02
6.686054077148437500e+02
7.999757690429687500e+02
8.334851684570312500e+02
7.927858886718750000e+02
5.237089233398437500e+02
8.808347167968750000e+02
1.012910217285156250e+03
9.510998535156250000e+02
7.914093627929687500e+02
6.780953979492187500e+02
7.039628295898437500e+02
7.825852661132812500e+02
7.336076660156250000e+02
7.116832885742187500e+02
7.024954223632812500e+02
7.890175170898437500e+02
7.700935668945312500e+02
6.031366577148437500e+02
8.355538330078125000e+02
7.578344726562500000e+02
6.599019165039062500e+02
6.816143798828125000e+02
7.333676757812500000e+02
6.398106689453125000e+02
9.053235473632812500e+02
7.201312866210937500e+02
7.642294311523437500e+02
6.161697387695312500e+02
7.165726928710937500e+02
8.834267578125000000e+02
7.710498657226562500e+02
7.857321777343750000e+02
8.477370605468750000e+02
7.162064208984375000e+02
6.409987792968750000e+02
6.756818847656250000e+02
7.356882324218750000e+02
9.181708984375000000e+02
6.593533935546875000e+02
9.792250366210937500e+02
6.779355468750000000e+02
7.755145874023437500e+02
6.797681884765625000e+02
7.239160766601562500e+02
6.662947387695312500e+02
8.778264160156250000e+02
8.194122314453125000e+02
7.012532348632812500e+02
8.989389648437500000e+02
7.423324584960937500e+02
6.795372924804687500e+02
8.152915649414062500e+02
6.650786743164062500e+02
1.002612792968750000e+03
9.226664428710937500e+02
7.707170410156250000e+02
6.985336303710937500e+02
8.079770507812500000e+02
9.177304077148437500e+02
7.714254150390625000e+02
8.946135864257812500e+02
7.363471679687500000e+02
9.927497558593750000e+02
6.217609252929687500e+02
8.067739868164062500e+02
7.398245849609375000e+02
1.039710205078125000e+03
7.133338012695312500e+02
8.255063476562500000e+02
7.547847290039062500e+02
8.568747558593750000e+02
7.737161254882812500e+02
7.125132446289062500e+02
9.472143554687500000e+02
4.457597045898437500e+02
8.023121337890625000e+02
7.146660766601562500e+02
7.848455200195312500e+02
8.304896240234375000e+02
8.353958740234375000e+02
7.540127563476562500e+02
6.323745117187500000e+02
8.233877563476562500e+02
7.656622314453125000e+02
8.008013305664062500e+02
8.116623535156250000e+02
7.075610961914062500e+02
9.477288208007812500e+02
7.303621215820312500e+02
7.534642944335937500e+02
8.243574218750000000e+02
7.194599609375000000e+02
8.096743774414062500e+02
8.497573242187500000e+02
1.078379272460937500e+03
7.409213256835937500e+02
5.747066040039062500e+02
6.997419433593750000e+02
8.670881347656250000e+02
8.453807373046875000e+02
9.382976684570312500e+02
8.844924926757812500e+02
8.218870239257812500e+02
8.657536010742187500e+02
7.803611450195312500e+02
5.260356445312500000e+02
7.167011718750000000e+02
7.181281127929687500e+02
6.697501831054687500e+02
6.862331542968750000e+02
7.269247436523437500e+02
8.032062377929687500e+02
7.636345214843750000e+02
5.460988769531250000e+02
6.942066650390625000e+02
8.694429931640625000e+02
7.761676025390625000e+02
6.602604370117187500e+02
7.259858398437500000e+02
8.098815307617187500e+02
7.193036499023437500e+02
6.272510375976562500e+02
9.555358276367187500e+02
8.894337158203125000e+02
8.378583374023437500e+02
7.874654541015625000e+02
8.896931152343750000e+02
8.118747558593750000e+02
9.434995727539062500e+02
8.489368896484375000e+02
8.301963500976562500e+02
6.205828857421875000e+02
9.682655029296875000e+02
7.579652099609375000e+02
7.882094726562500000e+02
8.481857299804687500e+02
8.678731689453125000e+02
8.461630859375000000e+02
5.230908203125000000e+02
7.244658813476562500e+02
7.009106445312500000e+02
9.120786132812500000e+02
7.403435058593750000e+02
8.883469238281250000e+02
6.459410400390625000e+02
7.342877197265625000e+02
8.251970825195312500e+02
6.511895751953125000e+02
7.282832641601562500e+02
6.138003540039062500e+02
7.013944091796875000e+02
6.700792846679687500e+02
7.998031616210937500e+02
6.342815551757812500e+02
6.977800903320312500e+02
7.383137817382812500e+02
8.309525756835937500e+02
9.176691894531250000e+02
8.389611206054687500e+02
8.587271728515625000e+02
7.467122192382812500e+02
6.580645751953125000e+02
7.765104370117187500e+02
7.373369140625000000e+02
7.760890502929687500e+02
6.382034301757812500e+02
8.706598510742187500e+02
7.532645874023437500e+02
9.088339233398437500e+02
8.571537475585937500e+02
8.152031860351562500e+02
7.102911376953125000e+02
7.098050537109375000e+02
5.968507690429687500e+02
5.774319458007812500e+02
8.047386474609375000e+02
6.807587280273437500e+02
8.433917846679687500e+02
7.891029052734375000e+02
7.056308593750000000e+02
7.444149169921875000e+02
7.909265747070312500e+02
7.174920043945312500e+02
8.567517700195312500e+02
7.785096435546875000e+02
6.650438842773437500e+02
7.783710937500000000e+02
6.472773437500000000e+02
8.441514892578125000e+02
8.650185546875000000e+02
9.599613647460937500e+02
8.538988647460937500e+02
8.264484863281250000e+02
6.881503295898437500e+02
7.128544921875000000e+02
8.362252807617187500e+02
6.470062255859375000e+02
6.217218017578125000e+02
5.856282958984375000e+02
8.410377807617187500e+02
6.754743652343750000e+02
8.050256958007812500e+02
6.553317871093750000e+02
9.161310424804687500e+02
6.402374877929687500e+02
8.112412109375000000e+02
8.027728271484375000e+02
5.722436523437500000e+02
7.734893188476562500e+02
7.895714721679687500e+02
6.988350830078125000e+02
5.635424804687500000e+02
8.386701660156250000e+02
7.031134033203125000e+02
8.066746826171875000e+02
7.913916015625000000e+02
6.874342651367187500e+02
6.422958984375000000e+02
8.892215576171875000e+02
8.628087768554687500e+02
6.089580078125000000e+02
6.764277954101562500e+02
7.011500244140625000e+02
7.677446289062500000e+02
7.821431274414062500e+02
7.766522827148437500e+02
9.311881103515625000e+02
4.878040466308593750e+02
7.749373168945312500e+02
8.709890747070312500e+02
7.627934570312500000e+02
1.004448608398437500e+03
6.450960083007812500e+02
9.094816894531250000e+02
8.860516967773437500e+02
8.657254028320312500e+02
8.463151855468750000e+02
6.469708862304687500e+02
7.038738403320312500e+02
8.444041748046875000e+02
7.986668701171875000e+02
6.362404174804687500e+02
8.803630371093750000e+02
8.113864135742187500e+02
5.262657470703125000e+02
8.924165039062500000e+02
7.066831665039062500e+02
9.901458740234375000e+02
4.602816467285156250e+02
6.637830200195312500e+02
9.307235717773437500e+02
7.601412353515625000e+02
8.737247314453125000e+02
7.825967407226562500e+02
8.687226562500000000e+02
7.724146118164062500e+02
6.622315063476562500e+02
1.001850830078125000e+03
7.643826904296875000e+02
7.949328002929687500e+02
7.443436889648437500e+02
7.111069335937500000e+02
8.307710571289062500e+02
7.350443725585937500e+02
6.689796142578125000e+02
7.206310424804687500e+02
7.900599365234375000e+02
7.521809082031250000e+02
7.262705078125000000e+02
7.660039062500000000e+02
7.696831054687500000e+02
6.988865966796875000e+02
6.332849731445312500e+02
6.144002685546875000e+02
9.338041992187500000e+02
9.054743652343750000e+02
7.709298706054687500e+02
9.347307739257812500e+02
8.523321533203125000e+02
9.513718872070312500e+02
7.199762573242187500e+02
7.787788696289062500e+02
5.767189331054687500e+02
6.126072387695312500e+02
8.969931640625000000e+02
7.554637451171875000e+02
7.297426757812500000e+02
8.276858520507812500e+02
5.582463378906250000e+02
7.525598754882812500e+02
9.442264404296875000e+02
6.148742065429687500e+02
8.331267700195312500e+02
8.389544677734375000e+02
6.731591796875000000e+02
8.248108520507812500e+02
7.518211059570312500e+02
5.916292724609375000e+02
6.959079589843750000e+02
6.504129028320312500e+02
7.723867797851562500e+02
7.877091064453125000e+02
8.275506591796875000e+02
8.684165039062500000e+02
7.172019653320312500e+02
6.535712890625000000e+02
7.926488647460937500e+02
8.572125854492187500e+02
7.045643310546875000e+02
8.242349853515625000e+02
8.558478393554687500e+02
6.795117797851562500e+02
8.209846801757812500e+02
8.064744873046875000e+02
6.028011474609375000e+02
6.273778076171875000e+02
6.383994140625000000e+02
9.354904785156250000e+02
8.602220458984375000e+02
8.977902832031250000e+02
7.661729125976562500e+02
8.027470703125000000e+02
7.703778076171875000e+02
6.157233886718750000e+02
7.830311279296875000e+02
7.509136352539062500e+02
7.489776611328125000e+02
7.353940429687500000e+02
8.729208984375000000e+02
7.412629394531250000e+02
8.005598144531250000e+02
7.609791870117187500e+02
9.196749877929687500e+02
9.963626708984375000e+02
7.896871337890625000e+02
9.703835449218750000e+02
9.922529296875000000e+02
5.383040161132812500e+02
7.109152221679687500e+02
4.817903442382812500e+02
9.587366333007812500e+02
8.831378173828125000e+02
6.488387451171875000e+02
7.202088623046875000e+02
7.832038574218750000e+02
6.949780883789062500e+02
6.083956909179687500e+02
7.093264160156250000e+02
7.646190795898437500e+02
8.833978271484375000e+02
8.174027099609375000e+02
7.210731201171875000e+02
8.090344238281250000e+02
9.089710693359375000e+02
6.046562500000000000e+02
7.286730957031250000e+02
7.379722290039062500e+02
6.374121093750000000e+02
9.011185913085937500e+02
5.635502929687500000e+02
7.428179931640625000e+02
7.178106079101562500e+02
8.330828857421875000e+02
7.965897827148437500e+02
8.179115600585937500e+02
6.901429443359375000e+02
7.731973876953125000e+02
7.477241821289062500e+02
8.104836425781250000e+02
8.606712036132812500e+02
8.799419555664062500e+02
6.893215332031250000e+02
6.898665771484375000e+02
8.581066284179687500e+02
7.122329711914062500e+02
9.047202148437500000e+02
7.333663940429687500e+02
8.953710327148437500e+02
8.486502075195312500e+02
8.282864990234375000e+02
7.497294311523437500e+02
8.479746704101562500e+02
8.919377441406250000e+02
9.186726074218750000e+02
9.171654052734375000e+02
7.659307250976562500e+02
6.234553833007812500e+02
8.808035888671875000e+02
8.600599975585937500e+02
8.114906616210937500e+02
7.350115356445312500e+02
6.551801757812500000e+02
8.236303710937500000e+02
6.252720947265625000e+02
7.035286865234375000e+02
6.499663085937500000e+02
9.461628417968750000e+02
8.234027099609375000e+02
6.884213256835937500e+02
6.942459716796875000e+02
6.828402099609375000e+02
7.457804565429687500e+02
1.041272338867187500e+03
8.422454223632812500e+02
6.398175048828125000e+02
7.215012817382812500e+02
6.825631103515625000e+02
8.493087158203125000e+02
8.501208496093750000e+02
7.192487182617187500e+02
8.216255493164062500e+02
7.985667724609375000e+02
9.699253540039062500e+02
7.792647705078125000e+02
6.771641235351562500e+02
7.932454223632812500e+02
7.140039672851562500e+02
7.141817626953125000e+02
6.794512329101562500e+02
8.816067504882812500e+02
9.459692993164062500e+02
7.535738525390625000e+02
7.024039916992187500e+02
8.194695434570312500e+02
6.619169311523437500e+02
8.450697631835937500e+02
7.373839721679687500e+02
7.777609863281250000e+02
9.005564575195312500e+02
7.793588867187500000e+02
6.471137695312500000e+02
8.952266845703125000e+02
5.556857910156250000e+02
7.606082763671875000e+02
7.074990234375000000e+02
8.432704467773437500e+02
8.010925292968750000e+02
6.530784912109375000e+02
7.708937377929687500e+02
7.314163208007812500e+02
1.005095214843750000e+03
7.840315551757812500e+02
5.488436279296875000e+02
6.409232788085937500e+02
8.644708251953125000e+02
7.664998168945312500e+02
8.115330200195312500e+02
7.797032470703125000e+02
7.975795898437500000e+02
7.939802246093750000e+02
7.572581176757812500e+02
8.932434692382812500e+02
7.030959472656250000e+02
6.693161010742187500e+02
8.224865722656250000e+02
8.696886596679687500e+02
8.292123413085937500e+02
7.112830810546875000e+02
7.761392211914062500e+02
5.978062133789062500e+02
9.011250000000000000e+02
7.692449340820312500e+02
8.057840576171875000e+02
8.473207397460937500e+02
9.603298339843750000e+02
6.158652954101562500e+02
7.982889404296875000e+02
5.909494018554687500e+02
7.621401977539062500e+02
8.009051513671875000e+02
5.464864501953125000e+02
8.200975952148437500e+02
7.469544677734375000e+02
6.593607177734375000e+02
5.107983093261718750e+02
7.063662109375000000e+02
5.859513549804687500e+02
6.785111083984375000e+02
8.638253784179687500e+02
6.234703979492187500e+02
8.998820800781250000e+02
6.861552124023437500e+02
7.168429565429687500e+02
7.076206665039062500e+02
6.908607177734375000e+02
8.823073730468750000e+02
6.949337158203125000e+02
9.068093872070312500e+02
9.223821411132812500e+02
6.961911621093750000e+02
8.047847290039062500e+02
6.161945190429687500e+02
8.753414916992187500e+02
7.588668823242187500e+02
7.638622436523437500e+02
8.217367553710937500e+02
6.309572143554687500e+02
7.633681640625000000e+02
8.696895141601562500e+02
7.871109619140625000e+02
8.904707031250000000e+02
5.220157470703125000e+02
9.290722045898437500e+02
9.834130249023437500e+02
8.429861450195312500e+02
7.460504760742187500e+02
7.893017578125000000e+02
8.171439208984375000e+02
8.350497436523437500e+02
8.536809082031250000e+02
9.502728881835937500e+02
7.130385131835937500e+02
7.617510375976562500e+02
8.005741577148437500e+02
8.634169311523437500e+02
5.101855468750000000e+02
7.768115234375000000e+02
7.824986572265625000e+02
8.163674316406250000e+02
9.900300903320312500e+02
7.797139892578125000e+02
6.477161865234375000e+02
7.920815429687500000e+02
9.102062377929687500e+02
9.123424072265625000e+02
6.859285278320312500e+02
7.886731567382812500e+02
7.222586059570312500e+02
1.018378356933593750e+03
7.930525512695312500e+02
7.289915771484375000e+02
7.770477905273437500e+02
8.471941528320312500e+02
6.808266601562500000e+02
8.522673950195312500e+02
7.740208740234375000e+02
4.635042114257812500e+02
8.006131591796875000e+02
6.906181640625000000e+02
8.541442260742187500e+02
8.310591430664062500e+02
7.025419311523437500e+02
5.574065551757812500e+02
8.100802612304687500e+02
8.158354492187500000e+02
8.512294311523437500e+02
6.528439941406250000e+02
8.543330688476562500e+02
6.936763916015625000e+02
8.065311279296875000e+02
1.018684265136718750e+03
6.652438354492187500e+02
8.677687377929687500e+02
7.108598632812500000e+02
8.178557739257812500e+02
7.082208862304687500e+02
6.416547851562500000e+02
8.637261352539062500e+02
8.887748413085937500e+02
9.290126342773437500e+02
7.525488891601562500e+02
7.072561035156250000e+02
7.465518798828125000e+02
7.352128906250000000e+02
6.996358642578125000e+02
7.648109741210937500e+02
8.792341918945312500e+02
6.126870117187500000e+02
9.621914062500000000e+02
7.906906127929687500e+02
5.316093750000000000e+02
5.813546752929687500e+02
7.501732788085937500e+02
7.012140502929687500e+02
8.624306640625000000e+02
8.138223266601562500e+02
7.813417358398437500e+02
7.404331054687500000e+02
7.321839599609375000e+02
7.919016113281250000e+02
7.218435668945312500e+02
5.966832885742187500e+02
7.482763671875000000e+02
8.038538208007812500e+02
9.399727783203125000e+02
7.710710449218750000e+02
7.649461059570312500e+02
9.586272583007812500e+02
8.575404663085937500e+02
7.395209350585937500e+02
6.207811889648437500e+02
9.133714599609375000e+02
9.329398803710937500e+02
7.117047119140625000e+02
8.959442138671875000e+02
5.346533203125000000e+02
7.971700439453125000e+02
8.435886230468750000e+02
7.139008178710937500e+02
7.751080322265625000e+02
6.469078369140625000e+02
7.547083129882812500e+02
6.318018798828125000e+02
8.198075561523437500e+02
8.122978515625000000e+02
1.058433471679687500e+03
7.903588867187500000e+02
8.352548828125000000e+02
9.280637207031250000e+02
6.825280761718750000e+02
1.023224121093750000e+03
8.508090820312500000e+02
8.864514770507812500e+02
7.365829467773437500e+02
6.340703125000000000e+02
8.957340698242187500e+02
8.689148559570312500e+02
8.356211547851562500e+02
8.383038940429687500e+02
7.347023925781250000e+02
7.164821166992187500e+02
7.927019042968750000e+02
1.028642944335937500e+03
1.003728393554687500e+03
6.436397705078125000e+02
7.105349731445312500e+02
9.103422241210937500e+02
8.857062377929687500e+02
5.529496459960937500e+02
6.952164306640625000e+02
6.581726074218750000e+02
6.338435058593750000e+02
7.233724365234375000e+02
7.625178222656250000e+02
1.025525512695312500e+03
7.110480957031250000e+02
6.892934570312500000e+02
5.450142211914062500e+02
9.050662231445312500e+02
5.624552001953125000e+02
7.325908813476562500e+02
7.310580444335937500e+02
8.514628906250000000e+02
7.097986450195312500e+02
6.576004638671875000e+02
6.582003173828125000e+02
8.884406738281250000e+02
6.432152709960937500e+02
8.232788696289062500e+02
7.204080810546875000e+02
5.827584228515625000e+02
8.646054077148437500e+02
6.411270141601562500e+02
7.372269287109375000e+02
6.993666381835937500e+02
7.057375488281250000e+02
8.166901855468750000e+02
6.042919311523437500e+02
8.900624389648437500e+02
9.969425659179687500e+02
6.036369628906250000e+02
1.000713867187500000e+03
6.622600708007812500e+02
8.737943725585937500e+02
7.603192138671875000e+02
5.634096069335937500e+02
8.457851562500000000e+02
5.594743652343750000e+02
9.370508422851562500e+02
8.445822753906250000e+02
7.438824462890625000e+02
7.666533203125000000e+02
8.425144653320312500e+02
7.212975463867187500e+02
7.847797241210937500e+02
7.150587768554687500e+02
7.813308715820312500e+02
8.617968139648437500e+02
8.326273803710937500e+02
7.339164428710937500e+02
7.265872192382812500e+02
6.740808715820312500e+02
7.492561035156250000e+02
7.878106079101562500e+02
8.707015380859375000e+02
7.273502807617187500e+02
7.667199096679687500e+02
7.176782836914062500e+02
7.988525390625000000e+02
7.409513549804687500e+02
7.744493408203125000e+02
8.831003417968750000e+02
7.695972290039062500e+02
9.077260131835937500e+02
7.464203491210937500e+02
8.239945678710937500e+02
6.938919677734375000e+02
8.391976318359375000e+02
6.668665771484375000e+02
7.045876464843750000e+02
8.310471801757812500e+02
8.298799438476562500e+02
5.714191894531250000e+02
7.925342407226562500e+02
7.454351196289062500e+02
8.107651977539062500e+02
9.234131469726562500e+02
6.727138061523437500e+02
6.609455566406250000e+02
7.416998901367187500e+02
7.037324829101562500e+02
8.379736938476562500e+02
8.123601074218750000e+02
5.498098754882812500e+02
8.386560058593750000e+02
7.425687866210937500e+02
7.862669067382812500e+02
6.799518432617187500e+02
7.738602905273437500e+02
7.377416992187500000e+02
9.406739501953125000e+02
6.432198486328125000e+02
5.990112304687500000e+02
8.646836547851562500e+02
5.288054809570312500e+02
7.278944091796875000e+02
5.912746582031250000e+02
7.229080200195312500e+02
6.259796142578125000e+02
6.094866333007812500e+02
7.552695922851562500e+02
9.409484252929687500e+02
7.285446166992187500e+02
6.771153564453125000e+02
9.089663696289062500e+02
7.744072265625000000e+02
6.681942749023437500e+02
6.970339965820312500e+02
7.219526977539062500e+02
8.259425659179687500e+02
8.922988281250000000e+02
7.758258666992187500e+02
8.088157348632812500e+02
7.311333007812500000e+02
8.228443603515625000e+02
9.449459838867187500e+02
7.531181640625000000e+02
1.036253784179687500e+03
6.695575561523437500e+02
9.379666137695312500e+02
8.166843261718750000e+02
9.716734008789062500e+02
5.517412109375000000e+02
7.382368164062500000e+02
7.348349609375000000e+02
7.256439819335937500e+02
7.394451293945312500e+02
7.466746215820312500e+02
5.694819946289062500e+02
7.226783447265625000e+02
6.486240234375000000e+02
8.464317016601562500e+02
7.181607666015625000e+02
6.742353515625000000e+02
8.835258178710937500e+02
7.924725341796875000e+02
6.205955810546875000e+02
6.323471679687500000e+02
7.842169799804687500e+02
8.302261962890625000e+02
7.763586425781250000e+02
8.972541503906250000e+02
8.507284545898437500e+02
6.682529907226562500e+02
7.878941040039062500e+02
6.774771728515625000e+02
6.702935180664062500e+02
8.547123413085937500e+02
8.650133056640625000e+02
8.693726196289062500e+02
8.974051513671875000e+02
7.488492431640625000e+02
7.079470825195312500e+02
9.228237304687500000e+02
7.026053466796875000e+02
7.743702392578125000e+02
7.998151245117187500e+02
6.222559814453125000e+02
7.731210937500000000e+02
6.971464843750000000e+02
7.336884155273437500e+02
8.110907592773437500e+02
6.826293945312500000e+02
7.978768310546875000e+02
7.664188232421875000e+02
9.314733886718750000e+02
7.208383178710937500e+02
7.506887207031250000e+02
7.155911254882812500e+02
9.064171142578125000e+02
9.155944213867187500e+02
5.993190917968750000e+02
7.094666748046875000e+02
7.254952392578125000e+02
8.126125488281250000e+02
8.201211547851562500e+02
8.776789550781250000e+02
8.423344116210937500e+02
8.913737182617187500e+02
8.166660156250000000e+02
9.373524169921875000e+02
7.688673706054687500e+02
8.807847900390625000e+02
7.145780029296875000e+02
7.421693725585937500e+02
7.513179931640625000e+02
7.703555297851562500e+02
7.552155151367187500e+02
6.187933349609375000e+02
6.036804809570312500e+02
9.116165161132812500e+02
6.694976196289062500e+02
8.370249633789062500e+02
5.091177978515625000e+02
7.313072509765625000e+02
7.059459228515625000e+02
8.677186279296875000e+02
6.912329101562500000e+02
6.976087036132812500e+02
7.971292724609375000e+02
8.308745727539062500e+02
6.559487915039062500e+02
6.957318725585937500e+02
7.468588867187500000e+02
6.420756835937500000e+02
5.899795532226562500e+02
5.455996093750000000e+02
7.816200561523437500e+02
7.684771118164062500e+02
6.698385620117187500e+02
9.849509887695312500e+02
6.082138061523437500e+02
7.878890991210937500e+02
7.462539062500000000e+02
7.348430175781250000e+02
7.971669921875000000e+02
8.403353881835937500e+02
9.139169921875000000e+02
7.169397583007812500e+02
8.165458374023437500e+02
8.556403808593750000e+02
7.530389404296875000e+02
7.347577514648437500e+02
7.467011108398437500e+02
7.511561279296875000e+02
8.696791992187500000e+02
7.293123168945312500e+02
7.767256469726562500e+02
7.397180786132812500e+02
5.471110229492187500e+02
7.198942260742187500e+02
8.328042602539062500e+02
6.632858276367187500e+02
8.575866699218750000e+02
7.651425170898437500e+02
7.627450561523437500e+02
5.962453613281250000e+02
7.190557861328125000e+02
7.169381713867187500e+02
8.249324951171875000e+02
6.162144165039062500e+02
6.862161865234375000e+02
8.961916503906250000e+02
7.113173217773437500e+02
8.202405395507812500e+02
7.247084960937500000e+02
9.253947143554687500e+02
7.857429809570312500e+02
8.900917358398437500e+02
6.732962036132812500e+02
7.987043457031250000e+02
9.370518188476562500e+02
4.345703735351562500e+02
7.560118408203125000e+02
7.444884643554687500e+02
8.757257080078125000e+02
6.690845947265625000e+02
7.729400024414062500e+02
7.300394897460937500e+02
8.630431518554687500e+02
6.248937988281250000e+02
6.016883544921875000e+02
8.605491943359375000e+02
7.170134887695312500e+02
8.437405395507812500e+02
7.156191406250000000e+02
8.318795166015625000e+02
6.755586547851562500e+02
8.949657592773437500e+02
8.987570800781250000e+02
9.508010864257812500e+02
7.694108276367187500e+02
6.930614624023437500e+02
7.965397338867187500e+02
9.916431274414062500e+02
7.193613281250000000e+02
6.373253784179687500e+02
7.309028930664062500e+02
5.614524536132812500e+02
7.434160766601562500e+02
8.407788696289062500e+02
7.993419799804687500e+02
6.559724731445312500e+02
9.525864868164062500e+02
9.997836303710937500e+02
8.608768310546875000e+02
9.011416625976562500e+02
6.892192993164062500e+02
9.639459838867187500e+02
8.742152099609375000e+02
7.462254028320312500e+02
6.151955566406250000e+02
8.240254516601562500e+02
7.926757202148437500e+02
9.825340576171875000e+02
7.821052246093750000e+02
7.548107299804687500e+02
8.720516967773437500e+02
7.318575439453125000e+02
8.097461547851562500e+02
7.969360351562500000e+02
8.636834106445312500e+02
9.106528320312500000e+02
8.917871704101562500e+02
9.210625000000000000e+02
7.373215942382812500e+02
9.876313476562500000e+02
8.115284423828125000e+02
6.662159423828125000e+02
7.953786621093750000e+02
8.346370849609375000e+02
8.421920776367187500e+02
7.500844726562500000e+02
6.667536621093750000e+02
8.622791748046875000e+02
8.343181152343750000e+02
8.533179321289062500e+02
7.211345214843750000e+02
8.698155517578125000e+02
8.594167480468750000e+02
8.223366699218750000e+02
7.637443237304687500e+02
7.397872924804687500e+02
7.915327758789062500e+02
7.565142211914062500e+02
9.055515136718750000e+02
8.489049682617187500e+02
7.381601562500000000e+02
8.054874877929687500e+02
7.873315429687500000e+02
7.806557617187500000e+02
5.406383666992187500e+02
8.058282470703125000e+02
7.587546386718750000e+02
7.976318969726562500e+02
7.563334960937500000e+02
8.247737426757812500e+02
7.364331054687500000e+02
8.280756835937500000e+02
7.344537353515625000e+02
8.521083374023437500e+02
8.178293457031250000e+02
6.614683227539062500e+02
8.781005249023437500e+02
6.978800048828125000e+02
6.279187011718750000e+02
5.547907714843750000e+02
7.783698730468750000e+02
7.376766967773437500e+02
7.437495117187500000e+02
7.106744995117187500e+02
7.003612670898437500e+02
7.466989135742187500e+02
7.455791625976562500e+02
7.306247558593750000e+02
9.599176025390625000e+02
9.166497192382812500e+02
6.010258178710937500e+02
8.831633300781250000e+02
6.896596679687500000e+02
7.059542846679687500e+02
6.492651367187500000e+02
8.698521728515625000e+02
9.170939331054687500e+02
8.363121337890625000e+02
7.147709350585937500e+02
7.523825683593750000e+02
8.555039062500000000e+02
5.366886596679687500e+02
7.670018920898437500e+02
6.237977905273437500e+02
8.197034912109375000e+02
7.113075561523437500e+02
7.661436157226562500e+02
6.487180786132812500e+02
7.561560058593750000e+02
7.836760864257812500e+02
7.494504394531250000e+02
6.762980957031250000e+02
6.685443115234375000e+02
6.362650756835937500e+02
7.776486816406250000e+02
6.349104614257812500e+02
7.429497070312500000e+02
8.842847290039062500e+02
8.755190429687500000e+02
7.874398193359375000e+02
7.953376464843750000e+02
5.942662353515625000e+02
8.916316528320312500e+02
8.719947509765625000e+02
6.520673217773437500e+02
8.599378051757812500e+02
6.804215698242187500e+02
8.216617431640625000e+02
6.385140380859375000e+02
7.742492675781250000e+02
8.038127441406250000e+02
3.789037780761718750e+02
8.133915405273437500e+02
8.584147338867187500e+02
7.195056762695312500e+02
6.997279663085937500e+02
8.292700195312500000e+02
7.664158325195312500e+02
7.069050292968750000e+02
6.601063232421875000e+02
6.974113769531250000e+02
8.391793823242187500e+02
9.027622070312500000e+02
7.907790527343750000e+02
7.175581054687500000e+02
6.813508300781250000e+02
6.236376953125000000e+02
7.144393310546875000e+02
8.269019165039062500e+02
4.961192321777343750e+02
1.064231445312500000e+03
7.964821777343750000e+02
8.212442626953125000e+02
8.043562011718750000e+02
8.442742309570312500e+02
8.111812744140625000e+02
6.764592895507812500e+02
8.959337158203125000e+02
8.884365234375000000e+02
7.072088012695312500e+02
8.957612915039062500e+02
8.941672973632812500e+02
7.821309814453125000e+02
7.431669921875000000e+02
7.868692016601562500e+02
8.448522949218750000e+02
6.579423828125000000e+02
8.452752075195312500e+02
5.606032714843750000e+02
8.029063110351562500e+02
8.767192993164062500e+02
6.992843017578125000e+02
7.798182373046875000e+02
8.915115356445312500e+02
8.835574340820312500e+02
9.433762207031250000e+02
8.773140258789062500e+02
7.568145141601562500e+02
6.669890136718750000e+02
5.993162841796875000e+02
8.443471679687500000e+02
8.222838745117187500e+02
8.316505737304687500e+02
5.960152587890625000e+02
6.544209594726562500e+02
6.326264648437500000e+02
8.495947875976562500e+02
7.770464477539062500e+02
7.208291015625000000e+02
5.536469726562500000e+02
7.818834228515625000e+02
9.692116088867187500e+02
5.936150512695312500e+02
9.200098266601562500e+02
6.623865356445312500e+02
9.354235839843750000e+02
6.703043212890625000e+02
8.352791748046875000e+02
5.386487426757812500e+02
8.809552001953125000e+02
7.191845703125000000e+02
9.790505371093750000e+02
8.496235961914062500e+02
8.054438476562500000e+02
7.321011352539062500e+02
8.125010986328125000e+02
6.506812744140625000e+02
7.025773315429687500e+02
6.946726074218750000e+02
8.373684692382812500e+02
8.652734985351562500e+02
7.782714843750000000e+02
5.068764343261718750e+02
7.264644165039062500e+02
7.386850585937500000e+02
7.857489013671875000e+02
7.057911376953125000e+02
7.409472045898437500e+02
7.531357421875000000e+02
7.838745727539062500e+02
9.526503906250000000e+02
7.641421508789062500e+02
7.597151489257812500e+02
8.791016235351562500e+02
8.787008666992187500e+02
7.449479980468750000e+02
7.457899169921875000e+02
7.014158325195312500e+02
9.921365966796875000e+02
7.796137084960937500e+02
8.898548583984375000e+02
9.828074951171875000e+02
7.638169555664062500e+02
7.030699462890625000e+02
7.796941528320312500e+02
9.818503417968750000e+02
8.998428955078125000e+02
6.923706054687500000e+02
8.295598144531250000e+02
8.085034179687500000e+02
8.833811035156250000e+02
7.146641235351562500e+02
7.497591552734375000e+02
7.876409912109375000e+02
7.773858642578125000e+02
8.399885864257812500e+02
7.566026000976562500e+02
8.043653564453125000e+02
7.583387451171875000e+02
7.900792236328125000e+02
7.168126220703125000e+02
7.950678100585937500e+02
8.244849853515625000e+02
8.160844116210937500e+02
7.738566894531250000e+02
7.668688964843750000e+02
8.507296142578125000e+02
6.372729492187500000e+02
7.609885253906250000e+02
7.291541137695312500e+02
7.486635131835937500e+02
7.864647827148437500e+02
6.425604858398437500e+02
7.914584350585937500e+02
8.322381591796875000e+02
9.171868286132812500e+02
7.849777221679687500e+02
8.571543579101562500e+02
7.914779052734375000e+02
7.671395874023437500e+02
6.900603027343750000e+02
7.815812377929687500e+02
8.342839965820312500e+02
8.579660644531250000e+02
8.007022094726562500e+02
6.795580444335937500e+02
6.261632690429687500e+02
7.129235839843750000e+02
8.139282226562500000e+02
8.093040771484375000e+02
6.411368408203125000e+02
6.879328613281250000e+02
8.519265747070312500e+02
7.285831909179687500e+02
7.594866943359375000e+02
7.407628784179687500e+02
8.960984497070312500e+02
7.881522827148437500e+02
7.414999389648437500e+02
8.217424316406250000e+02
6.070170288085937500e+02
6.001345825195312500e+02
7.230767822265625000e+02
6.345122070312500000e+02
7.023806152343750000e+02
7.980975952148437500e+02
8.025250244140625000e+02
9.323770141601562500e+02
5.424672241210937500e+02
7.066412963867187500e+02
7.610309448242187500e+02
6.112653808593750000e+02
8.674964599609375000e+02
6.630927124023437500e+02
7.210957641601562500e+02
8.304143066406250000e+02
7.874953002929687500e+02
7.374471435546875000e+02
6.784952392578125000e+02
9.450332031250000000e+02
6.833090209960937500e+02
9.019132690429687500e+02
8.323060302734375000e+02
7.021179809570312500e+02
8.934098510742187500e+02
8.991902465820312500e+02
7.272286987304687500e+02
7.838875732421875000e+02
6.173103637695312500e+02
8.599909667968750000e+02
7.869019775390625000e+02
7.820916137695312500e+02
9.681400756835937500e+02
7.708006591796875000e+02
8.273685913085937500e+02
9.308218383789062500e+02
7.280031127929687500e+02
7.791528930664062500e+02
8.261206054687500000e+02
1.090732666015625000e+03
8.330885009765625000e+02
7.695433959960937500e+02
4.388083496093750000e+02
7.818802490234375000e+02
7.512290039062500000e+02
7.108839111328125000e+02
8.581452636718750000e+02
8.916813354492187500e+02
4.995788879394531250e+02
7.531629638671875000e+02
6.634956665039062500e+02
8.544706420898437500e+02
8.464880371093750000e+02
1.001086181640625000e+03
7.455604248046875000e+02
7.968699951171875000e+02
7.089417724609375000e+02
7.089366455078125000e+02
8.384166259765625000e+02
9.776193847656250000e+02
8.148913574218750000e+02
8.522438354492187500e+02
8.212406616210937500e+02
9.601795043945312500e+02
7.234820556640625000e+02
8.317861328125000000e+02
7.783021240234375000e+02
1.110690673828125000e+03
6.520583496093750000e+02
7.744589843750000000e+02
8.155027465820312500e+02
7.798112792968750000e+02
8.695942382812500000e+02
9.027732543945312500e+02
6.930314941406250000e+02
6.781848754882812500e+02
7.562850341796875000e+02
5.522365112304687500e+02
7.157725830078125000e+02
8.435506591796875000e+02
8.393886108398437500e+02
7.088825073242187500e+02
9.518432006835937500e+02
7.960347290039062500e+02
9.901932983398437500e+02
7.774880371093750000e+02
7.305206909179687500e+02
8.799751586914062500e+02
7.621929931640625000e+02
7.027332153320312500e+02
7.990555419921875000e+02
8.421105346679687500e+02
6.679297485351562500e+02
5.496156005859375000e+02
6.624118041992187500e+02
9.092757568359375000e+02
6.978032836914062500e+02
7.014260864257812500e+02
6.120026855468750000e+02
6.774796142578125000e+02
7.667569580078125000e+02
6.734716186523437500e+02
8.204563598632812500e+02
6.413615112304687500e+02
8.499194946289062500e+02
8.132919311523437500e+02
8.062781982421875000e+02
6.722725219726562500e+02
6.764844970703125000e+02
6.212420043945312500e+02
7.752236328125000000e+02
8.628463134765625000e+02
9.763715820312500000e+02
7.437609863281250000e+02
7.846253662109375000e+02
7.630921630859375000e+02
8.115218505859375000e+02
9.020322875976562500e+02
8.607415771484375000e+02
9.447755737304687500e+02
8.006430664062500000e+02
6.654470214843750000e+02
8.419913330078125000e+02
7.952443847656250000e+02
7.387468872070312500e+02
7.516539916992187500e+02
6.075504150390625000e+02
7.978910522460937500e+02
6.630060424804687500e+02
8.635140991210937500e+02
9.378899536132812500e+02
4.976602783203125000e+02
7.807279663085937500e+02
7.258665771484375000e+02
7.262780151367187500e+02
8.672500000000000000e+02
6.210184326171875000e+02
6.566949462890625000e+02
8.219625244140625000e+02
6.196147460937500000e+02
8.306209106445312500e+02
7.840649414062500000e+02
6.793927001953125000e+02
8.067474975585937500e+02
8.515880126953125000e+02
6.485737915039062500e+02
1.004543518066406250e+03
8.232568969726562500e+02
6.505563354492187500e+02
8.628285522460937500e+02
4.473233032226562500e+02
8.405619506835937500e+02
7.153761596679687500e+02
8.619308471679687500e+02
9.822562866210937500e+02
7.127380981445312500e+02
9.533551025390625000e+02
6.352315063476562500e+02
7.219400024414062500e+02
7.683611450195312500e+02
8.741822509765625000e+02
7.466010742187500000e+02
6.143264160156250000e+02
6.610456542968750000e+02
7.076373901367187500e+02
6.712366943359375000e+02
8.815558471679687500e+02
8.819671020507812500e+02
7.631805419921875000e+02
7.123010253906250000e+02
8.714090576171875000e+02
5.837576904296875000e+02
7.786917114257812500e+02
7.603634643554687500e+02
7.184031982421875000e+02
8.228540039062500000e+02
6.524533691406250000e+02
1.042047119140625000e+03
5.790948486328125000e+02
4.568563842773437500e+02
3.843543701171875000e+02
5.997286376953125000e+02
7.053914184570312500e+02
6.705305175781250000e+02
7.678661499023437500e+02
8.499514160156250000e+02
7.008174438476562500e+02
7.230908813476562500e+02
8.053192138671875000e+02
9.635902099609375000e+02
7.984511718750000000e+02
4.664665222167968750e+02
8.171820068359375000e+02
7.261829833984375000e+02
7.885530395507812500e+02
8.700847778320312500e+02
7.199607543945312500e+02
7.558978271484375000e+02
9.788825073242187500e+02
8.259203491210937500e+02
8.699558715820312500e+02
8.337089233398437500e+02
6.880581054687500000e+02
8.198754272460937500e+02
7.024912109375000000e+02
7.217702026367187500e+02
7.515657958984375000e+02
6.972651367187500000e+02
6.638613891601562500e+02
6.194402465820312500e+02
6.218480834960937500e+02
7.564367675781250000e+02
7.185259399414062500e+02
8.071823730468750000e+02
7.345794677734375000e+02
8.484749145507812500e+02
6.244650268554687500e+02
6.274827880859375000e+02
6.836975097656250000e+02
6.630723876953125000e+02
8.386202392578125000e+02
7.065798339843750000e+02
7.262630615234375000e+02
6.971975708007812500e+02
7.552531738281250000e+02
8.904584960937500000e+02
7.330964355468750000e+02
8.659671630859375000e+02
7.151781005859375000e+02
6.842941894531250000e+02
8.946445922851562500e+02
8.777412719726562500e+02
6.717050170898437500e+02
1.072252685546875000e+03
7.441377563476562500e+02
7.343772583007812500e+02
8.440133056640625000e+02
9.175245971679687500e+02
7.299389648437500000e+02
8.509520874023437500e+02
8.560736083984375000e+02
8.249779052734375000e+02
8.063596191406250000e+02
6.630797119140625000e+02
7.980070190429687500e+02
7.122702636718750000e+02
4.858922119140625000e+02
7.350219726562500000e+02
5.798204956054687500e+02
8.416107788085937500e+02
7.631881103515625000e+02
8.724222412109375000e+02
7.902144775390625000e+02
7.713729858398437500e+02
8.279127197265625000e+02
9.694584350585937500e+02
7.316019897460937500e+02
7.710634155273437500e+02
7.238041992187500000e+02
7.311994628906250000e+02
7.296801147460937500e+02
7.326937866210937500e+02
6.059888916015625000e+02
7.113909912109375000e+02
5.149154663085937500e+02
9.291065673828125000e+02
8.302833251953125000e+02
5.901411743164062500e+02
8.888899536132812500e+02
6.112176513671875000e+02
7.791865844726562500e+02
8.342023925781250000e+02
7.725853271484375000e+02
7.936031494140625000e+02
7.656497192382812500e+02
8.165295410156250000e+02
9.196317749023437500e+02
8.347226562500000000e+02
9.088534545898437500e+02
8.928521118164062500e+02
6.696228027343750000e+02
6.877299194335937500e+02
7.703884277343750000e+02
8.127275390625000000e+02
7.368116455078125000e+02
7.347944335937500000e+02
6.091977539062500000e+02
8.325005493164062500e+02
6.890637207031250000e+02
7.603234252929687500e+02
9.739895629882812500e+02
8.406863403320312500e+02
6.966650390625000000e+02
8.415229492187500000e+02
8.608791503906250000e+02
9.775763549804687500e+02
7.700162353515625000e+02
8.694288940429687500e+02
7.296550292968750000e+02
7.582219848632812500e+02
8.243740234375000000e+02
7.095256958007812500e+02
9.550740356445312500e+02
7.550543212890625000e+02
6.609492187500000000e+02
1.059963867187500000e+03
6.563721313476562500e+02
8.661663818359375000e+02
6.244410400390625000e+02
9.103203735351562500e+02
6.601266479492187500e+02
8.891428222656250000e+02
8.239414672851562500e+02
7.248425292968750000e+02
7.274312744140625000e+02
8.686303710937500000e+02
6.445815429687500000e+02
5.426038208007812500e+02
6.374133911132812500e+02
6.885613403320312500e+02
5.219271240234375000e+02
7.659140625000000000e+02
6.341081542968750000e+02
5.682994384765625000e+02
8.207478027343750000e+02
7.425023193359375000e+02
4.157528076171875000e+02
7.040734863281250000e+02
8.181489257812500000e+02
9.522340087890625000e+02
8.026248168945312500e+02
8.357094116210937500e+02
6.150846557617187500e+02
8.333500976562500000e+02
7.206333007812500000e+02
6.877910156250000000e+02
8.147348632812500000e+02
7.472377929687500000e+02
8.019837646484375000e+02
8.397938232421875000e+02
8.543598022460937500e+02
6.812329101562500000e+02
9.590959472656250000e+02
7.068807983398437500e+02
8.736071166992187500e+02
8.906934814453125000e+02
7.147604980468750000e+02
6.583893432617187500e+02
5.490741577148437500e+02
8.321887207031250000e+02
7.590352172851562500e+02
7.322453613281250000e+02
7.337740478515625000e+02
5.597827148437500000e+02
6.767705078125000000e+02
9.076835327148437500e+02
9.472600097656250000e+02
7.863551635742187500e+02
5.674571533203125000e+02
7.947571411132812500e+02
8.599923095703125000e+02
8.812269897460937500e+02
7.964594116210937500e+02
7.307175903320312500e+02
7.673524780273437500e+02
8.276566162109375000e+02
6.371522827148437500e+02
7.175772094726562500e+02
6.579904174804687500e+02
7.518562011718750000e+02
9.429223022460937500e+02
8.755620727539062500e+02
6.658463745117187500e+02
7.716300659179687500e+02
5.261414794921875000e+02
9.796688232421875000e+02
9.501494750976562500e+02
9.488571777343750000e+02
5.777910766601562500e+02
7.883124389648437500e+02
8.173361206054687500e+02
7.792553100585937500e+02
9.040132446289062500e+02
8.496293334960937500e+02
7.309762573242187500e+02
6.463978271484375000e+02
6.821150512695312500e+02
7.297008666992187500e+02
8.362940673828125000e+02
7.017232055664062500e+02
8.546585083007812500e+02
5.786222534179687500e+02
9.514012451171875000e+02
6.382127075195312500e+02
8.668879394531250000e+02
9.213522949218750000e+02
8.141624755859375000e+02
7.842407836914062500e+02
8.483648071289062500e+02
6.339989013671875000e+02
7.196567993164062500e+02
8.274159545898437500e+02
9.123776245117187500e+02
5.650144653320312500e+02
8.114902343750000000e+02
6.838262939453125000e+02
8.964714355468750000e+02
7.303618774414062500e+02
7.281583862304687500e+02
7.829008789062500000e+02
8.830649414062500000e+02
8.530803222656250000e+02
7.328870239257812500e+02
7.024840698242187500e+02
5.874620361328125000e+02
8.041173706054687500e+02
7.494571533203125000e+02
1.035249633789062500e+03
8.735972290039062500e+02
8.047405395507812500e+02
5.554104614257812500e+02
8.339363403320312500e+02
6.978931274414062500e+02
8.349418945312500000e+02
9.310993652343750000e+02
7.984653930664062500e+02
8.094871215820312500e+02
7.372869262695312500e+02
7.396619873046875000e+02
9.364946899414062500e+02
7.077360229492187500e+02
8.081127929687500000e+02
8.808415527343750000e+02
1.016886108398437500e+03
7.390629882812500000e+02
4.854857788085937500e+02
9.550002441406250000e+02
7.894301757812500000e+02
7.670596923828125000e+02
6.883496093750000000e+02
5.296499633789062500e+02
6.987477416992187500e+02
9.270599975585937500e+02
7.989899291992187500e+02
5.326300048828125000e+02
7.960994262695312500e+02
7.581458129882812500e+02
7.405450439453125000e+02
9.378730468750000000e+02
7.865305175781250000e+02
7.834158325195312500e+02
7.077073364257812500e+02
6.702709960937500000e+02
9.018636474609375000e+02
8.236164550781250000e+02
7.871560668945312500e+02
8.734577026367187500e+02
8.650604858398437500e+02
8.402192382812500000e+02
9.749969482421875000e+02
5.575704345703125000e+02
8.227496337890625000e+02
9.507594604492187500e+02
4.871379089355468750e+02
7.222472534179687500e+02
7.608364868164062500e+02
7.688180541992187500e+02
9.665114135742187500e+02
9.148729858398437500e+02
6.946790161132812500e+02
9.029079589843750000e+02
6.383567504882812500e+02
8.496134643554687500e+02
7.577976684570312500e+02
7.497707519531250000e+02
5.691781005859375000e+02
7.387713012695312500e+02
9.769991455078125000e+02
7.074569091796875000e+02
8.392532958984375000e+02
7.600582275390625000e+02
7.867906494140625000e+02
7.230424804687500000e+02
7.916829223632812500e+02
7.582737426757812500e+02
7.749463500976562500e+02
6.545332031250000000e+02
8.122190551757812500e+02
8.708465576171875000e+02
8.050951538085937500e+02
7.946786499023437500e+02
6.583167724609375000e+02
7.797095336914062500e+02
7.795405883789062500e+02
9.941561889648437500e+02
8.478540649414062500e+02
7.694046630859375000e+02
6.284634399414062500e+02
9.413969726562500000e+02
7.979876708984375000e+02
9.983543701171875000e+02
5.731804809570312500e+02
8.633204345703125000e+02
7.055388183593750000e+02
8.898823852539062500e+02
5.527473144531250000e+02
7.835390625000000000e+02
7.153985595703125000e+02
8.207167968750000000e+02
6.391711425781250000e+02
8.202166748046875000e+02
7.512348632812500000e+02
9.288183593750000000e+02
8.580204467773437500e+02
6.739876098632812500e+02
6.766362915039062500e+02
8.356166992187500000e+02
8.873033447265625000e+02
8.484816284179687500e+02
6.675734252929687500e+02
8.233236694335937500e+02
7.218106079101562500e+02
7.706245727539062500e+02
7.295293579101562500e+02
7.644887695312500000e+02
9.627623291015625000e+02
7.269641723632812500e+02
9.183663330078125000e+02
9.764573364257812500e+02
7.594520874023437500e+02
3.396920471191406250e+02
9.505210571289062500e+02
6.051636352539062500e+02
6.746665649414062500e+02
7.975886230468750000e+02
7.286144409179687500e+02
7.335674438476562500e+02
7.958059692382812500e+02
7.412773437500000000e+02
7.422141113281250000e+02
6.882742309570312500e+02
6.600186767578125000e+02
7.100438232421875000e+02
6.841508789062500000e+02
6.562278442382812500e+02
7.907286376953125000e+02
8.009271850585937500e+02
7.479516601562500000e+02
7.617150878906250000e+02
7.237697753906250000e+02
7.112942504882812500e+02
6.647041625976562500e+02
4.902575683593750000e+02
7.536433715820312500e+02
6.241914062500000000e+02
6.329556884765625000e+02
8.584853515625000000e+02
8.274945068359375000e+02
8.218840332031250000e+02
8.078201904296875000e+02
6.751096191406250000e+02
6.554094238281250000e+02
7.832617797851562500e+02
7.704454345703125000e+02
9.592932128906250000e+02
7.187501831054687500e+02
7.946878051757812500e+02
7.572703247070312500e+02
7.197354125976562500e+02
6.459092407226562500e+02
5.530095825195312500e+02
6.840429687500000000e+02
7.529462280273437500e+02
7.008071899414062500e+02
8.760048217773437500e+02
7.480466918945312500e+02
8.465520629882812500e+02
7.194530029296875000e+02
8.234664306640625000e+02
8.539910278320312500e+02
7.679812622070312500e+02
6.943988647460937500e+02
8.764599609375000000e+02
7.892005615234375000e+02
8.074138793945312500e+02
9.292681884765625000e+02
7.534831542968750000e+02
7.323240356445312500e+02
7.826427001953125000e+02
7.518276367187500000e+02
8.566749877929687500e+02
7.091282958984375000e+02
8.088496704101562500e+02
7.939667968750000000e+02
7.996277465820312500e+02
6.846807250976562500e+02
7.181386718750000000e+02
6.966242675781250000e+02
9.789447631835937500e+02
9.240146484375000000e+02
7.985020141601562500e+02
7.682544555664062500e+02
7.264076538085937500e+02
7.229486694335937500e+02
7.782289428710937500e+02
8.927230224609375000e+02
6.424944458007812500e+02
6.662210083007812500e+02
8.604069824218750000e+02
7.143323364257812500e+02
6.798146362304687500e+02
7.876968383789062500e+02
8.992254028320312500e+02
4.915678100585937500e+02
8.472960205078125000e+02
7.920527954101562500e+02
7.953730468750000000e+02
8.500266723632812500e+02
7.037937622070312500e+02
8.382072143554687500e+02
8.481228027343750000e+02
7.909161987304687500e+02
8.759276733398437500e+02
6.886079711914062500e+02
7.664557495117187500e+02
8.303429565429687500e+02
7.186614990234375000e+02
8.351673583984375000e+02
7.260278930664062500e+02
6.181588134765625000e+02
8.058918457031250000e+02
5.253908691406250000e+02
7.223961181640625000e+02
7.028623046875000000e+02
9.031806030273437500e+02
9.263446044921875000e+02
7.579035644531250000e+02
9.038307495117187500e+02
6.089210205078125000e+02
9.994080810546875000e+02
8.406732788085937500e+02
6.920638427734375000e+02
8.448906250000000000e+02
8.421172485351562500e+02
8.689664916992187500e+02
9.039454345703125000e+02
5.897859497070312500e+02
9.245117187500000000e+02
6.047932739257812500e+02
7.048624877929687500e+02
6.897203979492187500e+02
7.373026123046875000e+02
9.660078125000000000e+02
7.034879760742187500e+02
8.337871704101562500e+02
5.771436157226562500e+02
6.945686645507812500e+02
7.041069335937500000e+02
7.017183837890625000e+02
8.169349975585937500e+02
5.480512084960937500e+02
6.545141601562500000e+02
6.222116699218750000e+02
8.437469482421875000e+02
8.313861083984375000e+02
5.746239624023437500e+02
6.584926757812500000e+02
8.180777587890625000e+02
9.919483642578125000e+02
8.563997192382812500e+02
7.028007202148437500e+02
8.263916015625000000e+02
8.244216308593750000e+02
7.901812133789062500e+02
7.643612060546875000e+02
8.832174072265625000e+02
7.770342407226562500e+02
8.623918457031250000e+02
8.343900756835937500e+02
7.196835327148437500e+02
8.343864746093750000e+02
6.328959960937500000e+02
7.081904907226562500e+02
8.505174560546875000e+02
7.277964477539062500e+02
7.945684204101562500e+02
6.957747192382812500e+02
7.388794555664062500e+02
6.402114257812500000e+02
8.082307739257812500e+02
6.989284057617187500e+02
8.306800537109375000e+02
6.488565673828125000e+02
8.277863159179687500e+02
8.676185913085937500e+02
7.911090698242187500e+02
8.240432128906250000e+02
8.066843261718750000e+02
9.124860229492187500e+02
9.024660644531250000e+02
7.383165893554687500e+02
6.951806640625000000e+02
7.758936767578125000e+02
5.827224731445312500e+02
8.318861083984375000e+02
8.054605712890625000e+02
7.335907592773437500e+02
5.483514404296875000e+02
8.098648681640625000e+02
7.254415893554687500e+02
8.041676025390625000e+02
7.777606811523437500e+02
7.626613159179687500e+02
8.789321899414062500e+02
7.287423706054687500e+02
5.725103149414062500e+02
6.492132568359375000e+02
6.987683105468750000e+02
8.001119995117187500e+02
6.596492919921875000e+02
8.565286254882812500e+02
7.074187011718750000e+02
7.073759765625000000e+02
7.266002197265625000e+02
7.677662353515625000e+02
8.349049072265625000e+02
6.568134765625000000e+02
7.230765380859375000e+02
7.612614746093750000e+02
9.701857910156250000e+02
7.583299560546875000e+02
5.458183593750000000e+02
6.254481201171875000e+02
1.008717163085937500e+03
8.232280883789062500e+02
9.075120239257812500e+02
7.055369873046875000e+02
8.236045532226562500e+02
7.017568969726562500e+02
5.375704345703125000e+02
7.037594604492187500e+02
8.086767578125000000e+02
9.332233886718750000e+02
9.258569946289062500e+02
8.171872558593750000e+02
7.097208251953125000e+02
8.496536254882812500e+02
7.441723022460937500e+02
6.894916992187500000e+02
6.581411132812500000e+02
6.054498291015625000e+02
8.061533203125000000e+02
7.126259765625000000e+02
5.845543823242187500e+02
7.372827148437500000e+02
8.630438232421875000e+02
9.782484130859375000e+02
7.511490478515625000e+02
6.859729614257812500e+02
9.235533447265625000e+02
7.103261718750000000e+02
6.012915039062500000e+02
7.883294677734375000e+02
6.657351074218750000e+02
7.351691894531250000e+02
6.972965698242187500e+02
7.510717773437500000e+02
9.315308837890625000e+02
8.134942626953125000e+02
1.003866333007812500e+03
9.671526489257812500e+02
9.141445922851562500e+02
1.011115112304687500e+03
7.076702880859375000e+02
9.141542358398437500e+02
6.994241943359375000e+02
7.977799682617187500e+02
6.023314208984375000e+02
7.097497558593750000e+02
7.118732910156250000e+02
6.184328002929687500e+02
7.582284545898437500e+02
9.480499267578125000e+02
6.522412719726562500e+02
7.027520141601562500e+02
5.924948730468750000e+02
8.177354125976562500e+02
8.544379882812500000e+02
9.483831176757812500e+02
7.777257080078125000e+02
6.754310302734375000e+02
7.947238769531250000e+02
8.545014038085937500e+02
6.288836059570312500e+02
6.222980346679687500e+02
7.053724975585937500e+02
9.639719238281250000e+02
7.930490112304687500e+02
7.672924804687500000e+02
8.273414306640625000e+02
6.374584350585937500e+02
6.303143920898437500e+02
6.570364990234375000e+02
7.610989379882812500e+02
7.251577148437500000e+02
5.768027343750000000e+02
7.117512207031250000e+02
6.086323242187500000e+02
6.509012451171875000e+02
8.885617065429687500e+02
6.328773803710937500e+02
9.360896606445312500e+02
7.158228149414062500e+02
1.027685668945312500e+03
8.345416870117187500e+02
7.239922485351562500e+02
4.509922180175781250e+02
6.822710571289062500e+02
8.242480468750000000e+02
6.608898315429687500e+02
6.294176025390625000e+02
7.897883911132812500e+02
5.716557006835937500e+02
8.422529907226562500e+02
5.652161254882812500e+02
8.107919921875000000e+02
6.533352661132812500e+02
7.589838256835937500e+02
8.464927978515625000e+02
8.636611328125000000e+02
6.239902954101562500e+02
6.779116821289062500e+02
8.422096557617187500e+02
6.233691406250000000e+02
7.862692260742187500e+02
5.797690429687500000e+02
7.912828979492187500e+02
7.257874145507812500e+02
8.455254516601562500e+02
7.539598388671875000e+02
6.159288940429687500e+02
6.684451293945312500e+02
7.553617553710937500e+02
7.958317871093750000e+02
7.368237304687500000e+02
8.252722167968750000e+02
6.765659179687500000e+02
8.296779785156250000e+02
8.686505737304687500e+02
7.514064331054687500e+02
7.462955932617187500e+02
8.028546142578125000e+02
9.219103393554687500e+02
6.485167236328125000e+02
7.641203613281250000e+02
7.657676391601562500e+02
7.392558593750000000e+02
9.119263305664062500e+02
6.555254516601562500e+02
7.256248779296875000e+02
7.153548583984375000e+02
8.481691284179687500e+02
8.121134643554687500e+02
9.068685913085937500e+02
5.135513305664062500e+02
7.482885742187500000e+02
1.051112304687500000e+03
6.902928466796875000e+02
6.185960083007812500e+02
7.682371215820312500e+02
8.737413940429687500e+02
7.692019042968750000e+02
7.991741333007812500e+02
8.903944091796875000e+02
8.949281616210937500e+02
7.805535278320312500e+02
8.149137573242187500e+02
6.220240478515625000e+02
7.263683471679687500e+02
9.401919555664062500e+02
8.871918945312500000e+02
7.822938842773437500e+02
7.731343994140625000e+02
7.202808837890625000e+02
8.808341674804687500e+02
7.403651733398437500e+02
8.773975219726562500e+02
9.104275512695312500e+02
8.263484497070312500e+02
7.105247192382812500e+02
6.628968505859375000e+02
8.326077880859375000e+02
8.754113159179687500e+02
5.674378662109375000e+02
8.837577514648437500e+02
7.835653076171875000e+02
6.230596923828125000e+02
5.598214721679687500e+02
7.047894897460937500e+02
7.993214111328125000e+02
9.030639038085937500e+02
7.613430786132812500e+02
5.452374267578125000e+02
7.622363891601562500e+02
1.033287597656250000e+03
9.473798828125000000e+02
7.197330322265625000e+02
8.332821655273437500e+02
6.350567626953125000e+02
6.290444335937500000e+02
7.488344726562500000e+02
6.656145629882812500e+02
9.001200561523437500e+02
7.825438842773437500e+02
5.625379028320312500e+02
7.886776733398437500e+02
7.214281005859375000e+02
6.504238281250000000e+02
7.176921386718750000e+02
7.815488281250000000e+02
7.264445190429687500e+02
6.753453369140625000e+02
6.758375854492187500e+02
8.773152465820312500e+02
7.328947143554687500e+02
7.139624633789062500e+02
9.641486816406250000e+02
7.036343994140625000e+02
7.221488037109375000e+02
7.955911865234375000e+02
8.307990722656250000e+02
7.423660278320312500e+02
6.748532714843750000e+02
8.300200195312500000e+02
8.355103759765625000e+02
8.248638305664062500e+02
9.631070556640625000e+02
6.177026367187500000e+02
8.324506225585937500e+02
9.666865234375000000e+02
7.954120483398437500e+02
7.483889160156250000e+02
6.583474121093750000e+02
8.559016723632812500e+02
6.051871948242187500e+02
6.993555297851562500e+02
6.450643310546875000e+02
8.046601562500000000e+02
8.760928955078125000e+02
7.808872680664062500e+02
7.410109863281250000e+02
5.972432861328125000e+02
7.966864013671875000e+02
8.970958251953125000e+02
6.285950927734375000e+02
7.811375732421875000e+02
8.178248901367187500e+02
7.841299438476562500e+02
8.678741455078125000e+02
7.931432495117187500e+02
7.952712402343750000e+02
9.951704711914062500e+02
6.723939208984375000e+02
6.752268066406250000e+02
7.841511230468750000e+02
7.094694213867187500e+02
8.935535888671875000e+02
7.432523803710937500e+02
9.070615844726562500e+02
8.650406494140625000e+02
8.093302612304687500e+02
7.508189086914062500e+02
6.801411743164062500e+02
8.287083740234375000e+02
8.387416381835937500e+02
6.521721801757812500e+02
6.891983032226562500e+02
5.894824218750000000e+02
8.958826904296875000e+02
5.884328613281250000e+02
8.885835571289062500e+02
8.509378662109375000e+02
8.432604370117187500e+02
8.363841552734375000e+02
7.296630859375000000e+02
7.893939819335937500e+02
8.392242431640625000e+02
8.288997802734375000e+02
8.286062622070312500e+02
6.914304809570312500e+02
6.751268310546875000e+02
7.396579589843750000e+02
7.842255249023437500e+02
6.512877807617187500e+02
8.636198730468750000e+02
6.730628051757812500e+02
8.164556274414062500e+02
7.740229492187500000e+02
7.528279418945312500e+02
1.010533691406250000e+03
7.357383422851562500e+02
7.669738159179687500e+02
8.622281494140625000e+02
8.206407470703125000e+02
7.164133911132812500e+02
7.857210693359375000e+02
7.917790527343750000e+02
8.081401367187500000e+02
7.622154541015625000e+02
5.847224121093750000e+02
6.828189086914062500e+02
7.530948486328125000e+02
7.767009277343750000e+02
5.584237670898437500e+02
9.875833740234375000e+02
9.139116210937500000e+02
6.417428588867187500e+02
7.701289062500000000e+02
5.673566894531250000e+02
6.187738647460937500e+02
7.579642333984375000e+02
7.468363647460937500e+02
6.975808715820312500e+02
8.430170288085937500e+02
7.478432617187500000e+02
7.067279663085937500e+02
7.874477539062500000e+02
6.640863037109375000e+02
7.014501953125000000e+02
8.862867431640625000e+02
6.591532592773437500e+02
5.769703369140625000e+02
9.053623046875000000e+02
5.225417480468750000e+02
8.785178222656250000e+02
9.675372924804687500e+02
8.874019165039062500e+02
8.409290161132812500e+02
7.772418212890625000e+02
1.006169860839843750e+03
8.874276733398437500e+02
6.734588623046875000e+02
6.280601196289062500e+02
6.182907104492187500e+02
1.047462524414062500e+03
9.040347900390625000e+02
9.263750610351562500e+02
6.675245971679687500e+02
7.778202514648437500e+02
8.496711425781250000e+02
8.437125244140625000e+02
6.931419067382812500e+02
6.559668579101562500e+02
8.480651245117187500e+02
7.681829833984375000e+02
4.902214660644531250e+02
7.720063476562500000e+02
8.133249511718750000e+02
6.619415283203125000e+02
6.858975830078125000e+02
7.226333618164062500e+02
7.637778930664062500e+02
8.711324462890625000e+02
5.848944702148437500e+02
7.565393066406250000e+02
8.505501098632812500e+02
8.410222778320312500e+02
6.537223510742187500e+02
8.577954101562500000e+02
7.584445800781250000e+02
8.514077758789062500e+02
9.611074218750000000e+02
7.832098388671875000e+02
6.993048095703125000e+02
6.434433593750000000e+02
8.237426147460937500e+02
8.421489868164062500e+02
8.186622924804687500e+02
8.712963256835937500e+02
7.330314331054687500e+02
8.916513671875000000e+02
7.911840209960937500e+02
7.643499145507812500e+02
6.379210815429687500e+02
5.457390136718750000e+02
7.686112670898437500e+02
7.407948608398437500e+02
7.454540405273437500e+02
9.155182495117187500e+02
9.208590087890625000e+02
1.004354003906250000e+03
6.523815917968750000e+02
7.147760009765625000e+02
9.451480102539062500e+02
5.491837768554687500e+02
5.421431274414062500e+02
8.365296630859375000e+02
7.945361328125000000e+02
8.898201293945312500e+02
7.643695068359375000e+02
8.537330322265625000e+02
8.715732421875000000e+02
5.330058593750000000e+02
7.837706298828125000e+02
1.055080566406250000e+03
8.878748779296875000e+02
9.129671630859375000e+02
9.203951416015625000e+02
7.023976440429687500e+02
6.960838623046875000e+02
7.454096069335937500e+02
6.832660522460937500e+02
6.636137695312500000e+02
9.766554565429687500e+02
7.795234375000000000e+02
6.928679199218750000e+02
6.574547729492187500e+02
8.632524414062500000e+02
4.997917175292968750e+02
9.084598999023437500e+02
8.297565307617187500e+02
7.189335937500000000e+02
8.580730590820312500e+02
6.697232055664062500e+02
8.047307128906250000e+02
9.132028198242187500e+02
8.112844848632812500e+02
8.644869384765625000e+02
6.572344970703125000e+02
7.089370117187500000e+02
8.195561523437500000e+02
7.222568969726562500e+02
7.291988525390625000e+02
7.676817626953125000e+02
8.581068725585937500e+02
5.425355224609375000e+02
8.741815795898437500e+02
7.675672607421875000e+02
7.843629760742187500e+02
1.016765930175781250e+03
7.300978393554687500e+02
7.511458740234375000e+02
5.858035888671875000e+02
8.321831054687500000e+02
6.278552856445312500e+02
9.583436889648437500e+02
9.345331420898437500e+02
7.770377807617187500e+02
7.529348754882812500e+02
8.430094604492187500e+02
7.765490722656250000e+02
7.759201660156250000e+02
5.647942504882812500e+02
7.687147827148437500e+02
7.499227294921875000e+02
7.788332519531250000e+02
8.095679931640625000e+02
6.938486328125000000e+02
5.854893188476562500e+02
7.465571289062500000e+02
6.945922241210937500e+02
9.808932495117187500e+02
9.252507324218750000e+02
7.303893432617187500e+02
7.367567138671875000e+02
8.242512207031250000e+02
5.824703979492187500e+02
6.111252441406250000e+02
6.521012573242187500e+02
7.480137939453125000e+02
9.076535644531250000e+02
8.126668090820312500e+02
7.768681640625000000e+02
6.887567749023437500e+02
6.753488159179687500e+02
8.021356201171875000e+02
8.869006347656250000e+02
8.708619384765625000e+02
8.429484252929687500e+02
6.665325317382812500e+02
7.756722412109375000e+02
7.843402709960937500e+02
7.507506103515625000e+02
6.268046875000000000e+02
8.483247680664062500e+02
4.879790039062500000e+02
8.061885375976562500e+02
8.512323608398437500e+02
8.000532226562500000e+02
7.723985595703125000e+02
7.941495361328125000e+02
5.906386718750000000e+02
7.637039794921875000e+02
5.362333374023437500e+02
8.851361694335937500e+02
7.176382446289062500e+02
8.211745605468750000e+02
6.423533935546875000e+02
7.591091918945312500e+02
7.784215087890625000e+02
6.981125488281250000e+02
7.784228515625000000e+02
7.943914184570312500e+02
7.234768066406250000e+02
8.936966552734375000e+02
7.333565063476562500e+02
7.275435791015625000e+02
7.983536376953125000e+02
7.110801391601562500e+02
7.783990478515625000e+02
7.979809570312500000e+02
7.346101684570312500e+02
8.242896728515625000e+02
8.214053344726562500e+02
6.221865234375000000e+02
9.284295043945312500e+02
9.199788818359375000e+02
8.430630493164062500e+02
7.042277221679687500e+02
5.987783203125000000e+02
9.360105590820312500e+02
7.876689453125000000e+02
8.869106445312500000e+02
8.015529785156250000e+02
8.149647827148437500e+02
8.038298339843750000e+02
6.537385253906250000e+02
6.365880737304687500e+02
7.401575317382812500e+02
7.846376342773437500e+02
6.556599121093750000e+02
8.988536376953125000e+02
7.024014282226562500e+02
7.726586914062500000e+02
6.704375610351562500e+02
6.326635742187500000e+02
8.995023803710937500e+02
5.767360839843750000e+02
7.636083374023437500e+02
1.017057189941406250e+03
6.701812744140625000e+02
7.255186157226562500e+02
5.936376342773437500e+02
7.682776489257812500e+02
5.089888610839843750e+02
7.646491699218750000e+02
6.455575561523437500e+02
6.633737792968750000e+02
5.702564086914062500e+02
9.820119018554687500e+02
5.902872314453125000e+02
7.504537963867187500e+02
6.883380737304687500e+02
7.159644165039062500e+02
7.203425292968750000e+02
6.309808959960937500e+02
8.889248657226562500e+02
7.291831054687500000e+02
8.235602416992187500e+02
7.716127319335937500e+02
8.421769409179687500e+02
6.461385498046875000e+02
7.934579467773437500e+02
6.167264404296875000e+02
7.673879394531250000e+02
8.566660766601562500e+02
8.423991699218750000e+02
6.242297973632812500e+02
7.342933959960937500e+02
6.165865478515625000e+02
7.128498535156250000e+02
6.103435668945312500e+02
9.207898559570312500e+02
6.585927734375000000e+02
8.104661254882812500e+02
8.659010009765625000e+02
6.668510131835937500e+02
6.342260742187500000e+02
6.746645507812500000e+02
7.442990722656250000e+02
7.071137084960937500e+02
8.430870971679687500e+02
7.376463012695312500e+02
8.783007202148437500e+02
5.878381958007812500e+02
9.489039306640625000e+02
6.174663085937500000e+02
5.959124145507812500e+02
8.316706542968750000e+02
5.970137939453125000e+02
7.422796630859375000e+02
7.929118652343750000e+02
8.235457763671875000e+02
5.777412109375000000e+02
6.768372192382812500e+02
8.071549072265625000e+02
9.074452514648437500e+02
7.495819091796875000e+02
7.946365966796875000e+02
7.899629516601562500e+02
8.107065429687500000e+02
8.233214721679687500e+02
7.839723510742187500e+02
8.368861083984375000e+02
7.614619750976562500e+02
7.471038818359375000e+02
6.872088623046875000e+02
8.187504882812500000e+02
8.307888793945312500e+02
9.306609497070312500e+02
8.812728271484375000e+02
5.928591918945312500e+02
7.243007202148437500e+02
6.257216186523437500e+02
4.192132263183593750e+02
7.506768188476562500e+02
9.239738769531250000e+02
6.704660034179687500e+02
7.887014160156250000e+02
9.735867919921875000e+02
7.814677124023437500e+02
9.594197998046875000e+02
9.950833129882812500e+02
9.658041381835937500e+02
5.440604858398437500e+02
7.702091674804687500e+02
8.871770629882812500e+02
7.085377807617187500e+02
7.096408691406250000e+02
7.797680664062500000e+02
6.906889038085937500e+02
3.687027587890625000e+02
8.373935546875000000e+02
6.849030761718750000e+02
8.211820678710937500e+02
5.010037231445312500e+02
8.654667968750000000e+02
7.974643554687500000e+02
6.514187622070312500e+02
6.796694946289062500e+02
6.718259887695312500e+02
7.097382202148437500e+02
7.140386962890625000e+02
7.326982421875000000e+02
5.847031860351562500e+02
7.451510620117187500e+02
6.746922607421875000e+02
6.599628295898437500e+02
6.917025146484375000e+02
9.229904785156250000e+02
7.530121459960937500e+02
8.346424560546875000e+02
6.744392089843750000e+02
7.898387451171875000e+02
8.406722412109375000e+02
8.443360595703125000e+02
8.391972656250000000e+02
5.510690307617187500e+02
8.973546752929687500e+02
6.362929687500000000e+02
8.821381835937500000e+02
6.520042114257812500e+02
8.620953979492187500e+02
8.599260864257812500e+02
8.015255126953125000e+02
7.810545654296875000e+02
5.236704711914062500e+02
7.694968261718750000e+02
7.251002197265625000e+02
8.274108886718750000e+02
6.976376953125000000e+02
6.683125610351562500e+02
8.207634887695312500e+02
8.766085205078125000e+02
7.652064819335937500e+02
8.114146118164062500e+02
8.755544433593750000e+02
8.186411132812500000e+02
8.605631713867187500e+02
9.381387939453125000e+02
6.732366943359375000e+02
9.203788452148437500e+02
7.617451782226562500e+02
7.662133789062500000e+02
8.003060302734375000e+02
8.058391723632812500e+02
7.558056640625000000e+02
8.184136962890625000e+02
6.327861938476562500e+02
8.000924072265625000e+02
8.687423095703125000e+02
7.450714111328125000e+02
7.461510620117187500e+02
7.439398803710937500e+02
6.805007324218750000e+02
7.026866455078125000e+02
7.538254394531250000e+02
7.458255615234375000e+02
6.610882568359375000e+02
6.431830444335937500e+02
7.911751708984375000e+02
7.768773803710937500e+02
9.006621704101562500e+02
6.794153442382812500e+02
6.288251342773437500e+02
7.303100585937500000e+02
3.764619140625000000e+02
8.343350830078125000e+02
1.079179321289062500e+03
6.769517211914062500e+02
8.927558593750000000e+02
6.093796997070312500e+02
7.708750000000000000e+02
7.978557739257812500e+02
7.280136718750000000e+02
7.178890991210937500e+02
6.209531250000000000e+02
7.642996215820312500e+02
6.267162475585937500e+02
7.664486083984375000e+02
7.268982543945312500e+02
6.041771850585937500e+02
6.520939331054687500e+02
6.323169555664062500e+02
9.284047241210937500e+02
5.389014282226562500e+02
9.082766723632812500e+02
6.499137573242187500e+02
5.586523437500000000e+02
8.067641601562500000e+02
9.075366821289062500e+02
9.281735229492187500e+02
8.625221557617187500e+02
8.685677490234375000e+02
7.113585815429687500e+02
8.947635498046875000e+02
6.360147705078125000e+02
7.953421020507812500e+02
7.059212646484375000e+02
8.035272827148437500e+02
8.378325195312500000e+02
8.584332885742187500e+02
8.762980346679687500e+02
8.329102783203125000e+02
8.804507446289062500e+02
7.210971679687500000e+02
6.858484497070312500e+02
5.573358154296875000e+02
8.915559692382812500e+02
7.242684326171875000e+02
9.557813110351562500e+02
8.684851074218750000e+02
6.499564819335937500e+02
8.330974121093750000e+02
7.426747436523437500e+02
7.408950195312500000e+02
7.953394165039062500e+02
7.821376342773437500e+02
8.378443603515625000e+02
9.315641479492187500e+02
6.401662597656250000e+02
7.757604370117187500e+02
9.653326416015625000e+02
8.224241943359375000e+02
7.337136840820312500e+02
9.155528564453125000e+02
6.636153564453125000e+02
6.547221679687500000e+02
5.612055664062500000e+02
7.319130249023437500e+02
7.102933959960937500e+02
7.279427490234375000e+02
7.217276000976562500e+02
7.446514892578125000e+02
8.230832519531250000e+02
8.803941040039062500e+02
8.705235595703125000e+02
6.523765258789062500e+02
1.002164001464843750e+03
7.118973999023437500e+02
9.172907104492187500e+02
6.290465698242187500e+02
8.387545166015625000e+02
6.872067260742187500e+02
1.010720275878906250e+03
6.620970458984375000e+02
8.907221679687500000e+02
8.427359619140625000e+02
7.817215576171875000e+02
8.332991333007812500e+02
7.145925292968750000e+02
7.245993652343750000e+02
8.457425537109375000e+02
7.713895874023437500e+02
8.932084960937500000e+02
9.225978393554687500e+02
8.386356201171875000e+02
8.907735595703125000e+02
5.925714111328125000e+02
8.346986083984375000e+02
7.523948974609375000e+02
8.002105712890625000e+02
8.965900268554687500e+02
7.566398315429687500e+02
7.850704345703125000e+02
7.692157592773437500e+02
8.508851928710937500e+02
7.037276000976562500e+02
7.056977539062500000e+02
6.766087646484375000e+02
8.313384399414062500e+02
8.467766113281250000e+02
1.030740356445312500e+03
8.584517822265625000e+02
7.035501708984375000e+02
9.893681030273437500e+02
8.685889892578125000e+02
7.056655273437500000e+02
7.402202758789062500e+02
9.129777832031250000e+02
8.690134277343750000e+02
8.212907714843750000e+02
6.573775634765625000e+02
9.266292114257812500e+02
7.803152465820312500e+02
7.869669189453125000e+02
7.797834472656250000e+02
7.621185302734375000e+02
8.684737548828125000e+02
7.197192993164062500e+02
6.605411376953125000e+02
8.374124755859375000e+02
7.109409179687500000e+02
8.565098876953125000e+02
8.493094482421875000e+02
8.830078735351562500e+02
6.586504516601562500e+02
7.431978759765625000e+02
7.669539794921875000e+02
9.243906250000000000e+02
7.779219360351562500e+02
8.731013183593750000e+02
5.180991821289062500e+02
6.129965820312500000e+02
7.194871215820312500e+02
6.795136718750000000e+02
5.616139526367187500e+02
5.620082397460937500e+02
6.113291015625000000e+02
6.075043334960937500e+02
8.207543334960937500e+02
1.011040832519531250e+03
8.179631958007812500e+02
6.816303710937500000e+02
8.228934936523437500e+02
5.932585449218750000e+02
8.410506591796875000e+02
7.047397460937500000e+02
8.284177246093750000e+02
6.399910888671875000e+02
6.274508666992187500e+02
8.511323242187500000e+02
8.856732788085937500e+02
8.795482788085937500e+02
6.417229003906250000e+02
9.462055053710937500e+02
7.922459716796875000e+02
7.790682983398437500e+02
7.287409667968750000e+02
8.481549682617187500e+02
7.138779296875000000e+02
8.533039550781250000e+02
6.949580688476562500e+02
8.793373413085937500e+02
7.098426513671875000e+02
6.638936767578125000e+02
7.466633300781250000e+02
9.189206542968750000e+02
7.276940917968750000e+02
5.036132202148437500e+02
5.166233520507812500e+02
8.116016235351562500e+02
6.635939331054687500e+02
6.926196899414062500e+02
9.096331787109375000e+02
9.476021728515625000e+02
7.840184936523437500e+02
6.473411865234375000e+02
8.725739135742187500e+02
8.438140869140625000e+02
7.297413940429687500e+02
6.658208007812500000e+02
7.532372436523437500e+02
7.313206787109375000e+02
6.733322753906250000e+02
6.881113281250000000e+02
8.044888305664062500e+02
6.526249389648437500e+02
5.436229858398437500e+02
6.065767822265625000e+02
5.032791748046875000e+02
8.973736572265625000e+02
7.995547485351562500e+02
7.485889282226562500e+02
6.769138183593750000e+02
6.221051025390625000e+02
8.237436523437500000e+02
7.660727539062500000e+02
8.648156738281250000e+02
7.951702270507812500e+02
7.194398803710937500e+02
6.046156616210937500e+02
9.348031616210937500e+02
7.197356567382812500e+02
7.393250732421875000e+02
7.534447021484375000e+02
5.017110595703125000e+02
7.886542968750000000e+02
6.376089477539062500e+02
7.382859497070312500e+02
7.867689208984375000e+02
7.477055053710937500e+02
8.464417724609375000e+02
8.138798828125000000e+02
5.643279418945312500e+02
7.348114624023437500e+02
5.405925292968750000e+02
6.807150268554687500e+02
9.339429321289062500e+02
7.328222045898437500e+02
8.216086425781250000e+02
6.850853881835937500e+02
8.101175537109375000e+02
8.742546386718750000e+02
6.997701416015625000e+02
7.802307128906250000e+02
7.578053588867187500e+02
8.353105468750000000e+02
8.014649658203125000e+02
8.512712402343750000e+02
7.644601440429687500e+02
7.747105102539062500e+02
7.472463378906250000e+02
5.829575195312500000e+02
1.053778930664062500e+03
6.993632202148437500e+02
9.165355834960937500e+02
8.608400268554687500e+02
9.608068237304687500e+02
6.826419677734375000e+02
6.438448486328125000e+02
7.434464721679687500e+02
7.906663208007812500e+02
8.352355957031250000e+02
6.824595947265625000e+02
5.527367553710937500e+02
8.685700073242187500e+02
6.575101318359375000e+02
8.415775146484375000e+02
8.928237915039062500e+02
7.190826416015625000e+02
6.991460571289062500e+02
8.984030761718750000e+02
6.797882690429687500e+02
7.539873046875000000e+02
8.875113525390625000e+02
6.757452392578125000e+02
7.086822509765625000e+02
8.498054809570312500e+02
7.981596679687500000e+02
9.799569702148437500e+02
8.292427978515625000e+02
6.773156738281250000e+02
7.565393676757812500e+02
5.874310913085937500e+02
7.876528930664062500e+02
6.471161499023437500e+02
7.245767822265625000e+02
7.393534545898437500e+02
8.291777343750000000e+02
9.413287963867187500e+02
8.550228271484375000e+02
7.687534790039062500e+02
6.836698608398437500e+02
6.980879516601562500e+02
6.277104492187500000e+02
7.182994384765625000e+02
8.148628540039062500e+02
8.793867797851562500e+02
7.650484619140625000e+02
7.574251098632812500e+02
8.405193481445312500e+02
8.874821777343750000e+02
8.689751586914062500e+02
7.697239990234375000e+02
8.597105712890625000e+02
7.920809326171875000e+02
8.485231933593750000e+02
8.257000122070312500e+02
8.157766113281250000e+02
6.878170166015625000e+02
8.590799560546875000e+02
7.676043090820312500e+02
5.929417724609375000e+02
5.061740417480468750e+02
8.543736572265625000e+02
9.377423706054687500e+02
6.399419555664062500e+02
6.364836425781250000e+02
7.317664794921875000e+02
8.385193481445312500e+02
7.622227172851562500e+02
6.543063354492187500e+02
8.658342895507812500e+02
7.912361450195312500e+02
6.670080566406250000e+02
7.929649047851562500e+02
6.023875122070312500e+02
7.532646484375000000e+02
8.347363281250000000e+02
7.207457275390625000e+02
7.845114135742187500e+02
6.995800781250000000e+02
9.815926513671875000e+02
6.777188110351562500e+02
6.833530273437500000e+02
7.363084716796875000e+02
5.991657104492187500e+02
6.994065551757812500e+02
6.226470947265625000e+02
7.849672851562500000e+02
7.527272949218750000e+02
6.686531982421875000e+02
6.067630004882812500e+02
7.391265258789062500e+02
8.754134521484375000e+02
9.112550659179687500e+02
7.199909057617187500e+02
7.445955810546875000e+02
6.416734008789062500e+02
5.926135864257812500e+02
5.596762084960937500e+02
8.457712402343750000e+02
8.689386596679687500e+02
8.016846923828125000e+02
1.000400512695312500e+03
8.764724121093750000e+02
9.097395629882812500e+02
8.959942016601562500e+02
5.501668701171875000e+02
6.688093261718750000e+02
6.537230834960937500e+02
8.722548217773437500e+02
8.640247802734375000e+02
5.303431396484375000e+02
6.745455322265625000e+02
7.725489501953125000e+02
4.585747375488281250e+02
7.116921997070312500e+02
6.073542480468750000e+02
6.516207275390625000e+02
7.691142578125000000e+02
7.870431518554687500e+02
7.748753051757812500e+02
8.134072875976562500e+02
8.636965332031250000e+02
7.654434814453125000e+02
8.313250122070312500e+02
7.253663330078125000e+02
6.171915893554687500e+02
8.947815551757812500e+02
8.339401855468750000e+02
7.481285400390625000e+02
7.386064453125000000e+02
6.569761962890625000e+02
8.970187377929687500e+02
9.311395874023437500e+02
1.063733886718750000e+03
5.476934204101562500e+02
5.906920166015625000e+02
6.715085449218750000e+02
5.089101867675781250e+02
6.989717407226562500e+02
8.259464721679687500e+02
9.915961914062500000e+02
7.636300048828125000e+02
7.376145019531250000e+02
9.374582519531250000e+02
8.159378662109375000e+02
8.465999145507812500e+02
4.681815185546875000e+02
7.050605468750000000e+02
6.662023315429687500e+02
8.240121459960937500e+02
6.519810180664062500e+02
5.908508300781250000e+02
7.418391723632812500e+02
6.818020019531250000e+02
7.849075317382812500e+02
7.927150878906250000e+02
8.725399169921875000e+02
6.259793090820312500e+02
6.635706176757812500e+02
7.438867797851562500e+02
7.851314697265625000e+02
4.963497009277343750e+02
6.956035156250000000e+02
7.643958740234375000e+02
6.629398803710937500e+02
6.070390014648437500e+02
5.778601684570312500e+02
7.399164428710937500e+02
6.183562622070312500e+02
8.017897949218750000e+02
8.157026977539062500e+02
7.720155639648437500e+02
8.802544555664062500e+02
8.195116577148437500e+02
8.665123901367187500e+02
8.488126220703125000e+02
6.246403808593750000e+02
7.106201171875000000e+02
7.462571411132812500e+02
6.138378295898437500e+02
8.287832031250000000e+02
7.478341674804687500e+02
8.980939331054687500e+02
7.214673461914062500e+02
7.576830444335937500e+02
7.372412109375000000e+02
8.381068725585937500e+02
8.091575927734375000e+02
7.205955810546875000e+02
8.598124389648437500e+02
7.698036499023437500e+02
7.044478149414062500e+02
6.057199096679687500e+02
1.016738281250000000e+03
6.763040161132812500e+02
7.445628051757812500e+02
6.669199218750000000e+02
8.151318359375000000e+02
7.977258300781250000e+02
7.291365356445312500e+02
6.263837280273437500e+02
8.118322143554687500e+02
6.256043090820312500e+02
7.976219482421875000e+02
8.432611694335937500e+02
8.774235839843750000e+02
9.052354125976562500e+02
7.059659423828125000e+02
8.466801757812500000e+02
8.308543701171875000e+02
8.013812866210937500e+02
7.478734741210937500e+02
6.839608154296875000e+02
7.107078247070312500e+02
7.732542724609375000e+02
8.197915649414062500e+02
6.441167602539062500e+02
5.325956420898437500e+02
7.441762695312500000e+02
6.369573974609375000e+02
6.124321899414062500e+02
6.083012084960937500e+02
8.661360473632812500e+02
1.060757690429687500e+03
8.861271362304687500e+02
7.836339111328125000e+02
6.427402954101562500e+02
9.227442016601562500e+02
8.360460815429687500e+02
8.841645507812500000e+02
6.838720092773437500e+02
6.525416870117187500e+02
7.015776977539062500e+02
9.234841918945312500e+02
6.964921875000000000e+02
7.553682250976562500e+02
6.971066284179687500e+02
7.851022949218750000e+02
6.867974853515625000e+02
8.210062255859375000e+02
6.641228637695312500e+02
7.240275878906250000e+02
7.688455200195312500e+02
7.901049194335937500e+02
9.257493286132812500e+02
1.015435668945312500e+03
8.376358032226562500e+02
8.485784301757812500e+02
6.251129150390625000e+02
9.121838378906250000e+02
6.382252197265625000e+02
8.623061523437500000e+02
6.913461914062500000e+02
7.329306640625000000e+02
9.275582275390625000e+02
6.842934570312500000e+02
9.470829467773437500e+02
6.785241699218750000e+02
9.049706420898437500e+02
6.385904541015625000e+02
8.360982055664062500e+02
7.164326171875000000e+02
6.592665405273437500e+02
7.030719604492187500e+02
6.760961914062500000e+02
7.921783447265625000e+02
6.705983276367187500e+02
6.859014282226562500e+02
6.733798217773437500e+02
6.586029663085937500e+02
9.664812011718750000e+02
6.339755249023437500e+02
7.430368652343750000e+02
8.370822753906250000e+02
8.503156738281250000e+02
6.987824096679687500e+02
7.535564575195312500e+02
8.664586181640625000e+02
7.096237182617187500e+02
5.713457031250000000e+02
7.354426269531250000e+02
7.881419067382812500e+02
5.757294311523437500e+02
7.068034057617187500e+02
7.430875244140625000e+02
6.586188354492187500e+02
7.197387084960937500e+02
8.263235473632812500e+02
6.847606811523437500e+02
7.726060791015625000e+02
7.561939086914062500e+02
6.324406738281250000e+02
7.518167114257812500e+02
8.381929321289062500e+02
6.001306762695312500e+02
8.208425903320312500e+02
9.010809936523437500e+02
7.570534667968750000e+02
8.339911499023437500e+02
7.337959594726562500e+02
6.095115966796875000e+02
8.633201293945312500e+02
6.635330200195312500e+02
6.567608642578125000e+02
6.788931884765625000e+02
7.618444213867187500e+02
6.848701171875000000e+02
7.122248535156250000e+02
8.881203613281250000e+02
7.990665893554687500e+02
6.765958251953125000e+02
8.770781860351562500e+02
7.767969360351562500e+02
8.752330322265625000e+02
8.211896362304687500e+02
4.817251586914062500e+02
7.990305786132812500e+02
7.580266113281250000e+02
6.211301269531250000e+02
5.893720703125000000e+02
8.606926269531250000e+02
6.847606201171875000e+02
7.459779052734375000e+02
8.194871215820312500e+02
8.021083984375000000e+02
7.774359130859375000e+02
8.158701782226562500e+02
7.529076538085937500e+02
7.039848022460937500e+02
8.689071655273437500e+02
7.262518310546875000e+02
7.464791259765625000e+02
7.016705322265625000e+02
8.599854736328125000e+02
7.902281494140625000e+02
6.719867553710937500e+02
1.003574829101562500e+03
6.287081298828125000e+02
6.207266235351562500e+02
6.721444702148437500e+02
5.578789672851562500e+02
8.309855346679687500e+02
6.140640258789062500e+02
7.515925292968750000e+02
7.026448974609375000e+02
6.322377929687500000e+02
8.655147094726562500e+02
7.123479614257812500e+02
7.034537353515625000e+02
7.035868530273437500e+02
5.883914794921875000e+02
8.210978393554687500e+02
6.704819335937500000e+02
9.001149291992187500e+02
7.691398925781250000e+02
7.973691406250000000e+02
7.821260375976562500e+02
8.030393676757812500e+02
6.958200683593750000e+02
9.483015747070312500e+02
6.588297119140625000e+02
7.255003662109375000e+02
7.090874633789062500e+02
7.199796142578125000e+02
7.002876586914062500e+02
8.163669433593750000e+02
6.923072509765625000e+02
7.921450195312500000e+02
6.911225585937500000e+02
9.599555664062500000e+02
8.186795654296875000e+02
6.153246459960937500e+02
8.753908691406250000e+02
7.485164184570312500e+02
7.270555419921875000e+02
7.097961425781250000e+02
7.833204956054687500e+02
8.171303710937500000e+02
8.079434204101562500e+02
8.498023071289062500e+02
7.419053344726562500e+02
7.111946411132812500e+02
7.669328613281250000e+02
7.832194213867187500e+02
8.447979125976562500e+02
7.311337280273437500e+02
7.438554077148437500e+02
7.729620361328125000e+02
6.953852539062500000e+02
7.389835205078125000e+02
5.746475830078125000e+02
8.000980834960937500e+02
7.318137207031250000e+02
9.182211303710937500e+02
8.569649047851562500e+02
5.908069458007812500e+02
8.251707153320312500e+02
8.250241699218750000e+02
5.911760253906250000e+02
7.317709960937500000e+02
7.813499145507812500e+02
6.420297241210937500e+02
7.621990356445312500e+02
7.499456176757812500e+02
6.955936279296875000e+02
8.254138183593750000e+02
6.337232055664062500e+02
6.673909301757812500e+02
8.610190429687500000e+02
7.369044189453125000e+02
6.977391357421875000e+02
7.036143798828125000e+02
6.761323852539062500e+02
7.400942993164062500e+02
7.362214965820312500e+02
9.157014770507812500e+02
8.040028076171875000e+02
6.151110229492187500e+02
6.380715332031250000e+02
7.935504150390625000e+02
1.034082397460937500e+03
7.070136108398437500e+02
7.887484741210937500e+02
7.236282348632812500e+02
7.967379150390625000e+02
6.185689086914062500e+02
7.687012939453125000e+02
7.728131103515625000e+02
6.839425659179687500e+02
8.725280761718750000e+02
7.077796630859375000e+02
6.753768310546875000e+02
5.465612792968750000e+02
7.146624755859375000e+02
6.864307861328125000e+02
5.934011840820312500e+02
8.274920654296875000e+02
7.482033691406250000e+02
9.157646484375000000e+02
7.192859497070312500e+02
9.396759033203125000e+02
7.342198486328125000e+02
6.937341308593750000e+02
8.333468017578125000e+02
6.742694091796875000e+02
7.847467651367187500e+02
8.744656372070312500e+02
6.468402709960937500e+02
6.325227661132812500e+02
7.570475463867187500e+02
5.961088256835937500e+02
7.191583251953125000e+02
6.870043945312500000e+02
5.778256225585937500e+02
7.794120483398437500e+02
7.528767089843750000e+02
6.103408203125000000e+02
8.110211791992187500e+02
7.949118652343750000e+02
7.837728271484375000e+02
8.577052001953125000e+02
8.175666503906250000e+02
1.011556518554687500e+03
6.922611083984375000e+02
9.311539306640625000e+02
7.263989257812500000e+02
5.827199707031250000e+02
5.395507812500000000e+02
6.575769653320312500e+02
8.249298706054687500e+02
8.821721191406250000e+02
8.341646728515625000e+02
7.393264160156250000e+02
6.968441772460937500e+02
7.824359741210937500e+02
7.421411743164062500e+02
9.728224487304687500e+02
7.689816894531250000e+02
8.385288696289062500e+02
7.310839843750000000e+02
7.296070556640625000e+02
7.034641113281250000e+02
9.454063110351562500e+02
7.204859008789062500e+02
6.849428710937500000e+02
7.389353637695312500e+02
6.194213256835937500e+02
7.822727050781250000e+02
8.238225097656250000e+02
6.531843261718750000e+02
6.589650268554687500e+02
8.336688842773437500e+02
4.839360656738281250e+02
6.144766845703125000e+02
9.062163696289062500e+02
7.156171875000000000e+02
8.054859008789062500e+02
7.825203247070312500e+02
9.658710327148437500e+02
6.173717041015625000e+02
8.216016845703125000e+02
8.663138427734375000e+02
8.433715820312500000e+02
8.455883789062500000e+02
5.259351196289062500e+02
6.553792724609375000e+02
6.752508544921875000e+02
7.978621826171875000e+02
6.514600219726562500e+02
6.316945190429687500e+02
5.730661621093750000e+02
8.046776733398437500e+02
6.006462402343750000e+02
8.246340942382812500e+02
8.223658447265625000e+02
8.207282104492187500e+02
7.712671508789062500e+02
8.229849243164062500e+02
5.839497680664062500e+02
7.958093261718750000e+02
7.082257080078125000e+02
7.142354736328125000e+02
7.683717651367187500e+02
6.924457397460937500e+02
8.531687622070312500e+02
8.874765014648437500e+02
6.946710815429687500e+02
7.790550537109375000e+02
6.779291992187500000e+02
7.993702392578125000e+02
8.433094482421875000e+02
8.513509521484375000e+02
8.711169433593750000e+02
6.266166992187500000e+02
7.691581420898437500e+02
9.219586181640625000e+02
6.190319213867187500e+02
6.037546997070312500e+02
7.226041870117187500e+02
7.575521240234375000e+02
8.259043579101562500e+02
9.602253417968750000e+02
9.136795043945312500e+02
7.898027954101562500e+02
6.435193481445312500e+02
8.995921630859375000e+02
1.002795959472656250e+03
8.615499267578125000e+02
8.773098144531250000e+02
7.399895629882812500e+02
6.732904052734375000e+02
7.894950561523437500e+02
7.696928710937500000e+02
6.830331420898437500e+02
7.122191772460937500e+02
4.883099670410156250e+02
6.491292114257812500e+02
6.890623168945312500e+02
7.574204101562500000e+02
6.385495605468750000e+02
7.666418457031250000e+02
8.867102050781250000e+02
7.911123046875000000e+02
7.436563720703125000e+02
9.848133544921875000e+02
9.411010131835937500e+02
6.033465576171875000e+02
8.004880371093750000e+02
8.568353271484375000e+02
8.334266967773437500e+02
8.916058349609375000e+02
7.243636474609375000e+02
7.825900268554687500e+02
8.864265136718750000e+02
9.296281738281250000e+02
9.624357299804687500e+02
7.214199829101562500e+02
6.908175659179687500e+02
8.455673217773437500e+02
6.251584472656250000e+02
7.844571533203125000e+02
8.418874511718750000e+02
7.416307373046875000e+02
8.146837768554687500e+02
8.386762695312500000e+02
6.475025634765625000e+02
8.111303710937500000e+02
5.616200561523437500e+02
6.906539916992187500e+02
6.609639282226562500e+02
6.607348632812500000e+02
7.407098999023437500e+02
5.785000000000000000e+02
9.225687866210937500e+02
5.034068603515625000e+02
6.247171630859375000e+02
7.314433593750000000e+02
1.067187133789062500e+03
6.377219238281250000e+02
7.916149291992187500e+02
6.282662353515625000e+02
9.590377807617187500e+02
7.963238525390625000e+02
7.605010986328125000e+02
8.458314819335937500e+02
6.095194091796875000e+02
5.228910522460937500e+02
1.094458007812500000e+03
8.333080444335937500e+02
6.066094360351562500e+02
8.560086669921875000e+02
7.454458618164062500e+02
7.531708984375000000e+02
6.561115112304687500e+02
1.034835571289062500e+03
7.510332641601562500e+02
9.201860961914062500e+02
5.862612304687500000e+02
7.682037353515625000e+02
8.470134277343750000e+02
9.160578002929687500e+02
8.120812988281250000e+02
7.818087768554687500e+02
6.849288940429687500e+02
7.019907226562500000e+02
8.944461669921875000e+02
8.111436767578125000e+02
8.654592285156250000e+02
7.736190795898437500e+02
7.595324096679687500e+02
6.959652099609375000e+02
8.015501098632812500e+02
7.535438842773437500e+02
8.350825805664062500e+02
7.101428833007812500e+02
1.009146667480468750e+03
9.613369140625000000e+02
8.570836791992187500e+02
7.775561523437500000e+02
1.006504821777343750e+03
8.102765502929687500e+02
9.224539184570312500e+02
6.213225097656250000e+02
5.770046386718750000e+02
7.191624755859375000e+02
9.033362426757812500e+02
7.793348388671875000e+02
6.189958496093750000e+02
8.350391235351562500e+02
9.402296142578125000e+02
1.011545776367187500e+03
7.347287597656250000e+02
5.961978149414062500e+02
8.350927124023437500e+02
7.012894287109375000e+02
8.349755249023437500e+02
8.333130493164062500e+02
6.567925415039062500e+02
8.181694946289062500e+02
9.051524658203125000e+02
7.735097656250000000e+02
7.707550048828125000e+02
7.668616943359375000e+02
8.717343750000000000e+02
8.465676879882812500e+02
6.542893066406250000e+02
7.700144653320312500e+02
5.993284912109375000e+02
8.994813232421875000e+02
8.758632812500000000e+02
8.217612304687500000e+02
8.310408325195312500e+02
7.840512695312500000e+02
7.083052978515625000e+02
5.754863281250000000e+02
9.722543334960937500e+02
5.482029418945312500e+02
6.617283325195312500e+02
7.326472778320312500e+02
7.770328369140625000e+02
7.953332519531250000e+02
5.471969604492187500e+02
8.168449707031250000e+02
7.324642944335937500e+02
8.083240966796875000e+02
7.852492065429687500e+02
5.250618896484375000e+02
6.332510375976562500e+02
7.202442626953125000e+02
8.620310058593750000e+02
7.787157592773437500e+02
8.590819702148437500e+02
8.043260498046875000e+02
7.338015136718750000e+02
1.084100952148437500e+03
7.367414550781250000e+02
6.832036743164062500e+02
5.669433593750000000e+02
6.902554931640625000e+02
8.856000366210937500e+02
8.520809936523437500e+02
8.410512695312500000e+02
6.137637329101562500e+02
6.402286376953125000e+02
7.955028076171875000e+02
7.515250854492187500e+02
6.945277099609375000e+02
6.537333374023437500e+02
6.778461914062500000e+02
7.709960327148437500e+02
6.639731445312500000e+02
5.261277465820312500e+02
6.303431396484375000e+02
8.674791259765625000e+02
7.541687622070312500e+02
7.631438598632812500e+02
6.701504516601562500e+02
8.657343139648437500e+02
7.260715942382812500e+02
9.174355468750000000e+02
8.466467895507812500e+02
6.456688232421875000e+02
8.451964111328125000e+02
8.520293579101562500e+02
7.865854492187500000e+02
7.287809448242187500e+02
7.663739013671875000e+02
8.341031494140625000e+02
8.811507568359375000e+02
7.232272949218750000e+02
7.237207641601562500e+02
7.960038452148437500e+02
7.875474853515625000e+02
8.921360473632812500e+02
9.065869140625000000e+02
8.145515136718750000e+02
7.208695678710937500e+02
6.421985473632812500e+02
7.170247802734375000e+02
7.200977783203125000e+02
9.870633544921875000e+02
7.449976806640625000e+02
9.676663208007812500e+02
9.176488037109375000e+02
7.383232421875000000e+02
8.937736816406250000e+02
7.691931762695312500e+02
7.664750366210937500e+02
7.317501831054687500e+02
6.965861206054687500e+02
7.149100341796875000e+02
7.673217163085937500e+02
7.514801025390625000e+02
7.097578125000000000e+02
9.595104980468750000e+02
6.771728515625000000e+02
6.238096923828125000e+02
8.484730834960937500e+02
7.757969970703125000e+02
9.073051147460937500e+02
8.470374145507812500e+02
6.811749877929687500e+02
6.496143188476562500e+02
7.804160766601562500e+02
5.949803466796875000e+02
7.403031616210937500e+02
6.166988525390625000e+02
8.427597656250000000e+02
6.557042236328125000e+02
7.145386352539062500e+02
8.147636108398437500e+02
7.887044067382812500e+02
8.246346435546875000e+02
5.709631347656250000e+02
6.109750976562500000e+02
9.667883911132812500e+02
6.281763305664062500e+02
7.472514038085937500e+02
9.874956054687500000e+02
8.210166015625000000e+02
5.810748901367187500e+02
6.984039916992187500e+02
7.309016723632812500e+02
6.378648681640625000e+02
7.632790527343750000e+02
7.603446044921875000e+02
8.210108032226562500e+02
5.151896972656250000e+02
8.571416625976562500e+02
6.844708862304687500e+02
9.351314697265625000e+02
6.684809570312500000e+02
9.053109130859375000e+02
6.034505004882812500e+02
7.466049804687500000e+02
6.675101928710937500e+02
5.410311889648437500e+02
7.573931274414062500e+02
6.499179077148437500e+02
7.192244873046875000e+02
6.841138916015625000e+02
6.012391967773437500e+02
8.570269165039062500e+02
9.241398925781250000e+02
7.675233154296875000e+02
8.421049804687500000e+02
6.776335449218750000e+02
8.400666503906250000e+02
7.547543334960937500e+02
8.619346923828125000e+02
9.547828979492187500e+02
7.948843994140625000e+02
7.957845458984375000e+02
6.507246093750000000e+02
5.471155395507812500e+02
9.182321777343750000e+02
9.408504028320312500e+02
6.479285278320312500e+02
8.764308471679687500e+02
6.728317260742187500e+02
8.403759155273437500e+02
9.150106811523437500e+02
7.160911254882812500e+02
6.055425415039062500e+02
7.350938110351562500e+02
8.241690063476562500e+02
6.086940307617187500e+02
6.670151367187500000e+02
5.069828796386718750e+02
7.636517944335937500e+02
8.122134399414062500e+02
6.351751708984375000e+02
7.185936279296875000e+02
7.244056396484375000e+02
8.276518554687500000e+02
7.140833740234375000e+02
7.585814208984375000e+02
6.842776489257812500e+02
7.867375488281250000e+02
7.613160400390625000e+02
6.014289550781250000e+02
8.146047973632812500e+02
9.050195312500000000e+02
5.976931762695312500e+02
7.589614868164062500e+02
7.867512817382812500e+02
9.137174072265625000e+02
7.904788818359375000e+02
9.595048217773437500e+02
8.792278442382812500e+02
8.674688110351562500e+02
1.034084594726562500e+03
7.784868164062500000e+02
8.071806640625000000e+02
6.967185058593750000e+02
7.221617431640625000e+02
8.773363647460937500e+02
7.078853149414062500e+02
7.478442993164062500e+02
7.519757690429687500e+02
7.686433715820312500e+02
9.237819824218750000e+02
7.054798583984375000e+02
7.001154785156250000e+02
7.786166992187500000e+02
8.848397216796875000e+02
7.410349731445312500e+02
7.486705932617187500e+02
7.931271362304687500e+02
9.179067993164062500e+02
6.232946777343750000e+02
6.766322631835937500e+02
7.743341674804687500e+02
8.474611206054687500e+02
7.467877807617187500e+02
8.500555419921875000e+02
6.621117553710937500e+02
6.613315429687500000e+02
7.106720581054687500e+02
8.662058105468750000e+02
7.716299438476562500e+02
5.638614501953125000e+02
6.550923461914062500e+02
5.999352416992187500e+02
6.463198242187500000e+02
7.975976562500000000e+02
5.658457641601562500e+02
8.124128417968750000e+02
8.256890869140625000e+02
8.741350097656250000e+02
8.825619506835937500e+02
8.405644531250000000e+02
6.312712402343750000e+02
7.671892700195312500e+02
8.044891357421875000e+02
7.973367919921875000e+02
7.583623657226562500e+02
8.941689453125000000e+02
7.485056152343750000e+02
8.035309448242187500e+02
6.827951660156250000e+02
6.522168579101562500e+02
8.583266601562500000e+02
7.061793212890625000e+02
8.284052734375000000e+02
5.603671875000000000e+02
8.317144165039062500e+02
7.146577758789062500e+02
6.868618164062500000e+02
6.884059448242187500e+02
7.130416259765625000e+02
8.165255126953125000e+02
5.014869384765625000e+02
9.230510253906250000e+02
6.696301879882812500e+02
7.597954101562500000e+02
7.064385375976562500e+02
7.125123291015625000e+02
8.089373168945312500e+02
7.407521362304687500e+02
9.694455566406250000e+02
5.180056762695312500e+02
8.078314819335937500e+02
6.115299072265625000e+02
7.674638671875000000e+02
5.414066162109375000e+02
6.303934326171875000e+02
6.089079589843750000e+02
6.321570434570312500e+02
8.493028564453125000e+02
7.870423583984375000e+02
7.891586303710937500e+02
6.998524169921875000e+02
8.363143310546875000e+02
8.071148681640625000e+02
9.553109741210937500e+02
7.251795654296875000e+02
8.473389282226562500e+02
7.112539062500000000e+02
7.868958129882812500e+02
8.889542846679687500e+02
8.521238403320312500e+02
7.797982788085937500e+02
6.849394531250000000e+02
7.098458251953125000e+02
7.024118041992187500e+02
8.622457885742187500e+02
5.788906250000000000e+02
5.768999633789062500e+02
9.181685791015625000e+02
7.597920532226562500e+02
8.108876953125000000e+02
7.759199218750000000e+02
6.648930053710937500e+02
6.185910644531250000e+02
6.661411743164062500e+02
7.327468872070312500e+02
8.389757690429687500e+02
8.558797607421875000e+02
8.431075439453125000e+02
9.069210205078125000e+02
7.995372314453125000e+02
7.321779785156250000e+02
6.589329223632812500e+02
7.130975952148437500e+02
8.249125976562500000e+02
6.831586303710937500e+02
7.713787231445312500e+02
8.497277221679687500e+02
8.255139770507812500e+02
8.131021118164062500e+02
8.936036987304687500e+02
6.696852416992187500e+02
8.359447021484375000e+02
7.768060913085937500e+02
7.981431274414062500e+02
7.817473754882812500e+02
6.778092041015625000e+02
7.742431640625000000e+02
5.658707275390625000e+02
8.004540405273437500e+02
8.077483520507812500e+02
7.881912231445312500e+02
7.781477050781250000e+02
8.794769287109375000e+02
8.329188232421875000e+02
7.994748535156250000e+02
6.108442382812500000e+02
6.448467407226562500e+02
8.441046752929687500e+02
7.323512573242187500e+02
7.904999389648437500e+02
7.288355712890625000e+02
8.511900024414062500e+02
7.326884765625000000e+02
9.437906494140625000e+02
7.066688842773437500e+02
8.587915649414062500e+02
8.397325439453125000e+02
9.021699218750000000e+02
8.511996459960937500e+02
6.916136474609375000e+02
5.810798950195312500e+02
8.528670043945312500e+02
5.827303466796875000e+02
7.761095581054687500e+02
6.260013427734375000e+02
7.934353027343750000e+02
8.892213134765625000e+02
8.658081054687500000e+02
1.005367431640625000e+03
8.121105346679687500e+02
6.648338623046875000e+02
6.399096069335937500e+02
8.332829589843750000e+02
7.571212158203125000e+02
5.129998168945312500e+02
7.840523071289062500e+02
9.401055908203125000e+02
7.785344238281250000e+02
8.545649414062500000e+02
7.139456176757812500e+02
7.759298706054687500e+02
8.495491943359375000e+02
9.082822875976562500e+02
9.416899414062500000e+02
7.709871826171875000e+02
8.081232299804687500e+02
8.048411865234375000e+02
7.915178222656250000e+02
7.415254516601562500e+02
6.848988037109375000e+02
7.186318359375000000e+02
9.885953979492187500e+02
6.911220092773437500e+02
9.010667114257812500e+02
8.909960327148437500e+02
8.966978149414062500e+02
8.547343750000000000e+02
6.794705810546875000e+02
6.193632812500000000e+02
8.005775756835937500e+02
7.804984741210937500e+02
9.045571899414062500e+02
4.532979125976562500e+02
9.012206420898437500e+02
7.883448486328125000e+02
7.497922363281250000e+02
5.813499145507812500e+02
7.369960937500000000e+02
1.022767883300781250e+03
7.403836669921875000e+02
5.892664184570312500e+02
7.333695678710937500e+02
6.604833984375000000e+02
8.431580200195312500e+02
5.060570068359375000e+02
6.130132446289062500e+02
7.719188842773437500e+02
7.536693725585937500e+02
6.256594848632812500e+02
6.473566894531250000e+02
9.299616699218750000e+02
8.455233764648437500e+02
8.565747070312500000e+02
5.597742309570312500e+02
8.937854614257812500e+02
7.732510375976562500e+02
5.829986572265625000e+02
6.514926147460937500e+02
8.527427978515625000e+02
8.228142089843750000e+02
5.874324340820312500e+02
8.018887329101562500e+02
6.598543090820312500e+02
6.509929199218750000e+02
7.430462036132812500e+02
7.004159545898437500e+02
6.983468017578125000e+02
8.572039794921875000e+02
7.605281372070312500e+02
9.774998779296875000e+02
8.828405151367187500e+02
8.442337036132812500e+02
7.835821533203125000e+02
6.769354858398437500e+02
7.117286987304687500e+02
7.114716796875000000e+02
8.211152954101562500e+02
6.725372314453125000e+02
6.857675781250000000e+02
8.028518066406250000e+02
6.721998901367187500e+02
6.948293457031250000e+02
6.044255371093750000e+02
7.871914672851562500e+02
8.338507690429687500e+02
7.057337036132812500e+02
6.276989135742187500e+02
5.213463134765625000e+02
8.607046508789062500e+02
8.925759277343750000e+02
7.504281616210937500e+02
5.560445556640625000e+02
7.708589477539062500e+02
6.536159057617187500e+02
8.224524536132812500e+02
7.917109985351562500e+02
6.160958251953125000e+02
7.326658935546875000e+02
7.666093750000000000e+02
8.335348510742187500e+02
9.155404663085937500e+02
8.066911010742187500e+02
6.852755737304687500e+02
7.284948730468750000e+02
7.738029174804687500e+02
6.151179199218750000e+02
9.354318847656250000e+02
8.490980834960937500e+02
7.073109130859375000e+02
9.747549438476562500e+02
7.715237426757812500e+02
6.475170898437500000e+02
7.173504638671875000e+02
8.015568237304687500e+02
6.085610351562500000e+02
8.413751220703125000e+02
7.351325683593750000e+02
7.218400268554687500e+02
4.225754699707031250e+02
7.445650024414062500e+02
9.895329589843750000e+02
7.978305053710937500e+02
7.776339111328125000e+02
6.124114990234375000e+02
9.058196411132812500e+02
7.942428588867187500e+02
8.772011108398437500e+02
7.886977539062500000e+02
8.265818481445312500e+02
9.521163330078125000e+02
9.789788208007812500e+02
6.993719482421875000e+02
8.345130615234375000e+02
8.960415649414062500e+02
7.136843261718750000e+02
6.158583374023437500e+02
9.420894775390625000e+02
5.425368652343750000e+02
7.001275634765625000e+02
7.679397583007812500e+02
9.138980712890625000e+02
7.808904418945312500e+02
8.394396362304687500e+02
7.172921142578125000e+02
7.225848388671875000e+02
6.977854614257812500e+02
8.323099365234375000e+02
7.603533935546875000e+02
6.675088500976562500e+02
7.365330810546875000e+02
6.579420776367187500e+02
7.608182983398437500e+02
7.658029785156250000e+02
7.455039672851562500e+02
7.077337646484375000e+02
7.315860595703125000e+02
7.670567016601562500e+02
9.279990844726562500e+02
7.930722045898437500e+02
7.280460205078125000e+02
8.725162353515625000e+02
8.734371948242187500e+02
7.548715820312500000e+02
6.390680541992187500e+02
6.577137451171875000e+02
8.318598632812500000e+02
9.072034912109375000e+02
7.228949584960937500e+02
9.117576293945312500e+02
1.014735107421875000e+03
8.403677978515625000e+02
9.410272827148437500e+02
7.887509765625000000e+02
8.932766113281250000e+02
7.954595336914062500e+02
7.370031738281250000e+02
9.313436279296875000e+02
7.225275268554687500e+02
5.889776000976562500e+02
8.825316162109375000e+02
9.198543701171875000e+02
7.619197998046875000e+02
8.271779785156250000e+02
8.628696899414062500e+02
7.501548461914062500e+02
8.469104614257812500e+02
7.738330688476562500e+02
9.299785766601562500e+02
9.199707031250000000e+02
7.176352539062500000e+02
7.371130371093750000e+02
4.898704528808593750e+02
9.049319458007812500e+02
6.727465209960937500e+02
8.512927856445312500e+02
6.366274414062500000e+02
8.964262084960937500e+02
6.654472656250000000e+02
8.210437011718750000e+02
7.983052978515625000e+02
6.096942749023437500e+02
5.590464477539062500e+02
8.617855224609375000e+02
8.224357299804687500e+02
7.365855712890625000e+02
6.418851928710937500e+02
7.682247314453125000e+02
7.200573730468750000e+02
7.032883300781250000e+02
8.516829833984375000e+02
9.440735473632812500e+02
6.382025756835937500e+02
7.312534790039062500e+02
6.617347412109375000e+02
8.198373413085937500e+02
8.121724243164062500e+02
7.589019775390625000e+02
4.991263427734375000e+02
8.533929443359375000e+02
7.630847167968750000e+02
8.584605102539062500e+02
5.133370361328125000e+02
7.642817993164062500e+02
7.217201538085937500e+02
8.947672119140625000e+02
8.078872680664062500e+02
8.674548339843750000e+02
7.068333740234375000e+02
7.789270629882812500e+02
9.601284179687500000e+02
9.274900512695312500e+02
6.655565185546875000e+02
9.378613891601562500e+02
8.031078491210937500e+02
6.231765136718750000e+02
9.392431640625000000e+02
9.022238769531250000e+02
6.233334350585937500e+02
6.695368652343750000e+02
7.120678710937500000e+02
7.760690307617187500e+02
7.501655273437500000e+02
7.260517578125000000e+02
9.199592285156250000e+02
9.319963989257812500e+02
7.298187255859375000e+02
7.411212158203125000e+02
7.893114624023437500e+02
7.634297485351562500e+02
7.383657226562500000e+02
6.116010742187500000e+02
8.963894653320312500e+02
7.884518432617187500e+02
8.311177368164062500e+02
8.350253906250000000e+02
7.714744262695312500e+02
7.564540405273437500e+02
7.466958618164062500e+02
8.570530395507812500e+02
9.019679565429687500e+02
7.472156372070312500e+02
6.575742187500000000e+02
7.771901855468750000e+02
8.179275512695312500e+02
7.310558471679687500e+02
8.739135131835937500e+02
8.328259887695312500e+02
9.841665649414062500e+02
7.057529907226562500e+02
9.050321655273437500e+02
7.886844482421875000e+02
9.237233276367187500e+02
6.494696044921875000e+02
7.417820434570312500e+02
8.712227172851562500e+02
8.985964965820312500e+02
7.456890869140625000e+02
8.232464599609375000e+02
9.585173950195312500e+02
6.052166748046875000e+02
8.563067016601562500e+02
8.168767700195312500e+02
8.357558593750000000e+02
6.174628295898437500e+02
8.978020629882812500e+02
6.745748901367187500e+02
8.178904418945312500e+02
9.886412353515625000e+02
6.159723510742187500e+02
7.984010620117187500e+02
8.441646118164062500e+02
8.158455810546875000e+02
8.834212036132812500e+02
8.605549316406250000e+02
7.379616088867187500e+02
8.684581909179687500e+02
8.196327514648437500e+02
7.011389770507812500e+02
8.921633911132812500e+02
8.018394775390625000e+02
6.947187500000000000e+02
8.900871582031250000e+02
9.176701049804687500e+02
7.188220214843750000e+02
9.206917114257812500e+02
6.557965087890625000e+02
8.370303955078125000e+02
7.584578247070312500e+02
7.348768310546875000e+02
8.027008056640625000e+02
1.025956420898437500e+03
8.576146850585937500e+02
9.401638793945312500e+02
7.635362548828125000e+02
7.155574951171875000e+02
7.826394653320312500e+02
6.088663330078125000e+02
6.886777954101562500e+02
6.187871093750000000e+02
9.955764770507812500e+02
8.557529296875000000e+02
1.003049377441406250e+03
8.535699462890625000e+02
8.446929931640625000e+02
8.245581665039062500e+02
5.906480102539062500e+02
6.725161743164062500e+02
7.048167724609375000e+02
7.846643676757812500e+02
8.283269042968750000e+02
7.798822631835937500e+02
7.084324951171875000e+02
4.918968200683593750e+02
8.340680541992187500e+02
5.937083740234375000e+02
7.408763427734375000e+02
6.994854125976562500e+02
4.872239379882812500e+02
7.971962890625000000e+02
7.468778076171875000e+02
9.354417724609375000e+02
1.015952758789062500e+03
5.299372558593750000e+02
7.403909912109375000e+02
7.382909545898437500e+02
7.262932739257812500e+02
8.955671386718750000e+02
6.547073364257812500e+02
7.938965454101562500e+02
9.444218750000000000e+02
5.491871948242187500e+02
6.951375122070312500e+02
8.388555908203125000e+02
8.511066284179687500e+02
8.636264648437500000e+02
6.554572143554687500e+02
8.432519531250000000e+02
5.947998657226562500e+02
8.094310302734375000e+02
7.989960327148437500e+02
8.652250976562500000e+02
9.353145141601562500e+02
7.181916503906250000e+02
7.819706420898437500e+02
9.232587280273437500e+02
5.723697509765625000e+02
6.369376220703125000e+02
6.736479492187500000e+02
6.724788818359375000e+02
8.298492431640625000e+02
5.533948364257812500e+02
7.050966186523437500e+02
6.205220947265625000e+02
6.972858276367187500e+02
8.260376586914062500e+02
6.907057495117187500e+02
6.404419555664062500e+02
9.240089721679687500e+02
9.688631591796875000e+02
6.846406250000000000e+02
9.697191162109375000e+02
7.170693969726562500e+02
8.885467529296875000e+02
7.704835815429687500e+02
7.413795166015625000e+02
7.131306152343750000e+02
8.038127441406250000e+02
7.950517578125000000e+02
8.182925415039062500e+02
7.376721191406250000e+02
7.630899658203125000e+02
9.034684448242187500e+02
1.000350402832031250e+03
7.020609130859375000e+02
6.787503051757812500e+02
8.570496826171875000e+02
6.827293090820312500e+02
6.164531250000000000e+02
8.305305786132812500e+02
6.961081542968750000e+02
9.098128051757812500e+02
7.123387451171875000e+02
7.876834106445312500e+02
7.650128784179687500e+02
7.094092407226562500e+02
9.186027221679687500e+02
6.936522216796875000e+02
9.340831909179687500e+02
6.415971069335937500e+02
5.924724731445312500e+02
7.330144042968750000e+02
8.061336059570312500e+02
7.764005737304687500e+02
8.722584838867187500e+02
8.286249389648437500e+02
5.888409423828125000e+02
8.350579223632812500e+02
9.037142333984375000e+02
7.199320068359375000e+02
7.473265380859375000e+02
5.463735961914062500e+02
8.746869506835937500e+02
8.895205078125000000e+02
6.900335083007812500e+02
7.473271484375000000e+02
7.681752319335937500e+02
7.928632202148437500e+02
9.318146362304687500e+02
8.748671875000000000e+02
9.050880737304687500e+02
8.182088623046875000e+02
7.361213989257812500e+02
9.787338867187500000e+02
7.382275390625000000e+02
7.795494995117187500e+02
7.216607666015625000e+02
7.018514404296875000e+02
7.524671630859375000e+02
7.730151367187500000e+02
9.125729980468750000e+02
8.156250000000000000e+02
8.358551635742187500e+02
8.596247558593750000e+02
8.351317749023437500e+02
7.426585693359375000e+02
5.247076416015625000e+02
7.591686401367187500e+02
5.971646728515625000e+02
7.767487182617187500e+02
7.028309326171875000e+02
6.471704101562500000e+02
8.075633544921875000e+02
9.667097167968750000e+02
5.611413574218750000e+02
7.403411254882812500e+02
6.940146484375000000e+02
6.555794677734375000e+02
7.782431030273437500e+02
7.670602416992187500e+02
7.276280517578125000e+02
8.362492675781250000e+02
7.720823974609375000e+02
9.476417236328125000e+02
6.400664062500000000e+02
6.947687377929687500e+02
9.386701660156250000e+02
6.889835205078125000e+02
7.325993652343750000e+02
9.455153198242187500e+02
7.663585815429687500e+02
7.764947509765625000e+02
7.190906372070312500e+02
8.634202880859375000e+02
7.305057983398437500e+02
8.819547729492187500e+02
8.331726074218750000e+02
8.671450195312500000e+02
7.690328979492187500e+02
8.131881713867187500e+02
6.049250488281250000e+02
7.967080688476562500e+02
8.124141235351562500e+02
7.969527587890625000e+02
6.575628051757812500e+02
7.747910766601562500e+02
7.222302856445312500e+02
6.087580566406250000e+02
8.040585327148437500e+02
6.420390625000000000e+02
8.101567382812500000e+02
8.224574584960937500e+02
7.352448730468750000e+02
7.684698486328125000e+02
7.247904663085937500e+02
4.078635559082031250e+02
6.549400634765625000e+02
6.638956909179687500e+02
8.402850341796875000e+02
8.113120727539062500e+02
5.831376953125000000e+02
8.281574096679687500e+02
7.307519531250000000e+02
8.722795410156250000e+02
7.206410522460937500e+02
7.852421875000000000e+02
8.246578369140625000e+02
8.483473510742187500e+02
8.856293945312500000e+02
8.065899047851562500e+02
9.014667358398437500e+02
7.930902709960937500e+02
6.039829101562500000e+02
8.189682617187500000e+02
7.280035400390625000e+02
8.642303466796875000e+02
8.086641235351562500e+02
8.615263671875000000e+02
7.790952148437500000e+02
7.017716674804687500e+02
9.073635864257812500e+02
9.113801269531250000e+02
7.327849121093750000e+02
8.942277221679687500e+02
9.097305297851562500e+02
8.835165405273437500e+02
6.775484619140625000e+02
6.213125000000000000e+02
7.389680786132812500e+02
7.902896118164062500e+02
8.616077880859375000e+02
9.323082885742187500e+02
7.388703613281250000e+02
7.156603393554687500e+02
9.131076049804687500e+02
6.654875488281250000e+02
7.071738891601562500e+02
7.507262573242187500e+02
8.164915771484375000e+02
7.708966674804687500e+02
6.942392578125000000e+02
6.008244018554687500e+02
8.147569580078125000e+02
7.927321166992187500e+02
6.666371459960937500e+02
4.739200439453125000e+02
8.793364868164062500e+02
7.265844116210937500e+02
7.071296386718750000e+02
6.930189208984375000e+02
9.978207397460937500e+02
7.901607055664062500e+02
6.054082031250000000e+02
6.207892456054687500e+02
9.462982788085937500e+02
6.916916503906250000e+02
6.373451538085937500e+02
6.546074829101562500e+02
6.542328491210937500e+02
8.735811157226562500e+02
7.956227416992187500e+02
6.501243896484375000e+02
7.364176635742187500e+02
7.294650878906250000e+02
7.387501831054687500e+02
4.674681091308593750e+02
6.722019042968750000e+02
8.291524047851562500e+02
8.447835693359375000e+02
7.053563232421875000e+02
8.948798217773437500e+02
7.025131225585937500e+02
6.483212280273437500e+02
6.832141113281250000e+02
9.447438964843750000e+02
6.238896484375000000e+02
6.882373657226562500e+02
8.205942382812500000e+02
7.839566650390625000e+02
7.349622802734375000e+02
5.652799072265625000e+02
4.995443115234375000e+02
6.432905883789062500e+02
8.099542236328125000e+02
7.868460693359375000e+02
7.200433959960937500e+02
7.616152954101562500e+02
9.861461181640625000e+02
6.317971801757812500e+02
7.808576049804687500e+02
7.729332275390625000e+02
5.409891967773437500e+02
8.229331054687500000e+02
6.535955810546875000e+02
6.394197998046875000e+02
6.821033935546875000e+02
7.739673461914062500e+02
7.925756835937500000e+02
6.673232421875000000e+02
1.042673706054687500e+03
7.118230590820312500e+02
7.551863403320312500e+02
8.682418823242187500e+02
6.661835937500000000e+02
7.721214599609375000e+02
8.208086547851562500e+02
8.671811523437500000e+02
8.559473266601562500e+02
6.963994140625000000e+02
6.920131225585937500e+02
6.995299072265625000e+02
7.396507568359375000e+02
5.648461303710937500e+02
8.081981201171875000e+02
8.142295532226562500e+02
7.689342651367187500e+02
8.263747558593750000e+02
6.550874633789062500e+02
6.927951049804687500e+02
8.004466552734375000e+02
7.473980102539062500e+02
5.895597534179687500e+02
7.094981689453125000e+02
5.660417480468750000e+02
9.139757080078125000e+02
8.591244506835937500e+02
7.774252929687500000e+02
7.674713745117187500e+02
8.855769042968750000e+02
6.158810424804687500e+02
7.248268432617187500e+02
5.921398925781250000e+02
7.024113769531250000e+02
7.231295776367187500e+02
8.176442260742187500e+02
8.455712890625000000e+02
8.384593505859375000e+02
8.211643676757812500e+02
7.031708984375000000e+02
9.670534667968750000e+02
8.534620361328125000e+02
6.201025390625000000e+02
8.419365844726562500e+02
7.405128784179687500e+02
7.275980834960937500e+02
6.616935424804687500e+02
7.796033325195312500e+02
7.744360351562500000e+02
6.830135498046875000e+02
8.030393676757812500e+02
8.389212036132812500e+02
8.071198730468750000e+02
8.820623168945312500e+02
6.243630981445312500e+02
8.487094116210937500e+02
8.222192993164062500e+02
7.568966064453125000e+02
7.103549194335937500e+02
8.165594482421875000e+02
9.108241577148437500e+02
6.233073120117187500e+02
6.389288940429687500e+02
7.478369140625000000e+02
8.894288330078125000e+02
7.686442871093750000e+02
7.323767700195312500e+02
7.780003662109375000e+02
9.166984863281250000e+02
7.059902343750000000e+02
7.423708496093750000e+02
9.062396240234375000e+02
7.756612548828125000e+02
6.486833496093750000e+02
7.708640747070312500e+02
8.781726074218750000e+02
8.094707641601562500e+02
7.393131713867187500e+02
7.460902099609375000e+02
9.950927124023437500e+02
5.669429321289062500e+02
6.231900634765625000e+02
8.742213745117187500e+02
8.518778076171875000e+02
7.157929077148437500e+02
6.443916015625000000e+02
7.437698974609375000e+02
8.790900268554687500e+02
7.384677734375000000e+02
7.042955322265625000e+02
8.833173217773437500e+02
8.444118041992187500e+02
6.148641357421875000e+02
8.126531982421875000e+02
6.686781005859375000e+02
7.898762817382812500e+02
7.034498901367187500e+02
6.462415161132812500e+02
7.177899169921875000e+02
8.396910400390625000e+02
6.854110107421875000e+02
6.254271240234375000e+02
7.426481933593750000e+02
8.845902099609375000e+02
6.130961303710937500e+02
6.486253662109375000e+02
6.149732055664062500e+02
8.267856445312500000e+02
6.070341796875000000e+02
6.818399047851562500e+02
8.184490966796875000e+02
5.697272949218750000e+02
9.409865722656250000e+02
7.849724731445312500e+02
6.874381103515625000e+02
7.047055053710937500e+02
6.951577148437500000e+02
8.521242675781250000e+02
6.504541015625000000e+02
7.547152099609375000e+02
7.935203857421875000e+02
8.748701171875000000e+02
9.498192749023437500e+02
6.650485839843750000e+02
6.562730712890625000e+02
6.983491210937500000e+02
6.985388793945312500e+02
6.764794921875000000e+02
8.156895141601562500e+02
6.727533569335937500e+02
9.463736572265625000e+02
8.964594116210937500e+02
7.273143920898437500e+02
7.001613769531250000e+02
6.840114746093750000e+02
8.498182373046875000e+02
8.764951782226562500e+02
8.201962280273437500e+02
8.396897583007812500e+02
4.671405639648437500e+02
6.431502685546875000e+02
7.576691894531250000e+02
7.372020263671875000e+02
9.105010375976562500e+02
9.571366577148437500e+02
7.782622070312500000e+02
7.678447265625000000e+02
7.701732177734375000e+02
7.920138549804687500e+02
7.549078979492187500e+02
5.762818603515625000e+02
7.592015380859375000e+02
1.072261596679687500e+03
7.229673461914062500e+02
7.724096679687500000e+02
5.901130371093750000e+02
9.384436645507812500e+02
8.394342651367187500e+02
7.295540771484375000e+02
9.472684936523437500e+02
9.117435913085937500e+02
8.869291992187500000e+02
7.621621093750000000e+02
7.741682739257812500e+02
7.434457397460937500e+02
8.455883789062500000e+02
5.189799194335937500e+02
8.363481445312500000e+02
7.090410156250000000e+02
7.639370727539062500e+02
9.017150268554687500e+02
7.090352783203125000e+02
7.698648681640625000e+02
8.234604492187500000e+02
7.196412353515625000e+02
6.903436889648437500e+02
8.311629028320312500e+02
6.114249877929687500e+02
7.636494750976562500e+02
5.202069702148437500e+02
6.643784179687500000e+02
7.777362060546875000e+02
7.515841674804687500e+02
6.163536376953125000e+02
9.107893676757812500e+02
7.144453735351562500e+02
6.808211669921875000e+02
6.152052001953125000e+02
8.125607910156250000e+02
7.865510864257812500e+02
6.636817016601562500e+02
6.907552490234375000e+02
6.802633666992187500e+02
8.330399780273437500e+02
7.475154418945312500e+02
6.311974487304687500e+02
8.937537841796875000e+02
1.094677490234375000e+03
8.240865478515625000e+02
8.988232421875000000e+02
7.234030761718750000e+02
6.477604980468750000e+02
7.824196777343750000e+02
9.189296264648437500e+02
6.412091064453125000e+02
8.511582031250000000e+02
8.344552001953125000e+02
5.881134033203125000e+02
9.290631713867187500e+02
6.425597534179687500e+02
4.168830261230468750e+02
8.247833862304687500e+02
6.463256225585937500e+02
6.133919067382812500e+02
7.189436645507812500e+02
7.925651245117187500e+02
8.451296997070312500e+02
5.531118774414062500e+02
5.543939819335937500e+02
6.407826538085937500e+02
8.184132690429687500e+02
6.950655517578125000e+02
7.093475952148437500e+02
9.270547485351562500e+02
4.419822692871093750e+02
8.845637817382812500e+02
6.895663452148437500e+02
4.783724365234375000e+02
6.613959960937500000e+02
7.392409057617187500e+02
1.058214233398437500e+03
7.134197387695312500e+02
6.670515747070312500e+02
7.301495361328125000e+02
7.966889038085937500e+02
8.105103149414062500e+02
7.761891479492187500e+02
7.093782348632812500e+02
8.200471191406250000e+02
8.096354980468750000e+02
7.563041381835937500e+02
6.065679321289062500e+02
7.958068237304687500e+02
7.075775756835937500e+02
7.080059204101562500e+02
7.163507690429687500e+02
9.828649291992187500e+02
8.398876953125000000e+02
7.398348999023437500e+02
7.415385742187500000e+02
7.280826416015625000e+02
7.973689575195312500e+02
4.262446594238281250e+02
6.908206787109375000e+02
8.707877807617187500e+02
6.202086181640625000e+02
7.060054321289062500e+02
5.984752807617187500e+02
6.106144409179687500e+02
7.787527465820312500e+02
6.253308715820312500e+02
7.576547851562500000e+02
8.051154174804687500e+02
7.337588500976562500e+02
6.642093505859375000e+02
5.468389282226562500e+02
7.607456665039062500e+02
7.790735473632812500e+02
7.339683837890625000e+02
9.061320800781250000e+02
6.796160888671875000e+02
8.848557739257812500e+02
8.562260742187500000e+02
8.092603759765625000e+02
7.196209106445312500e+02
1.055955932617187500e+03
7.311675415039062500e+02
7.019199829101562500e+02
1.111463989257812500e+03
6.509038696289062500e+02
7.777588500976562500e+02
8.083483276367187500e+02
9.347405395507812500e+02
6.363216552734375000e+02
7.016765136718750000e+02
7.512343750000000000e+02
6.459407348632812500e+02
6.949518432617187500e+02
8.242875366210937500e+02
9.571878051757812500e+02
7.895342407226562500e+02
7.616374511718750000e+02
8.734102172851562500e+02
7.961785278320312500e+02
5.959462280273437500e+02
7.185473632812500000e+02
6.940334472656250000e+02
7.463235473632812500e+02
8.091315307617187500e+02
7.118049316406250000e+02
8.368595581054687500e+02
4.494732360839843750e+02
7.012650146484375000e+02
8.566810302734375000e+02
7.973133544921875000e+02
6.597890625000000000e+02
8.752965087890625000e+02
7.720659179687500000e+02
7.484313354492187500e+02
8.522857055664062500e+02
1.070097167968750000e+03
6.601869506835937500e+02
7.925411987304687500e+02
7.744602661132812500e+02
7.351434326171875000e+02
6.635837402343750000e+02
8.663912353515625000e+02
8.662252197265625000e+02
8.276151123046875000e+02
8.380747070312500000e+02
6.849840698242187500e+02
8.047198486328125000e+02
8.689574584960937500e+02
9.076956787109375000e+02
9.096735229492187500e+02
8.140040893554687500e+02
6.599465942382812500e+02
7.725856933593750000e+02
7.559879150390625000e+02
6.992930297851562500e+02
7.258545532226562500e+02
7.449050292968750000e+02
9.162182006835937500e+02
6.040405883789062500e+02
8.113688964843750000e+02
6.273522338867187500e+02
5.023847045898437500e+02
7.387931518554687500e+02
8.039777832031250000e+02
8.143362426757812500e+02
5.806749877929687500e+02
8.273715820312500000e+02
8.140884399414062500e+02
7.187481689453125000e+02
7.686554565429687500e+02
7.508745117187500000e+02
7.676353149414062500e+02
7.379854736328125000e+02
7.897087402343750000e+02
8.521516723632812500e+02
7.526059570312500000e+02
7.547858276367187500e+02
7.902056884765625000e+02
7.894280395507812500e+02
6.921073608398437500e+02
8.710550537109375000e+02
7.107339477539062500e+02
8.438219604492187500e+02
7.172549438476562500e+02
7.287493896484375000e+02
8.805999755859375000e+02
7.872588500976562500e+02
7.666575927734375000e+02
8.179315185546875000e+02
8.072657470703125000e+02
8.812947998046875000e+02
7.410859985351562500e+02
6.429713134765625000e+02
7.556358642578125000e+02
8.765835571289062500e+02
7.617700195312500000e+02
8.583512573242187500e+02
5.718428955078125000e+02
8.748789062500000000e+02
8.229416503906250000e+02
7.112977294921875000e+02
9.321142578125000000e+02
5.591185302734375000e+02
6.876358642578125000e+02
6.744315185546875000e+02
8.175062866210937500e+02
7.209732055664062500e+02
8.441230468750000000e+02
7.505292968750000000e+02
7.787510986328125000e+02
8.289885864257812500e+02
7.711381225585937500e+02
7.811098022460937500e+02
6.848904418945312500e+02
8.880167846679687500e+02
8.272821655273437500e+02
7.790956420898437500e+02
9.297155761718750000e+02
8.442595214843750000e+02
6.580424194335937500e+02
8.661246948242187500e+02
8.077230224609375000e+02
6.471497192382812500e+02
9.773187255859375000e+02
6.923497314453125000e+02
8.154434814453125000e+02
8.068470458984375000e+02
7.020460815429687500e+02
8.750216064453125000e+02
6.866958007812500000e+02
8.149428710937500000e+02
9.365242919921875000e+02
7.008900146484375000e+02
7.486358032226562500e+02
7.994121704101562500e+02
7.853812255859375000e+02
7.028048706054687500e+02
7.199934082031250000e+02
9.034745483398437500e+02
6.040999145507812500e+02
8.178219604492187500e+02
7.745640258789062500e+02
7.569638061523437500e+02
6.845901489257812500e+02
8.372482299804687500e+02
6.841513671875000000e+02
7.676243896484375000e+02
8.090364379882812500e+02
6.412056884765625000e+02
8.076257934570312500e+02
7.004451904296875000e+02
7.224682006835937500e+02
7.772830200195312500e+02
8.158830566406250000e+02
8.842414550781250000e+02
8.394124145507812500e+02
7.578416137695312500e+02
8.237270507812500000e+02
7.112360229492187500e+02
7.075056152343750000e+02
8.593450927734375000e+02
9.271430053710937500e+02
6.433238525390625000e+02
7.347631835937500000e+02
9.433572387695312500e+02
4.838312072753906250e+02
8.990205688476562500e+02
8.074971923828125000e+02
9.243748779296875000e+02
7.050048828125000000e+02
8.362206420898437500e+02
8.106608276367187500e+02
7.469968872070312500e+02
7.259199829101562500e+02
8.513723754882812500e+02
7.205590820312500000e+02
8.073420410156250000e+02
6.702843627929687500e+02
7.552114257812500000e+02
8.257114868164062500e+02
7.506705932617187500e+02
6.707460327148437500e+02
8.875853271484375000e+02
8.627302856445312500e+02
7.655189208984375000e+02
6.954004516601562500e+02
7.524425659179687500e+02
9.021214599609375000e+02
7.959268798828125000e+02
7.420892944335937500e+02
7.887172241210937500e+02
8.815242309570312500e+02
7.704176025390625000e+02
9.133992919921875000e+02
8.445418701171875000e+02
8.304413452148437500e+02
8.331870117187500000e+02
8.736273803710937500e+02
6.571304931640625000e+02
6.504215087890625000e+02
8.467520751953125000e+02
6.913130493164062500e+02
6.347303466796875000e+02
6.682867431640625000e+02
6.308678588867187500e+02
8.852817993164062500e+02
5.634570922851562500e+02
8.597093505859375000e+02
9.423635253906250000e+02
8.236652221679687500e+02
6.668176269531250000e+02
9.879746093750000000e+02
7.758083496093750000e+02
7.428013916015625000e+02
7.763687744140625000e+02
6.755949096679687500e+02
9.042717895507812500e+02
7.968541259765625000e+02
7.827047119140625000e+02
8.794247436523437500e+02
6.815981445312500000e+02
6.290258789062500000e+02
9.566026611328125000e+02
5.407306518554687500e+02
4.372041931152343750e+02
7.705048217773437500e+02
7.572445068359375000e+02
9.836857910156250000e+02
8.559973144531250000e+02
6.966261596679687500e+02
7.730085449218750000e+02
6.304818115234375000e+02
7.011488647460937500e+02
6.963911132812500000e+02
6.513756103515625000e+02
5.808456420898437500e+02
7.919122924804687500e+02
8.520772705078125000e+02
7.938079223632812500e+02
9.572547607421875000e+02
7.122609252929687500e+02
6.453678588867187500e+02
7.574140625000000000e+02
7.259374389648437500e+02
9.444662475585937500e+02
8.055365600585937500e+02
8.336435546875000000e+02
8.181186523437500000e+02
8.093180541992187500e+02
7.447791137695312500e+02
8.908298339843750000e+02
7.931412353515625000e+02
8.075280761718750000e+02
7.952086791992187500e+02
9.204193115234375000e+02
6.119536132812500000e+02
9.595099487304687500e+02
6.980921020507812500e+02
8.688249511718750000e+02
8.133461914062500000e+02
7.339199829101562500e+02
8.817495727539062500e+02
8.333337402343750000e+02
7.530050048828125000e+02
9.533577880859375000e+02
6.477797241210937500e+02
8.411174316406250000e+02
6.402487792968750000e+02
9.835451049804687500e+02
7.269137573242187500e+02
7.901471557617187500e+02
9.541397705078125000e+02
9.268535156250000000e+02
6.905628051757812500e+02
7.918167114257812500e+02
5.312851562500000000e+02
7.179459228515625000e+02
6.033618164062500000e+02
7.637561035156250000e+02
8.118890380859375000e+02
7.984307250976562500e+02
6.487832031250000000e+02
8.019674072265625000e+02
6.248507690429687500e+02
9.376429443359375000e+02
7.870931396484375000e+02
8.350008544921875000e+02
9.191217651367187500e+02
8.709119262695312500e+02
7.132763671875000000e+02
8.153446655273437500e+02
8.785836181640625000e+02
8.074777221679687500e+02
7.570288696289062500e+02
8.134264526367187500e+02
7.853551635742187500e+02
5.486083984375000000e+02
6.849331054687500000e+02
7.112697753906250000e+02
5.932609863281250000e+02
7.549720458984375000e+02
8.381345825195312500e+02
8.152322998046875000e+02
5.283537597656250000e+02
6.165222778320312500e+02
9.198884277343750000e+02
7.885198364257812500e+02
9.717772827148437500e+02
8.339663696289062500e+02
4.560239562988281250e+02
1.048041259765625000e+03
8.165169677734375000e+02
8.788112792968750000e+02
6.038563232421875000e+02
8.181343383789062500e+02
7.237390747070312500e+02
8.279729614257812500e+02
7.960211181640625000e+02
6.437514038085937500e+02
5.898890380859375000e+02
6.463160400390625000e+02
8.120860595703125000e+02
6.866117553710937500e+02
8.058556518554687500e+02
7.967016601562500000e+02
6.324016723632812500e+02
8.515499267578125000e+02
7.609636230468750000e+02
6.468575439453125000e+02
7.824623413085937500e+02
8.062180786132812500e+02
7.828417358398437500e+02
6.671072387695312500e+02
6.513004150390625000e+02
7.075859375000000000e+02
6.373726806640625000e+02
6.518842163085937500e+02
7.893154296875000000e+02
7.280789184570312500e+02
7.984214477539062500e+02
8.178466186523437500e+02
8.044169921875000000e+02
7.140380859375000000e+02
8.813032836914062500e+02
8.035254516601562500e+02
8.551629638671875000e+02
8.484625854492187500e+02
5.282723388671875000e+02
7.602326049804687500e+02
7.925720214843750000e+02
6.460202636718750000e+02
7.225105590820312500e+02
7.454810180664062500e+02
7.060041503906250000e+02
7.009934692382812500e+02
7.424783325195312500e+02
7.485427246093750000e+02
7.869033813476562500e+02
7.966326293945312500e+02
7.141528320312500000e+02
6.825172729492187500e+02
7.505267944335937500e+02
8.287814331054687500e+02
9.230734252929687500e+02
8.887449951171875000e+02
7.833505249023437500e+02
6.478160400390625000e+02
5.835129394531250000e+02
7.372105102539062500e+02
8.072840576171875000e+02
5.875988159179687500e+02
8.490022583007812500e+02
7.228109130859375000e+02
7.343445434570312500e+02
5.663495483398437500e+02
7.528830566406250000e+02
7.916932983398437500e+02
9.359497680664062500e+02
7.458618774414062500e+02
6.470949707031250000e+02
9.096371459960937500e+02
7.012839965820312500e+02
8.338632202148437500e+02
7.756088867187500000e+02
6.682224731445312500e+02
7.957611694335937500e+02
7.720444946289062500e+02
7.625366210937500000e+02
7.688444824218750000e+02
7.578728637695312500e+02
8.618521728515625000e+02
7.709291992187500000e+02
6.470772705078125000e+02
8.524268188476562500e+02
7.535299682617187500e+02
1.037688842773437500e+03
7.923891601562500000e+02
7.043411865234375000e+02
7.748909301757812500e+02
8.882651367187500000e+02
8.601524047851562500e+02
8.077592163085937500e+02
7.766367187500000000e+02
1.027491699218750000e+03
8.592219238281250000e+02
9.339321289062500000e+02
8.510200195312500000e+02
5.962100219726562500e+02
6.568322143554687500e+02
7.786155395507812500e+02
6.959703979492187500e+02
8.606551513671875000e+02
6.425894165039062500e+02
5.335822143554687500e+02
7.433533325195312500e+02
7.625386962890625000e+02
7.987335205078125000e+02
6.624298095703125000e+02
7.629995727539062500e+02
8.151944580078125000e+02
6.265806884765625000e+02
5.895866699218750000e+02
8.615150756835937500e+02
8.975894165039062500e+02
8.734454345703125000e+02
9.474925537109375000e+02
6.910820922851562500e+02
6.618937988281250000e+02
7.887993164062500000e+02
6.248450927734375000e+02
6.763338623046875000e+02
7.742855834960937500e+02
7.720051879882812500e+02
8.211974487304687500e+02
6.315193481445312500e+02
8.442014160156250000e+02
7.790471191406250000e+02
7.843042602539062500e+02
7.797763061523437500e+02
7.907160644531250000e+02
6.464476928710937500e+02
7.624380493164062500e+02
6.868170166015625000e+02
6.367228393554687500e+02
8.399919433593750000e+02
6.189844360351562500e+02
9.291516723632812500e+02
9.301807250976562500e+02
7.109513549804687500e+02
8.272664184570312500e+02
6.317615966796875000e+02
6.386527709960937500e+02
8.758802490234375000e+02
9.408839111328125000e+02
6.992621459960937500e+02
7.434713745117187500e+02
7.528975830078125000e+02
9.360603027343750000e+02
8.150537719726562500e+02
7.254294433593750000e+02
8.754737548828125000e+02
6.127750244140625000e+02
6.185929565429687500e+02
1.005893249511718750e+03
7.444481811523437500e+02
5.934781494140625000e+02
7.242071533203125000e+02
5.082898254394531250e+02
7.351045532226562500e+02
8.845294189453125000e+02
7.379355468750000000e+02
7.335581665039062500e+02
5.430405883789062500e+02
7.028303222656250000e+02
6.584760742187500000e+02
6.724602661132812500e+02
8.185881347656250000e+02
8.341578369140625000e+02
7.923204956054687500e+02
7.975996704101562500e+02
7.687990722656250000e+02
6.520405273437500000e+02
5.784310913085937500e+02
6.326086425781250000e+02
8.257202758789062500e+02
7.387919311523437500e+02
8.206674194335937500e+02
8.213165893554687500e+02
7.207971801757812500e+02
6.746287231445312500e+02
8.872018432617187500e+02
5.907923583984375000e+02
6.079227905273437500e+02
8.714579467773437500e+02
5.897175292968750000e+02
8.348076782226562500e+02
6.550681762695312500e+02
8.360888061523437500e+02
9.114695434570312500e+02
6.584471435546875000e+02
9.140106201171875000e+02
9.183526611328125000e+02
5.878668823242187500e+02
6.098060913085937500e+02
5.696869506835937500e+02
1.073645629882812500e+03
7.787649536132812500e+02
6.624055175781250000e+02
8.063303222656250000e+02
7.092232666015625000e+02
5.827149047851562500e+02
8.491580200195312500e+02
5.908887939453125000e+02
6.257465209960937500e+02
7.307265014648437500e+02
8.298554077148437500e+02
8.989417114257812500e+02
5.019403381347656250e+02
7.968278198242187500e+02
8.269347534179687500e+02
6.950419921875000000e+02
7.938988647460937500e+02
6.687000122070312500e+02
7.299422607421875000e+02
8.161855468750000000e+02
8.708972778320312500e+02
7.762098388671875000e+02
7.585875244140625000e+02
6.594506835937500000e+02
7.752369995117187500e+02
6.230701904296875000e+02
7.818805541992187500e+02
6.052169799804687500e+02
6.078217163085937500e+02
8.757852783203125000e+02
6.299013061523437500e+02
9.359497070312500000e+02
8.768208007812500000e+02
8.293200683593750000e+02
8.890983276367187500e+02
8.941272583007812500e+02
8.798108520507812500e+02
7.837174072265625000e+02
9.222999877929687500e+02
7.720502929687500000e+02
8.830663452148437500e+02
6.883076171875000000e+02
6.810364990234375000e+02
9.241550292968750000e+02
6.348765869140625000e+02
7.936030273437500000e+02
8.708149414062500000e+02
7.240653076171875000e+02
8.345592651367187500e+02
7.916619262695312500e+02
8.684937133789062500e+02
8.640046386718750000e+02
8.081979370117187500e+02
7.260700073242187500e+02
7.307788696289062500e+02
5.062033691406250000e+02
6.482850952148437500e+02
9.659364624023437500e+02
8.099273681640625000e+02
8.184381103515625000e+02
6.427636108398437500e+02
7.953206787109375000e+02
7.714995117187500000e+02
6.520193481445312500e+02
7.726578979492187500e+02
7.707753295898437500e+02
7.440239868164062500e+02
8.875607910156250000e+02
8.417275390625000000e+02
6.670649414062500000e+02
9.304404296875000000e+02
8.061602783203125000e+02
7.374784545898437500e+02
8.471561889648437500e+02
4.281370849609375000e+02
7.638647460937500000e+02
6.693010253906250000e+02
7.687772216796875000e+02
7.945371093750000000e+02
9.767050781250000000e+02
6.623090820312500000e+02
8.749108276367187500e+02
6.058129272460937500e+02
6.666799316406250000e+02
6.289195556640625000e+02
6.287236328125000000e+02
7.400430908203125000e+02
7.305393676757812500e+02
6.728657226562500000e+02
6.754797363281250000e+02
6.736324462890625000e+02
7.013596801757812500e+02
8.066074218750000000e+02
6.411575927734375000e+02
8.730233154296875000e+02
7.725143432617187500e+02
6.497152709960937500e+02
8.021423950195312500e+02
7.836353759765625000e+02
6.624144287109375000e+02
6.188999633789062500e+02
7.402512817382812500e+02
8.775393066406250000e+02
7.200370483398437500e+02
7.451076049804687500e+02
1.003852050781250000e+03
9.165988159179687500e+02
7.064428100585937500e+02
8.865003051757812500e+02
4.813035888671875000e+02
8.803051757812500000e+02
7.797876586914062500e+02
7.141961669921875000e+02
8.793389282226562500e+02
7.361770629882812500e+02
8.412973022460937500e+02
8.027261352539062500e+02
7.489207763671875000e+02
8.071068725585937500e+02
6.698734741210937500e+02
8.435137939453125000e+02
8.327691040039062500e+02
1.016878112792968750e+03
6.626785888671875000e+02
7.518355102539062500e+02
7.296006469726562500e+02
6.579233398437500000e+02
7.927451782226562500e+02
5.607360839843750000e+02
9.484563598632812500e+02
7.873561401367187500e+02
5.994455566406250000e+02
6.608634643554687500e+02
9.701690063476562500e+02
7.279284667968750000e+02
8.790903930664062500e+02
6.854057617187500000e+02
5.931752929687500000e+02
8.194130249023437500e+02
7.238122558593750000e+02
8.150274658203125000e+02
9.969375610351562500e+02
8.345294799804687500e+02
9.055977172851562500e+02
7.942189331054687500e+02
8.190643920898437500e+02
7.211658935546875000e+02
6.762291870117187500e+02
8.044965820312500000e+02
1.056283325195312500e+03
7.878369140625000000e+02
8.638892822265625000e+02
8.159051513671875000e+02
8.278692626953125000e+02
7.586978759765625000e+02
8.487598876953125000e+02
7.956826171875000000e+02
7.419102783203125000e+02
9.008347778320312500e+02
6.940101928710937500e+02
7.422787475585937500e+02
8.890370483398437500e+02
8.491297607421875000e+02
7.078439941406250000e+02
9.204044799804687500e+02
6.345755615234375000e+02
6.692579345703125000e+02
8.024903564453125000e+02
5.314833374023437500e+02
6.827870483398437500e+02
8.904558715820312500e+02
6.576672973632812500e+02
7.526821899414062500e+02
6.333195800781250000e+02
7.850538330078125000e+02
6.201038208007812500e+02
7.922934570312500000e+02
6.958604125976562500e+02
8.857154541015625000e+02
1.047903198242187500e+03
7.433305053710937500e+02
7.359602661132812500e+02
6.772097778320312500e+02
7.649806518554687500e+02
5.850299682617187500e+02
8.041000976562500000e+02
9.127219848632812500e+02
8.751837158203125000e+02
8.751760864257812500e+02
7.947492065429687500e+02
7.136652221679687500e+02
7.765153808593750000e+02
9.136205444335937500e+02
6.253807373046875000e+02
5.064057922363281250e+02
7.667912597656250000e+02
8.676738891601562500e+02
7.539916992187500000e+02
6.933079833984375000e+02
7.954943237304687500e+02
8.003179931640625000e+02
7.141173095703125000e+02
8.418594360351562500e+02
7.188232421875000000e+02
8.344354248046875000e+02
9.712663574218750000e+02
7.336232299804687500e+02
6.710579833984375000e+02
8.559260864257812500e+02
6.231421508789062500e+02
8.332901611328125000e+02
8.413821411132812500e+02
7.629519042968750000e+02
7.289662475585937500e+02
7.648551025390625000e+02
9.245332641601562500e+02
8.503732910156250000e+02
5.904434814453125000e+02
9.361279907226562500e+02
6.330372924804687500e+02
8.041978149414062500e+02
8.064956054687500000e+02
8.232433471679687500e+02
1.528321166992187500e+03
7.469116821289062500e+02
7.632958374023437500e+02
6.928457641601562500e+02
8.449630737304687500e+02
7.527579345703125000e+02
9.163386230468750000e+02
7.178905029296875000e+02
7.747631835937500000e+02
8.498441162109375000e+02
5.862053833007812500e+02
6.542030029296875000e+02
6.702094726562500000e+02
8.083802490234375000e+02
6.508442382812500000e+02
7.844753417968750000e+02
9.585627441406250000e+02
6.897694702148437500e+02
3.717687683105468750e+02
6.241401367187500000e+02
8.994414062500000000e+02
8.039934082031250000e+02
7.671775512695312500e+02
8.570781250000000000e+02
7.936981811523437500e+02
6.481858520507812500e+02
7.026851806640625000e+02
7.287050781250000000e+02
6.408515014648437500e+02
6.490868530273437500e+02
7.917604370117187500e+02
8.574354248046875000e+02
8.949110717773437500e+02
6.881389160156250000e+02
6.948038330078125000e+02
5.439668579101562500e+02
4.803428955078125000e+02
6.554364624023437500e+02
6.283511962890625000e+02
6.126290893554687500e+02
8.593025512695312500e+02
8.000541992187500000e+02
7.001207885742187500e+02
6.374312744140625000e+02
9.180653076171875000e+02
7.469512939453125000e+02
6.766839599609375000e+02
9.293171997070312500e+02
8.018065185546875000e+02
5.891998291015625000e+02
6.452454223632812500e+02
7.625345458984375000e+02
7.515242309570312500e+02
6.670571899414062500e+02
9.168728637695312500e+02
7.930270385742187500e+02
8.370180053710937500e+02
7.976380615234375000e+02
6.369357299804687500e+02
7.748185424804687500e+02
6.671760864257812500e+02
8.495074462890625000e+02
6.280645141601562500e+02
8.372846679687500000e+02
7.169500732421875000e+02
6.684598999023437500e+02
7.813599243164062500e+02
6.577576293945312500e+02
8.039804687500000000e+02
8.579641113281250000e+02
6.266529541015625000e+02
6.864025878906250000e+02
8.208236694335937500e+02
6.692149658203125000e+02
8.638114013671875000e+02
7.011995239257812500e+02
6.586949462890625000e+02
7.035557250976562500e+02
5.053043823242187500e+02
8.400762939453125000e+02
7.371816406250000000e+02
8.030058593750000000e+02
9.932052612304687500e+02
8.392215576171875000e+02
8.235951538085937500e+02
7.467506103515625000e+02
6.234437866210937500e+02
8.781735229492187500e+02
6.321950683593750000e+02
8.750146484375000000e+02
7.575618286132812500e+02
7.739006347656250000e+02
8.001638793945312500e+02
6.801735229492187500e+02
8.144862670898437500e+02
6.464675292968750000e+02
8.125147705078125000e+02
8.033432617187500000e+02
9.761614990234375000e+02
7.128664550781250000e+02
7.411775512695312500e+02
7.628229370117187500e+02
6.148261108398437500e+02
8.353622436523437500e+02
6.506502075195312500e+02
7.069972534179687500e+02
6.060780639648437500e+02
6.191488647460937500e+02
7.325593872070312500e+02
6.105729370117187500e+02
6.822747192382812500e+02
8.267381591796875000e+02
8.374935302734375000e+02
7.596489868164062500e+02
8.285225219726562500e+02
8.833906860351562500e+02
9.621146240234375000e+02
6.774769897460937500e+02
7.450586547851562500e+02
8.676057128906250000e+02
7.133757324218750000e+02
7.997470703125000000e+02
8.622680053710937500e+02
7.804030761718750000e+02
8.413249511718750000e+02
8.361871337890625000e+02
8.514224243164062500e+02
9.467003173828125000e+02
6.812604980468750000e+02
8.794056396484375000e+02
7.911572875976562500e+02
7.720649414062500000e+02
8.019433593750000000e+02
8.765739135742187500e+02
7.337610473632812500e+02
7.975828857421875000e+02
8.920858764648437500e+02
6.772445678710937500e+02
8.491965942382812500e+02
8.007517089843750000e+02
8.883609619140625000e+02
5.436386108398437500e+02
7.569682006835937500e+02
7.330099487304687500e+02
7.367214965820312500e+02
8.337550659179687500e+02
9.766109619140625000e+02
7.399442138671875000e+02
7.733651123046875000e+02
7.699317016601562500e+02
6.164292602539062500e+02
7.193347778320312500e+02
8.578978881835937500e+02
7.385235595703125000e+02
8.522084960937500000e+02
7.475672607421875000e+02
6.889920654296875000e+02
7.385432128906250000e+02
6.472853393554687500e+02
6.625668334960937500e+02
6.846561889648437500e+02
7.152624511718750000e+02
6.657006835937500000e+02
8.573059692382812500e+02
7.021536865234375000e+02
9.331251220703125000e+02
5.310057983398437500e+02
6.863452758789062500e+02
8.855430297851562500e+02
8.299794921875000000e+02
6.715623779296875000e+02
5.590695800781250000e+02
8.894718017578125000e+02
6.022505493164062500e+02
7.776815795898437500e+02
7.104514770507812500e+02
7.866044311523437500e+02
7.361078491210937500e+02
7.569117431640625000e+02
8.372274780273437500e+02
7.736904296875000000e+02
9.300730590820312500e+02
7.227585449218750000e+02
8.395536499023437500e+02
8.596201782226562500e+02
5.759001464843750000e+02
8.704437866210937500e+02
6.633218994140625000e+02
5.199446411132812500e+02
7.901958007812500000e+02
7.578682861328125000e+02
8.458881835937500000e+02
8.435673217773437500e+02
1.032615966796875000e+03
6.361112060546875000e+02
6.174355468750000000e+02
9.830836791992187500e+02
7.930022583007812500e+02
7.747634277343750000e+02
9.176152954101562500e+02
9.179583740234375000e+02
7.281792602539062500e+02
6.977308349609375000e+02
7.243070678710937500e+02
7.877864379882812500e+02
6.931243286132812500e+02
7.468454589843750000e+02
6.208523559570312500e+02
6.860403442382812500e+02
8.498584594726562500e+02
6.097132568359375000e+02
7.029481811523437500e+02
9.944158935546875000e+02
9.447009277343750000e+02
6.910507812500000000e+02
7.416793212890625000e+02
7.111589965820312500e+02
8.094417724609375000e+02
7.414636840820312500e+02
6.907180786132812500e+02
7.379760131835937500e+02
6.450006713867187500e+02
7.050207519531250000e+02
7.375400390625000000e+02
7.254166259765625000e+02
6.893842163085937500e+02
8.756369018554687500e+02
8.731838378906250000e+02
6.890193481445312500e+02
6.938834838867187500e+02
8.480556640625000000e+02
7.841100463867187500e+02
8.121356201171875000e+02
9.342494506835937500e+02
7.391885986328125000e+02
7.792800903320312500e+02
8.009087524414062500e+02
7.122383422851562500e+02
5.718574829101562500e+02
6.259495849609375000e+02
8.188491210937500000e+02
5.845324707031250000e+02
7.399392089843750000e+02
7.967971191406250000e+02
9.688391113281250000e+02
7.355928955078125000e+02
8.131785888671875000e+02
5.917564086914062500e+02
5.490314331054687500e+02
6.982801513671875000e+02
6.754567871093750000e+02
9.467095947265625000e+02
7.668852539062500000e+02
8.504964599609375000e+02
5.635143432617187500e+02
8.369673461914062500e+02
5.855646362304687500e+02
7.034784545898437500e+02
7.542868041992187500e+02
6.826959838867187500e+02
6.006023559570312500e+02
8.544189453125000000e+02
7.366262817382812500e+02
3.860539245605468750e+02
6.027911987304687500e+02
5.447432861328125000e+02
6.765793457031250000e+02
8.075859375000000000e+02
7.717828369140625000e+02
7.724519653320312500e+02
7.716162719726562500e+02
7.975648803710937500e+02
8.088432006835937500e+02
7.063632812500000000e+02
8.180043945312500000e+02
7.633958129882812500e+02
8.009874267578125000e+02
7.053726806640625000e+02
6.231033935546875000e+02
5.143811645507812500e+02
5.073468933105468750e+02
6.674946899414062500e+02
6.331123046875000000e+02
9.288203125000000000e+02
8.785164184570312500e+02
8.902239379882812500e+02
7.209115600585937500e+02
8.367515869140625000e+02
7.622186279296875000e+02
9.023138427734375000e+02
7.353145141601562500e+02
8.007244873046875000e+02
6.917171020507812500e+02
9.143991088867187500e+02
8.624268188476562500e+02
8.910911865234375000e+02
9.095125122070312500e+02
7.845734252929687500e+02
9.092224121093750000e+02
7.218284912109375000e+02
8.149554443359375000e+02
7.437207031250000000e+02
7.520185546875000000e+02
7.406284790039062500e+02
8.508782958984375000e+02
6.428744506835937500e+02
8.098851318359375000e+02
8.514815673828125000e+02
6.618322143554687500e+02
7.360616455078125000e+02
7.767902832031250000e+02
7.552455444335937500e+02
7.384304199218750000e+02
7.977638549804687500e+02
1.006060974121093750e+03
7.395184936523437500e+02
7.152418212890625000e+02
6.325342407226562500e+02
8.292902832031250000e+02
7.905291137695312500e+02
9.569390869140625000e+02
5.341678466796875000e+02
8.566401367187500000e+02
9.721464233398437500e+02
6.558088989257812500e+02
6.291628417968750000e+02
5.043702087402343750e+02
8.452535400390625000e+02
7.053090209960937500e+02
6.956990966796875000e+02
8.221806030273437500e+02
7.670880737304687500e+02
7.652922363281250000e+02
7.260670776367187500e+02
1.012969848632812500e+03
8.117395019531250000e+02
8.687982177734375000e+02
7.944019775390625000e+02
5.802158813476562500e+02
7.442308349609375000e+02
7.923274536132812500e+02
7.355638427734375000e+02
7.305806884765625000e+02
1.000992492675781250e+03
8.383259277343750000e+02
6.490662841796875000e+02
7.339389038085937500e+02
5.889489746093750000e+02
7.434583740234375000e+02
8.790103759765625000e+02
6.603446044921875000e+02
8.723032836914062500e+02
7.734830932617187500e+02
6.664874267578125000e+02
8.797617187500000000e+02
9.303765869140625000e+02
6.117540283203125000e+02
6.719507446289062500e+02
7.219435424804687500e+02
8.655604858398437500e+02
1.070947875976562500e+03
6.978488159179687500e+02
7.078452758789062500e+02
9.410720214843750000e+02
6.815087280273437500e+02
7.405670776367187500e+02
7.965790405273437500e+02
8.287017211914062500e+02
4.848633117675781250e+02
8.097863769531250000e+02
8.441217651367187500e+02
8.466777343750000000e+02
6.869013061523437500e+02
8.684333496093750000e+02
6.819995117187500000e+02
6.662683105468750000e+02
7.211085205078125000e+02
1.031080078125000000e+03
7.671096191406250000e+02
8.065066528320312500e+02
8.621170654296875000e+02
5.725883789062500000e+02
8.726015014648437500e+02
8.613826904296875000e+02
7.074511718750000000e+02
6.553504638671875000e+02
9.141072998046875000e+02
9.311027221679687500e+02
5.336015014648437500e+02
7.706301879882812500e+02
7.819054565429687500e+02
8.637994995117187500e+02
7.695593872070312500e+02
9.080675659179687500e+02
8.906753540039062500e+02
6.779953002929687500e+02
8.910922241210937500e+02
9.636719970703125000e+02
9.460889892578125000e+02
8.066550292968750000e+02
7.811557617187500000e+02
9.010510253906250000e+02
8.892093505859375000e+02
6.419226074218750000e+02
8.566329345703125000e+02
7.341461181640625000e+02
6.697648925781250000e+02
6.811178588867187500e+02
7.353453979492187500e+02
6.160597534179687500e+02
7.018336181640625000e+02
8.127095336914062500e+02
6.807305908203125000e+02
6.435977783203125000e+02
9.668003540039062500e+02
6.527625732421875000e+02
7.969524536132812500e+02
6.747245483398437500e+02
7.861030883789062500e+02
6.875402221679687500e+02
9.373427124023437500e+02
7.877028808593750000e+02
8.063658447265625000e+02
7.264531860351562500e+02
8.149067993164062500e+02
8.131554565429687500e+02
6.443481445312500000e+02
8.043256225585937500e+02
7.161757812500000000e+02
5.941442871093750000e+02
7.617463378906250000e+02
7.958666381835937500e+02
7.720662231445312500e+02
1.005001708984375000e+03
6.199998779296875000e+02
7.002270507812500000e+02
7.882714843750000000e+02
8.933839111328125000e+02
8.316007080078125000e+02
8.541778564453125000e+02
7.182050781250000000e+02
8.001917114257812500e+02
8.978538208007812500e+02
8.390205688476562500e+02
7.059044799804687500e+02
8.405460815429687500e+02
6.125161743164062500e+02
7.905502319335937500e+02
6.823496093750000000e+02
7.804091186523437500e+02
9.190935058593750000e+02
7.579468383789062500e+02
7.703032836914062500e+02
7.779533081054687500e+02
7.958858642578125000e+02
5.957091064453125000e+02
7.892807617187500000e+02
7.447668457031250000e+02
6.754191894531250000e+02
7.694398803710937500e+02
8.952814941406250000e+02
9.067955322265625000e+02
9.048881225585937500e+02
7.799957275390625000e+02
8.381250610351562500e+02
8.146716918945312500e+02
5.404340820312500000e+02
8.131445312500000000e+02
5.985333251953125000e+02
8.388784790039062500e+02
6.594452514648437500e+02
8.367145385742187500e+02
7.655136718750000000e+02
7.283298950195312500e+02
8.732074584960937500e+02
6.743979492187500000e+02
6.884650268554687500e+02
9.788134155273437500e+02
7.690681152343750000e+02
8.410871582031250000e+02
8.399599609375000000e+02
6.227348022460937500e+02
9.235180664062500000e+02
5.305825195312500000e+02
8.847460327148437500e+02
8.018835449218750000e+02
8.925234375000000000e+02
8.389631347656250000e+02
8.441659545898437500e+02
5.299141235351562500e+02
7.613179321289062500e+02
7.366048583984375000e+02
9.044002075195312500e+02
8.018840332031250000e+02
8.288131103515625000e+02
6.397866821289062500e+02
9.037519531250000000e+02
8.399299926757812500e+02
8.057595825195312500e+02
5.672808227539062500e+02
7.721445922851562500e+02
8.182786254882812500e+02
7.578613281250000000e+02
7.938507690429687500e+02
9.022445678710937500e+02
7.593851928710937500e+02
6.053073120117187500e+02
9.124878540039062500e+02
7.852269287109375000e+02
6.596158447265625000e+02
7.900792846679687500e+02
7.368557739257812500e+02
6.774633178710937500e+02
7.911535644531250000e+02
7.010529174804687500e+02
8.404424438476562500e+02
6.765634765625000000e+02
8.099269409179687500e+02
8.566749267578125000e+02
6.617930908203125000e+02
7.684498901367187500e+02
6.791079711914062500e+02
7.377655639648437500e+02
9.144140014648437500e+02
7.378412475585937500e+02
7.622169799804687500e+02
6.944566650390625000e+02
7.882833251953125000e+02
7.307633056640625000e+02
9.547475585937500000e+02
8.659520263671875000e+02
8.488085327148437500e+02
8.395083618164062500e+02
7.134851074218750000e+02
7.088402099609375000e+02
8.096690063476562500e+02
7.381494750976562500e+02
6.487508544921875000e+02
8.195355834960937500e+02
8.577352905273437500e+02
8.365504150390625000e+02
8.073050537109375000e+02
6.812269897460937500e+02
8.251710815429687500e+02
8.123872680664062500e+02
5.681601562500000000e+02
9.114675292968750000e+02
7.723543090820312500e+02
8.970308837890625000e+02
6.288532104492187500e+02
8.192398681640625000e+02
7.108233642578125000e+02
8.096013793945312500e+02
8.083389892578125000e+02
8.705389404296875000e+02
6.564445800781250000e+02
7.724072265625000000e+02
7.366435546875000000e+02
5.835679931640625000e+02
7.672411499023437500e+02
8.099375000000000000e+02
1.043225341796875000e+03
5.571025390625000000e+02
9.804760742187500000e+02
7.490125122070312500e+02
8.021632690429687500e+02
6.721553955078125000e+02
7.399512939453125000e+02
8.493754882812500000e+02
7.113988037109375000e+02
9.610463256835937500e+02
8.305010986328125000e+02
8.078432617187500000e+02
9.384942016601562500e+02
9.724285888671875000e+02
7.828594360351562500e+02
9.026254882812500000e+02
8.699207153320312500e+02
7.973901367187500000e+02
8.131049194335937500e+02
7.602872924804687500e+02
7.500295410156250000e+02
8.723602294921875000e+02
8.428437500000000000e+02
8.800117797851562500e+02
6.811671142578125000e+02
6.934047851562500000e+02
7.429171142578125000e+02
7.691758422851562500e+02
7.741737670898437500e+02
8.502998657226562500e+02
7.001145629882812500e+02
7.640430297851562500e+02
7.746510620117187500e+02
7.384990844726562500e+02
7.807073364257812500e+02
7.634346313476562500e+02
6.794274902343750000e+02
7.582891235351562500e+02
8.248999023437500000e+02
7.171355590820312500e+02
6.434581298828125000e+02
6.820502319335937500e+02
8.231470336914062500e+02
7.711699829101562500e+02
6.799025878906250000e+02
9.226183471679687500e+02
6.859829711914062500e+02
9.542421875000000000e+02
8.217164916992187500e+02
6.807656250000000000e+02
7.980532226562500000e+02
5.639141235351562500e+02
9.497783203125000000e+02
8.742606201171875000e+02
8.185322265625000000e+02
6.743369140625000000e+02
8.178903198242187500e+02
9.270440673828125000e+02
6.771488037109375000e+02
9.226231689453125000e+02
6.946737670898437500e+02
5.702136840820312500e+02
6.908365478515625000e+02
5.920747070312500000e+02
8.579002075195312500e+02
6.135164794921875000e+02
4.330075988769531250e+02
7.319892578125000000e+02
8.519822998046875000e+02
7.319822998046875000e+02
9.617534790039062500e+02
7.448928833007812500e+02
9.251542968750000000e+02
9.336986694335937500e+02
6.905068359375000000e+02
7.937317504882812500e+02
7.659843139648437500e+02
8.964770507812500000e+02
7.113568725585937500e+02
8.492737426757812500e+02
8.054843750000000000e+02
7.509226684570312500e+02
8.077974853515625000e+02
8.131547851562500000e+02
9.300866699218750000e+02
7.696408081054687500e+02
7.624305419921875000e+02
9.090571289062500000e+02
5.090151062011718750e+02
8.512305297851562500e+02
7.110986328125000000e+02
9.352282104492187500e+02
8.683342285156250000e+02
8.966054687500000000e+02
6.497446899414062500e+02
8.810178833007812500e+02
8.098923339843750000e+02
9.284112548828125000e+02
8.996294555664062500e+02
8.191248779296875000e+02
7.810925903320312500e+02
7.289916992187500000e+02
6.484577026367187500e+02
6.552106323242187500e+02
7.204030151367187500e+02
7.863525390625000000e+02
9.261568603515625000e+02
8.872908325195312500e+02
7.936776733398437500e+02
9.998374633789062500e+02
7.769617309570312500e+02
6.764705810546875000e+02
9.432463378906250000e+02
6.540156860351562500e+02
8.196797485351562500e+02
7.980219116210937500e+02
8.806911621093750000e+02
6.978312377929687500e+02
8.811331787109375000e+02
7.828375244140625000e+02
7.633796386718750000e+02
8.653557128906250000e+02
6.140584106445312500e+02
8.853644409179687500e+02
9.803964843750000000e+02
7.875220336914062500e+02
6.748330078125000000e+02
8.578221435546875000e+02
7.693159179687500000e+02
7.970233154296875000e+02
5.659625854492187500e+02
9.567757568359375000e+02
7.621130371093750000e+02
6.983264770507812500e+02
8.256971435546875000e+02
7.620217895507812500e+02
6.858439331054687500e+02
9.123535766601562500e+02
6.929981689453125000e+02
7.210231933593750000e+02
8.558282470703125000e+02
7.339923095703125000e+02
8.060070190429687500e+02
8.744315185546875000e+02
9.185129394531250000e+02
8.000031738281250000e+02
6.574749755859375000e+02
9.192936401367187500e+02
8.066845092773437500e+02
7.640788574218750000e+02
8.935453491210937500e+02
7.091088867187500000e+02
6.631418457031250000e+02
8.813834228515625000e+02
6.951943969726562500e+02
8.785228881835937500e+02
6.575612182617187500e+02
7.886049194335937500e+02
8.313155517578125000e+02
9.991238403320312500e+02
7.890499267578125000e+02
6.610731201171875000e+02
6.539077758789062500e+02
7.725313720703125000e+02
7.921354980468750000e+02
7.271322631835937500e+02
7.110125732421875000e+02
7.949891357421875000e+02
6.234049072265625000e+02
6.382736206054687500e+02
9.096287231445312500e+02
8.283950805664062500e+02
8.771909179687500000e+02
7.117404785156250000e+02
6.348044433593750000e+02
8.214226074218750000e+02
7.632532348632812500e+02
9.901943969726562500e+02
5.390895996093750000e+02
6.124013671875000000e+02
9.587987670898437500e+02
8.478086547851562500e+02
7.597456665039062500e+02
8.231104125976562500e+02
7.905728759765625000e+02
8.115150756835937500e+02
8.843739013671875000e+02
6.385902709960937500e+02
7.115111083984375000e+02
7.730590209960937500e+02
8.229374389648437500e+02
8.342399902343750000e+02
7.591789550781250000e+02
8.076194458007812500e+02
8.327474365234375000e+02
8.892614135742187500e+02
7.810583496093750000e+02
7.253985595703125000e+02
9.641307983398437500e+02
6.619176635742187500e+02
6.769641723632812500e+02
8.464735107421875000e+02
8.175238037109375000e+02
7.543848266601562500e+02
8.405332641601562500e+02
9.228607788085937500e+02
8.218223876953125000e+02
8.759590454101562500e+02
8.820253906250000000e+02
7.997897949218750000e+02
8.385550537109375000e+02
7.017926635742187500e+02
7.412299804687500000e+02
8.012188110351562500e+02
8.883138427734375000e+02
8.371497192382812500e+02
7.754963989257812500e+02
8.458789062500000000e+02
6.424691772460937500e+02
8.236346435546875000e+02
6.660271606445312500e+02
7.663890380859375000e+02
8.963082275390625000e+02
7.458363647460937500e+02
7.260756225585937500e+02
4.208766479492187500e+02
6.938677978515625000e+02
7.344291381835937500e+02
7.689956054687500000e+02
7.387049560546875000e+02
7.585357055664062500e+02
7.384984130859375000e+02
7.931442871093750000e+02
8.130092163085937500e+02
8.704582519531250000e+02
7.899518432617187500e+02
6.989118652343750000e+02
5.380683593750000000e+02
7.458712768554687500e+02
6.930618286132812500e+02
8.310097656250000000e+02
7.728897094726562500e+02
8.399270019531250000e+02
8.090059814453125000e+02
7.539746093750000000e+02
8.392395629882812500e+02
6.755408935546875000e+02
7.605662231445312500e+02
6.092590332031250000e+02
8.701141967773437500e+02
6.500524902343750000e+02
6.385394287109375000e+02
5.853087768554687500e+02
8.819795532226562500e+02
7.796614379882812500e+02
6.944844360351562500e+02
6.704509887695312500e+02
6.758287963867187500e+02
6.495825195312500000e+02
1.046941162109375000e+03
8.897011718750000000e+02
7.508880004882812500e+02
8.572636108398437500e+02
8.121525268554687500e+02
8.694053344726562500e+02
6.504423217773437500e+02
6.577761230468750000e+02
7.123790283203125000e+02
6.718721923828125000e+02
7.225405883789062500e+02
7.711024169921875000e+02
9.120075683593750000e+02
7.719075317382812500e+02
7.801542968750000000e+02
1.070483520507812500e+03
5.666213989257812500e+02
9.660336914062500000e+02
7.903574218750000000e+02
7.668816528320312500e+02
7.010021972656250000e+02
9.375674438476562500e+02
8.997017822265625000e+02
9.142379760742187500e+02
8.075045166015625000e+02
7.588432617187500000e+02
6.420214843750000000e+02
7.377894897460937500e+02
8.507981567382812500e+02
6.242097778320312500e+02
8.428083496093750000e+02
7.595252075195312500e+02
7.026303100585937500e+02
7.164411621093750000e+02
1.103981323242187500e+03
8.192380981445312500e+02
7.200479125976562500e+02
8.089392089843750000e+02
9.820154418945312500e+02
6.654265136718750000e+02
7.541510009765625000e+02
7.750908813476562500e+02
8.247155151367187500e+02
5.981123046875000000e+02
9.174523315429687500e+02
6.882880249023437500e+02
8.483248291015625000e+02
8.268680419921875000e+02
1.023823181152343750e+03
8.469445800781250000e+02
8.180485229492187500e+02
8.490579833984375000e+02
9.520959472656250000e+02
6.411543579101562500e+02
7.461309204101562500e+02
7.740009155273437500e+02
8.353366088867187500e+02
9.391730957031250000e+02
5.772109985351562500e+02
7.000426635742187500e+02
6.081707153320312500e+02
7.363363647460937500e+02
6.606766357421875000e+02
6.478934936523437500e+02
7.643548583984375000e+02
6.933151855468750000e+02
6.999772949218750000e+02
8.978543090820312500e+02
6.912681274414062500e+02
6.544221191406250000e+02
8.100139770507812500e+02
7.772639770507812500e+02
8.376812744140625000e+02
8.704356689453125000e+02
8.990549926757812500e+02
7.086256103515625000e+02
8.377390747070312500e+02
7.407591552734375000e+02
8.254967041015625000e+02
7.985007324218750000e+02
6.060632934570312500e+02
8.256524047851562500e+02
4.954672241210937500e+02
8.976120605468750000e+02
9.243206787109375000e+02
9.583147583007812500e+02
8.927003173828125000e+02
8.510539550781250000e+02
7.447409667968750000e+02
6.785619506835937500e+02
6.801765136718750000e+02
7.813757324218750000e+02
7.823222045898437500e+02
6.132421875000000000e+02
8.153690185546875000e+02
7.865988159179687500e+02
6.055056762695312500e+02
7.568060913085937500e+02
6.992680664062500000e+02
7.408518066406250000e+02
6.206651611328125000e+02
8.728652954101562500e+02
7.246973876953125000e+02
6.690870361328125000e+02
6.817302856445312500e+02
5.921939086914062500e+02
7.602490844726562500e+02
7.384555053710937500e+02
4.558248291015625000e+02
8.539089965820312500e+02
7.116765136718750000e+02
6.088701782226562500e+02
7.651094970703125000e+02
7.904023437500000000e+02
6.542633056640625000e+02
7.614816284179687500e+02
7.967321777343750000e+02
6.876914062500000000e+02
5.632516479492187500e+02
7.670383300781250000e+02
6.938226318359375000e+02
8.823239135742187500e+02
7.127765502929687500e+02
8.660955200195312500e+02
6.212136840820312500e+02
7.762614746093750000e+02
7.993098754882812500e+02
8.723178100585937500e+02
8.851907958984375000e+02
8.841991577148437500e+02
8.244379882812500000e+02
8.196594848632812500e+02
8.759281005859375000e+02
6.158680419921875000e+02
7.930106201171875000e+02
7.384063720703125000e+02
8.057872924804687500e+02
8.923410644531250000e+02
7.220347290039062500e+02
9.442295532226562500e+02
9.220556640625000000e+02
7.474009399414062500e+02
5.821505737304687500e+02
6.609578247070312500e+02
5.876773681640625000e+02
8.084271240234375000e+02
8.629310302734375000e+02
7.960972900390625000e+02
6.965194702148437500e+02
8.152698364257812500e+02
6.715549316406250000e+02
5.767917480468750000e+02
7.042243652343750000e+02
7.552856445312500000e+02
7.666140747070312500e+02
6.720608520507812500e+02
8.810108032226562500e+02
6.587630004882812500e+02
6.673148193359375000e+02
8.359067993164062500e+02
7.044089965820312500e+02
6.006036987304687500e+02
8.318664550781250000e+02
8.395089111328125000e+02
6.744897460937500000e+02
6.752026367187500000e+02
9.467102661132812500e+02
7.599699707031250000e+02
7.759057006835937500e+02
5.807498779296875000e+02
6.387474975585937500e+02
7.163553466796875000e+02
7.980014038085937500e+02
7.429951782226562500e+02
7.386566772460937500e+02
8.295091552734375000e+02
7.532696533203125000e+02
6.106387329101562500e+02
8.212403564453125000e+02
8.164093017578125000e+02
8.609072875976562500e+02
7.012768554687500000e+02
6.449434204101562500e+02
7.926582031250000000e+02
8.053346557617187500e+02
8.073229370117187500e+02
7.332263183593750000e+02
8.151232299804687500e+02
7.286006469726562500e+02
8.566193237304687500e+02
7.270315551757812500e+02
8.204123535156250000e+02
8.009577636718750000e+02
8.030901489257812500e+02
6.625778808593750000e+02
7.749413452148437500e+02
8.049620361328125000e+02
7.066691284179687500e+02
8.712243041992187500e+02
6.639716186523437500e+02
7.663704833984375000e+02
6.722680664062500000e+02
8.919998168945312500e+02
8.369345703125000000e+02
7.892595214843750000e+02
7.288178710937500000e+02
6.266736450195312500e+02
9.039330444335937500e+02
7.799722290039062500e+02
6.517955322265625000e+02
5.242918701171875000e+02
9.847698364257812500e+02
6.858005371093750000e+02
8.248673095703125000e+02
8.860184936523437500e+02
7.300052490234375000e+02
6.584736938476562500e+02
7.474879150390625000e+02
8.502467041015625000e+02
5.958174438476562500e+02
7.689622192382812500e+02
7.938894653320312500e+02
7.958417968750000000e+02
6.456826782226562500e+02
6.585015258789062500e+02
8.999036865234375000e+02
7.890496826171875000e+02
7.751565551757812500e+02
7.949428710937500000e+02
6.880729370117187500e+02
7.646632690429687500e+02
8.339939575195312500e+02
7.161248779296875000e+02
8.156406250000000000e+02
9.363903198242187500e+02
8.829169311523437500e+02
7.442087402343750000e+02
8.144001464843750000e+02
6.530411987304687500e+02
5.324527587890625000e+02
6.609031982421875000e+02
6.190731201171875000e+02
7.875763549804687500e+02
9.386017456054687500e+02
6.144088134765625000e+02
8.667451782226562500e+02
8.472324218750000000e+02
6.151937255859375000e+02
7.622451171875000000e+02
5.817313232421875000e+02
8.207319335937500000e+02
5.624603271484375000e+02
7.588841552734375000e+02
6.620058593750000000e+02
6.055980224609375000e+02
6.919781494140625000e+02
8.386431274414062500e+02
9.098775634765625000e+02
8.077407226562500000e+02
6.116727905273437500e+02
7.172841186523437500e+02
8.304906005859375000e+02
7.700785522460937500e+02
6.540130004882812500e+02
7.748055419921875000e+02
6.973489379882812500e+02
8.258316040039062500e+02
8.176661376953125000e+02
7.570911254882812500e+02
6.856372680664062500e+02
6.763475341796875000e+02
6.326419067382812500e+02
9.266995849609375000e+02
8.439490966796875000e+02
7.983375854492187500e+02
8.497831420898437500e+02
7.956032104492187500e+02
6.593206787109375000e+02
8.250123291015625000e+02
7.035394287109375000e+02
8.674743652343750000e+02
7.438687744140625000e+02
6.259370117187500000e+02
6.513286743164062500e+02
5.317627563476562500e+02
6.570719604492187500e+02
9.678314208984375000e+02
8.093046264648437500e+02
9.022714233398437500e+02
8.304238281250000000e+02
7.404911499023437500e+02
6.840907592773437500e+02
5.489936523437500000e+02
6.431307983398437500e+02
9.576084594726562500e+02
8.903162841796875000e+02
7.006613769531250000e+02
7.451882934570312500e+02
8.904342651367187500e+02
8.418363647460937500e+02
5.068450927734375000e+02
8.413843994140625000e+02
7.270612792968750000e+02
6.898793945312500000e+02
8.276849365234375000e+02
6.371751098632812500e+02
7.398877563476562500e+02
6.028281250000000000e+02
7.401009521484375000e+02
4.258903198242187500e+02
8.083607177734375000e+02
9.176490478515625000e+02
7.329240722656250000e+02
8.243941040039062500e+02
5.878922119140625000e+02
7.508173828125000000e+02
7.671517333984375000e+02
7.246364746093750000e+02
8.549981689453125000e+02
5.765989990234375000e+02
1.029233276367187500e+03
5.746605834960937500e+02
7.219494628906250000e+02
5.819222412109375000e+02
8.559331665039062500e+02
6.800494384765625000e+02
8.831843261718750000e+02
8.677165527343750000e+02
6.596887817382812500e+02
7.116889648437500000e+02
8.430032958984375000e+02
9.070665283203125000e+02
9.219967651367187500e+02
8.918779907226562500e+02
8.020755615234375000e+02
6.688452148437500000e+02
5.956478881835937500e+02
8.127863159179687500e+02
6.720244140625000000e+02
9.678182373046875000e+02
8.537470092773437500e+02
7.409524536132812500e+02
7.558173828125000000e+02
1.000323974609375000e+03
7.599808959960937500e+02
6.750828857421875000e+02
9.985468139648437500e+02
6.267130737304687500e+02
8.823098144531250000e+02
5.410137939453125000e+02
8.708569335937500000e+02
7.084100341796875000e+02
7.497753295898437500e+02
6.269851684570312500e+02
6.604102172851562500e+02
6.183490600585937500e+02
7.814151611328125000e+02
7.737271728515625000e+02
6.671919555664062500e+02
6.346485595703125000e+02
6.724721679687500000e+02
1.013041381835937500e+03
6.409312133789062500e+02
8.225619506835937500e+02
9.913326416015625000e+02
6.842766723632812500e+02
7.563958740234375000e+02
8.138537597656250000e+02
6.140357666015625000e+02
4.875770874023437500e+02
7.940034790039062500e+02
6.766020507812500000e+02
8.685689697265625000e+02
5.053282165527343750e+02
7.387631835937500000e+02
6.873851318359375000e+02
7.588946533203125000e+02
8.246177368164062500e+02
9.006162109375000000e+02
8.018612670898437500e+02
8.131110229492187500e+02
5.113540344238281250e+02
1.045939819335937500e+03
8.534450683593750000e+02
8.585927734375000000e+02
7.370256347656250000e+02
7.728169555664062500e+02
4.615837707519531250e+02
5.347440795898437500e+02
7.223026123046875000e+02
8.147883911132812500e+02
8.851643066406250000e+02
5.138234252929687500e+02
8.348713378906250000e+02
7.630880737304687500e+02
7.372468872070312500e+02
6.702853393554687500e+02
7.616428222656250000e+02
8.415400390625000000e+02
6.565211791992187500e+02
7.751312255859375000e+02
7.810831909179687500e+02
6.660952148437500000e+02
7.531624755859375000e+02
9.653096313476562500e+02
7.188052978515625000e+02
8.601947631835937500e+02
6.571896972656250000e+02
6.289044189453125000e+02
4.997913513183593750e+02
7.419067382812500000e+02
5.563225708007812500e+02
8.551206665039062500e+02
5.576474609375000000e+02
8.657470703125000000e+02
7.359642944335937500e+02
8.389952392578125000e+02
6.237827148437500000e+02
8.292356567382812500e+02
7.172290649414062500e+02
8.760679321289062500e+02
7.619176635742187500e+02
7.007070312500000000e+02
7.021055908203125000e+02
6.292590332031250000e+02
6.075988159179687500e+02
7.181423950195312500e+02
7.879091796875000000e+02
6.647280883789062500e+02
7.255970458984375000e+02
7.383521728515625000e+02
7.273737182617187500e+02
6.722614135742187500e+02
6.055357666015625000e+02
6.314083251953125000e+02
6.241044311523437500e+02
8.975191040039062500e+02
7.033551635742187500e+02
8.245578613281250000e+02
6.490971069335937500e+02
6.202144165039062500e+02
7.551027221679687500e+02
7.326760864257812500e+02
5.918015747070312500e+02
5.074824829101562500e+02
7.218200683593750000e+02
8.174717407226562500e+02
7.539489135742187500e+02
7.359249877929687500e+02
7.369240722656250000e+02
7.622795410156250000e+02
7.112210083007812500e+02
6.953021850585937500e+02
8.082236938476562500e+02
6.897556152343750000e+02
9.421715698242187500e+02
8.645510253906250000e+02
8.020509033203125000e+02
8.961227416992187500e+02
5.908005981445312500e+02
8.341625366210937500e+02
8.471242675781250000e+02
6.889865112304687500e+02
8.250216674804687500e+02
9.674728393554687500e+02
8.769519042968750000e+02
7.383403320312500000e+02
8.538242797851562500e+02
6.247882690429687500e+02
7.170680541992187500e+02
1.050743652343750000e+03
9.330413208007812500e+02
7.154848632812500000e+02
8.707026367187500000e+02
8.428863525390625000e+02
8.764916992187500000e+02
5.670320434570312500e+02
7.903495483398437500e+02
8.003760986328125000e+02
4.998085937500000000e+02
8.723094482421875000e+02
8.654010620117187500e+02
1.046291625976562500e+03
7.788010253906250000e+02
9.372484130859375000e+02
9.397363281250000000e+02
8.300163574218750000e+02
6.779333496093750000e+02
7.304497680664062500e+02
6.994327392578125000e+02
8.172069702148437500e+02
7.710154418945312500e+02
7.300115356445312500e+02
7.226536865234375000e+02
6.811632080078125000e+02
8.363518676757812500e+02
7.245185546875000000e+02
7.868977661132812500e+02
7.261932983398437500e+02
7.466439819335937500e+02
6.217915039062500000e+02
9.513780517578125000e+02
7.068454589843750000e+02
6.530141601562500000e+02
8.413670043945312500e+02
9.475595092773437500e+02
1.067433471679687500e+03
7.508544921875000000e+02
6.765213623046875000e+02
6.270623779296875000e+02
1.036549072265625000e+03
7.700272827148437500e+02
6.326047363281250000e+02
7.168010864257812500e+02
7.080288696289062500e+02
5.576184692382812500e+02
6.726915283203125000e+02
4.007954711914062500e+02
1.019799926757812500e+03
6.651489257812500000e+02
7.387445678710937500e+02
7.079097290039062500e+02
5.563853759765625000e+02
6.879188232421875000e+02
8.941953735351562500e+02
7.820264282226562500e+02
5.168572998046875000e+02
7.508804321289062500e+02
5.589280395507812500e+02
8.610516967773437500e+02
7.333925170898437500e+02
7.153427124023437500e+02
9.920952148437500000e+02
7.823280639648437500e+02
8.064308471679687500e+02
6.986788940429687500e+02
6.711878051757812500e+02
5.743556518554687500e+02
9.225806274414062500e+02
6.972572021484375000e+02
6.160244750976562500e+02
8.359886474609375000e+02
8.364501342773437500e+02
8.383087768554687500e+02
7.703416748046875000e+02
7.783233642578125000e+02
8.441328735351562500e+02
7.911646728515625000e+02
6.297048950195312500e+02
8.133203125000000000e+02
7.141395874023437500e+02
5.634302368164062500e+02
8.323099365234375000e+02
8.768173828125000000e+02
5.695402221679687500e+02
6.758807983398437500e+02
7.725980224609375000e+02
7.731735229492187500e+02
8.261063842773437500e+02
7.527282714843750000e+02
7.633137207031250000e+02
9.498385009765625000e+02
8.746734619140625000e+02
8.631473388671875000e+02
6.293716430664062500e+02
6.233950805664062500e+02
4.804755859375000000e+02
7.842310180664062500e+02
6.146906738281250000e+02
6.477457885742187500e+02
8.387629394531250000e+02
7.971140136718750000e+02
6.665124511718750000e+02
9.798709106445312500e+02
8.987985839843750000e+02
7.320946655273437500e+02
8.306035766601562500e+02
7.177973022460937500e+02
7.566989746093750000e+02
8.450587768554687500e+02
7.105041503906250000e+02
6.487300415039062500e+02
6.433999633789062500e+02
7.661212158203125000e+02
7.658893432617187500e+02
7.529770507812500000e+02
7.708546752929687500e+02
8.197652587890625000e+02
7.036263427734375000e+02
6.236536865234375000e+02
7.354955444335937500e+02
8.488494873046875000e+02
8.861871337890625000e+02
8.805374145507812500e+02
6.410794067382812500e+02
6.622027587890625000e+02
7.187791748046875000e+02
8.219265136718750000e+02
7.104168701171875000e+02
7.813485717773437500e+02
7.336845092773437500e+02
7.568325195312500000e+02
7.287614746093750000e+02
8.753529663085937500e+02
7.751164550781250000e+02
6.977257080078125000e+02
8.047254028320312500e+02
6.595526733398437500e+02
8.800873413085937500e+02
7.351795654296875000e+02
1.027964721679687500e+03
7.083944702148437500e+02
9.676916503906250000e+02
8.184002075195312500e+02
8.722663574218750000e+02
8.085907592773437500e+02
4.701268310546875000e+02
6.682239990234375000e+02
6.646203613281250000e+02
6.996735839843750000e+02
8.262484741210937500e+02
7.770569458007812500e+02
8.145688476562500000e+02
8.873953247070312500e+02
7.734951782226562500e+02
6.429841918945312500e+02
8.996537475585937500e+02
7.799385375976562500e+02
7.097850952148437500e+02
8.235861206054687500e+02
7.655216674804687500e+02
5.656354980468750000e+02
7.349445800781250000e+02
9.000521850585937500e+02
8.815319824218750000e+02
5.467037353515625000e+02
7.984431152343750000e+02
7.369601440429687500e+02
7.280679321289062500e+02
6.664502563476562500e+02
8.328015136718750000e+02
6.025029907226562500e+02
6.842722167968750000e+02
9.722058105468750000e+02
8.384071044921875000e+02
9.947530517578125000e+02
7.273867797851562500e+02
6.621089477539062500e+02
8.676254882812500000e+02
7.902424316406250000e+02
8.017005615234375000e+02
6.884422607421875000e+02
9.146845703125000000e+02
8.374255371093750000e+02
7.209577636718750000e+02
7.058950805664062500e+02
8.253251953125000000e+02
7.200489501953125000e+02
8.770015258789062500e+02
5.803391723632812500e+02
6.846349487304687500e+02
9.222338256835937500e+02
7.577568359375000000e+02
8.650763549804687500e+02
6.077142944335937500e+02
8.366135864257812500e+02
7.734891967773437500e+02
5.970640869140625000e+02
6.291579589843750000e+02
8.584715576171875000e+02
6.744619750976562500e+02
6.994869995117187500e+02
7.617030029296875000e+02
6.601416015625000000e+02
8.864128417968750000e+02
7.561256103515625000e+02
6.419978027343750000e+02
9.258483886718750000e+02
7.493972778320312500e+02
7.037407226562500000e+02
8.527785644531250000e+02
7.582250366210937500e+02
8.565653686523437500e+02
7.822122192382812500e+02
8.017584838867187500e+02
7.913794555664062500e+02
7.183388061523437500e+02
7.358218383789062500e+02
8.755698852539062500e+02
7.916765747070312500e+02
8.827116699218750000e+02
6.312179565429687500e+02
7.699172363281250000e+02
7.692239379882812500e+02
8.309870605468750000e+02
7.794678344726562500e+02
7.173476562500000000e+02
7.073535156250000000e+02
7.899697265625000000e+02
6.578219604492187500e+02
6.898109130859375000e+02
5.936550292968750000e+02
9.568013305664062500e+02
6.229547729492187500e+02
6.998375854492187500e+02
7.707937622070312500e+02
9.258784790039062500e+02
9.264309692382812500e+02
7.693530273437500000e+02
7.476528930664062500e+02
5.620523681640625000e+02
8.021442871093750000e+02
8.283722534179687500e+02
7.916481933593750000e+02
9.085889892578125000e+02
7.218910522460937500e+02
7.353919677734375000e+02
5.717587890625000000e+02
8.184512939453125000e+02
7.268270263671875000e+02
7.242117309570312500e+02
6.946245727539062500e+02
6.917583618164062500e+02
8.171829833984375000e+02
7.901063232421875000e+02
7.786329956054687500e+02
7.633840942382812500e+02
7.681868286132812500e+02
8.925032958984375000e+02
8.629641723632812500e+02
7.013679809570312500e+02
7.874844970703125000e+02
7.118248291015625000e+02
9.489552001953125000e+02
8.102534179687500000e+02
7.656834106445312500e+02
9.299920654296875000e+02
8.436703491210937500e+02
8.630281372070312500e+02
7.966405639648437500e+02
5.940651245117187500e+02
9.039831542968750000e+02
6.026980590820312500e+02
5.125059204101562500e+02
8.582994995117187500e+02
8.172554931640625000e+02
6.633757934570312500e+02
6.680589599609375000e+02
8.766208496093750000e+02
9.193078613281250000e+02
8.200761108398437500e+02
9.166506958007812500e+02
9.635679931640625000e+02
8.115703735351562500e+02
8.334788208007812500e+02
7.784570922851562500e+02
6.108863525390625000e+02
6.942943725585937500e+02
8.231594848632812500e+02
9.269009399414062500e+02
8.675825805664062500e+02
7.763493652343750000e+02
7.072268066406250000e+02
6.348450317382812500e+02
6.805681762695312500e+02
8.066944580078125000e+02
8.241293945312500000e+02
6.119329223632812500e+02
7.648106689453125000e+02
7.572131347656250000e+02
7.081974487304687500e+02
8.432862548828125000e+02
7.825262451171875000e+02
7.714983520507812500e+02
5.578993530273437500e+02
8.087979736328125000e+02
8.095969848632812500e+02
7.716652832031250000e+02
6.108878784179687500e+02
8.561853027343750000e+02
5.398502197265625000e+02
6.691214599609375000e+02
7.718240356445312500e+02
7.935075073242187500e+02
8.473137207031250000e+02
7.077745971679687500e+02
6.068231811523437500e+02
5.520540161132812500e+02
6.081361694335937500e+02
6.707922973632812500e+02
5.852268066406250000e+02
7.612276000976562500e+02
7.209978027343750000e+02
6.994078979492187500e+02
8.524903564453125000e+02
8.125794067382812500e+02
5.752816162109375000e+02
6.766232299804687500e+02
6.023106079101562500e+02
7.692443847656250000e+02
9.314824829101562500e+02
8.386758422851562500e+02
8.608277587890625000e+02
8.243819580078125000e+02
7.642264404296875000e+02
9.679294433593750000e+02
7.231369628906250000e+02
9.077164306640625000e+02
6.149637451171875000e+02
7.839581298828125000e+02
8.359658203125000000e+02
8.426598510742187500e+02
7.466074829101562500e+02
6.213371582031250000e+02
8.133335571289062500e+02
7.858150024414062500e+02
8.000593872070312500e+02
8.184718017578125000e+02
8.358735961914062500e+02
9.025955200195312500e+02
8.164928588867187500e+02
6.463742675781250000e+02
7.039057617187500000e+02
6.989492797851562500e+02
8.773244628906250000e+02
9.636845092773437500e+02
9.176301269531250000e+02
7.101721801757812500e+02
7.989989624023437500e+02
8.581895141601562500e+02
4.390146789550781250e+02
8.133695068359375000e+02
6.674127807617187500e+02
8.678110961914062500e+02
8.333415527343750000e+02
7.246878051757812500e+02
8.864157714843750000e+02
7.288435668945312500e+02
7.270160522460937500e+02
9.084360351562500000e+02
6.969906005859375000e+02
7.727935180664062500e+02
8.999481201171875000e+02
6.259824829101562500e+02
6.800653076171875000e+02
8.433119506835937500e+02
9.055765380859375000e+02
8.111831665039062500e+02
9.122331542968750000e+02
7.623507080078125000e+02
4.949827575683593750e+02
5.418124389648437500e+02
8.876459960937500000e+02
8.610187377929687500e+02
8.451078491210937500e+02
9.823338623046875000e+02
9.010695800781250000e+02
6.762781982421875000e+02
6.499435424804687500e+02
3.713842163085937500e+02
8.374342041015625000e+02
6.646238403320312500e+02
7.916932983398437500e+02
7.054585571289062500e+02
9.569913940429687500e+02
7.440446166992187500e+02
6.305023193359375000e+02
5.938567504882812500e+02
8.941127319335937500e+02
8.267523803710937500e+02
6.747469482421875000e+02
8.327830810546875000e+02
8.151727294921875000e+02
6.986139526367187500e+02
6.221746826171875000e+02
7.145870971679687500e+02
8.235551757812500000e+02
8.285293579101562500e+02
6.831825561523437500e+02
8.846622314453125000e+02
5.854159545898437500e+02
8.023551635742187500e+02
7.566343994140625000e+02
8.514829101562500000e+02
7.303982543945312500e+02
7.896748657226562500e+02
8.386779785156250000e+02
6.838740234375000000e+02
8.134837036132812500e+02
6.278638916015625000e+02
9.292590332031250000e+02
8.330397949218750000e+02
8.225001220703125000e+02
7.682190551757812500e+02
5.559188232421875000e+02
8.109851074218750000e+02
7.899900512695312500e+02
7.618159790039062500e+02
6.172396850585937500e+02
6.370750122070312500e+02
6.448698120117187500e+02
6.591239624023437500e+02
7.116694335937500000e+02
8.247706909179687500e+02
6.613469238281250000e+02
6.584973144531250000e+02
6.924495239257812500e+02
8.736091308593750000e+02
7.990745849609375000e+02
6.581836547851562500e+02
7.603919067382812500e+02
8.204644165039062500e+02
8.457294921875000000e+02
6.737929077148437500e+02
8.071513671875000000e+02
7.984782104492187500e+02
9.235480346679687500e+02
8.267713012695312500e+02
7.395864257812500000e+02
5.423726806640625000e+02
8.246779174804687500e+02
6.102294311523437500e+02
8.219015502929687500e+02
7.351478881835937500e+02
7.783970947265625000e+02
1.076569946289062500e+03
8.404154052734375000e+02
9.163830566406250000e+02
8.035534667968750000e+02
7.626943359375000000e+02
6.829355468750000000e+02
6.961409912109375000e+02
7.408947143554687500e+02
7.816307373046875000e+02
7.343182373046875000e+02
7.966250000000000000e+02
7.057037963867187500e+02
7.355831298828125000e+02
8.058369750976562500e+02
8.262747802734375000e+02
8.252550048828125000e+02
8.693967285156250000e+02
1.014817077636718750e+03
7.885528564453125000e+02
6.944552001953125000e+02
7.831395874023437500e+02
8.878648071289062500e+02
6.350983886718750000e+02
4.781343078613281250e+02
6.787528686523437500e+02
7.501718750000000000e+02
6.634662475585937500e+02
7.598342285156250000e+02
6.769702148437500000e+02
7.396976318359375000e+02
6.795457153320312500e+02
5.596779174804687500e+02
7.590253906250000000e+02
9.210386352539062500e+02
6.481807861328125000e+02
6.759911499023437500e+02
8.481048583984375000e+02
8.853687744140625000e+02
6.992780761718750000e+02
9.430386962890625000e+02
8.333287963867187500e+02
8.773859252929687500e+02
7.635408935546875000e+02
8.223704833984375000e+02
8.024662475585937500e+02
9.760421752929687500e+02
1.000012573242187500e+03
7.287841796875000000e+02
7.675493164062500000e+02
8.024030761718750000e+02
1.072335327148437500e+03
8.084225463867187500e+02
6.179243774414062500e+02
6.435814819335937500e+02
8.601629028320312500e+02
8.210246582031250000e+02
7.510161743164062500e+02
8.860029296875000000e+02
6.623596801757812500e+02
7.698084716796875000e+02
7.034834594726562500e+02
6.257534790039062500e+02
7.283337402343750000e+02
7.591561279296875000e+02
7.980107421875000000e+02
7.348629760742187500e+02
6.680986328125000000e+02
6.816987304687500000e+02
6.246029052734375000e+02
4.961118774414062500e+02
1.052233276367187500e+03
7.871469726562500000e+02
8.591590576171875000e+02
5.918336181640625000e+02
7.460482788085937500e+02
7.497164306640625000e+02
7.456494140625000000e+02
6.243497314453125000e+02
7.360087890625000000e+02
6.502152099609375000e+02
7.566799316406250000e+02
7.460379638671875000e+02
7.579163208007812500e+02
8.581336059570312500e+02
7.879676513671875000e+02
5.373701782226562500e+02
6.909520874023437500e+02
6.565416870117187500e+02
7.620717163085937500e+02
7.953438720703125000e+02
5.689643554687500000e+02
7.018403320312500000e+02
5.988657226562500000e+02
7.967352294921875000e+02
7.902164916992187500e+02
6.476001586914062500e+02
8.363954467773437500e+02
6.745707397460937500e+02
7.117134399414062500e+02
9.248890991210937500e+02
7.725729980468750000e+02
6.121942138671875000e+02
5.378979492187500000e+02
6.478797607421875000e+02
5.710749511718750000e+02
5.500466308593750000e+02
9.143088378906250000e+02
6.235407714843750000e+02
8.224324951171875000e+02
8.287217407226562500e+02
5.072801208496093750e+02
8.435244140625000000e+02
6.717943115234375000e+02
8.314559326171875000e+02
6.344391479492187500e+02
8.180216674804687500e+02
7.536815185546875000e+02
6.454219970703125000e+02
5.967875976562500000e+02
7.102123413085937500e+02
6.518029174804687500e+02
8.642307739257812500e+02
8.465021972656250000e+02
7.799543457031250000e+02
8.508210449218750000e+02
8.135701293945312500e+02
8.057462768554687500e+02
8.431470947265625000e+02
6.885775146484375000e+02
6.061439819335937500e+02
7.568598022460937500e+02
8.394251098632812500e+02
6.722534179687500000e+02
7.985454101562500000e+02
9.726311035156250000e+02
7.752289428710937500e+02
8.430537109375000000e+02
8.920561523437500000e+02
5.271390380859375000e+02
6.134664306640625000e+02
7.886265258789062500e+02
6.858673706054687500e+02
8.227953491210937500e+02
7.967420654296875000e+02
9.696447143554687500e+02
8.720890502929687500e+02
7.139256591796875000e+02
9.138416748046875000e+02
6.599689331054687500e+02
9.077462768554687500e+02
7.031364746093750000e+02
6.411405029296875000e+02
7.186170043945312500e+02
6.707516479492187500e+02
8.815263061523437500e+02
5.490902709960937500e+02
4.367264099121093750e+02
9.318833618164062500e+02
5.666226196289062500e+02
6.275950927734375000e+02
7.638076782226562500e+02
6.222063598632812500e+02
8.458765869140625000e+02
4.866048889160156250e+02
1.020783630371093750e+03
6.463399658203125000e+02
6.819360351562500000e+02
9.673189697265625000e+02
7.476426391601562500e+02
6.019609375000000000e+02
7.828937377929687500e+02
7.634967041015625000e+02
8.777338867187500000e+02
8.385366821289062500e+02
6.830312500000000000e+02
7.689338378906250000e+02
7.927708740234375000e+02
7.440831909179687500e+02
8.058573608398437500e+02
6.633053588867187500e+02
7.218473510742187500e+02
7.141453247070312500e+02
6.781156616210937500e+02
8.613787231445312500e+02
6.599473266601562500e+02
9.415711059570312500e+02
7.969111328125000000e+02
6.907572021484375000e+02
8.288231811523437500e+02
8.410614013671875000e+02
6.818941650390625000e+02
8.029554443359375000e+02
8.492502441406250000e+02
9.235668334960937500e+02
8.396716918945312500e+02
6.681401977539062500e+02
9.363594360351562500e+02
7.793582153320312500e+02
8.881998291015625000e+02
8.759188842773437500e+02
8.699889526367187500e+02
7.783430175781250000e+02
8.909194946289062500e+02
8.709365844726562500e+02
6.422109985351562500e+02
8.158353271484375000e+02
5.774223022460937500e+02
9.358419189453125000e+02
8.952889404296875000e+02
9.690684204101562500e+02
8.740573730468750000e+02
7.157404785156250000e+02
7.178005371093750000e+02
7.829024658203125000e+02
6.023930664062500000e+02
8.733187866210937500e+02
7.135914916992187500e+02
8.976203613281250000e+02
8.260374755859375000e+02
8.854751586914062500e+02
9.296627807617187500e+02
8.378930664062500000e+02
8.844523315429687500e+02
7.542125244140625000e+02
8.177815551757812500e+02
6.695726928710937500e+02
5.947176513671875000e+02
6.819464721679687500e+02
7.931680297851562500e+02
9.429598999023437500e+02
6.719435424804687500e+02
5.660615844726562500e+02
6.994415893554687500e+02
9.002193603515625000e+02
8.439361572265625000e+02
9.424497070312500000e+02
9.494155883789062500e+02
8.657749633789062500e+02
6.149002685546875000e+02
9.060734863281250000e+02
7.963159790039062500e+02
9.881621704101562500e+02
7.428214721679687500e+02
9.854218750000000000e+02
7.204401245117187500e+02
8.298662719726562500e+02
7.422850952148437500e+02
9.339948120117187500e+02
7.276644897460937500e+02
7.566973266601562500e+02
6.838369750976562500e+02
7.945701904296875000e+02
7.402453002929687500e+02
6.551194458007812500e+02
8.708412475585937500e+02
5.966174926757812500e+02
9.089094848632812500e+02
9.478413696289062500e+02
7.948075561523437500e+02
7.772382812500000000e+02
6.137468261718750000e+02
7.722954711914062500e+02
8.464781494140625000e+02
6.203628540039062500e+02
7.445166625976562500e+02
6.336241455078125000e+02
7.116022338867187500e+02
6.629696655273437500e+02
8.800653076171875000e+02
8.482686157226562500e+02
8.899353027343750000e+02
7.828879394531250000e+02
8.578740234375000000e+02
6.102153320312500000e+02
6.633865966796875000e+02
6.661495971679687500e+02
8.205202026367187500e+02
7.751345214843750000e+02
7.253698120117187500e+02
9.389689331054687500e+02
7.327143554687500000e+02
7.189305419921875000e+02
8.487211914062500000e+02
7.802021484375000000e+02
6.825245971679687500e+02
6.573516845703125000e+02
8.586688232421875000e+02
4.841133728027343750e+02
8.610123901367187500e+02
8.453533935546875000e+02
8.950504760742187500e+02
7.068487548828125000e+02
8.122474975585937500e+02
7.715325927734375000e+02
9.754459228515625000e+02
9.103007812500000000e+02
7.731121215820312500e+02
4.872599487304687500e+02
8.336580810546875000e+02
8.378193359375000000e+02
9.333813476562500000e+02
8.259888916015625000e+02
8.998132934570312500e+02
7.227509765625000000e+02
6.858640136718750000e+02
7.564125976562500000e+02
8.357386474609375000e+02
9.222128295898437500e+02
6.638419189453125000e+02
8.698609619140625000e+02
8.016848144531250000e+02
5.795097045898437500e+02
7.248588867187500000e+02
7.701889038085937500e+02
7.835361938476562500e+02
7.317406616210937500e+02
7.493286132812500000e+02
5.622127075195312500e+02
8.790197753906250000e+02
6.865979003906250000e+02
9.429876708984375000e+02
8.318860473632812500e+02
6.761566162109375000e+02
5.500719604492187500e+02
8.291963500976562500e+02
6.601908569335937500e+02
8.013919677734375000e+02
5.173500976562500000e+02
9.048946533203125000e+02
9.804855346679687500e+02
6.166984863281250000e+02
7.317691040039062500e+02
9.405500488281250000e+02
8.340930175781250000e+02
7.278398437500000000e+02
7.532696533203125000e+02
7.288605346679687500e+02
7.188187255859375000e+02
7.332590942382812500e+02
8.124934692382812500e+02
7.491389160156250000e+02
6.716652221679687500e+02
8.288089599609375000e+02
8.544633789062500000e+02
8.621563110351562500e+02
6.341302490234375000e+02
5.255711669921875000e+02
6.750363769531250000e+02
5.395815429687500000e+02
6.047915039062500000e+02
1.051137451171875000e+03
7.947766113281250000e+02
7.948394775390625000e+02
1.059119262695312500e+03
7.797268676757812500e+02
9.549844360351562500e+02
7.056765136718750000e+02
7.120194702148437500e+02
7.070598144531250000e+02
7.756702880859375000e+02
8.792479248046875000e+02
6.434559326171875000e+02
5.432351074218750000e+02
7.742218017578125000e+02
9.020473022460937500e+02
9.210013427734375000e+02
8.358380737304687500e+02
7.213804931640625000e+02
8.021260986328125000e+02
7.819889526367187500e+02
9.475815429687500000e+02
6.098086547851562500e+02
8.943922729492187500e+02
6.486226806640625000e+02
7.322146606445312500e+02
6.612237548828125000e+02
7.818835449218750000e+02
8.996813354492187500e+02
8.580378417968750000e+02
8.965410156250000000e+02
8.888325805664062500e+02
7.882883911132812500e+02
9.837733154296875000e+02
6.111734619140625000e+02
6.802877807617187500e+02
7.270640869140625000e+02
7.583759155273437500e+02
8.464700317382812500e+02
8.763654174804687500e+02
8.706719970703125000e+02
8.305032958984375000e+02
8.390364379882812500e+02
7.516244506835937500e+02
9.574096679687500000e+02
7.670694580078125000e+02
8.493364868164062500e+02
6.504149780273437500e+02
6.909985961914062500e+02
7.596676025390625000e+02
8.571588134765625000e+02
6.596268310546875000e+02
6.863358764648437500e+02
6.040026245117187500e+02
1.002662963867187500e+03
6.729290771484375000e+02
1.011459167480468750e+03
7.648414916992187500e+02
8.710031738281250000e+02
8.392864379882812500e+02
5.870749511718750000e+02
8.703544311523437500e+02
7.376478271484375000e+02
7.927316284179687500e+02
8.498778686523437500e+02
7.064765625000000000e+02
6.780902099609375000e+02
7.614774169921875000e+02
8.722763061523437500e+02
7.008395996093750000e+02
6.392765502929687500e+02
8.079553833007812500e+02
8.458672485351562500e+02
9.148681640625000000e+02
7.140456542968750000e+02
7.625292358398437500e+02
9.045220947265625000e+02
6.751427001953125000e+02
7.965563964843750000e+02
7.157874755859375000e+02
7.800017089843750000e+02
7.164299926757812500e+02
7.581838378906250000e+02
7.631472778320312500e+02
7.431108398437500000e+02
5.616495971679687500e+02
7.663912353515625000e+02
6.720220947265625000e+02
7.570371704101562500e+02
7.940643310546875000e+02
8.024375610351562500e+02
8.906713256835937500e+02
8.289584350585937500e+02
6.484988403320312500e+02
6.869267578125000000e+02
7.860028076171875000e+02
6.872360229492187500e+02
8.552199096679687500e+02
8.333923339843750000e+02
4.014698791503906250e+02
6.981633300781250000e+02
6.691839599609375000e+02
8.016839599609375000e+02
6.593142089843750000e+02
9.613935546875000000e+02
8.175073852539062500e+02
6.490172119140625000e+02
7.781201171875000000e+02
7.930315551757812500e+02
7.598591308593750000e+02
6.578488159179687500e+02
8.311048583984375000e+02
5.840733032226562500e+02
6.953499755859375000e+02
6.503544921875000000e+02
8.345816040039062500e+02
9.855538940429687500e+02
8.656928100585937500e+02
7.221008911132812500e+02
6.920659790039062500e+02
7.622108764648437500e+02
7.491793212890625000e+02
7.522015991210937500e+02
7.059703369140625000e+02
5.811088256835937500e+02
7.314503784179687500e+02
7.545125122070312500e+02
8.724946899414062500e+02
8.615563964843750000e+02
8.992392578125000000e+02
6.467518920898437500e+02
6.754953613281250000e+02
6.245952148437500000e+02
6.845686035156250000e+02
9.331885375976562500e+02
5.903955688476562500e+02
6.879932861328125000e+02
7.944462890625000000e+02
9.237897949218750000e+02
7.573590698242187500e+02
8.352970581054687500e+02
7.489181518554687500e+02
7.686947021484375000e+02
7.857236938476562500e+02
9.287760620117187500e+02
9.453090209960937500e+02
1.011004333496093750e+03
6.959660034179687500e+02
8.146193237304687500e+02
8.987817993164062500e+02
9.653594970703125000e+02
9.153334960937500000e+02
7.119328613281250000e+02
7.306460571289062500e+02
7.794638061523437500e+02
6.990921020507812500e+02
7.252117919921875000e+02
8.024897460937500000e+02
7.881524047851562500e+02
7.547396240234375000e+02
7.855938720703125000e+02
6.202367553710937500e+02
4.938221740722656250e+02
8.215855712890625000e+02
8.201163330078125000e+02
6.873559570312500000e+02
7.426088867187500000e+02
9.738260498046875000e+02
7.055297241210937500e+02
8.992331542968750000e+02
9.373380737304687500e+02
7.943654174804687500e+02
7.771568603515625000e+02
6.940396728515625000e+02
7.463118286132812500e+02
5.449959716796875000e+02
8.979938964843750000e+02
8.101538085937500000e+02
6.786984252929687500e+02
8.487359619140625000e+02
8.282916259765625000e+02
6.845313110351562500e+02
9.625502319335937500e+02
8.167793579101562500e+02
8.494960937500000000e+02
8.935104980468750000e+02
7.753339843750000000e+02
7.651322021484375000e+02
6.339736938476562500e+02
6.325595092773437500e+02
8.483338623046875000e+02
1.028475830078125000e+03
8.386403198242187500e+02
7.823139038085937500e+02
8.348473510742187500e+02
8.756123657226562500e+02
7.872620849609375000e+02
8.326035156250000000e+02
8.366551513671875000e+02
7.693651733398437500e+02
6.954723510742187500e+02
6.755202026367187500e+02
6.962088623046875000e+02
7.627003784179687500e+02
9.348656005859375000e+02
7.389788818359375000e+02
6.653255615234375000e+02
4.725540466308593750e+02
6.154838256835937500e+02
5.933271484375000000e+02
7.296398315429687500e+02
6.418104248046875000e+02
8.953186035156250000e+02
6.890950317382812500e+02
8.060797729492187500e+02
7.422945556640625000e+02
6.262210083007812500e+02
7.785137939453125000e+02
6.704232177734375000e+02
9.460620117187500000e+02
8.134152832031250000e+02
7.177205200195312500e+02
6.849819946289062500e+02
1.005106933593750000e+03
6.835682983398437500e+02
7.869953613281250000e+02
8.646000976562500000e+02
9.301505126953125000e+02
6.710688476562500000e+02
7.821644897460937500e+02
7.629691772460937500e+02
7.527653198242187500e+02
7.239632568359375000e+02
6.909750366210937500e+02
7.860529785156250000e+02
9.340049438476562500e+02
7.906704101562500000e+02
7.665827026367187500e+02
8.138101806640625000e+02
8.678901977539062500e+02
6.277255859375000000e+02
8.122636108398437500e+02
8.633225708007812500e+02
8.265677490234375000e+02
8.421180419921875000e+02
8.506444702148437500e+02
6.300432739257812500e+02
8.957193603515625000e+02
5.984013061523437500e+02
6.945069580078125000e+02
7.546596679687500000e+02
8.221182250976562500e+02
8.340420532226562500e+02
9.900123291015625000e+02
5.271308593750000000e+02
1.093337158203125000e+03
8.697186889648437500e+02
6.976251220703125000e+02
9.395722656250000000e+02
6.387955322265625000e+02
8.454027099609375000e+02
8.831753540039062500e+02
8.098560180664062500e+02
7.976337890625000000e+02
9.252259521484375000e+02
8.630592651367187500e+02
6.614873657226562500e+02
8.104682617187500000e+02
8.480544433593750000e+02
6.762515258789062500e+02
8.229698486328125000e+02
8.556093750000000000e+02
6.432263793945312500e+02
7.360877075195312500e+02
8.515402221679687500e+02
8.399864501953125000e+02
8.593172607421875000e+02
8.297319335937500000e+02
6.866123657226562500e+02
8.164403686523437500e+02
8.328212890625000000e+02
7.533704223632812500e+02
8.498070678710937500e+02
7.409599609375000000e+02
7.651922607421875000e+02
9.221026000976562500e+02
7.786421508789062500e+02
5.542330932617187500e+02
7.982346801757812500e+02
7.544692382812500000e+02
6.608008422851562500e+02
8.316763305664062500e+02
7.340970458984375000e+02
8.333635253906250000e+02
6.639462890625000000e+02
9.315589599609375000e+02
6.927772827148437500e+02
7.625659179687500000e+02
6.008898925781250000e+02
6.679541625976562500e+02
9.675477294921875000e+02
6.694802246093750000e+02
9.217618408203125000e+02
1.008638977050781250e+03
9.641818237304687500e+02
8.181500244140625000e+02
7.204596557617187500e+02
9.695235595703125000e+02
5.863789672851562500e+02
7.462462768554687500e+02
9.944661254882812500e+02
8.486852416992187500e+02
8.660791015625000000e+02
7.855557250976562500e+02
8.336167602539062500e+02
8.267957153320312500e+02
9.611458129882812500e+02
7.599306640625000000e+02
6.599421386718750000e+02
9.057200317382812500e+02
7.497097167968750000e+02
5.708350219726562500e+02
4.779273986816406250e+02
6.301369018554687500e+02
8.877301025390625000e+02
8.423002929687500000e+02
7.899668579101562500e+02
8.638500976562500000e+02
7.223053588867187500e+02
7.041290893554687500e+02
7.894896850585937500e+02
1.006152832031250000e+03
9.476780395507812500e+02
8.201346435546875000e+02
8.867156982421875000e+02
6.837664794921875000e+02
7.607122802734375000e+02
8.867238159179687500e+02
8.647704467773437500e+02
7.587369995117187500e+02
5.860662841796875000e+02
8.983485107421875000e+02
6.734839477539062500e+02
8.213721923828125000e+02
9.945098876953125000e+02
8.265401000976562500e+02
7.527475585937500000e+02
6.859682617187500000e+02
7.178658447265625000e+02
8.382576293945312500e+02
7.780019531250000000e+02
6.821156616210937500e+02
6.471243896484375000e+02
7.130163574218750000e+02
7.403966674804687500e+02
8.380540161132812500e+02
7.900567016601562500e+02
5.052028808593750000e+02
9.380481567382812500e+02
8.627269287109375000e+02
7.107938232421875000e+02
7.737296752929687500e+02
7.315235595703125000e+02
8.488114624023437500e+02
7.867360839843750000e+02
6.448996582031250000e+02
8.373107910156250000e+02
7.604640502929687500e+02
7.593932495117187500e+02
8.371343383789062500e+02
8.333002929687500000e+02
7.816889038085937500e+02
6.819229736328125000e+02
7.976607666015625000e+02
9.289063720703125000e+02
7.413795166015625000e+02
6.636585693359375000e+02
8.055156250000000000e+02
6.957125244140625000e+02
9.337924194335937500e+02
7.548455200195312500e+02
7.378356933593750000e+02
8.587064208984375000e+02
7.983130493164062500e+02
7.611693115234375000e+02
7.600818481445312500e+02
8.913763427734375000e+02
7.441539916992187500e+02
9.124984741210937500e+02
8.334545288085937500e+02
7.116939697265625000e+02
6.148258666992187500e+02
5.904308471679687500e+02
7.399954223632812500e+02
7.965151977539062500e+02
7.351014404296875000e+02
8.369806518554687500e+02
9.404503784179687500e+02
8.062849121093750000e+02
6.681492919921875000e+02
7.710780029296875000e+02
7.134852905273437500e+02
8.808516235351562500e+02
7.821207275390625000e+02
8.456330566406250000e+02
7.735887451171875000e+02
8.659123535156250000e+02
7.708057250976562500e+02
8.346625366210937500e+02
5.578834838867187500e+02
9.290311279296875000e+02
5.866945190429687500e+02
8.519521484375000000e+02
8.619639892578125000e+02
7.768390502929687500e+02
7.577443237304687500e+02
8.121267700195312500e+02
7.901812133789062500e+02
7.631466674804687500e+02
7.513262939453125000e+02
6.213707275390625000e+02
7.764414062500000000e+02
7.074188232421875000e+02
8.287877807617187500e+02
7.189847412109375000e+02
6.665286865234375000e+02
7.826290283203125000e+02
7.388266601562500000e+02
8.414152221679687500e+02
6.726729736328125000e+02
9.426247558593750000e+02
8.762041625976562500e+02
9.728221435546875000e+02
1.050336303710937500e+03
6.154543457031250000e+02
7.549815673828125000e+02
9.256139526367187500e+02
6.425861206054687500e+02
8.733960571289062500e+02
7.506738281250000000e+02
7.610179443359375000e+02
8.292206420898437500e+02
7.506057128906250000e+02
8.414480590820312500e+02
6.596333618164062500e+02
6.835625610351562500e+02
7.702766113281250000e+02
8.290042114257812500e+02
8.455633544921875000e+02
7.361135864257812500e+02
6.812542114257812500e+02
7.003969726562500000e+02
7.808965454101562500e+02
5.598115844726562500e+02
8.735233154296875000e+02
6.541973266601562500e+02
6.770673217773437500e+02
7.758179321289062500e+02
8.013121948242187500e+02
7.325478515625000000e+02
9.027958374023437500e+02
8.511616821289062500e+02
8.535433349609375000e+02
7.760018920898437500e+02
6.244947509765625000e+02
6.599550781250000000e+02
7.083182983398437500e+02
7.182553100585937500e+02
7.428112792968750000e+02
9.641969604492187500e+02
7.106525878906250000e+02
8.707730102539062500e+02
5.446250000000000000e+02
7.990333862304687500e+02
8.667103881835937500e+02
8.270913696289062500e+02
8.967212524414062500e+02
5.586898803710937500e+02
8.264852905273437500e+02
6.317192993164062500e+02
7.239483032226562500e+02
9.542301025390625000e+02
7.404240112304687500e+02
6.972095947265625000e+02
6.639363403320312500e+02
8.728630371093750000e+02
7.184567260742187500e+02
7.383513183593750000e+02
9.208600463867187500e+02
5.979237670898437500e+02
5.480776977539062500e+02
7.911647949218750000e+02
7.981951904296875000e+02
8.642418823242187500e+02
8.654524536132812500e+02
7.839202880859375000e+02
7.634246215820312500e+02
7.846749267578125000e+02
9.020611572265625000e+02
8.850487670898437500e+02
7.307085571289062500e+02
7.937381591796875000e+02
6.892583618164062500e+02
6.846732788085937500e+02
6.717339477539062500e+02
8.749835205078125000e+02
6.756127319335937500e+02
7.927489624023437500e+02
6.473168945312500000e+02
7.984809570312500000e+02
8.172631225585937500e+02
8.986696166992187500e+02
6.153245239257812500e+02
8.542556152343750000e+02
6.432637939453125000e+02
7.682761840820312500e+02
5.409746704101562500e+02
7.353723754882812500e+02
5.850047607421875000e+02
8.189682006835937500e+02
7.581424560546875000e+02
7.054204101562500000e+02
6.654462280273437500e+02
8.551358032226562500e+02
6.902693481445312500e+02
7.425889282226562500e+02
9.357952880859375000e+02
7.527183837890625000e+02
6.755032958984375000e+02
8.415434570312500000e+02
7.144781494140625000e+02
7.451236572265625000e+02
9.509816894531250000e+02
7.828706665039062500e+02
7.806550903320312500e+02
8.461349487304687500e+02
7.335715942382812500e+02
8.808059082031250000e+02
6.349851074218750000e+02
6.319122924804687500e+02
6.890813598632812500e+02
7.414657592773437500e+02
7.782131347656250000e+02
7.302187500000000000e+02
6.003500976562500000e+02
7.738905639648437500e+02
6.606894531250000000e+02
7.562940063476562500e+02
9.651786499023437500e+02
7.832951049804687500e+02
7.431159057617187500e+02
7.332863159179687500e+02
8.311526489257812500e+02
6.149355468750000000e+02
7.807070312500000000e+02
8.353374023437500000e+02
6.966233520507812500e+02
8.696328125000000000e+02
7.564577026367187500e+02
5.464436035156250000e+02
7.681181030273437500e+02
9.298150024414062500e+02
7.784402465820312500e+02
8.103828125000000000e+02
8.953015136718750000e+02
8.236654052734375000e+02
6.665030517578125000e+02
6.354332275390625000e+02
8.039971313476562500e+02
6.853656005859375000e+02
6.348161621093750000e+02
7.372439575195312500e+02
7.600073852539062500e+02
7.786231689453125000e+02
7.694580078125000000e+02
9.329401245117187500e+02
7.403880004882812500e+02
8.563541259765625000e+02
7.057378540039062500e+02
8.256120605468750000e+02
8.635538940429687500e+02
6.281346435546875000e+02
8.378986206054687500e+02
1.044118408203125000e+03
7.426706542968750000e+02
6.133888549804687500e+02
6.863107910156250000e+02
7.678975830078125000e+02
9.498388061523437500e+02
7.132532348632812500e+02
8.062441406250000000e+02
9.405601196289062500e+02
6.942481079101562500e+02
1.001799194335937500e+03
6.799010009765625000e+02
8.240864868164062500e+02
6.601022949218750000e+02
7.101192016601562500e+02
8.709915161132812500e+02
9.224590454101562500e+02
6.650310668945312500e+02
7.827966308593750000e+02
7.654509887695312500e+02
7.849933471679687500e+02
7.440213012695312500e+02
8.350412597656250000e+02
7.115642700195312500e+02
9.966427001953125000e+02
7.883073730468750000e+02
8.735748291015625000e+02
5.501975097656250000e+02
8.196335449218750000e+02
8.278967895507812500e+02
8.658935546875000000e+02
6.482607421875000000e+02
7.533794555664062500e+02
7.298364868164062500e+02
8.979190673828125000e+02
6.046963500976562500e+02
6.400604858398437500e+02
6.102067260742187500e+02
8.589102783203125000e+02
7.155025024414062500e+02
6.518920898437500000e+02
6.475546875000000000e+02
7.411741333007812500e+02
7.351752929687500000e+02
8.814547729492187500e+02
7.284051513671875000e+02
6.815545043945312500e+02
7.627214355468750000e+02
8.928837280273437500e+02
7.783042602539062500e+02
8.052407836914062500e+02
7.375679931640625000e+02
6.067522583007812500e+02
7.093694458007812500e+02
8.156919555664062500e+02
8.730883789062500000e+02
6.787560424804687500e+02
6.397639160156250000e+02
9.254243164062500000e+02
7.888709106445312500e+02
6.478201293945312500e+02
7.905310058593750000e+02
5.133107910156250000e+02
8.313801269531250000e+02
6.889000854492187500e+02
8.479998168945312500e+02
6.830044555664062500e+02
8.340119628906250000e+02
6.495778198242187500e+02
6.528701171875000000e+02
7.217735595703125000e+02
6.704680175781250000e+02
7.672645263671875000e+02
8.981046142578125000e+02
7.352653808593750000e+02
8.630944213867187500e+02
7.297429199218750000e+02
6.783852539062500000e+02
6.598193359375000000e+02
6.922714843750000000e+02
8.526727294921875000e+02
5.795310058593750000e+02
5.648960571289062500e+02
6.173490600585937500e+02
6.148956298828125000e+02
7.613458251953125000e+02
5.839899291992187500e+02
6.376470336914062500e+02
5.568638916015625000e+02
8.625215454101562500e+02
7.886014404296875000e+02
7.774404907226562500e+02
7.811826171875000000e+02
7.897464599609375000e+02
7.897718505859375000e+02
9.214764404296875000e+02
7.911197509765625000e+02
7.285863037109375000e+02
8.258504028320312500e+02
6.520568237304687500e+02
7.664018554687500000e+02
8.151315307617187500e+02
6.264814453125000000e+02
7.376489868164062500e+02
6.776388549804687500e+02
7.108697509765625000e+02
1.036169677734375000e+03
6.675941772460937500e+02
6.635950317382812500e+02
8.866667480468750000e+02
6.501454467773437500e+02
8.639346923828125000e+02
8.433045654296875000e+02
7.754580688476562500e+02
7.113811035156250000e+02
7.369194946289062500e+02
6.604802856445312500e+02
7.695303955078125000e+02
6.183991088867187500e+02
6.848660278320312500e+02
8.083186035156250000e+02
8.237774658203125000e+02
7.843731079101562500e+02
9.682353515625000000e+02
9.853742065429687500e+02
8.863788452148437500e+02
8.851060791015625000e+02
9.022218017578125000e+02
7.467432861328125000e+02
8.980530395507812500e+02
8.663591308593750000e+02
8.694064941406250000e+02
8.198080444335937500e+02
7.787022705078125000e+02
8.827815551757812500e+02
6.921084594726562500e+02
8.682454223632812500e+02
8.248241577148437500e+02
1.036122436523437500e+03
6.780692749023437500e+02
6.821214599609375000e+02
5.956210327148437500e+02
9.110391235351562500e+02
7.761527709960937500e+02
8.600088500976562500e+02
7.574769287109375000e+02
9.352683715820312500e+02
5.939490966796875000e+02
6.577476806640625000e+02
7.343823852539062500e+02
6.538927001953125000e+02
9.944389648437500000e+02
8.918245239257812500e+02
7.056946411132812500e+02
6.881071166992187500e+02
9.899152221679687500e+02
7.481281127929687500e+02
9.755032958984375000e+02
8.183186645507812500e+02
6.689195556640625000e+02
7.646527709960937500e+02
7.029348144531250000e+02
8.217135009765625000e+02
9.264411010742187500e+02
9.926803588867187500e+02
8.900820312500000000e+02
7.682634887695312500e+02
8.265460815429687500e+02
7.901769409179687500e+02
9.879480590820312500e+02
6.924567260742187500e+02
8.192106933593750000e+02
7.804147949218750000e+02
8.328533325195312500e+02
6.853169555664062500e+02
5.367658081054687500e+02
5.665054321289062500e+02
7.602866821289062500e+02
7.330186767578125000e+02
6.561412963867187500e+02
6.099750366210937500e+02
6.181450805664062500e+02
8.438724975585937500e+02
6.534292602539062500e+02
7.052166748046875000e+02
6.077039794921875000e+02
6.659941406250000000e+02
8.841434326171875000e+02
7.556913452148437500e+02
5.825235595703125000e+02
6.967951049804687500e+02
7.186103515625000000e+02
8.079683227539062500e+02
8.843818969726562500e+02
9.622012939453125000e+02
8.497389526367187500e+02
6.891058349609375000e+02
6.374747924804687500e+02
5.823148803710937500e+02
7.439578247070312500e+02
4.439427795410156250e+02
7.776828002929687500e+02
7.800287475585937500e+02
7.026313476562500000e+02
7.409108886718750000e+02
1.017956420898437500e+03
7.977260742187500000e+02
7.650067749023437500e+02
8.959237670898437500e+02
7.663217163085937500e+02
7.129493408203125000e+02
7.809478759765625000e+02
7.977918701171875000e+02
7.914135742187500000e+02
6.417600708007812500e+02
7.667724609375000000e+02
4.999941711425781250e+02
8.794968872070312500e+02
5.841970214843750000e+02
8.156571655273437500e+02
7.789865112304687500e+02
7.091878051757812500e+02
8.664837036132812500e+02
7.246551513671875000e+02
7.586958618164062500e+02
7.365090942382812500e+02
7.659072875976562500e+02
6.654531250000000000e+02
9.068690185546875000e+02
7.335644531250000000e+02
7.990706176757812500e+02
7.557258911132812500e+02
8.153779907226562500e+02
7.089744262695312500e+02
7.970130615234375000e+02
7.255413208007812500e+02
6.757255249023437500e+02
8.307354125976562500e+02
8.063178710937500000e+02
6.789407348632812500e+02
8.163833007812500000e+02
8.897130126953125000e+02
6.955470581054687500e+02
8.773490600585937500e+02
6.943933105468750000e+02
7.324290771484375000e+02
7.600344848632812500e+02
8.035278320312500000e+02
7.003409423828125000e+02
6.226281738281250000e+02
7.789819946289062500e+02
5.895399780273437500e+02
8.508294067382812500e+02
9.184824829101562500e+02
7.596904907226562500e+02
8.843731079101562500e+02
6.157882080078125000e+02
6.770989379882812500e+02
8.462894287109375000e+02
7.600961914062500000e+02
7.307731933593750000e+02
8.227463378906250000e+02
8.556088256835937500e+02
8.323708496093750000e+02
6.764372558593750000e+02
6.641871337890625000e+02
6.591162109375000000e+02
9.938905639648437500e+02
8.047127685546875000e+02
9.043570556640625000e+02
5.946339721679687500e+02
8.114542846679687500e+02
8.460837402343750000e+02
8.470549316406250000e+02
6.406520385742187500e+02
8.553753662109375000e+02
6.993490600585937500e+02
8.698930053710937500e+02
9.790336303710937500e+02
7.710170898437500000e+02
8.630824584960937500e+02
8.685386352539062500e+02
7.295143432617187500e+02
7.978266601562500000e+02
6.905944213867187500e+02
6.860598144531250000e+02
8.591291503906250000e+02
7.014315795898437500e+02
7.505210571289062500e+02
7.264724121093750000e+02
9.048930053710937500e+02
8.104178466796875000e+02
8.650833740234375000e+02
6.399375000000000000e+02
8.273382568359375000e+02
8.143106689453125000e+02
5.160032958984375000e+02
8.596405639648437500e+02
8.542716064453125000e+02
8.345905761718750000e+02
6.818465576171875000e+02
5.949518432617187500e+02
6.754859619140625000e+02
7.306137695312500000e+02
4.713419799804687500e+02
6.508981323242187500e+02
5.612646484375000000e+02
8.770300903320312500e+02
6.599047241210937500e+02
8.083158569335937500e+02
9.409503173828125000e+02
8.730445556640625000e+02
6.740735473632812500e+02
6.930307006835937500e+02
7.870201416015625000e+02
8.072462158203125000e+02
6.915795288085937500e+02
6.785731811523437500e+02
6.810642089843750000e+02
8.259577636718750000e+02
5.376244506835937500e+02
6.952867431640625000e+02
9.622902221679687500e+02
6.112565307617187500e+02
6.423108520507812500e+02
7.202246093750000000e+02
7.785350952148437500e+02
6.606394653320312500e+02
7.601663208007812500e+02
6.418973999023437500e+02
7.400167846679687500e+02
7.621863403320312500e+02
5.492333374023437500e+02
9.715528564453125000e+02
8.091812744140625000e+02
8.412774047851562500e+02
6.398372192382812500e+02
6.903963012695312500e+02
8.364963989257812500e+02
7.426102905273437500e+02
8.496031494140625000e+02
8.632004394531250000e+02
7.346973876953125000e+02
6.568181762695312500e+02
7.189852294921875000e+02
9.092610473632812500e+02
1.127950439453125000e+03
8.222679443359375000e+02
7.309512329101562500e+02
8.495592041015625000e+02
7.502691040039062500e+02
6.582209472656250000e+02
8.554562988281250000e+02
6.234904785156250000e+02
7.627562866210937500e+02
7.100747680664062500e+02
8.218936767578125000e+02
8.588939819335937500e+02
7.172729492187500000e+02
8.276961669921875000e+02
8.191163330078125000e+02
7.708038940429687500e+02
6.567919921875000000e+02
6.787456054687500000e+02
5.322377929687500000e+02
7.680026245117187500e+02
7.387628173828125000e+02
7.751911010742187500e+02
7.394251098632812500e+02
8.169176635742187500e+02
5.452858886718750000e+02
7.500085449218750000e+02
7.621914062500000000e+02
7.982231445312500000e+02
8.975060424804687500e+02
5.537290039062500000e+02
8.330469970703125000e+02
7.547163085937500000e+02
6.660513916015625000e+02
9.063766479492187500e+02
6.716456298828125000e+02
8.271478271484375000e+02
4.675935974121093750e+02
7.436369018554687500e+02
8.547376098632812500e+02
9.535645141601562500e+02
8.623176269531250000e+02
8.923802490234375000e+02
8.170803833007812500e+02
8.032415161132812500e+02
7.684077148437500000e+02
7.155180664062500000e+02
8.802240600585937500e+02
8.971065673828125000e+02
6.272475585937500000e+02
6.040623168945312500e+02
6.996723022460937500e+02
8.289732666015625000e+02
7.568854980468750000e+02
8.801357421875000000e+02
8.209551391601562500e+02
6.634409790039062500e+02
7.663037109375000000e+02
6.521903686523437500e+02
8.721632080078125000e+02
8.227148437500000000e+02
6.305844116210937500e+02
8.897423706054687500e+02
8.846484375000000000e+02
7.272271118164062500e+02
8.062548828125000000e+02
7.889766845703125000e+02
6.848726196289062500e+02
7.405137939453125000e+02
7.492646484375000000e+02
7.938732299804687500e+02
7.257047729492187500e+02
8.891857910156250000e+02
8.919560546875000000e+02
7.884426269531250000e+02
7.567591552734375000e+02
8.584719848632812500e+02
8.043755493164062500e+02
8.422951049804687500e+02
7.421908569335937500e+02
8.223560180664062500e+02
7.579902954101562500e+02
7.253684692382812500e+02
8.005926513671875000e+02
7.185133666992187500e+02
8.303847656250000000e+02
6.461069946289062500e+02
8.508750610351562500e+02
1.007646789550781250e+03
8.709772338867187500e+02
7.062980957031250000e+02
5.388217773437500000e+02
6.066556396484375000e+02
1.009497253417968750e+03
8.651777343750000000e+02
7.364951782226562500e+02
8.223681640625000000e+02
7.605010986328125000e+02
7.145033569335937500e+02
6.599199829101562500e+02
7.981127929687500000e+02
6.694921875000000000e+02
7.040936889648437500e+02
7.968017578125000000e+02
9.346984252929687500e+02
7.120779418945312500e+02
9.604335327148437500e+02
8.637746582031250000e+02
8.168850708007812500e+02
8.040358276367187500e+02
7.132474975585937500e+02
7.084749755859375000e+02
7.922244262695312500e+02
7.516353149414062500e+02
6.534393920898437500e+02
4.954443359375000000e+02
7.999279785156250000e+02
9.663186645507812500e+02
7.707728881835937500e+02
6.473627319335937500e+02
8.353961181640625000e+02
8.303738403320312500e+02
8.249353027343750000e+02
6.522443847656250000e+02
5.256477661132812500e+02
8.952185668945312500e+02
9.093715209960937500e+02
8.522397460937500000e+02
7.614810180664062500e+02
8.258212280273437500e+02
7.462955932617187500e+02
6.253508911132812500e+02
7.583166503906250000e+02
8.066177368164062500e+02
7.506958618164062500e+02
8.362158203125000000e+02
6.798424072265625000e+02
8.449424438476562500e+02
7.355499877929687500e+02
7.782252807617187500e+02
7.209539184570312500e+02
7.852344360351562500e+02
7.458251953125000000e+02
6.746091918945312500e+02
9.683950805664062500e+02
5.907310791015625000e+02
7.926301269531250000e+02
7.635661621093750000e+02
1.088038696289062500e+03
7.714362182617187500e+02
8.215104370117187500e+02
9.306226196289062500e+02
1.026427856445312500e+03
8.943671264648437500e+02
8.652482910156250000e+02
8.785424804687500000e+02
7.840211791992187500e+02
9.046710205078125000e+02
6.222453002929687500e+02
8.876304931640625000e+02
7.565255126953125000e+02
6.897993774414062500e+02
5.296394653320312500e+02
9.251131591796875000e+02
7.434523925781250000e+02
7.207171630859375000e+02
9.117313842773437500e+02
7.194859008789062500e+02
7.413318481445312500e+02
7.905974731445312500e+02
8.043427124023437500e+02
8.212138671875000000e+02
8.553480834960937500e+02
9.821816406250000000e+02
9.499580688476562500e+02
9.039328002929687500e+02
6.361194458007812500e+02
5.611724853515625000e+02
7.821261596679687500e+02
8.059432373046875000e+02
8.185419921875000000e+02
8.219418945312500000e+02
7.086027221679687500e+02
7.044072265625000000e+02
7.759705810546875000e+02
6.766025390625000000e+02
6.164589843750000000e+02
5.325254516601562500e+02
5.313841552734375000e+02
7.868736572265625000e+02
8.013930053710937500e+02
8.889837036132812500e+02
7.343819580078125000e+02
7.020168457031250000e+02
5.652206420898437500e+02
8.223264770507812500e+02
7.291437377929687500e+02
6.123497314453125000e+02
8.198180541992187500e+02
7.678660888671875000e+02
8.192424316406250000e+02
8.070072631835937500e+02
7.210464477539062500e+02
6.252330322265625000e+02
4.567993774414062500e+02
8.803732910156250000e+02
5.885047607421875000e+02
5.886913452148437500e+02
7.270268554687500000e+02
6.799060668945312500e+02
1.021780090332031250e+03
9.390017700195312500e+02
6.935007934570312500e+02
7.637512207031250000e+02
7.167917480468750000e+02
6.188226318359375000e+02
7.304540405273437500e+02
7.215722656250000000e+02
8.623092041015625000e+02
6.117692871093750000e+02
7.862240600585937500e+02
8.002380371093750000e+02
8.686920776367187500e+02
9.909055786132812500e+02
7.674157714843750000e+02
5.934515991210937500e+02
8.126938476562500000e+02
7.155504150390625000e+02
7.212308959960937500e+02
7.558024902343750000e+02
7.956721191406250000e+02
6.950845336914062500e+02
6.985719604492187500e+02
7.370023193359375000e+02
7.811062011718750000e+02
6.462582397460937500e+02
7.372759399414062500e+02
9.220712890625000000e+02
8.432702026367187500e+02
9.399627075195312500e+02
1.015319458007812500e+03
5.878867797851562500e+02
7.117954711914062500e+02
7.067973632812500000e+02
8.123023071289062500e+02
7.436926269531250000e+02
6.910245361328125000e+02
7.646762695312500000e+02
7.869874267578125000e+02
8.030502929687500000e+02
8.188181762695312500e+02
8.609093627929687500e+02
8.386644287109375000e+02
7.634169311523437500e+02
8.285076293945312500e+02
8.383353271484375000e+02
6.169809570312500000e+02
6.660596923828125000e+02
7.468427124023437500e+02
6.293171386718750000e+02
8.035639038085937500e+02
7.450612792968750000e+02
8.788823852539062500e+02
7.973103637695312500e+02
6.976364746093750000e+02
9.997510375976562500e+02
6.597986450195312500e+02
5.914093627929687500e+02
8.793303833007812500e+02
6.086166381835937500e+02
6.130565795898437500e+02
8.646275634765625000e+02
8.565248413085937500e+02
6.272584228515625000e+02
7.006138916015625000e+02
6.270533447265625000e+02
7.535174560546875000e+02
6.693110961914062500e+02
6.838566284179687500e+02
7.899459838867187500e+02
9.162482910156250000e+02
7.127893676757812500e+02
6.596939086914062500e+02
6.782139282226562500e+02
8.857023925781250000e+02
6.043988037109375000e+02
7.157088012695312500e+02
8.868425292968750000e+02
6.624753417968750000e+02
7.111583862304687500e+02
7.002316894531250000e+02
7.129949340820312500e+02
8.000002441406250000e+02
6.265578002929687500e+02
6.893220825195312500e+02
6.649877319335937500e+02
7.446544799804687500e+02
8.939791259765625000e+02
7.763676757812500000e+02
7.672303466796875000e+02
9.301706542968750000e+02
7.626822509765625000e+02
7.317939453125000000e+02
5.415274658203125000e+02
9.402390136718750000e+02
8.995498046875000000e+02
9.184717407226562500e+02
9.105889282226562500e+02
8.406744995117187500e+02
7.016789550781250000e+02
6.442947387695312500e+02
9.067936401367187500e+02
7.554188232421875000e+02
7.565431518554687500e+02
7.032953491210937500e+02
6.416401977539062500e+02
7.062776489257812500e+02
8.680446166992187500e+02
7.714410400390625000e+02
6.898770141601562500e+02
8.021275024414062500e+02
8.680657348632812500e+02
7.300554199218750000e+02
7.803825683593750000e+02
5.903425903320312500e+02
7.766719970703125000e+02
9.205249633789062500e+02
8.518274536132812500e+02
7.484746704101562500e+02
7.862170410156250000e+02
7.435759277343750000e+02
7.358090209960937500e+02
8.468565673828125000e+02
7.398267211914062500e+02
6.394581909179687500e+02
6.543717651367187500e+02
9.100278930664062500e+02
8.078220214843750000e+02
6.418283691406250000e+02
7.172647094726562500e+02
7.922715454101562500e+02
6.678310546875000000e+02
7.752119140625000000e+02
7.433845825195312500e+02
7.282955322265625000e+02
7.398543090820312500e+02
6.275601806640625000e+02
5.974433593750000000e+02
8.564660034179687500e+02
7.867300415039062500e+02
6.375595092773437500e+02
7.885690917968750000e+02
8.411469726562500000e+02
8.216042480468750000e+02
7.541784667968750000e+02
8.231439819335937500e+02
7.025804443359375000e+02
6.032061157226562500e+02
6.177915039062500000e+02
5.646613159179687500e+02
5.557056274414062500e+02
8.010537109375000000e+02
6.959927978515625000e+02
8.419499511718750000e+02
7.437693481445312500e+02
7.084346923828125000e+02
7.801420898437500000e+02
8.980196533203125000e+02
7.312688598632812500e+02
8.061566772460937500e+02
7.676789550781250000e+02
7.841671752929687500e+02
9.137625122070312500e+02
7.598069458007812500e+02
1.035204345703125000e+03
6.405667724609375000e+02
7.731320190429687500e+02
6.908948974609375000e+02
5.110426025390625000e+02
8.592470092773437500e+02
8.151847534179687500e+02
8.671251220703125000e+02
7.576625366210937500e+02
9.457828979492187500e+02
7.049013671875000000e+02
8.269948120117187500e+02
7.438380126953125000e+02
8.182297363281250000e+02
6.933451538085937500e+02
6.386320190429687500e+02
7.988609008789062500e+02
8.351961059570312500e+02
7.038608398437500000e+02
8.349170532226562500e+02
6.930855102539062500e+02
6.830934448242187500e+02
8.922238769531250000e+02
7.458544921875000000e+02
8.538566284179687500e+02
7.778452148437500000e+02
6.748246459960937500e+02
7.279087524414062500e+02
6.489648437500000000e+02
7.059047851562500000e+02
8.712523803710937500e+02
6.800296020507812500e+02
9.589845581054687500e+02
8.696468505859375000e+02
7.310640869140625000e+02
8.529534912109375000e+02
7.550402832031250000e+02
1.074537353515625000e+03
7.484631958007812500e+02
7.572410888671875000e+02
8.930791625976562500e+02
8.948759155273437500e+02
8.596893920898437500e+02
5.417792358398437500e+02
7.983065795898437500e+02
8.933242797851562500e+02
7.226629028320312500e+02
5.872187500000000000e+02
6.693213500976562500e+02
7.312907104492187500e+02
8.955967407226562500e+02
6.942259521484375000e+02
7.505922241210937500e+02
7.075922851562500000e+02
9.295609130859375000e+02
5.335625000000000000e+02
6.959946289062500000e+02
9.700132446289062500e+02
7.560740356445312500e+02
7.580153198242187500e+02
7.713562622070312500e+02
9.258867187500000000e+02
8.075830688476562500e+02
6.837220458984375000e+02
7.444489746093750000e+02
7.438796386718750000e+02
7.059086303710937500e+02
6.750236206054687500e+02
1.008805603027343750e+03
8.887133178710937500e+02
9.748713378906250000e+02
8.231864013671875000e+02
6.615017089843750000e+02
8.209210205078125000e+02
8.209965820312500000e+02
6.247044067382812500e+02
9.667814331054687500e+02
7.148453369140625000e+02
6.702749023437500000e+02
7.651063842773437500e+02
8.283793945312500000e+02
8.538911132812500000e+02
5.569881591796875000e+02
8.252267456054687500e+02
8.183015747070312500e+02
1.027252441406250000e+03
8.057841186523437500e+02
6.182272338867187500e+02
8.983161621093750000e+02
7.415796508789062500e+02
7.229370727539062500e+02
6.896917724609375000e+02
7.609144287109375000e+02
9.771010742187500000e+02
7.777551879882812500e+02
5.700003662109375000e+02
5.265122070312500000e+02
7.769581298828125000e+02
9.542998657226562500e+02
7.058079223632812500e+02
6.063422851562500000e+02
8.150936889648437500e+02
9.184113159179687500e+02
7.913797607421875000e+02
9.381813354492187500e+02
6.497130126953125000e+02
5.919095458984375000e+02
8.390910644531250000e+02
8.641845703125000000e+02
7.232811279296875000e+02
7.441173706054687500e+02
8.012364501953125000e+02
7.254426879882812500e+02
7.572100219726562500e+02
6.720494384765625000e+02
4.926509094238281250e+02
7.889795532226562500e+02
8.378207397460937500e+02
8.545273437500000000e+02
6.362143554687500000e+02
9.406089477539062500e+02
8.907843627929687500e+02
7.213378906250000000e+02
9.055939941406250000e+02
6.444357299804687500e+02
7.961145629882812500e+02
7.089860229492187500e+02
6.133418579101562500e+02
5.961243896484375000e+02
7.914082031250000000e+02
6.398817138671875000e+02
7.278320922851562500e+02
6.890172119140625000e+02
7.622849121093750000e+02
8.999012451171875000e+02
6.651307373046875000e+02
6.744738159179687500e+02
9.252017211914062500e+02
8.156936645507812500e+02
8.157733764648437500e+02
7.468478393554687500e+02
6.920588989257812500e+02
6.487564086914062500e+02
6.459545898437500000e+02
5.230900878906250000e+02
8.439572753906250000e+02
7.519755859375000000e+02
8.517179565429687500e+02
7.006101074218750000e+02
9.326120605468750000e+02
5.513812866210937500e+02
8.528519287109375000e+02
6.423312988281250000e+02
5.883950805664062500e+02
7.614287719726562500e+02
5.632494506835937500e+02
8.118226928710937500e+02
5.558919067382812500e+02
7.217409057617187500e+02
4.056557312011718750e+02
7.483013916015625000e+02
8.501945800781250000e+02
7.339540405273437500e+02
8.428278808593750000e+02
7.290696411132812500e+02
7.594860839843750000e+02
8.478012084960937500e+02
8.223475341796875000e+02
8.626577758789062500e+02
7.786279296875000000e+02
8.795643310546875000e+02
6.879172973632812500e+02
8.372432861328125000e+02
7.558770751953125000e+02
8.741336669921875000e+02
7.814139404296875000e+02
8.941232299804687500e+02
7.608266601562500000e+02
4.785054016113281250e+02
8.253657226562500000e+02
7.789290771484375000e+02
5.827513427734375000e+02
7.845055541992187500e+02
8.876436767578125000e+02
8.462642822265625000e+02
7.419251708984375000e+02
8.133681030273437500e+02
8.814404296875000000e+02
7.544508666992187500e+02
7.445585327148437500e+02
8.672493286132812500e+02
7.302747192382812500e+02
9.462814331054687500e+02
1.022263488769531250e+03
7.508359985351562500e+02
6.529005126953125000e+02
8.358776245117187500e+02
8.571889648437500000e+02
8.892661743164062500e+02
7.854899902343750000e+02
9.741437377929687500e+02
8.986314697265625000e+02
6.313152465820312500e+02
9.514486083984375000e+02
7.637596435546875000e+02
8.715921020507812500e+02
7.517980346679687500e+02
6.898101196289062500e+02
7.415736083984375000e+02
7.838670654296875000e+02
8.384942626953125000e+02
9.091959228515625000e+02
5.741434936523437500e+02
7.986074829101562500e+02
6.913263549804687500e+02
8.740031738281250000e+02
8.558340454101562500e+02
6.389135131835937500e+02
8.638693237304687500e+02
6.578986206054687500e+02
9.191188964843750000e+02
6.478995361328125000e+02
9.026587524414062500e+02
7.855208129882812500e+02
7.506868286132812500e+02
9.098286132812500000e+02
6.452984008789062500e+02
6.272314453125000000e+02
7.341435546875000000e+02
7.043562622070312500e+02
7.683391113281250000e+02
7.693212280273437500e+02
8.353242797851562500e+02
6.793586425781250000e+02
8.962085571289062500e+02
8.326069335937500000e+02
6.910734863281250000e+02
8.750872192382812500e+02
5.157642211914062500e+02
7.529736328125000000e+02
7.055916748046875000e+02
8.953989868164062500e+02
8.352059326171875000e+02
7.063822021484375000e+02
7.050418701171875000e+02
7.534072875976562500e+02
8.340962524414062500e+02
6.660134887695312500e+02
7.529445190429687500e+02
5.563397827148437500e+02
6.815120849609375000e+02
7.981460571289062500e+02
7.213027954101562500e+02
7.563114624023437500e+02
8.635480957031250000e+02
1.006504882812500000e+03
7.675049438476562500e+02
8.661681518554687500e+02
6.583175048828125000e+02
8.943928222656250000e+02
7.449713745117187500e+02
7.512655029296875000e+02
8.281116943359375000e+02
8.968564453125000000e+02
8.659655151367187500e+02
8.863640136718750000e+02
8.979637451171875000e+02
5.522705688476562500e+02
7.969514770507812500e+02
7.104713134765625000e+02
6.727690429687500000e+02
7.809319458007812500e+02
6.741883544921875000e+02
7.078731689453125000e+02
5.829651489257812500e+02
6.762864379882812500e+02
7.113502197265625000e+02
6.454292602539062500e+02
7.175825805664062500e+02
7.635743408203125000e+02
5.874188232421875000e+02
9.198483886718750000e+02
7.096757812500000000e+02
5.673421020507812500e+02
8.683684082031250000e+02
7.297138671875000000e+02
7.347077026367187500e+02
7.224625854492187500e+02
8.824773559570312500e+02
7.080407104492187500e+02
9.139411010742187500e+02
5.941283569335937500e+02
7.817232666015625000e+02
8.567902832031250000e+02
7.385336303710937500e+02
6.311854248046875000e+02
7.529554443359375000e+02
7.712713012695312500e+02
7.678673706054687500e+02
7.484774780273437500e+02
7.988690185546875000e+02
6.484052124023437500e+02
6.788243408203125000e+02
8.084549560546875000e+02
1.060147705078125000e+03
5.907603149414062500e+02
7.211328125000000000e+02
9.383414306640625000e+02
8.760292968750000000e+02
7.585046997070312500e+02
8.146561279296875000e+02
5.469916992187500000e+02
6.754913940429687500e+02
8.307625122070312500e+02
7.469973754882812500e+02
8.235726318359375000e+02
8.481254882812500000e+02
9.387015380859375000e+02
6.989135131835937500e+02
7.059818115234375000e+02
6.488847045898437500e+02
6.074489135742187500e+02
8.854212646484375000e+02
6.880134277343750000e+02
6.984988403320312500e+02
9.268345947265625000e+02
6.982374267578125000e+02
5.660102539062500000e+02
8.529995727539062500e+02
9.570631103515625000e+02
6.655827636718750000e+02
6.970187377929687500e+02
7.826854858398437500e+02
8.299310302734375000e+02
4.761596374511718750e+02
5.402298583984375000e+02
5.349109497070312500e+02
7.334954223632812500e+02
1.007799255371093750e+03
7.275218505859375000e+02
8.254520874023437500e+02
6.398994750976562500e+02
9.705949096679687500e+02
8.800441284179687500e+02
7.406604003906250000e+02
5.573317871093750000e+02
8.811997680664062500e+02
6.309075927734375000e+02
7.840350952148437500e+02
7.143162841796875000e+02
7.349237670898437500e+02
7.129656372070312500e+02
7.710736083984375000e+02
9.175341186523437500e+02
7.570893554687500000e+02
8.116699829101562500e+02
8.778606567382812500e+02
6.327933959960937500e+02
6.728895874023437500e+02
7.295131225585937500e+02
8.117305908203125000e+02
7.437946777343750000e+02
9.498292846679687500e+02
6.864696044921875000e+02
8.222651367187500000e+02
8.857923583984375000e+02
7.703836669921875000e+02
9.009454956054687500e+02
5.816275024414062500e+02
6.656541748046875000e+02
7.326272583007812500e+02
6.890213623046875000e+02
5.717309570312500000e+02
7.196002807617187500e+02
7.535240478515625000e+02
7.873820800781250000e+02
7.233901977539062500e+02
7.377052001953125000e+02
6.684718627929687500e+02
6.964729003906250000e+02
7.344255371093750000e+02
7.298659667968750000e+02
1.011524353027343750e+03
6.583706054687500000e+02
6.865872192382812500e+02
6.959306030273437500e+02
9.530724487304687500e+02
8.081774902343750000e+02
8.581414184570312500e+02
6.531524047851562500e+02
8.489745483398437500e+02
7.661884765625000000e+02
7.209268188476562500e+02
6.385187377929687500e+02
8.036992797851562500e+02
8.194149169921875000e+02
7.951417236328125000e+02
9.878377075195312500e+02
7.718736572265625000e+02
7.395179443359375000e+02
7.316886596679687500e+02
7.144605102539062500e+02
6.738501586914062500e+02
8.738547973632812500e+02
6.435714111328125000e+02
7.031196289062500000e+02
7.007337646484375000e+02
9.132160034179687500e+02
8.195800170898437500e+02
7.981691894531250000e+02
7.058695068359375000e+02
8.304434814453125000e+02
8.856713256835937500e+02
7.236458129882812500e+02
7.898997802734375000e+02
7.216823120117187500e+02
8.073768310546875000e+02
7.804340820312500000e+02
5.643842773437500000e+02
6.360150756835937500e+02
6.789108276367187500e+02
7.249463500976562500e+02
8.389772338867187500e+02
7.184377441406250000e+02
8.947763671875000000e+02
9.922878417968750000e+02
7.711206665039062500e+02
6.197535400390625000e+02
8.348433837890625000e+02
8.685374755859375000e+02
9.705650634765625000e+02
8.167825927734375000e+02
9.526350097656250000e+02
6.950012207031250000e+02
9.821790161132812500e+02
7.938958129882812500e+02
6.793096923828125000e+02
7.333630371093750000e+02
8.755961303710937500e+02
6.878900756835937500e+02
6.933591308593750000e+02
7.341712036132812500e+02
7.352562255859375000e+02
8.045194702148437500e+02
7.539513549804687500e+02
8.353598632812500000e+02
8.578693237304687500e+02
6.351766967773437500e+02
6.778277587890625000e+02
9.230226440429687500e+02
1.176817382812500000e+03
7.910322875976562500e+02
8.635202026367187500e+02
7.611771850585937500e+02
8.931318359375000000e+02
8.768501586914062500e+02
9.756141967773437500e+02
7.402666625976562500e+02
5.827963867187500000e+02
6.946065673828125000e+02
8.343614501953125000e+02
9.291475219726562500e+02
9.697318115234375000e+02
7.203903198242187500e+02
8.216083374023437500e+02
8.179347534179687500e+02
6.905705566406250000e+02
9.096083374023437500e+02
8.323374023437500000e+02
7.778599853515625000e+02
8.305942993164062500e+02
8.554163208007812500e+02
7.875032348632812500e+02
7.973480834960937500e+02
7.708720092773437500e+02
8.960446166992187500e+02
8.281448974609375000e+02
7.954227905273437500e+02
8.857695312500000000e+02
7.270327758789062500e+02
6.342627563476562500e+02
5.587470703125000000e+02
6.742128906250000000e+02
5.526802978515625000e+02
6.673462524414062500e+02
8.560977172851562500e+02
9.309338378906250000e+02
9.373962402343750000e+02
8.895280761718750000e+02
6.883463745117187500e+02
6.486084594726562500e+02
8.192221069335937500e+02
7.567088623046875000e+02
5.899805297851562500e+02
9.497406616210937500e+02
7.807742309570312500e+02
8.569786987304687500e+02
7.907573852539062500e+02
6.012186889648437500e+02
8.043974609375000000e+02
7.901199951171875000e+02
1.041720092773437500e+03
7.319276123046875000e+02
8.095032958984375000e+02
8.344802856445312500e+02
6.885061035156250000e+02
5.393180541992187500e+02
7.068325195312500000e+02
7.391722412109375000e+02
7.468286743164062500e+02
4.718828430175781250e+02
9.191945800781250000e+02
8.415789184570312500e+02
8.211529541015625000e+02
6.033265380859375000e+02
5.660517578125000000e+02
6.517453002929687500e+02
7.591439819335937500e+02
7.803911132812500000e+02
9.317291259765625000e+02
5.898790283203125000e+02
6.123999023437500000e+02
8.746843261718750000e+02
6.460482788085937500e+02
9.365299682617187500e+02
7.391315917968750000e+02
8.170100708007812500e+02
5.597100830078125000e+02
5.712716674804687500e+02
6.245731201171875000e+02
7.698448486328125000e+02
7.431286621093750000e+02
6.121235961914062500e+02
6.123138427734375000e+02
8.215864868164062500e+02
2.573748474121093750e+02
8.776041870117187500e+02
9.161375732421875000e+02
8.136649169921875000e+02
6.725897216796875000e+02
6.552669677734375000e+02
6.173111572265625000e+02
7.686579589843750000e+02
6.600250244140625000e+02
7.234744262695312500e+02
7.889948730468750000e+02
9.663656616210937500e+02
6.541328735351562500e+02
6.403259277343750000e+02
1.008118164062500000e+03
1.019087829589843750e+03
8.633283081054687500e+02
7.026345214843750000e+02
1.015256408691406250e+03
1.005837341308593750e+03
8.584478149414062500e+02
1.012316589355468750e+03
5.638001708984375000e+02
9.216613159179687500e+02
6.613097534179687500e+02
7.864540405273437500e+02
8.324924316406250000e+02
6.320823974609375000e+02
7.771134033203125000e+02
6.556373901367187500e+02
5.355753784179687500e+02
6.378065185546875000e+02
6.478511962890625000e+02
7.405009155273437500e+02
7.987965698242187500e+02
6.939769287109375000e+02
8.710850830078125000e+02
7.474423217773437500e+02
8.094011840820312500e+02
8.929796752929687500e+02
8.068329467773437500e+02
6.984002075195312500e+02
6.950675048828125000e+02
6.891127929687500000e+02
7.667293090820312500e+02
7.670962524414062500e+02
8.371340332031250000e+02
6.360031127929687500e+02
6.880391235351562500e+02
7.846248168945312500e+02
7.876535034179687500e+02
7.961204833984375000e+02
6.616198120117187500e+02
7.273593750000000000e+02
6.851941528320312500e+02
8.556600341796875000e+02
9.613101196289062500e+02
6.989741821289062500e+02
7.964511718750000000e+02
9.321834106445312500e+02
8.738146362304687500e+02
8.372429199218750000e+02
8.039165039062500000e+02
1.096500488281250000e+03
7.023323364257812500e+02
7.470598754882812500e+02
6.819495849609375000e+02
7.580864868164062500e+02
7.613164062500000000e+02
6.491666259765625000e+02
7.481522827148437500e+02
9.980729370117187500e+02
7.628016967773437500e+02
1.070152465820312500e+03
6.399724121093750000e+02
7.497411499023437500e+02
7.002722778320312500e+02
8.489281616210937500e+02
7.506374511718750000e+02
7.720137329101562500e+02
8.004344482421875000e+02
8.560339355468750000e+02
6.535358886718750000e+02
8.859177246093750000e+02
6.282491455078125000e+02
8.475824584960937500e+02
7.187716674804687500e+02
8.495498046875000000e+02
4.201633300781250000e+02
6.489674682617187500e+02
7.652731323242187500e+02
7.129542236328125000e+02
8.472478027343750000e+02
8.746887817382812500e+02
7.931414794921875000e+02
8.989506225585937500e+02
8.329085693359375000e+02
8.008062133789062500e+02
7.661370849609375000e+02
7.963170166015625000e+02
5.368830566406250000e+02
7.287879028320312500e+02
7.472344970703125000e+02
7.886577758789062500e+02
9.389282836914062500e+02
5.727026367187500000e+02
7.907559204101562500e+02
8.143750000000000000e+02
7.444938354492187500e+02
9.000982055664062500e+02
8.724124145507812500e+02
8.644297485351562500e+02
8.624298706054687500e+02
9.005803222656250000e+02
9.223297119140625000e+02
9.884174804687500000e+02
5.719699707031250000e+02
9.355665283203125000e+02
7.392164916992187500e+02
7.033927612304687500e+02
6.400417480468750000e+02
7.757854614257812500e+02
4.788670043945312500e+02
7.953109741210937500e+02
8.209020996093750000e+02
9.009638671875000000e+02
7.233927001953125000e+02
1.132481689453125000e+03
7.048971557617187500e+02
9.024650878906250000e+02
6.608873291015625000e+02
6.143810424804687500e+02
9.790584106445312500e+02
9.751273193359375000e+02
6.217489624023437500e+02
9.421983032226562500e+02
1.037404418945312500e+03
9.241552124023437500e+02
9.695945434570312500e+02
8.919124755859375000e+02
5.746342773437500000e+02
7.189570312500000000e+02
8.564635009765625000e+02
6.822634887695312500e+02
6.305136108398437500e+02
1.014508300781250000e+03
8.702669067382812500e+02
7.919491577148437500e+02
8.147012329101562500e+02
7.563717651367187500e+02
8.694296875000000000e+02
9.133469848632812500e+02
7.157490234375000000e+02
8.754111328125000000e+02
6.607196044921875000e+02
6.907041015625000000e+02
6.801685180664062500e+02
6.798302001953125000e+02
7.759841918945312500e+02
8.548615722656250000e+02
7.736570434570312500e+02
8.463582153320312500e+02
8.224891967773437500e+02
7.567434082031250000e+02
7.033048095703125000e+02
7.462636718750000000e+02
8.108749389648437500e+02
6.872736206054687500e+02
8.511238403320312500e+02
7.133572998046875000e+02
5.556610107421875000e+02
7.220980224609375000e+02
8.593163452148437500e+02
7.948842773437500000e+02
8.316348266601562500e+02
7.930291748046875000e+02
5.475883789062500000e+02
5.198646240234375000e+02
9.967618408203125000e+02
6.654752807617187500e+02
8.263984985351562500e+02
6.839725341796875000e+02
7.187154541015625000e+02
6.674558105468750000e+02
8.006844482421875000e+02
9.627706909179687500e+02
7.884128417968750000e+02
6.345306396484375000e+02
7.628213500976562500e+02
6.012299194335937500e+02
7.484591064453125000e+02
6.444143676757812500e+02
7.212407226562500000e+02
8.545778198242187500e+02
9.588140869140625000e+02
7.211742553710937500e+02
6.484959716796875000e+02
8.381533813476562500e+02
8.139097290039062500e+02
6.086926879882812500e+02
8.812176513671875000e+02
8.579610595703125000e+02
8.381477661132812500e+02
6.673150024414062500e+02
1.094972900390625000e+03
7.020140380859375000e+02
8.056892700195312500e+02
7.850505371093750000e+02
6.139616699218750000e+02
7.835871582031250000e+02
7.853609008789062500e+02
9.582509155273437500e+02
5.461193237304687500e+02
8.883129882812500000e+02
6.715723266601562500e+02
7.136885986328125000e+02
7.338849487304687500e+02
8.972716064453125000e+02
8.988025512695312500e+02
8.158104248046875000e+02
9.022983398437500000e+02
9.102149658203125000e+02
8.806402587890625000e+02
6.321420288085937500e+02
7.479766235351562500e+02
7.476142578125000000e+02
7.429168701171875000e+02
8.727773437500000000e+02
9.027968750000000000e+02
7.008242187500000000e+02
7.269333496093750000e+02
7.306124267578125000e+02
6.603942871093750000e+02
7.326795654296875000e+02
6.004813232421875000e+02
7.040610351562500000e+02
7.586926269531250000e+02
8.249960327148437500e+02
7.737909545898437500e+02
7.694274291992187500e+02
7.672281494140625000e+02
8.137493286132812500e+02
8.486930541992187500e+02
7.177344970703125000e+02
6.731408691406250000e+02
5.285363769531250000e+02
7.625092773437500000e+02
8.430117797851562500e+02
7.647770385742187500e+02
7.674900512695312500e+02
8.441742553710937500e+02
7.605892333984375000e+02
6.337623901367187500e+02
8.517968139648437500e+02
6.981099243164062500e+02
6.541162109375000000e+02
7.194109497070312500e+02
8.357896728515625000e+02
8.907501831054687500e+02
8.779586791992187500e+02
7.076220092773437500e+02
6.308405761718750000e+02
7.825737915039062500e+02
5.792343139648437500e+02
7.004486083984375000e+02
9.355825805664062500e+02
6.910515136718750000e+02
8.376195068359375000e+02
5.918731079101562500e+02
7.099224243164062500e+02
6.454097290039062500e+02
6.042438964843750000e+02
7.630811157226562500e+02
8.536981201171875000e+02
8.656010742187500000e+02
8.327750244140625000e+02
8.464075317382812500e+02
6.027471313476562500e+02
7.910314941406250000e+02
7.302813720703125000e+02
8.521374511718750000e+02
8.380830078125000000e+02
6.173001098632812500e+02
7.926248168945312500e+02
8.336217041015625000e+02
7.184866943359375000e+02
5.887445678710937500e+02
7.265604858398437500e+02
7.942436523437500000e+02
6.134564819335937500e+02
6.920233764648437500e+02
6.637529907226562500e+02
7.479202880859375000e+02
7.963063354492187500e+02
7.380178833007812500e+02
5.359103393554687500e+02
8.682230834960937500e+02
1.013075317382812500e+03
7.214826049804687500e+02
7.900319824218750000e+02
9.060262451171875000e+02
7.176682739257812500e+02
7.345021972656250000e+02
7.612124023437500000e+02
6.290715332031250000e+02
7.081790161132812500e+02
7.426119995117187500e+02
6.475290527343750000e+02
6.604773559570312500e+02
7.874564208984375000e+02
7.280854492187500000e+02
5.843657836914062500e+02
7.900946655273437500e+02
1.064602905273437500e+03
8.685874023437500000e+02
8.943202514648437500e+02
6.954091186523437500e+02
7.851278076171875000e+02
7.930916748046875000e+02
7.453894653320312500e+02
7.724961547851562500e+02
6.242154541015625000e+02
6.651743774414062500e+02
7.964431762695312500e+02
7.461311035156250000e+02
7.039050292968750000e+02
7.492310791015625000e+02
7.363545532226562500e+02
5.460367431640625000e+02
8.501256103515625000e+02
7.313610229492187500e+02
1.036110229492187500e+03
7.606724243164062500e+02
7.369042358398437500e+02
8.637226562500000000e+02
8.616457519531250000e+02
7.769365844726562500e+02
7.499820556640625000e+02
7.454506225585937500e+02
8.058970947265625000e+02
8.140120849609375000e+02
9.308842773437500000e+02
7.352946777343750000e+02
7.667907714843750000e+02
7.935286254882812500e+02
8.076920166015625000e+02
7.693574829101562500e+02
8.544310913085937500e+02
8.280825805664062500e+02
6.696956176757812500e+02
9.213704223632812500e+02
6.812904052734375000e+02
6.903848876953125000e+02
6.024412841796875000e+02
4.056813354492187500e+02
7.649111938476562500e+02
7.663400878906250000e+02
6.719436645507812500e+02
8.235416870117187500e+02
7.585560913085937500e+02
7.877138061523437500e+02
6.449969482421875000e+02
7.584818115234375000e+02
7.678733520507812500e+02
8.994464111328125000e+02
8.598662109375000000e+02
6.923262329101562500e+02
8.292802124023437500e+02
8.092442016601562500e+02
6.860385742187500000e+02
7.772660522460937500e+02
7.966424560546875000e+02
7.476482543945312500e+02
7.952860717773437500e+02
7.027943725585937500e+02
8.269172973632812500e+02
9.034055175781250000e+02
7.488339233398437500e+02
6.522961425781250000e+02
7.758401489257812500e+02
8.002446289062500000e+02
9.312465209960937500e+02
1.092091796875000000e+03
8.422779541015625000e+02
6.781797485351562500e+02
7.230297241210937500e+02
8.738757934570312500e+02
7.610002441406250000e+02
6.165014648437500000e+02
8.526622924804687500e+02
7.620120849609375000e+02
7.801107788085937500e+02
7.267175903320312500e+02
8.527668457031250000e+02
5.244514160156250000e+02
7.230166015625000000e+02
7.335610351562500000e+02
6.653825073242187500e+02
7.296198730468750000e+02
9.483444213867187500e+02
7.098551635742187500e+02
8.175315551757812500e+02
7.814281616210937500e+02
6.921621704101562500e+02
7.696951293945312500e+02
5.210144042968750000e+02
1.038015014648437500e+03
9.436048583984375000e+02
7.455499267578125000e+02
7.295853881835937500e+02
6.382392578125000000e+02
6.922924804687500000e+02
1.034322509765625000e+03
5.194423217773437500e+02
9.577593383789062500e+02
1.043647216796875000e+03
6.788192138671875000e+02
7.360615234375000000e+02
6.349364624023437500e+02
8.091108398437500000e+02
8.227502441406250000e+02
8.834668579101562500e+02
8.606032714843750000e+02
6.863068237304687500e+02
7.619378662109375000e+02
7.438855590820312500e+02
8.919702758789062500e+02
8.639330444335937500e+02
7.349109497070312500e+02
8.394674072265625000e+02
7.997255859375000000e+02
7.663974609375000000e+02
9.289147949218750000e+02
8.633092651367187500e+02
9.054493408203125000e+02
7.107311401367187500e+02
6.889622192382812500e+02
5.471350708007812500e+02
7.666887207031250000e+02
6.692823486328125000e+02
6.241636962890625000e+02
9.321314086914062500e+02
6.953153076171875000e+02
5.717709350585937500e+02
8.104456176757812500e+02
9.538985595703125000e+02
8.990338745117187500e+02
7.788248291015625000e+02
7.626270141601562500e+02
7.487451171875000000e+02
1.038109619140625000e+03
7.398092041015625000e+02
8.397930297851562500e+02
6.051082153320312500e+02
6.217464599609375000e+02
6.060404052734375000e+02
8.635686645507812500e+02
6.522751464843750000e+02
4.788588867187500000e+02
7.477947998046875000e+02
7.494603271484375000e+02
8.007742919921875000e+02
8.360436401367187500e+02
8.014473876953125000e+02
6.765631713867187500e+02
9.981776733398437500e+02
8.270758666992187500e+02
7.164046630859375000e+02
8.372039184570312500e+02
7.968761596679687500e+02
8.042339477539062500e+02
9.098525390625000000e+02
8.124064941406250000e+02
8.646400756835937500e+02
7.508552856445312500e+02
8.232320556640625000e+02
8.154202270507812500e+02
7.731998901367187500e+02
7.020884399414062500e+02
7.979650268554687500e+02
9.265538940429687500e+02
6.850405273437500000e+02
7.688876953125000000e+02
5.767555541992187500e+02
6.711711425781250000e+02
6.006461791992187500e+02
7.226948242187500000e+02
6.038317871093750000e+02
9.017932739257812500e+02
8.220402832031250000e+02
8.075004272460937500e+02
6.886897583007812500e+02
1.055462646484375000e+03
6.874183349609375000e+02
7.880287475585937500e+02
8.377207641601562500e+02
7.021087646484375000e+02
6.055685424804687500e+02
9.517416992187500000e+02
6.255319213867187500e+02
6.964763183593750000e+02
6.026173095703125000e+02
8.501624145507812500e+02
7.069658813476562500e+02
7.533090209960937500e+02
7.147131347656250000e+02
5.902189941406250000e+02
8.222952880859375000e+02
8.001031494140625000e+02
6.825755004882812500e+02
9.402675781250000000e+02
8.343097534179687500e+02
5.757673950195312500e+02
9.253489379882812500e+02
7.386008911132812500e+02
7.544149780273437500e+02
5.762988891601562500e+02
7.980443725585937500e+02
8.485418701171875000e+02
6.919925537109375000e+02
6.723803710937500000e+02
8.706759643554687500e+02
7.415198364257812500e+02
8.537853393554687500e+02
7.832442016601562500e+02
7.808439941406250000e+02
7.106409912109375000e+02
8.216236572265625000e+02
7.474632568359375000e+02
8.014878540039062500e+02
8.322860717773437500e+02
5.601006469726562500e+02
8.041666259765625000e+02
7.665781250000000000e+02
7.501878051757812500e+02
8.754205932617187500e+02
7.581131591796875000e+02
7.475710449218750000e+02
7.379013061523437500e+02
7.420854492187500000e+02
7.548491210937500000e+02
8.505928955078125000e+02
4.815313415527343750e+02
6.934667968750000000e+02
5.394498291015625000e+02
6.247922363281250000e+02
5.223897094726562500e+02
7.992141113281250000e+02
6.859879760742187500e+02
7.661770019531250000e+02
8.529573364257812500e+02
7.838566894531250000e+02
6.954483642578125000e+02
6.693899536132812500e+02
6.815673217773437500e+02
6.656638183593750000e+02
7.227797241210937500e+02
7.410786743164062500e+02
9.250117797851562500e+02
7.287540893554687500e+02
7.891703491210937500e+02
8.241615600585937500e+02
7.889263916015625000e+02
5.370567016601562500e+02
8.616283569335937500e+02
8.184774780273437500e+02
9.357041625976562500e+02
7.671008300781250000e+02
8.529463500976562500e+02
8.429954223632812500e+02
7.355017700195312500e+02
6.991860961914062500e+02
5.655570068359375000e+02
6.371495971679687500e+02
9.117004394531250000e+02
8.918929443359375000e+02
5.387996215820312500e+02
8.646275024414062500e+02
6.687997436523437500e+02
8.189945068359375000e+02
7.693430175781250000e+02
6.831469116210937500e+02
8.062344360351562500e+02
7.572344360351562500e+02
5.983814086914062500e+02
5.929494628906250000e+02
8.493527221679687500e+02
9.789644775390625000e+02
9.361676635742187500e+02
6.307501220703125000e+02
8.463049926757812500e+02
9.015348510742187500e+02
9.692957153320312500e+02
7.935830688476562500e+02
6.706409912109375000e+02
8.368370361328125000e+02
7.338091430664062500e+02
9.384224853515625000e+02
6.421287231445312500e+02
7.187135620117187500e+02
9.990408325195312500e+02
8.310048828125000000e+02
8.720072021484375000e+02
5.930184326171875000e+02
7.572923583984375000e+02
6.652738647460937500e+02
6.545686035156250000e+02
7.575972290039062500e+02
6.545164794921875000e+02
7.726704711914062500e+02
9.320552978515625000e+02
7.221672973632812500e+02
7.331961669921875000e+02
6.618407592773437500e+02
6.672525024414062500e+02
8.268385009765625000e+02
9.013034667968750000e+02
7.867391357421875000e+02
4.139425048828125000e+02
6.962518920898437500e+02
5.266854858398437500e+02
8.145035400390625000e+02
8.010845947265625000e+02
8.176867675781250000e+02
9.228129272460937500e+02
6.970186157226562500e+02
6.013247070312500000e+02
6.973561401367187500e+02
9.472214965820312500e+02
8.015207519531250000e+02
7.003500976562500000e+02
8.849884643554687500e+02
7.281625976562500000e+02
7.544057006835937500e+02
8.065073852539062500e+02
7.242714233398437500e+02
8.583095092773437500e+02
7.389456787109375000e+02
6.884415893554687500e+02
7.897544555664062500e+02
9.637907714843750000e+02
8.299459838867187500e+02
9.275904541015625000e+02
7.411845092773437500e+02
6.887168579101562500e+02
7.717707519531250000e+02
7.792066650390625000e+02
6.858743286132812500e+02
6.737628173828125000e+02
9.011771850585937500e+02
7.910238647460937500e+02
7.856421508789062500e+02
8.543570556640625000e+02
7.254821166992187500e+02
8.725745239257812500e+02
8.608990478515625000e+02
8.351575927734375000e+02
6.439497680664062500e+02
7.545737915039062500e+02
6.600977172851562500e+02
7.306799316406250000e+02
5.444822998046875000e+02
7.032097167968750000e+02
7.572377319335937500e+02
8.199881591796875000e+02
6.687061157226562500e+02
7.571397705078125000e+02
6.970321655273437500e+02
9.085009765625000000e+02
7.669995727539062500e+02
9.811731567382812500e+02
6.770964965820312500e+02
6.760186157226562500e+02
8.095792236328125000e+02
7.533801269531250000e+02
8.361705322265625000e+02
9.081290283203125000e+02
8.621627807617187500e+02
8.492431030273437500e+02
7.421473388671875000e+02
6.895712280273437500e+02
8.868173217773437500e+02
7.284721679687500000e+02
7.851486206054687500e+02
9.545705566406250000e+02
7.881584472656250000e+02
7.608823242187500000e+02
6.538843383789062500e+02
7.098728027343750000e+02
9.030082397460937500e+02
8.278502807617187500e+02
8.485454101562500000e+02
8.096287841796875000e+02
7.170822753906250000e+02
6.093229370117187500e+02
7.741887817382812500e+02
8.742930908203125000e+02
6.979912109375000000e+02
8.688511352539062500e+02
8.411130371093750000e+02
6.975358886718750000e+02
7.030488891601562500e+02
7.684710693359375000e+02
7.624091186523437500e+02
3.666447448730468750e+02
5.329033203125000000e+02
8.669899291992187500e+02
7.229038696289062500e+02
8.176598510742187500e+02
7.767244262695312500e+02
6.477172851562500000e+02
7.821695556640625000e+02
7.741817016601562500e+02
6.185002441406250000e+02
7.153192749023437500e+02
7.090549316406250000e+02
7.287460937500000000e+02
8.633084716796875000e+02
6.626297607421875000e+02
9.024163818359375000e+02
5.504228515625000000e+02
8.308253784179687500e+02
7.578074340820312500e+02
7.503121948242187500e+02
8.967163085937500000e+02
8.517174072265625000e+02
6.951949462890625000e+02
7.922070312500000000e+02
9.291993408203125000e+02
6.967760620117187500e+02
7.521892089843750000e+02
8.754799194335937500e+02
6.462611083984375000e+02
8.735985717773437500e+02
7.368898925781250000e+02
9.522982177734375000e+02
6.345127563476562500e+02
8.418031005859375000e+02
8.481624755859375000e+02
7.889982299804687500e+02
8.434733886718750000e+02
6.013541870117187500e+02
7.425076293945312500e+02
8.652589721679687500e+02
6.819963989257812500e+02
7.243716430664062500e+02
6.503508911132812500e+02
6.950420532226562500e+02
6.304357299804687500e+02
6.473916015625000000e+02
6.879583740234375000e+02
6.864196166992187500e+02
9.437296142578125000e+02
7.690054931640625000e+02
6.610506591796875000e+02
5.331087646484375000e+02
7.200158081054687500e+02
5.894067993164062500e+02
8.374231567382812500e+02
7.889429931640625000e+02
7.022879638671875000e+02
7.554340820312500000e+02
6.277703247070312500e+02
7.661867065429687500e+02
9.141877441406250000e+02
9.590029907226562500e+02
8.554806518554687500e+02
8.787223510742187500e+02
8.207880249023437500e+02
7.323775634765625000e+02
1.002268920898437500e+03
7.711918334960937500e+02
8.605637207031250000e+02
5.742816162109375000e+02
8.760288085937500000e+02
6.560033569335937500e+02
9.335164794921875000e+02
8.928732299804687500e+02
8.956104125976562500e+02
7.641478881835937500e+02
7.759194335937500000e+02
7.452160034179687500e+02
8.234633178710937500e+02
7.719404907226562500e+02
6.977321166992187500e+02
8.771068115234375000e+02
7.338552856445312500e+02
8.586093750000000000e+02
7.500742187500000000e+02
8.452122802734375000e+02
7.983167724609375000e+02
6.542722167968750000e+02
7.203115234375000000e+02
9.950942993164062500e+02
6.702788696289062500e+02
7.378327026367187500e+02
6.835590209960937500e+02
7.484821166992187500e+02
7.562312011718750000e+02
5.750896606445312500e+02
7.281295166015625000e+02
6.835013427734375000e+02
7.871931762695312500e+02
6.975367431640625000e+02
7.830166015625000000e+02
9.471988525390625000e+02
9.928573608398437500e+02
8.850812377929687500e+02
8.464659423828125000e+02
8.359945678710937500e+02
8.581304321289062500e+02
6.138066406250000000e+02
7.931412353515625000e+02
9.794323120117187500e+02
7.896688842773437500e+02
7.064000244140625000e+02
5.157843017578125000e+02
7.051029663085937500e+02
8.253940429687500000e+02
8.314763793945312500e+02
8.291137084960937500e+02
8.493283691406250000e+02
9.810753173828125000e+02
8.888247070312500000e+02
6.887704467773437500e+02
7.392553100585937500e+02
5.456404418945312500e+02
5.913166503906250000e+02
9.379136352539062500e+02
6.828181762695312500e+02
6.550095825195312500e+02
8.771334228515625000e+02
8.214215698242187500e+02
7.844342651367187500e+02
1.049957641601562500e+03
9.188825073242187500e+02
7.520872802734375000e+02
8.498567504882812500e+02
8.663886718750000000e+02
5.763299560546875000e+02
8.249222412109375000e+02
6.661714477539062500e+02
7.975186767578125000e+02
8.002584838867187500e+02
7.479963989257812500e+02
6.845767822265625000e+02
5.452606201171875000e+02
7.833045654296875000e+02
8.305455322265625000e+02
9.098141479492187500e+02
4.462251892089843750e+02
7.858374633789062500e+02
8.075488891601562500e+02
8.019791259765625000e+02
7.708406372070312500e+02
7.594581298828125000e+02
6.556477050781250000e+02
6.654104614257812500e+02
8.626359863281250000e+02
7.645684204101562500e+02
7.992727050781250000e+02
8.792846679687500000e+02
8.539034423828125000e+02
7.974432373046875000e+02
7.085920410156250000e+02
6.636310424804687500e+02
6.983803710937500000e+02
7.867287597656250000e+02
6.248252563476562500e+02
7.585454101562500000e+02
8.638405151367187500e+02
9.402069091796875000e+02
7.639822387695312500e+02
8.821868286132812500e+02
7.500402832031250000e+02
8.683258056640625000e+02
6.072138061523437500e+02
9.419446411132812500e+02
8.621228637695312500e+02
7.964597167968750000e+02
7.501634521484375000e+02
4.838134765625000000e+02
6.081679077148437500e+02
7.736153564453125000e+02
5.816455078125000000e+02
1.006130065917968750e+03
6.539650268554687500e+02
5.606876220703125000e+02
8.578991699218750000e+02
8.701588745117187500e+02
5.874473266601562500e+02
8.011599121093750000e+02
6.674423828125000000e+02
8.652462158203125000e+02
6.194454956054687500e+02
9.414960937500000000e+02
5.193079833984375000e+02
6.195423583984375000e+02
7.123153686523437500e+02
7.743867187500000000e+02
7.718640747070312500e+02
6.616444091796875000e+02
8.402531738281250000e+02
9.031458740234375000e+02
8.058491210937500000e+02
9.205330810546875000e+02
7.999689331054687500e+02
7.435050659179687500e+02
7.880303344726562500e+02
7.045321044921875000e+02
6.451328735351562500e+02
8.221336669921875000e+02
8.759235229492187500e+02
7.417174072265625000e+02
8.510369262695312500e+02
8.439138793945312500e+02
7.278309936523437500e+02
6.757024536132812500e+02
6.839044799804687500e+02
5.497804565429687500e+02
5.536891479492187500e+02
8.072086791992187500e+02
8.158937988281250000e+02
7.107767944335937500e+02
6.533081665039062500e+02
8.173848876953125000e+02
6.709725341796875000e+02
8.129352416992187500e+02
8.459377441406250000e+02
6.551740112304687500e+02
7.620479125976562500e+02
5.937474975585937500e+02
6.255604248046875000e+02
6.438880004882812500e+02
7.741801147460937500e+02
6.375148925781250000e+02
8.116329345703125000e+02
7.628344116210937500e+02
8.640752563476562500e+02
8.996759033203125000e+02
8.824093627929687500e+02
8.324348754882812500e+02
8.760527343750000000e+02
7.616846313476562500e+02
7.723751220703125000e+02
8.212243041992187500e+02
7.067176513671875000e+02
6.697175903320312500e+02
6.279790039062500000e+02
6.631687622070312500e+02
8.956886596679687500e+02
6.529791870117187500e+02
8.020562744140625000e+02
6.059234008789062500e+02
8.138867187500000000e+02
6.900933227539062500e+02
5.558723754882812500e+02
6.135734863281250000e+02
7.097915649414062500e+02
7.674039306640625000e+02
6.500009155273437500e+02
8.525358276367187500e+02
6.026411743164062500e+02
6.259334106445312500e+02
8.956509399414062500e+02
6.592557983398437500e+02
7.847528076171875000e+02
8.421536254882812500e+02
9.112785034179687500e+02
7.918639526367187500e+02
7.145564575195312500e+02
8.327053833007812500e+02
7.972567138671875000e+02
9.058153076171875000e+02
6.639127807617187500e+02
8.109378662109375000e+02
6.699204711914062500e+02
6.787398681640625000e+02
1.003940979003906250e+03
9.686884765625000000e+02
6.882839355468750000e+02
7.776640014648437500e+02
6.604747314453125000e+02
6.771491699218750000e+02
9.139780273437500000e+02
8.239688720703125000e+02
6.993348999023437500e+02
6.590969238281250000e+02
7.442359619140625000e+02
5.800834350585937500e+02
7.040478515625000000e+02
5.806864013671875000e+02
6.515462646484375000e+02
8.306474609375000000e+02
8.119606933593750000e+02
6.534009399414062500e+02
8.258604125976562500e+02
7.945797119140625000e+02
8.089765625000000000e+02
7.585169677734375000e+02
6.750191040039062500e+02
7.717714843750000000e+02
6.370776367187500000e+02
8.554957885742187500e+02
6.453380737304687500e+02
5.786155395507812500e+02
8.046732177734375000e+02
5.875825805664062500e+02
7.655000610351562500e+02
7.871535644531250000e+02
7.542737426757812500e+02
9.353217163085937500e+02
6.461042480468750000e+02
6.800579223632812500e+02
8.900399780273437500e+02
7.755844726562500000e+02
7.029968261718750000e+02
8.455720825195312500e+02
7.285415039062500000e+02
9.526100463867187500e+02
6.173270874023437500e+02
6.552497558593750000e+02
7.624625244140625000e+02
6.910981445312500000e+02
7.280756225585937500e+02
5.273070068359375000e+02
8.999272460937500000e+02
8.187736206054687500e+02
8.868972167968750000e+02
6.647644042968750000e+02
9.463933715820312500e+02
7.378317871093750000e+02
6.671179809570312500e+02
6.841899414062500000e+02
7.021597900390625000e+02
7.442985229492187500e+02
7.420603027343750000e+02
7.671335449218750000e+02
8.580631713867187500e+02
6.440395507812500000e+02
6.736318969726562500e+02
8.326051635742187500e+02
7.694852905273437500e+02
8.324854125976562500e+02
7.728897705078125000e+02
6.506820678710937500e+02
8.036682739257812500e+02
7.173046264648437500e+02
8.472160034179687500e+02
6.897547607421875000e+02
7.129478759765625000e+02
7.429068603515625000e+02
8.588814086914062500e+02
7.036188964843750000e+02
6.623564453125000000e+02
9.139525756835937500e+02
6.205839843750000000e+02
8.367616577148437500e+02
8.408041381835937500e+02
8.378314819335937500e+02
8.805323486328125000e+02
7.266486206054687500e+02
8.390052490234375000e+02
8.740056762695312500e+02
9.437593383789062500e+02
8.338432617187500000e+02
8.740641479492187500e+02
7.730645751953125000e+02
6.725858764648437500e+02
7.704144287109375000e+02
9.439225463867187500e+02
5.937113647460937500e+02
6.861791381835937500e+02
7.318614501953125000e+02
7.797316284179687500e+02
6.887917480468750000e+02
8.055579223632812500e+02
8.036858520507812500e+02
7.237703247070312500e+02
7.971858520507812500e+02
6.897257690429687500e+02
8.089009399414062500e+02
9.793137207031250000e+02
8.203394775390625000e+02
6.524733886718750000e+02
6.525830688476562500e+02
8.588257446289062500e+02
9.952974243164062500e+02
8.130562744140625000e+02
7.331165771484375000e+02
7.377816772460937500e+02
6.789422607421875000e+02
8.050235595703125000e+02
8.323822021484375000e+02
7.119108886718750000e+02
6.285062866210937500e+02
6.901701049804687500e+02
8.810025634765625000e+02
7.403272705078125000e+02
7.161215820312500000e+02
9.662216796875000000e+02
7.431256713867187500e+02
6.480520629882812500e+02
8.868123168945312500e+02
6.491714477539062500e+02
7.337150878906250000e+02
7.174312744140625000e+02
7.040449218750000000e+02
7.154255371093750000e+02
7.390794677734375000e+02
5.584046020507812500e+02
8.085667724609375000e+02
7.812753295898437500e+02
6.500859375000000000e+02
7.373623657226562500e+02
8.702476806640625000e+02
4.415383911132812500e+02
9.681799926757812500e+02
7.494089965820312500e+02
7.517773437500000000e+02
7.567229003906250000e+02
6.838819580078125000e+02
8.019943237304687500e+02
6.451557006835937500e+02
8.033278198242187500e+02
9.319975585937500000e+02
7.882992553710937500e+02
6.761902465820312500e+02
7.158863525390625000e+02
6.172008056640625000e+02
7.294933471679687500e+02
8.732872314453125000e+02
7.828740844726562500e+02
8.248953857421875000e+02
6.209425048828125000e+02
8.092830810546875000e+02
8.264979248046875000e+02
7.135252075195312500e+02
9.161889648437500000e+02
7.439473876953125000e+02
6.623769531250000000e+02
6.465075683593750000e+02
9.139970092773437500e+02
8.233903808593750000e+02
7.784282836914062500e+02
7.366527099609375000e+02
8.601667480468750000e+02
5.526386718750000000e+02
6.668316650390625000e+02
6.670474853515625000e+02
9.591101684570312500e+02
7.335872192382812500e+02
8.212746582031250000e+02
6.708344726562500000e+02
9.803223876953125000e+02
7.139478759765625000e+02
5.709486694335937500e+02
8.927639770507812500e+02
9.264039916992187500e+02
8.655938110351562500e+02
1.022304138183593750e+03
9.087797851562500000e+02
8.900383300781250000e+02
7.490076293945312500e+02
5.708095703125000000e+02
7.411560058593750000e+02
9.218135986328125000e+02
9.333463134765625000e+02
8.501731567382812500e+02
8.005640869140625000e+02
7.881709594726562500e+02
6.353016357421875000e+02
8.312614746093750000e+02
7.819555053710937500e+02
6.548996582031250000e+02
9.929215698242187500e+02
6.513518676757812500e+02
7.312378540039062500e+02
7.407235107421875000e+02
7.656607055664062500e+02
7.958721923828125000e+02
8.600025634765625000e+02
8.269632568359375000e+02
9.477812500000000000e+02
7.207680664062500000e+02
7.737083129882812500e+02
9.492058105468750000e+02
7.292840576171875000e+02
5.681348266601562500e+02
9.118371582031250000e+02
8.995032348632812500e+02
6.942421264648437500e+02
8.853010253906250000e+02
8.905675048828125000e+02
6.655593872070312500e+02
7.213242797851562500e+02
8.143344116210937500e+02
9.091510009765625000e+02
6.289555664062500000e+02
7.117178955078125000e+02
6.849202270507812500e+02
7.424259033203125000e+02
6.938627929687500000e+02
6.537953491210937500e+02
6.570765991210937500e+02
7.288712768554687500e+02
5.546463623046875000e+02
6.285295410156250000e+02
7.290780639648437500e+02
7.981712036132812500e+02
9.102546386718750000e+02
6.680983886718750000e+02
9.105607299804687500e+02
6.105249023437500000e+02
6.521182250976562500e+02
6.849717407226562500e+02
7.520768432617187500e+02
7.870076293945312500e+02
7.804845581054687500e+02
7.357587890625000000e+02
5.786672973632812500e+02
6.733708496093750000e+02
7.287203369140625000e+02
1.093976928710937500e+03
7.500971069335937500e+02
5.971000976562500000e+02
8.954288940429687500e+02
7.694225463867187500e+02
7.175866088867187500e+02
7.830447998046875000e+02
8.064236450195312500e+02
8.402036132812500000e+02
7.150291137695312500e+02
8.260192871093750000e+02
5.977506713867187500e+02
9.011828613281250000e+02
1.071381713867187500e+03
8.682290649414062500e+02
6.296961669921875000e+02
6.120064086914062500e+02
8.990140991210937500e+02
7.103736572265625000e+02
7.320528564453125000e+02
7.510494995117187500e+02
8.480054321289062500e+02
8.041507568359375000e+02
9.284089355468750000e+02
8.619682006835937500e+02
7.474420776367187500e+02
8.926386108398437500e+02
7.635999145507812500e+02
8.880786132812500000e+02
7.706522216796875000e+02
7.065608520507812500e+02
9.126296997070312500e+02
7.317308959960937500e+02
9.262944335937500000e+02
5.663533325195312500e+02
7.829484863281250000e+02
9.477312011718750000e+02
6.746866455078125000e+02
8.702293701171875000e+02
8.338119506835937500e+02
6.314786376953125000e+02
6.961100463867187500e+02
8.335132446289062500e+02
8.425536499023437500e+02
7.919765625000000000e+02
7.752590942382812500e+02
8.959237670898437500e+02
8.699219360351562500e+02
5.939920654296875000e+02
9.555466918945312500e+02
7.764669189453125000e+02
5.123597412109375000e+02
6.265032958984375000e+02
8.547786865234375000e+02
7.331228027343750000e+02
6.751377563476562500e+02
5.751417236328125000e+02
7.908823242187500000e+02
5.607097167968750000e+02
7.972656250000000000e+02
7.151868286132812500e+02
8.560515747070312500e+02
7.291844482421875000e+02
6.672020263671875000e+02
6.257608642578125000e+02
4.738908081054687500e+02
9.235169067382812500e+02
8.631156005859375000e+02
6.658577270507812500e+02
6.558828735351562500e+02
9.357916870117187500e+02
9.350202636718750000e+02
8.505700683593750000e+02
8.309296264648437500e+02
9.077868652343750000e+02
6.614236450195312500e+02
6.777897949218750000e+02
7.317171020507812500e+02
9.812982177734375000e+02
7.122023315429687500e+02
7.769893188476562500e+02
9.783698120117187500e+02
9.043015136718750000e+02
7.793475952148437500e+02
9.136243286132812500e+02
7.510643310546875000e+02
6.628120727539062500e+02
6.420443725585937500e+02
1.093984008789062500e+03
8.875676269531250000e+02
7.022243041992187500e+02
8.554769287109375000e+02
7.520449829101562500e+02
6.863464355468750000e+02
8.180282592773437500e+02
4.776310729980468750e+02
1.034283813476562500e+03
9.320151367187500000e+02
8.435793457031250000e+02
8.558599853515625000e+02
6.804331665039062500e+02
6.071670532226562500e+02
9.122725219726562500e+02
6.742186279296875000e+02
9.792305297851562500e+02
6.871687622070312500e+02
7.711218872070312500e+02
8.043131713867187500e+02
7.322357177734375000e+02
6.847961425781250000e+02
7.869373168945312500e+02
6.362189331054687500e+02
6.980609741210937500e+02
7.650310668945312500e+02
8.489809570312500000e+02
8.014621582031250000e+02
6.758095092773437500e+02
7.957384033203125000e+02
7.856826782226562500e+02
7.630864868164062500e+02
7.284763183593750000e+02
8.681029663085937500e+02
1.116795532226562500e+03
8.031050415039062500e+02
8.382357788085937500e+02
8.880488281250000000e+02
7.840335083007812500e+02
6.330130615234375000e+02
8.499423217773437500e+02
8.171532592773437500e+02
7.781112060546875000e+02
6.939873046875000000e+02
7.924378662109375000e+02
8.994350585937500000e+02
7.475946655273437500e+02
8.327166748046875000e+02
6.216011352539062500e+02
8.987544555664062500e+02
8.734530029296875000e+02
5.645562744140625000e+02
5.530426025390625000e+02
9.880296020507812500e+02
8.274114990234375000e+02
6.220616455078125000e+02
6.233004760742187500e+02
8.995294189453125000e+02
6.542063598632812500e+02
7.168636474609375000e+02
6.184682006835937500e+02
8.874614868164062500e+02
5.798850708007812500e+02
9.955344848632812500e+02
7.257600097656250000e+02
7.473627929687500000e+02
8.848805541992187500e+02
6.118111572265625000e+02
8.717199707031250000e+02
6.144801635742187500e+02
8.486091308593750000e+02
7.631550292968750000e+02
6.347599487304687500e+02
9.335250244140625000e+02
8.865591430664062500e+02
6.635870971679687500e+02
7.401047363281250000e+02
6.813741455078125000e+02
7.551806640625000000e+02
7.339436035156250000e+02
7.998846435546875000e+02
7.685785522460937500e+02
8.595707397460937500e+02
8.663867187500000000e+02
6.694435424804687500e+02
8.242983398437500000e+02
7.538316040039062500e+02
8.899652709960937500e+02
5.197658081054687500e+02
7.800800170898437500e+02
6.720084838867187500e+02
7.001541748046875000e+02
7.476319580078125000e+02
6.365099487304687500e+02
7.521365356445312500e+02
8.363701782226562500e+02
7.997255249023437500e+02
6.625338134765625000e+02
7.757480468750000000e+02
8.060848388671875000e+02
7.768469238281250000e+02
9.800533447265625000e+02
6.965975952148437500e+02
6.531005859375000000e+02
8.879876708984375000e+02
9.222155151367187500e+02
8.222253417968750000e+02
7.810831909179687500e+02
8.766567993164062500e+02
9.144863891601562500e+02
6.619647827148437500e+02
7.025640258789062500e+02
9.235873413085937500e+02
7.651838989257812500e+02
5.532170410156250000e+02
7.805230102539062500e+02
6.323422241210937500e+02
7.964934082031250000e+02
7.570930175781250000e+02
8.983868408203125000e+02
6.258674316406250000e+02
7.974199218750000000e+02
6.188845825195312500e+02
7.977814331054687500e+02
7.812715454101562500e+02
9.190945434570312500e+02
9.724807739257812500e+02
5.597463378906250000e+02
7.846365966796875000e+02
4.960082702636718750e+02
8.863197021484375000e+02
8.710314941406250000e+02
7.967659912109375000e+02
7.978306884765625000e+02
7.818837280273437500e+02
8.044458618164062500e+02
6.504417724609375000e+02
7.565088500976562500e+02
8.291809692382812500e+02
7.864060058593750000e+02
6.543695678710937500e+02
8.432974853515625000e+02
6.363925170898437500e+02
8.722736816406250000e+02
7.274382934570312500e+02
9.855168457031250000e+02
9.412803344726562500e+02
7.946962280273437500e+02
8.846154174804687500e+02
4.388990783691406250e+02
6.979439697265625000e+02
9.442682495117187500e+02
6.951568603515625000e+02
8.947598876953125000e+02
8.928801879882812500e+02
7.498132324218750000e+02
7.725413208007812500e+02
6.954519042968750000e+02
7.431644287109375000e+02
6.293491210937500000e+02
5.751356811523437500e+02
6.101595458984375000e+02
1.045218383789062500e+03
6.857816162109375000e+02
7.816108398437500000e+02
7.055002441406250000e+02
6.505410766601562500e+02
7.097570800781250000e+02
6.710533447265625000e+02
7.869233398437500000e+02
7.493794555664062500e+02
8.094525756835937500e+02
8.276754150390625000e+02
7.717795410156250000e+02
7.986869506835937500e+02
9.037850341796875000e+02
7.721700439453125000e+02
6.701170654296875000e+02
6.876399536132812500e+02
6.648921508789062500e+02
7.943583374023437500e+02
8.863776855468750000e+02
7.745805053710937500e+02
5.882951049804687500e+02
8.637359619140625000e+02
7.623611450195312500e+02
8.565917968750000000e+02
8.297467651367187500e+02
7.337542724609375000e+02
9.033740234375000000e+02
6.871945800781250000e+02
6.604829711914062500e+02
7.583845214843750000e+02
6.837542724609375000e+02
9.441342163085937500e+02
8.937496948242187500e+02
7.572330932617187500e+02
6.429057006835937500e+02
5.577854614257812500e+02
8.429820556640625000e+02
9.530099487304687500e+02
7.386909790039062500e+02
6.329741821289062500e+02
6.525629272460937500e+02
7.164011840820312500e+02
9.254050903320312500e+02
8.230943603515625000e+02
8.665781250000000000e+02
6.484694824218750000e+02
9.490000000000000000e+02
9.065083618164062500e+02
6.856731567382812500e+02
8.747113037109375000e+02
7.782700195312500000e+02
7.241751098632812500e+02
9.102926025390625000e+02
6.935881347656250000e+02
7.375382690429687500e+02
7.871749877929687500e+02
8.718679199218750000e+02
7.734117431640625000e+02
6.998287963867187500e+02
7.556620483398437500e+02
8.282277221679687500e+02
6.752955322265625000e+02
7.996387939453125000e+02
8.749656982421875000e+02
6.173645019531250000e+02
9.133530883789062500e+02
7.344712524414062500e+02
8.422108154296875000e+02
9.278717651367187500e+02
7.548477783203125000e+02
6.910614013671875000e+02
9.453384399414062500e+02
9.374037475585937500e+02
7.202503662109375000e+02
8.112597656250000000e+02
7.640861206054687500e+02
6.674309692382812500e+02
6.375296020507812500e+02
8.099041748046875000e+02
7.938239135742187500e+02
6.898363037109375000e+02
7.141887817382812500e+02
8.857750854492187500e+02
7.974368896484375000e+02
7.104376220703125000e+02
8.846636962890625000e+02
6.059240722656250000e+02
7.768184204101562500e+02
7.671142578125000000e+02
7.011083984375000000e+02
8.634376220703125000e+02
5.637799072265625000e+02
7.078301391601562500e+02
9.603569946289062500e+02
7.712980346679687500e+02
7.663993530273437500e+02
9.032612304687500000e+02
8.864714355468750000e+02
6.967882080078125000e+02
7.201634521484375000e+02
7.491541748046875000e+02
8.922932128906250000e+02
9.174534301757812500e+02
7.397630615234375000e+02
7.574154052734375000e+02
8.588223876953125000e+02
8.693776245117187500e+02
8.642587890625000000e+02
7.799118652343750000e+02
8.473652954101562500e+02
5.496391601562500000e+02
6.538168334960937500e+02
6.808230590820312500e+02
7.368470458984375000e+02
6.715684204101562500e+02
6.727469482421875000e+02
7.785117797851562500e+02
7.601334838867187500e+02
7.804420166015625000e+02
9.230520019531250000e+02
5.469781494140625000e+02
9.083251342773437500e+02
7.251799926757812500e+02
8.241460571289062500e+02
9.864875488281250000e+02
8.995518798828125000e+02
6.141992797851562500e+02
7.763627319335937500e+02
7.067186889648437500e+02
9.057015991210937500e+02
6.318590087890625000e+02
6.684469604492187500e+02
8.447354125976562500e+02
8.447255249023437500e+02
7.173333129882812500e+02
6.142527465820312500e+02
6.636142578125000000e+02
9.139704589843750000e+02
5.596392822265625000e+02
5.380593872070312500e+02
7.685507202148437500e+02
6.203389282226562500e+02
7.101770629882812500e+02
7.557619628906250000e+02
7.846767578125000000e+02
6.057299804687500000e+02
6.966419677734375000e+02
8.497219848632812500e+02
1.134715820312500000e+03
7.869917602539062500e+02
8.007115478515625000e+02
7.701759643554687500e+02
6.277515258789062500e+02
7.758240356445312500e+02
7.720982666015625000e+02
8.131934814453125000e+02
9.199059448242187500e+02
8.200148315429687500e+02
5.007210693359375000e+02
6.376557617187500000e+02
8.115139160156250000e+02
7.081365966796875000e+02
5.211401977539062500e+02
6.170120239257812500e+02
7.348198852539062500e+02
7.263786621093750000e+02
7.713615722656250000e+02
7.243817749023437500e+02
6.373981323242187500e+02
6.822229003906250000e+02
7.145986938476562500e+02
8.026345825195312500e+02
8.732582397460937500e+02
5.872742309570312500e+02
5.251644287109375000e+02
8.642268066406250000e+02
8.320460205078125000e+02
7.021862182617187500e+02
6.707791748046875000e+02
6.889038085937500000e+02
5.930559082031250000e+02
9.006668701171875000e+02
6.679777832031250000e+02
6.855101928710937500e+02
6.793052978515625000e+02
8.632971191406250000e+02
7.839949951171875000e+02
8.875314331054687500e+02
5.793294677734375000e+02
6.034963378906250000e+02
4.920457763671875000e+02
9.185716552734375000e+02
7.668426513671875000e+02
9.797890625000000000e+02
6.411133422851562500e+02
6.798496093750000000e+02
6.985911865234375000e+02
7.887553710937500000e+02
1.030541381835937500e+03
9.185683593750000000e+02
7.279626464843750000e+02
7.256441650390625000e+02
6.839234008789062500e+02
9.235592651367187500e+02
8.046798706054687500e+02
5.961420288085937500e+02
5.670747070312500000e+02
5.723139648437500000e+02
6.721685180664062500e+02
6.207108154296875000e+02
8.361463012695312500e+02
5.957050170898437500e+02
7.643319091796875000e+02
8.493920288085937500e+02
6.665717773437500000e+02
6.421492919921875000e+02
8.357996826171875000e+02
5.833924560546875000e+02
7.497208251953125000e+02
7.832359619140625000e+02
8.371820068359375000e+02
7.775771484375000000e+02
7.521924438476562500e+02
8.437822875976562500e+02
6.107916870117187500e+02
6.786154785156250000e+02
8.226415405273437500e+02
8.047265625000000000e+02
7.302947387695312500e+02
8.599434204101562500e+02
6.988226318359375000e+02
7.012830200195312500e+02
8.447453002929687500e+02
8.151389160156250000e+02
5.536520996093750000e+02
6.179630126953125000e+02
5.861926879882812500e+02
7.692042846679687500e+02
8.136912841796875000e+02
6.016145019531250000e+02
8.161342163085937500e+02
7.946966552734375000e+02
8.339515991210937500e+02
7.958065795898437500e+02
7.688663940429687500e+02
7.774715576171875000e+02
6.148334960937500000e+02
7.663460083007812500e+02
6.196248779296875000e+02
8.009945678710937500e+02
8.995706787109375000e+02
7.574821777343750000e+02
7.718883666992187500e+02
9.140514526367187500e+02
8.616406250000000000e+02
7.642586669921875000e+02
7.646883544921875000e+02
7.917365112304687500e+02
8.192540893554687500e+02
6.873536376953125000e+02
7.181244506835937500e+02
9.505513916015625000e+02
8.263553466796875000e+02
7.362816772460937500e+02
5.485696411132812500e+02
9.169674682617187500e+02
5.744979858398437500e+02
7.912091674804687500e+02
9.538560791015625000e+02
7.831822509765625000e+02
7.784795532226562500e+02
7.910288085937500000e+02
8.417435302734375000e+02
7.187964477539062500e+02
8.038563232421875000e+02
8.552807006835937500e+02
8.138321533203125000e+02
8.907022094726562500e+02
7.575545654296875000e+02
7.258849487304687500e+02
7.043745727539062500e+02
7.262987670898437500e+02
8.131488647460937500e+02
7.403465576171875000e+02
6.886169433593750000e+02
7.946076660156250000e+02
6.971951904296875000e+02
7.292208251953125000e+02
6.874807128906250000e+02
7.560658569335937500e+02
7.949075927734375000e+02
5.730545043945312500e+02
6.588449707031250000e+02
7.770623168945312500e+02
7.668938598632812500e+02
8.260455322265625000e+02
8.088947143554687500e+02
6.223930664062500000e+02
7.169721679687500000e+02
6.325859375000000000e+02
8.091776123046875000e+02
5.815161743164062500e+02
8.558801269531250000e+02
8.204691772460937500e+02
1.007071105957031250e+03
6.783883666992187500e+02
8.882440795898437500e+02
5.551210327148437500e+02
9.245154418945312500e+02
8.578188476562500000e+02
5.537980346679687500e+02
7.679973144531250000e+02
1.015638183593750000e+03
6.543922729492187500e+02
7.385130004882812500e+02
7.860979003906250000e+02
7.462604980468750000e+02
7.327734375000000000e+02
8.255281372070312500e+02
7.271110229492187500e+02
8.724082641601562500e+02
6.773840942382812500e+02
8.329530029296875000e+02
5.751724243164062500e+02
9.464276733398437500e+02
7.436495971679687500e+02
8.442781372070312500e+02
6.891973266601562500e+02
7.868594970703125000e+02
9.214969482421875000e+02
7.203552246093750000e+02
5.943674316406250000e+02
6.133923950195312500e+02
8.847117309570312500e+02
6.948523559570312500e+02
8.046390991210937500e+02
7.247977294921875000e+02
7.553254394531250000e+02
5.849468383789062500e+02
8.414060668945312500e+02
7.695808715820312500e+02
6.978472900390625000e+02
4.963133239746093750e+02
7.633935546875000000e+02
8.599212036132812500e+02
7.489447021484375000e+02
6.523524780273437500e+02
8.307156372070312500e+02
1.054246948242187500e+03
8.833434448242187500e+02
8.005867309570312500e+02
9.634072265625000000e+02
3.613439025878906250e+02
1.010462402343750000e+03
8.840827636718750000e+02
7.165837402343750000e+02
6.672421875000000000e+02
9.052642822265625000e+02
7.639981079101562500e+02
6.482805175781250000e+02
8.229508056640625000e+02
5.830274047851562500e+02
8.049200439453125000e+02
7.072593994140625000e+02
7.157928466796875000e+02
5.855861816406250000e+02
8.217559814453125000e+02
8.010049438476562500e+02
7.533252563476562500e+02
7.678448486328125000e+02
8.283797607421875000e+02
8.165007324218750000e+02
7.686441650390625000e+02
8.810245361328125000e+02
8.429445190429687500e+02
8.449979858398437500e+02
7.162617797851562500e+02
6.531766357421875000e+02
7.802364501953125000e+02
6.904062500000000000e+02
9.122698974609375000e+02
6.850651855468750000e+02
1.006774536132812500e+03
8.818825683593750000e+02
7.444663085937500000e+02
8.565273437500000000e+02
7.939859008789062500e+02
7.883215942382812500e+02
7.336581420898437500e+02
9.699033203125000000e+02
5.978543701171875000e+02
8.666329345703125000e+02
6.820099487304687500e+02
6.290263671875000000e+02
7.970266113281250000e+02
6.298423461914062500e+02
1.037799316406250000e+03
9.583970947265625000e+02
8.224094848632812500e+02
8.159380493164062500e+02
8.839083251953125000e+02
8.007036743164062500e+02
4.084310302734375000e+02
8.308012695312500000e+02
6.177229003906250000e+02
6.606550903320312500e+02
7.039335327148437500e+02
6.494056396484375000e+02
7.068482666015625000e+02
7.975126953125000000e+02
7.172349853515625000e+02
8.812045898437500000e+02
7.542673339843750000e+02
9.015516967773437500e+02
7.649594116210937500e+02
5.970106811523437500e+02
7.300991210937500000e+02
5.080198059082031250e+02
7.667114868164062500e+02
7.085199584960937500e+02
6.866182250976562500e+02
7.449224243164062500e+02
5.741065063476562500e+02
7.355018920898437500e+02
8.835374755859375000e+02
7.343641967773437500e+02
6.985078125000000000e+02
8.074210205078125000e+02
7.933791503906250000e+02
8.379909667968750000e+02
7.158975830078125000e+02
8.731774291992187500e+02
8.749542846679687500e+02
6.764147949218750000e+02
8.607883300781250000e+02
4.828601074218750000e+02
7.776135253906250000e+02
7.048414306640625000e+02
7.588134155273437500e+02
8.076336059570312500e+02
7.125460205078125000e+02
8.182404785156250000e+02
8.150664672851562500e+02
9.068700561523437500e+02
3.362515258789062500e+02
8.233103027343750000e+02
7.692531127929687500e+02
6.766707153320312500e+02
8.132205810546875000e+02
8.243477172851562500e+02
8.924353027343750000e+02
7.596248779296875000e+02
7.385017089843750000e+02
7.176723632812500000e+02
1.088411010742187500e+03
8.035532226562500000e+02
7.040281372070312500e+02
6.592514038085937500e+02
9.833576049804687500e+02
9.263037719726562500e+02
7.413367919921875000e+02
8.813612060546875000e+02
7.902235717773437500e+02
7.107368774414062500e+02
7.301068115234375000e+02
6.457611083984375000e+02
8.352566528320312500e+02
8.161709594726562500e+02
8.306387329101562500e+02
8.068939208984375000e+02
9.455538940429687500e+02
6.847693481445312500e+02
8.138968505859375000e+02
7.813727416992187500e+02
7.375581054687500000e+02
5.997559814453125000e+02
7.761865844726562500e+02
8.000734252929687500e+02
8.780872802734375000e+02
8.834087524414062500e+02
5.481138916015625000e+02
6.839438476562500000e+02
8.901727905273437500e+02
8.749674072265625000e+02
5.777760620117187500e+02
7.368195190429687500e+02
6.579682617187500000e+02
8.070590820312500000e+02
9.085714721679687500e+02
9.324074096679687500e+02
8.307322387695312500e+02
7.588767089843750000e+02
7.464447631835937500e+02
7.187531738281250000e+02
7.987564697265625000e+02
7.120386962890625000e+02
9.375930786132812500e+02
9.031588134765625000e+02
6.873847045898437500e+02
8.289960327148437500e+02
8.377167358398437500e+02
7.640679931640625000e+02
5.923091430664062500e+02
9.197265014648437500e+02
9.018186035156250000e+02
5.007283020019531250e+02
7.286540527343750000e+02
8.562382202148437500e+02
7.932647094726562500e+02
8.360815429687500000e+02
7.386752319335937500e+02
7.686800537109375000e+02
6.608297729492187500e+02
8.650764160156250000e+02
8.708965454101562500e+02
6.316514282226562500e+02
6.967562866210937500e+02
6.724146118164062500e+02
5.815895385742187500e+02
6.828994750976562500e+02
9.234500732421875000e+02
7.931502075195312500e+02
7.398543090820312500e+02
8.854077758789062500e+02
8.283812255859375000e+02
8.853627319335937500e+02
8.220699462890625000e+02
9.677486572265625000e+02
5.390233764648437500e+02
7.184884033203125000e+02
8.463432617187500000e+02
6.921549072265625000e+02
6.428988647460937500e+02
8.581511840820312500e+02
9.905955200195312500e+02
7.573146972656250000e+02
7.438952026367187500e+02
7.725584716796875000e+02
8.132551269531250000e+02
6.825894165039062500e+02
7.234551391601562500e+02
8.370255126953125000e+02
7.480525512695312500e+02
8.710289306640625000e+02
8.608800048828125000e+02
8.582047119140625000e+02
9.185101928710937500e+02
9.336705322265625000e+02
8.764647827148437500e+02
7.506883544921875000e+02
5.941191406250000000e+02
6.964581298828125000e+02
9.233911743164062500e+02
9.363191528320312500e+02
7.736419677734375000e+02
8.625879516601562500e+02
7.452696533203125000e+02
7.843921508789062500e+02
7.859154663085937500e+02
6.815653686523437500e+02
7.723941040039062500e+02
8.124383544921875000e+02
6.934417724609375000e+02
7.043245239257812500e+02
7.265942993164062500e+02
8.712705078125000000e+02
8.526076049804687500e+02
7.363544311523437500e+02
7.037341308593750000e+02
7.453194580078125000e+02
8.395341796875000000e+02
6.586463012695312500e+02
8.033607788085937500e+02
8.474215087890625000e+02
8.896893310546875000e+02
7.837653808593750000e+02
1.058141357421875000e+03
6.577078247070312500e+02
5.247979125976562500e+02
7.422576904296875000e+02
6.524058837890625000e+02
5.658242797851562500e+02
8.168916625976562500e+02
7.546210937500000000e+02
9.555219726562500000e+02
7.843397827148437500e+02
7.647248535156250000e+02
5.753932495117187500e+02
7.566186523437500000e+02
7.369393920898437500e+02
6.947737426757812500e+02
6.962750244140625000e+02
7.314000854492187500e+02
8.197639770507812500e+02
1.082571166992187500e+03
9.211665649414062500e+02
7.202984619140625000e+02
6.726309814453125000e+02
5.587535400390625000e+02
6.646428222656250000e+02
7.157987060546875000e+02
9.202406005859375000e+02
7.528352050781250000e+02
8.390175170898437500e+02
7.544183959960937500e+02
7.999350585937500000e+02
8.619309082031250000e+02
8.709967041015625000e+02
8.031107788085937500e+02
8.111918945312500000e+02
9.081093750000000000e+02
6.482378540039062500e+02
7.870501708984375000e+02
7.714519042968750000e+02
9.580753784179687500e+02
6.420875244140625000e+02
1.006425720214843750e+03
7.745286254882812500e+02
9.152174072265625000e+02
7.124533081054687500e+02
7.028469848632812500e+02
9.489649658203125000e+02
7.909091186523437500e+02
7.841129760742187500e+02
9.157960815429687500e+02
6.870505371093750000e+02
7.634574584960937500e+02
7.719529418945312500e+02
9.209165039062500000e+02
6.469796142578125000e+02
7.884360351562500000e+02
8.797327880859375000e+02
9.635616455078125000e+02
9.573322753906250000e+02
8.100730590820312500e+02
9.157752075195312500e+02
9.466034545898437500e+02
7.742425537109375000e+02
8.340146484375000000e+02
7.950980224609375000e+02
7.511781005859375000e+02
7.245633544921875000e+02
6.477323608398437500e+02
7.824737548828125000e+02
9.491195068359375000e+02
9.238404541015625000e+02
8.128601684570312500e+02
8.625594482421875000e+02
7.838719482421875000e+02
6.384185791015625000e+02
9.819782104492187500e+02
7.444756469726562500e+02
7.556076049804687500e+02
8.012503662109375000e+02
9.328602294921875000e+02
7.038920288085937500e+02
5.111737365722656250e+02
7.453978271484375000e+02
6.396048583984375000e+02
8.753218994140625000e+02
9.231208496093750000e+02
9.000219116210937500e+02
7.168556518554687500e+02
6.923984985351562500e+02
8.164328002929687500e+02
4.958262939453125000e+02
7.715985107421875000e+02
8.647308349609375000e+02
6.473959960937500000e+02
7.510631103515625000e+02
6.084702758789062500e+02
5.229106445312500000e+02
1.035800292968750000e+03
8.645388183593750000e+02
6.349132690429687500e+02
6.389619140625000000e+02
8.910787963867187500e+02
8.305634155273437500e+02
9.116550292968750000e+02
7.403828125000000000e+02
7.072689208984375000e+02
6.602849731445312500e+02
8.400622558593750000e+02
7.150433349609375000e+02
6.547258300781250000e+02
7.887090454101562500e+02
6.912136230468750000e+02
1.050375488281250000e+03
5.391233520507812500e+02
7.029936523437500000e+02
5.486911621093750000e+02
6.377351074218750000e+02
8.125443115234375000e+02
9.412733764648437500e+02
9.212166137695312500e+02
6.729451293945312500e+02
6.043410644531250000e+02
8.080228881835937500e+02
6.495410156250000000e+02
6.903101196289062500e+02
7.726540527343750000e+02
7.805887451171875000e+02
9.106907348632812500e+02
7.349862060546875000e+02
8.239777221679687500e+02
6.088427734375000000e+02
7.293511962890625000e+02
7.138129272460937500e+02
8.280305175781250000e+02
8.196644287109375000e+02
5.903621215820312500e+02
7.863707885742187500e+02
7.732067260742187500e+02
7.823627929687500000e+02
6.757514648437500000e+02
9.114902343750000000e+02
5.076558532714843750e+02
6.721173095703125000e+02
8.099476318359375000e+02
6.952108154296875000e+02
8.378198242187500000e+02
8.482154541015625000e+02
6.431918945312500000e+02
7.480105590820312500e+02
7.359482421875000000e+02
7.262857666015625000e+02
7.421271972656250000e+02
6.376210327148437500e+02
8.162664794921875000e+02
6.761154785156250000e+02
9.168566284179687500e+02
7.509113769531250000e+02
9.539714965820312500e+02
8.118272705078125000e+02
8.550631713867187500e+02
6.641433715820312500e+02
4.478954772949218750e+02
7.462069702148437500e+02
9.534989013671875000e+02
8.562352294921875000e+02
7.024363403320312500e+02
9.239803466796875000e+02
9.315861206054687500e+02
9.551244506835937500e+02
7.741965942382812500e+02
9.798471069335937500e+02
9.514083251953125000e+02
7.254121093750000000e+02
7.713666381835937500e+02
1.082497192382812500e+03
8.194981079101562500e+02
8.672423095703125000e+02
5.547313232421875000e+02
8.752207641601562500e+02
7.352972412109375000e+02
7.036445922851562500e+02
8.756680297851562500e+02
8.911108398437500000e+02
7.974289550781250000e+02
9.342563476562500000e+02
8.456546630859375000e+02
7.053506469726562500e+02
1.033411621093750000e+03
8.086334838867187500e+02
6.537231445312500000e+02
6.600173339843750000e+02
6.776606445312500000e+02
8.230283813476562500e+02
8.441363525390625000e+02
6.304633789062500000e+02
8.033502807617187500e+02
7.101813964843750000e+02
8.822058715820312500e+02
8.191341552734375000e+02
6.126449584960937500e+02
6.985675048828125000e+02
8.088095703125000000e+02
8.462156372070312500e+02
8.224565429687500000e+02
7.404578247070312500e+02
6.598661499023437500e+02
4.968644714355468750e+02
5.549595947265625000e+02
6.721531982421875000e+02
9.254843750000000000e+02
5.907337646484375000e+02
7.853807983398437500e+02
7.293381347656250000e+02
6.719328002929687500e+02
7.266710205078125000e+02
7.419134521484375000e+02
1.022224060058593750e+03
5.108799743652343750e+02
7.460593261718750000e+02
8.103118896484375000e+02
6.712196655273437500e+02
8.037675170898437500e+02
8.027191772460937500e+02
6.416094970703125000e+02
8.233065795898437500e+02
8.524067993164062500e+02
8.116918945312500000e+02
7.888535156250000000e+02
7.324044799804687500e+02
6.805286254882812500e+02
7.085145874023437500e+02
7.347559814453125000e+02
4.125408020019531250e+02
6.477315673828125000e+02
8.094893188476562500e+02
6.518432617187500000e+02
8.086265258789062500e+02
6.946395874023437500e+02
5.945090942382812500e+02
7.764583129882812500e+02
8.737663574218750000e+02
1.020074890136718750e+03
8.275691528320312500e+02
8.687130737304687500e+02
9.311713256835937500e+02
7.735233154296875000e+02
8.048171997070312500e+02
6.124086303710937500e+02
9.121409301757812500e+02
7.025856323242187500e+02
7.364069213867187500e+02
7.867986450195312500e+02
7.570405883789062500e+02
6.245985717773437500e+02
9.980628051757812500e+02
8.797597045898437500e+02
5.450361328125000000e+02
8.090684204101562500e+02
9.133350830078125000e+02
7.821817626953125000e+02
7.050824584960937500e+02
9.657194213867187500e+02
8.815799560546875000e+02
9.757032470703125000e+02
7.869237670898437500e+02
7.347294921875000000e+02
7.533489379882812500e+02
7.013929443359375000e+02
6.528484497070312500e+02
9.715670166015625000e+02
6.224077758789062500e+02
8.955694580078125000e+02
7.327695922851562500e+02
8.594861450195312500e+02
8.987583007812500000e+02
5.216140747070312500e+02
5.820506591796875000e+02
8.476588134765625000e+02
6.894992675781250000e+02
8.018211059570312500e+02
8.063975219726562500e+02
5.301044311523437500e+02
7.177561035156250000e+02
6.315397949218750000e+02
7.094765625000000000e+02
8.021881103515625000e+02
7.509045410156250000e+02
8.415884399414062500e+02
8.647255859375000000e+02
7.400576782226562500e+02
8.390417480468750000e+02
7.159945678710937500e+02
8.011738281250000000e+02
7.585143432617187500e+02
7.194642333984375000e+02
5.986682739257812500e+02
7.782957153320312500e+02
5.900701904296875000e+02
5.229591674804687500e+02
7.929174804687500000e+02
9.038361206054687500e+02
6.196123657226562500e+02
7.958182373046875000e+02
8.176879882812500000e+02
7.698528442382812500e+02
7.536229858398437500e+02
6.946464843750000000e+02
8.399404907226562500e+02
7.383823242187500000e+02
7.944890747070312500e+02
1.060640258789062500e+03
8.558267822265625000e+02
6.622389526367187500e+02
6.603616943359375000e+02
8.094042358398437500e+02
7.365551757812500000e+02
7.929884033203125000e+02
7.933726806640625000e+02
8.177401123046875000e+02
8.972955322265625000e+02
6.525572509765625000e+02
6.435237426757812500e+02
6.296220703125000000e+02
9.349757690429687500e+02
7.029672241210937500e+02
8.074174804687500000e+02
6.037923583984375000e+02
5.363755493164062500e+02
9.282036132812500000e+02
7.296477050781250000e+02
8.625821533203125000e+02
7.456077880859375000e+02
7.595356445312500000e+02
7.825875854492187500e+02
8.325181884765625000e+02
7.024084472656250000e+02
8.229401855468750000e+02
5.666455688476562500e+02
6.674234008789062500e+02
8.117282714843750000e+02
6.317959594726562500e+02
5.737615356445312500e+02
7.702825927734375000e+02
7.141262207031250000e+02
8.011296386718750000e+02
7.859707031250000000e+02
7.745888671875000000e+02
6.891063842773437500e+02
8.381087036132812500e+02
7.967933349609375000e+02
7.593356933593750000e+02
7.102671508789062500e+02
7.729201049804687500e+02
8.283715209960937500e+02
6.998609619140625000e+02
7.771948852539062500e+02
8.804854736328125000e+02
7.178811035156250000e+02
5.720806884765625000e+02
6.735030517578125000e+02
7.605588378906250000e+02
7.786781616210937500e+02
6.755875854492187500e+02
7.146292724609375000e+02
7.761784057617187500e+02
5.473318481445312500e+02
8.398005981445312500e+02
8.579494018554687500e+02
5.908320922851562500e+02
6.822568969726562500e+02
7.602280883789062500e+02
1.005338745117187500e+03
6.841860351562500000e+02
6.759165039062500000e+02
7.506217651367187500e+02
7.314984741210937500e+02
6.438171997070312500e+02
8.384907226562500000e+02
5.025084533691406250e+02
9.599791870117187500e+02
7.076121215820312500e+02
9.005593261718750000e+02
9.170527343750000000e+02
7.581596679687500000e+02
6.820120849609375000e+02
6.480017089843750000e+02
8.927696533203125000e+02
8.525402221679687500e+02
6.882177124023437500e+02
7.569381713867187500e+02
8.605676269531250000e+02
7.980794677734375000e+02
9.101353149414062500e+02
8.291432495117187500e+02
5.795053100585937500e+02
6.203562011718750000e+02
9.160451049804687500e+02
8.743277587890625000e+02
6.205117797851562500e+02
7.114816894531250000e+02
6.555155639648437500e+02
7.827507324218750000e+02
5.609572753906250000e+02
8.101848754882812500e+02
7.328940429687500000e+02
7.581268310546875000e+02
9.050838012695312500e+02
8.654618530273437500e+02
9.041566772460937500e+02
7.581929321289062500e+02
9.226949462890625000e+02
7.790000000000000000e+02
6.468670654296875000e+02
7.949443969726562500e+02
8.957911987304687500e+02
7.061605834960937500e+02
8.869422607421875000e+02
6.911410522460937500e+02
6.392533569335937500e+02
8.047208251953125000e+02
8.535454711914062500e+02
7.376228637695312500e+02
7.070075683593750000e+02
6.778666992187500000e+02
8.250646362304687500e+02
7.860410156250000000e+02
8.926860961914062500e+02
8.471276245117187500e+02
8.399664306640625000e+02
6.921458740234375000e+02
7.767509155273437500e+02
8.026856079101562500e+02
6.883614501953125000e+02
8.467354125976562500e+02
7.237377319335937500e+02
8.496189575195312500e+02
8.840813598632812500e+02
7.624434814453125000e+02
8.771383666992187500e+02
7.680203857421875000e+02
7.132337036132812500e+02
6.708072509765625000e+02
7.101340942382812500e+02
7.576280517578125000e+02
8.239785156250000000e+02
6.543666381835937500e+02
8.113101196289062500e+02
8.347199707031250000e+02
7.822695922851562500e+02
1.009049438476562500e+03
7.257733154296875000e+02
9.137937011718750000e+02
7.261058959960937500e+02
7.967126464843750000e+02
9.476129150390625000e+02
8.632639770507812500e+02
9.362561035156250000e+02
8.096290283203125000e+02
6.441896362304687500e+02
7.047883300781250000e+02
8.473070068359375000e+02
7.649754638671875000e+02
7.659882202148437500e+02
6.821293945312500000e+02
8.738790283203125000e+02
5.791131591796875000e+02
8.108232421875000000e+02
7.872876586914062500e+02
8.942324218750000000e+02
1.012674560546875000e+03
7.255128173828125000e+02
8.786862182617187500e+02
7.870432128906250000e+02
7.753025512695312500e+02
7.094142456054687500e+02
6.757161254882812500e+02
7.109602661132812500e+02
6.433764648437500000e+02
6.455565185546875000e+02
7.316449584960937500e+02
8.580853881835937500e+02
6.863041381835937500e+02
7.693661499023437500e+02
6.393713378906250000e+02
8.434077758789062500e+02
7.224603881835937500e+02
7.643386230468750000e+02
7.938892211914062500e+02
7.611139526367187500e+02
8.272504882812500000e+02
7.792707519531250000e+02
9.221234741210937500e+02
8.304210815429687500e+02
5.678037719726562500e+02
8.318336181640625000e+02
8.666652832031250000e+02
8.508633422851562500e+02
8.616694335937500000e+02
6.698602905273437500e+02
8.788591918945312500e+02
9.106605224609375000e+02
8.790938110351562500e+02
8.259298706054687500e+02
8.520075683593750000e+02
6.149713134765625000e+02
7.692087402343750000e+02
5.608159179687500000e+02
7.398227539062500000e+02
7.969166870117187500e+02
7.493499755859375000e+02
7.314193115234375000e+02
6.977546386718750000e+02
7.875093994140625000e+02
9.614126586914062500e+02
7.732666015625000000e+02
8.050377807617187500e+02
7.435258789062500000e+02
8.769985961914062500e+02
7.901034545898437500e+02
7.519305419921875000e+02
8.730408325195312500e+02
6.716030273437500000e+02
7.357690429687500000e+02
7.576176757812500000e+02
6.584925537109375000e+02
8.261759033203125000e+02
7.213079223632812500e+02
7.613862304687500000e+02
6.336863403320312500e+02
8.871744995117187500e+02
6.344696655273437500e+02
8.469298706054687500e+02
6.147676391601562500e+02
8.807208251953125000e+02
5.230651855468750000e+02
7.456328125000000000e+02
6.874425048828125000e+02
7.970569458007812500e+02
7.020520019531250000e+02
8.153950195312500000e+02
8.731261596679687500e+02
9.150247192382812500e+02
6.661533203125000000e+02
8.931991577148437500e+02
9.105560913085937500e+02
8.446951904296875000e+02
6.890569458007812500e+02
7.182678833007812500e+02
6.460955810546875000e+02
6.066762695312500000e+02
8.083480224609375000e+02
8.594742431640625000e+02
9.026953125000000000e+02
6.941481323242187500e+02
6.190802612304687500e+02
9.262800903320312500e+02
8.499336547851562500e+02
7.769997558593750000e+02
8.509043579101562500e+02
8.142201538085937500e+02
7.822824707031250000e+02
9.226473999023437500e+02
6.968045043945312500e+02
8.139967041015625000e+02
6.822577514648437500e+02
8.487406005859375000e+02
9.178422851562500000e+02
7.366674804687500000e+02
9.499925537109375000e+02
7.453695678710937500e+02
8.593559570312500000e+02
6.060696411132812500e+02
8.881125488281250000e+02
6.909537353515625000e+02
7.835852050781250000e+02
8.580792236328125000e+02
8.172682495117187500e+02
8.907822265625000000e+02
7.956555175781250000e+02
6.522619018554687500e+02
5.992924194335937500e+02
8.080429077148437500e+02
5.244849243164062500e+02
8.690883789062500000e+02
7.777740478515625000e+02
7.335986328125000000e+02
8.274126586914062500e+02
5.259888305664062500e+02
8.343594360351562500e+02
7.492763061523437500e+02
8.223854980468750000e+02
9.109889526367187500e+02
7.704859008789062500e+02
8.741184082031250000e+02
8.330266113281250000e+02
7.237506713867187500e+02
7.475942993164062500e+02
8.235157470703125000e+02
9.060510253906250000e+02
5.830214843750000000e+02
8.889774780273437500e+02
7.620660400390625000e+02
8.339574584960937500e+02
7.683497924804687500e+02
6.742033081054687500e+02
8.762534179687500000e+02
7.226810302734375000e+02
7.355961303710937500e+02
9.334942626953125000e+02
7.766899414062500000e+02
6.375458984375000000e+02
9.684214477539062500e+02
6.703477783203125000e+02
6.148804931640625000e+02
7.864111328125000000e+02
7.770443115234375000e+02
9.006967163085937500e+02
8.236110839843750000e+02
8.518153686523437500e+02
8.491276245117187500e+02
7.460994873046875000e+02
7.632270507812500000e+02
7.887399902343750000e+02
6.414304809570312500e+02
7.462124023437500000e+02
7.571313476562500000e+02
8.732722167968750000e+02
9.476257324218750000e+02
7.911262207031250000e+02
7.435715942382812500e+02
7.218599243164062500e+02
8.587261352539062500e+02
7.615868530273437500e+02
7.005408325195312500e+02
7.186347045898437500e+02
8.928460083007812500e+02
8.168263549804687500e+02
9.760133666992187500e+02
7.483350219726562500e+02
8.543611450195312500e+02
6.879829711914062500e+02
7.648258666992187500e+02
7.908327026367187500e+02
8.969516601562500000e+02
8.028244018554687500e+02
6.796905517578125000e+02
9.353918457031250000e+02
1.068581542968750000e+03
7.557266845703125000e+02
7.761050415039062500e+02
8.217484130859375000e+02
8.686159667968750000e+02
9.454022827148437500e+02
5.690321044921875000e+02
6.581275634765625000e+02
5.939849243164062500e+02
7.539835815429687500e+02
5.476914062500000000e+02
7.457164916992187500e+02
7.762748413085937500e+02
7.315646972656250000e+02
6.274392700195312500e+02
9.771220092773437500e+02
8.528525390625000000e+02
8.120488281250000000e+02
6.114195556640625000e+02
1.052454833984375000e+03
7.777335815429687500e+02
8.087501831054687500e+02
8.714287719726562500e+02
7.289240722656250000e+02
7.969000244140625000e+02
5.959490356445312500e+02
7.127023925781250000e+02
7.800784912109375000e+02
7.729428100585937500e+02
1.000941040039062500e+03
8.164562988281250000e+02
6.484313964843750000e+02
7.640142211914062500e+02
6.676911010742187500e+02
9.017382812500000000e+02
6.874201660156250000e+02
8.115149536132812500e+02
7.014560546875000000e+02
8.643306884765625000e+02
8.847891845703125000e+02
8.511193237304687500e+02
7.161890869140625000e+02
6.806848144531250000e+02
8.486087646484375000e+02
6.796691894531250000e+02
9.416772460937500000e+02
6.449031982421875000e+02
7.477886352539062500e+02
6.350167846679687500e+02
7.379124145507812500e+02
1.032765502929687500e+03
9.668543701171875000e+02
6.624358520507812500e+02
7.354473876953125000e+02
6.632973632812500000e+02
7.981077880859375000e+02
6.772379760742187500e+02
9.130609741210937500e+02
8.321718750000000000e+02
8.528143310546875000e+02
6.685810546875000000e+02
8.658766479492187500e+02
7.295213012695312500e+02
5.176542358398437500e+02
7.418709716796875000e+02
6.568867187500000000e+02
8.112735595703125000e+02
7.579845581054687500e+02
8.111125488281250000e+02
7.176771850585937500e+02
6.716085815429687500e+02
7.352996215820312500e+02
5.999325561523437500e+02
7.932611694335937500e+02
6.956724243164062500e+02
9.647546997070312500e+02
7.284306030273437500e+02
8.627736816406250000e+02
9.097363891601562500e+02
7.801292114257812500e+02
6.904903564453125000e+02
7.206439208984375000e+02
8.481999511718750000e+02
6.613408203125000000e+02
7.116057128906250000e+02
8.898137817382812500e+02
6.686636962890625000e+02
5.462702026367187500e+02
8.697222900390625000e+02
6.845566406250000000e+02
7.463326416015625000e+02
8.688813476562500000e+02
7.414595947265625000e+02
7.878217773437500000e+02
7.502012329101562500e+02
8.996170654296875000e+02
8.295833740234375000e+02
7.564635620117187500e+02
7.392229003906250000e+02
7.779703369140625000e+02
7.828638305664062500e+02
6.181606445312500000e+02
9.271636962890625000e+02
9.866917724609375000e+02
8.964543457031250000e+02
8.546120605468750000e+02
6.909340209960937500e+02
7.224921264648437500e+02
1.042730712890625000e+03
8.878058471679687500e+02
8.965312500000000000e+02
8.366251831054687500e+02
8.803502197265625000e+02
9.985430297851562500e+02
7.861460571289062500e+02
8.130468139648437500e+02
7.745202026367187500e+02
5.633825073242187500e+02
6.117445678710937500e+02
8.268637084960937500e+02
5.723914794921875000e+02
6.220369262695312500e+02
7.502199096679687500e+02
7.885972290039062500e+02
7.758338012695312500e+02
7.763905029296875000e+02
5.989591674804687500e+02
6.528074951171875000e+02
7.971397094726562500e+02
1.054221191406250000e+03
8.784600219726562500e+02
5.830927124023437500e+02
6.843110961914062500e+02
7.457529907226562500e+02
7.919081420898437500e+02
8.686375732421875000e+02
8.424269409179687500e+02
6.583139648437500000e+02
8.965766601562500000e+02
8.080851440429687500e+02
8.085965576171875000e+02
8.568666992187500000e+02
6.263316040039062500e+02
8.317076416015625000e+02
8.644130249023437500e+02
8.011318359375000000e+02
8.625020751953125000e+02
8.677603759765625000e+02
6.336669921875000000e+02
8.479974975585937500e+02
7.877445678710937500e+02
6.265253906250000000e+02
7.450499267578125000e+02
7.437987670898437500e+02
7.364041748046875000e+02
8.492098999023437500e+02
6.195048217773437500e+02
7.308441772460937500e+02
7.518101196289062500e+02
7.853942260742187500e+02
8.258771972656250000e+02
8.923123168945312500e+02
7.455423583984375000e+02
7.531301879882812500e+02
9.523148193359375000e+02
7.244686279296875000e+02
8.153905029296875000e+02
8.680700073242187500e+02
6.758190307617187500e+02
7.283657836914062500e+02
8.252863159179687500e+02
7.651099243164062500e+02
8.002731933593750000e+02
8.431766357421875000e+02
8.624923706054687500e+02
8.668370971679687500e+02
7.160535278320312500e+02
6.572886352539062500e+02
7.444164428710937500e+02
7.792919921875000000e+02
8.239345703125000000e+02
6.571622924804687500e+02
1.102047851562500000e+03
6.415457763671875000e+02
5.953820800781250000e+02
6.880802612304687500e+02
7.400708618164062500e+02
6.747261352539062500e+02
4.508278198242187500e+02
5.773471679687500000e+02
7.791401367187500000e+02
7.603052368164062500e+02
9.556641845703125000e+02
7.512675781250000000e+02
7.152163085937500000e+02
7.710531616210937500e+02
9.063341064453125000e+02
6.917192993164062500e+02
5.517200317382812500e+02
7.116870117187500000e+02
6.175493774414062500e+02
6.408408813476562500e+02
7.689970703125000000e+02
8.840466918945312500e+02
7.534774169921875000e+02
6.975961914062500000e+02
7.164459228515625000e+02
5.183829345703125000e+02
7.507735595703125000e+02
7.877611694335937500e+02
6.361155395507812500e+02
6.917074584960937500e+02
7.828187866210937500e+02
8.472754516601562500e+02
7.491002807617187500e+02
9.032654418945312500e+02
6.178977661132812500e+02
5.301074218750000000e+02
7.481344604492187500e+02
8.132585449218750000e+02
8.032094116210937500e+02
7.134711914062500000e+02
7.599519042968750000e+02
8.872917480468750000e+02
7.383197631835937500e+02
7.270798339843750000e+02
8.059668579101562500e+02
6.846432495117187500e+02
5.409277343750000000e+02
8.495319213867187500e+02
7.415988769531250000e+02
9.054613037109375000e+02
6.713309326171875000e+02
8.537863159179687500e+02
9.493981933593750000e+02
7.143360595703125000e+02
8.271411743164062500e+02
6.382316894531250000e+02
8.634238281250000000e+02
6.735498657226562500e+02
7.983012695312500000e+02
9.087777709960937500e+02
7.893644409179687500e+02
8.724446411132812500e+02
7.045654296875000000e+02
7.799080200195312500e+02
8.074080200195312500e+02
7.862714843750000000e+02
7.676253051757812500e+02
9.120839233398437500e+02
7.123295898437500000e+02
9.053259277343750000e+02
8.086872558593750000e+02
9.688345336914062500e+02
9.538149414062500000e+02
8.051004028320312500e+02
7.076409301757812500e+02
7.436701049804687500e+02
7.975740356445312500e+02
9.033564453125000000e+02
7.168301391601562500e+02
7.305045166015625000e+02
7.295413208007812500e+02
7.326947021484375000e+02
9.511563720703125000e+02
6.708419189453125000e+02
5.582631835937500000e+02
5.593724975585937500e+02
7.853757324218750000e+02
6.096799316406250000e+02
8.307934570312500000e+02
8.062885742187500000e+02
5.846861572265625000e+02
1.018586791992187500e+03
7.763381347656250000e+02
7.338500366210937500e+02
6.809145507812500000e+02
1.009619323730468750e+03
7.805534057617187500e+02
7.182526245117187500e+02
7.086145629882812500e+02
6.655533447265625000e+02
7.991862792968750000e+02
6.541055908203125000e+02
6.076104125976562500e+02
1.007870910644531250e+03
7.091341552734375000e+02
8.958226928710937500e+02
8.927187500000000000e+02
7.668997802734375000e+02
7.852372436523437500e+02
8.009878540039062500e+02
6.510575561523437500e+02
8.129589233398437500e+02
7.646068115234375000e+02
8.182699584960937500e+02
7.778845214843750000e+02
7.782283325195312500e+02
7.889940795898437500e+02
7.396082763671875000e+02
7.033383178710937500e+02
6.213955078125000000e+02
6.650968627929687500e+02
8.278557739257812500e+02
7.260939331054687500e+02
7.868630981445312500e+02
7.769523925781250000e+02
7.045404052734375000e+02
8.131008300781250000e+02
7.083928833007812500e+02
8.570787353515625000e+02
8.316971435546875000e+02
7.854338378906250000e+02
5.342700195312500000e+02
7.283717041015625000e+02
1.052864624023437500e+03
4.865052795410156250e+02
7.423712158203125000e+02
8.429926757812500000e+02
6.147285156250000000e+02
6.315103759765625000e+02
4.895150146484375000e+02
7.071436767578125000e+02
7.633977661132812500e+02
7.263228149414062500e+02
6.407354125976562500e+02
8.573984985351562500e+02
7.829384155273437500e+02
9.241374511718750000e+02
8.013921508789062500e+02
9.059089965820312500e+02
6.702716064453125000e+02
9.032545166015625000e+02
5.699291992187500000e+02
7.932352905273437500e+02
6.100422973632812500e+02
8.812526245117187500e+02
8.431904296875000000e+02
8.133630981445312500e+02
6.041575927734375000e+02
8.673283691406250000e+02
8.002006225585937500e+02
8.659962158203125000e+02
7.032013549804687500e+02
8.251180419921875000e+02
7.895278320312500000e+02
7.470868530273437500e+02
5.842738037109375000e+02
7.444226074218750000e+02
8.268992919921875000e+02
7.415214843750000000e+02
7.933464965820312500e+02
8.084938354492187500e+02
7.100189208984375000e+02
6.143145141601562500e+02
7.523825073242187500e+02
8.236795654296875000e+02
7.987398681640625000e+02
8.849744262695312500e+02
5.946284179687500000e+02
6.812726440429687500e+02
7.682032470703125000e+02
7.678100585937500000e+02
6.226090698242187500e+02
6.978840332031250000e+02
8.519468383789062500e+02
7.817317504882812500e+02
7.766466064453125000e+02
7.911726074218750000e+02
7.723690795898437500e+02
7.766687011718750000e+02
5.729293823242187500e+02
9.363314819335937500e+02
8.836375732421875000e+02
7.859832763671875000e+02
8.729297485351562500e+02
6.086632080078125000e+02
6.264302368164062500e+02
8.819776611328125000e+02
7.109139404296875000e+02
7.666408691406250000e+02
7.252274780273437500e+02
5.441842651367187500e+02
7.010099487304687500e+02
6.139328613281250000e+02
8.023054199218750000e+02
4.916398925781250000e+02
8.601325683593750000e+02
8.646610717773437500e+02
9.113853759765625000e+02
8.098815307617187500e+02
9.208984985351562500e+02
7.536639404296875000e+02
6.440547485351562500e+02
8.908602294921875000e+02
8.496575927734375000e+02
7.378110961914062500e+02
8.902200317382812500e+02
7.020006103515625000e+02
9.067457885742187500e+02
9.128275146484375000e+02
9.039629516601562500e+02
8.374796142578125000e+02
7.840182495117187500e+02
9.991110229492187500e+02
7.414500732421875000e+02
6.072191162109375000e+02
7.104643554687500000e+02
8.440906982421875000e+02
7.888469238281250000e+02
8.050033569335937500e+02
7.799142456054687500e+02
7.475023803710937500e+02
8.001145629882812500e+02
7.862501831054687500e+02
7.121915283203125000e+02
6.846909179687500000e+02
7.753499755859375000e+02
5.274413452148437500e+02
7.908193359375000000e+02
9.294316406250000000e+02
7.960979614257812500e+02
8.462461547851562500e+02
4.723455505371093750e+02
7.274059448242187500e+02
8.226944580078125000e+02
9.344921264648437500e+02
8.487130126953125000e+02
6.182473754882812500e+02
7.988061523437500000e+02
8.819073486328125000e+02
8.720754394531250000e+02
6.318903808593750000e+02
7.474353637695312500e+02
7.670802001953125000e+02
5.883961791992187500e+02
7.168828125000000000e+02
6.914934692382812500e+02
8.547248535156250000e+02
7.761301269531250000e+02
8.248417968750000000e+02
7.602666625976562500e+02
7.726377563476562500e+02
6.940418701171875000e+02
8.199230346679687500e+02
7.165347900390625000e+02
7.389714965820312500e+02
8.056550292968750000e+02
8.871957397460937500e+02
1.012904235839843750e+03
7.333960571289062500e+02
7.301893920898437500e+02
7.366713867187500000e+02
7.809527587890625000e+02
6.668136596679687500e+02
7.906298217773437500e+02
7.548047485351562500e+02
7.751889648437500000e+02
7.346060791015625000e+02
9.157616577148437500e+02
8.709478149414062500e+02
6.796632080078125000e+02
8.034918823242187500e+02
8.892775268554687500e+02
6.291480712890625000e+02
9.925037231445312500e+02
7.068146362304687500e+02
7.715538330078125000e+02
7.260175781250000000e+02
7.740860595703125000e+02
6.028970336914062500e+02
7.505311889648437500e+02
7.805771484375000000e+02
8.101074218750000000e+02
8.141602783203125000e+02
6.563057250976562500e+02
7.410651245117187500e+02
6.904004516601562500e+02
7.950484008789062500e+02
8.308175048828125000e+02
7.901273193359375000e+02
9.525576782226562500e+02
8.089065551757812500e+02
8.504244384765625000e+02
9.842335205078125000e+02
7.104552001953125000e+02
7.047687377929687500e+02
7.922780761718750000e+02
6.410292968750000000e+02
6.487517700195312500e+02
7.403059692382812500e+02
8.277675781250000000e+02
6.992052612304687500e+02
9.255595703125000000e+02
7.905237426757812500e+02
8.508306884765625000e+02
7.783142700195312500e+02
8.540205078125000000e+02
8.399318237304687500e+02
7.865632324218750000e+02
5.640328369140625000e+02
6.911809082031250000e+02
9.089053344726562500e+02
7.802780151367187500e+02
6.385930786132812500e+02
8.343586425781250000e+02
7.282457275390625000e+02
7.030836181640625000e+02
6.934133300781250000e+02
8.832989501953125000e+02
7.718373413085937500e+02
9.047463378906250000e+02
4.650715942382812500e+02
9.460435180664062500e+02
6.415710449218750000e+02
6.810312500000000000e+02
9.329583740234375000e+02
8.970667724609375000e+02
7.828425903320312500e+02
7.232144165039062500e+02
7.359579467773437500e+02
6.925241699218750000e+02
8.775881958007812500e+02
7.929276733398437500e+02
7.255219116210937500e+02
8.248785400390625000e+02
7.302771606445312500e+02
7.637780151367187500e+02
7.999151611328125000e+02
8.041234130859375000e+02
1.025578002929687500e+03
7.954600830078125000e+02
6.422231445312500000e+02
9.653478393554687500e+02
8.499689331054687500e+02
7.770906982421875000e+02
6.995560302734375000e+02
7.660288696289062500e+02
6.650089111328125000e+02
7.526789550781250000e+02
7.647900390625000000e+02
6.634325561523437500e+02
8.321355590820312500e+02
9.616061401367187500e+02
9.314077758789062500e+02
6.672242431640625000e+02
6.295957641601562500e+02
8.326467285156250000e+02
7.133984985351562500e+02
6.589012451171875000e+02
7.621270751953125000e+02
6.508004760742187500e+02
7.916937255859375000e+02
9.285524902343750000e+02
8.122295532226562500e+02
5.531510620117187500e+02
6.496825561523437500e+02
7.149537353515625000e+02
7.482087402343750000e+02
7.406291503906250000e+02
8.432987670898437500e+02
9.108036499023437500e+02
8.124938964843750000e+02
6.773265991210937500e+02
8.409751586914062500e+02
8.411519165039062500e+02
7.589534301757812500e+02
6.785791015625000000e+02
8.500119018554687500e+02
7.798477172851562500e+02
7.337348632812500000e+02
8.044903564453125000e+02
9.843137817382812500e+02
6.607751464843750000e+02
7.856616821289062500e+02
7.977312622070312500e+02
5.497405395507812500e+02
8.644620361328125000e+02
7.961676025390625000e+02
8.331655273437500000e+02
7.724179077148437500e+02
8.654784545898437500e+02
8.917741699218750000e+02
7.930875244140625000e+02
7.420175170898437500e+02
6.874496459960937500e+02
9.291390991210937500e+02
7.522385253906250000e+02
8.726878662109375000e+02
8.012472534179687500e+02
7.549246826171875000e+02
8.719029541015625000e+02
6.652934570312500000e+02
9.029407348632812500e+02
7.485866699218750000e+02
6.316890869140625000e+02
8.811070556640625000e+02
9.198707885742187500e+02
9.608047485351562500e+02
7.382757568359375000e+02
5.793842163085937500e+02
9.404976806640625000e+02
5.850181274414062500e+02
8.206789550781250000e+02
6.913126831054687500e+02
1.058151977539062500e+03
6.542118530273437500e+02
6.675322875976562500e+02
7.968629150390625000e+02
6.705655517578125000e+02
7.548363037109375000e+02
7.592217407226562500e+02
7.771257934570312500e+02
7.340735473632812500e+02
9.346717529296875000e+02
7.134490356445312500e+02
7.530335083007812500e+02
7.129014892578125000e+02
8.658936157226562500e+02
6.264448852539062500e+02
9.909604492187500000e+02
8.028665161132812500e+02
6.428009643554687500e+02
7.256414794921875000e+02
7.451018066406250000e+02
6.874268188476562500e+02
1.025307250976562500e+03
9.217431640625000000e+02
6.719188842773437500e+02
8.063352661132812500e+02
7.222686767578125000e+02
6.780689086914062500e+02
9.290761718750000000e+02
6.814153442382812500e+02
6.615957641601562500e+02
8.405365600585937500e+02
6.825750122070312500e+02
9.292273559570312500e+02
6.974707031250000000e+02
6.939180908203125000e+02
7.724401855468750000e+02
4.399652099609375000e+02
7.812923583984375000e+02
6.834923095703125000e+02
6.902555541992187500e+02
9.927886962890625000e+02
7.633436889648437500e+02
8.404276733398437500e+02
9.614527587890625000e+02
6.234058837890625000e+02
7.188469848632812500e+02
7.738685913085937500e+02
9.206149902343750000e+02
7.194099731445312500e+02
6.499003295898437500e+02
9.143767700195312500e+02
8.236150512695312500e+02
7.681895751953125000e+02
7.360611572265625000e+02
7.919494018554687500e+02
7.320960083007812500e+02
9.389679565429687500e+02
8.400938720703125000e+02
6.584010009765625000e+02
7.200927734375000000e+02
8.452560424804687500e+02
6.240055541992187500e+02
5.996804809570312500e+02
7.712619018554687500e+02
5.538224487304687500e+02
9.434692382812500000e+02
8.718112182617187500e+02
8.150285644531250000e+02
5.537131958007812500e+02
6.791696777343750000e+02
8.315719604492187500e+02
7.583519897460937500e+02
6.976497802734375000e+02
7.088552246093750000e+02
8.257752685546875000e+02
8.380960083007812500e+02
8.680108642578125000e+02
6.166854248046875000e+02
9.412533569335937500e+02
8.429334106445312500e+02
8.338759765625000000e+02
5.682224731445312500e+02
7.500349731445312500e+02
7.686376342773437500e+02
8.414060058593750000e+02
5.563363647460937500e+02
6.989863281250000000e+02
7.423984375000000000e+02
8.635156250000000000e+02
7.345165405273437500e+02
5.691923217773437500e+02
8.179821166992187500e+02
8.929126586914062500e+02
8.562914428710937500e+02
8.755490722656250000e+02
6.306077270507812500e+02
7.769515991210937500e+02
6.634627075195312500e+02
8.896665039062500000e+02
5.753837280273437500e+02
6.376476440429687500e+02
7.879243164062500000e+02
8.180078125000000000e+02
5.974372558593750000e+02
7.023616333007812500e+02
8.324307861328125000e+02
8.391848754882812500e+02
8.123551025390625000e+02
8.354589843750000000e+02
8.105185546875000000e+02
6.470373535156250000e+02
5.748236083984375000e+02
7.226992187500000000e+02
8.167235717773437500e+02
7.505737304687500000e+02
1.056870727539062500e+03
9.553524169921875000e+02
6.067080078125000000e+02
8.823236083984375000e+02
7.145196533203125000e+02
8.591339111328125000e+02
8.707526855468750000e+02
8.016276245117187500e+02
7.594405517578125000e+02
8.657616577148437500e+02
7.762746582031250000e+02
7.530946044921875000e+02
7.106530151367187500e+02
6.847917480468750000e+02
7.418404541015625000e+02
8.894573974609375000e+02
8.444364013671875000e+02
6.144630737304687500e+02
8.618192749023437500e+02
8.585465698242187500e+02
8.327647705078125000e+02
6.978580322265625000e+02
9.405048828125000000e+02
9.964124145507812500e+02
8.413002319335937500e+02
6.686231689453125000e+02
8.770579833984375000e+02
8.026696777343750000e+02
8.276282348632812500e+02
9.306487426757812500e+02
7.899028320312500000e+02
6.364106445312500000e+02
7.614336547851562500e+02
7.614041748046875000e+02
8.219262695312500000e+02
7.737396240234375000e+02
9.302175292968750000e+02
7.646340332031250000e+02
8.479394531250000000e+02
7.391475830078125000e+02
8.306380615234375000e+02
9.498447265625000000e+02
8.220798339843750000e+02
8.503679809570312500e+02
8.364094848632812500e+02
8.163207397460937500e+02
6.954190673828125000e+02
8.798314819335937500e+02
7.571676025390625000e+02
7.183687744140625000e+02
8.489850463867187500e+02
8.806707153320312500e+02
6.796646728515625000e+02
7.075418090820312500e+02
7.016972656250000000e+02
8.982942504882812500e+02
6.885245971679687500e+02
6.177516479492187500e+02
6.734552612304687500e+02
8.154998779296875000e+02
6.729271850585937500e+02
7.506766357421875000e+02
8.280213623046875000e+02
7.059236450195312500e+02
7.205761108398437500e+02
7.658457031250000000e+02
7.350277099609375000e+02
8.431543579101562500e+02
8.504475708007812500e+02
8.598579711914062500e+02
8.730670166015625000e+02
6.961157226562500000e+02
6.845189208984375000e+02
7.779699096679687500e+02
8.494146118164062500e+02
7.875111694335937500e+02
8.355238037109375000e+02
8.722069091796875000e+02
6.975752563476562500e+02
5.895802001953125000e+02
5.707258911132812500e+02
8.614204711914062500e+02
7.963866577148437500e+02
8.039680175781250000e+02
6.305383911132812500e+02
8.525977783203125000e+02
6.958308715820312500e+02
5.474118041992187500e+02
7.443121337890625000e+02
6.644107666015625000e+02
9.434161376953125000e+02
8.320184936523437500e+02
9.443031616210937500e+02
8.334160156250000000e+02
6.761820678710937500e+02
7.302363281250000000e+02
7.551720581054687500e+02
9.015318603515625000e+02
7.747042846679687500e+02
7.924473266601562500e+02
1.010976989746093750e+03
6.388999633789062500e+02
7.227980957031250000e+02
9.803228759765625000e+02
8.252388916015625000e+02
7.150770874023437500e+02
8.185596923828125000e+02
1.009449462890625000e+03
7.991227416992187500e+02
8.851347656250000000e+02
7.884291992187500000e+02
1.003482971191406250e+03
8.152800903320312500e+02
7.862298583984375000e+02
8.020160522460937500e+02
7.217885131835937500e+02
6.281984863281250000e+02
7.469833984375000000e+02
1.022529235839843750e+03
6.064541625976562500e+02
6.647727050781250000e+02
6.942856445312500000e+02
8.321431884765625000e+02
7.807248535156250000e+02
8.195259399414062500e+02
5.911148071289062500e+02
1.005912170410156250e+03
7.425584716796875000e+02
7.000179443359375000e+02
7.260579223632812500e+02
7.386807861328125000e+02
7.357936401367187500e+02
6.992337646484375000e+02
6.618605346679687500e+02
8.551588134765625000e+02
8.319872436523437500e+02
9.121795654296875000e+02
8.927460937500000000e+02
9.357861938476562500e+02
8.573276367187500000e+02
7.400331420898437500e+02
7.911046752929687500e+02
9.287781372070312500e+02
7.771461181640625000e+02
6.835791015625000000e+02
9.201695556640625000e+02
9.917122802734375000e+02
6.630499267578125000e+02
7.149454956054687500e+02
8.000109252929687500e+02
8.233596801757812500e+02
8.765703125000000000e+02
9.096340942382812500e+02
7.851812133789062500e+02
9.314114990234375000e+02
8.017003173828125000e+02
6.320734863281250000e+02
7.656571655273437500e+02
6.307084350585937500e+02
6.943781127929687500e+02
8.066177978515625000e+02
7.386487426757812500e+02
7.922922973632812500e+02
6.006193237304687500e+02
7.926782226562500000e+02
8.295220947265625000e+02
7.417742309570312500e+02
7.696387329101562500e+02
8.505865478515625000e+02
7.230495605468750000e+02
7.152009887695312500e+02
8.247994995117187500e+02
6.461624145507812500e+02
6.574590454101562500e+02
7.696492309570312500e+02
8.618437500000000000e+02
7.857571411132812500e+02
8.685945434570312500e+02
7.778765258789062500e+02
7.862117919921875000e+02
7.121464843750000000e+02
7.454926757812500000e+02
6.226613769531250000e+02
5.936773071289062500e+02
7.753137817382812500e+02
7.231065063476562500e+02
7.989606323242187500e+02
6.774389648437500000e+02
6.376241455078125000e+02
9.049547119140625000e+02
6.011055908203125000e+02
9.865898437500000000e+02
8.086130981445312500e+02
8.180942382812500000e+02
8.941153564453125000e+02
7.855540161132812500e+02
7.921059570312500000e+02
9.344903564453125000e+02
