1.085633468627929688e+01
1.085287666320800781e+01
1.085315704345703125e+01
1.086118221282958984e+01
1.084765052795410156e+01
1.085711383819580078e+01
1.084372711181640625e+01
1.085013389587402344e+01
1.085395908355712891e+01
1.085768413543701172e+01
1.084646892547607422e+01
1.085208225250244141e+01
1.085214138031005859e+01
1.085118103027343750e+01
1.085336780548095703e+01
1.086021423339843750e+01
1.084771823883056641e+01
1.084489250183105469e+01
1.085116577148437500e+01
1.084099292755126953e+01
1.085192584991455078e+01
1.085512638092041016e+01
1.083369255065917969e+01
1.083390903472900391e+01
1.084215545654296875e+01
1.084856510162353516e+01
1.083706760406494141e+01
1.083429622650146484e+01
1.083572483062744141e+01
1.084570217132568359e+01
1.081823062896728516e+01
1.083849811553955078e+01
1.082385635375976562e+01
1.081515789031982422e+01
1.081266021728515625e+01
1.081697273254394531e+01
1.084205245971679688e+01
1.081299304962158203e+01
1.081591510772705078e+01
1.083459186553955078e+01
1.081977272033691406e+01
1.083269691467285156e+01
1.080696487426757812e+01
1.080724239349365234e+01
1.081716632843017578e+01
1.082527542114257812e+01
1.080995750427246094e+01
1.080728054046630859e+01
1.079671001434326172e+01
1.080538749694824219e+01
1.079603385925292969e+01
1.078995132446289062e+01
1.080728149414062500e+01
1.080667018890380859e+01
1.081022930145263672e+01
1.078793811798095703e+01
1.077665042877197266e+01
1.078154563903808594e+01
1.077367401123046875e+01
1.079401016235351562e+01
1.077622795104980469e+01
1.077143383026123047e+01
1.077716541290283203e+01
1.076124382019042969e+01
1.076935291290283203e+01
1.076286315917968750e+01
1.077904033660888672e+01
1.075795364379882812e+01
1.075206756591796875e+01
1.074931716918945312e+01
1.076476860046386719e+01
1.075150966644287109e+01
1.076475143432617188e+01
1.075192260742187500e+01
1.075328063964843750e+01
1.074038696289062500e+01
1.074733352661132812e+01
1.074536705017089844e+01
1.075111484527587891e+01
1.072039031982421875e+01
1.073176860809326172e+01
1.072999668121337891e+01
1.071618366241455078e+01
1.072702026367187500e+01
1.072135543823242188e+01
1.070987892150878906e+01
1.071243572235107422e+01
1.071000194549560547e+01
1.070254230499267578e+01
1.070803546905517578e+01
1.071799850463867188e+01
1.070127296447753906e+01
1.070991706848144531e+01
1.068366432189941406e+01
1.070822429656982422e+01
1.070398330688476562e+01
1.065925407409667969e+01
1.067474269866943359e+01
1.068846893310546875e+01
1.068433380126953125e+01
1.069762420654296875e+01
1.070112609863281250e+01
1.068755435943603516e+01
1.069471645355224609e+01
1.069445610046386719e+01
1.069023227691650391e+01
1.067514610290527344e+01
1.066516971588134766e+01
1.069132614135742188e+01
1.066583442687988281e+01
1.065804100036621094e+01
1.064354705810546875e+01
1.064235496520996094e+01
1.066719722747802734e+01
1.066864871978759766e+01
1.066013431549072266e+01
1.064184570312500000e+01
1.067279624938964844e+01
1.066800308227539062e+01
1.067166709899902344e+01
1.067391872406005859e+01
1.065589809417724609e+01
1.065556335449218750e+01
1.064417648315429688e+01
1.063604927062988281e+01
1.065210723876953125e+01
1.064462757110595703e+01
1.062248516082763672e+01
1.062182426452636719e+01
1.062024116516113281e+01
1.063012027740478516e+01
1.062007427215576172e+01
1.063165473937988281e+01
1.064782047271728516e+01
1.063113498687744141e+01
1.060496330261230469e+01
1.059780693054199219e+01
1.059837436676025391e+01
1.060819053649902344e+01
1.062297344207763672e+01
1.062443351745605469e+01
1.063107013702392578e+01
1.060786247253417969e+01
1.058501434326171875e+01
1.062180709838867188e+01
1.061135959625244141e+01
1.058949851989746094e+01
1.060489940643310547e+01
1.058289527893066406e+01
1.058557605743408203e+01
1.061061382293701172e+01
1.061298084259033203e+01
1.059600830078125000e+01
1.059559440612792969e+01
1.059654045104980469e+01
1.058669853210449219e+01
1.059135532379150391e+01
1.058488082885742188e+01
1.056003475189208984e+01
1.055627250671386719e+01
1.053800773620605469e+01
1.055407428741455078e+01
1.057456684112548828e+01
1.061757659912109375e+01
1.059773445129394531e+01
1.055561828613281250e+01
1.055704402923583984e+01
1.057156467437744141e+01
1.058042716979980469e+01
1.056551361083984375e+01
1.059638595581054688e+01
1.054182815551757812e+01
1.054932880401611328e+01
1.056337356567382812e+01
1.055169677734375000e+01
1.056932449340820312e+01
1.054164791107177734e+01
1.058301639556884766e+01
1.056138610839843750e+01
1.058953952789306641e+01
1.053777027130126953e+01
1.057670211791992188e+01
1.053775691986083984e+01
1.056844902038574219e+01
1.053940391540527344e+01
1.051850509643554688e+01
1.053848552703857422e+01
1.057241630554199219e+01
1.057258415222167969e+01
1.053919982910156250e+01
1.054042911529541016e+01
1.053437232971191406e+01
1.055295562744140625e+01
1.055077838897705078e+01
1.055733966827392578e+01
1.051599597930908203e+01
1.052752876281738281e+01
1.054395008087158203e+01
1.055893230438232422e+01
1.050411605834960938e+01
1.053318023681640625e+01
1.056081485748291016e+01
1.053848171234130859e+01
1.049453163146972656e+01
1.052128791809082031e+01
1.053982257843017578e+01
1.053032398223876953e+01
1.055277633666992188e+01
1.050771427154541016e+01
1.055555820465087891e+01
1.051371097564697266e+01
1.053863239288330078e+01
1.051076793670654297e+01
1.049135208129882812e+01
1.049946689605712891e+01
1.054098129272460938e+01
1.052328491210937500e+01
1.051798152923583984e+01
1.045157527923583984e+01
1.050490856170654297e+01
1.052776241302490234e+01
1.049244499206542969e+01
1.049705600738525391e+01
1.049518394470214844e+01
1.049681091308593750e+01
1.050076389312744141e+01
1.047520637512207031e+01
1.049597358703613281e+01
1.049667263031005859e+01
1.051433086395263672e+01
1.050546836853027344e+01
1.047852897644042969e+01
1.047797393798828125e+01
1.049981117248535156e+01
1.047921752929687500e+01
1.047533321380615234e+01
1.049104309082031250e+01
1.049062061309814453e+01
1.050046348571777344e+01
1.049718570709228516e+01
1.040365409851074219e+01
1.047157001495361328e+01
1.051940155029296875e+01
1.047359848022460938e+01
1.047733116149902344e+01
1.043276023864746094e+01
1.050043010711669922e+01
1.047105503082275391e+01
1.047656917572021484e+01
1.051077175140380859e+01
1.047047233581542969e+01
1.048075580596923828e+01
1.045048522949218750e+01
1.046494960784912109e+01
1.049286365509033203e+01
1.042248058319091797e+01
1.050030517578125000e+01
1.049083423614501953e+01
1.044635677337646484e+01
1.049640941619873047e+01
1.047317504882812500e+01
1.045730876922607422e+01
1.046193122863769531e+01
1.043248271942138672e+01
1.047177219390869141e+01
1.044650363922119141e+01
1.044966316223144531e+01
1.049806594848632812e+01
1.046656417846679688e+01
1.044390201568603516e+01
1.044036293029785156e+01
1.043350601196289062e+01
1.049649810791015625e+01
1.045081710815429688e+01
1.048271656036376953e+01
1.045646667480468750e+01
1.045401477813720703e+01
1.045704174041748047e+01
1.045589923858642578e+01
1.043815898895263672e+01
1.044323158264160156e+01
1.043385601043701172e+01
1.044163608551025391e+01
1.042126178741455078e+01
1.042741203308105469e+01
1.045338439941406250e+01
1.047935581207275391e+01
1.046315288543701172e+01
1.046238422393798828e+01
1.051579380035400391e+01
1.046092700958251953e+01
1.042212486267089844e+01
1.043905162811279297e+01
1.049412536621093750e+01
1.042654132843017578e+01
1.042028427124023438e+01
1.043835067749023438e+01
1.047579288482666016e+01
1.044863700866699219e+01
1.043635272979736328e+01
1.047500133514404297e+01
1.044866752624511719e+01
1.043795013427734375e+01
1.044376468658447266e+01
1.044591045379638672e+01
1.042183589935302734e+01
1.045068740844726562e+01
1.044510841369628906e+01
1.043706130981445312e+01
1.047367382049560547e+01
1.049034309387207031e+01
1.049381923675537109e+01
1.042546558380126953e+01
1.045973300933837891e+01
1.035394573211669922e+01
1.045056629180908203e+01
1.044675636291503906e+01
1.042114830017089844e+01
1.042084407806396484e+01
1.049261665344238281e+01
1.042318820953369141e+01
1.040345859527587891e+01
1.048478031158447266e+01
1.046294021606445312e+01
1.047377681732177734e+01
1.046185016632080078e+01
1.042878341674804688e+01
1.044341945648193359e+01
1.043580436706542969e+01
1.041183757781982422e+01
1.042812442779541016e+01
1.045945072174072266e+01
1.045184612274169922e+01
1.043184185028076172e+01
1.043836784362792969e+01
1.044041538238525391e+01
1.040705204010009766e+01
1.042511558532714844e+01
1.044309711456298828e+01
1.044836521148681641e+01
1.038290500640869141e+01
1.043418312072753906e+01
1.042590808868408203e+01
1.046886062622070312e+01
1.041956806182861328e+01
1.043403339385986328e+01
1.042790794372558594e+01
1.042112731933593750e+01
1.045401096343994141e+01
1.045464134216308594e+01
1.041588783264160156e+01
1.041615581512451172e+01
1.042222309112548828e+01
1.044408702850341797e+01
1.044435214996337891e+01
1.041124439239501953e+01
1.043572139739990234e+01
1.038713359832763672e+01
1.042232036590576172e+01
1.042929935455322266e+01
1.043769264221191406e+01
1.038836574554443359e+01
1.037484836578369141e+01
1.043337154388427734e+01
1.044147109985351562e+01
1.040515327453613281e+01
1.041585731506347656e+01
1.038343715667724609e+01
1.036614894866943359e+01
1.040129947662353516e+01
1.039393424987792969e+01
1.038692378997802734e+01
1.042071342468261719e+01
1.038240432739257812e+01
1.038609886169433594e+01
1.041966056823730469e+01
1.041185665130615234e+01
1.041290855407714844e+01
1.045419311523437500e+01
1.042091178894042969e+01
1.038409137725830078e+01
1.042087078094482422e+01
1.042266082763671875e+01
1.040703582763671875e+01
1.042358779907226562e+01
1.044689178466796875e+01
1.039482975006103516e+01
1.039981174468994141e+01
1.045007324218750000e+01
1.040267086029052734e+01
1.042124176025390625e+01
1.037316417694091797e+01
1.038591861724853516e+01
1.036376857757568359e+01
1.042323684692382812e+01
1.043158912658691406e+01
1.040289592742919922e+01
1.042006111145019531e+01
1.042701053619384766e+01
1.039331722259521484e+01
1.041941547393798828e+01
1.039871311187744141e+01
1.035457038879394531e+01
1.036448478698730469e+01
1.036926174163818359e+01
1.038143157958984375e+01
1.033102512359619141e+01
1.038635921478271484e+01
1.037894916534423828e+01
1.036962032318115234e+01
1.041468334197998047e+01
1.039188766479492188e+01
1.036693286895751953e+01
1.037736415863037109e+01
1.040495872497558594e+01
1.035715484619140625e+01
1.035779094696044922e+01
1.037936687469482422e+01
1.038882255554199219e+01
1.035999584197998047e+01
1.038647556304931641e+01
1.042786502838134766e+01
1.039511299133300781e+01
1.036460304260253906e+01
1.036001682281494141e+01
1.041779708862304688e+01
1.040661811828613281e+01
1.033399295806884766e+01
1.032111740112304688e+01
1.040646839141845703e+01
1.040398693084716797e+01
1.041882133483886719e+01
1.036020278930664062e+01
1.038926696777343750e+01
1.036415767669677734e+01
1.037439918518066406e+01
1.039604568481445312e+01
1.033390331268310547e+01
1.039756393432617188e+01
1.036441707611083984e+01
1.037120056152343750e+01
1.042096042633056641e+01
1.037350749969482422e+01
1.032530212402343750e+01
1.033255100250244141e+01
1.035935115814208984e+01
1.036883735656738281e+01
1.041448593139648438e+01
1.034218502044677734e+01
1.040821266174316406e+01
1.033844661712646484e+01
1.036373710632324219e+01
1.035422229766845703e+01
1.038485622406005859e+01
1.034013271331787109e+01
1.036144924163818359e+01
1.030578041076660156e+01
1.035049438476562500e+01
1.035973834991455078e+01
1.035030746459960938e+01
1.030424308776855469e+01
1.030583190917968750e+01
1.034364891052246094e+01
1.034857177734375000e+01
1.039667415618896484e+01
1.029617691040039062e+01
1.035308456420898438e+01
1.036071395874023438e+01
1.036475753784179688e+01
1.034382629394531250e+01
1.034185218811035156e+01
1.033307170867919922e+01
1.038579177856445312e+01
1.038132572174072266e+01
1.034235954284667969e+01
1.031058406829833984e+01
1.034323501586914062e+01
1.033024024963378906e+01
1.040802288055419922e+01
1.033580684661865234e+01
1.036938571929931641e+01
1.031564426422119141e+01
1.037913322448730469e+01
1.039065933227539062e+01
1.032058048248291016e+01
1.032316970825195312e+01
1.032398319244384766e+01
1.035375499725341797e+01
1.033461666107177734e+01
1.032074260711669922e+01
1.034959697723388672e+01
1.033330345153808594e+01
1.033869552612304688e+01
1.031115341186523438e+01
1.030825042724609375e+01
1.037746620178222656e+01
1.029947566986083984e+01
1.031469440460205078e+01
1.035034656524658203e+01
1.041424274444580078e+01
1.036763191223144531e+01
1.034330749511718750e+01
1.034553909301757812e+01
1.033066082000732422e+01
1.031359386444091797e+01
1.033554172515869141e+01
1.029370880126953125e+01
1.035267925262451172e+01
1.029560089111328125e+01
1.032838916778564453e+01
1.033302116394042969e+01
1.028434371948242188e+01
1.029740142822265625e+01
1.031434726715087891e+01
1.034430217742919922e+01
1.034222698211669922e+01
1.037079715728759766e+01
1.033251667022705078e+01
1.036362648010253906e+01
1.030562400817871094e+01
1.037469768524169922e+01
1.035011768341064453e+01
1.032072067260742188e+01
1.028918743133544922e+01
1.027141189575195312e+01
1.027733707427978516e+01
1.027618789672851562e+01
1.034652900695800781e+01
1.032998847961425781e+01
1.024482250213623047e+01
1.031649208068847656e+01
1.037186908721923828e+01
1.032091331481933594e+01
1.026209926605224609e+01
1.032073497772216797e+01
1.027800464630126953e+01
1.025846385955810547e+01
1.025192260742187500e+01
1.028362464904785156e+01
1.026306438446044922e+01
1.027985763549804688e+01
1.029791641235351562e+01
1.031611061096191406e+01
1.036719512939453125e+01
1.025158405303955078e+01
1.032692527770996094e+01
1.030836963653564453e+01
1.029893398284912109e+01
1.022745037078857422e+01
1.024434757232666016e+01
1.030813598632812500e+01
1.024921798706054688e+01
1.031229305267333984e+01
1.030081367492675781e+01
1.027978038787841797e+01
1.021793556213378906e+01
1.031509113311767578e+01
1.027486133575439453e+01
1.026555633544921875e+01
1.034368610382080078e+01
1.025129222869873047e+01
1.022413730621337891e+01
1.033449840545654297e+01
1.031983089447021484e+01
1.026304531097412109e+01
1.027519321441650391e+01
1.028255081176757812e+01
1.022810840606689453e+01
1.029615020751953125e+01
1.023411655426025391e+01
1.026979732513427734e+01
1.028412055969238281e+01
1.025028705596923828e+01
1.029741477966308594e+01
1.029793834686279297e+01
1.034017562866210938e+01
1.019603252410888672e+01
1.038395500183105469e+01
1.027832889556884766e+01
1.022108554840087891e+01
1.023045825958251953e+01
1.034403514862060547e+01
1.022586250305175781e+01
1.026677322387695312e+01
1.024054622650146484e+01
1.012924671173095703e+01
1.027463722229003906e+01
1.023093318939208984e+01
1.021651172637939453e+01
1.023387813568115234e+01
1.027468299865722656e+01
1.030859088897705078e+01
1.025944614410400391e+01
1.021422576904296875e+01
1.024722766876220703e+01
1.022558021545410156e+01
1.024777412414550781e+01
1.016904163360595703e+01
1.018096923828125000e+01
1.020513725280761719e+01
1.023863315582275391e+01
1.028211498260498047e+01
1.024593067169189453e+01
1.021278858184814453e+01
1.018969726562500000e+01
1.016479015350341797e+01
1.019977474212646484e+01
1.020880794525146484e+01
1.030728721618652344e+01
1.020225334167480469e+01
1.024687862396240234e+01
1.022675895690917969e+01
1.023738002777099609e+01
1.020048713684082031e+01
1.022878551483154297e+01
1.027443981170654297e+01
1.013822460174560547e+01
1.026646995544433594e+01
1.024541568756103516e+01
1.017920780181884766e+01
1.021506786346435547e+01
1.031756782531738281e+01
1.020529270172119141e+01
1.029516220092773438e+01
1.021172809600830078e+01
1.020618057250976562e+01
1.022575950622558594e+01
1.023689460754394531e+01
1.020474052429199219e+01
1.022670173645019531e+01
1.027923202514648438e+01
1.019801712036132812e+01
1.016568279266357422e+01
1.019319152832031250e+01
1.021490287780761719e+01
1.022248172760009766e+01
1.015935707092285156e+01
1.019155406951904297e+01
1.016583824157714844e+01
1.018233585357666016e+01
1.011898994445800781e+01
1.019444274902343750e+01
1.027169227600097656e+01
1.025584506988525391e+01
1.017813110351562500e+01
1.019179248809814453e+01
1.020360851287841797e+01
1.011795520782470703e+01
1.013083171844482422e+01
1.012455558776855469e+01
1.015199184417724609e+01
1.017494010925292969e+01
1.020294570922851562e+01
1.015915012359619141e+01
1.017170429229736328e+01
1.018112564086914062e+01
1.019225883483886719e+01
1.019502067565917969e+01
1.015214633941650391e+01
1.010656547546386719e+01
1.021162605285644531e+01
1.021618461608886719e+01
1.014619350433349609e+01
1.021037197113037109e+01
1.021131324768066406e+01
1.008407592773437500e+01
1.013284301757812500e+01
1.014265251159667969e+01
1.015383911132812500e+01
1.017410373687744141e+01
1.017701911926269531e+01
1.020169544219970703e+01
1.013287639617919922e+01
1.017288208007812500e+01
1.011384677886962891e+01
1.016299915313720703e+01
1.011904048919677734e+01
1.016878986358642578e+01
1.014151573181152344e+01
1.009256935119628906e+01
1.020161914825439453e+01
1.010948562622070312e+01
1.013876914978027344e+01
1.019630813598632812e+01
1.022051715850830078e+01
1.017148017883300781e+01
1.012398624420166016e+01
1.020131492614746094e+01
1.012782573699951172e+01
1.011885833740234375e+01
1.016613006591796875e+01
1.013014221191406250e+01
1.017769432067871094e+01
1.013168716430664062e+01
1.015250778198242188e+01
1.011264324188232422e+01
1.016576099395751953e+01
1.008044624328613281e+01
1.011562824249267578e+01
1.011609554290771484e+01
1.016016769409179688e+01
1.013627433776855469e+01
1.008715724945068359e+01
1.018701744079589844e+01
1.012568378448486328e+01
1.004943943023681641e+01
1.003210926055908203e+01
1.013593673706054688e+01
9.992781639099121094e+00
1.011007213592529297e+01
1.012032604217529297e+01
1.019265747070312500e+01
1.014196777343750000e+01
1.014728832244873047e+01
1.001165580749511719e+01
1.007272148132324219e+01
1.005712223052978516e+01
1.011339569091796875e+01
1.003428936004638672e+01
9.976882934570312500e+00
1.006003475189208984e+01
1.009957695007324219e+01
1.009150981903076172e+01
1.002578067779541016e+01
1.004057502746582031e+01
9.967881202697753906e+00
9.924732208251953125e+00
1.006917476654052734e+01
1.014813327789306641e+01
1.015706157684326172e+01
1.004817771911621094e+01
1.013020992279052734e+01
1.010945510864257812e+01
1.010645103454589844e+01
1.014471340179443359e+01
1.007952022552490234e+01
9.960016250610351562e+00
1.008387470245361328e+01
1.007105159759521484e+01
1.004462814331054688e+01
1.004241943359375000e+01
1.005270957946777344e+01
1.003361892700195312e+01
1.007160854339599609e+01
1.007704257965087891e+01
1.011588096618652344e+01
1.007191562652587891e+01
1.012455654144287109e+01
1.013988685607910156e+01
1.005519390106201172e+01
1.002759456634521484e+01
1.003040122985839844e+01
1.000553226470947266e+01
1.003026390075683594e+01
1.000805950164794922e+01
1.008807754516601562e+01
1.005861473083496094e+01
1.005339241027832031e+01
9.964956283569335938e+00
1.007422542572021484e+01
9.973618507385253906e+00
1.008834934234619141e+01
1.005829334259033203e+01
9.983505249023437500e+00
1.004700565338134766e+01
1.005201148986816406e+01
1.005620479583740234e+01
9.972671508789062500e+00
1.000236511230468750e+01
9.981174468994140625e+00
1.002819061279296875e+01
1.005028629302978516e+01
1.012261486053466797e+01
9.972309112548828125e+00
9.979579925537109375e+00
1.002321147918701172e+01
1.002249526977539062e+01
1.003992652893066406e+01
9.992313385009765625e+00
9.978763580322265625e+00
9.980483055114746094e+00
1.005172538757324219e+01
1.006383991241455078e+01
9.970880508422851562e+00
1.004955291748046875e+01
9.991914749145507812e+00
1.002976131439208984e+01
1.003105926513671875e+01
1.006920528411865234e+01
1.009722995758056641e+01
9.942627906799316406e+00
9.974909782409667969e+00
1.002776622772216797e+01
9.919361114501953125e+00
9.876807212829589844e+00
9.848724365234375000e+00
1.002427196502685547e+01
1.000342559814453125e+01
9.919478416442871094e+00
1.000901126861572266e+01
9.997279167175292969e+00
9.942664146423339844e+00
9.970444679260253906e+00
9.969594001770019531e+00
9.896574974060058594e+00
9.927590370178222656e+00
1.000054931640625000e+01
9.892870903015136719e+00
9.932129859924316406e+00
9.882739067077636719e+00
9.931866645812988281e+00
9.843891143798828125e+00
9.860291481018066406e+00
9.833325386047363281e+00
9.907419204711914062e+00
9.966209411621093750e+00
9.968933105468750000e+00
9.836925506591796875e+00
9.909109115600585938e+00
1.002383995056152344e+01
9.930947303771972656e+00
9.818162918090820312e+00
9.895724296569824219e+00
9.879980087280273438e+00
9.945520401000976562e+00
9.992520332336425781e+00
1.000893115997314453e+01
9.869690895080566406e+00
9.891961097717285156e+00
9.876343727111816406e+00
9.929925918579101562e+00
9.837969779968261719e+00
9.935404777526855469e+00
9.940643310546875000e+00
9.962458610534667969e+00
9.882799148559570312e+00
9.912357330322265625e+00
9.929550170898437500e+00
9.934630393981933594e+00
9.955497741699218750e+00
9.962724685668945312e+00
9.919999122619628906e+00
9.937991142272949219e+00
9.836363792419433594e+00
9.907691001892089844e+00
9.874995231628417969e+00
9.796566009521484375e+00
9.832668304443359375e+00
9.907035827636718750e+00
9.801070213317871094e+00
9.820025444030761719e+00
9.959862709045410156e+00
9.857909202575683594e+00
9.937943458557128906e+00
9.911878585815429688e+00
9.877233505249023438e+00
9.834343910217285156e+00
9.820323944091796875e+00
9.790510177612304688e+00
9.965775489807128906e+00
9.852578163146972656e+00
9.815514564514160156e+00
9.879981994628906250e+00
9.873120307922363281e+00
9.903588294982910156e+00
9.895787239074707031e+00
9.875529289245605469e+00
9.801112174987792969e+00
9.853140830993652344e+00
9.795719146728515625e+00
9.789779663085937500e+00
9.701028823852539062e+00
9.756615638732910156e+00
9.876797676086425781e+00
9.900053977966308594e+00
9.851292610168457031e+00
9.755351066589355469e+00
9.734867095947265625e+00
9.755223274230957031e+00
9.899438858032226562e+00
9.820147514343261719e+00
9.787397384643554688e+00
9.719068527221679688e+00
9.781501770019531250e+00
9.775495529174804688e+00
9.712776184082031250e+00
9.751508712768554688e+00
9.765932083129882812e+00
9.820359230041503906e+00
9.708154678344726562e+00
9.759429931640625000e+00
9.876599311828613281e+00
9.814898490905761719e+00
9.786736488342285156e+00
9.684755325317382812e+00
9.678531646728515625e+00
9.779077529907226562e+00
9.776690483093261719e+00
9.774431228637695312e+00
9.866257667541503906e+00
9.938951492309570312e+00
9.808629035949707031e+00
9.689431190490722656e+00
9.857324600219726562e+00
9.703636169433593750e+00
9.765755653381347656e+00
9.761194229125976562e+00
9.765297889709472656e+00
9.858169555664062500e+00
9.832176208496093750e+00
9.686358451843261719e+00
9.668315887451171875e+00
9.755338668823242188e+00
9.776844978332519531e+00
9.794403076171875000e+00
9.690473556518554688e+00
9.644826889038085938e+00
9.881006240844726562e+00
9.703462600708007812e+00
9.732665061950683594e+00
9.654689788818359375e+00
9.782269477844238281e+00
9.737392425537109375e+00
9.540767669677734375e+00
9.600185394287109375e+00
9.767121315002441406e+00
9.718006134033203125e+00
9.682174682617187500e+00
9.649753570556640625e+00
9.555837631225585938e+00
9.713459968566894531e+00
9.860417366027832031e+00
9.726773262023925781e+00
9.661919593811035156e+00
9.853831291198730469e+00
9.677814483642578125e+00
9.698676109313964844e+00
9.593422889709472656e+00
9.802846908569335938e+00
9.816661834716796875e+00
9.684711456298828125e+00
9.653266906738281250e+00
9.742663383483886719e+00
9.656610488891601562e+00
9.548595428466796875e+00
9.686693191528320312e+00
9.695552825927734375e+00
9.774594306945800781e+00
9.655192375183105469e+00
9.644973754882812500e+00
9.764384269714355469e+00
9.618501663208007812e+00
9.606173515319824219e+00
9.747920989990234375e+00
9.599546432495117188e+00
9.512342453002929688e+00
9.692392349243164062e+00
9.628974914550781250e+00
9.673268318176269531e+00
9.729661941528320312e+00
9.703456878662109375e+00
9.572446823120117188e+00
9.480060577392578125e+00
9.721572875976562500e+00
9.616417884826660156e+00
9.633691787719726562e+00
9.492541313171386719e+00
9.636590003967285156e+00
9.636019706726074219e+00
9.775437355041503906e+00
9.700059890747070312e+00
9.592531204223632812e+00
9.591931343078613281e+00
9.553825378417968750e+00
9.664518356323242188e+00
9.722756385803222656e+00
9.684257507324218750e+00
9.519830703735351562e+00
9.643516540527343750e+00
9.576335906982421875e+00
9.599005699157714844e+00
9.452906608581542969e+00
9.662286758422851562e+00
9.672324180603027344e+00
9.623322486877441406e+00
9.695532798767089844e+00
9.632211685180664062e+00
9.649061203002929688e+00
9.578248977661132812e+00
9.545066833496093750e+00
9.506169319152832031e+00
9.632628440856933594e+00
9.472846984863281250e+00
9.582360267639160156e+00
9.593659400939941406e+00
9.510164260864257812e+00
9.407650947570800781e+00
9.533638000488281250e+00
9.664774894714355469e+00
9.473073959350585938e+00
9.556686401367187500e+00
9.608534812927246094e+00
9.543325424194335938e+00
9.606410026550292969e+00
9.588032722473144531e+00
9.547369956970214844e+00
9.509853363037109375e+00
9.681167602539062500e+00
9.572339057922363281e+00
9.478880882263183594e+00
9.520641326904296875e+00
9.601137161254882812e+00
9.478849411010742188e+00
9.494082450866699219e+00
9.599390029907226562e+00
9.691452026367187500e+00
9.615058898925781250e+00
9.678699493408203125e+00
9.432832717895507812e+00
9.644606590270996094e+00
9.492679595947265625e+00
9.597242355346679688e+00
9.452347755432128906e+00
9.571526527404785156e+00
9.545018196105957031e+00
9.670388221740722656e+00
9.420889854431152344e+00
9.517428398132324219e+00
9.603322029113769531e+00
9.650638580322265625e+00
9.750920295715332031e+00
9.547820091247558594e+00
9.477967262268066406e+00
9.367308616638183594e+00
9.515828132629394531e+00
9.507653236389160156e+00
9.502284049987792969e+00
9.445200920104980469e+00
9.372132301330566406e+00
9.456523895263671875e+00
9.613099098205566406e+00
9.527290344238281250e+00
9.575902938842773438e+00
9.494780540466308594e+00
9.554443359375000000e+00
9.694200515747070312e+00
9.502672195434570312e+00
9.547347068786621094e+00
9.667775154113769531e+00
9.518985748291015625e+00
9.398957252502441406e+00
9.469010353088378906e+00
9.566051483154296875e+00
9.431478500366210938e+00
9.485572814941406250e+00
9.519852638244628906e+00
9.477846145629882812e+00
9.406134605407714844e+00
9.503028869628906250e+00
9.449382781982421875e+00
9.368126869201660156e+00
9.586663246154785156e+00
9.539328575134277344e+00
9.451123237609863281e+00
9.560091972351074219e+00
9.385308265686035156e+00
9.404157638549804688e+00
9.335794448852539062e+00
9.396382331848144531e+00
9.378883361816406250e+00
9.518758773803710938e+00
9.415003776550292969e+00
9.483811378479003906e+00
9.518789291381835938e+00
9.427209854125976562e+00
9.453981399536132812e+00
9.421172142028808594e+00
9.379095077514648438e+00
9.351801872253417969e+00
9.471414566040039062e+00
9.270283699035644531e+00
9.427560806274414062e+00
9.505357742309570312e+00
9.434320449829101562e+00
9.434826850891113281e+00
9.378557205200195312e+00
9.477446556091308594e+00
9.542219161987304688e+00
9.605645179748535156e+00
9.383935928344726562e+00
9.460736274719238281e+00
9.378722190856933594e+00
9.389406204223632812e+00
9.459943771362304688e+00
9.471451759338378906e+00
9.491706848144531250e+00
9.394896507263183594e+00
9.303304672241210938e+00
9.519263267517089844e+00
9.566352844238281250e+00
9.279314994812011719e+00
9.465281486511230469e+00
9.387792587280273438e+00
9.471197128295898438e+00
9.403923988342285156e+00
9.435676574707031250e+00
9.560064315795898438e+00
9.482781410217285156e+00
9.306278228759765625e+00
9.556039810180664062e+00
9.410934448242187500e+00
9.325177192687988281e+00
9.381608009338378906e+00
9.337940216064453125e+00
9.464463233947753906e+00
9.345639228820800781e+00
9.500275611877441406e+00
9.438650131225585938e+00
9.479900360107421875e+00
9.334253311157226562e+00
9.348273277282714844e+00
9.472090721130371094e+00
9.416859626770019531e+00
9.371087074279785156e+00
9.321168899536132812e+00
9.450979232788085938e+00
9.521021842956542969e+00
9.465078353881835938e+00
9.477749824523925781e+00
9.488443374633789062e+00
9.332751274108886719e+00
9.526204109191894531e+00
9.274946212768554688e+00
9.392836570739746094e+00
9.258960723876953125e+00
9.397999763488769531e+00
9.310532569885253906e+00
9.210700035095214844e+00
9.302653312683105469e+00
9.325095176696777344e+00
9.394295692443847656e+00
9.303361892700195312e+00
9.219126701354980469e+00
9.432774543762207031e+00
9.440594673156738281e+00
9.318442344665527344e+00
9.447131156921386719e+00
9.152492523193359375e+00
9.259023666381835938e+00
9.318281173706054688e+00
9.274717330932617188e+00
9.262130737304687500e+00
9.378449440002441406e+00
9.344693183898925781e+00
9.270085334777832031e+00
9.418599128723144531e+00
9.339746475219726562e+00
9.411986351013183594e+00
9.232149124145507812e+00
9.191505432128906250e+00
9.451057434082031250e+00
9.455243110656738281e+00
9.273626327514648438e+00
9.431177139282226562e+00
9.297393798828125000e+00
9.285014152526855469e+00
9.239966392517089844e+00
9.362094879150390625e+00
9.225637435913085938e+00
9.469977378845214844e+00
9.357874870300292969e+00
9.329715728759765625e+00
9.434168815612792969e+00
9.304710388183593750e+00
9.292675018310546875e+00
9.552012443542480469e+00
9.191215515136718750e+00
9.270859718322753906e+00
9.296285629272460938e+00
9.312673568725585938e+00
9.253363609313964844e+00
9.143472671508789062e+00
9.240493774414062500e+00
9.307172775268554688e+00
9.354351997375488281e+00
9.180563926696777344e+00
9.392483711242675781e+00
9.223382949829101562e+00
9.289174079895019531e+00
9.306097984313964844e+00
9.221868515014648438e+00
9.166480064392089844e+00
9.280791282653808594e+00
9.276266098022460938e+00
9.251803398132324219e+00
9.283312797546386719e+00
9.147514343261718750e+00
9.338782310485839844e+00
9.392814636230468750e+00
9.425663948059082031e+00
9.222037315368652344e+00
9.196929931640625000e+00
9.155426025390625000e+00
9.276541709899902344e+00
9.143121719360351562e+00
9.177701950073242188e+00
9.275001525878906250e+00
9.276865959167480469e+00
9.337965011596679688e+00
9.227059364318847656e+00
9.053092002868652344e+00
9.264675140380859375e+00
9.468588829040527344e+00
9.420660018920898438e+00
9.051035881042480469e+00
9.234375953674316406e+00
9.236208915710449219e+00
9.253540039062500000e+00
9.164068222045898438e+00
9.380185127258300781e+00
9.398926734924316406e+00
9.272277832031250000e+00
9.331528663635253906e+00
9.238696098327636719e+00
9.126487731933593750e+00
9.256177902221679688e+00
9.283082962036132812e+00
9.161166191101074219e+00
9.350344657897949219e+00
9.242509841918945312e+00
9.290328025817871094e+00
9.279857635498046875e+00
9.086588859558105469e+00
9.425987243652343750e+00
9.286226272583007812e+00
9.252390861511230469e+00
9.313440322875976562e+00
9.156510353088378906e+00
9.149336814880371094e+00
9.336285591125488281e+00
9.147654533386230469e+00
9.315293312072753906e+00
9.292300224304199219e+00
9.185782432556152344e+00
9.058907508850097656e+00
9.246770858764648438e+00
9.114665985107421875e+00
9.260166168212890625e+00
9.344101905822753906e+00
9.286334037780761719e+00
9.122668266296386719e+00
9.402389526367187500e+00
9.152483940124511719e+00
9.211453437805175781e+00
9.237302780151367188e+00
9.179775238037109375e+00
9.205029487609863281e+00
9.032505989074707031e+00
9.275276184082031250e+00
9.250661849975585938e+00
9.111188888549804688e+00
9.262372016906738281e+00
9.081254005432128906e+00
9.263491630554199219e+00
9.207052230834960938e+00
9.228505134582519531e+00
9.177817344665527344e+00
9.158999443054199219e+00
9.260560989379882812e+00
9.223773956298828125e+00
9.312555313110351562e+00
9.112229347229003906e+00
8.908655166625976562e+00
9.267869949340820312e+00
9.123991966247558594e+00
9.263047218322753906e+00
9.235182762145996094e+00
9.220921516418457031e+00
9.062442779541015625e+00
9.218028068542480469e+00
9.206585884094238281e+00
9.098944664001464844e+00
9.055780410766601562e+00
9.154787063598632812e+00
9.257700920104980469e+00
9.084815025329589844e+00
9.177503585815429688e+00
9.199422836303710938e+00
9.233406066894531250e+00
8.962182998657226562e+00
9.316100120544433594e+00
9.308955192565917969e+00
9.206586837768554688e+00
9.138260841369628906e+00
9.224824905395507812e+00
9.122930526733398438e+00
9.230398178100585938e+00
9.056061744689941406e+00
9.226577758789062500e+00
9.156826019287109375e+00
9.249681472778320312e+00
9.220762252807617188e+00
8.859900474548339844e+00
9.169620513916015625e+00
9.166950225830078125e+00
9.086063385009765625e+00
9.115414619445800781e+00
9.272895812988281250e+00
9.275040626525878906e+00
9.172171592712402344e+00
9.182671546936035156e+00
9.193244934082031250e+00
9.244565010070800781e+00
9.164598464965820312e+00
9.131196975708007812e+00
8.988483428955078125e+00
9.111622810363769531e+00
8.999889373779296875e+00
9.203638076782226562e+00
9.137742996215820312e+00
9.066911697387695312e+00
8.948616981506347656e+00
9.163353919982910156e+00
9.128319740295410156e+00
9.216775894165039062e+00
9.219521522521972656e+00
9.260299682617187500e+00
9.095553398132324219e+00
9.202362060546875000e+00
9.181060791015625000e+00
9.170988082885742188e+00
8.917323112487792969e+00
9.110756874084472656e+00
8.973195075988769531e+00
9.180233001708984375e+00
9.194671630859375000e+00
9.164137840270996094e+00
9.156636238098144531e+00
9.075119018554687500e+00
9.208384513854980469e+00
9.051432609558105469e+00
9.176077842712402344e+00
9.139013290405273438e+00
9.151594161987304688e+00
8.985357284545898438e+00
9.133566856384277344e+00
9.203861236572265625e+00
9.093876838684082031e+00
9.139635086059570312e+00
9.122990608215332031e+00
9.189015388488769531e+00
8.876811981201171875e+00
9.049268722534179688e+00
9.066040992736816406e+00
9.086082458496093750e+00
9.041903495788574219e+00
9.162233352661132812e+00
9.019140243530273438e+00
9.129360198974609375e+00
9.106381416320800781e+00
8.951915740966796875e+00
9.213057518005371094e+00
9.204257965087890625e+00
9.046350479125976562e+00
9.004742622375488281e+00
9.217601776123046875e+00
9.106744766235351562e+00
9.131125450134277344e+00
9.133403778076171875e+00
9.105449676513671875e+00
9.166363716125488281e+00
9.115653991699218750e+00
8.958638191223144531e+00
8.967786788940429688e+00
9.095565795898437500e+00
8.860561370849609375e+00
8.875112533569335938e+00
8.895796775817871094e+00
9.168954849243164062e+00
9.314617156982421875e+00
9.018471717834472656e+00
9.007830619812011719e+00
9.043304443359375000e+00
9.010394096374511719e+00
9.062574386596679688e+00
9.103475570678710938e+00
9.109636306762695312e+00
9.325898170471191406e+00
9.112690925598144531e+00
9.030880928039550781e+00
9.042098999023437500e+00
8.982887268066406250e+00
8.845001220703125000e+00
9.127267837524414062e+00
9.023962020874023438e+00
8.999857902526855469e+00
9.157936096191406250e+00
8.955079078674316406e+00
9.066802978515625000e+00
8.902910232543945312e+00
9.016075134277343750e+00
9.108888626098632812e+00
8.954550743103027344e+00
9.080276489257812500e+00
8.922783851623535156e+00
8.804418563842773438e+00
9.026555061340332031e+00
8.889219284057617188e+00
9.112367630004882812e+00
9.050938606262207031e+00
8.917853355407714844e+00
9.218598365783691406e+00
8.956598281860351562e+00
9.021806716918945312e+00
8.854414939880371094e+00
8.920986175537109375e+00
9.120124816894531250e+00
8.987757682800292969e+00
9.077664375305175781e+00
8.962957382202148438e+00
9.121525764465332031e+00
8.896498680114746094e+00
9.169082641601562500e+00
8.967225074768066406e+00
8.931550025939941406e+00
9.088509559631347656e+00
8.912729263305664062e+00
8.882617950439453125e+00
9.071043968200683594e+00
9.069011688232421875e+00
9.031370162963867188e+00
8.915428161621093750e+00
8.901495933532714844e+00
9.017775535583496094e+00
9.267984390258789062e+00
8.819527626037597656e+00
8.938602447509765625e+00
8.983286857604980469e+00
8.789757728576660156e+00
9.083381652832031250e+00
9.073477745056152344e+00
8.625200271606445312e+00
8.898200988769531250e+00
8.934845924377441406e+00
9.053011894226074219e+00
9.062970161437988281e+00
8.778340339660644531e+00
9.010056495666503906e+00
8.978368759155273438e+00
8.954912185668945312e+00
9.033283233642578125e+00
9.047195434570312500e+00
8.948263168334960938e+00
8.810171127319335938e+00
8.814767837524414062e+00
8.947785377502441406e+00
9.049045562744140625e+00
8.913163185119628906e+00
8.995739936828613281e+00
9.043350219726562500e+00
8.934025764465332031e+00
9.059150695800781250e+00
8.964694976806640625e+00
9.092661857604980469e+00
8.978694915771484375e+00
8.849481582641601562e+00
9.074953079223632812e+00
8.921861648559570312e+00
8.952993392944335938e+00
8.814745903015136719e+00
9.038135528564453125e+00
8.996838569641113281e+00
9.041943550109863281e+00
9.308947563171386719e+00
9.243693351745605469e+00
8.982853889465332031e+00
9.058741569519042969e+00
9.045542716979980469e+00
9.014196395874023438e+00
8.927577972412109375e+00
8.996966361999511719e+00
8.944950103759765625e+00
8.945570945739746094e+00
8.792023658752441406e+00
9.044971466064453125e+00
8.965228080749511719e+00
8.961196899414062500e+00
9.024538993835449219e+00
9.064486503601074219e+00
9.063107490539550781e+00
8.934219360351562500e+00
9.000070571899414062e+00
9.135725975036621094e+00
8.936162948608398438e+00
9.012538909912109375e+00
8.972155570983886719e+00
8.865212440490722656e+00
9.000927925109863281e+00
8.933516502380371094e+00
8.981697082519531250e+00
8.918621063232421875e+00
8.862846374511718750e+00
8.952470779418945312e+00
8.918891906738281250e+00
8.959625244140625000e+00
9.003864288330078125e+00
8.872816085815429688e+00
8.863101005554199219e+00
8.940917015075683594e+00
8.798539161682128906e+00
8.868994712829589844e+00
9.022156715393066406e+00
8.990413665771484375e+00
9.032689094543457031e+00
8.930657386779785156e+00
8.965002059936523438e+00
8.948974609375000000e+00
8.764552116394042969e+00
8.907537460327148438e+00
8.877070426940917969e+00
8.847645759582519531e+00
9.085877418518066406e+00
9.006058692932128906e+00
8.797425270080566406e+00
9.029500961303710938e+00
8.923734664916992188e+00
8.742476463317871094e+00
8.952254295349121094e+00
8.949049949645996094e+00
8.697851181030273438e+00
8.965244293212890625e+00
9.037491798400878906e+00
8.946621894836425781e+00
8.880646705627441406e+00
8.911237716674804688e+00
9.022540092468261719e+00
9.073693275451660156e+00
8.684526443481445312e+00
9.029365539550781250e+00
8.911334037780761719e+00
9.028421401977539062e+00
8.771265029907226562e+00
8.936015129089355469e+00
8.887153625488281250e+00
9.004897117614746094e+00
8.875497817993164062e+00
8.928343772888183594e+00
8.962062835693359375e+00
8.902543067932128906e+00
8.683107376098632812e+00
8.977025032043457031e+00
8.825927734375000000e+00
8.843256950378417969e+00
8.930920600891113281e+00
8.799375534057617188e+00
8.740984916687011719e+00
9.048295021057128906e+00
8.693068504333496094e+00
8.675250053405761719e+00
8.712430000305175781e+00
8.983894348144531250e+00
8.663659095764160156e+00
8.939596176147460938e+00
8.844172477722167969e+00
8.742229461669921875e+00
9.032496452331542969e+00
8.914546012878417969e+00
8.693067550659179688e+00
8.980105400085449219e+00
8.992023468017578125e+00
9.158328056335449219e+00
8.947006225585937500e+00
8.775950431823730469e+00
8.840699195861816406e+00
8.776392936706542969e+00
8.868878364562988281e+00
8.815399169921875000e+00
8.817165374755859375e+00
8.948792457580566406e+00
8.928837776184082031e+00
8.811081886291503906e+00
8.857429504394531250e+00
9.187951087951660156e+00
8.856867790222167969e+00
8.846614837646484375e+00
8.674138069152832031e+00
8.751249313354492188e+00
8.837977409362792969e+00
9.044338226318359375e+00
8.793758392333984375e+00
8.774189949035644531e+00
8.878742218017578125e+00
8.985368728637695312e+00
8.970704078674316406e+00
8.760963439941406250e+00
8.887814521789550781e+00
9.034109115600585938e+00
8.815287590026855469e+00
8.907286643981933594e+00
8.847062110900878906e+00
8.893603324890136719e+00
8.889412879943847656e+00
8.908708572387695312e+00
8.883097648620605469e+00
8.624570846557617188e+00
8.877042770385742188e+00
8.775153160095214844e+00
8.825575828552246094e+00
8.759443283081054688e+00
8.868993759155273438e+00
9.004177093505859375e+00
8.838188171386718750e+00
9.084301948547363281e+00
8.683556556701660156e+00
9.037890434265136719e+00
8.715740203857421875e+00
8.650940895080566406e+00
8.841087341308593750e+00
8.839061737060546875e+00
8.731666564941406250e+00
8.953020095825195312e+00
8.844571113586425781e+00
8.794122695922851562e+00
8.791693687438964844e+00
8.906857490539550781e+00
8.913441658020019531e+00
8.718032836914062500e+00
8.692593574523925781e+00
8.875524520874023438e+00
8.805708885192871094e+00
8.855442047119140625e+00
8.878336906433105469e+00
8.629514694213867188e+00
8.806250572204589844e+00
8.922927856445312500e+00
8.772175788879394531e+00
8.717153549194335938e+00
8.621506690979003906e+00
8.659658432006835938e+00
8.527068138122558594e+00
8.865492820739746094e+00
8.990966796875000000e+00
8.928501129150390625e+00
8.478023529052734375e+00
8.842590332031250000e+00
8.824732780456542969e+00
8.861156463623046875e+00
8.915598869323730469e+00
8.749673843383789062e+00
9.067653656005859375e+00
8.812813758850097656e+00
9.012264251708984375e+00
8.988673210144042969e+00
8.765849113464355469e+00
8.732702255249023438e+00
8.895728111267089844e+00
8.911495208740234375e+00
9.038720130920410156e+00
8.823839187622070312e+00
8.819453239440917969e+00
8.860960006713867188e+00
8.848402976989746094e+00
8.731386184692382812e+00
8.770570755004882812e+00
8.871954917907714844e+00
8.690995216369628906e+00
8.813457489013671875e+00
8.799769401550292969e+00
8.748687744140625000e+00
8.881301879882812500e+00
8.651507377624511719e+00
8.801872253417968750e+00
8.595693588256835938e+00
8.817229270935058594e+00
8.830545425415039062e+00
8.564374923706054688e+00
8.651486396789550781e+00
8.672288894653320312e+00
8.694919586181640625e+00
8.580495834350585938e+00
8.793220520019531250e+00
8.676933288574218750e+00
8.854235649108886719e+00
8.617943763732910156e+00
8.799910545349121094e+00
8.692765235900878906e+00
8.906766891479492188e+00
8.708453178405761719e+00
8.871767044067382812e+00
8.829851150512695312e+00
8.774258613586425781e+00
8.869765281677246094e+00
8.826830863952636719e+00
8.781251907348632812e+00
8.712260246276855469e+00
8.799052238464355469e+00
8.679468154907226562e+00
8.831266403198242188e+00
8.860499382019042969e+00
9.068483352661132812e+00
8.810460090637207031e+00
8.815362930297851562e+00
8.686079978942871094e+00
8.836602210998535156e+00
8.957117080688476562e+00
8.970370292663574219e+00
8.910055160522460938e+00
8.478110313415527344e+00
8.813453674316406250e+00
8.706071853637695312e+00
8.700871467590332031e+00
9.018849372863769531e+00
8.577061653137207031e+00
8.720299720764160156e+00
8.758624076843261719e+00
8.578846931457519531e+00
8.797475814819335938e+00
8.808106422424316406e+00
8.765695571899414062e+00
8.515081405639648438e+00
8.812459945678710938e+00
8.738755226135253906e+00
8.549083709716796875e+00
8.843362808227539062e+00
8.742406845092773438e+00
8.741203308105468750e+00
8.805109024047851562e+00
8.747280120849609375e+00
8.765110015869140625e+00
8.753658294677734375e+00
8.821944236755371094e+00
8.787467956542968750e+00
8.455608367919921875e+00
8.664391517639160156e+00
8.649074554443359375e+00
8.579306602478027344e+00
8.749523162841796875e+00
8.737908363342285156e+00
8.766843795776367188e+00
8.643709182739257812e+00
8.814249992370605469e+00
8.646215438842773438e+00
8.673145294189453125e+00
8.872449874877929688e+00
8.752892494201660156e+00
8.676866531372070312e+00
8.675991058349609375e+00
8.774566650390625000e+00
8.658635139465332031e+00
8.482630729675292969e+00
8.768206596374511719e+00
8.739604949951171875e+00
8.825456619262695312e+00
8.761317253112792969e+00
8.752421379089355469e+00
8.764852523803710938e+00
8.764574050903320312e+00
8.941490173339843750e+00
8.558691024780273438e+00
8.605097770690917969e+00
8.642292022705078125e+00
8.709739685058593750e+00
8.761795997619628906e+00
8.408524513244628906e+00
8.829011917114257812e+00
8.752429008483886719e+00
8.771458625793457031e+00
8.545953750610351562e+00
8.926720619201660156e+00
8.789291381835937500e+00
8.753675460815429688e+00
8.653242111206054688e+00
8.612977981567382812e+00
8.703094482421875000e+00
8.598163604736328125e+00
8.719176292419433594e+00
8.802021026611328125e+00
8.648613929748535156e+00
8.851768493652343750e+00
8.574695587158203125e+00
8.622379302978515625e+00
8.520052909851074219e+00
8.818585395812988281e+00
8.742075920104980469e+00
8.601535797119140625e+00
8.762616157531738281e+00
8.860238075256347656e+00
8.571747779846191406e+00
8.945854187011718750e+00
8.563045501708984375e+00
8.757412910461425781e+00
8.754279136657714844e+00
8.838889122009277344e+00
8.789757728576660156e+00
8.815453529357910156e+00
8.578121185302734375e+00
8.640713691711425781e+00
8.571455955505371094e+00
8.628173828125000000e+00
8.690376281738281250e+00
8.624824523925781250e+00
8.280210494995117188e+00
8.898035049438476562e+00
8.772435188293457031e+00
8.628079414367675781e+00
8.721099853515625000e+00
8.624900817871093750e+00
8.648010253906250000e+00
8.690630912780761719e+00
8.649316787719726562e+00
8.537658691406250000e+00
8.726204872131347656e+00
8.479792594909667969e+00
8.475789070129394531e+00
8.696532249450683594e+00
8.681691169738769531e+00
8.710350036621093750e+00
8.622882843017578125e+00
8.672721862792968750e+00
8.869755744934082031e+00
8.457803726196289062e+00
8.723008155822753906e+00
8.721616744995117188e+00
8.685397148132324219e+00
8.436141967773437500e+00
8.668973922729492188e+00
8.674545288085937500e+00
8.825333595275878906e+00
8.761400222778320312e+00
8.671302795410156250e+00
8.752226829528808594e+00
8.665924072265625000e+00
8.765179634094238281e+00
8.930014610290527344e+00
8.766138076782226562e+00
8.672909736633300781e+00
8.502296447753906250e+00
8.615014076232910156e+00
8.629240989685058594e+00
8.662876129150390625e+00
8.503155708312988281e+00
8.733441352844238281e+00
8.812117576599121094e+00
8.780611038208007812e+00
8.687460899353027344e+00
8.793543815612792969e+00
8.784262657165527344e+00
8.678865432739257812e+00
8.432030677795410156e+00
8.739151000976562500e+00
8.787868499755859375e+00
8.713601112365722656e+00
8.566623687744140625e+00
8.794157981872558594e+00
8.909566879272460938e+00
8.833310127258300781e+00
8.757159233093261719e+00
8.639304161071777344e+00
8.703886985778808594e+00
8.611183166503906250e+00
8.614500045776367188e+00
8.731495857238769531e+00
8.573822975158691406e+00
8.608044624328613281e+00
8.688771247863769531e+00
8.582661628723144531e+00
8.524665832519531250e+00
8.563759803771972656e+00
8.427344322204589844e+00
8.816877365112304688e+00
8.674551010131835938e+00
8.583782196044921875e+00
8.629902839660644531e+00
8.651596069335937500e+00
8.694999694824218750e+00
8.727548599243164062e+00
8.676717758178710938e+00
8.625037193298339844e+00
8.367554664611816406e+00
8.606766700744628906e+00
8.738419532775878906e+00
8.516405105590820312e+00
8.559904098510742188e+00
8.614596366882324219e+00
8.826984405517578125e+00
8.415987014770507812e+00
8.783851623535156250e+00
8.902906417846679688e+00
8.734159469604492188e+00
8.655226707458496094e+00
8.644602775573730469e+00
8.764131546020507812e+00
8.623117446899414062e+00
8.608175277709960938e+00
8.690146446228027344e+00
8.651707649230957031e+00
8.746381759643554688e+00
8.844569206237792969e+00
8.720232963562011719e+00
8.640690803527832031e+00
8.655154228210449219e+00
8.641660690307617188e+00
8.639910697937011719e+00
8.691361427307128906e+00
8.672583580017089844e+00
8.453097343444824219e+00
8.659942626953125000e+00
8.681764602661132812e+00
8.446579933166503906e+00
8.570406913757324219e+00
8.780131340026855469e+00
8.747893333435058594e+00
8.616865158081054688e+00
8.613067626953125000e+00
8.533382415771484375e+00
8.723673820495605469e+00
8.711652755737304688e+00
8.701963424682617188e+00
8.384955406188964844e+00
8.634885787963867188e+00
8.654463768005371094e+00
8.708351135253906250e+00
8.686501502990722656e+00
8.554655075073242188e+00
8.541985511779785156e+00
8.663791656494140625e+00
8.473011016845703125e+00
8.517374038696289062e+00
8.724193572998046875e+00
8.589323997497558594e+00
8.551580429077148438e+00
8.672929763793945312e+00
8.742240905761718750e+00
8.722672462463378906e+00
8.686414718627929688e+00
8.721862792968750000e+00
8.562266349792480469e+00
8.840725898742675781e+00
8.424850463867187500e+00
8.775594711303710938e+00
8.823446273803710938e+00
8.584481239318847656e+00
8.556591987609863281e+00
8.787613868713378906e+00
8.505697250366210938e+00
8.729189872741699219e+00
8.684183120727539062e+00
8.777620315551757812e+00
8.542668342590332031e+00
8.895388603210449219e+00
8.517742156982421875e+00
8.722057342529296875e+00
8.539792060852050781e+00
8.641800880432128906e+00
8.647994041442871094e+00
8.708826065063476562e+00
8.679176330566406250e+00
8.652803421020507812e+00
8.442129135131835938e+00
8.522600173950195312e+00
8.733953475952148438e+00
8.727128982543945312e+00
8.692399024963378906e+00
8.460691452026367188e+00
8.663967132568359375e+00
8.535349845886230469e+00
8.691514015197753906e+00
8.574659347534179688e+00
8.559605598449707031e+00
8.693146705627441406e+00
8.494266510009765625e+00
8.712158203125000000e+00
8.635334968566894531e+00
8.579796791076660156e+00
8.464241981506347656e+00
8.544825553894042969e+00
8.723537445068359375e+00
8.582811355590820312e+00
8.490674018859863281e+00
8.592063903808593750e+00
8.578764915466308594e+00
8.696298599243164062e+00
8.675951957702636719e+00
8.692989349365234375e+00
8.677309036254882812e+00
8.734533309936523438e+00
8.943885803222656250e+00
8.583053588867187500e+00
8.660861968994140625e+00
8.343841552734375000e+00
8.749880790710449219e+00
8.713941574096679688e+00
8.484170913696289062e+00
8.491672515869140625e+00
8.391009330749511719e+00
8.758790969848632812e+00
8.596252441406250000e+00
8.651343345642089844e+00
8.419522285461425781e+00
8.526109695434570312e+00
8.419556617736816406e+00
8.380940437316894531e+00
8.655183792114257812e+00
8.680430412292480469e+00
8.604235649108886719e+00
8.584309577941894531e+00
8.592938423156738281e+00
8.434690475463867188e+00
8.514583587646484375e+00
8.623477935791015625e+00
8.649548530578613281e+00
8.580322265625000000e+00
8.661031723022460938e+00
8.490407943725585938e+00
8.734692573547363281e+00
8.290075302124023438e+00
8.666749954223632812e+00
8.577677726745605469e+00
8.629408836364746094e+00
8.653422355651855469e+00
8.610099792480468750e+00
8.456848144531250000e+00
8.540912628173828125e+00
8.683030128479003906e+00
8.722837448120117188e+00
8.624561309814453125e+00
8.582186698913574219e+00
8.666864395141601562e+00
8.579917907714843750e+00
8.532220840454101562e+00
8.521101951599121094e+00
8.444006919860839844e+00
8.698349952697753906e+00
8.604078292846679688e+00
8.591680526733398438e+00
8.628067016601562500e+00
8.768323898315429688e+00
8.616886138916015625e+00
8.869133949279785156e+00
8.649087905883789062e+00
8.455211639404296875e+00
8.349234580993652344e+00
8.609231948852539062e+00
8.510791778564453125e+00
8.463209152221679688e+00
8.437252044677734375e+00
8.694963455200195312e+00
8.785074234008789062e+00
8.740596771240234375e+00
8.654146194458007812e+00
8.420094490051269531e+00
8.662796020507812500e+00
8.771557807922363281e+00
8.592531204223632812e+00
8.483274459838867188e+00
8.438368797302246094e+00
8.497882843017578125e+00
8.829336166381835938e+00
8.409752845764160156e+00
8.764024734497070312e+00
8.735123634338378906e+00
8.752798080444335938e+00
8.446776390075683594e+00
8.313130378723144531e+00
8.729275703430175781e+00
8.437215805053710938e+00
8.551095008850097656e+00
8.543512344360351562e+00
8.534946441650390625e+00
8.725972175598144531e+00
8.622398376464843750e+00
8.407009124755859375e+00
8.784217834472656250e+00
8.595729827880859375e+00
8.512327194213867188e+00
8.577961921691894531e+00
8.631250381469726562e+00
8.625880241394042969e+00
8.514016151428222656e+00
8.632404327392578125e+00
8.578753471374511719e+00
8.711461067199707031e+00
8.626269340515136719e+00
8.439554214477539062e+00
8.466331481933593750e+00
8.431004524230957031e+00
8.474159240722656250e+00
8.544926643371582031e+00
8.447112083435058594e+00
8.700702667236328125e+00
8.724416732788085938e+00
8.676091194152832031e+00
8.568406105041503906e+00
8.631479263305664062e+00
8.808906555175781250e+00
8.629423141479492188e+00
8.561296463012695312e+00
8.525710105895996094e+00
8.695755004882812500e+00
8.542071342468261719e+00
8.718170166015625000e+00
8.558426856994628906e+00
8.636036872863769531e+00
8.630246162414550781e+00
8.615597724914550781e+00
8.577897071838378906e+00
8.604975700378417969e+00
8.582653999328613281e+00
8.472035408020019531e+00
8.382235527038574219e+00
8.504806518554687500e+00
8.489865303039550781e+00
8.590476036071777344e+00
8.646891593933105469e+00
8.473088264465332031e+00
8.512228012084960938e+00
8.417459487915039062e+00
8.699167251586914062e+00
8.400575637817382812e+00
8.592281341552734375e+00
8.747131347656250000e+00
8.782712936401367188e+00
8.445448875427246094e+00
8.572213172912597656e+00
8.594895362854003906e+00
8.587550163269042969e+00
8.405263900756835938e+00
8.699697494506835938e+00
8.379349708557128906e+00
8.768600463867187500e+00
8.704960823059082031e+00
8.439375877380371094e+00
8.558823585510253906e+00
8.582320213317871094e+00
8.574017524719238281e+00
8.603244781494140625e+00
8.499628067016601562e+00
8.615251541137695312e+00
8.423835754394531250e+00
8.331208229064941406e+00
8.491423606872558594e+00
8.520263671875000000e+00
8.436683654785156250e+00
8.613124847412109375e+00
8.472674369812011719e+00
8.586331367492675781e+00
8.414899826049804688e+00
8.436199188232421875e+00
8.599081993103027344e+00
8.672731399536132812e+00
8.366905212402343750e+00
8.724904060363769531e+00
8.679639816284179688e+00
8.338528633117675781e+00
8.617887496948242188e+00
8.664659500122070312e+00
8.586129188537597656e+00
8.517126083374023438e+00
8.427221298217773438e+00
8.231131553649902344e+00
8.720610618591308594e+00
8.614118576049804688e+00
8.484064102172851562e+00
8.596527099609375000e+00
8.566825866699218750e+00
8.558168411254882812e+00
8.562193870544433594e+00
8.745659828186035156e+00
8.349478721618652344e+00
8.479920387268066406e+00
8.513535499572753906e+00
8.585108757019042969e+00
8.590629577636718750e+00
8.663004875183105469e+00
8.313718795776367188e+00
8.540240287780761719e+00
8.356543540954589844e+00
8.466474533081054688e+00
8.640065193176269531e+00
8.567953109741210938e+00
8.439014434814453125e+00
8.765317916870117188e+00
8.366685867309570312e+00
8.461352348327636719e+00
8.456608772277832031e+00
8.661889076232910156e+00
8.453224182128906250e+00
8.676728248596191406e+00
8.360440254211425781e+00
8.458371162414550781e+00
8.462347984313964844e+00
8.646306991577148438e+00
8.439245223999023438e+00
8.376534461975097656e+00
8.505977630615234375e+00
8.496018409729003906e+00
8.540265083312988281e+00
8.534674644470214844e+00
8.459837913513183594e+00
8.463953971862792969e+00
8.579346656799316406e+00
8.717066764831542969e+00
8.538035392761230469e+00
8.454556465148925781e+00
8.605372428894042969e+00
8.417421340942382812e+00
8.660536766052246094e+00
8.538795471191406250e+00
8.491817474365234375e+00
8.549480438232421875e+00
8.540805816650390625e+00
8.525976181030273438e+00
8.450339317321777344e+00
8.608166694641113281e+00
8.613162994384765625e+00
8.535642623901367188e+00
8.243366241455078125e+00
8.572168350219726562e+00
8.493458747863769531e+00
8.481660842895507812e+00
8.554825782775878906e+00
8.673307418823242188e+00
8.581154823303222656e+00
8.488183975219726562e+00
8.597226142883300781e+00
8.567490577697753906e+00
8.242123603820800781e+00
8.564330101013183594e+00
8.564270973205566406e+00
8.645219802856445312e+00
8.633357048034667969e+00
8.506014823913574219e+00
8.652194976806640625e+00
8.393578529357910156e+00
8.756244659423828125e+00
8.507926940917968750e+00
8.559092521667480469e+00
8.540081977844238281e+00
8.533628463745117188e+00
8.586218833923339844e+00
8.526441574096679688e+00
8.560543060302734375e+00
8.596337318420410156e+00
8.625621795654296875e+00
8.745095252990722656e+00
8.410461425781250000e+00
8.567598342895507812e+00
8.651350021362304688e+00
8.588329315185546875e+00
8.523245811462402344e+00
8.538771629333496094e+00
8.413394927978515625e+00
8.432347297668457031e+00
8.425050735473632812e+00
8.234695434570312500e+00
8.462387084960937500e+00
8.640843391418457031e+00
8.363883018493652344e+00
8.635684967041015625e+00
8.390959739685058594e+00
8.388123512268066406e+00
8.634119987487792969e+00
8.636547088623046875e+00
8.449671745300292969e+00
8.621330261230468750e+00
8.663142204284667969e+00
8.545968055725097656e+00
8.646019935607910156e+00
8.656869888305664062e+00
8.599629402160644531e+00
8.427017211914062500e+00
8.337871551513671875e+00
8.566746711730957031e+00
8.408862113952636719e+00
8.593885421752929688e+00
8.419338226318359375e+00
8.477150917053222656e+00
8.442184448242187500e+00
8.438806533813476562e+00
8.592539787292480469e+00
8.676215171813964844e+00
8.629122734069824219e+00
8.415573120117187500e+00
8.709656715393066406e+00
8.679984092712402344e+00
8.486399650573730469e+00
8.498133659362792969e+00
8.592164993286132812e+00
8.535005569458007812e+00
8.479922294616699219e+00
8.641829490661621094e+00
8.558835983276367188e+00
8.558955192565917969e+00
8.413591384887695312e+00
8.533632278442382812e+00
8.454020500183105469e+00
8.518645286560058594e+00
8.591002464294433594e+00
8.588045120239257812e+00
8.555047035217285156e+00
8.406976699829101562e+00
8.528539657592773438e+00
8.661067008972167969e+00
8.626406669616699219e+00
8.595068931579589844e+00
8.512358665466308594e+00
8.518781661987304688e+00
8.504959106445312500e+00
8.497275352478027344e+00
8.596684455871582031e+00
8.437838554382324219e+00
8.624477386474609375e+00
8.436026573181152344e+00
8.608719825744628906e+00
8.439459800720214844e+00
8.504508972167968750e+00
8.618737220764160156e+00
8.473838806152343750e+00
8.569228172302246094e+00
8.521570205688476562e+00
8.447720527648925781e+00
8.492550849914550781e+00
8.599472999572753906e+00
8.518709182739257812e+00
8.523923873901367188e+00
8.375608444213867188e+00
8.600660324096679688e+00
8.676257133483886719e+00
8.664290428161621094e+00
8.547968864440917969e+00
8.468768119812011719e+00
8.516716003417968750e+00
8.521375656127929688e+00
8.455935478210449219e+00
8.530334472656250000e+00
8.596722602844238281e+00
8.297797203063964844e+00
8.507599830627441406e+00
8.529500007629394531e+00
8.503772735595703125e+00
8.414916992187500000e+00
8.665973663330078125e+00
8.713071823120117188e+00
8.323443412780761719e+00
8.326888084411621094e+00
8.575820922851562500e+00
8.415471076965332031e+00
8.627356529235839844e+00
8.526103973388671875e+00
8.398653984069824219e+00
8.504298210144042969e+00
8.618084907531738281e+00
8.158050537109375000e+00
8.508110046386718750e+00
8.396314620971679688e+00
8.438037872314453125e+00
8.593165397644042969e+00
8.478347778320312500e+00
8.547667503356933594e+00
8.569131851196289062e+00
8.632087707519531250e+00
8.373551368713378906e+00
8.590978622436523438e+00
8.419516563415527344e+00
8.398174285888671875e+00
8.551733016967773438e+00
8.544032096862792969e+00
8.423472404479980469e+00
8.479607582092285156e+00
8.483151435852050781e+00
8.365330696105957031e+00
8.334794044494628906e+00
8.483830451965332031e+00
8.497103691101074219e+00
8.357469558715820312e+00
8.684569358825683594e+00
8.322361946105957031e+00
8.613714218139648438e+00
8.242531776428222656e+00
8.499629020690917969e+00
8.443398475646972656e+00
8.459548950195312500e+00
8.684679031372070312e+00
8.325050354003906250e+00
8.514151573181152344e+00
8.179208755493164062e+00
8.523325920104980469e+00
8.576842308044433594e+00
8.578111648559570312e+00
8.440912246704101562e+00
8.801259040832519531e+00
8.315443038940429688e+00
8.252444267272949219e+00
8.592471122741699219e+00
8.485836982727050781e+00
8.444747924804687500e+00
8.468830108642578125e+00
8.663507461547851562e+00
8.582755088806152344e+00
8.504964828491210938e+00
8.433488845825195312e+00
8.414444923400878906e+00
8.496287345886230469e+00
8.430927276611328125e+00
8.590765953063964844e+00
8.696841239929199219e+00
8.475482940673828125e+00
8.530225753784179688e+00
8.346518516540527344e+00
8.100488662719726562e+00
8.476108551025390625e+00
8.510250091552734375e+00
8.521811485290527344e+00
8.526737213134765625e+00
8.561749458312988281e+00
8.499507904052734375e+00
8.538135528564453125e+00
8.487469673156738281e+00
8.398187637329101562e+00
8.284898757934570312e+00
8.422458648681640625e+00
8.486909866333007812e+00
8.488906860351562500e+00
8.396577835083007812e+00
8.481426239013671875e+00
8.409604072570800781e+00
8.600897789001464844e+00
8.431405067443847656e+00
8.370985031127929688e+00
8.602004051208496094e+00
8.638320922851562500e+00
8.446650505065917969e+00
8.387000083923339844e+00
8.193897247314453125e+00
8.545999526977539062e+00
8.314995765686035156e+00
8.354416847229003906e+00
8.559235572814941406e+00
8.565555572509765625e+00
8.340493202209472656e+00
8.470857620239257812e+00
8.487990379333496094e+00
8.504597663879394531e+00
8.411288261413574219e+00
8.517663955688476562e+00
8.309513092041015625e+00
8.669739723205566406e+00
8.420816421508789062e+00
8.555412292480468750e+00
8.435648918151855469e+00
8.479156494140625000e+00
8.415347099304199219e+00
8.499916076660156250e+00
8.464365959167480469e+00
8.620928764343261719e+00
8.596822738647460938e+00
8.599878311157226562e+00
8.285939216613769531e+00
8.717096328735351562e+00
8.412822723388671875e+00
8.367847442626953125e+00
8.554060935974121094e+00
8.608148574829101562e+00
8.587997436523437500e+00
8.401599884033203125e+00
8.594033241271972656e+00
8.511116027832031250e+00
8.407870292663574219e+00
8.526672363281250000e+00
8.624290466308593750e+00
8.712558746337890625e+00
8.666646957397460938e+00
8.375282287597656250e+00
8.289166450500488281e+00
8.556152343750000000e+00
8.523409843444824219e+00
8.288297653198242188e+00
8.418846130371093750e+00
8.358035087585449219e+00
8.535923004150390625e+00
8.410885810852050781e+00
8.588896751403808594e+00
8.852392196655273438e+00
8.597598075866699219e+00
8.479413986206054688e+00
8.463325500488281250e+00
8.219666481018066406e+00
8.396090507507324219e+00
8.354844093322753906e+00
8.317012786865234375e+00
8.451734542846679688e+00
8.508817672729492188e+00
8.491098403930664062e+00
8.427009582519531250e+00
8.474251747131347656e+00
8.407176971435546875e+00
8.561655044555664062e+00
8.665199279785156250e+00
8.649314880371093750e+00
8.430901527404785156e+00
8.464642524719238281e+00
8.313097953796386719e+00
8.439720153808593750e+00
8.565706253051757812e+00
8.427687644958496094e+00
8.505633354187011719e+00
8.479390144348144531e+00
8.275527000427246094e+00
8.327586174011230469e+00
8.510656356811523438e+00
8.449652671813964844e+00
8.442850112915039062e+00
8.764505386352539062e+00
8.451701164245605469e+00
8.389604568481445312e+00
8.498194694519042969e+00
8.616229057312011719e+00
8.385510444641113281e+00
8.415921211242675781e+00
8.504826545715332031e+00
8.560860633850097656e+00
8.355097770690917969e+00
8.567788124084472656e+00
8.436541557312011719e+00
8.517439842224121094e+00
8.453483581542968750e+00
8.462679862976074219e+00
8.538498878479003906e+00
8.472764968872070312e+00
8.505999565124511719e+00
8.396092414855957031e+00
8.242100715637207031e+00
8.527512550354003906e+00
8.678304672241210938e+00
8.358454704284667969e+00
8.404768943786621094e+00
8.599054336547851562e+00
8.482558250427246094e+00
8.331807136535644531e+00
8.445880889892578125e+00
8.504644393920898438e+00
8.508376121520996094e+00
8.414249420166015625e+00
8.520950317382812500e+00
8.504859924316406250e+00
8.462841033935546875e+00
8.566647529602050781e+00
8.450323104858398438e+00
8.494008064270019531e+00
8.369795799255371094e+00
8.331901550292968750e+00
8.359015464782714844e+00
8.376066207885742188e+00
8.322816848754882812e+00
8.364637374877929688e+00
8.506347656250000000e+00
8.553089141845703125e+00
8.473893165588378906e+00
8.238388061523437500e+00
8.348285675048828125e+00
8.412495613098144531e+00
8.373181343078613281e+00
8.447910308837890625e+00
8.484838485717773438e+00
8.502840995788574219e+00
8.550107002258300781e+00
8.418714523315429688e+00
8.535420417785644531e+00
8.499105453491210938e+00
8.434543609619140625e+00
8.603059768676757812e+00
8.301017761230468750e+00
8.468916893005371094e+00
8.381895065307617188e+00
8.466386795043945312e+00
8.466733932495117188e+00
8.675261497497558594e+00
8.458703994750976562e+00
8.585295677185058594e+00
8.436422348022460938e+00
8.570237159729003906e+00
8.507730484008789062e+00
8.744328498840332031e+00
8.435762405395507812e+00
8.513638496398925781e+00
8.298550605773925781e+00
8.626389503479003906e+00
8.496548652648925781e+00
8.426999092102050781e+00
8.476224899291992188e+00
8.361672401428222656e+00
8.397879600524902344e+00
8.625494956970214844e+00
8.404065132141113281e+00
8.288099288940429688e+00
8.757987976074218750e+00
8.461354255676269531e+00
8.349068641662597656e+00
8.452272415161132812e+00
8.410303115844726562e+00
8.450146675109863281e+00
8.435489654541015625e+00
8.624258995056152344e+00
8.252098083496093750e+00
8.486857414245605469e+00
8.461253166198730469e+00
8.310023307800292969e+00
8.596072196960449219e+00
8.338661193847656250e+00
8.312805175781250000e+00
8.463005065917968750e+00
8.287204742431640625e+00
8.463282585144042969e+00
8.253552436828613281e+00
8.433777809143066406e+00
8.330855369567871094e+00
8.410033226013183594e+00
8.497641563415527344e+00
8.463272094726562500e+00
8.459676742553710938e+00
8.530210494995117188e+00
8.430828094482421875e+00
8.505903244018554688e+00
8.364603042602539062e+00
8.552452087402343750e+00
8.470347404479980469e+00
8.160022735595703125e+00
8.516635894775390625e+00
8.444059371948242188e+00
8.119380950927734375e+00
8.492774009704589844e+00
8.332331657409667969e+00
8.443913459777832031e+00
8.341793060302734375e+00
8.409900665283203125e+00
8.489128112792968750e+00
8.364505767822265625e+00
8.448963165283203125e+00
8.432972908020019531e+00
8.422604560852050781e+00
8.573017120361328125e+00
8.334413528442382812e+00
8.423824310302734375e+00
8.596346855163574219e+00
8.224989891052246094e+00
8.379430770874023438e+00
8.332111358642578125e+00
8.308659553527832031e+00
8.614208221435546875e+00
8.486983299255371094e+00
8.425446510314941406e+00
8.449335098266601562e+00
8.373658180236816406e+00
8.580681800842285156e+00
8.481298446655273438e+00
8.546223640441894531e+00
8.464560508728027344e+00
8.470314979553222656e+00
8.232133865356445312e+00
8.401836395263671875e+00
8.632218360900878906e+00
8.357983589172363281e+00
8.467295646667480469e+00
8.199730873107910156e+00
8.480036735534667969e+00
8.512447357177734375e+00
8.383745193481445312e+00
8.298116683959960938e+00
8.351359367370605469e+00
8.585354804992675781e+00
8.527080535888671875e+00
8.487814903259277344e+00
8.451970100402832031e+00
8.313890457153320312e+00
8.596686363220214844e+00
8.390990257263183594e+00
8.548125267028808594e+00
8.339891433715820312e+00
8.442626953125000000e+00
8.249494552612304688e+00
8.210471153259277344e+00
8.485216140747070312e+00
8.188262939453125000e+00
8.395326614379882812e+00
8.257213592529296875e+00
8.395615577697753906e+00
8.319939613342285156e+00
8.311624526977539062e+00
8.415079116821289062e+00
8.326902389526367188e+00
8.466694831848144531e+00
8.279322624206542969e+00
8.373911857604980469e+00
8.484268188476562500e+00
8.502112388610839844e+00
8.181417465209960938e+00
8.488336563110351562e+00
8.534409523010253906e+00
8.527956008911132812e+00
8.496267318725585938e+00
8.603308677673339844e+00
8.501874923706054688e+00
8.400795936584472656e+00
8.423636436462402344e+00
8.379838943481445312e+00
8.639677047729492188e+00
8.441941261291503906e+00
8.428716659545898438e+00
8.498212814331054688e+00
8.385612487792968750e+00
8.160680770874023438e+00
8.541762351989746094e+00
8.478116989135742188e+00
8.543320655822753906e+00
8.497688293457031250e+00
8.605984687805175781e+00
8.286767959594726562e+00
8.322860717773437500e+00
8.255968093872070312e+00
8.419029235839843750e+00
8.062504768371582031e+00
8.458419799804687500e+00
8.425060272216796875e+00
8.518109321594238281e+00
8.428250312805175781e+00
8.584925651550292969e+00
8.572860717773437500e+00
8.228896141052246094e+00
8.227458953857421875e+00
8.442380905151367188e+00
8.371513366699218750e+00
8.426427841186523438e+00
8.575789451599121094e+00
8.422302246093750000e+00
8.467658042907714844e+00
8.552882194519042969e+00
8.601243972778320312e+00
8.474436759948730469e+00
8.178915023803710938e+00
8.356871604919433594e+00
8.323018074035644531e+00
8.456228256225585938e+00
8.588864326477050781e+00
8.437885284423828125e+00
8.383107185363769531e+00
8.319306373596191406e+00
8.587893486022949219e+00
8.126494407653808594e+00
8.511757850646972656e+00
8.429915428161621094e+00
8.467105865478515625e+00
8.257881164550781250e+00
8.479082107543945312e+00
8.281713485717773438e+00
8.282290458679199219e+00
8.377853393554687500e+00
8.351463317871093750e+00
8.379257202148437500e+00
8.298830986022949219e+00
8.280679702758789062e+00
8.515100479125976562e+00
8.319464683532714844e+00
8.338420867919921875e+00
8.360785484313964844e+00
8.429799079895019531e+00
8.463284492492675781e+00
8.493673324584960938e+00
8.347257614135742188e+00
8.508657455444335938e+00
8.447444915771484375e+00
8.413127899169921875e+00
8.408225059509277344e+00
8.479939460754394531e+00
8.577345848083496094e+00
8.370725631713867188e+00
8.403120040893554688e+00
8.358393669128417969e+00
8.325744628906250000e+00
8.350934028625488281e+00
8.458864212036132812e+00
8.413544654846191406e+00
8.234032630920410156e+00
8.333297729492187500e+00
8.529268264770507812e+00
8.527211189270019531e+00
8.572731971740722656e+00
8.441296577453613281e+00
8.543951034545898438e+00
8.268507957458496094e+00
8.361536026000976562e+00
8.519980430603027344e+00
8.439409255981445312e+00
8.418244361877441406e+00
8.238258361816406250e+00
8.374451637268066406e+00
8.433197021484375000e+00
8.432361602783203125e+00
8.475184440612792969e+00
8.542576789855957031e+00
8.325599670410156250e+00
8.371788978576660156e+00
8.442071914672851562e+00
8.557086944580078125e+00
8.316030502319335938e+00
8.456448554992675781e+00
8.548317909240722656e+00
8.358899116516113281e+00
8.452342033386230469e+00
8.501564025878906250e+00
8.566014289855957031e+00
8.432513236999511719e+00
8.326481819152832031e+00
8.445211410522460938e+00
8.570696830749511719e+00
8.428339958190917969e+00
8.386033058166503906e+00
8.155179023742675781e+00
8.476645469665527344e+00
8.358948707580566406e+00
8.450740814208984375e+00
8.342504501342773438e+00
8.342263221740722656e+00
8.522114753723144531e+00
8.506608009338378906e+00
8.342830657958984375e+00
8.452866554260253906e+00
8.603144645690917969e+00
8.363006591796875000e+00
8.386333465576171875e+00
8.386765480041503906e+00
8.461572647094726562e+00
8.300930976867675781e+00
8.325454711914062500e+00
8.493508338928222656e+00
8.213555335998535156e+00
8.368579864501953125e+00
8.352540969848632812e+00
8.345063209533691406e+00
8.220746994018554688e+00
8.278046607971191406e+00
8.315308570861816406e+00
8.351408958435058594e+00
8.444508552551269531e+00
8.648013114929199219e+00
8.364444732666015625e+00
8.357938766479492188e+00
8.476126670837402344e+00
8.370787620544433594e+00
8.485898017883300781e+00
8.327337265014648438e+00
8.320734977722167969e+00
8.418372154235839844e+00
8.388450622558593750e+00
8.333086967468261719e+00
8.542547225952148438e+00
8.400492668151855469e+00
8.140549659729003906e+00
8.284453392028808594e+00
8.405467033386230469e+00
8.314275741577148438e+00
8.522981643676757812e+00
8.546931266784667969e+00
8.312647819519042969e+00
8.345294952392578125e+00
8.476043701171875000e+00
8.357527732849121094e+00
8.279678344726562500e+00
8.377224922180175781e+00
8.314044952392578125e+00
8.429824829101562500e+00
8.485941886901855469e+00
8.332406997680664062e+00
8.582094192504882812e+00
8.133574485778808594e+00
8.452775955200195312e+00
8.341558456420898438e+00
8.295524597167968750e+00
8.500555038452148438e+00
8.446848869323730469e+00
8.411133766174316406e+00
8.274056434631347656e+00
8.369132041931152344e+00
8.451824188232421875e+00
8.233491897583007812e+00
8.423596382141113281e+00
8.280704498291015625e+00
8.222636222839355469e+00
8.323180198669433594e+00
8.186273574829101562e+00
8.383808135986328125e+00
8.540510177612304688e+00
8.154498100280761719e+00
8.432345390319824219e+00
8.440411567687988281e+00
8.503358840942382812e+00
8.291289329528808594e+00
8.491529464721679688e+00
8.478699684143066406e+00
8.196216583251953125e+00
8.664286613464355469e+00
8.333762168884277344e+00
8.340305328369140625e+00
8.404553413391113281e+00
8.194769859313964844e+00
8.386890411376953125e+00
8.514366149902343750e+00
8.509246826171875000e+00
8.332301139831542969e+00
8.456641197204589844e+00
8.474509239196777344e+00
8.302226066589355469e+00
8.305701255798339844e+00
8.187862396240234375e+00
8.471739768981933594e+00
8.191112518310546875e+00
8.321661949157714844e+00
8.560359954833984375e+00
8.339000701904296875e+00
8.276271820068359375e+00
8.362991333007812500e+00
8.216259956359863281e+00
8.152498245239257812e+00
8.350281715393066406e+00
8.581175804138183594e+00
8.453714370727539062e+00
8.546877861022949219e+00
8.221901893615722656e+00
8.086947441101074219e+00
8.514475822448730469e+00
8.348278045654296875e+00
8.523712158203125000e+00
8.390861511230468750e+00
8.474308013916015625e+00
8.731114387512207031e+00
8.342591285705566406e+00
8.408191680908203125e+00
8.444499015808105469e+00
8.422066688537597656e+00
8.330747604370117188e+00
8.257534980773925781e+00
8.527946472167968750e+00
8.562274932861328125e+00
8.361506462097167969e+00
8.308465003967285156e+00
8.657202720642089844e+00
8.542355537414550781e+00
8.571985244750976562e+00
8.576541900634765625e+00
8.243387222290039062e+00
8.463490486145019531e+00
8.610449790954589844e+00
8.533919334411621094e+00
8.415392875671386719e+00
8.412545204162597656e+00
8.273378372192382812e+00
8.430769920349121094e+00
8.513901710510253906e+00
8.430262565612792969e+00
8.400928497314453125e+00
8.316405296325683594e+00
8.269156455993652344e+00
8.510099411010742188e+00
8.316669464111328125e+00
8.568204879760742188e+00
8.184505462646484375e+00
8.489383697509765625e+00
8.425661087036132812e+00
8.460499763488769531e+00
8.398126602172851562e+00
8.361043930053710938e+00
7.958532810211181641e+00
8.364021301269531250e+00
8.252947807312011719e+00
8.285041809082031250e+00
8.369091033935546875e+00
8.288912773132324219e+00
8.130872726440429688e+00
8.487674713134765625e+00
8.540407180786132812e+00
8.205280303955078125e+00
8.489064216613769531e+00
8.111827850341796875e+00
8.387631416320800781e+00
8.414967536926269531e+00
8.343402862548828125e+00
8.208385467529296875e+00
8.367136955261230469e+00
8.250587463378906250e+00
8.284674644470214844e+00
8.358379364013671875e+00
8.348009109497070312e+00
8.447053909301757812e+00
8.191105842590332031e+00
8.175384521484375000e+00
8.286295890808105469e+00
8.570036888122558594e+00
8.372098922729492188e+00
8.210535049438476562e+00
8.396022796630859375e+00
8.355264663696289062e+00
8.323208808898925781e+00
8.259744644165039062e+00
8.246578216552734375e+00
8.279698371887207031e+00
8.530027389526367188e+00
8.426440238952636719e+00
8.229844093322753906e+00
8.321009635925292969e+00
8.279066085815429688e+00
8.428714752197265625e+00
8.186038017272949219e+00
8.258186340332031250e+00
8.204913139343261719e+00
8.377766609191894531e+00
8.320004463195800781e+00
8.417568206787109375e+00
8.079223632812500000e+00
8.492692947387695312e+00
8.454504966735839844e+00
8.299153327941894531e+00
8.433242797851562500e+00
8.227540016174316406e+00
8.621207237243652344e+00
8.253973960876464844e+00
8.555120468139648438e+00
8.514468193054199219e+00
8.414184570312500000e+00
8.374675750732421875e+00
8.465355873107910156e+00
8.371340751647949219e+00
8.386292457580566406e+00
8.472885131835937500e+00
8.235216140747070312e+00
8.352068901062011719e+00
8.208845138549804688e+00
8.394114494323730469e+00
8.400948524475097656e+00
8.242511749267578125e+00
8.432923316955566406e+00
8.388436317443847656e+00
8.345541954040527344e+00
8.239672660827636719e+00
8.488236427307128906e+00
8.402813911437988281e+00
8.232584953308105469e+00
8.279498100280761719e+00
8.287970542907714844e+00
8.445070266723632812e+00
8.518298149108886719e+00
8.504193305969238281e+00
8.350147247314453125e+00
8.397871017456054688e+00
8.216741561889648438e+00
8.086983680725097656e+00
8.342886924743652344e+00
8.370287895202636719e+00
8.479169845581054688e+00
8.310215950012207031e+00
8.317141532897949219e+00
8.413994789123535156e+00
8.344723701477050781e+00
8.187184333801269531e+00
8.453636169433593750e+00
8.268421173095703125e+00
8.448770523071289062e+00
8.361382484436035156e+00
8.395820617675781250e+00
8.196664810180664062e+00
8.377946853637695312e+00
8.332021713256835938e+00
8.218326568603515625e+00
8.304282188415527344e+00
8.304204940795898438e+00
8.348002433776855469e+00
8.377717018127441406e+00
7.944762229919433594e+00
8.355536460876464844e+00
8.193154335021972656e+00
8.357729911804199219e+00
8.487215995788574219e+00
8.305513381958007812e+00
8.545557975769042969e+00
8.262101173400878906e+00
8.321336746215820312e+00
8.415948867797851562e+00
8.416131019592285156e+00
8.362770080566406250e+00
8.093328475952148438e+00
8.308702468872070312e+00
8.294353485107421875e+00
8.281467437744140625e+00
8.165915489196777344e+00
8.488897323608398438e+00
8.296005249023437500e+00
8.249065399169921875e+00
8.440082550048828125e+00
8.459775924682617188e+00
8.308676719665527344e+00
8.510543823242187500e+00
8.271400451660156250e+00
8.319021224975585938e+00
8.257265090942382812e+00
8.333601951599121094e+00
8.450906753540039062e+00
8.531397819519042969e+00
8.228708267211914062e+00
8.367938995361328125e+00
8.334294319152832031e+00
8.363751411437988281e+00
8.235038757324218750e+00
8.329234123229980469e+00
8.307243347167968750e+00
8.347612380981445312e+00
8.292504310607910156e+00
7.981499195098876953e+00
8.339741706848144531e+00
8.425280570983886719e+00
8.372332572937011719e+00
8.465158462524414062e+00
8.339909553527832031e+00
8.302808761596679688e+00
8.320695877075195312e+00
8.281739234924316406e+00
8.576999664306640625e+00
8.350285530090332031e+00
8.479165077209472656e+00
8.289259910583496094e+00
8.361635208129882812e+00
8.272613525390625000e+00
8.393418312072753906e+00
8.420557022094726562e+00
8.190996170043945312e+00
8.437562942504882812e+00
8.607225418090820312e+00
8.212631225585937500e+00
8.406113624572753906e+00
8.418718338012695312e+00
8.409050941467285156e+00
8.460254669189453125e+00
8.496819496154785156e+00
8.497418403625488281e+00
8.462538719177246094e+00
8.246579170227050781e+00
8.300648689270019531e+00
8.183916091918945312e+00
8.345702171325683594e+00
8.264035224914550781e+00
8.291078567504882812e+00
8.265477180480957031e+00
8.444975852966308594e+00
8.252047538757324219e+00
8.377442359924316406e+00
8.585657119750976562e+00
8.334117889404296875e+00
8.326011657714843750e+00
8.370168685913085938e+00
8.356389045715332031e+00
8.192241668701171875e+00
8.444958686828613281e+00
8.449408531188964844e+00
8.194333076477050781e+00
8.108911514282226562e+00
8.179147720336914062e+00
8.446634292602539062e+00
8.367584228515625000e+00
8.139200210571289062e+00
8.394849777221679688e+00
8.242684364318847656e+00
8.387601852416992188e+00
8.163249969482421875e+00
8.507557868957519531e+00
8.309725761413574219e+00
8.383566856384277344e+00
8.463098526000976562e+00
8.485469818115234375e+00
8.375252723693847656e+00
8.681485176086425781e+00
8.448691368103027344e+00
8.221175193786621094e+00
8.422123908996582031e+00
8.129307746887207031e+00
8.290081977844238281e+00
8.237451553344726562e+00
8.221913337707519531e+00
8.469206809997558594e+00
8.421264648437500000e+00
8.241375923156738281e+00
8.384782791137695312e+00
8.324207305908203125e+00
8.483263015747070312e+00
8.339215278625488281e+00
8.250889778137207031e+00
8.293121337890625000e+00
8.308197975158691406e+00
8.312959671020507812e+00
8.458661079406738281e+00
8.250506401062011719e+00
8.370254516601562500e+00
8.335836410522460938e+00
8.089812278747558594e+00
8.277059555053710938e+00
8.028159141540527344e+00
8.437805175781250000e+00
8.023137092590332031e+00
8.234929084777832031e+00
8.279798507690429688e+00
8.530237197875976562e+00
8.189919471740722656e+00
8.367189407348632812e+00
8.420590400695800781e+00
8.387603759765625000e+00
8.281149864196777344e+00
8.277070999145507812e+00
8.263341903686523438e+00
8.450125694274902344e+00
8.342096328735351562e+00
8.340029716491699219e+00
8.353672981262207031e+00
8.228616714477539062e+00
8.276320457458496094e+00
8.086563110351562500e+00
8.197463035583496094e+00
8.222599983215332031e+00
8.330912590026855469e+00
8.419908523559570312e+00
8.534637451171875000e+00
8.318637847900390625e+00
8.049603462219238281e+00
8.255832672119140625e+00
8.354681015014648438e+00
8.324571609497070312e+00
8.170093536376953125e+00
8.152256965637207031e+00
8.462022781372070312e+00
8.255629539489746094e+00
8.322017669677734375e+00
8.154200553894042969e+00
8.520191192626953125e+00
8.313515663146972656e+00
8.210385322570800781e+00
8.558547973632812500e+00
8.293382644653320312e+00
8.089225769042968750e+00
8.239788055419921875e+00
8.352192878723144531e+00
8.177621841430664062e+00
8.191200256347656250e+00
8.106969833374023438e+00
8.198438644409179688e+00
8.419305801391601562e+00
8.240019798278808594e+00
8.307373046875000000e+00
8.068701744079589844e+00
8.209197998046875000e+00
8.404508590698242188e+00
8.229067802429199219e+00
8.198896408081054688e+00
8.285755157470703125e+00
8.536500930786132812e+00
8.475073814392089844e+00
8.222840309143066406e+00
8.284642219543457031e+00
8.461722373962402344e+00
8.432284355163574219e+00
8.282107353210449219e+00
8.288339614868164062e+00
8.299367904663085938e+00
8.352755546569824219e+00
8.293764114379882812e+00
8.160785675048828125e+00
8.202361106872558594e+00
8.390033721923828125e+00
8.277423858642578125e+00
8.319561004638671875e+00
8.366623878479003906e+00
8.406664848327636719e+00
8.061732292175292969e+00
8.225765228271484375e+00
8.300773620605468750e+00
8.477639198303222656e+00
8.234261512756347656e+00
8.123990058898925781e+00
8.370486259460449219e+00
8.234858512878417969e+00
8.458905220031738281e+00
8.268073081970214844e+00
8.461599349975585938e+00
8.233942985534667969e+00
8.418409347534179688e+00
8.098186492919921875e+00
8.438344001770019531e+00
8.321730613708496094e+00
8.356592178344726562e+00
8.275944709777832031e+00
8.429099082946777344e+00
8.536693572998046875e+00
8.343689918518066406e+00
8.208900451660156250e+00
8.098792076110839844e+00
8.270092964172363281e+00
8.212824821472167969e+00
8.312991142272949219e+00
8.273085594177246094e+00
8.261157989501953125e+00
8.410711288452148438e+00
8.174710273742675781e+00
8.301005363464355469e+00
7.944471359252929688e+00
8.351939201354980469e+00
8.333821296691894531e+00
8.262400627136230469e+00
8.320656776428222656e+00
8.270187377929687500e+00
8.306669235229492188e+00
8.469545364379882812e+00
8.384551048278808594e+00
8.349761009216308594e+00
8.255678176879882812e+00
8.378440856933593750e+00
8.313951492309570312e+00
8.267646789550781250e+00
7.984048843383789062e+00
8.268939018249511719e+00
8.315757751464843750e+00
8.336729049682617188e+00
8.223921775817871094e+00
8.250160217285156250e+00
8.436331748962402344e+00
8.491945266723632812e+00
8.436154365539550781e+00
8.273998260498046875e+00
8.410146713256835938e+00
8.310672760009765625e+00
8.165829658508300781e+00
8.243064880371093750e+00
8.315020561218261719e+00
8.394851684570312500e+00
8.212333679199218750e+00
8.348971366882324219e+00
8.194526672363281250e+00
8.370083808898925781e+00
8.333504676818847656e+00
8.304379463195800781e+00
8.242766380310058594e+00
8.428533554077148438e+00
8.347798347473144531e+00
8.360734939575195312e+00
8.298519134521484375e+00
8.235198974609375000e+00
8.213498115539550781e+00
8.252258300781250000e+00
8.157102584838867188e+00
8.268538475036621094e+00
8.227588653564453125e+00
8.251620292663574219e+00
8.185737609863281250e+00
8.050234794616699219e+00
8.058251380920410156e+00
8.307549476623535156e+00
8.308871269226074219e+00
8.073163032531738281e+00
8.262819290161132812e+00
8.477483749389648438e+00
8.229515075683593750e+00
8.169526100158691406e+00
8.278555870056152344e+00
8.174297332763671875e+00
8.494119644165039062e+00
8.303772926330566406e+00
8.410275459289550781e+00
8.351804733276367188e+00
8.433791160583496094e+00
8.284344673156738281e+00
8.362252235412597656e+00
8.378793716430664062e+00
8.189607620239257812e+00
8.287724494934082031e+00
8.435649871826171875e+00
8.350904464721679688e+00
8.364781379699707031e+00
8.563173294067382812e+00
8.128549575805664062e+00
8.382272720336914062e+00
8.404871940612792969e+00
8.221794128417968750e+00
8.299663543701171875e+00
8.230723381042480469e+00
8.330321311950683594e+00
8.393959045410156250e+00
8.529808044433593750e+00
8.143255233764648438e+00
8.345348358154296875e+00
8.284323692321777344e+00
8.371203422546386719e+00
8.237942695617675781e+00
8.172876358032226562e+00
8.165394783020019531e+00
8.329243659973144531e+00
8.237751007080078125e+00
8.216600418090820312e+00
8.412972450256347656e+00
8.370990753173828125e+00
8.418076515197753906e+00
8.420742034912109375e+00
8.228905677795410156e+00
8.376671791076660156e+00
8.175110816955566406e+00
8.271760940551757812e+00
8.275484085083007812e+00
8.317032814025878906e+00
8.195696830749511719e+00
8.213450431823730469e+00
8.278079032897949219e+00
8.393770217895507812e+00
8.293881416320800781e+00
8.161781311035156250e+00
8.427624702453613281e+00
8.292384147644042969e+00
8.128138542175292969e+00
8.439011573791503906e+00
8.266739845275878906e+00
8.283850669860839844e+00
8.227761268615722656e+00
8.363645553588867188e+00
8.320352554321289062e+00
8.514709472656250000e+00
8.495853424072265625e+00
8.017930984497070312e+00
8.339506149291992188e+00
8.231854438781738281e+00
8.237680435180664062e+00
8.163600921630859375e+00
8.212656974792480469e+00
8.268959999084472656e+00
8.368650436401367188e+00
8.148893356323242188e+00
8.310976982116699219e+00
8.391700744628906250e+00
8.368970870971679688e+00
8.159543037414550781e+00
8.383163452148437500e+00
8.477010726928710938e+00
8.442123413085937500e+00
8.314145088195800781e+00
8.484977722167968750e+00
8.204853057861328125e+00
8.309765815734863281e+00
8.289971351623535156e+00
8.310676574707031250e+00
8.337577819824218750e+00
8.250378608703613281e+00
8.186615943908691406e+00
8.463359832763671875e+00
8.328390121459960938e+00
8.386378288269042969e+00
8.333049774169921875e+00
8.261171340942382812e+00
8.362957954406738281e+00
8.281474113464355469e+00
8.356798171997070312e+00
8.189358711242675781e+00
8.398290634155273438e+00
8.269204139709472656e+00
8.293393135070800781e+00
8.361397743225097656e+00
8.209449768066406250e+00
8.030682563781738281e+00
8.257848739624023438e+00
8.198715209960937500e+00
8.164093971252441406e+00
8.282711029052734375e+00
8.245158195495605469e+00
8.399271965026855469e+00
8.313776016235351562e+00
8.353628158569335938e+00
8.289035797119140625e+00
8.216249465942382812e+00
8.382090568542480469e+00
8.338521957397460938e+00
8.334359169006347656e+00
8.291033744812011719e+00
8.399323463439941406e+00
8.376728057861328125e+00
8.283900260925292969e+00
8.144033432006835938e+00
8.171679496765136719e+00
8.170007705688476562e+00
8.120739936828613281e+00
8.459492683410644531e+00
8.444119453430175781e+00
8.174103736877441406e+00
8.090908050537109375e+00
8.302492141723632812e+00
8.224891662597656250e+00
8.221131324768066406e+00
8.321516036987304688e+00
8.285164833068847656e+00
8.447491645812988281e+00
8.329556465148925781e+00
8.512981414794921875e+00
8.372365951538085938e+00
8.233021736145019531e+00
8.078227043151855469e+00
8.341673851013183594e+00
8.369075775146484375e+00
8.368041992187500000e+00
8.222300529479980469e+00
8.230130195617675781e+00
8.214741706848144531e+00
8.317170143127441406e+00
8.206039428710937500e+00
8.185090065002441406e+00
8.284790992736816406e+00
8.322178840637207031e+00
8.173679351806640625e+00
8.291454315185546875e+00
8.199445724487304688e+00
8.359519958496093750e+00
8.183503150939941406e+00
8.178092002868652344e+00
8.148455619812011719e+00
8.059456825256347656e+00
8.202236175537109375e+00
7.948559284210205078e+00
8.189328193664550781e+00
8.201013565063476562e+00
8.270921707153320312e+00
8.303313255310058594e+00
8.236837387084960938e+00
8.311768531799316406e+00
8.402552604675292969e+00
8.242149353027343750e+00
8.329926490783691406e+00
8.178676605224609375e+00
8.156655311584472656e+00
8.185191154479980469e+00
8.405648231506347656e+00
8.392855644226074219e+00
8.310015678405761719e+00
8.280602455139160156e+00
8.403131484985351562e+00
8.284253120422363281e+00
8.286981582641601562e+00
8.214420318603515625e+00
8.255454063415527344e+00
8.291790008544921875e+00
8.228546142578125000e+00
8.326010704040527344e+00
8.404777526855468750e+00
8.058884620666503906e+00
8.277553558349609375e+00
8.098903656005859375e+00
8.385526657104492188e+00
8.260967254638671875e+00
8.230675697326660156e+00
8.344241142272949219e+00
8.111755371093750000e+00
8.174117088317871094e+00
8.118476867675781250e+00
8.260811805725097656e+00
8.311987876892089844e+00
8.287872314453125000e+00
8.149812698364257812e+00
8.148573875427246094e+00
7.945643424987792969e+00
8.163691520690917969e+00
8.537359237670898438e+00
8.381032943725585938e+00
8.162279129028320312e+00
8.272886276245117188e+00
8.305599212646484375e+00
8.287822723388671875e+00
8.415250778198242188e+00
8.298035621643066406e+00
7.951056957244873047e+00
8.092767715454101562e+00
8.354305267333984375e+00
7.979129791259765625e+00
8.424210548400878906e+00
8.369611740112304688e+00
8.196517944335937500e+00
8.249871253967285156e+00
8.366877555847167969e+00
8.144089698791503906e+00
8.394249916076660156e+00
8.204902648925781250e+00
8.303831100463867188e+00
8.161049842834472656e+00
7.949000358581542969e+00
8.333814620971679688e+00
8.360289573669433594e+00
8.188031196594238281e+00
8.165545463562011719e+00
8.167310714721679688e+00
8.316891670227050781e+00
8.250407218933105469e+00
8.228196144104003906e+00
8.314759254455566406e+00
8.335958480834960938e+00
8.384433746337890625e+00
8.448723793029785156e+00
8.243102073669433594e+00
8.333887100219726562e+00
8.397751808166503906e+00
8.193916320800781250e+00
8.357473373413085938e+00
8.231767654418945312e+00
8.280847549438476562e+00
8.333370208740234375e+00
8.287451744079589844e+00
8.309549331665039062e+00
8.242977142333984375e+00
7.693418502807617188e+00
8.048391342163085938e+00
8.213171005249023438e+00
8.143704414367675781e+00
8.224191665649414062e+00
8.192716598510742188e+00
8.248734474182128906e+00
8.340502738952636719e+00
8.351179122924804688e+00
8.259911537170410156e+00
8.265052795410156250e+00
8.389738082885742188e+00
8.344656944274902344e+00
8.124351501464843750e+00
8.142606735229492188e+00
8.437719345092773438e+00
8.133419990539550781e+00
8.151204109191894531e+00
8.270200729370117188e+00
7.952363014221191406e+00
8.331383705139160156e+00
8.146065711975097656e+00
8.224639892578125000e+00
8.218383789062500000e+00
8.280972480773925781e+00
8.352490425109863281e+00
8.434653282165527344e+00
8.293873786926269531e+00
8.233553886413574219e+00
7.943961620330810547e+00
8.292567253112792969e+00
8.313049316406250000e+00
8.461446762084960938e+00
8.065596580505371094e+00
8.411142349243164062e+00
8.319924354553222656e+00
8.376499176025390625e+00
8.143218040466308594e+00
8.258746147155761719e+00
8.320062637329101562e+00
8.432779312133789062e+00
8.259696960449218750e+00
8.318451881408691406e+00
8.147816658020019531e+00
8.247239112854003906e+00
8.295965194702148438e+00
8.190426826477050781e+00
8.266945838928222656e+00
8.346366882324218750e+00
7.843107223510742188e+00
8.397341728210449219e+00
8.342708587646484375e+00
8.105227470397949219e+00
8.226248741149902344e+00
8.284329414367675781e+00
8.286474227905273438e+00
7.871748924255371094e+00
8.403215408325195312e+00
8.254952430725097656e+00
8.239842414855957031e+00
8.293918609619140625e+00
8.277347564697265625e+00
8.289519309997558594e+00
8.145029067993164062e+00
8.208973884582519531e+00
8.240510940551757812e+00
8.406332015991210938e+00
8.108691215515136719e+00
8.232535362243652344e+00
8.353986740112304688e+00
8.206552505493164062e+00
8.401290893554687500e+00
8.464730262756347656e+00
8.417317390441894531e+00
8.067951202392578125e+00
8.307931900024414062e+00
8.036942481994628906e+00
8.335549354553222656e+00
8.294049263000488281e+00
8.275927543640136719e+00
8.353839874267578125e+00
8.217506408691406250e+00
8.285148620605468750e+00
8.392791748046875000e+00
8.189786911010742188e+00
8.380977630615234375e+00
8.340652465820312500e+00
8.496845245361328125e+00
8.471625328063964844e+00
8.156338691711425781e+00
8.439544677734375000e+00
8.218992233276367188e+00
8.096324920654296875e+00
8.108004570007324219e+00
8.234375000000000000e+00
8.173870086669921875e+00
8.260709762573242188e+00
8.086541175842285156e+00
8.245032310485839844e+00
8.104559898376464844e+00
8.217637062072753906e+00
8.185564041137695312e+00
8.134917259216308594e+00
8.301646232604980469e+00
8.322062492370605469e+00
8.186165809631347656e+00
8.172594070434570312e+00
8.105746269226074219e+00
8.433371543884277344e+00
8.302377700805664062e+00
8.401107788085937500e+00
8.117077827453613281e+00
8.325358390808105469e+00
8.220140457153320312e+00
8.326819419860839844e+00
8.133037567138671875e+00
8.405664443969726562e+00
8.120100975036621094e+00
8.227529525756835938e+00
8.263683319091796875e+00
8.481912612915039062e+00
8.449818611145019531e+00
8.434737205505371094e+00
8.346599578857421875e+00
8.326007843017578125e+00
8.431026458740234375e+00
7.954569339752197266e+00
8.197009086608886719e+00
8.187200546264648438e+00
8.239413261413574219e+00
8.523208618164062500e+00
8.286066055297851562e+00
8.331001281738281250e+00
8.417402267456054688e+00
8.329091072082519531e+00
8.389509201049804688e+00
8.259251594543457031e+00
8.375859260559082031e+00
8.255908012390136719e+00
8.337935447692871094e+00
8.203327178955078125e+00
8.145008087158203125e+00
8.167446136474609375e+00
8.063658714294433594e+00
8.248746871948242188e+00
8.197306632995605469e+00
8.498419761657714844e+00
8.327968597412109375e+00
8.200738906860351562e+00
8.339093208312988281e+00
8.193942070007324219e+00
8.225844383239746094e+00
8.422208786010742188e+00
8.250095367431640625e+00
8.307360649108886719e+00
8.264227867126464844e+00
8.187395095825195312e+00
8.334803581237792969e+00
8.345078468322753906e+00
8.134706497192382812e+00
8.187662124633789062e+00
8.232104301452636719e+00
8.245887756347656250e+00
8.328902244567871094e+00
8.217402458190917969e+00
8.209753036499023438e+00
8.141154289245605469e+00
8.162151336669921875e+00
8.293040275573730469e+00
8.351088523864746094e+00
8.306205749511718750e+00
8.107366561889648438e+00
8.513527870178222656e+00
8.224822044372558594e+00
8.310161590576171875e+00
8.241158485412597656e+00
8.190662384033203125e+00
8.276712417602539062e+00
8.250199317932128906e+00
8.076899528503417969e+00
8.250614166259765625e+00
8.275279998779296875e+00
8.258793830871582031e+00
8.274368286132812500e+00
8.303951263427734375e+00
8.264570236206054688e+00
8.346739768981933594e+00
8.157575607299804688e+00
8.166156768798828125e+00
8.351907730102539062e+00
8.360095024108886719e+00
8.140564918518066406e+00
8.163304328918457031e+00
8.352162361145019531e+00
8.011409759521484375e+00
8.313131332397460938e+00
8.411207199096679688e+00
8.273732185363769531e+00
8.273573875427246094e+00
8.171795845031738281e+00
8.212133407592773438e+00
8.049794197082519531e+00
8.347563743591308594e+00
8.147801399230957031e+00
8.182115554809570312e+00
8.004668235778808594e+00
7.954945087432861328e+00
8.265485763549804688e+00
8.202050209045410156e+00
8.288311004638671875e+00
8.153239250183105469e+00
8.259454727172851562e+00
8.281596183776855469e+00
8.215908050537109375e+00
8.261672973632812500e+00
8.160439491271972656e+00
8.106890678405761719e+00
8.327045440673828125e+00
8.179158210754394531e+00
8.268576622009277344e+00
8.112443923950195312e+00
8.357506752014160156e+00
8.317108154296875000e+00
8.409401893615722656e+00
8.257213592529296875e+00
8.386061668395996094e+00
8.267757415771484375e+00
8.101712226867675781e+00
8.361979484558105469e+00
8.389297485351562500e+00
8.308338165283203125e+00
8.212042808532714844e+00
8.410877227783203125e+00
8.151537895202636719e+00
8.119451522827148438e+00
8.212130546569824219e+00
8.153324127197265625e+00
8.208693504333496094e+00
8.097626686096191406e+00
8.248226165771484375e+00
8.096216201782226562e+00
8.340136528015136719e+00
7.997454643249511719e+00
8.223823547363281250e+00
8.341392517089843750e+00
8.166386604309082031e+00
8.400861740112304688e+00
8.135801315307617188e+00
8.210074424743652344e+00
8.372570037841796875e+00
8.257815361022949219e+00
8.498250007629394531e+00
8.236699104309082031e+00
8.171881675720214844e+00
8.348808288574218750e+00
8.306832313537597656e+00
8.300635337829589844e+00
8.189524650573730469e+00
8.378360748291015625e+00
8.254089355468750000e+00
8.243643760681152344e+00
8.290984153747558594e+00
8.177277565002441406e+00
8.359104156494140625e+00
8.173583030700683594e+00
8.135169982910156250e+00
8.094110488891601562e+00
8.325248718261718750e+00
8.418777465820312500e+00
8.230508804321289062e+00
8.193921089172363281e+00
8.336099624633789062e+00
8.206367492675781250e+00
8.268517494201660156e+00
8.190398216247558594e+00
7.975577354431152344e+00
8.161245346069335938e+00
8.320601463317871094e+00
8.180367469787597656e+00
8.264704704284667969e+00
8.187768936157226562e+00
8.280641555786132812e+00
8.278298377990722656e+00
8.200962066650390625e+00
8.101747512817382812e+00
8.233403205871582031e+00
8.286292076110839844e+00
8.051847457885742188e+00
8.342541694641113281e+00
8.068424224853515625e+00
8.333908081054687500e+00
8.118211746215820312e+00
8.239202499389648438e+00
8.350147247314453125e+00
8.178668022155761719e+00
8.246708869934082031e+00
8.232886314392089844e+00
8.314619064331054688e+00
7.974565029144287109e+00
8.020112991333007812e+00
8.058935165405273438e+00
8.227662086486816406e+00
8.083640098571777344e+00
8.389238357543945312e+00
8.138975143432617188e+00
8.193370819091796875e+00
8.111474037170410156e+00
8.230236053466796875e+00
8.288704872131347656e+00
8.012940406799316406e+00
8.340381622314453125e+00
8.238897323608398438e+00
8.378958702087402344e+00
8.400956153869628906e+00
8.152852058410644531e+00
8.089123725891113281e+00
8.215532302856445312e+00
8.313450813293457031e+00
8.387736320495605469e+00
8.250041007995605469e+00
8.420532226562500000e+00
8.319709777832031250e+00
8.225574493408203125e+00
8.379393577575683594e+00
8.289376258850097656e+00
8.224683761596679688e+00
8.219154357910156250e+00
8.354596138000488281e+00
7.903456687927246094e+00
8.346292495727539062e+00
8.403056144714355469e+00
8.297773361206054688e+00
8.162472724914550781e+00
8.235651969909667969e+00
8.224196434020996094e+00
8.142499923706054688e+00
8.245657920837402344e+00
8.134565353393554688e+00
8.187761306762695312e+00
8.232995033264160156e+00
8.342900276184082031e+00
8.167383193969726562e+00
8.075467109680175781e+00
8.246676445007324219e+00
8.113945960998535156e+00
8.363873481750488281e+00
8.199791908264160156e+00
8.209966659545898438e+00
8.373736381530761719e+00
8.246416091918945312e+00
8.207397460937500000e+00
8.258798599243164062e+00
8.251561164855957031e+00
7.912859439849853516e+00
8.410145759582519531e+00
8.345848083496093750e+00
8.402838706970214844e+00
8.340768814086914062e+00
8.224177360534667969e+00
8.189973831176757812e+00
8.046325683593750000e+00
8.109222412109375000e+00
8.191024780273437500e+00
8.250550270080566406e+00
8.148422241210937500e+00
8.181300163269042969e+00
8.223237991333007812e+00
8.478711128234863281e+00
8.295394897460937500e+00
8.411187171936035156e+00
8.137556076049804688e+00
8.319240570068359375e+00
8.063713073730468750e+00
8.318450927734375000e+00
8.056093215942382812e+00
8.353266716003417969e+00
8.179431915283203125e+00
8.234882354736328125e+00
8.347291946411132812e+00
8.222726821899414062e+00
8.264834403991699219e+00
8.412208557128906250e+00
8.329471588134765625e+00
8.353692054748535156e+00
8.207251548767089844e+00
8.205813407897949219e+00
8.353281974792480469e+00
8.321282386779785156e+00
8.285574913024902344e+00
7.812937259674072266e+00
8.244465827941894531e+00
8.233212471008300781e+00
8.184770584106445312e+00
8.316465377807617188e+00
8.055152893066406250e+00
8.393198966979980469e+00
8.075842857360839844e+00
8.122441291809082031e+00
8.294722557067871094e+00
8.093375205993652344e+00
8.391368865966796875e+00
8.285035133361816406e+00
8.098945617675781250e+00
8.175186157226562500e+00
8.278148651123046875e+00
8.366360664367675781e+00
8.261940956115722656e+00
8.239363670349121094e+00
8.257238388061523438e+00
8.279500007629394531e+00
8.238518714904785156e+00
8.296362876892089844e+00
8.318197250366210938e+00
8.263309478759765625e+00
8.092185974121093750e+00
8.164510726928710938e+00
8.070405006408691406e+00
8.272083282470703125e+00
8.084488868713378906e+00
8.273005485534667969e+00
8.223263740539550781e+00
8.159007072448730469e+00
7.974267482757568359e+00
8.221759796142578125e+00
8.207542419433593750e+00
8.384289741516113281e+00
7.851968765258789062e+00
8.294163703918457031e+00
8.061872482299804688e+00
8.182585716247558594e+00
8.211090087890625000e+00
8.394454956054687500e+00
8.344256401062011719e+00
8.388843536376953125e+00
8.233923912048339844e+00
8.295405387878417969e+00
8.340777397155761719e+00
8.298820495605468750e+00
8.152417182922363281e+00
8.046538352966308594e+00
8.464762687683105469e+00
8.290120124816894531e+00
8.346155166625976562e+00
8.429388046264648438e+00
8.056602478027343750e+00
8.270668983459472656e+00
7.940796375274658203e+00
8.486192703247070312e+00
8.222284317016601562e+00
8.280935287475585938e+00
8.227165222167968750e+00
8.376477241516113281e+00
8.282320022583007812e+00
8.129059791564941406e+00
8.047913551330566406e+00
8.280098915100097656e+00
8.274206161499023438e+00
8.404831886291503906e+00
8.016613006591796875e+00
8.203345298767089844e+00
8.155345916748046875e+00
8.218473434448242188e+00
8.266909599304199219e+00
8.241258621215820312e+00
8.125801086425781250e+00
8.300247192382812500e+00
8.374679565429687500e+00
8.214812278747558594e+00
8.221189498901367188e+00
8.227172851562500000e+00
8.256103515625000000e+00
8.146262168884277344e+00
8.158648490905761719e+00
8.191706657409667969e+00
8.457061767578125000e+00
8.308326721191406250e+00
8.064868927001953125e+00
8.249692916870117188e+00
8.272061347961425781e+00
8.120293617248535156e+00
8.350953102111816406e+00
8.239729881286621094e+00
8.318307876586914062e+00
8.084362030029296875e+00
8.242258071899414062e+00
8.082468986511230469e+00
8.339363098144531250e+00
8.368063926696777344e+00
8.127342224121093750e+00
8.214320182800292969e+00
8.237595558166503906e+00
8.350403785705566406e+00
8.330676078796386719e+00
8.311721801757812500e+00
8.290077209472656250e+00
8.228644371032714844e+00
8.151826858520507812e+00
8.316283226013183594e+00
8.331212043762207031e+00
8.323926925659179688e+00
8.295197486877441406e+00
8.246811866760253906e+00
8.275468826293945312e+00
8.320236206054687500e+00
8.356970787048339844e+00
8.334072113037109375e+00
8.311155319213867188e+00
8.080997467041015625e+00
8.362541198730468750e+00
8.083869934082031250e+00
8.162481307983398438e+00
8.346282005310058594e+00
8.153858184814453125e+00
8.146841049194335938e+00
8.381595611572265625e+00
8.067648887634277344e+00
8.324006080627441406e+00
8.259765625000000000e+00
8.360307693481445312e+00
8.214202880859375000e+00
8.307192802429199219e+00
8.243453025817871094e+00
8.159251213073730469e+00
8.186772346496582031e+00
8.295792579650878906e+00
8.162662506103515625e+00
8.183617591857910156e+00
8.278055191040039062e+00
8.406454086303710938e+00
7.998198032379150391e+00
8.132303237915039062e+00
8.324461936950683594e+00
8.237742424011230469e+00
8.304824829101562500e+00
8.239827156066894531e+00
8.024849891662597656e+00
8.273287773132324219e+00
8.112874031066894531e+00
7.958550453186035156e+00
8.067713737487792969e+00
8.192992210388183594e+00
8.380995750427246094e+00
8.342536926269531250e+00
8.353586196899414062e+00
8.259452819824218750e+00
8.260090827941894531e+00
8.242626190185546875e+00
8.101572990417480469e+00
8.053088188171386719e+00
8.177321434020996094e+00
8.377674102783203125e+00
8.216500282287597656e+00
8.215583801269531250e+00
8.270836830139160156e+00
8.241389274597167969e+00
8.054976463317871094e+00
8.400332450866699219e+00
8.317817687988281250e+00
8.476271629333496094e+00
8.207600593566894531e+00
8.164326667785644531e+00
8.354773521423339844e+00
8.373986244201660156e+00
8.266681671142578125e+00
8.018548011779785156e+00
8.226244926452636719e+00
8.144586563110351562e+00
8.366576194763183594e+00
8.157708168029785156e+00
8.195462226867675781e+00
8.190259933471679688e+00
8.184831619262695312e+00
8.339819908142089844e+00
8.280319213867187500e+00
8.098574638366699219e+00
8.327201843261718750e+00
8.308646202087402344e+00
8.154127120971679688e+00
8.138475418090820312e+00
8.261308670043945312e+00
8.116451263427734375e+00
8.217172622680664062e+00
8.195878028869628906e+00
8.197134017944335938e+00
8.205358505249023438e+00
8.090847969055175781e+00
8.170143127441406250e+00
7.995057106018066406e+00
8.305759429931640625e+00
7.858379840850830078e+00
7.961394309997558594e+00
8.189709663391113281e+00
8.226387023925781250e+00
8.246944427490234375e+00
8.206057548522949219e+00
8.301532745361328125e+00
8.350158691406250000e+00
8.368268013000488281e+00
8.311563491821289062e+00
8.399285316467285156e+00
8.240291595458984375e+00
8.241683959960937500e+00
8.025171279907226562e+00
8.106462478637695312e+00
7.813558578491210938e+00
8.182733535766601562e+00
8.229577064514160156e+00
8.065444946289062500e+00
8.386024475097656250e+00
8.072505950927734375e+00
8.395921707153320312e+00
8.143634796142578125e+00
8.174565315246582031e+00
8.262234687805175781e+00
8.247783660888671875e+00
8.199782371520996094e+00
8.070223808288574219e+00
8.345569610595703125e+00
8.168330192565917969e+00
8.272677421569824219e+00
7.960418701171875000e+00
8.058057785034179688e+00
8.343563079833984375e+00
8.071786880493164062e+00
8.085222244262695312e+00
8.267406463623046875e+00
8.281522750854492188e+00
8.264826774597167969e+00
8.002549171447753906e+00
8.080687522888183594e+00
8.157656669616699219e+00
8.288638114929199219e+00
8.147420883178710938e+00
8.141910552978515625e+00
8.119286537170410156e+00
8.236972808837890625e+00
8.198797225952148438e+00
8.300176620483398438e+00
8.158365249633789062e+00
8.097472190856933594e+00
8.196385383605957031e+00
7.993469715118408203e+00
8.293854713439941406e+00
8.402275085449218750e+00
8.217296600341796875e+00
8.228608131408691406e+00
7.972609043121337891e+00
8.046286582946777344e+00
8.177724838256835938e+00
8.078798294067382812e+00
8.380348205566406250e+00
7.908099651336669922e+00
8.250951766967773438e+00
8.283949851989746094e+00
7.922966957092285156e+00
8.213312149047851562e+00
8.234933853149414062e+00
8.104322433471679688e+00
8.230800628662109375e+00
8.078870773315429688e+00
8.250838279724121094e+00
8.214291572570800781e+00
8.204671859741210938e+00
8.090488433837890625e+00
8.488924026489257812e+00
8.221706390380859375e+00
8.314831733703613281e+00
8.195373535156250000e+00
8.168618202209472656e+00
8.253515243530273438e+00
8.138445854187011719e+00
8.060897827148437500e+00
8.178306579589843750e+00
8.204768180847167969e+00
8.216157913208007812e+00
8.212335586547851562e+00
8.347897529602050781e+00
8.343579292297363281e+00
8.169182777404785156e+00
8.118971824645996094e+00
8.183450698852539062e+00
8.176297187805175781e+00
8.202376365661621094e+00
8.288125038146972656e+00
8.266792297363281250e+00
8.320845603942871094e+00
8.158890724182128906e+00
8.348691940307617188e+00
8.221827507019042969e+00
8.258594512939453125e+00
8.209741592407226562e+00
8.067440986633300781e+00
8.152314186096191406e+00
8.140772819519042969e+00
8.031364440917968750e+00
8.216563224792480469e+00
8.387996673583984375e+00
8.137025833129882812e+00
8.082151412963867188e+00
8.135625839233398438e+00
8.118103981018066406e+00
8.109820365905761719e+00
8.163712501525878906e+00
8.101235389709472656e+00
8.215141296386718750e+00
8.176170349121093750e+00
8.189427375793457031e+00
8.076314926147460938e+00
7.981386661529541016e+00
8.130674362182617188e+00
8.294710159301757812e+00
8.080192565917968750e+00
7.997909069061279297e+00
8.151535034179687500e+00
7.969869136810302734e+00
8.310691833496093750e+00
8.194243431091308594e+00
8.257092475891113281e+00
8.180451393127441406e+00
8.289048194885253906e+00
8.152054786682128906e+00
8.357897758483886719e+00
8.170892715454101562e+00
8.109952926635742188e+00
8.265312194824218750e+00
8.123387336730957031e+00
8.232961654663085938e+00
8.243561744689941406e+00
8.029842376708984375e+00
8.107117652893066406e+00
8.280526161193847656e+00
8.089594841003417969e+00
8.137558937072753906e+00
8.283748626708984375e+00
7.957400321960449219e+00
8.267601013183593750e+00
7.966162204742431641e+00
8.338826179504394531e+00
8.190357208251953125e+00
8.254846572875976562e+00
8.295900344848632812e+00
8.160144805908203125e+00
8.220387458801269531e+00
8.313533782958984375e+00
8.388396263122558594e+00
8.255786895751953125e+00
8.275132179260253906e+00
8.331076622009277344e+00
8.182178497314453125e+00
8.045213699340820312e+00
8.304661750793457031e+00
8.132577896118164062e+00
8.307393074035644531e+00
8.245883941650390625e+00
8.197678565979003906e+00
8.052378654479980469e+00
8.124442100524902344e+00
8.068922996520996094e+00
8.288337707519531250e+00
8.123904228210449219e+00
8.306054115295410156e+00
8.192919731140136719e+00
8.145573616027832031e+00
8.343456268310546875e+00
8.142917633056640625e+00
8.119772911071777344e+00
8.215974807739257812e+00
8.162502288818359375e+00
8.205143928527832031e+00
7.818356037139892578e+00
8.046188354492187500e+00
8.208923339843750000e+00
8.286304473876953125e+00
8.082519531250000000e+00
8.191569328308105469e+00
8.217142105102539062e+00
8.214317321777343750e+00
8.297820091247558594e+00
8.139903068542480469e+00
8.084246635437011719e+00
7.890806198120117188e+00
8.256893157958984375e+00
8.166426658630371094e+00
8.141235351562500000e+00
8.358863830566406250e+00
8.316063880920410156e+00
8.202459335327148438e+00
8.104243278503417969e+00
8.414372444152832031e+00
8.306028366088867188e+00
8.333044052124023438e+00
8.198017120361328125e+00
8.240975379943847656e+00
8.223676681518554688e+00
7.986405372619628906e+00
8.237741470336914062e+00
8.358039855957031250e+00
8.227742195129394531e+00
8.141116142272949219e+00
8.358655929565429688e+00
8.351984977722167969e+00
8.187251091003417969e+00
8.293020248413085938e+00
8.332530021667480469e+00
8.290365219116210938e+00
8.179950714111328125e+00
8.187606811523437500e+00
8.249670982360839844e+00
8.134617805480957031e+00
8.159400939941406250e+00
8.235678672790527344e+00
8.276009559631347656e+00
8.187993049621582031e+00
8.282283782958984375e+00
8.276093482971191406e+00
8.040173530578613281e+00
8.106199264526367188e+00
8.216558456420898438e+00
8.145707130432128906e+00
8.129476547241210938e+00
8.044618606567382812e+00
8.138002395629882812e+00
8.135433197021484375e+00
8.131024360656738281e+00
8.153900146484375000e+00
8.288535118103027344e+00
8.201914787292480469e+00
8.246396064758300781e+00
8.018092155456542969e+00
8.210492134094238281e+00
8.092260360717773438e+00
8.238560676574707031e+00
8.284384727478027344e+00
8.040440559387207031e+00
8.207670211791992188e+00
8.339674949645996094e+00
8.350640296936035156e+00
8.036326408386230469e+00
8.154632568359375000e+00
8.357809066772460938e+00
8.161174774169921875e+00
8.064852714538574219e+00
8.278679847717285156e+00
8.151680946350097656e+00
8.241758346557617188e+00
8.159350395202636719e+00
8.244283676147460938e+00
8.152836799621582031e+00
8.013920783996582031e+00
8.208688735961914062e+00
8.021476745605468750e+00
8.200552940368652344e+00
8.231585502624511719e+00
8.321608543395996094e+00
8.397439002990722656e+00
7.933739662170410156e+00
8.329835891723632812e+00
8.097089767456054688e+00
8.269888877868652344e+00
8.219576835632324219e+00
8.167284011840820312e+00
8.164943695068359375e+00
8.414734840393066406e+00
8.126213073730468750e+00
8.024259567260742188e+00
8.111735343933105469e+00
8.123872756958007812e+00
8.041077613830566406e+00
8.214859962463378906e+00
8.300089836120605469e+00
8.334913253784179688e+00
8.190422058105468750e+00
8.227096557617187500e+00
8.212810516357421875e+00
8.059565544128417969e+00
8.149393081665039062e+00
8.303347587585449219e+00
8.180537223815917969e+00
8.200103759765625000e+00
8.036827087402343750e+00
8.322620391845703125e+00
8.207202911376953125e+00
8.016899108886718750e+00
8.207277297973632812e+00
8.268134117126464844e+00
7.929284572601318359e+00
8.258204460144042969e+00
8.091564178466796875e+00
8.237848281860351562e+00
7.995652198791503906e+00
8.169807434082031250e+00
8.191315650939941406e+00
8.049798965454101562e+00
8.197534561157226562e+00
8.011813163757324219e+00
8.377276420593261719e+00
8.083731651306152344e+00
8.227622032165527344e+00
8.079033851623535156e+00
8.302987098693847656e+00
8.160682678222656250e+00
8.217580795288085938e+00
8.161252021789550781e+00
8.217288970947265625e+00
8.172642707824707031e+00
8.145214080810546875e+00
8.173954010009765625e+00
8.085053443908691406e+00
8.040719985961914062e+00
7.926658153533935547e+00
8.017680168151855469e+00
8.317108154296875000e+00
8.169052124023437500e+00
8.023858070373535156e+00
8.057770729064941406e+00
8.239543914794921875e+00
8.269232749938964844e+00
7.876496791839599609e+00
8.026050567626953125e+00
8.182956695556640625e+00
8.183839797973632812e+00
8.183342933654785156e+00
8.252809524536132812e+00
8.092516899108886719e+00
8.130719184875488281e+00
8.177467346191406250e+00
8.193847656250000000e+00
8.191339492797851562e+00
8.241005897521972656e+00
8.196529388427734375e+00
8.174803733825683594e+00
8.353299140930175781e+00
8.198071479797363281e+00
8.045658111572265625e+00
8.215951919555664062e+00
8.257097244262695312e+00
8.249617576599121094e+00
8.192662239074707031e+00
8.240659713745117188e+00
8.191851615905761719e+00
8.167085647583007812e+00
8.189083099365234375e+00
8.003566741943359375e+00
8.093520164489746094e+00
8.356268882751464844e+00
8.245662689208984375e+00
7.988282203674316406e+00
8.076339721679687500e+00
8.133489608764648438e+00
8.037195205688476562e+00
8.086987495422363281e+00
8.155146598815917969e+00
8.141671180725097656e+00
8.085614204406738281e+00
8.140043258666992188e+00
8.443113327026367188e+00
7.971875667572021484e+00
8.130572319030761719e+00
8.093822479248046875e+00
8.043239593505859375e+00
8.251564025878906250e+00
7.968322277069091797e+00
8.320336341857910156e+00
8.002984046936035156e+00
7.991913795471191406e+00
8.155130386352539062e+00
8.014415740966796875e+00
8.165449142456054688e+00
8.219283103942871094e+00
8.444257736206054688e+00
8.184878349304199219e+00
8.098697662353515625e+00
8.115329742431640625e+00
8.097045898437500000e+00
8.083596229553222656e+00
8.317908287048339844e+00
8.120105743408203125e+00
8.312465667724609375e+00
8.121296882629394531e+00
8.393805503845214844e+00
8.107956886291503906e+00
8.213354110717773438e+00
8.130599975585937500e+00
8.222292900085449219e+00
8.386984825134277344e+00
8.129157066345214844e+00
8.038304328918457031e+00
7.969532966613769531e+00
8.118497848510742188e+00
8.190822601318359375e+00
8.206932067871093750e+00
8.155602455139160156e+00
8.162300109863281250e+00
8.040296554565429688e+00
8.266585350036621094e+00
8.082370758056640625e+00
8.169770240783691406e+00
8.497143745422363281e+00
8.125150680541992188e+00
7.967124938964843750e+00
8.120756149291992188e+00
8.162513732910156250e+00
8.132753372192382812e+00
8.104986190795898438e+00
8.220093727111816406e+00
8.019119262695312500e+00
8.209599494934082031e+00
8.136805534362792969e+00
8.269818305969238281e+00
7.964312076568603516e+00
8.150425910949707031e+00
8.261795043945312500e+00
8.059081077575683594e+00
8.283783912658691406e+00
8.149929046630859375e+00
8.088806152343750000e+00
8.185140609741210938e+00
8.197550773620605469e+00
8.166078567504882812e+00
8.103057861328125000e+00
7.995336055755615234e+00
8.235042572021484375e+00
8.275278091430664062e+00
8.418435096740722656e+00
8.166750907897949219e+00
8.184181213378906250e+00
8.201290130615234375e+00
7.971275329589843750e+00
8.114373207092285156e+00
8.066155433654785156e+00
8.061788558959960938e+00
8.178856849670410156e+00
8.052336692810058594e+00
8.165557861328125000e+00
8.333253860473632812e+00
8.314359664916992188e+00
8.114090919494628906e+00
8.101852416992187500e+00
8.147086143493652344e+00
8.228284835815429688e+00
8.087698936462402344e+00
8.198381423950195312e+00
8.115378379821777344e+00
7.959765911102294922e+00
8.230471611022949219e+00
7.948709011077880859e+00
8.321731567382812500e+00
8.063385009765625000e+00
8.373063087463378906e+00
8.180647850036621094e+00
8.242288589477539062e+00
7.816536903381347656e+00
8.288393974304199219e+00
8.248749732971191406e+00
8.158374786376953125e+00
8.198304176330566406e+00
8.275049209594726562e+00
8.157117843627929688e+00
8.228863716125488281e+00
8.131400108337402344e+00
8.368936538696289062e+00
8.022981643676757812e+00
8.269370079040527344e+00
8.001673698425292969e+00
8.065841674804687500e+00
7.953156948089599609e+00
7.997663021087646484e+00
7.977646350860595703e+00
8.178264617919921875e+00
8.372159004211425781e+00
8.142534255981445312e+00
8.015984535217285156e+00
8.129174232482910156e+00
8.104622840881347656e+00
8.183767318725585938e+00
8.187581062316894531e+00
8.175215721130371094e+00
8.171628952026367188e+00
8.198938369750976562e+00
8.133722305297851562e+00
8.003014564514160156e+00
8.122835159301757812e+00
7.896777629852294922e+00
8.235884666442871094e+00
8.301252365112304688e+00
8.096032142639160156e+00
8.039897918701171875e+00
8.223868370056152344e+00
8.142827033996582031e+00
8.074538230895996094e+00
8.308709144592285156e+00
8.151854515075683594e+00
8.165301322937011719e+00
8.005164146423339844e+00
8.292114257812500000e+00
8.258734703063964844e+00
8.166782379150390625e+00
8.319706916809082031e+00
7.833351612091064453e+00
8.272442817687988281e+00
8.211564064025878906e+00
8.065873146057128906e+00
8.384878158569335938e+00
8.041084289550781250e+00
8.203936576843261719e+00
8.160286903381347656e+00
8.230320930480957031e+00
8.215116500854492188e+00
7.927499771118164062e+00
8.109337806701660156e+00
8.195550918579101562e+00
8.302291870117187500e+00
8.157925605773925781e+00
8.203075408935546875e+00
8.256085395812988281e+00
8.203922271728515625e+00
8.295570373535156250e+00
8.140180587768554688e+00
8.306722640991210938e+00
8.099492073059082031e+00
7.971717834472656250e+00
8.117180824279785156e+00
8.237549781799316406e+00
8.108797073364257812e+00
8.054333686828613281e+00
8.220511436462402344e+00
8.424304008483886719e+00
8.140215873718261719e+00
8.347018241882324219e+00
8.050088882446289062e+00
8.263181686401367188e+00
8.158154487609863281e+00
8.201596260070800781e+00
8.088548660278320312e+00
8.182355880737304688e+00
8.190800666809082031e+00
8.077444076538085938e+00
8.183013916015625000e+00
7.927309036254882812e+00
8.132575035095214844e+00
8.276991844177246094e+00
8.146386146545410156e+00
8.116488456726074219e+00
8.163125038146972656e+00
8.160593032836914062e+00
8.206281661987304688e+00
8.118138313293457031e+00
8.115371704101562500e+00
8.187720298767089844e+00
7.920783996582031250e+00
8.145122528076171875e+00
8.191034317016601562e+00
7.840870857238769531e+00
7.974456787109375000e+00
8.082762718200683594e+00
8.021749496459960938e+00
8.370535850524902344e+00
8.026595115661621094e+00
7.932313919067382812e+00
8.112501144409179688e+00
8.017680168151855469e+00
8.082144737243652344e+00
8.192005157470703125e+00
8.209095954895019531e+00
8.335423469543457031e+00
8.250544548034667969e+00
8.212148666381835938e+00
8.345313072204589844e+00
7.963344097137451172e+00
8.148372650146484375e+00
8.217695236206054688e+00
8.126219749450683594e+00
8.121738433837890625e+00
8.103528976440429688e+00
8.320071220397949219e+00
8.101841926574707031e+00
8.099207878112792969e+00
8.134670257568359375e+00
8.229168891906738281e+00
8.029047966003417969e+00
8.280968666076660156e+00
8.308133125305175781e+00
8.287805557250976562e+00
8.232958793640136719e+00
8.040812492370605469e+00
8.342054367065429688e+00
8.182503700256347656e+00
8.109288215637207031e+00
7.899795055389404297e+00
8.250343322753906250e+00
8.103710174560546875e+00
8.319615364074707031e+00
8.268429756164550781e+00
8.384757041931152344e+00
8.190987586975097656e+00
8.361398696899414062e+00
8.063078880310058594e+00
8.215597152709960938e+00
8.212911605834960938e+00
8.174511909484863281e+00
8.271401405334472656e+00
8.085114479064941406e+00
8.135096549987792969e+00
8.024074554443359375e+00
8.135564804077148438e+00
8.286764144897460938e+00
8.283997535705566406e+00
8.183671951293945312e+00
8.338945388793945312e+00
7.993637561798095703e+00
8.148949623107910156e+00
8.160384178161621094e+00
8.158443450927734375e+00
8.296026229858398438e+00
8.219817161560058594e+00
8.193330764770507812e+00
7.909122467041015625e+00
7.995647430419921875e+00
8.250247955322265625e+00
8.306378364562988281e+00
8.096765518188476562e+00
8.376258850097656250e+00
8.129448890686035156e+00
8.298538208007812500e+00
8.127945899963378906e+00
8.294748306274414062e+00
8.188188552856445312e+00
8.099686622619628906e+00
8.173206329345703125e+00
8.336460113525390625e+00
8.187065124511718750e+00
8.151617050170898438e+00
8.263134956359863281e+00
8.164663314819335938e+00
8.134280204772949219e+00
8.224616050720214844e+00
8.125926971435546875e+00
8.103732109069824219e+00
8.145785331726074219e+00
8.273042678833007812e+00
8.198700904846191406e+00
8.202933311462402344e+00
8.311751365661621094e+00
8.051090240478515625e+00
8.000393867492675781e+00
8.174714088439941406e+00
8.139183998107910156e+00
8.134252548217773438e+00
8.285115242004394531e+00
8.031265258789062500e+00
8.243231773376464844e+00
8.159832000732421875e+00
7.989603519439697266e+00
8.100313186645507812e+00
8.220393180847167969e+00
8.271575927734375000e+00
8.172278404235839844e+00
8.077203750610351562e+00
8.237128257751464844e+00
8.160581588745117188e+00
8.270003318786621094e+00
8.069663047790527344e+00
8.051989555358886719e+00
8.100653648376464844e+00
8.110658645629882812e+00
8.053436279296875000e+00
7.920985221862792969e+00
8.113315582275390625e+00
8.223409652709960938e+00
8.113162040710449219e+00
8.255015373229980469e+00
8.147150993347167969e+00
8.165832519531250000e+00
8.257464408874511719e+00
8.218400955200195312e+00
8.112767219543457031e+00
8.232535362243652344e+00
8.165864944458007812e+00
8.122458457946777344e+00
8.173330307006835938e+00
8.143471717834472656e+00
8.222764968872070312e+00
8.224373817443847656e+00
8.016329765319824219e+00
8.112261772155761719e+00
8.242390632629394531e+00
8.083892822265625000e+00
8.142288208007812500e+00
8.024621009826660156e+00
7.940205097198486328e+00
8.059507369995117188e+00
8.266209602355957031e+00
8.142295837402343750e+00
7.956449985504150391e+00
8.078761100769042969e+00
8.065188407897949219e+00
8.100038528442382812e+00
8.172916412353515625e+00
8.154729843139648438e+00
8.042268753051757812e+00
7.937366962432861328e+00
8.084163665771484375e+00
8.165880203247070312e+00
8.193460464477539062e+00
8.099997520446777344e+00
8.065018653869628906e+00
8.150136947631835938e+00
8.202073097229003906e+00
8.188033103942871094e+00
8.068701744079589844e+00
8.134398460388183594e+00
8.376126289367675781e+00
8.080842018127441406e+00
8.212013244628906250e+00
8.189847946166992188e+00
8.104909896850585938e+00
7.899552822113037109e+00
8.086548805236816406e+00
8.161739349365234375e+00
8.285244941711425781e+00
8.414495468139648438e+00
8.366793632507324219e+00
8.235111236572265625e+00
8.264044761657714844e+00
8.219227790832519531e+00
8.093444824218750000e+00
8.172732353210449219e+00
8.331602096557617188e+00
8.087805747985839844e+00
8.182076454162597656e+00
8.197640419006347656e+00
8.244932174682617188e+00
8.066330909729003906e+00
8.348966598510742188e+00
8.094297409057617188e+00
8.340867996215820312e+00
8.215117454528808594e+00
8.210739135742187500e+00
8.268080711364746094e+00
8.251542091369628906e+00
8.104743003845214844e+00
8.228260040283203125e+00
8.149721145629882812e+00
8.223834991455078125e+00
7.998413085937500000e+00
8.063926696777343750e+00
8.299744606018066406e+00
8.072371482849121094e+00
8.087427139282226562e+00
8.084553718566894531e+00
8.051170349121093750e+00
8.385923385620117188e+00
8.220408439636230469e+00
8.313125610351562500e+00
7.979381561279296875e+00
8.038226127624511719e+00
7.918303012847900391e+00
7.816091060638427734e+00
8.078701972961425781e+00
8.039301872253417969e+00
8.089551925659179688e+00
7.964571475982666016e+00
7.826983451843261719e+00
8.258607864379882812e+00
8.249938964843750000e+00
8.080119132995605469e+00
8.498595237731933594e+00
8.268062591552734375e+00
8.010294914245605469e+00
8.289594650268554688e+00
8.104406356811523438e+00
8.247571945190429688e+00
8.170064926147460938e+00
8.177981376647949219e+00
8.266097068786621094e+00
8.209774971008300781e+00
8.009169578552246094e+00
8.351294517517089844e+00
8.202961921691894531e+00
8.266282081604003906e+00
8.123248100280761719e+00
8.027300834655761719e+00
8.129961013793945312e+00
8.248379707336425781e+00
8.219803810119628906e+00
7.937456130981445312e+00
8.161661148071289062e+00
8.047602653503417969e+00
8.114791870117187500e+00
8.151469230651855469e+00
8.307310104370117188e+00
8.137212753295898438e+00
8.064881324768066406e+00
8.084958076477050781e+00
8.159785270690917969e+00
8.195028305053710938e+00
8.123025894165039062e+00
8.222826004028320312e+00
8.180610656738281250e+00
8.163268089294433594e+00
8.151583671569824219e+00
8.025291442871093750e+00
8.209183692932128906e+00
8.226504325866699219e+00
8.088709831237792969e+00
8.196680068969726562e+00
8.150656700134277344e+00
8.173302650451660156e+00
8.074799537658691406e+00
7.849580764770507812e+00
8.327853202819824219e+00
8.106772422790527344e+00
8.234794616699218750e+00
8.177321434020996094e+00
8.090164184570312500e+00
8.259470939636230469e+00
8.063259124755859375e+00
8.173192024230957031e+00
8.285123825073242188e+00
8.291827201843261719e+00
8.064855575561523438e+00
8.345329284667968750e+00
8.195646286010742188e+00
8.324995040893554688e+00
8.169061660766601562e+00
8.227003097534179688e+00
8.071899414062500000e+00
8.183336257934570312e+00
8.119160652160644531e+00
8.060811996459960938e+00
8.284433364868164062e+00
8.319740295410156250e+00
8.221276283264160156e+00
8.347362518310546875e+00
8.188930511474609375e+00
8.111909866333007812e+00
7.981132030487060547e+00
7.886123180389404297e+00
8.027576446533203125e+00
8.247486114501953125e+00
8.059690475463867188e+00
8.251453399658203125e+00
8.168478012084960938e+00
7.945936203002929688e+00
8.003108978271484375e+00
8.045726776123046875e+00
8.296369552612304688e+00
8.253508567810058594e+00
8.251969337463378906e+00
8.028020858764648438e+00
8.247340202331542969e+00
8.084463119506835938e+00
7.974328994750976562e+00
8.123145103454589844e+00
8.105131149291992188e+00
8.174918174743652344e+00
8.116487503051757812e+00
8.008882522583007812e+00
8.145135879516601562e+00
8.216599464416503906e+00
8.126937866210937500e+00
8.133347511291503906e+00
8.207509994506835938e+00
8.120160102844238281e+00
8.057903289794921875e+00
8.052111625671386719e+00
8.256020545959472656e+00
8.143336296081542969e+00
8.103532791137695312e+00
8.049961090087890625e+00
8.306237220764160156e+00
8.285235404968261719e+00
8.129785537719726562e+00
8.477873802185058594e+00
8.039257049560546875e+00
8.206030845642089844e+00
7.910650253295898438e+00
8.075860977172851562e+00
8.239430427551269531e+00
7.943786144256591797e+00
8.000774383544921875e+00
8.144494056701660156e+00
7.888122081756591797e+00
8.288494110107421875e+00
8.054280281066894531e+00
8.309181213378906250e+00
7.965993881225585938e+00
8.150232315063476562e+00
8.136124610900878906e+00
8.095030784606933594e+00
7.911064624786376953e+00
8.140578269958496094e+00
8.375405311584472656e+00
8.204627990722656250e+00
8.288948059082031250e+00
8.373580932617187500e+00
8.225727081298828125e+00
8.232172012329101562e+00
8.392608642578125000e+00
8.154206275939941406e+00
8.157787322998046875e+00
8.101799011230468750e+00
8.151566505432128906e+00
8.203639030456542969e+00
8.273431777954101562e+00
8.180341720581054688e+00
8.216232299804687500e+00
8.229109764099121094e+00
8.190327644348144531e+00
8.061847686767578125e+00
8.147675514221191406e+00
8.172423362731933594e+00
8.073405265808105469e+00
8.196608543395996094e+00
8.212398529052734375e+00
8.148571014404296875e+00
7.992234706878662109e+00
8.307498931884765625e+00
8.092235565185546875e+00
8.169565200805664062e+00
8.113615036010742188e+00
8.034071922302246094e+00
8.255130767822265625e+00
7.819265842437744141e+00
8.266127586364746094e+00
8.161255836486816406e+00
8.200336456298828125e+00
8.050405502319335938e+00
8.073960304260253906e+00
8.144744873046875000e+00
8.270917892456054688e+00
8.164443016052246094e+00
8.033133506774902344e+00
8.092618942260742188e+00
8.177561759948730469e+00
8.251141548156738281e+00
8.071903228759765625e+00
8.000210762023925781e+00
8.278669357299804688e+00
8.239854812622070312e+00
8.183363914489746094e+00
8.144809722900390625e+00
8.119774818420410156e+00
8.054153442382812500e+00
7.985606670379638672e+00
8.348570823669433594e+00
8.117852210998535156e+00
7.953350543975830078e+00
8.137661933898925781e+00
8.028272628784179688e+00
8.033250808715820312e+00
8.211136817932128906e+00
8.082012176513671875e+00
8.056405067443847656e+00
8.156641960144042969e+00
8.004481315612792969e+00
8.043519973754882812e+00
8.195754051208496094e+00
8.023704528808593750e+00
7.957498073577880859e+00
7.901859760284423828e+00
8.037172317504882812e+00
8.197413444519042969e+00
7.877578735351562500e+00
8.081659317016601562e+00
7.960272789001464844e+00
8.289572715759277344e+00
8.309743881225585938e+00
8.405914306640625000e+00
8.079056739807128906e+00
8.100963592529296875e+00
8.253480911254882812e+00
8.215212821960449219e+00
8.086868286132812500e+00
8.136885643005371094e+00
8.134383201599121094e+00
8.083736419677734375e+00
8.223826408386230469e+00
8.151435852050781250e+00
8.173323631286621094e+00
8.079860687255859375e+00
7.998485565185546875e+00
8.237594604492187500e+00
8.052010536193847656e+00
8.234341621398925781e+00
8.051827430725097656e+00
8.020254135131835938e+00
7.942791938781738281e+00
8.093639373779296875e+00
8.196478843688964844e+00
8.126323699951171875e+00
8.151878356933593750e+00
8.345377922058105469e+00
7.920506000518798828e+00
8.254494667053222656e+00
7.982519149780273438e+00
8.131942749023437500e+00
8.135669708251953125e+00
8.157921791076660156e+00
8.089466094970703125e+00
7.998963356018066406e+00
8.120126724243164062e+00
8.014311790466308594e+00
7.968010902404785156e+00
7.940828323364257812e+00
8.057152748107910156e+00
8.100842475891113281e+00
8.198284149169921875e+00
8.300764083862304688e+00
8.029365539550781250e+00
8.105186462402343750e+00
8.283751487731933594e+00
8.112627029418945312e+00
8.007894515991210938e+00
8.305411338806152344e+00
8.167492866516113281e+00
8.165766716003417969e+00
8.159928321838378906e+00
8.287894248962402344e+00
7.944993495941162109e+00
8.065019607543945312e+00
8.096543312072753906e+00
8.160362243652343750e+00
8.089749336242675781e+00
8.082221984863281250e+00
8.081647872924804688e+00
8.081209182739257812e+00
7.989443778991699219e+00
8.274308204650878906e+00
8.266510009765625000e+00
7.980137825012207031e+00
8.005553245544433594e+00
7.975371360778808594e+00
8.379620552062988281e+00
8.279540061950683594e+00
8.103161811828613281e+00
8.108842849731445312e+00
8.264289855957031250e+00
8.070240974426269531e+00
8.293173789978027344e+00
8.199006080627441406e+00
8.242463111877441406e+00
8.247097969055175781e+00
8.226654052734375000e+00
8.112956047058105469e+00
8.018806457519531250e+00
8.148045539855957031e+00
8.186842918395996094e+00
8.138609886169433594e+00
7.986185550689697266e+00
8.193673133850097656e+00
8.188558578491210938e+00
8.010314941406250000e+00
8.168186187744140625e+00
8.126976966857910156e+00
8.224767684936523438e+00
8.127112388610839844e+00
8.315452575683593750e+00
8.027700424194335938e+00
7.966217041015625000e+00
8.070752143859863281e+00
8.301270484924316406e+00
8.054809570312500000e+00
8.143426895141601562e+00
8.175281524658203125e+00
8.106991767883300781e+00
8.047974586486816406e+00
8.224552154541015625e+00
8.190814018249511719e+00
7.946349143981933594e+00
8.089932441711425781e+00
8.341047286987304688e+00
8.002197265625000000e+00
8.186457633972167969e+00
8.205314636230468750e+00
8.009724617004394531e+00
8.052757263183593750e+00
8.133737564086914062e+00
8.114060401916503906e+00
8.194426536560058594e+00
8.037493705749511719e+00
8.250482559204101562e+00
8.216297149658203125e+00
8.061187744140625000e+00
8.510157585144042969e+00
7.808918476104736328e+00
8.167671203613281250e+00
7.953246593475341797e+00
8.255786895751953125e+00
8.212262153625488281e+00
8.037164688110351562e+00
8.025878906250000000e+00
8.008732795715332031e+00
8.175317764282226562e+00
8.210105895996093750e+00
8.153691291809082031e+00
8.184702873229980469e+00
8.142199516296386719e+00
8.124209403991699219e+00
8.094305038452148438e+00
8.240694046020507812e+00
8.106646537780761719e+00
8.170432090759277344e+00
8.152802467346191406e+00
8.203741073608398438e+00
8.073487281799316406e+00
8.153298377990722656e+00
8.208808898925781250e+00
8.183384895324707031e+00
8.099572181701660156e+00
8.299949645996093750e+00
8.182178497314453125e+00
8.160419464111328125e+00
8.102472305297851562e+00
8.000633239746093750e+00
8.145539283752441406e+00
8.080156326293945312e+00
8.000061035156250000e+00
7.941075801849365234e+00
7.884823799133300781e+00
7.952817440032958984e+00
8.078655242919921875e+00
8.153738975524902344e+00
8.000268936157226562e+00
7.900450229644775391e+00
8.276371955871582031e+00
8.081007957458496094e+00
8.121129989624023438e+00
8.172280311584472656e+00
8.234628677368164062e+00
8.037709236145019531e+00
8.193762779235839844e+00
8.117866516113281250e+00
8.164638519287109375e+00
8.094428062438964844e+00
8.109077453613281250e+00
7.867750167846679688e+00
8.236705780029296875e+00
7.880471229553222656e+00
8.109741210937500000e+00
8.118598937988281250e+00
8.010063171386718750e+00
8.197299003601074219e+00
8.126212120056152344e+00
8.002310752868652344e+00
8.048316955566406250e+00
8.078619956970214844e+00
7.973066329956054688e+00
8.144025802612304688e+00
8.197857856750488281e+00
8.121465682983398438e+00
7.990548133850097656e+00
8.052935600280761719e+00
8.140316963195800781e+00
7.892534732818603516e+00
8.109299659729003906e+00
8.214813232421875000e+00
8.033185958862304688e+00
8.185171127319335938e+00
8.068745613098144531e+00
8.226774215698242188e+00
8.233270645141601562e+00
8.119030952453613281e+00
8.156849861145019531e+00
7.855020523071289062e+00
8.199295043945312500e+00
8.233954429626464844e+00
8.245110511779785156e+00
8.324157714843750000e+00
7.994812488555908203e+00
7.960968971252441406e+00
7.955166339874267578e+00
8.159860610961914062e+00
8.213910102844238281e+00
7.911784172058105469e+00
8.194484710693359375e+00
8.038206100463867188e+00
8.248289108276367188e+00
8.171976089477539062e+00
8.075311660766601562e+00
7.864396095275878906e+00
8.043432235717773438e+00
7.993793487548828125e+00
8.174226760864257812e+00
7.993790626525878906e+00
8.123691558837890625e+00
8.023317337036132812e+00
8.125539779663085938e+00
8.084463119506835938e+00
8.005705833435058594e+00
8.259171485900878906e+00
8.148883819580078125e+00
8.000924110412597656e+00
8.046534538269042969e+00
8.156394004821777344e+00
8.123435020446777344e+00
8.090784072875976562e+00
8.294963836669921875e+00
8.331638336181640625e+00
8.190791130065917969e+00
7.871225833892822266e+00
8.072780609130859375e+00
8.228355407714843750e+00
8.154764175415039062e+00
7.954578876495361328e+00
8.176508903503417969e+00
7.998827934265136719e+00
8.025723457336425781e+00
8.061007499694824219e+00
8.148021697998046875e+00
8.307310104370117188e+00
8.111412048339843750e+00
8.086466789245605469e+00
8.108729362487792969e+00
8.100055694580078125e+00
8.191668510437011719e+00
8.108536720275878906e+00
8.174780845642089844e+00
8.017752647399902344e+00
7.951454639434814453e+00
8.357557296752929688e+00
8.081850051879882812e+00
8.253876686096191406e+00
8.230324745178222656e+00
8.075922966003417969e+00
7.989237308502197266e+00
8.206688880920410156e+00
8.210773468017578125e+00
8.010313987731933594e+00
7.984037876129150391e+00
8.057326316833496094e+00
8.216105461120605469e+00
8.058600425720214844e+00
8.188714981079101562e+00
8.279544830322265625e+00
8.064562797546386719e+00
8.070903778076171875e+00
8.277476310729980469e+00
8.141813278198242188e+00
8.077532768249511719e+00
7.992465496063232422e+00
8.116404533386230469e+00
7.933363437652587891e+00
8.059444427490234375e+00
7.945324420928955078e+00
7.939049720764160156e+00
8.162262916564941406e+00
7.861886501312255859e+00
8.050788879394531250e+00
8.064062118530273438e+00
8.421244621276855469e+00
8.144969940185546875e+00
8.113042831420898438e+00
8.148987770080566406e+00
8.175911903381347656e+00
7.937126636505126953e+00
8.020631790161132812e+00
7.974727630615234375e+00
7.978173255920410156e+00
8.084162712097167969e+00
8.020444869995117188e+00
8.161139488220214844e+00
8.209482192993164062e+00
7.994009017944335938e+00
8.258475303649902344e+00
8.371450424194335938e+00
8.040100097656250000e+00
7.875616550445556641e+00
8.184809684753417969e+00
7.806159019470214844e+00
8.196384429931640625e+00
8.186377525329589844e+00
8.294723510742187500e+00
8.187427520751953125e+00
8.169712066650390625e+00
8.027135848999023438e+00
8.052561759948730469e+00
8.079033851623535156e+00
8.081978797912597656e+00
8.205891609191894531e+00
7.912996292114257812e+00
8.117112159729003906e+00
7.971459388732910156e+00
8.007999420166015625e+00
8.303561210632324219e+00
8.019939422607421875e+00
8.147607803344726562e+00
8.044361114501953125e+00
8.037733078002929688e+00
8.181826591491699219e+00
8.036314010620117188e+00
8.245955467224121094e+00
8.316671371459960938e+00
8.142900466918945312e+00
7.901234626770019531e+00
7.931637763977050781e+00
8.167193412780761719e+00
8.153615951538085938e+00
8.149875640869140625e+00
8.181032180786132812e+00
8.148282051086425781e+00
8.198656082153320312e+00
8.082930564880371094e+00
8.195107460021972656e+00
8.294245719909667969e+00
8.110515594482421875e+00
8.255535125732421875e+00
8.208993911743164062e+00
8.119733810424804688e+00
8.101167678833007812e+00
7.984017372131347656e+00
8.131253242492675781e+00
8.191080093383789062e+00
8.124275207519531250e+00
7.898597717285156250e+00
8.094015121459960938e+00
8.130178451538085938e+00
7.940855026245117188e+00
8.201410293579101562e+00
8.118024826049804688e+00
8.062711715698242188e+00
8.199828147888183594e+00
8.221673011779785156e+00
7.865393161773681641e+00
8.161009788513183594e+00
8.218506813049316406e+00
7.959807872772216797e+00
8.025802612304687500e+00
8.162112236022949219e+00
7.968967914581298828e+00
8.108060836791992188e+00
8.123234748840332031e+00
8.190928459167480469e+00
7.953368663787841797e+00
8.085784912109375000e+00
8.056238174438476562e+00
8.105364799499511719e+00
8.041239738464355469e+00
8.256561279296875000e+00
7.877685070037841797e+00
8.113975524902343750e+00
7.992238044738769531e+00
7.969806671142578125e+00
8.086560249328613281e+00
8.072076797485351562e+00
8.206896781921386719e+00
8.108659744262695312e+00
8.042059898376464844e+00
7.999019145965576172e+00
8.109782218933105469e+00
7.915964126586914062e+00
8.080586433410644531e+00
8.141806602478027344e+00
8.063236236572265625e+00
8.331965446472167969e+00
8.162152290344238281e+00
8.266051292419433594e+00
7.921944141387939453e+00
8.131178855895996094e+00
8.113703727722167969e+00
7.989900112152099609e+00
8.326245307922363281e+00
8.256655693054199219e+00
8.213418960571289062e+00
8.112759590148925781e+00
8.112315177917480469e+00
8.222185134887695312e+00
7.990148067474365234e+00
8.305891990661621094e+00
8.126191139221191406e+00
8.233421325683593750e+00
8.179628372192382812e+00
7.955924034118652344e+00
8.015590667724609375e+00
8.081757545471191406e+00
8.100224494934082031e+00
8.110483169555664062e+00
8.319580078125000000e+00
8.085542678833007812e+00
8.102902412414550781e+00
8.163384437561035156e+00
7.780869007110595703e+00
8.039957046508789062e+00
8.165359497070312500e+00
8.175010681152343750e+00
8.055160522460937500e+00
8.081383705139160156e+00
8.011870384216308594e+00
7.863740921020507812e+00
8.217528343200683594e+00
8.141813278198242188e+00
8.081286430358886719e+00
8.176213264465332031e+00
8.062377929687500000e+00
8.215023994445800781e+00
8.091044425964355469e+00
8.217610359191894531e+00
8.076475143432617188e+00
8.152900695800781250e+00
7.953613758087158203e+00
8.158506393432617188e+00
8.143812179565429688e+00
8.206936836242675781e+00
7.913863658905029297e+00
8.095381736755371094e+00
8.088620185852050781e+00
8.333770751953125000e+00
8.091958045959472656e+00
7.994081497192382812e+00
8.228438377380371094e+00
8.280875205993652344e+00
8.242484092712402344e+00
8.188604354858398438e+00
7.892066001892089844e+00
8.036650657653808594e+00
7.998976230621337891e+00
8.080681800842285156e+00
8.177330017089843750e+00
8.032281875610351562e+00
7.965763568878173828e+00
8.037653923034667969e+00
8.037441253662109375e+00
8.211973190307617188e+00
8.248073577880859375e+00
8.107193946838378906e+00
7.977807521820068359e+00
8.003039360046386719e+00
8.032021522521972656e+00
8.057812690734863281e+00
8.055626869201660156e+00
8.101881027221679688e+00
8.035343170166015625e+00
8.318095207214355469e+00
7.904096603393554688e+00
8.184061050415039062e+00
8.136683464050292969e+00
8.020055770874023438e+00
8.022047996520996094e+00
8.172127723693847656e+00
8.091444015502929688e+00
7.947965621948242188e+00
8.316748619079589844e+00
8.118229866027832031e+00
8.215667724609375000e+00
8.018890380859375000e+00
8.068385124206542969e+00
7.980279922485351562e+00
8.139125823974609375e+00
8.189343452453613281e+00
8.076827049255371094e+00
8.176985740661621094e+00
8.199253082275390625e+00
8.044439315795898438e+00
8.151762962341308594e+00
8.033491134643554688e+00
8.006393432617187500e+00
7.703193664550781250e+00
8.069869995117187500e+00
8.175242424011230469e+00
8.132230758666992188e+00
7.985821247100830078e+00
7.913311004638671875e+00
7.992059230804443359e+00
8.314895629882812500e+00
8.100549697875976562e+00
8.074853897094726562e+00
7.818546772003173828e+00
8.001244544982910156e+00
7.802277565002441406e+00
8.139435768127441406e+00
8.070397377014160156e+00
7.918892383575439453e+00
8.100387573242187500e+00
8.306710243225097656e+00
8.172311782836914062e+00
8.144390106201171875e+00
7.950040340423583984e+00
7.857373714447021484e+00
8.044426918029785156e+00
8.076294898986816406e+00
7.990878582000732422e+00
8.026672363281250000e+00
8.152688980102539062e+00
8.106705665588378906e+00
7.936444282531738281e+00
7.994406223297119141e+00
8.177966117858886719e+00
8.153519630432128906e+00
8.022678375244140625e+00
8.030445098876953125e+00
8.019564628601074219e+00
8.286139488220214844e+00
8.186884880065917969e+00
8.284353256225585938e+00
8.231263160705566406e+00
8.117391586303710938e+00
7.811736583709716797e+00
7.857200622558593750e+00
8.279128074645996094e+00
8.110508918762207031e+00
8.037363052368164062e+00
8.178753852844238281e+00
7.984283447265625000e+00
8.099026679992675781e+00
8.156666755676269531e+00
8.159547805786132812e+00
7.902664661407470703e+00
7.778936386108398438e+00
8.207099914550781250e+00
8.070095062255859375e+00
8.159907341003417969e+00
8.107378005981445312e+00
8.102152824401855469e+00
7.927643299102783203e+00
8.107527732849121094e+00
8.135375976562500000e+00
8.028694152832031250e+00
8.007648468017578125e+00
8.126092910766601562e+00
8.234013557434082031e+00
8.290763854980468750e+00
8.170632362365722656e+00
7.922884941101074219e+00
8.151169776916503906e+00
8.115673065185546875e+00
8.023359298706054688e+00
8.072914123535156250e+00
8.022717475891113281e+00
8.140753746032714844e+00
8.230957031250000000e+00
8.028784751892089844e+00
7.970636367797851562e+00
8.115352630615234375e+00
7.967079639434814453e+00
8.040618896484375000e+00
8.015201568603515625e+00
8.024208068847656250e+00
8.104001998901367188e+00
8.251852035522460938e+00
8.298626899719238281e+00
8.087734222412109375e+00
8.028707504272460938e+00
8.146326065063476562e+00
7.982576847076416016e+00
8.055423736572265625e+00
8.187166213989257812e+00
8.003001213073730469e+00
8.063600540161132812e+00
7.951745033264160156e+00
7.962633609771728516e+00
7.987886428833007812e+00
8.221739768981933594e+00
8.140083312988281250e+00
8.205689430236816406e+00
8.086931228637695312e+00
7.993065357208251953e+00
8.068224906921386719e+00
8.125814437866210938e+00
8.084002494812011719e+00
8.159949302673339844e+00
8.024188995361328125e+00
7.959032535552978516e+00
8.300287246704101562e+00
8.058196067810058594e+00
8.101115226745605469e+00
8.119252204895019531e+00
8.167860031127929688e+00
8.153925895690917969e+00
8.252929687500000000e+00
8.176554679870605469e+00
8.244938850402832031e+00
8.074674606323242188e+00
8.013566017150878906e+00
8.248180389404296875e+00
7.807375907897949219e+00
7.882102012634277344e+00
8.076690673828125000e+00
7.914495468139648438e+00
8.083540916442871094e+00
8.075102806091308594e+00
8.127508163452148438e+00
7.913899898529052734e+00
7.944804191589355469e+00
8.031005859375000000e+00
8.126463890075683594e+00
8.059978485107421875e+00
8.072975158691406250e+00
7.850033283233642578e+00
8.063964843750000000e+00
8.207877159118652344e+00
8.341417312622070312e+00
8.164628028869628906e+00
8.048986434936523438e+00
8.154323577880859375e+00
7.990832805633544922e+00
7.978911876678466797e+00
8.536012649536132812e+00
8.190548896789550781e+00
7.961453437805175781e+00
7.872265338897705078e+00
8.189415931701660156e+00
8.134648323059082031e+00
8.106203079223632812e+00
8.262459754943847656e+00
7.964312076568603516e+00
7.948705196380615234e+00
8.117835998535156250e+00
8.100074768066406250e+00
8.195638656616210938e+00
8.307692527770996094e+00
7.896927833557128906e+00
8.035609245300292969e+00
7.913854598999023438e+00
8.180025100708007812e+00
8.016184806823730469e+00
8.071832656860351562e+00
7.993062973022460938e+00
8.091762542724609375e+00
8.027312278747558594e+00
8.075133323669433594e+00
8.138066291809082031e+00
8.177541732788085938e+00
8.072846412658691406e+00
8.091606140136718750e+00
8.071840286254882812e+00
8.349792480468750000e+00
7.571504116058349609e+00
8.125805854797363281e+00
8.262636184692382812e+00
8.066102981567382812e+00
7.954505443572998047e+00
8.049544334411621094e+00
8.007124900817871094e+00
8.021020889282226562e+00
8.194160461425781250e+00
8.162437438964843750e+00
8.031488418579101562e+00
7.935534954071044922e+00
8.004739761352539062e+00
8.142749786376953125e+00
8.124818801879882812e+00
7.976210594177246094e+00
8.019005775451660156e+00
7.873112678527832031e+00
8.001667976379394531e+00
7.892968177795410156e+00
8.140320777893066406e+00
8.049582481384277344e+00
8.037011146545410156e+00
8.186580657958984375e+00
8.033502578735351562e+00
7.928493022918701172e+00
8.019265174865722656e+00
8.048045158386230469e+00
7.901106834411621094e+00
8.045156478881835938e+00
7.940346717834472656e+00
8.001270294189453125e+00
8.177001953125000000e+00
8.013018608093261719e+00
7.993390560150146484e+00
8.020269393920898438e+00
8.214804649353027344e+00
8.207759857177734375e+00
7.980933666229248047e+00
7.956149101257324219e+00
8.102834701538085938e+00
7.895114421844482422e+00
8.016912460327148438e+00
8.148281097412109375e+00
8.150116920471191406e+00
8.144169807434082031e+00
8.087647438049316406e+00
7.999226570129394531e+00
8.047248840332031250e+00
8.308688163757324219e+00
8.063514709472656250e+00
8.066827774047851562e+00
8.084528923034667969e+00
7.965220451354980469e+00
8.133487701416015625e+00
8.096188545227050781e+00
8.071689605712890625e+00
8.093343734741210938e+00
7.918763160705566406e+00
7.807760715484619141e+00
8.127375602722167969e+00
7.957107543945312500e+00
8.204193115234375000e+00
8.136687278747558594e+00
7.856999397277832031e+00
7.876946449279785156e+00
7.940390110015869141e+00
8.163956642150878906e+00
8.101290702819824219e+00
7.831387042999267578e+00
7.964233875274658203e+00
7.956454753875732422e+00
8.132955551147460938e+00
7.934839725494384766e+00
8.150336265563964844e+00
7.651377201080322266e+00
8.085582733154296875e+00
8.128012657165527344e+00
8.183183670043945312e+00
7.999954700469970703e+00
8.270753860473632812e+00
7.934597492218017578e+00
7.961494445800781250e+00
8.250798225402832031e+00
8.138405799865722656e+00
7.678320407867431641e+00
8.079735755920410156e+00
8.078797340393066406e+00
7.961100101470947266e+00
7.906424522399902344e+00
8.126978874206542969e+00
8.360154151916503906e+00
8.125947952270507812e+00
7.914217948913574219e+00
8.302481651306152344e+00
8.099042892456054688e+00
7.950372695922851562e+00
8.203353881835937500e+00
7.970488071441650391e+00
8.057471275329589844e+00
7.898620128631591797e+00
8.155841827392578125e+00
8.235839843750000000e+00
7.985169410705566406e+00
7.928043365478515625e+00
8.026382446289062500e+00
7.941550731658935547e+00
8.175246238708496094e+00
7.897365093231201172e+00
7.980408191680908203e+00
8.263453483581542969e+00
8.045197486877441406e+00
8.286213874816894531e+00
8.092675209045410156e+00
8.180350303649902344e+00
8.042910575866699219e+00
8.058570861816406250e+00
8.052372932434082031e+00
7.989161014556884766e+00
8.068945884704589844e+00
8.131397247314453125e+00
8.060228347778320312e+00
8.113452911376953125e+00
8.090890884399414062e+00
8.160428047180175781e+00
8.074209213256835938e+00
7.951179981231689453e+00
7.862533569335937500e+00
8.167516708374023438e+00
8.113411903381347656e+00
8.177500724792480469e+00
8.169626235961914062e+00
7.882634162902832031e+00
8.108702659606933594e+00
8.017354011535644531e+00
7.873279571533203125e+00
8.263957977294921875e+00
8.172051429748535156e+00
7.917903423309326172e+00
8.228324890136718750e+00
7.914914608001708984e+00
7.781898021697998047e+00
8.149835586547851562e+00
7.984848499298095703e+00
8.127133369445800781e+00
8.343778610229492188e+00
8.090898513793945312e+00
8.245839118957519531e+00
7.939448356628417969e+00
8.023014068603515625e+00
8.070116043090820312e+00
8.081449508666992188e+00
8.025091171264648438e+00
8.039521217346191406e+00
7.983465671539306641e+00
8.143353462219238281e+00
8.172455787658691406e+00
7.827795982360839844e+00
8.224013328552246094e+00
8.093550682067871094e+00
7.883891105651855469e+00
8.330064773559570312e+00
7.989128589630126953e+00
7.984994411468505859e+00
8.212828636169433594e+00
7.821570396423339844e+00
7.966523170471191406e+00
8.116888046264648438e+00
8.163951873779296875e+00
8.201813697814941406e+00
8.122996330261230469e+00
8.273042678833007812e+00
8.093759536743164062e+00
8.150852203369140625e+00
7.896168231964111328e+00
8.184444427490234375e+00
8.154439926147460938e+00
7.878185272216796875e+00
8.214312553405761719e+00
8.140696525573730469e+00
8.002862930297851562e+00
7.969422817230224609e+00
8.046885490417480469e+00
8.022999763488769531e+00
8.096111297607421875e+00
8.054514884948730469e+00
8.054594039916992188e+00
8.220370292663574219e+00
8.126664161682128906e+00
8.192189216613769531e+00
7.908658981323242188e+00
8.069739341735839844e+00
8.138018608093261719e+00
7.962803840637207031e+00
8.235996246337890625e+00
8.223340988159179688e+00
8.198122978210449219e+00
8.016755104064941406e+00
8.295639038085937500e+00
8.264543533325195312e+00
8.167418479919433594e+00
8.191763877868652344e+00
8.064159393310546875e+00
7.872653961181640625e+00
8.208316802978515625e+00
8.111078262329101562e+00
7.994621753692626953e+00
8.119651794433593750e+00
7.912213802337646484e+00
8.185112953186035156e+00
8.019913673400878906e+00
8.111798286437988281e+00
8.084330558776855469e+00
7.976937770843505859e+00
8.096947669982910156e+00
8.104349136352539062e+00
8.113141059875488281e+00
7.906441211700439453e+00
8.101672172546386719e+00
7.806798458099365234e+00
8.285759925842285156e+00
8.053975105285644531e+00
8.151671409606933594e+00
8.161172866821289062e+00
7.967566013336181641e+00
8.216206550598144531e+00
7.953141689300537109e+00
7.818940162658691406e+00
8.037961959838867188e+00
8.122550964355468750e+00
8.065930366516113281e+00
8.045308113098144531e+00
8.069678306579589844e+00
8.057418823242187500e+00
8.022876739501953125e+00
7.996861457824707031e+00
7.914665699005126953e+00
8.214306831359863281e+00
8.114154815673828125e+00
7.951197624206542969e+00
8.140115737915039062e+00
8.099407196044921875e+00
8.173664093017578125e+00
7.823624134063720703e+00
8.132680892944335938e+00
8.166253089904785156e+00
8.121897697448730469e+00
8.151963233947753906e+00
8.085386276245117188e+00
7.997130393981933594e+00
8.059720993041992188e+00
7.914387226104736328e+00
8.061319351196289062e+00
7.972367763519287109e+00
8.140723228454589844e+00
8.141054153442382812e+00
8.063038825988769531e+00
7.828384876251220703e+00
8.273010253906250000e+00
8.039571762084960938e+00
8.212169647216796875e+00
8.273913383483886719e+00
8.154588699340820312e+00
7.945257663726806641e+00
7.959143161773681641e+00
8.167098999023437500e+00
8.249341011047363281e+00
8.236535072326660156e+00
8.151494026184082031e+00
8.045622825622558594e+00
8.179731369018554688e+00
7.907305240631103516e+00
7.967140197753906250e+00
7.893546104431152344e+00
7.714000701904296875e+00
8.202475547790527344e+00
7.973377704620361328e+00
8.260543823242187500e+00
8.169648170471191406e+00
8.070887565612792969e+00
8.062146186828613281e+00
7.823824405670166016e+00
8.010118484497070312e+00
8.001137733459472656e+00
8.101237297058105469e+00
7.897772312164306641e+00
8.001687049865722656e+00
7.926958560943603516e+00
7.826910018920898438e+00
8.139752388000488281e+00
8.082882881164550781e+00
8.114226341247558594e+00
8.122110366821289062e+00
8.031899452209472656e+00
7.788740158081054688e+00
8.064181327819824219e+00
8.173869132995605469e+00
8.065857887268066406e+00
8.042487144470214844e+00
8.147038459777832031e+00
8.232788085937500000e+00
8.046396255493164062e+00
8.080102920532226562e+00
8.033858299255371094e+00
8.119796752929687500e+00
8.061534881591796875e+00
8.116584777832031250e+00
8.112028121948242188e+00
7.952455997467041016e+00
8.115923881530761719e+00
8.157382011413574219e+00
8.067801475524902344e+00
8.217494964599609375e+00
7.929817676544189453e+00
8.073231697082519531e+00
8.141588211059570312e+00
7.991410732269287109e+00
8.217306137084960938e+00
8.013522148132324219e+00
8.211469650268554688e+00
8.002582550048828125e+00
7.881691455841064453e+00
8.056680679321289062e+00
8.098728179931640625e+00
7.929372787475585938e+00
8.144476890563964844e+00
8.324101448059082031e+00
7.927685260772705078e+00
8.082904815673828125e+00
8.157079696655273438e+00
8.186464309692382812e+00
8.078660011291503906e+00
7.987779140472412109e+00
8.202058792114257812e+00
8.076616287231445312e+00
7.970274448394775391e+00
8.022258758544921875e+00
8.174724578857421875e+00
8.038330078125000000e+00
7.933639526367187500e+00
7.929003715515136719e+00
8.206611633300781250e+00
7.935327053070068359e+00
8.142914772033691406e+00
8.000242233276367188e+00
8.202963829040527344e+00
8.137756347656250000e+00
7.866258621215820312e+00
7.982841491699218750e+00
8.216003417968750000e+00
8.021195411682128906e+00
8.012128829956054688e+00
7.725622653961181641e+00
7.744448661804199219e+00
8.122872352600097656e+00
8.016447067260742188e+00
8.019681930541992188e+00
8.084376335144042969e+00
8.037775039672851562e+00
7.967025279998779297e+00
8.157845497131347656e+00
8.152965545654296875e+00
8.066803932189941406e+00
8.091162681579589844e+00
8.048394203186035156e+00
8.114708900451660156e+00
8.101891517639160156e+00
7.941046237945556641e+00
8.205811500549316406e+00
8.083823204040527344e+00
7.951992988586425781e+00
8.174646377563476562e+00
8.118295669555664062e+00
7.981680870056152344e+00
8.027365684509277344e+00
8.085063934326171875e+00
8.090549468994140625e+00
8.123968124389648438e+00
8.127336502075195312e+00
8.214811325073242188e+00
7.743113517761230469e+00
8.179252624511718750e+00
8.055996894836425781e+00
8.119433403015136719e+00
8.000179290771484375e+00
8.174055099487304688e+00
8.138165473937988281e+00
8.213212966918945312e+00
8.183936119079589844e+00
7.968428134918212891e+00
7.956061363220214844e+00
8.077157974243164062e+00
8.192002296447753906e+00
8.028004646301269531e+00
7.981456279754638672e+00
8.151471138000488281e+00
8.156604766845703125e+00
8.095914840698242188e+00
8.058384895324707031e+00
8.084268569946289062e+00
7.937209606170654297e+00
8.080441474914550781e+00
7.991375446319580078e+00
7.963347434997558594e+00
7.966630935668945312e+00
8.177695274353027344e+00
7.978921413421630859e+00
8.055608749389648438e+00
7.945363998413085938e+00
8.122621536254882812e+00
7.957161426544189453e+00
8.085972785949707031e+00
8.081151962280273438e+00
8.000305175781250000e+00
8.143759727478027344e+00
7.846010208129882812e+00
8.075060844421386719e+00
8.281719207763671875e+00
8.000810623168945312e+00
8.053977012634277344e+00
8.069780349731445312e+00
8.040640830993652344e+00
7.744641780853271484e+00
8.045803070068359375e+00
8.074230194091796875e+00
8.111049652099609375e+00
8.131370544433593750e+00
8.221067428588867188e+00
8.013281822204589844e+00
8.150997161865234375e+00
7.997084140777587891e+00
7.986885070800781250e+00
8.129738807678222656e+00
7.936457633972167969e+00
8.078998565673828125e+00
8.032468795776367188e+00
8.164406776428222656e+00
8.034861564636230469e+00
7.925355434417724609e+00
8.065827369689941406e+00
7.981626510620117188e+00
8.181750297546386719e+00
8.241420745849609375e+00
8.020574569702148438e+00
8.096759796142578125e+00
8.011501312255859375e+00
7.998982906341552734e+00
7.963049411773681641e+00
7.960922718048095703e+00
8.171696662902832031e+00
8.041275978088378906e+00
8.072613716125488281e+00
8.143169403076171875e+00
8.126080513000488281e+00
7.987718105316162109e+00
8.170007705688476562e+00
8.016725540161132812e+00
8.073736190795898438e+00
7.881838321685791016e+00
8.020169258117675781e+00
8.268036842346191406e+00
8.182876586914062500e+00
8.099703788757324219e+00
7.965955734252929688e+00
7.903433799743652344e+00
7.909912109375000000e+00
8.262152671813964844e+00
8.149041175842285156e+00
8.024166107177734375e+00
7.774477005004882812e+00
7.928795337677001953e+00
8.038650512695312500e+00
8.055754661560058594e+00
8.180723190307617188e+00
8.096289634704589844e+00
8.173304557800292969e+00
7.916195869445800781e+00
8.168556213378906250e+00
8.172698974609375000e+00
7.977406501770019531e+00
8.108758926391601562e+00
8.137704849243164062e+00
8.050331115722656250e+00
8.073326110839843750e+00
8.017134666442871094e+00
8.038664817810058594e+00
8.257089614868164062e+00
8.038171768188476562e+00
7.765227317810058594e+00
8.075056076049804688e+00
7.977194309234619141e+00
8.046197891235351562e+00
7.667205810546875000e+00
8.098032951354980469e+00
8.194258689880371094e+00
7.992945194244384766e+00
7.954211711883544922e+00
8.036316871643066406e+00
8.132756233215332031e+00
8.225956916809082031e+00
7.901291847229003906e+00
8.041650772094726562e+00
8.018199920654296875e+00
8.013018608093261719e+00
8.148128509521484375e+00
8.203588485717773438e+00
8.212836265563964844e+00
7.935484886169433594e+00
8.157116889953613281e+00
8.057313919067382812e+00
8.203717231750488281e+00
8.052461624145507812e+00
7.716551780700683594e+00
8.051919937133789062e+00
7.954185009002685547e+00
8.210093498229980469e+00
8.031916618347167969e+00
8.175480842590332031e+00
8.131400108337402344e+00
8.136343002319335938e+00
7.851137638092041016e+00
7.930233478546142578e+00
8.015651702880859375e+00
7.951334953308105469e+00
8.091412544250488281e+00
8.067431449890136719e+00
8.052615165710449219e+00
8.140965461730957031e+00
8.141569137573242188e+00
8.206123352050781250e+00
8.161251068115234375e+00
8.010583877563476562e+00
7.942656517028808594e+00
8.010441780090332031e+00
7.996898651123046875e+00
7.996595382690429688e+00
8.029665946960449219e+00
8.032878875732421875e+00
8.013210296630859375e+00
7.922252178192138672e+00
8.058910369873046875e+00
8.007771492004394531e+00
8.100693702697753906e+00
8.065006256103515625e+00
8.095750808715820312e+00
8.085827827453613281e+00
8.188380241394042969e+00
7.981398105621337891e+00
8.074958801269531250e+00
7.958802700042724609e+00
8.147675514221191406e+00
8.073150634765625000e+00
7.986374855041503906e+00
8.088766098022460938e+00
8.226060867309570312e+00
8.165793418884277344e+00
8.050487518310546875e+00
8.007826805114746094e+00
8.108905792236328125e+00
7.918841838836669922e+00
8.211400985717773438e+00
8.195338249206542969e+00
8.043475151062011719e+00
8.098072052001953125e+00
8.064096450805664062e+00
8.045564651489257812e+00
8.153134346008300781e+00
7.957505226135253906e+00
8.070052146911621094e+00
8.028250694274902344e+00
7.948708534240722656e+00
8.048391342163085938e+00
8.025100708007812500e+00
7.938217163085937500e+00
7.904267311096191406e+00
8.034021377563476562e+00
8.030016899108886719e+00
7.984707832336425781e+00
7.992025852203369141e+00
8.157030105590820312e+00
8.121736526489257812e+00
8.135853767395019531e+00
7.980233192443847656e+00
8.106242179870605469e+00
8.182139396667480469e+00
8.261007308959960938e+00
8.133928298950195312e+00
8.173604011535644531e+00
7.987497806549072266e+00
8.035503387451171875e+00
8.221013069152832031e+00
7.979918479919433594e+00
7.964932918548583984e+00
7.966616630554199219e+00
8.067632675170898438e+00
8.300749778747558594e+00
7.980080604553222656e+00
8.180708885192871094e+00
8.230443954467773438e+00
7.991552352905273438e+00
8.098554611206054688e+00
8.063044548034667969e+00
8.117935180664062500e+00
7.983736038208007812e+00
8.124318122863769531e+00
8.106658935546875000e+00
8.046150207519531250e+00
8.234049797058105469e+00
7.983201026916503906e+00
8.149121284484863281e+00
7.872591495513916016e+00
8.169015884399414062e+00
7.968139648437500000e+00
8.150219917297363281e+00
7.983569622039794922e+00
8.108654975891113281e+00
8.151842117309570312e+00
7.944504261016845703e+00
8.190000534057617188e+00
8.148798942565917969e+00
7.820396900177001953e+00
7.843849658966064453e+00
7.977577686309814453e+00
7.930660724639892578e+00
8.053340911865234375e+00
8.063007354736328125e+00
8.075494766235351562e+00
8.039864540100097656e+00
7.962829113006591797e+00
7.864502906799316406e+00
8.026576042175292969e+00
8.237688064575195312e+00
8.073592185974121094e+00
7.914916992187500000e+00
7.993657588958740234e+00
8.054918289184570312e+00
8.103262901306152344e+00
8.056735992431640625e+00
7.995051383972167969e+00
8.008391380310058594e+00
8.153230667114257812e+00
8.085736274719238281e+00
8.146018981933593750e+00
7.897967338562011719e+00
7.895690917968750000e+00
8.190719604492187500e+00
8.128404617309570312e+00
7.990238189697265625e+00
7.858303070068359375e+00
7.871657848358154297e+00
8.028394699096679688e+00
8.142018318176269531e+00
8.183521270751953125e+00
7.757507324218750000e+00
8.005089759826660156e+00
8.255006790161132812e+00
8.001041412353515625e+00
7.978513240814208984e+00
8.017621040344238281e+00
8.422123908996582031e+00
8.096237182617187500e+00
8.013530731201171875e+00
8.127300262451171875e+00
8.197516441345214844e+00
8.245883941650390625e+00
8.058420181274414062e+00
7.999528884887695312e+00
8.104013442993164062e+00
8.220262527465820312e+00
8.167265892028808594e+00
8.171244621276855469e+00
7.785983562469482422e+00
8.210277557373046875e+00
8.101737022399902344e+00
8.062694549560546875e+00
7.956315517425537109e+00
8.015613555908203125e+00
8.035085678100585938e+00
8.132728576660156250e+00
7.986939907073974609e+00
8.017593383789062500e+00
8.095930099487304688e+00
7.950071334838867188e+00
7.998880863189697266e+00
8.003696441650390625e+00
7.850277900695800781e+00
7.945174217224121094e+00
8.058632850646972656e+00
8.130836486816406250e+00
7.942960262298583984e+00
7.853236675262451172e+00
8.081522941589355469e+00
8.090009689331054688e+00
8.016157150268554688e+00
7.993708610534667969e+00
7.990118980407714844e+00
8.051057815551757812e+00
8.203289985656738281e+00
8.025298118591308594e+00
7.990787029266357422e+00
7.844897747039794922e+00
8.172266960144042969e+00
8.136219024658203125e+00
8.044819831848144531e+00
8.207064628601074219e+00
8.220895767211914062e+00
7.995763778686523438e+00
7.867852687835693359e+00
8.115062713623046875e+00
8.258825302124023438e+00
8.071755409240722656e+00
8.143774986267089844e+00
8.058491706848144531e+00
8.149745941162109375e+00
8.091040611267089844e+00
7.930464744567871094e+00
8.169193267822265625e+00
7.937770843505859375e+00
7.912001132965087891e+00
8.177591323852539062e+00
7.917649745941162109e+00
8.099340438842773438e+00
8.001040458679199219e+00
8.222955703735351562e+00
7.971437931060791016e+00
7.997857570648193359e+00
8.235476493835449219e+00
8.083687782287597656e+00
7.923327922821044922e+00
8.123030662536621094e+00
7.910058021545410156e+00
8.102464675903320312e+00
8.182353019714355469e+00
8.069588661193847656e+00
8.092665672302246094e+00
8.076724052429199219e+00
8.153785705566406250e+00
8.230916976928710938e+00
7.612150192260742188e+00
7.979018211364746094e+00
7.873022556304931641e+00
8.132862091064453125e+00
8.207453727722167969e+00
8.133933067321777344e+00
8.286913871765136719e+00
8.126240730285644531e+00
8.031160354614257812e+00
8.227890968322753906e+00
8.109777450561523438e+00
8.008968353271484375e+00
8.107138633728027344e+00
8.097089767456054688e+00
7.954079627990722656e+00
7.709686756134033203e+00
7.974418640136718750e+00
8.157821655273437500e+00
8.053295135498046875e+00
8.216827392578125000e+00
8.031224250793457031e+00
8.151870727539062500e+00
8.021940231323242188e+00
8.166646957397460938e+00
7.989924907684326172e+00
7.976552486419677734e+00
8.034836769104003906e+00
7.975344657897949219e+00
8.192583084106445312e+00
8.049200057983398438e+00
7.951512336730957031e+00
8.164202690124511719e+00
8.121942520141601562e+00
8.167901039123535156e+00
8.139145851135253906e+00
7.857191085815429688e+00
7.949061870574951172e+00
8.054925918579101562e+00
8.012969017028808594e+00
8.029313087463378906e+00
8.090578079223632812e+00
8.159813880920410156e+00
8.158294677734375000e+00
8.038287162780761719e+00
8.073945999145507812e+00
7.951860904693603516e+00
8.177620887756347656e+00
8.073502540588378906e+00
8.092973709106445312e+00
8.312604904174804688e+00
8.017125129699707031e+00
8.213055610656738281e+00
8.285342216491699219e+00
8.069260597229003906e+00
8.071217536926269531e+00
7.929219245910644531e+00
7.974199295043945312e+00
7.876799106597900391e+00
8.144803047180175781e+00
8.183957099914550781e+00
8.079944610595703125e+00
8.143579483032226562e+00
8.144808769226074219e+00
7.974861145019531250e+00
8.084611892700195312e+00
8.009714126586914062e+00
7.977563381195068359e+00
8.128834724426269531e+00
8.032569885253906250e+00
8.034149169921875000e+00
8.078619956970214844e+00
8.052174568176269531e+00
8.098051071166992188e+00
7.967574119567871094e+00
8.169203758239746094e+00
7.982667922973632812e+00
7.938566207885742188e+00
8.056587219238281250e+00
8.209838867187500000e+00
8.071019172668457031e+00
8.015155792236328125e+00
8.113339424133300781e+00
8.113578796386718750e+00
8.049944877624511719e+00
7.953061580657958984e+00
7.903093814849853516e+00
7.844892501831054688e+00
7.904789447784423828e+00
8.060759544372558594e+00
7.882421493530273438e+00
8.047608375549316406e+00
8.080316543579101562e+00
8.057442665100097656e+00
8.018846511840820312e+00
8.214698791503906250e+00
8.165806770324707031e+00
7.938465118408203125e+00
8.097113609313964844e+00
8.030314445495605469e+00
8.130429267883300781e+00
7.956379413604736328e+00
7.925440311431884766e+00
8.074846267700195312e+00
8.115916252136230469e+00
7.978350162506103516e+00
8.256776809692382812e+00
8.128801345825195312e+00
8.000622749328613281e+00
8.185794830322265625e+00
7.880715370178222656e+00
7.794008255004882812e+00
8.028075218200683594e+00
7.919438362121582031e+00
7.938660621643066406e+00
8.146128654479980469e+00
7.954700469970703125e+00
8.240415573120117188e+00
8.190270423889160156e+00
8.035803794860839844e+00
8.125290870666503906e+00
8.121686935424804688e+00
7.935156345367431641e+00
7.998973369598388672e+00
8.030183792114257812e+00
7.978867530822753906e+00
8.088278770446777344e+00
8.194678306579589844e+00
7.982199192047119141e+00
8.093799591064453125e+00
8.086927413940429688e+00
7.972392082214355469e+00
7.860230922698974609e+00
8.121175765991210938e+00
7.994552612304687500e+00
8.114550590515136719e+00
8.114607810974121094e+00
8.132396697998046875e+00
8.094544410705566406e+00
8.046759605407714844e+00
8.007193565368652344e+00
7.937672138214111328e+00
7.864153861999511719e+00
8.051777839660644531e+00
8.030813217163085938e+00
8.148238182067871094e+00
7.982244968414306641e+00
8.144982337951660156e+00
8.021994590759277344e+00
7.936851978302001953e+00
8.089133262634277344e+00
7.985614299774169922e+00
7.973290920257568359e+00
7.843212604522705078e+00
8.098182678222656250e+00
7.701847553253173828e+00
8.075535774230957031e+00
7.943679332733154297e+00
8.076114654541015625e+00
8.133649826049804688e+00
8.019358634948730469e+00
8.097506523132324219e+00
7.993011951446533203e+00
8.034548759460449219e+00
8.238009452819824219e+00
7.931759834289550781e+00
8.053432464599609375e+00
8.174484252929687500e+00
7.963944911956787109e+00
7.936053752899169922e+00
8.107630729675292969e+00
8.025640487670898438e+00
8.024040222167968750e+00
8.032332420349121094e+00
8.094733238220214844e+00
7.941637992858886719e+00
8.008637428283691406e+00
8.079039573669433594e+00
7.920275688171386719e+00
8.046099662780761719e+00
8.067780494689941406e+00
8.233176231384277344e+00
7.924880504608154297e+00
8.149488449096679688e+00
8.064216613769531250e+00
8.140979766845703125e+00
7.988898277282714844e+00
8.114030838012695312e+00
8.154928207397460938e+00
7.635515689849853516e+00
8.033781051635742188e+00
8.057613372802734375e+00
8.013892173767089844e+00
7.763991832733154297e+00
8.251524925231933594e+00
8.023970603942871094e+00
8.128908157348632812e+00
7.776622772216796875e+00
8.249118804931640625e+00
8.031693458557128906e+00
8.092857360839843750e+00
7.985462188720703125e+00
8.200751304626464844e+00
8.108214378356933594e+00
7.896403312683105469e+00
8.107936859130859375e+00
8.008270263671875000e+00
8.127816200256347656e+00
8.026625633239746094e+00
8.209878921508789062e+00
8.125950813293457031e+00
8.110768318176269531e+00
7.736475944519042969e+00
8.254547119140625000e+00
7.630658626556396484e+00
8.299225807189941406e+00
7.686972618103027344e+00
8.013467788696289062e+00
8.064051628112792969e+00
8.019200325012207031e+00
7.976309299468994141e+00
8.109873771667480469e+00
8.056755065917968750e+00
7.955752372741699219e+00
8.085462570190429688e+00
8.048274040222167969e+00
8.066388130187988281e+00
8.203838348388671875e+00
8.189869880676269531e+00
7.913812637329101562e+00
8.031937599182128906e+00
8.196450233459472656e+00
8.206068038940429688e+00
8.017865180969238281e+00
7.980251312255859375e+00
8.170749664306640625e+00
8.018622398376464844e+00
8.225820541381835938e+00
8.026362419128417969e+00
8.107021331787109375e+00
8.088350296020507812e+00
8.060474395751953125e+00
8.145868301391601562e+00
8.165851593017578125e+00
8.019550323486328125e+00
8.213351249694824219e+00
8.144059181213378906e+00
8.095633506774902344e+00
8.039516448974609375e+00
7.895702838897705078e+00
7.791953563690185547e+00
7.840996742248535156e+00
7.941979885101318359e+00
8.031036376953125000e+00
8.110095977783203125e+00
8.206508636474609375e+00
7.928058624267578125e+00
8.257111549377441406e+00
8.224748611450195312e+00
8.138023376464843750e+00
7.961352348327636719e+00
8.185083389282226562e+00
8.126782417297363281e+00
7.917349815368652344e+00
8.079117774963378906e+00
8.196526527404785156e+00
7.948539733886718750e+00
8.027188301086425781e+00
7.893990516662597656e+00
8.001723289489746094e+00
8.028484344482421875e+00
8.149199485778808594e+00
8.092484474182128906e+00
7.962759494781494141e+00
7.935819149017333984e+00
7.936045646667480469e+00
8.119848251342773438e+00
7.747545242309570312e+00
8.075098991394042969e+00
8.040738105773925781e+00
7.861474514007568359e+00
8.197916030883789062e+00
8.167420387268066406e+00
7.968805789947509766e+00
8.085041999816894531e+00
8.181287765502929688e+00
8.092237472534179688e+00
7.943883419036865234e+00
8.066555976867675781e+00
8.112255096435546875e+00
8.141790390014648438e+00
7.848239898681640625e+00
8.256301879882812500e+00
8.062881469726562500e+00
7.932299613952636719e+00
7.839805603027343750e+00
7.907430648803710938e+00
8.168180465698242188e+00
8.199704170227050781e+00
7.985301971435546875e+00
8.201733589172363281e+00
8.055842399597167969e+00
7.885613918304443359e+00
8.022684097290039062e+00
8.190442085266113281e+00
7.918056488037109375e+00
7.966931819915771484e+00
7.861177444458007812e+00
7.956571102142333984e+00
8.115704536437988281e+00
8.163816452026367188e+00
8.001164436340332031e+00
7.925535678863525391e+00
8.175619125366210938e+00
7.892159461975097656e+00
7.893234252929687500e+00
8.251105308532714844e+00
7.773575782775878906e+00
8.181084632873535156e+00
8.109818458557128906e+00
7.999897003173828125e+00
8.161961555480957031e+00
8.239303588867187500e+00
7.934418678283691406e+00
8.028519630432128906e+00
8.072638511657714844e+00
8.017643928527832031e+00
8.025861740112304688e+00
8.114218711853027344e+00
7.999804019927978516e+00
7.967153549194335938e+00
8.088215827941894531e+00
7.994318485260009766e+00
8.085448265075683594e+00
7.950011730194091797e+00
8.190804481506347656e+00
8.132375717163085938e+00
8.029620170593261719e+00
8.229220390319824219e+00
8.069092750549316406e+00
8.035194396972656250e+00
7.973332405090332031e+00
8.066141128540039062e+00
8.225279808044433594e+00
8.163324356079101562e+00
7.994824409484863281e+00
7.858079910278320312e+00
8.295132637023925781e+00
8.136945724487304688e+00
8.009079933166503906e+00
8.102343559265136719e+00
7.986971378326416016e+00
7.902822494506835938e+00
8.105870246887207031e+00
8.064576148986816406e+00
8.078393936157226562e+00
8.105446815490722656e+00
8.071745872497558594e+00
7.847067356109619141e+00
7.947159767150878906e+00
8.105599403381347656e+00
8.040042877197265625e+00
7.989070415496826172e+00
8.047103881835937500e+00
7.803181171417236328e+00
8.186484336853027344e+00
7.988519668579101562e+00
8.110494613647460938e+00
8.052269935607910156e+00
8.116226196289062500e+00
8.055866241455078125e+00
8.035023689270019531e+00
7.975880146026611328e+00
7.934985160827636719e+00
8.159340858459472656e+00
7.852882862091064453e+00
7.919332981109619141e+00
8.027747154235839844e+00
8.081920623779296875e+00
8.209383010864257812e+00
8.101065635681152344e+00
7.947387218475341797e+00
7.761038780212402344e+00
8.104946136474609375e+00
8.190170288085937500e+00
8.132401466369628906e+00
8.038369178771972656e+00
8.075873374938964844e+00
8.213459014892578125e+00
8.087834358215332031e+00
8.069149971008300781e+00
8.065513610839843750e+00
8.091836929321289062e+00
8.032247543334960938e+00
7.917434692382812500e+00
7.902703285217285156e+00
7.778316020965576172e+00
8.110218048095703125e+00
8.185525894165039062e+00
8.117424011230468750e+00
7.869277954101562500e+00
7.756488800048828125e+00
8.148404121398925781e+00
7.923487663269042969e+00
7.846347808837890625e+00
7.974385738372802734e+00
8.020552635192871094e+00
8.011037826538085938e+00
8.155327796936035156e+00
8.225130081176757812e+00
7.981155872344970703e+00
8.076183319091796875e+00
8.127402305603027344e+00
8.006640434265136719e+00
8.048685073852539062e+00
8.130150794982910156e+00
8.122915267944335938e+00
8.120434761047363281e+00
7.884727478027343750e+00
8.059208869934082031e+00
8.074687957763671875e+00
8.073575019836425781e+00
7.972898960113525391e+00
8.056637763977050781e+00
8.040247917175292969e+00
7.836904048919677734e+00
8.088785171508789062e+00
7.963545322418212891e+00
7.991704463958740234e+00
8.111545562744140625e+00
7.926259040832519531e+00
8.174885749816894531e+00
7.878645896911621094e+00
7.763505458831787109e+00
8.022127151489257812e+00
8.211260795593261719e+00
8.069523811340332031e+00
7.730335712432861328e+00
7.926546096801757812e+00
8.057641983032226562e+00
7.945096492767333984e+00
8.104578018188476562e+00
8.015402793884277344e+00
8.044904708862304688e+00
8.191133499145507812e+00
8.033745765686035156e+00
8.050137519836425781e+00
8.053571701049804688e+00
8.098911285400390625e+00
8.163792610168457031e+00
8.044323921203613281e+00
8.007718086242675781e+00
8.028144836425781250e+00
7.883722782135009766e+00
8.204842567443847656e+00
8.099338531494140625e+00
8.003385543823242188e+00
8.086235046386718750e+00
7.950093269348144531e+00
8.164400100708007812e+00
8.033763885498046875e+00
8.178347587585449219e+00
8.146342277526855469e+00
8.056981086730957031e+00
7.856579303741455078e+00
8.047282218933105469e+00
7.802626609802246094e+00
7.819680690765380859e+00
8.243241310119628906e+00
7.806728363037109375e+00
7.926463603973388672e+00
8.266053199768066406e+00
8.119651794433593750e+00
8.056225776672363281e+00
7.949522495269775391e+00
8.095794677734375000e+00
8.188725471496582031e+00
8.031987190246582031e+00
8.053538322448730469e+00
8.148052215576171875e+00
8.167437553405761719e+00
7.926741123199462891e+00
8.019788742065429688e+00
7.967089653015136719e+00
8.233458518981933594e+00
8.194610595703125000e+00
7.901348114013671875e+00
8.051439285278320312e+00
8.075790405273437500e+00
8.151707649230957031e+00
8.135840415954589844e+00
8.139274597167968750e+00
7.812134265899658203e+00
7.930251598358154297e+00
8.050861358642578125e+00
8.128920555114746094e+00
8.112013816833496094e+00
8.073975563049316406e+00
7.946652889251708984e+00
8.053408622741699219e+00
8.039911270141601562e+00
8.018189430236816406e+00
7.923348426818847656e+00
7.940464973449707031e+00
8.054493904113769531e+00
8.035013198852539062e+00
7.851567745208740234e+00
8.117505073547363281e+00
8.031227111816406250e+00
8.033844947814941406e+00
7.957385540008544922e+00
7.855644702911376953e+00
8.106801986694335938e+00
8.021672248840332031e+00
7.979304313659667969e+00
8.063365936279296875e+00
8.017800331115722656e+00
7.950574874877929688e+00
8.100579261779785156e+00
8.095256805419921875e+00
7.606342792510986328e+00
7.935213565826416016e+00
7.750498771667480469e+00
8.083771705627441406e+00
7.901855468750000000e+00
8.079240798950195312e+00
8.072258949279785156e+00
7.987842559814453125e+00
8.123625755310058594e+00
8.031146049499511719e+00
8.049346923828125000e+00
8.099941253662109375e+00
8.134752273559570312e+00
7.984125137329101562e+00
8.095900535583496094e+00
8.160730361938476562e+00
7.896506786346435547e+00
7.966298580169677734e+00
8.014454841613769531e+00
8.007308959960937500e+00
7.933903217315673828e+00
7.929023742675781250e+00
7.951535224914550781e+00
7.899324893951416016e+00
8.032451629638671875e+00
8.102901458740234375e+00
8.116177558898925781e+00
8.139569282531738281e+00
8.142989158630371094e+00
8.152325630187988281e+00
7.926935672760009766e+00
8.057968139648437500e+00
7.908936500549316406e+00
8.043369293212890625e+00
7.769203186035156250e+00
8.051792144775390625e+00
7.980596065521240234e+00
8.009209632873535156e+00
8.072161674499511719e+00
8.011650085449218750e+00
7.845955848693847656e+00
7.996783733367919922e+00
8.143666267395019531e+00
8.040815353393554688e+00
7.974131107330322266e+00
7.911069869995117188e+00
7.982397079467773438e+00
8.090023040771484375e+00
8.122026443481445312e+00
8.022262573242187500e+00
8.097214698791503906e+00
7.990262508392333984e+00
8.044282913208007812e+00
7.902539253234863281e+00
7.942190170288085938e+00
8.088644027709960938e+00
8.077020645141601562e+00
8.017176628112792969e+00
8.054977416992187500e+00
7.985868930816650391e+00
7.929992198944091797e+00
7.947787761688232422e+00
8.020447731018066406e+00
8.018294334411621094e+00
8.209462165832519531e+00
8.031582832336425781e+00
8.059964179992675781e+00
8.013933181762695312e+00
7.956014633178710938e+00
8.087815284729003906e+00
7.929735660552978516e+00
7.998578548431396484e+00
7.963652610778808594e+00
7.706757545471191406e+00
7.831190586090087891e+00
7.735815048217773438e+00
7.982220649719238281e+00
8.102187156677246094e+00
8.078780174255371094e+00
8.148216247558593750e+00
8.089865684509277344e+00
7.905085563659667969e+00
8.157989501953125000e+00
8.018404960632324219e+00
7.914674758911132812e+00
8.075107574462890625e+00
7.977448463439941406e+00
8.151030540466308594e+00
7.935159206390380859e+00
7.961884975433349609e+00
7.836975097656250000e+00
8.026059150695800781e+00
8.049708366394042969e+00
8.051534652709960938e+00
7.906326770782470703e+00
7.901350021362304688e+00
7.934463977813720703e+00
7.867886543273925781e+00
7.992614746093750000e+00
7.955654144287109375e+00
7.884178161621093750e+00
7.997445106506347656e+00
7.989755630493164062e+00
8.109809875488281250e+00
7.876587867736816406e+00
8.081528663635253906e+00
8.025049209594726562e+00
8.006835937500000000e+00
8.080909729003906250e+00
7.940618515014648438e+00
8.048433303833007812e+00
8.110994338989257812e+00
7.968382358551025391e+00
8.150878906250000000e+00
7.862267494201660156e+00
7.990166187286376953e+00
8.062824249267578125e+00
8.128530502319335938e+00
8.040046691894531250e+00
8.185490608215332031e+00
7.897628307342529297e+00
7.830752849578857422e+00
7.945527076721191406e+00
8.044208526611328125e+00
7.879589080810546875e+00
7.883090496063232422e+00
8.093216896057128906e+00
8.062253952026367188e+00
8.093532562255859375e+00
7.985005855560302734e+00
7.874434471130371094e+00
8.020027160644531250e+00
8.344090461730957031e+00
7.949500083923339844e+00
7.967639923095703125e+00
8.080736160278320312e+00
8.016462326049804688e+00
8.076281547546386719e+00
8.090200424194335938e+00
7.886541366577148438e+00
7.962133884429931641e+00
7.940728187561035156e+00
7.932684898376464844e+00
8.085443496704101562e+00
8.133236885070800781e+00
8.060360908508300781e+00
8.040595054626464844e+00
7.864248275756835938e+00
8.013119697570800781e+00
8.135107040405273438e+00
7.859071731567382812e+00
7.953951835632324219e+00
7.705659389495849609e+00
8.107805252075195312e+00
8.077800750732421875e+00
8.053038597106933594e+00
7.886833190917968750e+00
8.000118255615234375e+00
7.962053775787353516e+00
7.884204864501953125e+00
8.216568946838378906e+00
7.932161331176757812e+00
8.162714004516601562e+00
8.086843490600585938e+00
8.061278343200683594e+00
7.654066085815429688e+00
8.103253364562988281e+00
7.961961746215820312e+00
8.108995437622070312e+00
8.045398712158203125e+00
7.977882385253906250e+00
7.941277503967285156e+00
7.847467899322509766e+00
7.987886905670166016e+00
7.965304851531982422e+00
7.864781856536865234e+00
8.188089370727539062e+00
8.123718261718750000e+00
8.040523529052734375e+00
8.251770973205566406e+00
8.041382789611816406e+00
8.028641700744628906e+00
7.844603061676025391e+00
8.088216781616210938e+00
7.953216075897216797e+00
8.072421073913574219e+00
7.906910896301269531e+00
8.109776496887207031e+00
8.043174743652343750e+00
7.993885517120361328e+00
7.859554767608642578e+00
8.004769325256347656e+00
7.957473754882812500e+00
7.787531852722167969e+00
8.002596855163574219e+00
8.142681121826171875e+00
7.927153110504150391e+00
8.179822921752929688e+00
8.034636497497558594e+00
7.886493206024169922e+00
7.933458805084228516e+00
7.980341434478759766e+00
7.726542472839355469e+00
7.916198253631591797e+00
8.099805831909179688e+00
7.585974693298339844e+00
8.003554344177246094e+00
8.127878189086914062e+00
8.134663581848144531e+00
7.993134498596191406e+00
8.217438697814941406e+00
8.110326766967773438e+00
7.952386379241943359e+00
7.896560192108154297e+00
8.071702957153320312e+00
7.930769920349121094e+00
8.040403366088867188e+00
8.032375335693359375e+00
8.107110977172851562e+00
8.129622459411621094e+00
8.222563743591308594e+00
8.074148178100585938e+00
7.935124397277832031e+00
7.804016590118408203e+00
7.811142444610595703e+00
8.015454292297363281e+00
8.026429176330566406e+00
7.976043701171875000e+00
8.254903793334960938e+00
7.911574363708496094e+00
7.691754817962646484e+00
7.893373489379882812e+00
8.047828674316406250e+00
8.039965629577636719e+00
7.958898544311523438e+00
8.106669425964355469e+00
8.072505950927734375e+00
8.083544731140136719e+00
7.967007637023925781e+00
8.063799858093261719e+00
8.210856437683105469e+00
8.014156341552734375e+00
7.905935287475585938e+00
8.035048484802246094e+00
8.097002983093261719e+00
8.082858085632324219e+00
8.188509941101074219e+00
8.109016418457031250e+00
7.860134601593017578e+00
8.081506729125976562e+00
8.026669502258300781e+00
7.920969009399414062e+00
8.068570137023925781e+00
7.950385570526123047e+00
7.813818931579589844e+00
8.017952919006347656e+00
8.018465995788574219e+00
8.113473892211914062e+00
7.987031459808349609e+00
8.115534782409667969e+00
7.997274398803710938e+00
7.880624771118164062e+00
8.002411842346191406e+00
8.015259742736816406e+00
8.203478813171386719e+00
8.097633361816406250e+00
8.092876434326171875e+00
8.192120552062988281e+00
7.988684654235839844e+00
7.608038425445556641e+00
8.191754341125488281e+00
7.937418937683105469e+00
7.543538093566894531e+00
8.083615303039550781e+00
8.129355430603027344e+00
8.084591865539550781e+00
7.724922180175781250e+00
8.021015167236328125e+00
7.786938190460205078e+00
8.143307685852050781e+00
8.166348457336425781e+00
7.921363830566406250e+00
7.854781150817871094e+00
8.156523704528808594e+00
7.993549346923828125e+00
8.094167709350585938e+00
7.964860439300537109e+00
8.318649291992187500e+00
8.086846351623535156e+00
7.950764656066894531e+00
7.667102336883544922e+00
8.224050521850585938e+00
8.184831619262695312e+00
7.916937351226806641e+00
8.166505813598632812e+00
8.121687889099121094e+00
8.084822654724121094e+00
7.960840702056884766e+00
8.227118492126464844e+00
8.051805496215820312e+00
7.695923805236816406e+00
7.954626083374023438e+00
8.045694351196289062e+00
7.893995761871337891e+00
7.949730396270751953e+00
8.212440490722656250e+00
7.900154590606689453e+00
8.000269889831542969e+00
7.940276622772216797e+00
8.098611831665039062e+00
8.200083732604980469e+00
7.864913940429687500e+00
7.919291973114013672e+00
7.957648277282714844e+00
7.992163181304931641e+00
8.076570510864257812e+00
8.144683837890625000e+00
7.965744972229003906e+00
7.969230175018310547e+00
8.110957145690917969e+00
8.008825302124023438e+00
7.942652225494384766e+00
7.929020881652832031e+00
7.981969356536865234e+00
7.873612403869628906e+00
7.968778610229492188e+00
8.051652908325195312e+00
7.889626026153564453e+00
8.245567321777343750e+00
8.026595115661621094e+00
8.120209693908691406e+00
7.821869850158691406e+00
8.148857116699218750e+00
7.827857971191406250e+00
7.944056987762451172e+00
7.733438968658447266e+00
8.099288940429687500e+00
7.961072444915771484e+00
8.052306175231933594e+00
8.057743072509765625e+00
7.906613349914550781e+00
7.774635314941406250e+00
7.851202487945556641e+00
8.055440902709960938e+00
7.952260017395019531e+00
7.740033149719238281e+00
8.155233383178710938e+00
8.111295700073242188e+00
8.179430961608886719e+00
8.028058052062988281e+00
7.995863437652587891e+00
8.025465965270996094e+00
8.053016662597656250e+00
7.863515377044677734e+00
8.099358558654785156e+00
7.972016811370849609e+00
7.941165447235107422e+00
7.749646186828613281e+00
7.823438167572021484e+00
7.996007919311523438e+00
7.833989620208740234e+00
8.061202049255371094e+00
7.907536029815673828e+00
8.097607612609863281e+00
7.817507266998291016e+00
8.050297737121582031e+00
8.089783668518066406e+00
7.857001304626464844e+00
7.994895935058593750e+00
8.001953125000000000e+00
8.141311645507812500e+00
8.164486885070800781e+00
8.035724639892578125e+00
8.157156944274902344e+00
8.114315032958984375e+00
8.042511940002441406e+00
8.010256767272949219e+00
7.869687557220458984e+00
7.936793804168701172e+00
8.221237182617187500e+00
7.832080364227294922e+00
7.875694274902343750e+00
7.866112232208251953e+00
8.148230552673339844e+00
8.046779632568359375e+00
7.891026973724365234e+00
8.013650894165039062e+00
7.828464031219482422e+00
8.140259742736816406e+00
7.999551296234130859e+00
7.982033729553222656e+00
8.004524230957031250e+00
8.124590873718261719e+00
7.975695133209228516e+00
8.113557815551757812e+00
8.145050048828125000e+00
7.795349121093750000e+00
7.824369907379150391e+00
8.018856048583984375e+00
8.125692367553710938e+00
8.003947257995605469e+00
8.146698951721191406e+00
8.002196311950683594e+00
7.817114353179931641e+00
7.868947982788085938e+00
7.807469367980957031e+00
8.057301521301269531e+00
8.014469146728515625e+00
8.079012870788574219e+00
8.006495475769042969e+00
7.954948425292968750e+00
7.732320308685302734e+00
8.075306892395019531e+00
7.906650543212890625e+00
7.959915161132812500e+00
7.988099098205566406e+00
8.014827728271484375e+00
7.952563762664794922e+00
8.238620758056640625e+00
7.861392498016357422e+00
8.138379096984863281e+00
7.958035945892333984e+00
7.834436416625976562e+00
7.920967578887939453e+00
7.998654842376708984e+00
7.926677227020263672e+00
7.982957363128662109e+00
7.917066097259521484e+00
8.127161026000976562e+00
7.975378990173339844e+00
8.113620758056640625e+00
7.913482666015625000e+00
8.323374748229980469e+00
7.941932678222656250e+00
7.961334705352783203e+00
8.143406867980957031e+00
8.096596717834472656e+00
8.180358886718750000e+00
7.926399707794189453e+00
8.006277084350585938e+00
7.815163612365722656e+00
8.136072158813476562e+00
7.915874958038330078e+00
7.908214092254638672e+00
7.620063781738281250e+00
7.948637008666992188e+00
7.937906265258789062e+00
7.970589637756347656e+00
8.294859886169433594e+00
8.039702415466308594e+00
8.030116081237792969e+00
7.943449020385742188e+00
8.056952476501464844e+00
8.024014472961425781e+00
7.909433364868164062e+00
7.747884273529052734e+00
8.015043258666992188e+00
8.053906440734863281e+00
7.872585296630859375e+00
8.053890228271484375e+00
7.974305629730224609e+00
8.056662559509277344e+00
7.882400989532470703e+00
7.928075313568115234e+00
7.993797779083251953e+00
8.076680183410644531e+00
8.218897819519042969e+00
8.323027610778808594e+00
7.949283123016357422e+00
8.041134834289550781e+00
8.156957626342773438e+00
8.033192634582519531e+00
8.069302558898925781e+00
8.077443122863769531e+00
8.068783760070800781e+00
7.908434867858886719e+00
8.033316612243652344e+00
8.047626495361328125e+00
8.049341201782226562e+00
7.922336578369140625e+00
7.937929153442382812e+00
8.002019882202148438e+00
7.993822097778320312e+00
7.992694377899169922e+00
7.869884967803955078e+00
7.832107543945312500e+00
8.079029083251953125e+00
7.861385822296142578e+00
8.129127502441406250e+00
7.932226181030273438e+00
7.824456214904785156e+00
8.140513420104980469e+00
8.096232414245605469e+00
8.040964126586914062e+00
8.024395942687988281e+00
8.019146919250488281e+00
7.890569210052490234e+00
7.961629390716552734e+00
7.963306427001953125e+00
8.013339996337890625e+00
7.973917961120605469e+00
8.098537445068359375e+00
8.086908340454101562e+00
7.969911098480224609e+00
8.038517951965332031e+00
8.076457023620605469e+00
7.931199073791503906e+00
8.057299613952636719e+00
8.522656440734863281e+00
8.035060882568359375e+00
8.046010971069335938e+00
8.013450622558593750e+00
7.820473670959472656e+00
8.190035820007324219e+00
7.910786151885986328e+00
8.071637153625488281e+00
8.198041915893554688e+00
8.085060119628906250e+00
8.049588203430175781e+00
7.959677219390869141e+00
7.917771339416503906e+00
8.072411537170410156e+00
7.977324485778808594e+00
7.964488983154296875e+00
8.222058296203613281e+00
8.153953552246093750e+00
8.096282005310058594e+00
7.974830627441406250e+00
8.031109809875488281e+00
7.939517974853515625e+00
7.852379322052001953e+00
8.101354598999023438e+00
7.734158039093017578e+00
7.987040519714355469e+00
7.895955085754394531e+00
7.981997489929199219e+00
8.450009346008300781e+00
8.239206314086914062e+00
8.015377044677734375e+00
8.052943229675292969e+00
8.023220062255859375e+00
8.104867935180664062e+00
7.902582645416259766e+00
7.932056427001953125e+00
8.101407051086425781e+00
8.041119575500488281e+00
8.014984130859375000e+00
7.678535461425781250e+00
7.830935001373291016e+00
7.840497493743896484e+00
7.976627349853515625e+00
8.036707878112792969e+00
7.850321292877197266e+00
8.032038688659667969e+00
7.941886901855468750e+00
7.917779922485351562e+00
8.018392562866210938e+00
7.993432521820068359e+00
7.930198669433593750e+00
7.766060352325439453e+00
7.899142742156982422e+00
8.106651306152343750e+00
7.976800918579101562e+00
8.238243103027343750e+00
7.678904056549072266e+00
7.965861320495605469e+00
8.044501304626464844e+00
8.015377998352050781e+00
8.047606468200683594e+00
7.855754852294921875e+00
7.986031055450439453e+00
8.079652786254882812e+00
8.031577110290527344e+00
8.051059722900390625e+00
7.907073497772216797e+00
8.168330192565917969e+00
8.089688301086425781e+00
8.226133346557617188e+00
7.942273139953613281e+00
8.057602882385253906e+00
7.963929653167724609e+00
7.988895893096923828e+00
8.030742645263671875e+00
8.053215026855468750e+00
7.906736850738525391e+00
7.969302654266357422e+00
8.186989784240722656e+00
8.061523437500000000e+00
8.112966537475585938e+00
8.132732391357421875e+00
8.177888870239257812e+00
7.964306354522705078e+00
7.662184238433837891e+00
8.148858070373535156e+00
7.833369731903076172e+00
8.058998107910156250e+00
7.855671405792236328e+00
7.687162399291992188e+00
7.817380905151367188e+00
7.981890678405761719e+00
7.985013961791992188e+00
7.758312702178955078e+00
8.103077888488769531e+00
8.183464050292968750e+00
8.102220535278320312e+00
8.270386695861816406e+00
8.149146080017089844e+00
7.909919261932373047e+00
8.079627990722656250e+00
7.926811218261718750e+00
7.919982433319091797e+00
7.997091770172119141e+00
8.283127784729003906e+00
7.969964027404785156e+00
8.056549072265625000e+00
7.922182083129882812e+00
7.947315216064453125e+00
7.884000778198242188e+00
8.019592285156250000e+00
7.979945659637451172e+00
7.982733249664306641e+00
8.049719810485839844e+00
7.996230602264404297e+00
8.006629943847656250e+00
8.027665138244628906e+00
7.712622165679931641e+00
8.061102867126464844e+00
7.769610404968261719e+00
8.029796600341796875e+00
7.923056125640869141e+00
8.083000183105468750e+00
8.041870117187500000e+00
8.079936981201171875e+00
7.899615764617919922e+00
8.034905433654785156e+00
7.813517570495605469e+00
8.039526939392089844e+00
8.130869865417480469e+00
8.103996276855468750e+00
8.057305335998535156e+00
7.959617137908935547e+00
8.325333595275878906e+00
8.090701103210449219e+00
8.093380928039550781e+00
7.997046470642089844e+00
7.940806865692138672e+00
8.076883316040039062e+00
7.959378242492675781e+00
7.955710411071777344e+00
8.040200233459472656e+00
7.823415756225585938e+00
7.891642570495605469e+00
8.065612792968750000e+00
7.842947483062744141e+00
7.995075225830078125e+00
8.166848182678222656e+00
7.862843513488769531e+00
7.954126834869384766e+00
7.822904586791992188e+00
7.930793285369873047e+00
8.026636123657226562e+00
7.790101528167724609e+00
8.000108718872070312e+00
7.938218593597412109e+00
8.090495109558105469e+00
8.141139030456542969e+00
8.040801048278808594e+00
7.746165752410888672e+00
7.965088367462158203e+00
8.040384292602539062e+00
7.906579017639160156e+00
7.928741455078125000e+00
7.962567806243896484e+00
8.171286582946777344e+00
8.020807266235351562e+00
8.173100471496582031e+00
7.865462779998779297e+00
8.082272529602050781e+00
7.770758152008056641e+00
7.960395812988281250e+00
7.936585426330566406e+00
7.864015102386474609e+00
8.127593994140625000e+00
8.153108596801757812e+00
8.066780090332031250e+00
8.008201599121093750e+00
8.007134437561035156e+00
7.985860824584960938e+00
8.078683853149414062e+00
7.920178413391113281e+00
8.133037567138671875e+00
7.982344150543212891e+00
7.813712120056152344e+00
8.068960189819335938e+00
8.109239578247070312e+00
7.939177989959716797e+00
7.949160099029541016e+00
7.926545619964599609e+00
8.100070953369140625e+00
7.994215488433837891e+00
7.996572971343994141e+00
7.980490684509277344e+00
7.894316673278808594e+00
8.147400856018066406e+00
7.955325126647949219e+00
8.126893997192382812e+00
7.923575401306152344e+00
8.009993553161621094e+00
7.919070243835449219e+00
8.112363815307617188e+00
8.078123092651367188e+00
8.094478607177734375e+00
8.032578468322753906e+00
7.968687057495117188e+00
8.024589538574218750e+00
7.914411067962646484e+00
8.078206062316894531e+00
7.935911178588867188e+00
8.017411231994628906e+00
7.943475246429443359e+00
7.851674556732177734e+00
7.998442173004150391e+00
7.804950714111328125e+00
7.937092304229736328e+00
7.823298931121826172e+00
7.900611400604248047e+00
8.165712356567382812e+00
8.090112686157226562e+00
8.083717346191406250e+00
8.189784049987792969e+00
7.770885467529296875e+00
7.893208980560302734e+00
8.160629272460937500e+00
7.968772888183593750e+00
7.862116336822509766e+00
7.966238498687744141e+00
7.951426029205322266e+00
8.034102439880371094e+00
8.133855819702148438e+00
7.933145999908447266e+00
7.899309635162353516e+00
7.981836318969726562e+00
8.011750221252441406e+00
7.978828430175781250e+00
8.128621101379394531e+00
8.188551902770996094e+00
7.835824966430664062e+00
7.929715633392333984e+00
8.135434150695800781e+00
7.786720752716064453e+00
7.859601497650146484e+00
7.957015037536621094e+00
7.989956855773925781e+00
8.041668891906738281e+00
7.881755828857421875e+00
8.087058067321777344e+00
8.049818038940429688e+00
7.847816944122314453e+00
8.466025352478027344e+00
7.925989151000976562e+00
7.947215557098388672e+00
8.178594589233398438e+00
8.027308464050292969e+00
7.947498798370361328e+00
8.000249862670898438e+00
7.994632244110107422e+00
7.912092208862304688e+00
7.983120918273925781e+00
8.007898330688476562e+00
7.904676437377929688e+00
8.169604301452636719e+00
8.102282524108886719e+00
7.825970649719238281e+00
7.729960441589355469e+00
7.854132175445556641e+00
7.786263942718505859e+00
7.863582134246826172e+00
8.114051818847656250e+00
7.932578563690185547e+00
8.068362236022949219e+00
8.077921867370605469e+00
8.215809822082519531e+00
7.904413700103759766e+00
8.037752151489257812e+00
8.040906906127929688e+00
8.040910720825195312e+00
7.908313274383544922e+00
8.036886215209960938e+00
7.758084297180175781e+00
7.983134746551513672e+00
7.887862682342529297e+00
7.904891967773437500e+00
7.865778446197509766e+00
7.959099292755126953e+00
7.986573696136474609e+00
7.813876628875732422e+00
7.962974071502685547e+00
7.907970428466796875e+00
7.911025524139404297e+00
8.076255798339843750e+00
8.084174156188964844e+00
7.888756275177001953e+00
7.865535736083984375e+00
8.102946281433105469e+00
8.136303901672363281e+00
8.117046356201171875e+00
8.008805274963378906e+00
7.947979927062988281e+00
8.043734550476074219e+00
8.032108306884765625e+00
7.997232913970947266e+00
8.338903427124023438e+00
8.017131805419921875e+00
8.003645896911621094e+00
8.148039817810058594e+00
7.855226993560791016e+00
7.858241558074951172e+00
8.045851707458496094e+00
7.974125862121582031e+00
8.052340507507324219e+00
8.166125297546386719e+00
7.939879417419433594e+00
7.945080757141113281e+00
8.086054801940917969e+00
7.945497512817382812e+00
7.940515518188476562e+00
7.997965335845947266e+00
7.997734069824218750e+00
7.888322830200195312e+00
7.915457725524902344e+00
8.011812210083007812e+00
7.966337203979492188e+00
8.087953567504882812e+00
8.278023719787597656e+00
7.939438819885253906e+00
7.934528827667236328e+00
7.671571731567382812e+00
7.946296691894531250e+00
8.003444671630859375e+00
8.072500228881835938e+00
7.839478969573974609e+00
7.941841602325439453e+00
8.026486396789550781e+00
7.956169128417968750e+00
7.910833358764648438e+00
7.940808773040771484e+00
8.120862960815429688e+00
8.036038398742675781e+00
7.981992244720458984e+00
7.915103912353515625e+00
7.895464420318603516e+00
7.469963550567626953e+00
8.025277137756347656e+00
7.912550449371337891e+00
7.833512306213378906e+00
7.737999916076660156e+00
7.989470005035400391e+00
7.850811004638671875e+00
7.997399330139160156e+00
8.123175621032714844e+00
8.000728607177734375e+00
7.827593803405761719e+00
8.137656211853027344e+00
8.264180183410644531e+00
8.155017852783203125e+00
7.914310455322265625e+00
7.902019023895263672e+00
8.040366172790527344e+00
8.032711982727050781e+00
8.013559341430664062e+00
7.764775753021240234e+00
8.004372596740722656e+00
8.087610244750976562e+00
8.189561843872070312e+00
8.099857330322265625e+00
7.965139865875244141e+00
8.026544570922851562e+00
7.965349197387695312e+00
8.078940391540527344e+00
8.131116867065429688e+00
8.145728111267089844e+00
7.861875534057617188e+00
7.875613689422607422e+00
7.999400615692138672e+00
8.125438690185546875e+00
8.063536643981933594e+00
7.897300243377685547e+00
8.035392761230468750e+00
7.946374893188476562e+00
8.001023292541503906e+00
7.908732414245605469e+00
7.964963436126708984e+00
8.007428169250488281e+00
8.045561790466308594e+00
7.927518367767333984e+00
8.039752960205078125e+00
8.051112174987792969e+00
8.138921737670898438e+00
8.061766624450683594e+00
8.004819869995117188e+00
8.149502754211425781e+00
7.882447719573974609e+00
7.997173786163330078e+00
7.874795436859130859e+00
7.785965919494628906e+00
7.737706661224365234e+00
8.110877990722656250e+00
7.943033218383789062e+00
8.119400024414062500e+00
7.816940307617187500e+00
8.007649421691894531e+00
8.098604202270507812e+00
7.983364582061767578e+00
8.073517799377441406e+00
7.965590953826904297e+00
7.816534996032714844e+00
7.958231449127197266e+00
7.862198352813720703e+00
8.115985870361328125e+00
7.756218910217285156e+00
7.906386852264404297e+00
7.898152828216552734e+00
7.983586311340332031e+00
7.829469680786132812e+00
7.884339809417724609e+00
8.113211631774902344e+00
8.181766510009765625e+00
7.905169963836669922e+00
8.033944129943847656e+00
8.076285362243652344e+00
7.746669769287109375e+00
8.037003517150878906e+00
7.877727985382080078e+00
7.950605392456054688e+00
7.963377952575683594e+00
8.106737136840820312e+00
8.053863525390625000e+00
8.080383300781250000e+00
7.870512962341308594e+00
8.269754409790039062e+00
7.992279052734375000e+00
7.913987636566162109e+00
7.807085037231445312e+00
7.885533809661865234e+00
7.748662471771240234e+00
8.014975547790527344e+00
8.034415245056152344e+00
7.805722713470458984e+00
7.933694839477539062e+00
7.988942146301269531e+00
7.851871967315673828e+00
7.869707107543945312e+00
7.674656391143798828e+00
8.003546714782714844e+00
8.002834320068359375e+00
7.979030609130859375e+00
8.005160331726074219e+00
8.174532890319824219e+00
7.862938880920410156e+00
7.995746135711669922e+00
8.059800148010253906e+00
8.018353462219238281e+00
7.865039825439453125e+00
7.864114284515380859e+00
8.105421066284179688e+00
8.131055831909179688e+00
8.011532783508300781e+00
7.876922607421875000e+00
8.197987556457519531e+00
8.045351028442382812e+00
7.955224514007568359e+00
8.019539833068847656e+00
8.051700592041015625e+00
7.823597431182861328e+00
7.989455223083496094e+00
7.959856510162353516e+00
7.937978744506835938e+00
7.833020210266113281e+00
7.678848743438720703e+00
8.049603462219238281e+00
7.915323734283447266e+00
7.877584457397460938e+00
7.988344669342041016e+00
8.210659027099609375e+00
7.940100669860839844e+00
7.931869983673095703e+00
7.929361343383789062e+00
7.862012863159179688e+00
7.986867427825927734e+00
7.896680355072021484e+00
8.036993026733398438e+00
7.860999107360839844e+00
7.981498241424560547e+00
8.133385658264160156e+00
7.782783985137939453e+00
8.163642883300781250e+00
7.741165637969970703e+00
8.129879951477050781e+00
8.076045036315917969e+00
7.737182140350341797e+00
7.975090980529785156e+00
8.062543869018554688e+00
7.880236148834228516e+00
8.092670440673828125e+00
7.963250160217285156e+00
7.977746963500976562e+00
8.087400436401367188e+00
7.953434944152832031e+00
7.966323375701904297e+00
7.918441772460937500e+00
7.936126708984375000e+00
7.941550254821777344e+00
8.056191444396972656e+00
7.929596424102783203e+00
8.018359184265136719e+00
8.033378601074218750e+00
7.932509899139404297e+00
7.950106143951416016e+00
7.902147293090820312e+00
7.875293731689453125e+00
8.010711669921875000e+00
8.022473335266113281e+00
7.988224506378173828e+00
7.666949748992919922e+00
8.007740020751953125e+00
8.041681289672851562e+00
7.897578239440917969e+00
7.986684322357177734e+00
8.015781402587890625e+00
7.916579246520996094e+00
8.227988243103027344e+00
8.023257255554199219e+00
7.971240520477294922e+00
7.988860607147216797e+00
8.159042358398437500e+00
8.061291694641113281e+00
8.073265075683593750e+00
7.862673282623291016e+00
7.868836402893066406e+00
7.947162151336669922e+00
8.024358749389648438e+00
7.670192241668701172e+00
8.030533790588378906e+00
7.955255508422851562e+00
7.951428413391113281e+00
8.089624404907226562e+00
7.708369731903076172e+00
8.028905868530273438e+00
8.067761421203613281e+00
7.960331439971923828e+00
7.883275985717773438e+00
7.946141242980957031e+00
8.073171615600585938e+00
7.815762519836425781e+00
8.058897972106933594e+00
7.918889045715332031e+00
7.861165046691894531e+00
8.002297401428222656e+00
8.075022697448730469e+00
7.882884502410888672e+00
7.901635646820068359e+00
7.718441963195800781e+00
7.830010890960693359e+00
7.931698799133300781e+00
8.040964126586914062e+00
8.167215347290039062e+00
8.040083885192871094e+00
7.892291069030761719e+00
7.903226852416992188e+00
7.844494342803955078e+00
7.950689315795898438e+00
7.885257244110107422e+00
7.965621948242187500e+00
7.921395778656005859e+00
8.085410118103027344e+00
8.021437644958496094e+00
7.881459712982177734e+00
8.152930259704589844e+00
8.063094139099121094e+00
8.071214675903320312e+00
7.911573410034179688e+00
7.920916557312011719e+00
7.933749675750732422e+00
7.932980537414550781e+00
8.174339294433593750e+00
8.046890258789062500e+00
8.055939674377441406e+00
8.103553771972656250e+00
8.039530754089355469e+00
8.015138626098632812e+00
8.150426864624023438e+00
8.001023292541503906e+00
8.051039695739746094e+00
7.959012508392333984e+00
7.953506946563720703e+00
8.064352035522460938e+00
7.944715023040771484e+00
7.994559288024902344e+00
8.209709167480468750e+00
7.982557296752929688e+00
7.963932514190673828e+00
8.063013076782226562e+00
8.015410423278808594e+00
8.122222900390625000e+00
8.024948120117187500e+00
7.967750549316406250e+00
7.778720378875732422e+00
7.898351669311523438e+00
8.057921409606933594e+00
7.794887542724609375e+00
7.907706737518310547e+00
8.124895095825195312e+00
7.872862815856933594e+00
7.898376941680908203e+00
7.911306858062744141e+00
7.969139575958251953e+00
7.930909156799316406e+00
7.810410976409912109e+00
7.951852798461914062e+00
8.093214988708496094e+00
7.659130096435546875e+00
7.787669181823730469e+00
7.923100471496582031e+00
7.915953159332275391e+00
8.120129585266113281e+00
7.892793178558349609e+00
7.955246925354003906e+00
8.000576019287109375e+00
7.763334274291992188e+00
7.988806247711181641e+00
7.962820529937744141e+00
7.913615226745605469e+00
8.058818817138671875e+00
8.065042495727539062e+00
7.939195632934570312e+00
8.385585784912109375e+00
7.867537021636962891e+00
8.277104377746582031e+00
8.119994163513183594e+00
8.181461334228515625e+00
7.980664253234863281e+00
7.930012226104736328e+00
7.993772506713867188e+00
8.094052314758300781e+00
7.957978725433349609e+00
7.876428604125976562e+00
8.183864593505859375e+00
7.923797130584716797e+00
7.926120758056640625e+00
7.808852195739746094e+00
7.846730232238769531e+00
8.012564659118652344e+00
8.114769935607910156e+00
8.118834495544433594e+00
8.168214797973632812e+00
7.792479515075683594e+00
8.249686241149902344e+00
8.004133224487304688e+00
8.010822296142578125e+00
8.118493080139160156e+00
7.683056354522705078e+00
7.933222293853759766e+00
8.039324760437011719e+00
8.158854484558105469e+00
7.801326274871826172e+00
8.025449752807617188e+00
8.079169273376464844e+00
7.778065204620361328e+00
8.089302062988281250e+00
8.021548271179199219e+00
8.023241043090820312e+00
8.088742256164550781e+00
8.002078056335449219e+00
8.011340141296386719e+00
7.812234878540039062e+00
8.088874816894531250e+00
7.858353137969970703e+00
7.898577690124511719e+00
8.031504631042480469e+00
7.928538799285888672e+00
7.867126464843750000e+00
8.163752555847167969e+00
8.073431968688964844e+00
8.058681488037109375e+00
7.901809692382812500e+00
8.077278137207031250e+00
8.152676582336425781e+00
8.037529945373535156e+00
8.015048027038574219e+00
7.989178657531738281e+00
8.010717391967773438e+00
7.946091175079345703e+00
7.788238048553466797e+00
8.139686584472656250e+00
7.989059448242187500e+00
7.943350791931152344e+00
8.092082023620605469e+00
7.969875335693359375e+00
7.926120281219482422e+00
7.924938678741455078e+00
8.047806739807128906e+00
8.029494285583496094e+00
7.896552562713623047e+00
7.825217723846435547e+00
7.890902042388916016e+00
8.160750389099121094e+00
8.048050880432128906e+00
8.095917701721191406e+00
7.905955314636230469e+00
8.128265380859375000e+00
7.935320854187011719e+00
8.292714118957519531e+00
7.952779293060302734e+00
8.106835365295410156e+00
7.939522266387939453e+00
7.857379436492919922e+00
7.907126426696777344e+00
8.052044868469238281e+00
7.992525100708007812e+00
7.940965175628662109e+00
8.066658020019531250e+00
7.971267700195312500e+00
7.677898883819580078e+00
7.894172191619873047e+00
8.015259742736816406e+00
8.046997070312500000e+00
7.899556636810302734e+00
7.858266830444335938e+00
7.470186710357666016e+00
8.005780220031738281e+00
8.052655220031738281e+00
7.840553283691406250e+00
8.056885719299316406e+00
7.848375797271728516e+00
7.956459999084472656e+00
8.105098724365234375e+00
7.778001785278320312e+00
8.126177787780761719e+00
7.896908283233642578e+00
8.087529182434082031e+00
7.969319343566894531e+00
8.065390586853027344e+00
8.192041397094726562e+00
7.907896518707275391e+00
7.906801700592041016e+00
8.051441192626953125e+00
7.951960563659667969e+00
8.074904441833496094e+00
7.925722122192382812e+00
8.146045684814453125e+00
8.130684852600097656e+00
7.956526279449462891e+00
7.769365310668945312e+00
8.114745140075683594e+00
7.908823490142822266e+00
8.010550498962402344e+00
8.074060440063476562e+00
7.961682796478271484e+00
7.989106178283691406e+00
8.016381263732910156e+00
7.805130004882812500e+00
7.918874263763427734e+00
8.039925575256347656e+00
8.037854194641113281e+00
7.841829299926757812e+00
7.998529911041259766e+00
8.160485267639160156e+00
7.930095672607421875e+00
7.872365474700927734e+00
7.913766384124755859e+00
7.945439815521240234e+00
8.026501655578613281e+00
7.958184242248535156e+00
8.135056495666503906e+00
7.945965290069580078e+00
8.106519699096679688e+00
8.017897605895996094e+00
8.126287460327148438e+00
7.689363479614257812e+00
7.850472927093505859e+00
7.929063796997070312e+00
7.930492401123046875e+00
7.858849525451660156e+00
8.230998039245605469e+00
7.761785030364990234e+00
7.987625122070312500e+00
8.010898590087890625e+00
7.886377334594726562e+00
8.229584693908691406e+00
7.775021076202392578e+00
7.963094711303710938e+00
8.061209678649902344e+00
8.141607284545898438e+00
7.774699687957763672e+00
7.966270446777343750e+00
7.938139915466308594e+00
7.943650245666503906e+00
7.921151638031005859e+00
8.035562515258789062e+00
7.922871589660644531e+00
7.730483055114746094e+00
8.138041496276855469e+00
7.928974151611328125e+00
7.811751365661621094e+00
7.770262718200683594e+00
7.950541973114013672e+00
8.032465934753417969e+00
8.127044677734375000e+00
7.929752349853515625e+00
7.905736446380615234e+00
8.046663284301757812e+00
8.023538589477539062e+00
8.127229690551757812e+00
8.025412559509277344e+00
8.139216423034667969e+00
7.990127086639404297e+00
7.901164531707763672e+00
8.184611320495605469e+00
7.972508907318115234e+00
7.947911262512207031e+00
7.785727500915527344e+00
7.808565616607666016e+00
8.138074874877929688e+00
8.057335853576660156e+00
8.138480186462402344e+00
7.892481327056884766e+00
8.044663429260253906e+00
7.968879699707031250e+00
7.771535396575927734e+00
7.823902606964111328e+00
8.003896713256835938e+00
7.948327541351318359e+00
7.852763175964355469e+00
7.961099624633789062e+00
7.958440303802490234e+00
8.108566284179687500e+00
8.107487678527832031e+00
7.932226657867431641e+00
8.271669387817382812e+00
7.914040565490722656e+00
7.848670959472656250e+00
7.756114006042480469e+00
7.791549205780029297e+00
7.893154144287109375e+00
7.859450340270996094e+00
7.913933753967285156e+00
8.110866546630859375e+00
7.969511508941650391e+00
7.821225166320800781e+00
7.900630950927734375e+00
7.746991634368896484e+00
7.990492343902587891e+00
8.019028663635253906e+00
8.033095359802246094e+00
8.049885749816894531e+00
8.142126083374023438e+00
7.801084041595458984e+00
7.968075752258300781e+00
8.031784057617187500e+00
7.857321739196777344e+00
7.929220676422119141e+00
7.955090999603271484e+00
7.964270114898681641e+00
8.172507286071777344e+00
7.851829051971435547e+00
8.011826515197753906e+00
7.928867340087890625e+00
7.797134399414062500e+00
8.020776748657226562e+00
7.826833724975585938e+00
7.975994586944580078e+00
7.819612026214599609e+00
7.927020072937011719e+00
7.972678661346435547e+00
7.949232101440429688e+00
7.730676174163818359e+00
8.064467430114746094e+00
7.819135665893554688e+00
7.906372070312500000e+00
7.950732231140136719e+00
7.967779636383056641e+00
8.140903472900390625e+00
8.168662071228027344e+00
7.874705314636230469e+00
7.967197895050048828e+00
8.012258529663085938e+00
7.969291687011718750e+00
7.788171768188476562e+00
7.976884841918945312e+00
7.717036724090576172e+00
8.086798667907714844e+00
7.985900878906250000e+00
8.020950317382812500e+00
7.886491775512695312e+00
8.125618934631347656e+00
7.972155094146728516e+00
7.877849102020263672e+00
7.894157409667968750e+00
7.952897071838378906e+00
7.848378181457519531e+00
7.980084896087646484e+00
8.008227348327636719e+00
8.072814941406250000e+00
8.057680130004882812e+00
7.894627571105957031e+00
8.010581970214843750e+00
8.058894157409667969e+00
8.102237701416015625e+00
7.795719623565673828e+00
7.980949401855468750e+00
7.831612110137939453e+00
8.006015777587890625e+00
7.983761787414550781e+00
7.791169166564941406e+00
7.854308128356933594e+00
8.097661972045898438e+00
8.039018630981445312e+00
7.787160873413085938e+00
7.990767478942871094e+00
8.007246971130371094e+00
7.848901271820068359e+00
8.054902076721191406e+00
7.897029399871826172e+00
8.066471099853515625e+00
8.006088256835937500e+00
7.730797767639160156e+00
7.801679134368896484e+00
7.945274353027343750e+00
7.986518859863281250e+00
7.568937301635742188e+00
7.869341373443603516e+00
7.977680683135986328e+00
8.156829833984375000e+00
8.046269416809082031e+00
8.012848854064941406e+00
8.228220939636230469e+00
7.966595172882080078e+00
8.020895957946777344e+00
7.694839954376220703e+00
7.837826728820800781e+00
7.871249675750732422e+00
7.990409374237060547e+00
8.120886802673339844e+00
8.110150337219238281e+00
7.835433006286621094e+00
7.727824687957763672e+00
7.715933322906494141e+00
7.964586257934570312e+00
7.780000209808349609e+00
8.028421401977539062e+00
7.891232967376708984e+00
7.865624427795410156e+00
7.874601364135742188e+00
7.908650875091552734e+00
8.079759597778320312e+00
8.089746475219726562e+00
7.943634986877441406e+00
8.106233596801757812e+00
8.170148849487304688e+00
7.909924507141113281e+00
7.798051834106445312e+00
7.901147842407226562e+00
7.986612319946289062e+00
8.031513214111328125e+00
8.208792686462402344e+00
7.969332695007324219e+00
7.987565040588378906e+00
8.041327476501464844e+00
8.233462333679199219e+00
7.908831596374511719e+00
8.046755790710449219e+00
7.875074386596679688e+00
7.791109561920166016e+00
8.069844245910644531e+00
7.817451477050781250e+00
8.017351150512695312e+00
7.912621021270751953e+00
7.957339286804199219e+00
8.006574630737304688e+00
7.917974472045898438e+00
8.015864372253417969e+00
7.909647941589355469e+00
7.969867706298828125e+00
8.005086898803710938e+00
8.050320625305175781e+00
8.066544532775878906e+00
7.888621330261230469e+00
8.107673645019531250e+00
7.968148708343505859e+00
8.107400894165039062e+00
8.024302482604980469e+00
8.018879890441894531e+00
7.857513904571533203e+00
7.765709400177001953e+00
7.989729404449462891e+00
7.976577758789062500e+00
7.739587306976318359e+00
8.065525054931640625e+00
7.986893177032470703e+00
7.998825073242187500e+00
7.997394561767578125e+00
7.804581642150878906e+00
7.878847599029541016e+00
8.067971229553222656e+00
7.931159496307373047e+00
8.100101470947265625e+00
7.874863624572753906e+00
7.813086032867431641e+00
7.754631042480468750e+00
8.058154106140136719e+00
7.902638435363769531e+00
7.975844383239746094e+00
8.238295555114746094e+00
7.943508148193359375e+00
7.913657188415527344e+00
8.028376579284667969e+00
8.075785636901855469e+00
8.084756851196289062e+00
8.031617164611816406e+00
8.072321891784667969e+00
7.831407070159912109e+00
8.120770454406738281e+00
8.095152854919433594e+00
7.922179222106933594e+00
7.932005405426025391e+00
7.996298789978027344e+00
8.039680480957031250e+00
7.805686473846435547e+00
7.933707714080810547e+00
8.053020477294921875e+00
7.994030475616455078e+00
8.143691062927246094e+00
7.577494621276855469e+00
7.812915325164794922e+00
7.660708427429199219e+00
7.898921489715576172e+00
7.938080310821533203e+00
8.002378463745117188e+00
7.949579715728759766e+00
7.845653533935546875e+00
7.961787700653076172e+00
7.937783718109130859e+00
7.937343597412109375e+00
7.944884300231933594e+00
8.124740600585937500e+00
7.782210826873779297e+00
7.753547191619873047e+00
7.612379074096679688e+00
8.112116813659667969e+00
8.032860755920410156e+00
8.085367202758789062e+00
7.921100616455078125e+00
7.712470054626464844e+00
7.959059238433837891e+00
7.928643703460693359e+00
7.988150119781494141e+00
8.018321037292480469e+00
7.847726345062255859e+00
8.060553550720214844e+00
8.296287536621093750e+00
8.027293205261230469e+00
8.116859436035156250e+00
7.894113063812255859e+00
7.940831184387207031e+00
8.019105911254882812e+00
8.041549682617187500e+00
8.153133392333984375e+00
8.020495414733886719e+00
7.889375686645507812e+00
7.961240291595458984e+00
7.938210487365722656e+00
8.033094406127929688e+00
8.208277702331542969e+00
7.919447422027587891e+00
7.918598175048828125e+00
7.873604774475097656e+00
7.988805294036865234e+00
8.146448135375976562e+00
8.087224006652832031e+00
7.939493179321289062e+00
7.853274345397949219e+00
8.072218894958496094e+00
8.142542839050292969e+00
8.149359703063964844e+00
7.936313152313232422e+00
7.924787998199462891e+00
7.937256336212158203e+00
8.041720390319824219e+00
8.069086074829101562e+00
7.971829414367675781e+00
7.796298027038574219e+00
7.780175209045410156e+00
7.995484828948974609e+00
7.817115783691406250e+00
7.688146114349365234e+00
7.987783908843994141e+00
7.810964107513427734e+00
8.065273284912109375e+00
7.610697269439697266e+00
7.916687011718750000e+00
7.979187488555908203e+00
7.978722572326660156e+00
7.777588367462158203e+00
8.147853851318359375e+00
8.143939971923828125e+00
8.034915924072265625e+00
7.906085014343261719e+00
7.994250774383544922e+00
7.922033786773681641e+00
8.073353767395019531e+00
7.809816360473632812e+00
7.872781276702880859e+00
8.085008621215820312e+00
8.020120620727539062e+00
7.731491565704345703e+00
7.923526287078857422e+00
8.081503868103027344e+00
7.949705123901367188e+00
7.954278945922851562e+00
7.915198802947998047e+00
7.912627220153808594e+00
7.893591403961181641e+00
7.983465671539306641e+00
8.016736984252929688e+00
7.974710941314697266e+00
8.178318023681640625e+00
8.081204414367675781e+00
7.992391109466552734e+00
7.994179725646972656e+00
7.386280536651611328e+00
7.960171699523925781e+00
7.864978790283203125e+00
7.992464542388916016e+00
7.978324890136718750e+00
8.085545539855957031e+00
8.002516746520996094e+00
7.992454528808593750e+00
7.641820430755615234e+00
7.992888450622558594e+00
7.691389560699462891e+00
8.072992324829101562e+00
7.868284225463867188e+00
8.017565727233886719e+00
7.970912933349609375e+00
8.140455245971679688e+00
7.959311962127685547e+00
7.921225547790527344e+00
7.876091003417968750e+00
8.033649444580078125e+00
7.887126445770263672e+00
7.928189754486083984e+00
7.893510341644287109e+00
7.977354526519775391e+00
7.925003528594970703e+00
8.096232414245605469e+00
8.011302947998046875e+00
7.958581447601318359e+00
8.059194564819335938e+00
7.949077129364013672e+00
7.766210079193115234e+00
7.912440299987792969e+00
8.152950286865234375e+00
7.949529647827148438e+00
7.862963199615478516e+00
7.877231121063232422e+00
7.969027996063232422e+00
7.834630966186523438e+00
8.019987106323242188e+00
8.162175178527832031e+00
8.086286544799804688e+00
7.967314720153808594e+00
7.767020225524902344e+00
7.942459106445312500e+00
8.135025978088378906e+00
7.926473617553710938e+00
8.190711975097656250e+00
7.980748176574707031e+00
7.932258605957031250e+00
8.044107437133789062e+00
7.957802772521972656e+00
7.945649147033691406e+00
7.848691463470458984e+00
8.130718231201171875e+00
7.927038192749023438e+00
7.711965560913085938e+00
8.143984794616699219e+00
7.754526138305664062e+00
8.051490783691406250e+00
8.067557334899902344e+00
8.084987640380859375e+00
7.953461170196533203e+00
7.935499191284179688e+00
7.635423183441162109e+00
7.766878128051757812e+00
7.963791370391845703e+00
8.021666526794433594e+00
8.039970397949218750e+00
7.903450489044189453e+00
7.915394783020019531e+00
7.999709606170654297e+00
8.071593284606933594e+00
7.966442584991455078e+00
8.120985031127929688e+00
8.140851020812988281e+00
8.017226219177246094e+00
7.779116153717041016e+00
8.074840545654296875e+00
8.173175811767578125e+00
8.042222976684570312e+00
8.018222808837890625e+00
7.907443046569824219e+00
7.845806598663330078e+00
7.948084354400634766e+00
8.036954879760742188e+00
7.915288448333740234e+00
7.949961185455322266e+00
8.073371887207031250e+00
7.974213600158691406e+00
8.091161727905273438e+00
8.024953842163085938e+00
8.006916046142578125e+00
7.852929592132568359e+00
8.019923210144042969e+00
7.979735374450683594e+00
8.050314903259277344e+00
7.940198421478271484e+00
7.685270786285400391e+00
8.010272979736328125e+00
7.925862789154052734e+00
7.906579494476318359e+00
7.756120681762695312e+00
7.946993827819824219e+00
7.997557640075683594e+00
8.095769882202148438e+00
7.902542591094970703e+00
8.050573348999023438e+00
7.622972011566162109e+00
7.973103523254394531e+00
8.045104026794433594e+00
7.925403594970703125e+00
8.137657165527343750e+00
7.740744590759277344e+00
8.006762504577636719e+00
8.025255203247070312e+00
7.808595657348632812e+00
7.815642833709716797e+00
8.056439399719238281e+00
8.089040756225585938e+00
8.082393646240234375e+00
7.887248992919921875e+00
7.929051399230957031e+00
8.001644134521484375e+00
7.875593662261962891e+00
7.881990909576416016e+00
7.986679553985595703e+00
8.156167984008789062e+00
8.087518692016601562e+00
8.022802352905273438e+00
7.938737392425537109e+00
7.909497261047363281e+00
7.914287090301513672e+00
7.964747905731201172e+00
7.977925777435302734e+00
7.964123725891113281e+00
7.931112289428710938e+00
8.030602455139160156e+00
8.030682563781738281e+00
7.890542984008789062e+00
7.930226802825927734e+00
7.995742797851562500e+00
7.824191093444824219e+00
7.868574142456054688e+00
7.801095962524414062e+00
7.975032329559326172e+00
8.041193008422851562e+00
7.895247936248779297e+00
7.928059577941894531e+00
8.110025405883789062e+00
7.946723461151123047e+00
7.842446804046630859e+00
8.236059188842773438e+00
7.932590007781982422e+00
8.063031196594238281e+00
8.081002235412597656e+00
8.012662887573242188e+00
7.927877426147460938e+00
7.817914485931396484e+00
7.992449760437011719e+00
7.873796939849853516e+00
7.915575027465820312e+00
8.014596939086914062e+00
7.687814235687255859e+00
7.894884586334228516e+00
7.882091999053955078e+00
7.805717945098876953e+00
7.762866020202636719e+00
7.936346054077148438e+00
7.931867122650146484e+00
8.063646316528320312e+00
8.018042564392089844e+00
8.012657165527343750e+00
7.963781356811523438e+00
7.882284164428710938e+00
8.070610046386718750e+00
7.860107898712158203e+00
7.912598609924316406e+00
8.074098587036132812e+00
8.009792327880859375e+00
7.954878330230712891e+00
8.031533241271972656e+00
7.942136287689208984e+00
8.025650024414062500e+00
7.938867092132568359e+00
8.032979965209960938e+00
8.095335006713867188e+00
7.781978607177734375e+00
7.986873626708984375e+00
8.039796829223632812e+00
7.892028808593750000e+00
7.949455261230468750e+00
7.900317192077636719e+00
7.864422798156738281e+00
8.125940322875976562e+00
7.838258266448974609e+00
7.983626365661621094e+00
7.978972434997558594e+00
8.043069839477539062e+00
8.029354095458984375e+00
8.123499870300292969e+00
7.855703353881835938e+00
7.816936492919921875e+00
8.121366500854492188e+00
7.805773735046386719e+00
7.884751796722412109e+00
8.005719184875488281e+00
8.007730484008789062e+00
7.985807895660400391e+00
8.153635025024414062e+00
7.898363590240478516e+00
7.862151622772216797e+00
7.909159660339355469e+00
7.822586536407470703e+00
7.997778415679931641e+00
8.026395797729492188e+00
7.935922145843505859e+00
8.207345008850097656e+00
7.898936271667480469e+00
8.010226249694824219e+00
8.179231643676757812e+00
7.999206542968750000e+00
7.914709568023681641e+00
7.916547298431396484e+00
7.839881896972656250e+00
7.976594448089599609e+00
7.899391174316406250e+00
7.865800380706787109e+00
8.033746719360351562e+00
7.939999103546142578e+00
8.031492233276367188e+00
7.803143978118896484e+00
7.914471149444580078e+00
7.967336654663085938e+00
7.928000450134277344e+00
7.882272243499755859e+00
7.779026985168457031e+00
7.403564453125000000e+00
7.937718868255615234e+00
8.127333641052246094e+00
7.913272857666015625e+00
8.028431892395019531e+00
7.975698471069335938e+00
8.241647720336914062e+00
7.995974540710449219e+00
8.014454841613769531e+00
7.777599811553955078e+00
8.009487152099609375e+00
7.774623870849609375e+00
7.941740036010742188e+00
8.120702743530273438e+00
8.084481239318847656e+00
8.192133903503417969e+00
7.996686935424804688e+00
7.834293842315673828e+00
8.000786781311035156e+00
8.056759834289550781e+00
7.812315940856933594e+00
7.852999210357666016e+00
7.926449298858642578e+00
7.942383766174316406e+00
7.877593040466308594e+00
7.920308589935302734e+00
7.717741489410400391e+00
8.073786735534667969e+00
8.048888206481933594e+00
7.886375427246093750e+00
7.911361694335937500e+00
8.070081710815429688e+00
8.102005004882812500e+00
7.686560630798339844e+00
7.880681514739990234e+00
7.808736801147460938e+00
8.045634269714355469e+00
7.922017097473144531e+00
8.065215110778808594e+00
8.102171897888183594e+00
8.052110671997070312e+00
7.827038288116455078e+00
7.989956855773925781e+00
7.737030506134033203e+00
7.936166763305664062e+00
7.971831321716308594e+00
7.840855598449707031e+00
7.971176624298095703e+00
7.857839584350585938e+00
7.878171920776367188e+00
7.710908889770507812e+00
7.952802658081054688e+00
7.775041103363037109e+00
7.817583560943603516e+00
7.985629558563232422e+00
7.841522693634033203e+00
8.079633712768554688e+00
8.013236045837402344e+00
8.064603805541992188e+00
7.892958164215087891e+00
8.020187377929687500e+00
7.863713264465332031e+00
8.208014488220214844e+00
7.958108425140380859e+00
8.032987594604492188e+00
7.924090385437011719e+00
7.926039695739746094e+00
7.744051456451416016e+00
7.943069458007812500e+00
7.954997539520263672e+00
7.969638824462890625e+00
7.776493549346923828e+00
7.876583099365234375e+00
8.027435302734375000e+00
8.033140182495117188e+00
8.060990333557128906e+00
8.030174255371093750e+00
7.963764667510986328e+00
8.088195800781250000e+00
7.912950992584228516e+00
7.973345279693603516e+00
7.878357887268066406e+00
8.150471687316894531e+00
8.045024871826171875e+00
8.030823707580566406e+00
8.090828895568847656e+00
7.859258651733398438e+00
8.057819366455078125e+00
7.953642845153808594e+00
8.035719871520996094e+00
8.204646110534667969e+00
7.994625568389892578e+00
7.902603149414062500e+00
7.863950729370117188e+00
7.966716766357421875e+00
7.948070526123046875e+00
7.884338378906250000e+00
8.057833671569824219e+00
7.908953666687011719e+00
8.067955970764160156e+00
7.997623920440673828e+00
7.898375034332275391e+00
8.034143447875976562e+00
8.030330657958984375e+00
7.831479072570800781e+00
7.911249637603759766e+00
8.176489830017089844e+00
8.116809844970703125e+00
7.889726161956787109e+00
7.822828769683837891e+00
7.938629627227783203e+00
7.921553134918212891e+00
7.970073699951171875e+00
8.082180976867675781e+00
7.944327354431152344e+00
7.723441123962402344e+00
8.006230354309082031e+00
7.960260868072509766e+00
7.982034206390380859e+00
8.162357330322265625e+00
7.941146373748779297e+00
8.165565490722656250e+00
7.979152679443359375e+00
7.848783016204833984e+00
8.021401405334472656e+00
8.011562347412109375e+00
8.227942466735839844e+00
7.809819698333740234e+00
7.917118072509765625e+00
7.757456779479980469e+00
7.838222503662109375e+00
7.866241455078125000e+00
8.157498359680175781e+00
7.903906822204589844e+00
8.084417343139648438e+00
7.933441162109375000e+00
7.817694664001464844e+00
7.807570934295654297e+00
7.725281238555908203e+00
7.966850280761718750e+00
8.128635406494140625e+00
7.903553962707519531e+00
8.050671577453613281e+00
7.992958545684814453e+00
8.020770072937011719e+00
7.804069995880126953e+00
7.917596817016601562e+00
7.999871730804443359e+00
7.867594718933105469e+00
8.021092414855957031e+00
7.994638919830322266e+00
8.066950798034667969e+00
8.061372756958007812e+00
8.088398933410644531e+00
8.046350479125976562e+00
7.819093704223632812e+00
7.853682994842529297e+00
8.112107276916503906e+00
7.980091094970703125e+00
8.024966239929199219e+00
8.063219070434570312e+00
7.936643123626708984e+00
7.967920780181884766e+00
8.036614418029785156e+00
7.970367431640625000e+00
7.962553501129150391e+00
8.027957916259765625e+00
7.921458721160888672e+00
8.092796325683593750e+00
7.937628269195556641e+00
7.971634387969970703e+00
7.981795787811279297e+00
7.883015155792236328e+00
8.022141456604003906e+00
7.877560615539550781e+00
8.078711509704589844e+00
8.066162109375000000e+00
7.967930793762207031e+00
7.816830158233642578e+00
7.825406551361083984e+00
8.035243034362792969e+00
7.905139923095703125e+00
7.950140476226806641e+00
7.894134521484375000e+00
8.002236366271972656e+00
8.073699951171875000e+00
7.774535179138183594e+00
7.792078495025634766e+00
7.853060722351074219e+00
8.078299522399902344e+00
7.829564094543457031e+00
7.978404521942138672e+00
8.101838111877441406e+00
8.135790824890136719e+00
8.053685188293457031e+00
7.899502277374267578e+00
7.961882591247558594e+00
7.820243358612060547e+00
7.974985122680664062e+00
7.901285171508789062e+00
7.927897930145263672e+00
7.933450698852539062e+00
8.054727554321289062e+00
7.966899871826171875e+00
8.083451271057128906e+00
8.045533180236816406e+00
8.145013809204101562e+00
7.955692291259765625e+00
7.841305732727050781e+00
7.919306278228759766e+00
7.975183963775634766e+00
8.073435783386230469e+00
7.820588111877441406e+00
8.028513908386230469e+00
7.969463348388671875e+00
7.906988143920898438e+00
8.129562377929687500e+00
7.897826671600341797e+00
8.152936935424804688e+00
7.945151329040527344e+00
7.993245124816894531e+00
7.911071300506591797e+00
7.979506492614746094e+00
7.905335903167724609e+00
8.038678169250488281e+00
7.744237422943115234e+00
7.997256755828857422e+00
7.759794712066650391e+00
7.958618164062500000e+00
7.904641628265380859e+00
7.888700962066650391e+00
7.727617740631103516e+00
7.947524070739746094e+00
7.613263130187988281e+00
7.669379234313964844e+00
8.063400268554687500e+00
8.080905914306640625e+00
7.835268020629882812e+00
7.835387229919433594e+00
8.062843322753906250e+00
7.925468444824218750e+00
7.827734470367431641e+00
8.099151611328125000e+00
7.933262348175048828e+00
7.755918502807617188e+00
8.091900825500488281e+00
7.928015708923339844e+00
7.943176746368408203e+00
7.931962490081787109e+00
7.893961906433105469e+00
7.998626232147216797e+00
8.076114654541015625e+00
8.044200897216796875e+00
7.911095619201660156e+00
8.011919021606445312e+00
8.084318161010742188e+00
7.844065666198730469e+00
7.849711894989013672e+00
8.031622886657714844e+00
7.954181194305419922e+00
8.015167236328125000e+00
7.997195720672607422e+00
8.019190788269042969e+00
7.934433460235595703e+00
7.904733180999755859e+00
7.946503639221191406e+00
7.626705169677734375e+00
8.194808959960937500e+00
7.744599342346191406e+00
7.752139091491699219e+00
8.157968521118164062e+00
7.875753879547119141e+00
8.094332695007324219e+00
7.918457508087158203e+00
8.121550559997558594e+00
8.015897750854492188e+00
8.103659629821777344e+00
7.974692821502685547e+00
7.773282527923583984e+00
7.949798107147216797e+00
7.986475467681884766e+00
8.358311653137207031e+00
7.982059478759765625e+00
7.804327011108398438e+00
7.711759090423583984e+00
7.853423118591308594e+00
8.109292030334472656e+00
7.952102661132812500e+00
8.041641235351562500e+00
8.044361114501953125e+00
7.931507110595703125e+00
7.975053310394287109e+00
7.994814872741699219e+00
8.025737762451171875e+00
7.957196235656738281e+00
8.103002548217773438e+00
7.881244659423828125e+00
7.816057682037353516e+00
7.887634754180908203e+00
7.674148082733154297e+00
7.885310173034667969e+00
7.916941642761230469e+00
7.991232395172119141e+00
8.009213447570800781e+00
7.978553771972656250e+00
7.786439418792724609e+00
7.872800350189208984e+00
8.032575607299804688e+00
7.966117858886718750e+00
7.967807292938232422e+00
7.597095489501953125e+00
8.145519256591796875e+00
8.054778099060058594e+00
7.897500991821289062e+00
7.743324756622314453e+00
7.861267566680908203e+00
8.081522941589355469e+00
7.695122718811035156e+00
7.734172821044921875e+00
7.829866886138916016e+00
7.940893650054931641e+00
7.786572456359863281e+00
8.027680397033691406e+00
8.009632110595703125e+00
7.846754074096679688e+00
8.093760490417480469e+00
7.902872562408447266e+00
7.848644256591796875e+00
7.859321594238281250e+00
7.823838233947753906e+00
7.963716030120849609e+00
7.900639057159423828e+00
8.182986259460449219e+00
7.947109699249267578e+00
7.929087162017822266e+00
8.086812019348144531e+00
7.890304088592529297e+00
7.877931118011474609e+00
7.931412696838378906e+00
7.859716892242431641e+00
7.817211151123046875e+00
8.110282897949218750e+00
7.788413524627685547e+00
7.701457023620605469e+00
7.744180679321289062e+00
8.032728195190429688e+00
7.864441871643066406e+00
7.977748870849609375e+00
7.926063537597656250e+00
7.983023166656494141e+00
8.083992958068847656e+00
8.022273063659667969e+00
7.935801506042480469e+00
7.792902946472167969e+00
7.569912433624267578e+00
8.069808959960937500e+00
8.056157112121582031e+00
8.126870155334472656e+00
8.091219902038574219e+00
7.946938037872314453e+00
7.904701232910156250e+00
8.039527893066406250e+00
7.865998744964599609e+00
7.973773956298828125e+00
7.804873943328857422e+00
7.783535003662109375e+00
7.962236881256103516e+00
7.906335830688476562e+00
7.752092838287353516e+00
8.007692337036132812e+00
8.176942825317382812e+00
7.943566322326660156e+00
8.071234703063964844e+00
7.900641918182373047e+00
8.197093009948730469e+00
7.863312721252441406e+00
7.658783435821533203e+00
7.820900440216064453e+00
7.846194267272949219e+00
7.992814540863037109e+00
7.864151954650878906e+00
7.955939769744873047e+00
8.125073432922363281e+00
7.655332088470458984e+00
7.723452091217041016e+00
7.561695575714111328e+00
7.990392208099365234e+00
7.897078037261962891e+00
8.024799346923828125e+00
8.035139083862304688e+00
7.681265354156494141e+00
7.999123573303222656e+00
7.907773494720458984e+00
8.019511222839355469e+00
7.866658687591552734e+00
7.986428260803222656e+00
7.914292812347412109e+00
8.119172096252441406e+00
8.083866119384765625e+00
7.893390178680419922e+00
8.083745956420898438e+00
7.965393066406250000e+00
8.074002265930175781e+00
7.922073841094970703e+00
8.025262832641601562e+00
8.036636352539062500e+00
8.025238037109375000e+00
7.945095062255859375e+00
7.955813884735107422e+00
7.963836669921875000e+00
7.920973777770996094e+00
8.045398712158203125e+00
7.931301116943359375e+00
8.008644104003906250e+00
7.839814186096191406e+00
8.081035614013671875e+00
7.900972843170166016e+00
7.956888198852539062e+00
8.043462753295898438e+00
8.132164955139160156e+00
7.983367919921875000e+00
7.679075241088867188e+00
7.793509006500244141e+00
7.642252922058105469e+00
7.992621898651123047e+00
7.873446941375732422e+00
7.816836833953857422e+00
7.885704517364501953e+00
7.982850074768066406e+00
7.802844047546386719e+00
8.226150512695312500e+00
7.567458629608154297e+00
8.039021492004394531e+00
7.747085571289062500e+00
7.964746952056884766e+00
7.885340690612792969e+00
7.952495574951171875e+00
8.066942214965820312e+00
7.940284252166748047e+00
7.998150825500488281e+00
7.843913078308105469e+00
7.916773319244384766e+00
7.826503753662109375e+00
8.007038116455078125e+00
7.989394187927246094e+00
7.959062099456787109e+00
8.033640861511230469e+00
8.024413108825683594e+00
7.731071949005126953e+00
7.861475467681884766e+00
8.123532295227050781e+00
7.945797443389892578e+00
8.019863128662109375e+00
7.876181602478027344e+00
8.046842575073242188e+00
7.878986835479736328e+00
8.077358245849609375e+00
8.152831077575683594e+00
7.865337371826171875e+00
7.911487102508544922e+00
7.980655670166015625e+00
7.883290767669677734e+00
7.857888221740722656e+00
7.823109626770019531e+00
7.827139854431152344e+00
7.899855136871337891e+00
7.829541206359863281e+00
7.846907138824462891e+00
7.855466842651367188e+00
8.089535713195800781e+00
7.982243061065673828e+00
7.456984996795654297e+00
7.867853164672851562e+00
7.881846427917480469e+00
7.946804523468017578e+00
8.032986640930175781e+00
7.990536689758300781e+00
7.960408687591552734e+00
8.226963043212890625e+00
7.726348876953125000e+00
7.979197978973388672e+00
8.112418174743652344e+00
8.026212692260742188e+00
7.918443679809570312e+00
7.901504039764404297e+00
7.932415485382080078e+00
7.933381080627441406e+00
8.002868652343750000e+00
7.776869773864746094e+00
7.968801021575927734e+00
7.980918407440185547e+00
7.934568881988525391e+00
8.060199737548828125e+00
8.014619827270507812e+00
7.886257648468017578e+00
7.851761817932128906e+00
7.838778972625732422e+00
8.170266151428222656e+00
7.962102413177490234e+00
7.995368957519531250e+00
8.128738403320312500e+00
8.182990074157714844e+00
8.017150878906250000e+00
7.992211341857910156e+00
7.981628417968750000e+00
7.792119503021240234e+00
8.072842597961425781e+00
7.777867794036865234e+00
8.054327011108398438e+00
7.782869815826416016e+00
7.847556114196777344e+00
7.881050586700439453e+00
7.861217498779296875e+00
7.950212478637695312e+00
7.933016777038574219e+00
7.790524005889892578e+00
7.959112644195556641e+00
8.094941139221191406e+00
7.973873615264892578e+00
8.155900955200195312e+00
7.881564617156982422e+00
7.778034210205078125e+00
7.799030303955078125e+00
7.887675285339355469e+00
8.143560409545898438e+00
7.967106819152832031e+00
8.122893333435058594e+00
7.940565586090087891e+00
8.007603645324707031e+00
8.026744842529296875e+00
8.037800788879394531e+00
7.888670444488525391e+00
7.954216480255126953e+00
8.058303833007812500e+00
7.973356723785400391e+00
7.753605365753173828e+00
7.843307971954345703e+00
7.829939842224121094e+00
7.977237701416015625e+00
7.822864055633544922e+00
7.882117271423339844e+00
7.872367858886718750e+00
7.838056564331054688e+00
8.017546653747558594e+00
7.879677295684814453e+00
7.899037361145019531e+00
7.996380805969238281e+00
7.891035556793212891e+00
7.928397178649902344e+00
7.972441673278808594e+00
7.891587257385253906e+00
8.058089256286621094e+00
7.944207668304443359e+00
7.905162334442138672e+00
7.983588695526123047e+00
7.887949943542480469e+00
8.003860473632812500e+00
7.828669548034667969e+00
7.788887500762939453e+00
8.003716468811035156e+00
7.936578273773193359e+00
7.955741882324218750e+00
7.945730209350585938e+00
7.863455295562744141e+00
8.028512001037597656e+00
7.945306777954101562e+00
8.066284179687500000e+00
7.721272468566894531e+00
8.095744132995605469e+00
7.901414394378662109e+00
7.978355407714843750e+00
7.885245800018310547e+00
7.643750190734863281e+00
8.033320426940917969e+00
7.838349819183349609e+00
8.072506904602050781e+00
7.996800899505615234e+00
8.002027511596679688e+00
7.897350788116455078e+00
8.010115623474121094e+00
8.163338661193847656e+00
8.036851882934570312e+00
7.869808197021484375e+00
7.934802055358886719e+00
8.033329963684082031e+00
8.046302795410156250e+00
7.954596042633056641e+00
8.034874916076660156e+00
7.906961917877197266e+00
7.980982780456542969e+00
7.730758190155029297e+00
7.846327304840087891e+00
7.855918407440185547e+00
7.922998428344726562e+00
7.845251560211181641e+00
7.555177211761474609e+00
7.882316112518310547e+00
8.016076087951660156e+00
8.067804336547851562e+00
8.122982025146484375e+00
7.974773883819580078e+00
7.677697658538818359e+00
7.848481178283691406e+00
8.088559150695800781e+00
7.872610092163085938e+00
7.976020812988281250e+00
7.822956562042236328e+00
8.042634010314941406e+00
7.928963661193847656e+00
8.090289115905761719e+00
7.751637935638427734e+00
7.882564067840576172e+00
7.876904964447021484e+00
8.127990722656250000e+00
7.935348510742187500e+00
7.972381591796875000e+00
7.847271442413330078e+00
7.864973068237304688e+00
8.003730773925781250e+00
8.124585151672363281e+00
7.964879989624023438e+00
7.996511936187744141e+00
7.798072814941406250e+00
7.892424106597900391e+00
7.615405082702636719e+00
7.908285617828369141e+00
8.064618110656738281e+00
7.964242458343505859e+00
7.987866878509521484e+00
7.945964336395263672e+00
7.900236606597900391e+00
7.701369762420654297e+00
8.034518241882324219e+00
7.942809581756591797e+00
7.722261905670166016e+00
7.926559925079345703e+00
7.800246238708496094e+00
7.901075839996337891e+00
7.989353656768798828e+00
7.724963188171386719e+00
7.953822135925292969e+00
7.624207496643066406e+00
7.853584766387939453e+00
7.965907096862792969e+00
8.110138893127441406e+00
7.834769248962402344e+00
7.951112270355224609e+00
7.843813419342041016e+00
8.216952323913574219e+00
7.834909915924072266e+00
7.931759357452392578e+00
7.862336635589599609e+00
8.074156761169433594e+00
8.060297966003417969e+00
7.968985080718994141e+00
7.942848205566406250e+00
7.940437793731689453e+00
8.035197257995605469e+00
7.743926525115966797e+00
8.170600891113281250e+00
8.032937049865722656e+00
7.844017028808593750e+00
7.776106357574462891e+00
7.907260894775390625e+00
7.762158393859863281e+00
7.807280063629150391e+00
7.915209770202636719e+00
8.104055404663085938e+00
7.823314189910888672e+00
7.822809219360351562e+00
7.959967613220214844e+00
8.019083023071289062e+00
7.865105152130126953e+00
7.879729747772216797e+00
7.986520767211914062e+00
8.005156517028808594e+00
7.905376434326171875e+00
8.115800857543945312e+00
7.909075736999511719e+00
8.125452041625976562e+00
7.869341373443603516e+00
7.822396755218505859e+00
7.750079154968261719e+00
8.018355369567871094e+00
7.838709831237792969e+00
7.745814323425292969e+00
7.906789302825927734e+00
8.019216537475585938e+00
7.685692787170410156e+00
8.107843399047851562e+00
7.925140857696533203e+00
7.821730136871337891e+00
7.864844799041748047e+00
7.902097225189208984e+00
7.785826206207275391e+00
8.228973388671875000e+00
8.127792358398437500e+00
7.963762283325195312e+00
8.115866661071777344e+00
7.959743022918701172e+00
7.813704013824462891e+00
7.785903453826904297e+00
7.871060848236083984e+00
8.078084945678710938e+00
8.065797805786132812e+00
7.786289691925048828e+00
8.224699974060058594e+00
7.533561229705810547e+00
8.050146102905273438e+00
8.092398643493652344e+00
8.119997024536132812e+00
8.031525611877441406e+00
8.045161247253417969e+00
8.039290428161621094e+00
7.756620407104492188e+00
7.869078636169433594e+00
7.952322959899902344e+00
7.976259708404541016e+00
8.105446815490722656e+00
7.951216220855712891e+00
8.019308090209960938e+00
7.835978507995605469e+00
7.906557559967041016e+00
7.906270980834960938e+00
8.018120765686035156e+00
7.740331172943115234e+00
8.195674896240234375e+00
7.935191631317138672e+00
7.877604007720947266e+00
7.741265773773193359e+00
7.896187782287597656e+00
8.060894012451171875e+00
7.932237148284912109e+00
7.910626411437988281e+00
7.891518592834472656e+00
7.879567146301269531e+00
7.930125236511230469e+00
8.031256675720214844e+00
7.882077217102050781e+00
8.050496101379394531e+00
7.952505111694335938e+00
8.137029647827148438e+00
7.952682971954345703e+00
8.143148422241210938e+00
8.128988265991210938e+00
7.977504253387451172e+00
7.884116172790527344e+00
7.984308242797851562e+00
7.893866062164306641e+00
7.727509975433349609e+00
7.903459072113037109e+00
7.862225532531738281e+00
7.937785625457763672e+00
7.821516513824462891e+00
7.762288570404052734e+00
7.717790603637695312e+00
7.909788131713867188e+00
7.869513034820556641e+00
7.848651885986328125e+00
8.010510444641113281e+00
8.049414634704589844e+00
7.956790447235107422e+00
7.772232055664062500e+00
7.965535640716552734e+00
7.994531631469726562e+00
7.797087669372558594e+00
7.811050415039062500e+00
7.889037609100341797e+00
8.067727088928222656e+00
7.945892333984375000e+00
7.869363784790039062e+00
8.017381668090820312e+00
7.858035087585449219e+00
8.134172439575195312e+00
7.982670783996582031e+00
8.130067825317382812e+00
7.771747589111328125e+00
7.912764549255371094e+00
7.800795078277587891e+00
7.989414691925048828e+00
7.966043472290039062e+00
8.042444229125976562e+00
7.819604396820068359e+00
8.036309242248535156e+00
8.060224533081054688e+00
7.846861362457275391e+00
7.955174922943115234e+00
7.941969394683837891e+00
7.863377094268798828e+00
7.999776840209960938e+00
7.826089382171630859e+00
7.793010234832763672e+00
8.035438537597656250e+00
7.862708091735839844e+00
7.852720260620117188e+00
7.778340816497802734e+00
7.871160030364990234e+00
8.008221626281738281e+00
7.994841098785400391e+00
7.796955108642578125e+00
7.728339672088623047e+00
7.900506973266601562e+00
7.904253482818603516e+00
8.001704216003417969e+00
8.001398086547851562e+00
7.863921642303466797e+00
7.954773426055908203e+00
7.863562107086181641e+00
7.772367000579833984e+00
7.655495166778564453e+00
7.863880634307861328e+00
8.022341728210449219e+00
7.850712776184082031e+00
7.887848854064941406e+00
8.015993118286132812e+00
7.668736457824707031e+00
7.778045654296875000e+00
7.928076267242431641e+00
7.909318923950195312e+00
7.964676380157470703e+00
8.148937225341796875e+00
7.777977466583251953e+00
7.829341888427734375e+00
7.939477443695068359e+00
8.129962921142578125e+00
8.064663887023925781e+00
7.945972919464111328e+00
8.008022308349609375e+00
7.757472038269042969e+00
7.979652881622314453e+00
7.897278308868408203e+00
8.058543205261230469e+00
7.791837215423583984e+00
7.875626087188720703e+00
8.096705436706542969e+00
7.866828918457031250e+00
8.039999961853027344e+00
8.097172737121582031e+00
7.791627407073974609e+00
8.027878761291503906e+00
7.860177516937255859e+00
7.953110218048095703e+00
7.900954723358154297e+00
7.747672080993652344e+00
7.966159343719482422e+00
7.813261508941650391e+00
7.989422321319580078e+00
7.968078136444091797e+00
7.992113113403320312e+00
7.956109523773193359e+00
7.833188533782958984e+00
8.043701171875000000e+00
7.966520786285400391e+00
7.651666164398193359e+00
8.048718452453613281e+00
7.959602355957031250e+00
7.958868026733398438e+00
8.036243438720703125e+00
7.985548496246337891e+00
7.796813011169433594e+00
7.901757240295410156e+00
8.117533683776855469e+00
7.763811588287353516e+00
8.073366165161132812e+00
8.018235206604003906e+00
7.883925914764404297e+00
7.700017929077148438e+00
8.028317451477050781e+00
7.907155036926269531e+00
7.935253143310546875e+00
7.962563037872314453e+00
7.924294948577880859e+00
7.770587921142578125e+00
8.013323783874511719e+00
7.954772472381591797e+00
8.131375312805175781e+00
7.935479640960693359e+00
7.923836231231689453e+00
8.086548805236816406e+00
7.769320964813232422e+00
7.734657287597656250e+00
7.866116046905517578e+00
7.986659526824951172e+00
8.066554069519042969e+00
8.064908981323242188e+00
7.956425666809082031e+00
8.015423774719238281e+00
7.765748977661132812e+00
8.055443763732910156e+00
8.047593116760253906e+00
7.776298999786376953e+00
7.904327869415283203e+00
8.004609107971191406e+00
7.836939334869384766e+00
8.048403739929199219e+00
7.861828327178955078e+00
7.784408092498779297e+00
7.921583175659179688e+00
7.984982490539550781e+00
7.988890647888183594e+00
7.893253326416015625e+00
7.867320537567138672e+00
8.009159088134765625e+00
7.856694221496582031e+00
8.120281219482421875e+00
8.094452857971191406e+00
7.867610931396484375e+00
7.697926044464111328e+00
7.760949134826660156e+00
8.035696029663085938e+00
7.897269248962402344e+00
7.948793411254882812e+00
7.908278942108154297e+00
7.945741653442382812e+00
7.644433975219726562e+00
7.765263557434082031e+00
7.825347423553466797e+00
7.890707969665527344e+00
7.686265468597412109e+00
7.812300682067871094e+00
8.116403579711914062e+00
7.911833286285400391e+00
8.066004753112792969e+00
8.024245262145996094e+00
8.062305450439453125e+00
8.115001678466796875e+00
7.908620357513427734e+00
8.002207756042480469e+00
7.808206558227539062e+00
8.069795608520507812e+00
8.008630752563476562e+00
8.108607292175292969e+00
7.895654201507568359e+00
7.976136684417724609e+00
7.791660785675048828e+00
8.022899627685546875e+00
7.875915527343750000e+00
7.760153770446777344e+00
7.847605705261230469e+00
7.879914283752441406e+00
8.009773254394531250e+00
8.050040245056152344e+00
8.013553619384765625e+00
7.819142341613769531e+00
8.047429084777832031e+00
7.664813041687011719e+00
7.933053970336914062e+00
7.927657127380371094e+00
7.818946838378906250e+00
7.992171287536621094e+00
7.888279914855957031e+00
7.975476264953613281e+00
8.006939888000488281e+00
7.983967304229736328e+00
7.920105457305908203e+00
7.935313224792480469e+00
8.049234390258789062e+00
7.894716262817382812e+00
7.976257324218750000e+00
7.886561393737792969e+00
7.897789001464843750e+00
7.805749416351318359e+00
7.948372364044189453e+00
8.006575584411621094e+00
8.006542205810546875e+00
7.975522994995117188e+00
8.058168411254882812e+00
8.026848793029785156e+00
8.097084045410156250e+00
8.019151687622070312e+00
7.935726165771484375e+00
8.022561073303222656e+00
7.984305381774902344e+00
8.019733428955078125e+00
7.874773025512695312e+00
7.883504867553710938e+00
8.029708862304687500e+00
7.839778423309326172e+00
7.996525287628173828e+00
7.959140300750732422e+00
7.814196586608886719e+00
8.107640266418457031e+00
7.771914958953857422e+00
8.034561157226562500e+00
8.117108345031738281e+00
8.089252471923828125e+00
8.056701660156250000e+00
7.911267757415771484e+00
7.838715076446533203e+00
7.779307842254638672e+00
7.900011062622070312e+00
7.986090183258056641e+00
8.005919456481933594e+00
8.082758903503417969e+00
8.167317390441894531e+00
8.073588371276855469e+00
8.048881530761718750e+00
7.910501480102539062e+00
8.113299369812011719e+00
8.076051712036132812e+00
7.914504528045654297e+00
7.958233833312988281e+00
8.122310638427734375e+00
7.937260627746582031e+00
7.694655895233154297e+00
7.672399520874023438e+00
7.902615547180175781e+00
7.895524978637695312e+00
8.003481864929199219e+00
8.003659248352050781e+00
7.968952178955078125e+00
7.967203617095947266e+00
7.804777622222900391e+00
8.115013122558593750e+00
7.910301208496093750e+00
7.875988483428955078e+00
8.002790451049804688e+00
8.079564094543457031e+00
7.926265239715576172e+00
8.080154418945312500e+00
7.976109504699707031e+00
7.979998588562011719e+00
8.062917709350585938e+00
8.023242950439453125e+00
8.020357131958007812e+00
8.014204025268554688e+00
8.081782341003417969e+00
7.861104965209960938e+00
7.895251274108886719e+00
8.102383613586425781e+00
8.096006393432617188e+00
7.743134021759033203e+00
7.885553836822509766e+00
7.940416812896728516e+00
7.806962490081787109e+00
8.138323783874511719e+00
7.919977188110351562e+00
7.956622600555419922e+00
7.829133987426757812e+00
8.062825202941894531e+00
8.017553329467773438e+00
7.946671009063720703e+00
7.856363296508789062e+00
8.125962257385253906e+00
7.915301799774169922e+00
7.732804298400878906e+00
7.743794441223144531e+00
7.932827949523925781e+00
7.934193134307861328e+00
7.981495857238769531e+00
8.048709869384765625e+00
7.755558013916015625e+00
7.921691417694091797e+00
8.035350799560546875e+00
8.014144897460937500e+00
7.612087249755859375e+00
8.049728393554687500e+00
7.895534992218017578e+00
7.867966651916503906e+00
7.932386875152587891e+00
7.770824432373046875e+00
7.956171989440917969e+00
7.900524139404296875e+00
7.777081966400146484e+00
7.527540683746337891e+00
7.970681667327880859e+00
7.847828865051269531e+00
7.996850967407226562e+00
8.039718627929687500e+00
7.991714477539062500e+00
7.792984962463378906e+00
7.965917587280273438e+00
8.001258850097656250e+00
8.006513595581054688e+00
8.043358802795410156e+00
8.060546875000000000e+00
7.968052387237548828e+00
7.837510585784912109e+00
7.999840259552001953e+00
7.868615150451660156e+00
7.919585704803466797e+00
8.121479034423828125e+00
7.990039825439453125e+00
7.933180332183837891e+00
8.018836021423339844e+00
8.015260696411132812e+00
8.024355888366699219e+00
7.777949333190917969e+00
7.798826694488525391e+00
7.684927463531494141e+00
7.764836788177490234e+00
7.794989585876464844e+00
8.119147300720214844e+00
7.848394393920898438e+00
7.959336280822753906e+00
8.023193359375000000e+00
7.998169422149658203e+00
7.988803386688232422e+00
7.975668430328369141e+00
7.970254898071289062e+00
7.900521278381347656e+00
8.056591987609863281e+00
7.770181179046630859e+00
7.973843574523925781e+00
7.840480804443359375e+00
8.104732513427734375e+00
7.962925434112548828e+00
7.700862884521484375e+00
7.965411186218261719e+00
7.912338256835937500e+00
7.835255146026611328e+00
7.798306941986083984e+00
8.002790451049804688e+00
7.845662593841552734e+00
7.678174018859863281e+00
8.011341094970703125e+00
7.869690895080566406e+00
7.947981834411621094e+00
8.131883621215820312e+00
7.802225589752197266e+00
7.585065364837646484e+00
7.933472633361816406e+00
8.028536796569824219e+00
8.053532600402832031e+00
7.990160942077636719e+00
7.866518974304199219e+00
7.986214637756347656e+00
7.913771629333496094e+00
8.080988883972167969e+00
7.900535106658935547e+00
8.094537734985351562e+00
7.762007713317871094e+00
7.770540714263916016e+00
7.887547016143798828e+00
8.021695137023925781e+00
7.997071266174316406e+00
7.946779251098632812e+00
7.796988010406494141e+00
7.999145030975341797e+00
7.993254184722900391e+00
8.038121223449707031e+00
7.941511154174804688e+00
7.869818687438964844e+00
7.881817340850830078e+00
7.931868076324462891e+00
7.969655990600585938e+00
8.045042991638183594e+00
7.875103473663330078e+00
7.972068309783935547e+00
7.947319030761718750e+00
7.919706344604492188e+00
8.158165931701660156e+00
7.910401821136474609e+00
7.903196334838867188e+00
8.063554763793945312e+00
7.885372638702392578e+00
8.175238609313964844e+00
8.000073432922363281e+00
8.082502365112304688e+00
7.992752552032470703e+00
7.936462879180908203e+00
8.030139923095703125e+00
7.947655200958251953e+00
7.930773735046386719e+00
8.140269279479980469e+00
7.895794391632080078e+00
7.780373096466064453e+00
7.733502864837646484e+00
7.837703704833984375e+00
7.849634170532226562e+00
7.996524810791015625e+00
7.761447429656982422e+00
8.027956008911132812e+00
7.887871265411376953e+00
7.912289142608642578e+00
8.126663208007812500e+00
7.956750392913818359e+00
7.954461097717285156e+00
8.106855392456054688e+00
8.067458152770996094e+00
8.066372871398925781e+00
7.828798294067382812e+00
7.867124557495117188e+00
7.997706890106201172e+00
8.036476135253906250e+00
7.827529430389404297e+00
8.007798194885253906e+00
7.917765140533447266e+00
7.958336830139160156e+00
8.077912330627441406e+00
8.009658813476562500e+00
7.924287796020507812e+00
8.017898559570312500e+00
7.782141208648681641e+00
7.858826160430908203e+00
7.934419631958007812e+00
7.993903160095214844e+00
8.095693588256835938e+00
7.827493667602539062e+00
7.953955650329589844e+00
7.874805450439453125e+00
7.791935920715332031e+00
7.926073074340820312e+00
7.808753490447998047e+00
7.918696880340576172e+00
7.818193912506103516e+00
7.995058536529541016e+00
7.957592487335205078e+00
8.132596015930175781e+00
7.721715927124023438e+00
7.626316547393798828e+00
7.716663360595703125e+00
7.932313442230224609e+00
8.137896537780761719e+00
7.945340633392333984e+00
7.994789600372314453e+00
7.874917030334472656e+00
7.838768482208251953e+00
7.836135387420654297e+00
7.959409236907958984e+00
7.954917430877685547e+00
8.147257804870605469e+00
7.854628086090087891e+00
7.782354354858398438e+00
7.981416702270507812e+00
7.792448520660400391e+00
8.084056854248046875e+00
7.808770179748535156e+00
7.850038528442382812e+00
7.926880836486816406e+00
7.968860626220703125e+00
7.777822494506835938e+00
7.691854953765869141e+00
8.183932304382324219e+00
8.033920288085937500e+00
7.794820308685302734e+00
7.952153205871582031e+00
7.941982746124267578e+00
7.813958644866943359e+00
7.953338623046875000e+00
7.677042484283447266e+00
7.957595348358154297e+00
8.019514083862304688e+00
7.872428894042968750e+00
7.878524780273437500e+00
7.951338291168212891e+00
8.011418342590332031e+00
7.889286518096923828e+00
7.775013446807861328e+00
7.791740894317626953e+00
7.853176593780517578e+00
7.680675029754638672e+00
7.833192825317382812e+00
7.855155467987060547e+00
7.958842754364013672e+00
7.997328758239746094e+00
7.993544578552246094e+00
7.949621200561523438e+00
7.703839778900146484e+00
8.038851737976074219e+00
7.914877414703369141e+00
8.198732376098632812e+00
7.948270320892333984e+00
7.877842426300048828e+00
7.797831535339355469e+00
7.796124458312988281e+00
7.840835094451904297e+00
8.006057739257812500e+00
7.857154369354248047e+00
7.881911277770996094e+00
7.973437786102294922e+00
7.859497547149658203e+00
8.010920524597167969e+00
8.103847503662109375e+00
7.929255485534667969e+00
7.986314773559570312e+00
8.156681060791015625e+00
7.742424488067626953e+00
7.996784687042236328e+00
7.978244781494140625e+00
7.956621170043945312e+00
8.020521163940429688e+00
7.959222316741943359e+00
7.877367019653320312e+00
7.570211887359619141e+00
8.015254020690917969e+00
7.973993301391601562e+00
7.900157451629638672e+00
7.839999675750732422e+00
7.999433040618896484e+00
7.907869815826416016e+00
7.996589183807373047e+00
8.004814147949218750e+00
7.983489990234375000e+00
7.730359077453613281e+00
7.946201801300048828e+00
7.992424488067626953e+00
7.973827838897705078e+00
7.589631080627441406e+00
7.907404422760009766e+00
7.894442081451416016e+00
7.961213111877441406e+00
7.874021053314208984e+00
7.911307334899902344e+00
7.860078334808349609e+00
7.927121639251708984e+00
7.834945678710937500e+00
8.153700828552246094e+00
8.071681022644042969e+00
7.898701190948486328e+00
7.793673992156982422e+00
8.190289497375488281e+00
7.926255226135253906e+00
8.082810401916503906e+00
7.770978927612304688e+00
8.036602020263671875e+00
7.701750278472900391e+00
7.841351985931396484e+00
7.910610198974609375e+00
7.779042243957519531e+00
7.768158435821533203e+00
7.923940181732177734e+00
8.013989448547363281e+00
7.969561100006103516e+00
7.871982574462890625e+00
7.981890201568603516e+00
7.896478176116943359e+00
7.888170719146728516e+00
7.847746849060058594e+00
7.874307155609130859e+00
7.750403404235839844e+00
7.970334053039550781e+00
7.832159996032714844e+00
7.934028148651123047e+00
7.834270477294921875e+00
8.136402130126953125e+00
7.867460250854492188e+00
7.872603893280029297e+00
7.846872329711914062e+00
7.950359344482421875e+00
8.002282142639160156e+00
8.073566436767578125e+00
7.972408771514892578e+00
7.970980644226074219e+00
7.869309902191162109e+00
7.820095539093017578e+00
7.762408733367919922e+00
7.896954536437988281e+00
7.960013389587402344e+00
7.860575675964355469e+00
7.939939975738525391e+00
7.824593544006347656e+00
7.927868366241455078e+00
7.929533958435058594e+00
7.747182369232177734e+00
7.919430732727050781e+00
7.809811592102050781e+00
8.115032196044921875e+00
7.806711196899414062e+00
7.874258518218994141e+00
7.842579364776611328e+00
7.932084560394287109e+00
8.143462181091308594e+00
7.823341369628906250e+00
7.898597717285156250e+00
7.843466758728027344e+00
7.936024188995361328e+00
8.097596168518066406e+00
8.013395309448242188e+00
7.682982921600341797e+00
8.075609207153320312e+00
8.068107604980468750e+00
7.836775779724121094e+00
7.981090068817138672e+00
7.900270938873291016e+00
7.961811065673828125e+00
7.877023696899414062e+00
8.023291587829589844e+00
7.818792343139648438e+00
7.964429378509521484e+00
7.912827491760253906e+00
7.829432964324951172e+00
7.797675132751464844e+00
7.968316555023193359e+00
7.768914222717285156e+00
7.864444732666015625e+00
7.977821350097656250e+00
7.979653835296630859e+00
7.923575401306152344e+00
8.006169319152832031e+00
7.950098037719726562e+00
7.845098018646240234e+00
8.042069435119628906e+00
7.980577468872070312e+00
7.920371532440185547e+00
7.770246028900146484e+00
7.972071647644042969e+00
7.927998542785644531e+00
7.844079017639160156e+00
7.958456516265869141e+00
7.920734405517578125e+00
7.884591102600097656e+00
7.889626979827880859e+00
8.043827056884765625e+00
7.991134166717529297e+00
7.932987689971923828e+00
7.999602317810058594e+00
7.915048122406005859e+00
7.838839530944824219e+00
7.700874328613281250e+00
7.949270725250244141e+00
7.900910377502441406e+00
7.876422882080078125e+00
8.036878585815429688e+00
7.929713726043701172e+00
7.918866157531738281e+00
7.872303009033203125e+00
7.979682445526123047e+00
7.944338321685791016e+00
7.819584846496582031e+00
8.074458122253417969e+00
7.957684516906738281e+00
7.935148239135742188e+00
7.831172943115234375e+00
8.200387954711914062e+00
7.920243740081787109e+00
7.848213672637939453e+00
8.057387351989746094e+00
7.745793342590332031e+00
7.799207210540771484e+00
7.889367580413818359e+00
7.900736808776855469e+00
7.729858875274658203e+00
7.739487648010253906e+00
7.861044406890869141e+00
7.956284523010253906e+00
7.643123626708984375e+00
7.859892845153808594e+00
7.604630470275878906e+00
8.044989585876464844e+00
7.985008239746093750e+00
7.910462379455566406e+00
7.930526733398437500e+00
7.902698516845703125e+00
7.902294635772705078e+00
7.795984745025634766e+00
7.801236152648925781e+00
7.988762378692626953e+00
7.821869850158691406e+00
7.819590091705322266e+00
7.825963497161865234e+00
7.891745567321777344e+00
7.867314815521240234e+00
8.174729347229003906e+00
7.939356803894042969e+00
8.070154190063476562e+00
8.104692459106445312e+00
7.837274551391601562e+00
7.943582534790039062e+00
8.026018142700195312e+00
7.854499340057373047e+00
7.844711303710937500e+00
7.888851165771484375e+00
7.801237583160400391e+00
7.904469013214111328e+00
7.949419975280761719e+00
7.802997589111328125e+00
7.856388568878173828e+00
7.835365772247314453e+00
7.856075763702392578e+00
7.641018867492675781e+00
7.909591674804687500e+00
7.958520412445068359e+00
8.041914939880371094e+00
8.034619331359863281e+00
7.896541118621826172e+00
7.835972309112548828e+00
8.038825988769531250e+00
7.962341308593750000e+00
8.119106292724609375e+00
7.929834365844726562e+00
7.863722801208496094e+00
7.905268192291259766e+00
7.766017436981201172e+00
8.156644821166992188e+00
8.100891113281250000e+00
7.883727550506591797e+00
7.821494579315185547e+00
7.956600666046142578e+00
8.073276519775390625e+00
7.866084575653076172e+00
7.900423049926757812e+00
7.865948200225830078e+00
8.021221160888671875e+00
7.966867923736572266e+00
7.906300544738769531e+00
8.001901626586914062e+00
7.825385093688964844e+00
7.868829727172851562e+00
8.044025421142578125e+00
8.106220245361328125e+00
8.095701217651367188e+00
7.855094909667968750e+00
7.951389312744140625e+00
8.017584800720214844e+00
8.116953849792480469e+00
8.107975959777832031e+00
7.952045917510986328e+00
8.048779487609863281e+00
8.094546318054199219e+00
7.870595932006835938e+00
7.834031105041503906e+00
7.781638622283935547e+00
8.099402427673339844e+00
7.811673641204833984e+00
8.020437240600585938e+00
8.153773307800292969e+00
7.933791637420654297e+00
7.869089603424072266e+00
7.925938129425048828e+00
8.024127006530761719e+00
7.932522296905517578e+00
7.941561698913574219e+00
7.984052658081054688e+00
7.840513229370117188e+00
7.752011299133300781e+00
7.925717830657958984e+00
8.085664749145507812e+00
7.923879146575927734e+00
8.008884429931640625e+00
7.919668197631835938e+00
7.818297863006591797e+00
7.928328037261962891e+00
8.010724067687988281e+00
8.157258987426757812e+00
7.736872196197509766e+00
7.888211250305175781e+00
8.023026466369628906e+00
7.843804836273193359e+00
7.756171226501464844e+00
7.981774806976318359e+00
7.771713733673095703e+00
7.836452007293701172e+00
7.917032718658447266e+00
7.948287963867187500e+00
8.041746139526367188e+00
7.921139717102050781e+00
7.995498657226562500e+00
7.928483486175537109e+00
7.572937965393066406e+00
7.891819477081298828e+00
7.853697299957275391e+00
7.895272731781005859e+00
7.836329460144042969e+00
7.849646568298339844e+00
7.817242145538330078e+00
8.043167114257812500e+00
8.014549255371093750e+00
7.904088497161865234e+00
7.899193286895751953e+00
7.939084053039550781e+00
8.101426124572753906e+00
7.966971874237060547e+00
7.885679721832275391e+00
7.798799514770507812e+00
7.950590610504150391e+00
7.872101306915283203e+00
7.804053783416748047e+00
7.837344646453857422e+00
7.903597354888916016e+00
7.940968513488769531e+00
7.938448429107666016e+00
7.846982002258300781e+00
7.930684089660644531e+00
7.836207389831542969e+00
7.871197223663330078e+00
7.963688373565673828e+00
8.062538146972656250e+00
7.723307132720947266e+00
7.993661880493164062e+00
7.924205780029296875e+00
7.980814456939697266e+00
7.971142768859863281e+00
7.982772350311279297e+00
7.856564998626708984e+00
7.627285003662109375e+00
7.858398437500000000e+00
7.896912574768066406e+00
7.741193294525146484e+00
8.018066406250000000e+00
7.748321533203125000e+00
7.881841182708740234e+00
7.943385601043701172e+00
7.857067108154296875e+00
8.104367256164550781e+00
7.783584594726562500e+00
7.686243534088134766e+00
7.879775524139404297e+00
7.919398784637451172e+00
7.667624950408935547e+00
7.973668575286865234e+00
7.704992771148681641e+00
7.964056015014648438e+00
7.920578479766845703e+00
7.827024459838867188e+00
7.945092201232910156e+00
7.863311290740966797e+00
7.938901901245117188e+00
8.068315505981445312e+00
7.934376239776611328e+00
7.721526145935058594e+00
7.860881805419921875e+00
7.953674316406250000e+00
7.910887718200683594e+00
8.022540092468261719e+00
7.883810997009277344e+00
7.820004463195800781e+00
8.180443763732910156e+00
7.854618549346923828e+00
7.914013862609863281e+00
7.898911952972412109e+00
7.980413436889648438e+00
7.875231266021728516e+00
7.857865333557128906e+00
7.994364738464355469e+00
7.813771247863769531e+00
8.109728813171386719e+00
7.653919696807861328e+00
7.822793006896972656e+00
7.974896430969238281e+00
7.913617134094238281e+00
7.884715080261230469e+00
8.009544372558593750e+00
8.026840209960937500e+00
7.787230491638183594e+00
7.932487487792968750e+00
7.906089782714843750e+00
7.845513820648193359e+00
7.988627910614013672e+00
7.924565792083740234e+00
8.178282737731933594e+00
7.789672374725341797e+00
7.809515476226806641e+00
8.090633392333984375e+00
7.983770370483398438e+00
7.906421661376953125e+00
8.015002250671386719e+00
7.766723632812500000e+00
7.808699607849121094e+00
7.844184398651123047e+00
8.029801368713378906e+00
7.737357139587402344e+00
7.765518665313720703e+00
7.829552650451660156e+00
8.087162971496582031e+00
7.907152652740478516e+00
7.842161655426025391e+00
7.839280605316162109e+00
7.687038898468017578e+00
7.864422798156738281e+00
8.052711486816406250e+00
7.880195617675781250e+00
8.099345207214355469e+00
7.983581066131591797e+00
7.891727447509765625e+00
8.017189979553222656e+00
7.909761428833007812e+00
7.909319400787353516e+00
7.900536060333251953e+00
8.016045570373535156e+00
8.075575828552246094e+00
7.868431568145751953e+00
7.825514793395996094e+00
7.802326679229736328e+00
8.096640586853027344e+00
7.679465293884277344e+00
7.743380069732666016e+00
7.991240978240966797e+00
7.842932701110839844e+00
8.000595092773437500e+00
7.780060768127441406e+00
7.834595203399658203e+00
7.850455284118652344e+00
7.819936752319335938e+00
7.971100330352783203e+00
7.894232273101806641e+00
7.724468708038330078e+00
8.012406349182128906e+00
7.940497875213623047e+00
7.832246780395507812e+00
7.945641994476318359e+00
7.980890750885009766e+00
8.012955665588378906e+00
7.889646053314208984e+00
7.909164428710937500e+00
7.848298549652099609e+00
7.995631217956542969e+00
7.862280845642089844e+00
7.850717544555664062e+00
7.963385105133056641e+00
8.015897750854492188e+00
8.058177947998046875e+00
7.776361942291259766e+00
7.885840892791748047e+00
7.721043586730957031e+00
7.889509677886962891e+00
8.000816345214843750e+00
7.850465774536132812e+00
7.990341663360595703e+00
7.970783710479736328e+00
7.780630588531494141e+00
8.121904373168945312e+00
7.971758842468261719e+00
8.064779281616210938e+00
8.178487777709960938e+00
7.951984882354736328e+00
7.747214794158935547e+00
7.692886829376220703e+00
7.995628833770751953e+00
7.929156303405761719e+00
7.696266174316406250e+00
8.027231216430664062e+00
8.060760498046875000e+00
7.713197708129882812e+00
7.962775707244873047e+00
7.841253280639648438e+00
7.810866355895996094e+00
8.008121490478515625e+00
8.135457038879394531e+00
7.963338851928710938e+00
8.021982192993164062e+00
7.864336967468261719e+00
7.735171794891357422e+00
8.023512840270996094e+00
7.845568180084228516e+00
7.972785472869873047e+00
7.620478630065917969e+00
7.930702686309814453e+00
7.976118087768554688e+00
7.979585647583007812e+00
8.067876815795898438e+00
7.957389354705810547e+00
7.739774703979492188e+00
7.823516845703125000e+00
7.782190799713134766e+00
7.803026199340820312e+00
7.956601619720458984e+00
7.636022090911865234e+00
8.058526039123535156e+00
7.842984676361083984e+00
7.782623767852783203e+00
7.929013252258300781e+00
7.653448581695556641e+00
7.736123561859130859e+00
7.604055881500244141e+00
8.002097129821777344e+00
7.826989173889160156e+00
7.806502342224121094e+00
7.833733558654785156e+00
7.968777656555175781e+00
8.186118125915527344e+00
7.596601009368896484e+00
7.985058307647705078e+00
8.095838546752929688e+00
7.953198432922363281e+00
7.798958301544189453e+00
7.871818065643310547e+00
8.087347984313964844e+00
7.912722587585449219e+00
8.021767616271972656e+00
7.896934986114501953e+00
7.964804172515869141e+00
7.876575469970703125e+00
8.002761840820312500e+00
7.930756092071533203e+00
8.011709213256835938e+00
7.864789485931396484e+00
7.887506484985351562e+00
7.924229145050048828e+00
7.876739978790283203e+00
7.869356632232666016e+00
8.177447319030761719e+00
7.936592102050781250e+00
8.011116981506347656e+00
7.925805568695068359e+00
7.846637248992919922e+00
8.035874366760253906e+00
7.904579162597656250e+00
7.979375362396240234e+00
7.960710525512695312e+00
8.049903869628906250e+00
8.078142166137695312e+00
7.680186271667480469e+00
7.834560871124267578e+00
7.847902774810791016e+00
7.982136249542236328e+00
8.045825958251953125e+00
7.597131252288818359e+00
8.017875671386718750e+00
7.887669563293457031e+00
7.890237808227539062e+00
7.585633754730224609e+00
7.985067844390869141e+00
7.835395336151123047e+00
7.959269046783447266e+00
7.813674926757812500e+00
8.134363174438476562e+00
7.848291397094726562e+00
7.828912734985351562e+00
8.080037117004394531e+00
7.816541194915771484e+00
7.923871994018554688e+00
7.912425518035888672e+00
7.746998786926269531e+00
7.732869148254394531e+00
7.754956722259521484e+00
8.063384056091308594e+00
7.839997291564941406e+00
7.886258125305175781e+00
7.573242187500000000e+00
7.992650032043457031e+00
7.739917278289794922e+00
7.842056274414062500e+00
7.839998722076416016e+00
7.992829799652099609e+00
8.165075302124023438e+00
7.814332485198974609e+00
8.134133338928222656e+00
7.810249805450439453e+00
8.099884986877441406e+00
7.786926746368408203e+00
7.734898567199707031e+00
7.858698368072509766e+00
7.866988658905029297e+00
8.000700950622558594e+00
7.590577602386474609e+00
7.910561084747314453e+00
7.841937541961669922e+00
7.896262168884277344e+00
7.809998035430908203e+00
8.047487258911132812e+00
7.854025363922119141e+00
7.935247421264648438e+00
7.996579647064208984e+00
7.702913761138916016e+00
7.989738464355468750e+00
7.705664157867431641e+00
7.916438579559326172e+00
8.004753112792968750e+00
7.856661319732666016e+00
7.828566551208496094e+00
7.921853065490722656e+00
8.045709609985351562e+00
7.985129833221435547e+00
7.695366859436035156e+00
8.031697273254394531e+00
7.845435142517089844e+00
7.971774101257324219e+00
7.992126941680908203e+00
7.754602909088134766e+00
7.683690071105957031e+00
7.857012271881103516e+00
8.013265609741210938e+00
7.919804573059082031e+00
7.986368179321289062e+00
7.774966716766357422e+00
7.931500434875488281e+00
7.782827377319335938e+00
7.960534572601318359e+00
7.710546970367431641e+00
7.735128879547119141e+00
7.892974376678466797e+00
7.861901760101318359e+00
8.192305564880371094e+00
7.959453582763671875e+00
7.964348316192626953e+00
7.931642055511474609e+00
7.736622333526611328e+00
7.646012783050537109e+00
7.975849151611328125e+00
7.855448722839355469e+00
8.038824081420898438e+00
7.924663543701171875e+00
7.912209510803222656e+00
8.006484031677246094e+00
7.841907978057861328e+00
7.985391616821289062e+00
7.832283496856689453e+00
7.899434566497802734e+00
7.787377357482910156e+00
8.022710800170898438e+00
7.849723815917968750e+00
8.000668525695800781e+00
7.931272983551025391e+00
7.889646053314208984e+00
7.823194980621337891e+00
8.012927055358886719e+00
7.867857456207275391e+00
7.910455226898193359e+00
7.898923873901367188e+00
8.012880325317382812e+00
7.917417526245117188e+00
7.882900714874267578e+00
7.854526042938232422e+00
7.897127151489257812e+00
7.990152835845947266e+00
7.786099433898925781e+00
7.894125938415527344e+00
7.951339721679687500e+00
8.004236221313476562e+00
7.989698886871337891e+00
7.953465461730957031e+00
8.199009895324707031e+00
7.936000347137451172e+00
8.034641265869140625e+00
7.824040412902832031e+00
7.775387287139892578e+00
7.981862545013427734e+00
7.878772735595703125e+00
7.803575992584228516e+00
7.906725883483886719e+00
7.949425697326660156e+00
7.740493774414062500e+00
8.029191970825195312e+00
7.948217868804931641e+00
7.923381805419921875e+00
8.028075218200683594e+00
7.868984699249267578e+00
7.900036811828613281e+00
7.855674266815185547e+00
8.026991844177246094e+00
7.945729732513427734e+00
7.895174503326416016e+00
7.873265743255615234e+00
8.039811134338378906e+00
7.862693309783935547e+00
7.902497291564941406e+00
7.942487716674804688e+00
7.885312557220458984e+00
7.673065662384033203e+00
7.797117233276367188e+00
7.836123943328857422e+00
7.768418312072753906e+00
7.971014976501464844e+00
7.903585433959960938e+00
7.891726970672607422e+00
8.175562858581542969e+00
7.986675739288330078e+00
8.046094894409179688e+00
7.688077449798583984e+00
8.059780120849609375e+00
8.093853950500488281e+00
7.922415256500244141e+00
7.844524383544921875e+00
7.899724006652832031e+00
7.876794815063476562e+00
7.954518795013427734e+00
8.002712249755859375e+00
8.046552658081054688e+00
7.797585964202880859e+00
7.940835475921630859e+00
7.727552413940429688e+00
7.916087627410888672e+00
8.049701690673828125e+00
7.983643054962158203e+00
7.714554309844970703e+00
7.953642845153808594e+00
8.066038131713867188e+00
7.929389953613281250e+00
7.805155277252197266e+00
7.946821212768554688e+00
7.897096633911132812e+00
7.915431976318359375e+00
7.759671211242675781e+00
7.952020168304443359e+00
7.820091724395751953e+00
7.754939556121826172e+00
7.728771209716796875e+00
7.822625637054443359e+00
7.991644382476806641e+00
8.006640434265136719e+00
7.906836986541748047e+00
8.044011116027832031e+00
7.827641010284423828e+00
7.933938026428222656e+00
7.935128211975097656e+00
7.763155460357666016e+00
7.915018558502197266e+00
7.869034290313720703e+00
7.960100650787353516e+00
7.919249534606933594e+00
8.030325889587402344e+00
7.959171772003173828e+00
7.928798198699951172e+00
7.935567855834960938e+00
7.879538536071777344e+00
7.835244655609130859e+00
8.166236877441406250e+00
7.879101276397705078e+00
7.706919670104980469e+00
7.747937679290771484e+00
7.783151626586914062e+00
8.003774642944335938e+00
7.963661193847656250e+00
7.748277187347412109e+00
7.950213909149169922e+00
8.014928817749023438e+00
7.901400089263916016e+00
7.957260608673095703e+00
7.821621417999267578e+00
7.864995956420898438e+00
7.905764102935791016e+00
7.915082931518554688e+00
7.803965091705322266e+00
7.836131095886230469e+00
7.886624336242675781e+00
8.005483627319335938e+00
7.928179740905761719e+00
7.985620975494384766e+00
8.008287429809570312e+00
7.886876106262207031e+00
7.796691894531250000e+00
7.942785739898681641e+00
8.040274620056152344e+00
7.822408676147460938e+00
7.822125434875488281e+00
7.931801319122314453e+00
8.022081375122070312e+00
7.926083564758300781e+00
7.951654434204101562e+00
7.840504646301269531e+00
8.004412651062011719e+00
7.992211341857910156e+00
7.704581260681152344e+00
8.021973609924316406e+00
7.917756080627441406e+00
7.564339637756347656e+00
7.984423160552978516e+00
7.607146263122558594e+00
8.129034996032714844e+00
8.031202316284179688e+00
8.209421157836914062e+00
7.977487564086914062e+00
7.845709323883056641e+00
7.963535785675048828e+00
8.027649879455566406e+00
7.898399353027343750e+00
7.915274143218994141e+00
8.003869056701660156e+00
7.874863624572753906e+00
8.120687484741210938e+00
7.746101379394531250e+00
7.957572460174560547e+00
7.869465351104736328e+00
7.879631042480468750e+00
7.999140262603759766e+00
7.919572830200195312e+00
7.883339881896972656e+00
7.902480125427246094e+00
7.790834903717041016e+00
7.838245868682861328e+00
7.826192855834960938e+00
7.827652931213378906e+00
7.911354064941406250e+00
7.762804508209228516e+00
7.957638740539550781e+00
8.050113677978515625e+00
7.840137481689453125e+00
7.744159698486328125e+00
7.741194248199462891e+00
8.036388397216796875e+00
7.819169998168945312e+00
7.772372245788574219e+00
7.950605392456054688e+00
7.853407859802246094e+00
7.805896759033203125e+00
7.744450569152832031e+00
7.970335960388183594e+00
7.670350074768066406e+00
7.994995594024658203e+00
7.967247962951660156e+00
8.015423774719238281e+00
8.052072525024414062e+00
7.682136058807373047e+00
7.948128700256347656e+00
8.125318527221679688e+00
7.839329242706298828e+00
7.863461494445800781e+00
7.816752433776855469e+00
7.854888916015625000e+00
7.925469398498535156e+00
7.768904209136962891e+00
7.730503559112548828e+00
7.863878250122070312e+00
7.819179058074951172e+00
7.829779148101806641e+00
7.970092296600341797e+00
8.082490921020507812e+00
8.033706665039062500e+00
8.083080291748046875e+00
7.914812564849853516e+00
7.856091022491455078e+00
7.980628967285156250e+00
7.904935359954833984e+00
7.948406219482421875e+00
8.015587806701660156e+00
7.979136943817138672e+00
7.984309673309326172e+00
7.688247203826904297e+00
7.890976905822753906e+00
7.847387790679931641e+00
8.003751754760742188e+00
7.979114532470703125e+00
8.083001136779785156e+00
7.801743030548095703e+00
7.707428932189941406e+00
7.883130073547363281e+00
7.855172634124755859e+00
7.996732711791992188e+00
7.913953304290771484e+00
8.081063270568847656e+00
7.934734344482421875e+00
7.982810020446777344e+00
7.915134429931640625e+00
8.047069549560546875e+00
7.703076839447021484e+00
7.926297187805175781e+00
7.937108039855957031e+00
7.982117652893066406e+00
8.026009559631347656e+00
7.963798046112060547e+00
7.795543193817138672e+00
7.916947364807128906e+00
7.876788139343261719e+00
7.895985126495361328e+00
7.814960479736328125e+00
7.830897808074951172e+00
8.048870086669921875e+00
7.740516185760498047e+00
7.898334980010986328e+00
7.873665809631347656e+00
7.920573234558105469e+00
7.828844547271728516e+00
7.830893516540527344e+00
7.787378787994384766e+00
8.005712509155273438e+00
8.116705894470214844e+00
7.929620742797851562e+00
7.951724529266357422e+00
7.982248306274414062e+00
7.684638023376464844e+00
7.936305999755859375e+00
7.648201465606689453e+00
7.810287952423095703e+00
7.687767505645751953e+00
7.871712207794189453e+00
7.871406555175781250e+00
7.900831699371337891e+00
8.022356033325195312e+00
7.869794845581054688e+00
7.911011695861816406e+00
7.783950328826904297e+00
7.898688316345214844e+00
7.964440345764160156e+00
7.889386653900146484e+00
7.960028171539306641e+00
7.864846229553222656e+00
7.846675395965576172e+00
7.738645553588867188e+00
7.766714096069335938e+00
7.991009235382080078e+00
7.939658641815185547e+00
7.929925441741943359e+00
7.874765396118164062e+00
7.854185581207275391e+00
7.861348628997802734e+00
7.782325744628906250e+00
7.924529552459716797e+00
7.757174968719482422e+00
7.940231323242187500e+00
7.903060913085937500e+00
8.059655189514160156e+00
7.687935829162597656e+00
7.847925662994384766e+00
7.800729274749755859e+00
7.961277484893798828e+00
7.689865112304687500e+00
7.951268196105957031e+00
8.078814506530761719e+00
7.970305919647216797e+00
7.840864181518554688e+00
7.822211265563964844e+00
7.920666694641113281e+00
7.882065773010253906e+00
7.939661979675292969e+00
7.797885417938232422e+00
7.811429023742675781e+00
7.862740993499755859e+00
8.116386413574218750e+00
7.809325695037841797e+00
8.098457336425781250e+00
7.868559837341308594e+00
8.092637062072753906e+00
7.875112056732177734e+00
7.922743320465087891e+00
8.017714500427246094e+00
7.879346370697021484e+00
8.048086166381835938e+00
7.953794956207275391e+00
7.917552471160888672e+00
7.809442996978759766e+00
7.965454578399658203e+00
8.083929061889648438e+00
8.023953437805175781e+00
7.844882965087890625e+00
7.810777187347412109e+00
8.098385810852050781e+00
7.847233295440673828e+00
7.872018814086914062e+00
8.059484481811523438e+00
7.909554481506347656e+00
7.961637020111083984e+00
7.741691589355468750e+00
8.246456146240234375e+00
7.989804267883300781e+00
7.904033660888671875e+00
7.998618602752685547e+00
8.022820472717285156e+00
7.802360057830810547e+00
8.012698173522949219e+00
7.987615585327148438e+00
7.970493793487548828e+00
8.065742492675781250e+00
8.022850036621093750e+00
7.848582267761230469e+00
8.038595199584960938e+00
8.060111999511718750e+00
7.892607212066650391e+00
7.913411617279052734e+00
8.045053482055664062e+00
7.895867824554443359e+00
7.999137401580810547e+00
7.911554336547851562e+00
8.003294944763183594e+00
7.493254661560058594e+00
7.874043464660644531e+00
8.108055114746093750e+00
7.734656810760498047e+00
7.834989070892333984e+00
7.916545391082763672e+00
7.650214195251464844e+00
7.999855041503906250e+00
7.776744842529296875e+00
7.946418762207031250e+00
7.977826595306396484e+00
7.851217746734619141e+00
7.755345344543457031e+00
8.023830413818359375e+00
7.743618011474609375e+00
7.901365280151367188e+00
7.810362339019775391e+00
7.779407501220703125e+00
7.827752113342285156e+00
7.736400604248046875e+00
7.724291801452636719e+00
7.795611381530761719e+00
8.099225997924804688e+00
7.947022438049316406e+00
7.856978416442871094e+00
7.723390579223632812e+00
7.909819126129150391e+00
8.013287544250488281e+00
7.859605789184570312e+00
7.965391635894775391e+00
7.944113254547119141e+00
7.938534259796142578e+00
8.020729064941406250e+00
7.915385246276855469e+00
7.856236934661865234e+00
7.802858352661132812e+00
7.797534465789794922e+00
7.671466827392578125e+00
8.047313690185546875e+00
7.815316677093505859e+00
7.979761123657226562e+00
7.983638286590576172e+00
7.965577125549316406e+00
7.812942504882812500e+00
7.880427360534667969e+00
7.904326438903808594e+00
7.901745796203613281e+00
8.034450531005859375e+00
7.973966121673583984e+00
7.935232162475585938e+00
7.985973834991455078e+00
7.942477226257324219e+00
7.914913654327392578e+00
7.910200119018554688e+00
7.967235565185546875e+00
7.888331890106201172e+00
8.085755348205566406e+00
8.034522056579589844e+00
7.971677303314208984e+00
7.978529453277587891e+00
7.837546825408935547e+00
7.975200176239013672e+00
7.989492416381835938e+00
7.955047607421875000e+00
7.938609600067138672e+00
7.974171161651611328e+00
7.857886314392089844e+00
8.016831398010253906e+00
7.883151054382324219e+00
7.942165374755859375e+00
7.713313579559326172e+00
7.790883064270019531e+00
7.790476799011230469e+00
7.942114353179931641e+00
7.769248485565185547e+00
7.911022663116455078e+00
7.477186203002929688e+00
7.677687644958496094e+00
7.888538360595703125e+00
7.863112449645996094e+00
7.739332199096679688e+00
8.055059432983398438e+00
7.927915573120117188e+00
8.013632774353027344e+00
7.949161052703857422e+00
7.801666259765625000e+00
7.942963600158691406e+00
7.893099784851074219e+00
7.892259597778320312e+00
8.082210540771484375e+00
7.952034473419189453e+00
7.840213775634765625e+00
7.808021068572998047e+00
7.947791576385498047e+00
7.918235301971435547e+00
7.847559452056884766e+00
7.778829574584960938e+00
7.704304695129394531e+00
7.941059112548828125e+00
7.885856628417968750e+00
7.870019435882568359e+00
7.896562576293945312e+00
7.847965717315673828e+00
7.761175632476806641e+00
7.682835578918457031e+00
7.876894474029541016e+00
7.931321620941162109e+00
7.909505844116210938e+00
7.923583030700683594e+00
7.997652053833007812e+00
7.734275817871093750e+00
7.746910572052001953e+00
7.700086116790771484e+00
7.850221633911132812e+00
7.989685058593750000e+00
7.989170074462890625e+00
7.888416290283203125e+00
8.063753128051757812e+00
8.004283905029296875e+00
8.065140724182128906e+00
8.018241882324218750e+00
7.890409946441650391e+00
7.927039146423339844e+00
7.676945209503173828e+00
7.941446781158447266e+00
7.835471153259277344e+00
7.721988201141357422e+00
7.833877563476562500e+00
7.968655109405517578e+00
7.775647640228271484e+00
7.921398162841796875e+00
7.965212821960449219e+00
7.757721424102783203e+00
8.022660255432128906e+00
8.125697135925292969e+00
7.798218250274658203e+00
8.009274482727050781e+00
7.948905467987060547e+00
7.929529190063476562e+00
7.859324455261230469e+00
7.884962558746337891e+00
7.942513942718505859e+00
8.058856010437011719e+00
7.864651203155517578e+00
7.719534397125244141e+00
7.937173843383789062e+00
7.853425979614257812e+00
7.872843742370605469e+00
7.965816020965576172e+00
7.638352394104003906e+00
7.852384090423583984e+00
7.957244396209716797e+00
8.132464408874511719e+00
8.044776916503906250e+00
7.851391315460205078e+00
8.064110755920410156e+00
7.867020606994628906e+00
7.961278915405273438e+00
8.121265411376953125e+00
7.983623981475830078e+00
7.870749950408935547e+00
7.748949050903320312e+00
7.934864044189453125e+00
7.929192543029785156e+00
7.988492965698242188e+00
7.863236904144287109e+00
7.966764450073242188e+00
8.146804809570312500e+00
7.962929248809814453e+00
8.022324562072753906e+00
8.174161911010742188e+00
7.780517578125000000e+00
7.871161460876464844e+00
8.136125564575195312e+00
7.908702373504638672e+00
8.003469467163085938e+00
8.002985954284667969e+00
7.868015289306640625e+00
7.687581539154052734e+00
7.782109260559082031e+00
7.849814891815185547e+00
7.786787986755371094e+00
7.885105133056640625e+00
7.905466556549072266e+00
7.780170917510986328e+00
8.028953552246093750e+00
7.908946037292480469e+00
7.983212947845458984e+00
7.980871200561523438e+00
8.027101516723632812e+00
7.926322460174560547e+00
7.849798679351806641e+00
8.086323738098144531e+00
7.942020893096923828e+00
7.899929046630859375e+00
8.006367683410644531e+00
7.899970531463623047e+00
8.013197898864746094e+00
8.037919044494628906e+00
8.045336723327636719e+00
7.749078273773193359e+00
7.769530296325683594e+00
7.857301235198974609e+00
7.937091827392578125e+00
8.120061874389648438e+00
7.850181579589843750e+00
7.961594104766845703e+00
8.135686874389648438e+00
8.026729583740234375e+00
7.810343265533447266e+00
7.856535911560058594e+00
7.812579154968261719e+00
7.865327358245849609e+00
7.946950435638427734e+00
7.932076930999755859e+00
7.949754714965820312e+00
8.037697792053222656e+00
7.961474895477294922e+00
7.946063518524169922e+00
7.708904743194580078e+00
7.923617362976074219e+00
8.011095046997070312e+00
7.853820323944091797e+00
7.966973781585693359e+00
7.900206089019775391e+00
7.977117538452148438e+00
7.918491840362548828e+00
7.737789154052734375e+00
7.866340160369873047e+00
7.919322013854980469e+00
7.917602062225341797e+00
7.760550975799560547e+00
8.122615814208984375e+00
7.918590068817138672e+00
8.102926254272460938e+00
7.785381793975830078e+00
7.737736701965332031e+00
7.555674552917480469e+00
7.890519142150878906e+00
7.871393203735351562e+00
7.956423282623291016e+00
8.094218254089355469e+00
7.807410240173339844e+00
7.948617935180664062e+00
7.753327369689941406e+00
8.019401550292968750e+00
7.929850101470947266e+00
7.882355690002441406e+00
7.677340507507324219e+00
7.969360828399658203e+00
7.865288734436035156e+00
7.888306617736816406e+00
7.902935981750488281e+00
7.937256813049316406e+00
7.934853553771972656e+00
7.759703636169433594e+00
7.932468891143798828e+00
7.895967006683349609e+00
7.892961025238037109e+00
7.966744422912597656e+00
7.854326725006103516e+00
7.981935024261474609e+00
7.830426216125488281e+00
7.744293689727783203e+00
7.920828819274902344e+00
7.906076908111572266e+00
7.891589164733886719e+00
7.794090270996093750e+00
7.652298927307128906e+00
7.728560924530029297e+00
7.974735260009765625e+00
7.844604492187500000e+00
7.859702587127685547e+00
7.734333038330078125e+00
7.818331718444824219e+00
7.598189830780029297e+00
7.855700969696044922e+00
7.888420104980468750e+00
7.928191661834716797e+00
7.938125610351562500e+00
8.076581954956054688e+00
7.792681217193603516e+00
7.798980236053466797e+00
7.915504932403564453e+00
8.071216583251953125e+00
7.846636772155761719e+00
8.000119209289550781e+00
7.978711128234863281e+00
8.078964233398437500e+00
7.736337184906005859e+00
7.873006820678710938e+00
7.705652236938476562e+00
8.052788734436035156e+00
7.708222389221191406e+00
7.651056766510009766e+00
7.750307559967041016e+00
8.035939216613769531e+00
7.981316566467285156e+00
7.944185733795166016e+00
8.098474502563476562e+00
7.966651916503906250e+00
7.783840179443359375e+00
7.846966266632080078e+00
8.017288208007812500e+00
7.928882122039794922e+00
7.862213611602783203e+00
7.846823692321777344e+00
7.893313407897949219e+00
8.035584449768066406e+00
7.864395141601562500e+00
7.851451396942138672e+00
7.660893917083740234e+00
8.128608703613281250e+00
7.950449466705322266e+00
7.927999496459960938e+00
8.041938781738281250e+00
8.000463485717773438e+00
7.728227138519287109e+00
7.960241317749023438e+00
7.978181362152099609e+00
7.930228710174560547e+00
8.019833564758300781e+00
7.945622920989990234e+00
7.744833946228027344e+00
7.846980571746826172e+00
7.993487834930419922e+00
7.816064834594726562e+00
7.870311260223388672e+00
7.835949420928955078e+00
7.507822513580322266e+00
8.035961151123046875e+00
7.792126655578613281e+00
7.968060970306396484e+00
7.744570255279541016e+00
7.895238399505615234e+00
7.664675712585449219e+00
7.886034488677978516e+00
7.956517696380615234e+00
7.899659633636474609e+00
7.890098571777343750e+00
7.843195915222167969e+00
8.020653724670410156e+00
8.000475883483886719e+00
7.904593467712402344e+00
7.768155574798583984e+00
7.757791996002197266e+00
7.887237071990966797e+00
7.828234672546386719e+00
7.813194274902343750e+00
7.907861232757568359e+00
7.916116714477539062e+00
7.884417533874511719e+00
7.831082820892333984e+00
7.883046150207519531e+00
7.949272632598876953e+00
8.021943092346191406e+00
7.884280681610107422e+00
7.735794067382812500e+00
8.055820465087890625e+00
7.954635143280029297e+00
7.876482486724853516e+00
7.837981700897216797e+00
8.022930145263671875e+00
7.901888847351074219e+00
7.958642005920410156e+00
8.000504493713378906e+00
7.891499042510986328e+00
7.913032531738281250e+00
7.733373641967773438e+00
7.937261581420898438e+00
8.046372413635253906e+00
7.801716327667236328e+00
7.811611652374267578e+00
7.936957836151123047e+00
7.755712032318115234e+00
7.808232784271240234e+00
7.941619396209716797e+00
7.829380035400390625e+00
7.880621433258056641e+00
7.918903827667236328e+00
8.017021179199218750e+00
7.988514423370361328e+00
7.921218872070312500e+00
7.982529163360595703e+00
7.798671722412109375e+00
7.850718975067138672e+00
7.879421234130859375e+00
7.878884315490722656e+00
8.165402412414550781e+00
7.937705993652343750e+00
8.034794807434082031e+00
8.015810966491699219e+00
7.855823516845703125e+00
7.876999378204345703e+00
7.710665702819824219e+00
8.095413208007812500e+00
7.837977886199951172e+00
7.846170425415039062e+00
7.780889987945556641e+00
7.843049526214599609e+00
7.870401859283447266e+00
8.106646537780761719e+00
7.962827205657958984e+00
8.087375640869140625e+00
7.923299789428710938e+00
8.063433647155761719e+00
7.804138183593750000e+00
8.104082107543945312e+00
7.958851337432861328e+00
7.932311534881591797e+00
7.677554607391357422e+00
7.925509452819824219e+00
8.002693176269531250e+00
8.013933181762695312e+00
8.002119064331054688e+00
7.749928951263427734e+00
7.770212173461914062e+00
7.911545753479003906e+00
7.674262046813964844e+00
7.930703639984130859e+00
7.795943737030029297e+00
7.768474578857421875e+00
8.007690429687500000e+00
7.898654460906982422e+00
8.022177696228027344e+00
7.750945091247558594e+00
7.996604919433593750e+00
8.037892341613769531e+00
7.831198215484619141e+00
7.866245746612548828e+00
7.942821025848388672e+00
7.963982582092285156e+00
8.041165351867675781e+00
7.830064296722412109e+00
7.845884799957275391e+00
7.736161708831787109e+00
7.764128684997558594e+00
7.799633502960205078e+00
7.848561286926269531e+00
8.021857261657714844e+00
8.015250205993652344e+00
7.832447528839111328e+00
8.007083892822265625e+00
7.832672119140625000e+00
7.987086772918701172e+00
7.858051300048828125e+00
7.752539157867431641e+00
7.868047714233398438e+00
7.783560752868652344e+00
8.009903907775878906e+00
8.041760444641113281e+00
7.747741699218750000e+00
7.937222957611083984e+00
7.962039470672607422e+00
7.848347663879394531e+00
7.790624141693115234e+00
7.795220851898193359e+00
8.095838546752929688e+00
7.172996997833251953e+00
7.738713741302490234e+00
7.972290515899658203e+00
7.810512065887451172e+00
7.891677379608154297e+00
8.038292884826660156e+00
7.763723850250244141e+00
7.740089893341064453e+00
8.030818939208984375e+00
7.939825534820556641e+00
7.997850418090820312e+00
7.868930816650390625e+00
7.630037784576416016e+00
8.040994644165039062e+00
7.865500450134277344e+00
7.744563102722167969e+00
7.901713371276855469e+00
7.819207191467285156e+00
7.647624492645263672e+00
7.665247917175292969e+00
7.840291976928710938e+00
7.729810237884521484e+00
8.001996040344238281e+00
7.894617557525634766e+00
7.820326328277587891e+00
7.963814258575439453e+00
7.890406131744384766e+00
7.672719955444335938e+00
8.040731430053710938e+00
7.797714710235595703e+00
7.999200344085693359e+00
8.075332641601562500e+00
7.771953105926513672e+00
7.989908218383789062e+00
7.958905220031738281e+00
7.538527011871337891e+00
7.988087177276611328e+00
7.930892467498779297e+00
7.879468441009521484e+00
7.825359344482421875e+00
7.794995784759521484e+00
7.951602935791015625e+00
7.692897796630859375e+00
7.708887577056884766e+00
7.878876686096191406e+00
7.960417270660400391e+00
7.998807430267333984e+00
7.869049549102783203e+00
7.810623645782470703e+00
7.904208183288574219e+00
7.839241981506347656e+00
7.910828590393066406e+00
8.051581382751464844e+00
7.992331504821777344e+00
7.947087764739990234e+00
7.839191913604736328e+00
7.929048061370849609e+00
7.868939876556396484e+00
7.952363491058349609e+00
7.827517032623291016e+00
7.913400650024414062e+00
7.880502700805664062e+00
7.798990249633789062e+00
7.800590038299560547e+00
7.875006198883056641e+00
7.945841789245605469e+00
8.061176300048828125e+00
7.789511680603027344e+00
7.829603195190429688e+00
7.860815525054931641e+00
8.128180503845214844e+00
7.898390769958496094e+00
7.794986248016357422e+00
7.804234027862548828e+00
8.046806335449218750e+00
8.041039466857910156e+00
7.929071426391601562e+00
7.895357608795166016e+00
7.947457790374755859e+00
7.918798446655273438e+00
7.726878166198730469e+00
7.686522960662841797e+00
7.824708938598632812e+00
7.978428363800048828e+00
7.960171222686767578e+00
7.898103713989257812e+00
7.542792320251464844e+00
7.911128520965576172e+00
7.870539665222167969e+00
8.139040946960449219e+00
7.808152675628662109e+00
7.817682743072509766e+00
8.011153221130371094e+00
7.885017395019531250e+00
7.653359889984130859e+00
7.655164241790771484e+00
7.921819686889648438e+00
7.809935569763183594e+00
7.918652057647705078e+00
8.169462203979492188e+00
8.047416687011718750e+00
7.744548320770263672e+00
7.897737026214599609e+00
7.675634384155273438e+00
7.950114250183105469e+00
7.860702991485595703e+00
7.870222091674804688e+00
8.040085792541503906e+00
7.964053153991699219e+00
7.827626228332519531e+00
7.920089244842529297e+00
7.775939941406250000e+00
7.781552791595458984e+00
7.605452537536621094e+00
7.719158649444580078e+00
7.992158889770507812e+00
7.992571353912353516e+00
8.056310653686523438e+00
7.858657360076904297e+00
7.735692501068115234e+00
7.754071235656738281e+00
7.991308689117431641e+00
7.762836933135986328e+00
7.860605716705322266e+00
7.835479736328125000e+00
7.845598697662353516e+00
7.738441467285156250e+00
7.796240806579589844e+00
7.783138751983642578e+00
8.001389503479003906e+00
7.765564918518066406e+00
8.021723747253417969e+00
7.931718349456787109e+00
7.914533615112304688e+00
7.857707023620605469e+00
7.865995407104492188e+00
8.043982505798339844e+00
7.980997562408447266e+00
8.007374763488769531e+00
7.904240131378173828e+00
7.803234100341796875e+00
7.805259227752685547e+00
7.858091831207275391e+00
8.029763221740722656e+00
7.952721118927001953e+00
7.740196228027343750e+00
8.037343025207519531e+00
8.024595260620117188e+00
7.947006225585937500e+00
7.890490531921386719e+00
7.902040004730224609e+00
7.703613758087158203e+00
8.002225875854492188e+00
7.691716670989990234e+00
7.814167022705078125e+00
7.716331958770751953e+00
7.851814746856689453e+00
7.808574199676513672e+00
7.833367347717285156e+00
7.863494396209716797e+00
7.801841259002685547e+00
7.812228679656982422e+00
7.866334438323974609e+00
7.958392143249511719e+00
8.013893127441406250e+00
8.048414230346679688e+00
7.760847568511962891e+00
8.004114151000976562e+00
7.899080753326416016e+00
7.852929115295410156e+00
7.727900981903076172e+00
7.856323242187500000e+00
7.709237098693847656e+00
7.954842567443847656e+00
7.689166069030761719e+00
7.916059494018554688e+00
7.783178329467773438e+00
8.094717979431152344e+00
7.896290302276611328e+00
7.903396129608154297e+00
8.078931808471679688e+00
7.810673236846923828e+00
7.988949298858642578e+00
7.848787784576416016e+00
7.981787681579589844e+00
7.929122447967529297e+00
7.878087997436523438e+00
7.721083164215087891e+00
7.902194499969482422e+00
8.005016326904296875e+00
7.727209568023681641e+00
7.808748245239257812e+00
7.923407554626464844e+00
7.774390697479248047e+00
8.029576301574707031e+00
7.766022205352783203e+00
7.783981323242187500e+00
8.056906700134277344e+00
7.951730251312255859e+00
8.005060195922851562e+00
7.909672737121582031e+00
8.009249687194824219e+00
7.877833843231201172e+00
7.904808044433593750e+00
7.833609104156494141e+00
7.817639827728271484e+00
7.818797111511230469e+00
7.798867702484130859e+00
7.758673191070556641e+00
7.804373264312744141e+00
8.006079673767089844e+00
8.006219863891601562e+00
7.846612930297851562e+00
7.963177680969238281e+00
7.401743888854980469e+00
7.988490104675292969e+00
7.735277175903320312e+00
7.839172840118408203e+00
7.798266887664794922e+00
7.735728740692138672e+00
7.987861633300781250e+00
7.975722312927246094e+00
7.676806449890136719e+00
7.934199333190917969e+00
7.458291053771972656e+00
8.055245399475097656e+00
7.746922016143798828e+00
7.885976314544677734e+00
7.871930122375488281e+00
7.917099475860595703e+00
7.886776924133300781e+00
7.935992240905761719e+00
7.764804363250732422e+00
7.997802257537841797e+00
7.765020847320556641e+00
8.108816146850585938e+00
7.740861892700195312e+00
7.777058124542236328e+00
7.904902458190917969e+00
7.524135589599609375e+00
7.978879928588867188e+00
7.907202243804931641e+00
8.001872062683105469e+00
8.189761161804199219e+00
7.851242542266845703e+00
7.875482559204101562e+00
7.858202457427978516e+00
7.728424549102783203e+00
7.780192375183105469e+00
7.926599502563476562e+00
7.853847980499267578e+00
7.818199157714843750e+00
7.927982807159423828e+00
7.988371849060058594e+00
7.774773120880126953e+00
7.821820259094238281e+00
7.974796772003173828e+00
7.867052078247070312e+00
7.716968059539794922e+00
7.847545146942138672e+00
8.058850288391113281e+00
7.808282852172851562e+00
7.755218505859375000e+00
7.729527473449707031e+00
7.925767421722412109e+00
7.890440940856933594e+00
7.812126636505126953e+00
7.813697814941406250e+00
7.712041378021240234e+00
7.893952369689941406e+00
8.103892326354980469e+00
7.757840633392333984e+00
7.908377647399902344e+00
7.779628753662109375e+00
8.114871025085449219e+00
8.034700393676757812e+00
7.903536796569824219e+00
8.009250640869140625e+00
7.941485881805419922e+00
7.817330360412597656e+00
7.943557262420654297e+00
8.036996841430664062e+00
7.862233161926269531e+00
7.762418746948242188e+00
7.910624027252197266e+00
7.786510944366455078e+00
8.053112030029296875e+00
7.938501358032226562e+00
7.684633731842041016e+00
7.819789886474609375e+00
8.017307281494140625e+00
7.885908126831054688e+00
7.665496826171875000e+00
7.755880355834960938e+00
7.900249958038330078e+00
7.912820339202880859e+00
7.825192451477050781e+00
7.958973407745361328e+00
7.854103565216064453e+00
7.843029975891113281e+00
7.778954029083251953e+00
7.694614887237548828e+00
7.810749053955078125e+00
7.772518157958984375e+00
8.018019676208496094e+00
8.026116371154785156e+00
7.964293956756591797e+00
8.077262878417968750e+00
7.874598979949951172e+00
7.938151359558105469e+00
7.891596317291259766e+00
7.930014133453369141e+00
7.971018314361572266e+00
7.881151676177978516e+00
7.949212074279785156e+00
7.792921543121337891e+00
8.087386131286621094e+00
7.716314792633056641e+00
7.991118431091308594e+00
8.066977500915527344e+00
7.963279247283935547e+00
7.919974803924560547e+00
7.918115615844726562e+00
7.932303905487060547e+00
7.999442577362060547e+00
7.861390590667724609e+00
7.867261886596679688e+00
7.950335502624511719e+00
7.918700695037841797e+00
7.902015209197998047e+00
7.901232242584228516e+00
7.955513954162597656e+00
8.069458007812500000e+00
7.915100574493408203e+00
7.940200328826904297e+00
7.767345905303955078e+00
7.829866409301757812e+00
7.823626518249511719e+00
7.550754070281982422e+00
7.796473026275634766e+00
8.226740837097167969e+00
7.910099983215332031e+00
7.812017440795898438e+00
7.663808345794677734e+00
7.820829391479492188e+00
7.958541393280029297e+00
7.996935367584228516e+00
7.952994823455810547e+00
7.835701465606689453e+00
7.749751567840576172e+00
7.836019515991210938e+00
7.745315074920654297e+00
7.881956100463867188e+00
7.940946578979492188e+00
7.812262058258056641e+00
7.885657787322998047e+00
8.044871330261230469e+00
7.841514587402343750e+00
7.866037368774414062e+00
7.808193683624267578e+00
8.080810546875000000e+00
7.858434200286865234e+00
7.841555595397949219e+00
8.022046089172363281e+00
7.982455730438232422e+00
8.026784896850585938e+00
7.896449565887451172e+00
8.036026000976562500e+00
8.042391777038574219e+00
7.953645229339599609e+00
7.958349704742431641e+00
8.202918052673339844e+00
8.007163047790527344e+00
7.838115692138671875e+00
7.966104030609130859e+00
7.826645851135253906e+00
7.888309478759765625e+00
7.797446727752685547e+00
7.904922962188720703e+00
8.105742454528808594e+00
8.131595611572265625e+00
7.673222064971923828e+00
8.008054733276367188e+00
8.018778800964355469e+00
7.909179687500000000e+00
7.937681674957275391e+00
7.737852096557617188e+00
7.769467353820800781e+00
8.006756782531738281e+00
7.912558555603027344e+00
7.820828914642333984e+00
7.864347934722900391e+00
7.716734409332275391e+00
7.914831161499023438e+00
7.692858219146728516e+00
8.057061195373535156e+00
7.813439846038818359e+00
7.937592029571533203e+00
8.060336112976074219e+00
7.786638259887695312e+00
7.672719478607177734e+00
8.065846443176269531e+00
7.727140903472900391e+00
7.774873733520507812e+00
7.852952480316162109e+00
7.560069561004638672e+00
7.896036624908447266e+00
7.674750328063964844e+00
8.076615333557128906e+00
7.873171806335449219e+00
7.753844261169433594e+00
8.000211715698242188e+00
7.898413181304931641e+00
7.941724777221679688e+00
7.691318511962890625e+00
7.793741703033447266e+00
7.946984767913818359e+00
7.773219585418701172e+00
7.863100051879882812e+00
7.861636638641357422e+00
7.751483440399169922e+00
7.926094055175781250e+00
7.813018321990966797e+00
7.793629646301269531e+00
7.983065605163574219e+00
7.991328716278076172e+00
7.979256629943847656e+00
7.877926349639892578e+00
7.830479621887207031e+00
7.929505825042724609e+00
7.865885257720947266e+00
7.961151599884033203e+00
7.908030509948730469e+00
7.851287364959716797e+00
8.009082794189453125e+00
7.994407176971435547e+00
7.880731105804443359e+00
7.836405277252197266e+00
7.933377742767333984e+00
7.900161266326904297e+00
7.776486873626708984e+00
7.935506820678710938e+00
7.925686359405517578e+00
7.713073730468750000e+00
8.375893592834472656e+00
7.567464351654052734e+00
7.860721111297607422e+00
7.959058761596679688e+00
7.971611022949218750e+00
7.853320121765136719e+00
7.907864093780517578e+00
7.833354949951171875e+00
7.861286163330078125e+00
7.930700778961181641e+00
7.935676097869873047e+00
7.877340793609619141e+00
7.720608234405517578e+00
7.653451442718505859e+00
7.831746101379394531e+00
7.885004043579101562e+00
7.572217464447021484e+00
7.967671394348144531e+00
7.745649337768554688e+00
7.752346515655517578e+00
7.917831420898437500e+00
7.919250011444091797e+00
8.001347541809082031e+00
7.957136631011962891e+00
7.959736824035644531e+00
7.739808559417724609e+00
7.819591045379638672e+00
7.763978004455566406e+00
7.812125205993652344e+00
7.850852966308593750e+00
7.814261436462402344e+00
7.957190513610839844e+00
7.864051342010498047e+00
7.858794689178466797e+00
8.023426055908203125e+00
7.894922733306884766e+00
8.072927474975585938e+00
7.865968227386474609e+00
7.792081356048583984e+00
7.889439582824707031e+00
7.829667568206787109e+00
7.570307731628417969e+00
7.950372695922851562e+00
7.984746932983398438e+00
8.030663490295410156e+00
7.883422374725341797e+00
8.012131690979003906e+00
7.966604709625244141e+00
7.937827587127685547e+00
7.980120658874511719e+00
7.901839256286621094e+00
7.869740962982177734e+00
7.926354885101318359e+00
7.913420200347900391e+00
7.904585361480712891e+00
8.015141487121582031e+00
7.770004749298095703e+00
7.719831943511962891e+00
7.964376926422119141e+00
7.999960422515869141e+00
8.030269622802734375e+00
8.118810653686523438e+00
7.685759067535400391e+00
7.818044185638427734e+00
7.867850303649902344e+00
7.819393157958984375e+00
7.907095432281494141e+00
7.681554317474365234e+00
7.928688049316406250e+00
7.975625991821289062e+00
7.934262275695800781e+00
7.932206153869628906e+00
7.980132102966308594e+00
7.883654594421386719e+00
7.837739944458007812e+00
7.925366401672363281e+00
7.690433502197265625e+00
7.870216369628906250e+00
7.853878974914550781e+00
7.848305702209472656e+00
7.569585323333740234e+00
7.920457363128662109e+00
7.924476623535156250e+00
7.814264774322509766e+00
7.597254276275634766e+00
7.947244644165039062e+00
7.838441848754882812e+00
8.014784812927246094e+00
7.979088783264160156e+00
8.034752845764160156e+00
7.752988815307617188e+00
7.657128810882568359e+00
7.918620586395263672e+00
7.724575996398925781e+00
7.987695217132568359e+00
7.816158771514892578e+00
7.866752624511718750e+00
8.262032508850097656e+00
7.971224784851074219e+00
7.939984798431396484e+00
7.739944934844970703e+00
7.897144794464111328e+00
7.885396003723144531e+00
8.134766578674316406e+00
7.945485591888427734e+00
7.779055595397949219e+00
7.774093627929687500e+00
7.893969535827636719e+00
7.978970050811767578e+00
7.933885097503662109e+00
7.753393650054931641e+00
8.002416610717773438e+00
7.847488403320312500e+00
7.930586814880371094e+00
7.898344039916992188e+00
7.825248718261718750e+00
7.851292610168457031e+00
8.014719009399414062e+00
7.952382564544677734e+00
7.885117053985595703e+00
7.817499637603759766e+00
7.939057350158691406e+00
7.898313999176025391e+00
7.767313003540039062e+00
7.924799919128417969e+00
8.013230323791503906e+00
7.784905910491943359e+00
7.865361690521240234e+00
7.919273853302001953e+00
7.898543357849121094e+00
7.786626815795898438e+00
7.753995895385742188e+00
8.023222923278808594e+00
7.941702842712402344e+00
7.821138858795166016e+00
7.728586673736572266e+00
8.025196075439453125e+00
7.944651126861572266e+00
7.834359645843505859e+00
8.092164039611816406e+00
7.926722049713134766e+00
7.802836894989013672e+00
7.975702762603759766e+00
7.789010524749755859e+00
7.827620506286621094e+00
7.814375877380371094e+00
7.824704170227050781e+00
7.857204437255859375e+00
7.771505355834960938e+00
7.836411476135253906e+00
7.880707263946533203e+00
7.956250667572021484e+00
8.118312835693359375e+00
7.673054695129394531e+00
7.854927062988281250e+00
7.772889137268066406e+00
7.749557495117187500e+00
7.827234268188476562e+00
7.762359619140625000e+00
7.846175193786621094e+00
8.080901145935058594e+00
7.961868762969970703e+00
7.928360939025878906e+00
7.785683155059814453e+00
8.043037414550781250e+00
7.975248813629150391e+00
7.996238231658935547e+00
7.785103797912597656e+00
7.858774185180664062e+00
8.033056259155273438e+00
7.958989620208740234e+00
7.759449958801269531e+00
7.927164554595947266e+00
7.823847293853759766e+00
7.996098518371582031e+00
7.882529735565185547e+00
8.051383018493652344e+00
7.893610954284667969e+00
7.957987308502197266e+00
7.522204399108886719e+00
7.885220527648925781e+00
7.985465049743652344e+00
7.763086795806884766e+00
7.750399589538574219e+00
7.943303108215332031e+00
7.816596031188964844e+00
7.753157138824462891e+00
7.627219676971435547e+00
7.898275852203369141e+00
7.824856758117675781e+00
8.004788398742675781e+00
7.925326824188232422e+00
8.131348609924316406e+00
7.985031127929687500e+00
7.868406295776367188e+00
7.924415588378906250e+00
7.872856140136718750e+00
7.842077255249023438e+00
7.916727066040039062e+00
7.874978542327880859e+00
7.848919391632080078e+00
7.796961307525634766e+00
7.734313488006591797e+00
7.973777770996093750e+00
7.921893119812011719e+00
8.004565238952636719e+00
7.916113853454589844e+00
8.009550094604492188e+00
7.699791908264160156e+00
7.814542770385742188e+00
7.827263832092285156e+00
7.782195568084716797e+00
8.044274330139160156e+00
7.872492790222167969e+00
7.956972122192382812e+00
7.988729953765869141e+00
7.866674900054931641e+00
7.955996036529541016e+00
7.851850032806396484e+00
7.887785434722900391e+00
8.145595550537109375e+00
7.971655368804931641e+00
7.763910770416259766e+00
7.896605491638183594e+00
7.875983238220214844e+00
8.082606315612792969e+00
7.852789878845214844e+00
7.853044033050537109e+00
7.940476417541503906e+00
7.828207492828369141e+00
7.880738258361816406e+00
7.814420700073242188e+00
7.773565769195556641e+00
7.933728218078613281e+00
7.921727180480957031e+00
7.766536712646484375e+00
8.104041099548339844e+00
8.010553359985351562e+00
7.871504783630371094e+00
7.745675086975097656e+00
7.671225547790527344e+00
7.967764377593994141e+00
7.910466670989990234e+00
7.813174247741699219e+00
7.888088703155517578e+00
7.816151618957519531e+00
7.697643280029296875e+00
7.907021045684814453e+00
7.795732498168945312e+00
7.946654319763183594e+00
7.718160152435302734e+00
7.866694927215576172e+00
7.957995891571044922e+00
7.901374340057373047e+00
7.917485237121582031e+00
7.768550395965576172e+00
7.726859569549560547e+00
7.911894321441650391e+00
7.840837478637695312e+00
7.879953384399414062e+00
7.923899650573730469e+00
7.881895065307617188e+00
8.010353088378906250e+00
8.063146591186523438e+00
8.001393318176269531e+00
7.851627349853515625e+00
7.860008716583251953e+00
7.824672222137451172e+00
7.844650268554687500e+00
7.841491699218750000e+00
7.759883403778076172e+00
8.007956504821777344e+00
7.970131397247314453e+00
8.005519866943359375e+00
7.755527019500732422e+00
7.944933891296386719e+00
7.703473091125488281e+00
7.924580574035644531e+00
8.063241004943847656e+00
7.828353881835937500e+00
7.815600872039794922e+00
7.803259372711181641e+00
7.932971000671386719e+00
7.980772495269775391e+00
7.863306522369384766e+00
7.964943885803222656e+00
7.623526096343994141e+00
7.932111740112304688e+00
8.097031593322753906e+00
7.967907428741455078e+00
7.751195430755615234e+00
8.025763511657714844e+00
7.711707592010498047e+00
7.871283531188964844e+00
7.848099231719970703e+00
8.007620811462402344e+00
8.085984230041503906e+00
7.685416221618652344e+00
7.956425189971923828e+00
7.843956470489501953e+00
7.806819915771484375e+00
7.484034061431884766e+00
7.715197563171386719e+00
7.804394721984863281e+00
7.879651546478271484e+00
7.822057247161865234e+00
7.941615104675292969e+00
7.790211677551269531e+00
7.911947250366210938e+00
7.884732723236083984e+00
7.758951187133789062e+00
7.763063907623291016e+00
7.870560646057128906e+00
7.837398529052734375e+00
8.018930435180664062e+00
7.918297290802001953e+00
8.010549545288085938e+00
7.771103382110595703e+00
7.883334636688232422e+00
8.026202201843261719e+00
8.001632690429687500e+00
7.962125301361083984e+00
7.805315971374511719e+00
7.939150333404541016e+00
8.014241218566894531e+00
7.956825733184814453e+00
7.887153625488281250e+00
7.774772167205810547e+00
7.924063682556152344e+00
7.648857593536376953e+00
7.783840656280517578e+00
7.753661155700683594e+00
7.903882026672363281e+00
7.980523586273193359e+00
7.929253101348876953e+00
7.879852294921875000e+00
7.965276718139648438e+00
7.864869594573974609e+00
7.870910167694091797e+00
8.038127899169921875e+00
7.737551689147949219e+00
7.962727546691894531e+00
7.934208393096923828e+00
7.916147232055664062e+00
7.695466995239257812e+00
7.730472087860107422e+00
7.706845283508300781e+00
7.784469127655029297e+00
7.972450256347656250e+00
7.868183612823486328e+00
7.843760490417480469e+00
7.769231796264648438e+00
7.803960323333740234e+00
7.964676380157470703e+00
7.905660629272460938e+00
7.912906646728515625e+00
7.939952850341796875e+00
7.986445903778076172e+00
8.024890899658203125e+00
7.942032337188720703e+00
7.815725326538085938e+00
7.895516395568847656e+00
7.946171283721923828e+00
7.835343837738037109e+00
7.940157413482666016e+00
7.686547279357910156e+00
7.792238235473632812e+00
7.892297744750976562e+00
7.867158889770507812e+00
7.863261699676513672e+00
8.138312339782714844e+00
8.105122566223144531e+00
7.992221355438232422e+00
7.817980766296386719e+00
7.777107238769531250e+00
7.935402870178222656e+00
7.648319721221923828e+00
7.952147006988525391e+00
7.703790187835693359e+00
7.771320819854736328e+00
7.991204261779785156e+00
7.884132385253906250e+00
7.965958118438720703e+00
7.871004581451416016e+00
7.879797458648681641e+00
7.746074199676513672e+00
7.896143913269042969e+00
7.850717067718505859e+00
7.912148475646972656e+00
7.781796455383300781e+00
7.845485687255859375e+00
7.944931983947753906e+00
7.958563327789306641e+00
7.801925659179687500e+00
7.849358081817626953e+00
7.960428714752197266e+00
7.994341373443603516e+00
8.032222747802734375e+00
8.060606956481933594e+00
7.918474674224853516e+00
8.065648078918457031e+00
7.812787055969238281e+00
7.560690879821777344e+00
7.841863155364990234e+00
7.934329986572265625e+00
7.959505558013916016e+00
8.019054412841796875e+00
7.745401382446289062e+00
7.852084159851074219e+00
7.908497333526611328e+00
7.766528129577636719e+00
7.704356670379638672e+00
7.630729198455810547e+00
8.036786079406738281e+00
7.603679180145263672e+00
7.834363937377929688e+00
7.868099212646484375e+00
7.940206527709960938e+00
8.025451660156250000e+00
7.961297035217285156e+00
7.862599849700927734e+00
7.710256576538085938e+00
7.867650985717773438e+00
8.057873725891113281e+00
8.013637542724609375e+00
7.881686687469482422e+00
7.899282455444335938e+00
7.812216758728027344e+00
7.673207759857177734e+00
7.777393817901611328e+00
7.836035251617431641e+00
7.819800853729248047e+00
7.918442726135253906e+00
7.889766216278076172e+00
7.662311077117919922e+00
7.676856040954589844e+00
7.873530387878417969e+00
7.749507904052734375e+00
7.682735919952392578e+00
7.730835914611816406e+00
7.870916366577148438e+00
8.017419815063476562e+00
8.062822341918945312e+00
7.655520915985107422e+00
7.662159919738769531e+00
8.052548408508300781e+00
7.944406509399414062e+00
7.682851314544677734e+00
8.018250465393066406e+00
7.914886951446533203e+00
7.837801456451416016e+00
7.816060543060302734e+00
8.003191947937011719e+00
7.686663150787353516e+00
7.808902263641357422e+00
7.905255794525146484e+00
8.050231933593750000e+00
7.901875019073486328e+00
7.744349002838134766e+00
7.880715370178222656e+00
7.736723423004150391e+00
7.788074493408203125e+00
7.999616622924804688e+00
7.891153812408447266e+00
7.899288654327392578e+00
7.799238681793212891e+00
7.980736255645751953e+00
7.853957653045654297e+00
7.853086471557617188e+00
8.045130729675292969e+00
7.733482837677001953e+00
7.948292255401611328e+00
7.934316158294677734e+00
7.852963447570800781e+00
7.881303787231445312e+00
7.857584953308105469e+00
7.852260589599609375e+00
8.098987579345703125e+00
7.830334186553955078e+00
7.931282043457031250e+00
7.960728645324707031e+00
7.895213127136230469e+00
8.018004417419433594e+00
7.807949066162109375e+00
8.094210624694824219e+00
7.961407184600830078e+00
7.894832134246826172e+00
7.854124069213867188e+00
7.884742736816406250e+00
7.916643619537353516e+00
7.941539287567138672e+00
7.791653156280517578e+00
8.073335647583007812e+00
7.939574241638183594e+00
7.760806560516357422e+00
7.947151184082031250e+00
7.875749111175537109e+00
7.717803478240966797e+00
7.812011241912841797e+00
7.708627700805664062e+00
7.756637096405029297e+00
7.889437198638916016e+00
7.854291915893554688e+00
7.930074214935302734e+00
7.987434387207031250e+00
7.788119792938232422e+00
8.024220466613769531e+00
7.899027824401855469e+00
7.207299232482910156e+00
7.739292144775390625e+00
7.793474674224853516e+00
7.650644302368164062e+00
7.850441455841064453e+00
7.887466907501220703e+00
7.853389739990234375e+00
7.905475616455078125e+00
7.936898708343505859e+00
7.689083576202392578e+00
7.902151107788085938e+00
7.935947418212890625e+00
7.817002296447753906e+00
7.868427753448486328e+00
8.002585411071777344e+00
7.817904949188232422e+00
7.872012615203857422e+00
7.684533119201660156e+00
8.106860160827636719e+00
7.851751804351806641e+00
7.969492912292480469e+00
7.863598346710205078e+00
7.860215187072753906e+00
7.872557163238525391e+00
7.960694789886474609e+00
7.626126766204833984e+00
7.875608444213867188e+00
7.892802715301513672e+00
7.886798381805419922e+00
8.161983489990234375e+00
7.772977828979492188e+00
8.028638839721679688e+00
7.928584098815917969e+00
8.052390098571777344e+00
7.934937953948974609e+00
7.719830513000488281e+00
7.869870185852050781e+00
7.978662014007568359e+00
7.666378498077392578e+00
7.864987850189208984e+00
7.745476245880126953e+00
7.713689804077148438e+00
7.847288608551025391e+00
7.938031196594238281e+00
7.837296009063720703e+00
7.837276935577392578e+00
7.866566658020019531e+00
7.973210334777832031e+00
7.761809825897216797e+00
7.747524261474609375e+00
7.790313243865966797e+00
7.889750480651855469e+00
7.819501399993896484e+00
7.784553050994873047e+00
7.931679248809814453e+00
7.800568580627441406e+00
7.625994205474853516e+00
7.887436866760253906e+00
7.769524097442626953e+00
7.777938365936279297e+00
7.993161678314208984e+00
7.758742332458496094e+00
7.999676704406738281e+00
7.913856029510498047e+00
7.907956600189208984e+00
8.071917533874511719e+00
7.783873558044433594e+00
7.817814350128173828e+00
7.637879848480224609e+00
7.993066310882568359e+00
7.958631992340087891e+00
7.671581745147705078e+00
7.774639606475830078e+00
7.946603775024414062e+00
7.895749092102050781e+00
7.842761516571044922e+00
7.841939449310302734e+00
7.995260715484619141e+00
7.913158893585205078e+00
7.816023826599121094e+00
7.891808509826660156e+00
7.731194496154785156e+00
7.813549041748046875e+00
7.990352630615234375e+00
7.732031822204589844e+00
8.061758995056152344e+00
7.724630355834960938e+00
7.768848896026611328e+00
7.783789157867431641e+00
7.419460773468017578e+00
7.600534915924072266e+00
8.042340278625488281e+00
7.898456573486328125e+00
7.921041011810302734e+00
7.700593948364257812e+00
7.618822097778320312e+00
7.901135444641113281e+00
8.228318214416503906e+00
8.026518821716308594e+00
7.752305507659912109e+00
7.718800544738769531e+00
7.964146137237548828e+00
7.844570636749267578e+00
8.076137542724609375e+00
7.811371326446533203e+00
7.931944847106933594e+00
7.965312480926513672e+00
8.008058547973632812e+00
7.835361957550048828e+00
7.649610519409179688e+00
7.920238018035888672e+00
7.708363533020019531e+00
7.934135437011718750e+00
7.996216297149658203e+00
7.678211688995361328e+00
7.882623195648193359e+00
7.808174133300781250e+00
7.769081115722656250e+00
7.891408920288085938e+00
7.957234859466552734e+00
7.914810180664062500e+00
7.860941886901855469e+00
7.946279525756835938e+00
7.899951934814453125e+00
7.615441799163818359e+00
7.767177104949951172e+00
7.871371746063232422e+00
7.971254348754882812e+00
7.788323879241943359e+00
7.894743919372558594e+00
7.854836463928222656e+00
7.816235065460205078e+00
7.850054264068603516e+00
7.867782592773437500e+00
7.955057621002197266e+00
7.734051227569580078e+00
7.948881149291992188e+00
8.035472869873046875e+00
7.814517021179199219e+00
7.722797870635986328e+00
7.544247150421142578e+00
7.900175094604492188e+00
7.756821632385253906e+00
7.763875007629394531e+00
7.923849105834960938e+00
7.930382728576660156e+00
8.012022972106933594e+00
8.003686904907226562e+00
7.923482418060302734e+00
7.747060298919677734e+00
8.079555511474609375e+00
7.825501441955566406e+00
7.770514011383056641e+00
7.938230991363525391e+00
7.764829158782958984e+00
8.066758155822753906e+00
8.021389007568359375e+00
7.945719242095947266e+00
7.928928375244140625e+00
7.884840488433837891e+00
7.963223934173583984e+00
7.702955722808837891e+00
7.888266563415527344e+00
7.872055053710937500e+00
7.870090961456298828e+00
8.047314643859863281e+00
7.809183597564697266e+00
7.913518428802490234e+00
7.849218845367431641e+00
7.768441677093505859e+00
7.941542148590087891e+00
7.865656852722167969e+00
7.759086132049560547e+00
7.805012702941894531e+00
8.024570465087890625e+00
7.685587406158447266e+00
7.854027271270751953e+00
7.933119297027587891e+00
7.802999496459960938e+00
7.794124126434326172e+00
7.726130962371826172e+00
7.880004882812500000e+00
7.744406700134277344e+00
7.884937286376953125e+00
7.622376918792724609e+00
8.104161262512207031e+00
7.945860862731933594e+00
7.805932998657226562e+00
7.772655010223388672e+00
7.955963134765625000e+00
7.841657638549804688e+00
7.927742481231689453e+00
7.799534797668457031e+00
8.099931716918945312e+00
7.924499034881591797e+00
7.956699848175048828e+00
7.849219799041748047e+00
7.885538101196289062e+00
7.784437656402587891e+00
7.675221920013427734e+00
7.923532009124755859e+00
7.958205699920654297e+00
7.726682186126708984e+00
7.605772972106933594e+00
7.818233013153076172e+00
8.004404067993164062e+00
7.760210990905761719e+00
7.878727912902832031e+00
8.002020835876464844e+00
7.920557498931884766e+00
7.773925781250000000e+00
7.988064289093017578e+00
7.840075016021728516e+00
7.873151779174804688e+00
7.811576366424560547e+00
7.780722618103027344e+00
7.902652740478515625e+00
7.892098903656005859e+00
7.633613109588623047e+00
7.830241680145263672e+00
7.744246006011962891e+00
7.775136947631835938e+00
7.858241558074951172e+00
7.860068321228027344e+00
7.933851242065429688e+00
7.906140804290771484e+00
7.851971626281738281e+00
7.920452117919921875e+00
7.898094177246093750e+00
7.631332397460937500e+00
7.806994438171386719e+00
7.974488735198974609e+00
7.988221645355224609e+00
7.922573566436767578e+00
7.817207813262939453e+00
7.923291206359863281e+00
7.783955574035644531e+00
7.812042236328125000e+00
7.807681560516357422e+00
8.003809928894042969e+00
8.003994941711425781e+00
7.901831150054931641e+00
7.618264675140380859e+00
7.908404827117919922e+00
8.046112060546875000e+00
7.774969577789306641e+00
7.767778873443603516e+00
7.650943756103515625e+00
7.876688480377197266e+00
7.979801177978515625e+00
7.844882965087890625e+00
7.914800167083740234e+00
7.787282466888427734e+00
7.741057395935058594e+00
7.796225070953369141e+00
8.068174362182617188e+00
7.688286781311035156e+00
7.864707946777343750e+00
7.717205047607421875e+00
7.838236808776855469e+00
7.730713844299316406e+00
7.598365783691406250e+00
7.548872947692871094e+00
7.957977294921875000e+00
7.664356231689453125e+00
7.696779251098632812e+00
7.904306411743164062e+00
7.768581867218017578e+00
7.965950012207031250e+00
7.923515319824218750e+00
7.750243663787841797e+00
7.599184989929199219e+00
7.878197193145751953e+00
7.793906688690185547e+00
7.982518196105957031e+00
7.815313816070556641e+00
7.896399497985839844e+00
7.838274002075195312e+00
7.712585449218750000e+00
8.044945716857910156e+00
7.657906532287597656e+00
8.058628082275390625e+00
7.838949203491210938e+00
7.988989353179931641e+00
7.841205596923828125e+00
8.044816970825195312e+00
7.839698791503906250e+00
7.771689891815185547e+00
7.664175033569335938e+00
7.836644649505615234e+00
7.843537807464599609e+00
7.944186210632324219e+00
7.945848941802978516e+00
8.038467407226562500e+00
7.926839351654052734e+00
7.779461860656738281e+00
8.050184249877929688e+00
7.903063774108886719e+00
7.906964302062988281e+00
8.024770736694335938e+00
7.618148326873779297e+00
7.894447803497314453e+00
7.805017948150634766e+00
7.867694377899169922e+00
7.841958999633789062e+00
7.824585914611816406e+00
7.955691337585449219e+00
7.904657840728759766e+00
7.885049343109130859e+00
7.942936897277832031e+00
7.606501102447509766e+00
7.821239948272705078e+00
7.835965633392333984e+00
7.793651580810546875e+00
7.579885482788085938e+00
8.021767616271972656e+00
7.837401390075683594e+00
7.978595733642578125e+00
7.988581657409667969e+00
7.853045463562011719e+00
7.814522743225097656e+00
7.695591926574707031e+00
7.864834308624267578e+00
7.840383052825927734e+00
7.742224693298339844e+00
7.934629917144775391e+00
7.954570770263671875e+00
7.961459636688232422e+00
7.773347854614257812e+00
7.952774524688720703e+00
7.762028217315673828e+00
7.934828281402587891e+00
7.945900917053222656e+00
7.959677696228027344e+00
8.041164398193359375e+00
7.826589584350585938e+00
7.670825481414794922e+00
7.942127704620361328e+00
7.892083168029785156e+00
7.977391242980957031e+00
7.921095848083496094e+00
7.689260005950927734e+00
7.740090370178222656e+00
7.836926937103271484e+00
7.886806964874267578e+00
7.846415042877197266e+00
7.886307239532470703e+00
7.756864070892333984e+00
7.876133441925048828e+00
7.879876613616943359e+00
8.028916358947753906e+00
8.067047119140625000e+00
7.842388153076171875e+00
7.909566879272460938e+00
7.738533020019531250e+00
7.846866607666015625e+00
7.913659095764160156e+00
7.884580612182617188e+00
7.810358524322509766e+00
7.766244888305664062e+00
7.923732757568359375e+00
7.732436656951904297e+00
7.875183582305908203e+00
7.892011165618896484e+00
7.861686229705810547e+00
7.947368621826171875e+00
8.006414413452148438e+00
8.048779487609863281e+00
7.822010993957519531e+00
8.093881607055664062e+00
8.081604003906250000e+00
8.018915176391601562e+00
7.935701847076416016e+00
7.636094570159912109e+00
7.888231754302978516e+00
7.900441169738769531e+00
7.875987529754638672e+00
7.890266418457031250e+00
7.825331687927246094e+00
7.800613880157470703e+00
7.885152816772460938e+00
7.653683662414550781e+00
7.762885570526123047e+00
7.908696174621582031e+00
7.971374034881591797e+00
7.682062149047851562e+00
8.034546852111816406e+00
7.849322319030761719e+00
7.777257442474365234e+00
7.783513069152832031e+00
7.776407241821289062e+00
8.066457748413085938e+00
7.902331352233886719e+00
7.873362064361572266e+00
8.172122001647949219e+00
7.935521125793457031e+00
8.109748840332031250e+00
7.935880661010742188e+00
8.006953239440917969e+00
7.930957317352294922e+00
7.753601074218750000e+00
7.858933448791503906e+00
7.863617420196533203e+00
7.795916080474853516e+00
7.900095939636230469e+00
7.838067531585693359e+00
7.807427883148193359e+00
7.978704929351806641e+00
7.901556491851806641e+00
7.702460765838623047e+00
7.866578102111816406e+00
7.991444110870361328e+00
7.942092895507812500e+00
7.909738063812255859e+00
8.018528938293457031e+00
7.981627941131591797e+00
8.111859321594238281e+00
7.991468906402587891e+00
7.955681800842285156e+00
7.909096717834472656e+00
7.995289802551269531e+00
7.874836444854736328e+00
7.961275100708007812e+00
7.749085426330566406e+00
7.726707935333251953e+00
7.904765129089355469e+00
7.914087772369384766e+00
7.854798316955566406e+00
7.830488681793212891e+00
7.794986724853515625e+00
7.775172710418701172e+00
7.688899517059326172e+00
7.940365791320800781e+00
7.892249584197998047e+00
7.892305850982666016e+00
7.835773944854736328e+00
7.837727546691894531e+00
7.962896347045898438e+00
7.703400135040283203e+00
7.690025806427001953e+00
7.611253738403320312e+00
7.829739093780517578e+00
7.988398551940917969e+00
7.933624267578125000e+00
7.942509174346923828e+00
7.761923313140869141e+00
7.890673637390136719e+00
7.731327533721923828e+00
7.782007694244384766e+00
7.888426303863525391e+00
7.795627117156982422e+00
7.925089836120605469e+00
7.990686893463134766e+00
7.948762893676757812e+00
7.921540260314941406e+00
7.927947521209716797e+00
7.774255275726318359e+00
7.871267318725585938e+00
7.984471797943115234e+00
7.955550670623779297e+00
7.875751972198486328e+00
8.044636726379394531e+00
7.740849971771240234e+00
7.837831497192382812e+00
7.816459655761718750e+00
7.776308059692382812e+00
7.890238285064697266e+00
8.031435012817382812e+00
7.883787631988525391e+00
7.828053474426269531e+00
7.972054004669189453e+00
7.875463008880615234e+00
7.796164989471435547e+00
7.971323013305664062e+00
7.904052257537841797e+00
7.979028701782226562e+00
7.918242454528808594e+00
7.791839122772216797e+00
7.931180953979492188e+00
7.733208179473876953e+00
7.831665515899658203e+00
7.897759914398193359e+00
8.147586822509765625e+00
7.819153308868408203e+00
7.840845108032226562e+00
7.930913925170898438e+00
7.941954135894775391e+00
7.839609146118164062e+00
8.161918640136718750e+00
7.813746452331542969e+00
7.809656143188476562e+00
7.837349891662597656e+00
7.643106937408447266e+00
8.048772811889648438e+00
7.756358146667480469e+00
7.843389511108398438e+00
7.901655197143554688e+00
7.729193687438964844e+00
7.815903663635253906e+00
7.729284763336181641e+00
7.878187179565429688e+00
7.869628906250000000e+00
7.836293220520019531e+00
7.826108932495117188e+00
7.850970268249511719e+00
7.763118267059326172e+00
7.879685878753662109e+00
7.628880977630615234e+00
7.887987136840820312e+00
7.828602790832519531e+00
7.711099624633789062e+00
7.890493869781494141e+00
7.695167064666748047e+00
7.861865043640136719e+00
7.895033836364746094e+00
7.999132633209228516e+00
7.729241371154785156e+00
8.086990356445312500e+00
7.999959945678710938e+00
7.867665767669677734e+00
7.866319656372070312e+00
7.972263813018798828e+00
7.788580417633056641e+00
7.811641693115234375e+00
7.900157928466796875e+00
7.841961383819580078e+00
7.930109500885009766e+00
7.738528728485107422e+00
7.936437129974365234e+00
7.862048149108886719e+00
7.672011852264404297e+00
7.911295890808105469e+00
8.115234375000000000e+00
7.795887947082519531e+00
7.857102870941162109e+00
7.824898719787597656e+00
7.773418426513671875e+00
7.747597694396972656e+00
7.747385501861572266e+00
7.797401905059814453e+00
7.686376094818115234e+00
7.976885318756103516e+00
7.767708778381347656e+00
7.831923007965087891e+00
8.027994155883789062e+00
7.960252285003662109e+00
7.770271301269531250e+00
7.848609447479248047e+00
7.736505985260009766e+00
7.982962131500244141e+00
7.744642257690429688e+00
7.839387893676757812e+00
7.807731628417968750e+00
7.916071891784667969e+00
7.937810420989990234e+00
7.853243827819824219e+00
7.824461936950683594e+00
7.862519264221191406e+00
7.752882957458496094e+00
7.772260189056396484e+00
7.545121192932128906e+00
7.941048145294189453e+00
7.872266292572021484e+00
7.764868736267089844e+00
7.873327255249023438e+00
7.753888130187988281e+00
7.755066871643066406e+00
7.846810340881347656e+00
7.886184215545654297e+00
7.728236675262451172e+00
7.947187900543212891e+00
7.818566799163818359e+00
7.872389316558837891e+00
7.923048973083496094e+00
7.941942214965820312e+00
7.736163616180419922e+00
7.745153427124023438e+00
7.958979129791259766e+00
8.007202148437500000e+00
7.987316608428955078e+00
7.718083858489990234e+00
7.984567642211914062e+00
8.017307281494140625e+00
7.977359294891357422e+00
8.006171226501464844e+00
7.492279529571533203e+00
7.751493930816650391e+00
7.842562675476074219e+00
7.791337013244628906e+00
7.687753677368164062e+00
7.883655071258544922e+00
7.742285728454589844e+00
7.821095466613769531e+00
7.781301975250244141e+00
7.958776950836181641e+00
7.886285781860351562e+00
7.860830307006835938e+00
7.865410327911376953e+00
7.866831779479980469e+00
8.036021232604980469e+00
7.814943313598632812e+00
7.936436176300048828e+00
7.852226257324218750e+00
7.651383876800537109e+00
7.820083618164062500e+00
7.974356651306152344e+00
7.833091259002685547e+00
7.929457664489746094e+00
7.758733272552490234e+00
7.725553035736083984e+00
7.796550750732421875e+00
7.891524314880371094e+00
8.025160789489746094e+00
7.860631942749023438e+00
7.865148544311523438e+00
7.610819339752197266e+00
7.806080818176269531e+00
7.802520751953125000e+00
8.039591789245605469e+00
7.655473709106445312e+00
7.988781929016113281e+00
7.803071975708007812e+00
7.684843540191650391e+00
7.734731674194335938e+00
7.834731578826904297e+00
7.884776115417480469e+00
7.787499427795410156e+00
7.634672164916992188e+00
7.703775882720947266e+00
7.947085380554199219e+00
7.713622093200683594e+00
7.996614456176757812e+00
7.959580898284912109e+00
7.700046062469482422e+00
7.752189636230468750e+00
7.905176639556884766e+00
7.884312629699707031e+00
7.824135780334472656e+00
8.072265625000000000e+00
7.917968750000000000e+00
7.714258193969726562e+00
7.863573074340820312e+00
7.880847454071044922e+00
7.861310958862304688e+00
7.708603382110595703e+00
7.958575725555419922e+00
7.510678768157958984e+00
8.047152519226074219e+00
8.001847267150878906e+00
7.893776893615722656e+00
7.894651889801025391e+00
7.805693149566650391e+00
7.659451961517333984e+00
7.683745861053466797e+00
7.919709682464599609e+00
7.884424209594726562e+00
7.694897651672363281e+00
7.773122787475585938e+00
7.872759342193603516e+00
8.043138504028320312e+00
7.795012950897216797e+00
7.831802845001220703e+00
7.910864830017089844e+00
8.018013000488281250e+00
7.844079017639160156e+00
7.807014465332031250e+00
7.999279022216796875e+00
8.019495010375976562e+00
8.069463729858398438e+00
8.007841110229492188e+00
7.745594024658203125e+00
7.734991550445556641e+00
7.882199287414550781e+00
7.934984207153320312e+00
7.732317447662353516e+00
7.913897037506103516e+00
7.867426395416259766e+00
7.752558708190917969e+00
8.041818618774414062e+00
7.703547954559326172e+00
7.704306602478027344e+00
7.869750499725341797e+00
7.983280181884765625e+00
7.664532184600830078e+00
7.926038265228271484e+00
7.675487518310546875e+00
7.731097221374511719e+00
7.847763061523437500e+00
7.941156387329101562e+00
7.964924335479736328e+00
7.826737403869628906e+00
7.894092082977294922e+00
7.808961391448974609e+00
7.766745567321777344e+00
7.892178535461425781e+00
7.790833950042724609e+00
7.772837162017822266e+00
7.713760852813720703e+00
7.825903415679931641e+00
7.955071449279785156e+00
7.819416999816894531e+00
7.965872287750244141e+00
7.897421836853027344e+00
7.803661346435546875e+00
8.033954620361328125e+00
7.773694038391113281e+00
7.806479930877685547e+00
7.812227725982666016e+00
7.932622432708740234e+00
7.870038509368896484e+00
7.932357311248779297e+00
7.866602897644042969e+00
7.769943714141845703e+00
7.827422142028808594e+00
7.806062221527099609e+00
7.931199073791503906e+00
7.927864074707031250e+00
7.948060035705566406e+00
7.835825920104980469e+00
8.005094528198242188e+00
7.940301418304443359e+00
7.792894840240478516e+00
8.011946678161621094e+00
7.854971408843994141e+00
7.773504257202148438e+00
7.709925651550292969e+00
7.796565055847167969e+00
7.745657920837402344e+00
7.806133270263671875e+00
7.913140296936035156e+00
7.573873996734619141e+00
7.928168773651123047e+00
7.735141277313232422e+00
7.328862190246582031e+00
7.766456604003906250e+00
7.768362045288085938e+00
7.888361454010009766e+00
7.971048355102539062e+00
7.834876060485839844e+00
7.974536418914794922e+00
7.627637386322021484e+00
7.807382583618164062e+00
7.886848926544189453e+00
7.776966571807861328e+00
7.833659648895263672e+00
7.913613796234130859e+00
7.929060935974121094e+00
7.930546760559082031e+00
7.741440773010253906e+00
7.885925292968750000e+00
8.062530517578125000e+00
7.904875278472900391e+00
7.934812068939208984e+00
7.821175098419189453e+00
7.881098270416259766e+00
8.143570899963378906e+00
7.787772655487060547e+00
7.889416694641113281e+00
7.889483928680419922e+00
7.893743991851806641e+00
7.867810249328613281e+00
7.847580909729003906e+00
7.746000289916992188e+00
7.834260940551757812e+00
8.052268028259277344e+00
7.843678951263427734e+00
7.713258266448974609e+00
8.077370643615722656e+00
7.789161205291748047e+00
7.881998062133789062e+00
7.728762149810791016e+00
7.863034725189208984e+00
7.891877174377441406e+00
7.765007972717285156e+00
7.957664489746093750e+00
7.847444534301757812e+00
8.017839431762695312e+00
7.610922336578369141e+00
7.944527149200439453e+00
7.973087310791015625e+00
7.787781238555908203e+00
7.823714733123779297e+00
8.056091308593750000e+00
7.860979080200195312e+00
7.778865814208984375e+00
7.913359642028808594e+00
7.783359050750732422e+00
7.813467979431152344e+00
7.791780948638916016e+00
7.706773757934570312e+00
7.984506130218505859e+00
8.002076148986816406e+00
7.864288806915283203e+00
7.916170597076416016e+00
7.977771759033203125e+00
8.076486587524414062e+00
7.965397834777832031e+00
7.904005050659179688e+00
7.854783535003662109e+00
7.870223522186279297e+00
7.799643516540527344e+00
8.089170455932617188e+00
7.917976379394531250e+00
7.747400283813476562e+00
8.083918571472167969e+00
7.850418090820312500e+00
7.934637069702148438e+00
7.969474792480468750e+00
8.125106811523437500e+00
7.753774166107177734e+00
7.902929782867431641e+00
7.877212047576904297e+00
7.812342643737792969e+00
7.951902389526367188e+00
7.885099411010742188e+00
7.958669185638427734e+00
7.910422325134277344e+00
7.733178138732910156e+00
7.819832801818847656e+00
7.865120887756347656e+00
7.886331081390380859e+00
7.772860527038574219e+00
7.664727687835693359e+00
7.842700958251953125e+00
7.773929119110107422e+00
8.064184188842773438e+00
7.857658386230468750e+00
7.875807285308837891e+00
7.794692993164062500e+00
7.864324092864990234e+00
7.794520378112792969e+00
7.791778564453125000e+00
7.867838382720947266e+00
7.844475269317626953e+00
7.887732505798339844e+00
8.003692626953125000e+00
7.837348461151123047e+00
7.815869331359863281e+00
7.641695499420166016e+00
7.931254863739013672e+00
7.898487567901611328e+00
7.729770660400390625e+00
7.813936710357666016e+00
8.050748825073242188e+00
7.841002941131591797e+00
7.887022495269775391e+00
7.899268627166748047e+00
7.855681419372558594e+00
7.871935844421386719e+00
8.019207000732421875e+00
7.793640613555908203e+00
7.835171222686767578e+00
7.935331344604492188e+00
7.899944782257080078e+00
7.889331817626953125e+00
7.866598129272460938e+00
8.057158470153808594e+00
7.842518329620361328e+00
7.787977218627929688e+00
7.996548175811767578e+00
7.894425868988037109e+00
7.933274745941162109e+00
7.893090724945068359e+00
7.883832931518554688e+00
7.819245815277099609e+00
7.927731037139892578e+00
7.746840000152587891e+00
7.777621746063232422e+00
7.849972248077392578e+00
7.731418132781982422e+00
7.946949005126953125e+00
7.898857593536376953e+00
7.794486999511718750e+00
8.106468200683593750e+00
7.845714569091796875e+00
7.790665149688720703e+00
7.833014011383056641e+00
7.657801628112792969e+00
7.830827713012695312e+00
8.028129577636718750e+00
7.782537937164306641e+00
7.886659145355224609e+00
7.940973758697509766e+00
7.814253807067871094e+00
7.714010238647460938e+00
8.044770240783691406e+00
7.855117797851562500e+00
7.809975147247314453e+00
7.687037467956542969e+00
7.859073162078857422e+00
7.850612640380859375e+00
7.803787231445312500e+00
7.863513469696044922e+00
7.657195091247558594e+00
7.915528297424316406e+00
7.980860233306884766e+00
7.884763240814208984e+00
7.876510620117187500e+00
7.888859748840332031e+00
7.819403648376464844e+00
7.908008575439453125e+00
7.896547794342041016e+00
7.867115020751953125e+00
7.987110137939453125e+00
7.879344463348388672e+00
7.938524246215820312e+00
7.658321857452392578e+00
7.952633857727050781e+00
7.938216209411621094e+00
7.854692935943603516e+00
7.801332950592041016e+00
7.774236679077148438e+00
8.059392929077148438e+00
7.961682319641113281e+00
8.071015357971191406e+00
8.014611244201660156e+00
7.833994388580322266e+00
8.089518547058105469e+00
7.797753810882568359e+00
7.786414146423339844e+00
7.903988838195800781e+00
8.009995460510253906e+00
7.806455135345458984e+00
7.777595043182373047e+00
7.516827106475830078e+00
7.993375778198242188e+00
7.718611240386962891e+00
7.779049396514892578e+00
7.873758792877197266e+00
7.788928985595703125e+00
8.005353927612304688e+00
7.680907726287841797e+00
7.804644107818603516e+00
7.930103302001953125e+00
7.751801013946533203e+00
7.882813930511474609e+00
7.839992523193359375e+00
7.664811611175537109e+00
7.880153656005859375e+00
7.859557628631591797e+00
7.824863910675048828e+00
7.704704761505126953e+00
7.885462760925292969e+00
7.904593467712402344e+00
7.836652755737304688e+00
7.949312686920166016e+00
7.824111461639404297e+00
7.836895465850830078e+00
8.003108978271484375e+00
8.021742820739746094e+00
7.906632423400878906e+00
7.993014335632324219e+00
7.926590442657470703e+00
7.866469860076904297e+00
7.673984527587890625e+00
7.858642101287841797e+00
8.009238243103027344e+00
7.982283115386962891e+00
7.817229747772216797e+00
7.815950870513916016e+00
8.075081825256347656e+00
7.811739921569824219e+00
7.890667915344238281e+00
7.734785556793212891e+00
7.846486568450927734e+00
8.068927764892578125e+00
7.996733188629150391e+00
7.835732936859130859e+00
7.841230392456054688e+00
7.892859935760498047e+00
7.950966835021972656e+00
7.907166957855224609e+00
7.886070251464843750e+00
7.832623004913330078e+00
8.108871459960937500e+00
7.813007354736328125e+00
8.002369880676269531e+00
7.827725410461425781e+00
7.890339851379394531e+00
7.922993183135986328e+00
7.824295520782470703e+00
7.943719863891601562e+00
7.813689708709716797e+00
7.796779632568359375e+00
7.688449859619140625e+00
7.840066909790039062e+00
7.773104190826416016e+00
7.899664402008056641e+00
7.926438331604003906e+00
7.585463047027587891e+00
7.748003959655761719e+00
7.814500331878662109e+00
7.770541667938232422e+00
7.791895389556884766e+00
7.891083717346191406e+00
7.737587928771972656e+00
7.704504489898681641e+00
7.819077014923095703e+00
7.881627082824707031e+00
7.953263282775878906e+00
7.837979793548583984e+00
7.728866577148437500e+00
7.867126941680908203e+00
7.835991382598876953e+00
7.972995281219482422e+00
7.803268909454345703e+00
7.804161071777343750e+00
7.833964824676513672e+00
7.883365631103515625e+00
7.795334339141845703e+00
7.851262092590332031e+00
7.888317584991455078e+00
7.853800296783447266e+00
7.910270690917968750e+00
7.721419334411621094e+00
7.872060775756835938e+00
7.886596679687500000e+00
7.905204296112060547e+00
7.887921810150146484e+00
7.710011005401611328e+00
7.742879390716552734e+00
7.893569469451904297e+00
7.807549953460693359e+00
7.776690006256103516e+00
7.848620891571044922e+00
7.798333644866943359e+00
7.734510898590087891e+00
7.857683658599853516e+00
7.937342643737792969e+00
7.871627807617187500e+00
7.716807842254638672e+00
7.803515434265136719e+00
7.922641277313232422e+00
7.918835639953613281e+00
7.730903625488281250e+00
7.848967552185058594e+00
7.774602890014648438e+00
7.603854656219482422e+00
7.956346511840820312e+00
7.948809146881103516e+00
7.766099452972412109e+00
7.738310337066650391e+00
7.733036518096923828e+00
7.870661258697509766e+00
7.683685779571533203e+00
8.033347129821777344e+00
7.849698543548583984e+00
7.768420696258544922e+00
7.976791858673095703e+00
7.785251617431640625e+00
8.000579833984375000e+00
7.922636508941650391e+00
7.903301239013671875e+00
7.958093166351318359e+00
7.806267738342285156e+00
7.812743186950683594e+00
7.889570713043212891e+00
7.785794258117675781e+00
7.981775760650634766e+00
7.754948139190673828e+00
7.879713535308837891e+00
7.770020008087158203e+00
7.883203983306884766e+00
7.982815742492675781e+00
8.007850646972656250e+00
7.929366588592529297e+00
7.615436077117919922e+00
7.730949878692626953e+00
7.970806121826171875e+00
8.006489753723144531e+00
7.931886672973632812e+00
7.951661109924316406e+00
7.863786220550537109e+00
7.760110378265380859e+00
7.742459774017333984e+00
7.920448780059814453e+00
8.007518768310546875e+00
7.789596080780029297e+00
8.032345771789550781e+00
7.872488975524902344e+00
7.845190048217773438e+00
7.956325531005859375e+00
7.713678836822509766e+00
7.836021900177001953e+00
7.867205142974853516e+00
7.891697883605957031e+00
7.783990383148193359e+00
7.963575839996337891e+00
8.025872230529785156e+00
7.791816234588623047e+00
7.928658485412597656e+00
7.906414985656738281e+00
7.735931873321533203e+00
8.172800064086914062e+00
7.869326591491699219e+00
7.793907165527343750e+00
8.098700523376464844e+00
7.946011066436767578e+00
8.005313873291015625e+00
7.854053497314453125e+00
8.036896705627441406e+00
7.984510898590087891e+00
7.814781188964843750e+00
7.792366027832031250e+00
8.039767265319824219e+00
7.963044166564941406e+00
7.632806301116943359e+00
8.102941513061523438e+00
7.957021713256835938e+00
7.859709739685058594e+00
7.686790943145751953e+00
7.976831436157226562e+00
7.899563789367675781e+00
7.723507404327392578e+00
7.719020843505859375e+00
8.032277107238769531e+00
7.922527313232421875e+00
7.982553958892822266e+00
7.693086624145507812e+00
7.893302917480468750e+00
7.802210807800292969e+00
7.942300319671630859e+00
7.863082408905029297e+00
7.836984157562255859e+00
7.866758823394775391e+00
7.872758865356445312e+00
7.960392951965332031e+00
7.520020961761474609e+00
7.888059616088867188e+00
7.940384864807128906e+00
7.932904243469238281e+00
7.911347389221191406e+00
7.801504135131835938e+00
7.980584144592285156e+00
8.067822456359863281e+00
7.920230865478515625e+00
7.828259468078613281e+00
8.125352859497070312e+00
7.936253547668457031e+00
7.913758277893066406e+00
7.892703056335449219e+00
7.675595283508300781e+00
7.790422439575195312e+00
7.789472103118896484e+00
7.817519187927246094e+00
7.770005702972412109e+00
7.744907379150390625e+00
7.950965404510498047e+00
7.997513771057128906e+00
7.924770832061767578e+00
7.782892227172851562e+00
7.645299434661865234e+00
7.906069278717041016e+00
8.030894279479980469e+00
7.799261569976806641e+00
7.886954784393310547e+00
7.983496665954589844e+00
7.917498111724853516e+00
7.911580562591552734e+00
8.000286102294921875e+00
7.961889743804931641e+00
7.781703948974609375e+00
7.884412288665771484e+00
7.943338394165039062e+00
7.899849891662597656e+00
7.680521011352539062e+00
7.982690811157226562e+00
7.941822052001953125e+00
8.038749694824218750e+00
7.789300441741943359e+00
7.936796188354492188e+00
7.841075420379638672e+00
7.757516384124755859e+00
7.659735679626464844e+00
7.924125671386718750e+00
7.848522663116455078e+00
7.724065303802490234e+00
7.933361053466796875e+00
7.633642673492431641e+00
7.783052921295166016e+00
7.991604328155517578e+00
7.994947910308837891e+00
7.618090152740478516e+00
7.991740226745605469e+00
7.856057643890380859e+00
7.949854850769042969e+00
7.990795135498046875e+00
8.009660720825195312e+00
7.936190128326416016e+00
7.688278675079345703e+00
7.814879894256591797e+00
7.745976924896240234e+00
7.912097454071044922e+00
7.836359024047851562e+00
7.572738647460937500e+00
7.934873580932617188e+00
7.680979728698730469e+00
7.848464965820312500e+00
7.916646003723144531e+00
7.938244819641113281e+00
8.031728744506835938e+00
7.821489810943603516e+00
8.007167816162109375e+00
7.811727523803710938e+00
7.912357807159423828e+00
7.875995159149169922e+00
7.831171989440917969e+00
7.945338726043701172e+00
8.017758369445800781e+00
7.941977977752685547e+00
7.924180030822753906e+00
7.648384571075439453e+00
7.794768810272216797e+00
7.922347545623779297e+00
7.840436935424804688e+00
7.513716697692871094e+00
7.691094875335693359e+00
7.905236244201660156e+00
7.995058059692382812e+00
7.951496124267578125e+00
7.688978195190429688e+00
7.806924819946289062e+00
7.898563861846923828e+00
7.788908004760742188e+00
7.821437358856201172e+00
7.792524814605712891e+00
7.871374607086181641e+00
7.935036182403564453e+00
7.957193851470947266e+00
8.146304130554199219e+00
7.879660129547119141e+00
7.780867099761962891e+00
7.883443832397460938e+00
7.956813335418701172e+00
7.672690868377685547e+00
7.972954750061035156e+00
7.919014453887939453e+00
7.875144004821777344e+00
7.797775745391845703e+00
7.787062168121337891e+00
7.694954395294189453e+00
7.823678970336914062e+00
7.909160614013671875e+00
7.723409175872802734e+00
7.987877368927001953e+00
7.958487987518310547e+00
7.824758529663085938e+00
7.657763004302978516e+00
7.889305591583251953e+00
7.981789588928222656e+00
7.722548961639404297e+00
7.784654140472412109e+00
7.682390213012695312e+00
7.838128089904785156e+00
7.928992748260498047e+00
7.989262104034423828e+00
7.918834686279296875e+00
7.692167758941650391e+00
7.715073108673095703e+00
7.730672359466552734e+00
7.690356254577636719e+00
7.893978595733642578e+00
7.662859916687011719e+00
7.706605434417724609e+00
7.900155067443847656e+00
7.998461246490478516e+00
7.713672637939453125e+00
7.944816112518310547e+00
7.930085182189941406e+00
7.907985210418701172e+00
7.839363574981689453e+00
7.953956127166748047e+00
7.994210720062255859e+00
7.904685974121093750e+00
7.951887607574462891e+00
7.795931339263916016e+00
7.879537105560302734e+00
7.967507362365722656e+00
7.866212368011474609e+00
8.048635482788085938e+00
7.862577438354492188e+00
7.842825412750244141e+00
7.898830413818359375e+00
7.939334869384765625e+00
7.947699546813964844e+00
7.810852050781250000e+00
7.779622077941894531e+00
7.819790840148925781e+00
7.898094177246093750e+00
7.918011188507080078e+00
7.856325626373291016e+00
7.957755088806152344e+00
7.870744228363037109e+00
7.869091033935546875e+00
7.869900703430175781e+00
7.939018726348876953e+00
7.827316761016845703e+00
7.854257583618164062e+00
7.910961151123046875e+00
7.840532302856445312e+00
8.003816604614257812e+00
7.749644756317138672e+00
7.772247314453125000e+00
7.854376316070556641e+00
7.885666847229003906e+00
7.833881855010986328e+00
7.749886989593505859e+00
7.861414909362792969e+00
7.811084270477294922e+00
7.846293449401855469e+00
7.743160724639892578e+00
7.583042621612548828e+00
7.863795280456542969e+00
7.914205551147460938e+00
8.004511833190917969e+00
7.706964969635009766e+00
7.604460239410400391e+00
7.787677288055419922e+00
7.972256660461425781e+00
7.855130195617675781e+00
7.862177848815917969e+00
7.904073238372802734e+00
7.912261486053466797e+00
7.965848445892333984e+00
7.869872570037841797e+00
7.706052780151367188e+00
7.780847072601318359e+00
7.860962867736816406e+00
7.616193771362304688e+00
8.019342422485351562e+00
7.701069355010986328e+00
7.796526432037353516e+00
7.883277416229248047e+00
7.862594604492187500e+00
7.902487754821777344e+00
7.829514026641845703e+00
7.860070705413818359e+00
7.850284576416015625e+00
8.053236961364746094e+00
7.916085243225097656e+00
7.959412097930908203e+00
7.771511554718017578e+00
7.776485443115234375e+00
7.818213939666748047e+00
7.743831157684326172e+00
7.900316238403320312e+00
7.803718090057373047e+00
8.008218765258789062e+00
7.856418132781982422e+00
7.759847164154052734e+00
7.907269477844238281e+00
7.857618808746337891e+00
7.892045497894287109e+00
7.784144878387451172e+00
7.817454338073730469e+00
7.964901447296142578e+00
7.798240661621093750e+00
7.948026180267333984e+00
7.855245590209960938e+00
7.870213031768798828e+00
7.808130741119384766e+00
7.876994132995605469e+00
7.940952301025390625e+00
7.915383338928222656e+00
7.883325099945068359e+00
7.816620349884033203e+00
7.493388652801513672e+00
7.641003608703613281e+00
8.017968177795410156e+00
7.821257114410400391e+00
7.787729263305664062e+00
7.688292980194091797e+00
7.970307826995849609e+00
7.879612922668457031e+00
7.738575458526611328e+00
7.759358406066894531e+00
7.728282451629638672e+00
7.809959411621093750e+00
7.844009399414062500e+00
7.849908828735351562e+00
7.835256576538085938e+00
8.020987510681152344e+00
7.772397994995117188e+00
7.716076374053955078e+00
7.805277824401855469e+00
7.818449020385742188e+00
7.876787185668945312e+00
7.588434219360351562e+00
7.859600543975830078e+00
7.813454151153564453e+00
7.711582183837890625e+00
7.912479877471923828e+00
7.866306304931640625e+00
7.803017139434814453e+00
7.954654216766357422e+00
7.997127532958984375e+00
7.815433502197265625e+00
7.587439537048339844e+00
8.010825157165527344e+00
7.911513328552246094e+00
7.936520576477050781e+00
7.948128223419189453e+00
7.887179374694824219e+00
7.735093593597412109e+00
7.901490688323974609e+00
7.911983966827392578e+00
7.725173950195312500e+00
7.903320312500000000e+00
8.005201339721679688e+00
8.101629257202148438e+00
7.864800453186035156e+00
7.894573211669921875e+00
7.812773704528808594e+00
7.947635650634765625e+00
7.823756217956542969e+00
7.857782363891601562e+00
7.841037750244140625e+00
7.928156375885009766e+00
7.691512584686279297e+00
7.840189456939697266e+00
7.997618198394775391e+00
7.815861701965332031e+00
7.774209022521972656e+00
7.771683216094970703e+00
7.742548942565917969e+00
8.087431907653808594e+00
7.845724582672119141e+00
7.843108177185058594e+00
7.700042247772216797e+00
7.735668659210205078e+00
8.113802909851074219e+00
7.808602333068847656e+00
7.900682926177978516e+00
7.886087894439697266e+00
8.029732704162597656e+00
8.014924049377441406e+00
7.875737667083740234e+00
7.729834079742431641e+00
7.914985656738281250e+00
7.675321578979492188e+00
7.831236839294433594e+00
7.781386375427246094e+00
7.774917602539062500e+00
8.018652915954589844e+00
7.946215629577636719e+00
7.778501510620117188e+00
7.483529567718505859e+00
7.893172264099121094e+00
7.752148628234863281e+00
7.993695735931396484e+00
7.811382770538330078e+00
7.829796314239501953e+00
7.920635700225830078e+00
7.915623664855957031e+00
7.744652271270751953e+00
7.855963230133056641e+00
7.976450920104980469e+00
7.734841346740722656e+00
7.829665660858154297e+00
8.067082405090332031e+00
7.982543468475341797e+00
7.842837333679199219e+00
7.833173751831054688e+00
7.602775096893310547e+00
7.783959865570068359e+00
7.845134258270263672e+00
7.871948242187500000e+00
7.816790580749511719e+00
7.811343669891357422e+00
7.873558521270751953e+00
7.786373615264892578e+00
7.693490982055664062e+00
7.903789997100830078e+00
7.799853801727294922e+00
7.876769065856933594e+00
7.833811759948730469e+00
7.815504074096679688e+00
7.824217319488525391e+00
7.845868587493896484e+00
7.895892620086669922e+00
7.583487033843994141e+00
7.839117050170898438e+00
7.810664176940917969e+00
7.971230506896972656e+00
7.752449512481689453e+00
7.978384971618652344e+00
7.847659111022949219e+00
7.566412925720214844e+00
7.624316215515136719e+00
7.836277008056640625e+00
7.950594425201416016e+00
7.801975727081298828e+00
7.824521541595458984e+00
7.883233547210693359e+00
7.914250373840332031e+00
7.718146324157714844e+00
7.718626022338867188e+00
7.891154289245605469e+00
7.874165534973144531e+00
7.885599136352539062e+00
7.933632850646972656e+00
7.761636257171630859e+00
7.897443771362304688e+00
7.860089778900146484e+00
7.948910236358642578e+00
7.883455753326416016e+00
7.943172454833984375e+00
7.833432674407958984e+00
7.773669719696044922e+00
7.926077842712402344e+00
7.955702304840087891e+00
7.971464157104492188e+00
7.870856285095214844e+00
7.707156658172607422e+00
7.673982620239257812e+00
7.716978073120117188e+00
7.868505477905273438e+00
7.893939971923828125e+00
7.841753005981445312e+00
7.866314888000488281e+00
7.821978569030761719e+00
7.836874485015869141e+00
7.922360420227050781e+00
7.769012451171875000e+00
7.898797988891601562e+00
7.823467254638671875e+00
7.859502315521240234e+00
7.740564346313476562e+00
7.962547302246093750e+00
7.795201778411865234e+00
7.703631877899169922e+00
7.921361446380615234e+00
7.712007045745849609e+00
8.004715919494628906e+00
7.629065990447998047e+00
7.949836254119873047e+00
7.945287227630615234e+00
7.869928836822509766e+00
7.791988849639892578e+00
7.843823909759521484e+00
7.664245605468750000e+00
7.909395217895507812e+00
7.862339019775390625e+00
7.847825527191162109e+00
7.870026111602783203e+00
7.949843406677246094e+00
7.745255470275878906e+00
7.881475925445556641e+00
7.829438209533691406e+00
7.798102378845214844e+00
7.973412036895751953e+00
7.990147590637207031e+00
7.941088199615478516e+00
7.848416328430175781e+00
7.790078639984130859e+00
8.036371231079101562e+00
7.781470298767089844e+00
7.863389015197753906e+00
8.108323097229003906e+00
7.793027877807617188e+00
8.016142845153808594e+00
7.836399555206298828e+00
7.865533351898193359e+00
7.854388713836669922e+00
7.870744228363037109e+00
7.753266334533691406e+00
7.792451381683349609e+00
7.885155677795410156e+00
7.638291835784912109e+00
7.914499759674072266e+00
7.669939517974853516e+00
7.903763771057128906e+00
7.885954856872558594e+00
7.648935317993164062e+00
7.825311183929443359e+00
7.963206291198730469e+00
7.881547927856445312e+00
7.705857753753662109e+00
8.015434265136718750e+00
7.763609886169433594e+00
8.041151046752929688e+00
7.650813102722167969e+00
7.839087963104248047e+00
7.792118072509765625e+00
8.071473121643066406e+00
7.797793865203857422e+00
7.907715320587158203e+00
7.912697792053222656e+00
7.710708618164062500e+00
8.028839111328125000e+00
8.036814689636230469e+00
7.844735622406005859e+00
7.535681247711181641e+00
7.818989753723144531e+00
7.865249156951904297e+00
7.958749771118164062e+00
7.865575313568115234e+00
7.909451007843017578e+00
8.012127876281738281e+00
7.932591915130615234e+00
7.718266963958740234e+00
7.822964668273925781e+00
7.720779895782470703e+00
7.816861629486083984e+00
7.806828022003173828e+00
7.884837150573730469e+00
7.833322525024414062e+00
7.873923301696777344e+00
7.809844970703125000e+00
7.799553394317626953e+00
7.770442008972167969e+00
7.899642944335937500e+00
7.659256458282470703e+00
7.865758895874023438e+00
7.887464523315429688e+00
7.793967723846435547e+00
8.060432434082031250e+00
8.009156227111816406e+00
7.892518997192382812e+00
7.879620552062988281e+00
8.115105628967285156e+00
8.043289184570312500e+00
7.925796031951904297e+00
7.760999202728271484e+00
7.758642673492431641e+00
7.928871631622314453e+00
7.911764621734619141e+00
7.703711032867431641e+00
7.908028602600097656e+00
7.954554080963134766e+00
7.792662620544433594e+00
7.719516754150390625e+00
8.063331604003906250e+00
7.959743976593017578e+00
7.693089008331298828e+00
7.894742488861083984e+00
7.764676570892333984e+00
7.661812305450439453e+00
8.049453735351562500e+00
7.531886100769042969e+00
7.748425006866455078e+00
7.632524013519287109e+00
7.841264724731445312e+00
7.843118190765380859e+00
7.856181621551513672e+00
7.743730545043945312e+00
8.101899147033691406e+00
7.915130138397216797e+00
7.907827854156494141e+00
7.812044620513916016e+00
7.881969928741455078e+00
7.860842227935791016e+00
7.876579284667968750e+00
8.090612411499023438e+00
7.544538974761962891e+00
7.958523750305175781e+00
7.789227962493896484e+00
7.710987567901611328e+00
7.721440315246582031e+00
7.715933799743652344e+00
7.970032691955566406e+00
7.740000247955322266e+00
7.901063442230224609e+00
7.862061023712158203e+00
7.828284740447998047e+00
7.832848548889160156e+00
7.974246501922607422e+00
7.679315567016601562e+00
7.791442871093750000e+00
7.940948486328125000e+00
7.800313472747802734e+00
7.778448104858398438e+00
8.125678062438964844e+00
7.844707489013671875e+00
7.725571155548095703e+00
7.734065055847167969e+00
7.832756519317626953e+00
7.970186233520507812e+00
7.801876544952392578e+00
7.774493694305419922e+00
7.901076793670654297e+00
7.870765686035156250e+00
7.853483676910400391e+00
7.826900482177734375e+00
7.949869632720947266e+00
7.734213352203369141e+00
7.937311649322509766e+00
7.974258422851562500e+00
7.939801216125488281e+00
7.965495586395263672e+00
7.817759990692138672e+00
8.295366287231445312e+00
7.779469490051269531e+00
7.774638175964355469e+00
7.904088497161865234e+00
7.803551197052001953e+00
7.843708515167236328e+00
7.752390384674072266e+00
7.735608577728271484e+00
7.816627502441406250e+00
7.962285518646240234e+00
7.874074935913085938e+00
7.865380287170410156e+00
7.774882316589355469e+00
7.980430126190185547e+00
8.015000343322753906e+00
7.844127178192138672e+00
7.891870975494384766e+00
7.887720108032226562e+00
7.719670772552490234e+00
7.880899906158447266e+00
7.916951179504394531e+00
7.916147232055664062e+00
7.940424442291259766e+00
7.894533634185791016e+00
7.929246902465820312e+00
7.941026210784912109e+00
7.873340606689453125e+00
7.979434967041015625e+00
8.035125732421875000e+00
7.820843219757080078e+00
7.893366813659667969e+00
7.712719440460205078e+00
7.819842338562011719e+00
7.860227108001708984e+00
7.639243602752685547e+00
7.913870811462402344e+00
7.811068534851074219e+00
8.059895515441894531e+00
7.813110828399658203e+00
7.694892406463623047e+00
7.671164989471435547e+00
7.853593826293945312e+00
7.869143486022949219e+00
8.043193817138671875e+00
7.913249492645263672e+00
7.767427444458007812e+00
7.794755458831787109e+00
8.041298866271972656e+00
7.846249580383300781e+00
7.797743320465087891e+00
7.990988731384277344e+00
7.655603408813476562e+00
7.987760543823242188e+00
7.952641963958740234e+00
7.915477752685546875e+00
7.820609092712402344e+00
7.974350929260253906e+00
7.952307701110839844e+00
7.799264430999755859e+00
7.674553394317626953e+00
7.920768737792968750e+00
7.608667373657226562e+00
7.723762989044189453e+00
7.769347667694091797e+00
7.858475685119628906e+00
7.786107063293457031e+00
7.774154186248779297e+00
7.982584953308105469e+00
7.749588012695312500e+00
8.002288818359375000e+00
7.748678684234619141e+00
7.691383838653564453e+00
7.864762783050537109e+00
7.859223365783691406e+00
8.014720916748046875e+00
7.825039386749267578e+00
7.549952030181884766e+00
7.823186874389648438e+00
7.883574008941650391e+00
7.758865356445312500e+00
7.851249694824218750e+00
8.046422958374023438e+00
7.932864189147949219e+00
7.807448863983154297e+00
7.834895133972167969e+00
7.818903923034667969e+00
7.804119110107421875e+00
7.862646102905273438e+00
7.673949718475341797e+00
7.666647911071777344e+00
7.928168296813964844e+00
7.924213409423828125e+00
7.870105266571044922e+00
7.685081481933593750e+00
7.949117183685302734e+00
7.785173416137695312e+00
7.944215297698974609e+00
7.636533737182617188e+00
7.842468261718750000e+00
7.986920833587646484e+00
7.723160266876220703e+00
7.823902130126953125e+00
7.989641666412353516e+00
7.788175106048583984e+00
7.796666145324707031e+00
7.893366813659667969e+00
8.048151016235351562e+00
7.751252174377441406e+00
7.902169704437255859e+00
7.883101463317871094e+00
7.827745437622070312e+00
7.781949996948242188e+00
7.857188701629638672e+00
7.847506523132324219e+00
7.928081989288330078e+00
7.817925453186035156e+00
7.839294433593750000e+00
7.540764331817626953e+00
7.990894794464111328e+00
7.783660411834716797e+00
7.982182979583740234e+00
7.798242568969726562e+00
7.979008197784423828e+00
7.748069286346435547e+00
7.713541507720947266e+00
7.621557235717773438e+00
7.858116149902343750e+00
7.837824344635009766e+00
8.051949501037597656e+00
7.801136016845703125e+00
7.758604049682617188e+00
7.722703456878662109e+00
7.860245227813720703e+00
7.734305858612060547e+00
7.771646022796630859e+00
7.942885875701904297e+00
7.900174617767333984e+00
7.813085079193115234e+00
7.762714862823486328e+00
7.834746360778808594e+00
7.829956054687500000e+00
7.806360244750976562e+00
7.931698799133300781e+00
7.782098293304443359e+00
7.402537345886230469e+00
7.832143306732177734e+00
7.840633392333984375e+00
8.107765197753906250e+00
7.798786640167236328e+00
7.855704307556152344e+00
7.629192352294921875e+00
7.794754981994628906e+00
7.839777469635009766e+00
7.701749324798583984e+00
8.030430793762207031e+00
7.742409229278564453e+00
7.810237884521484375e+00
7.932536125183105469e+00
7.766866683959960938e+00
7.853762149810791016e+00
7.866560935974121094e+00
7.794040203094482422e+00
7.804835319519042969e+00
7.733411788940429688e+00
7.716221809387207031e+00
7.825225830078125000e+00
7.850560665130615234e+00
8.031264305114746094e+00
7.880760669708251953e+00
7.790336132049560547e+00
7.775673866271972656e+00
7.775898933410644531e+00
7.860526084899902344e+00
7.856051445007324219e+00
8.038742065429687500e+00
7.697834968566894531e+00
7.931353092193603516e+00
7.808981895446777344e+00
7.908429622650146484e+00
7.779089927673339844e+00
7.671598434448242188e+00
7.825547218322753906e+00
7.801267623901367188e+00
7.909994602203369141e+00
7.884004116058349609e+00
8.038717269897460938e+00
7.858170032501220703e+00
7.621776103973388672e+00
7.988584518432617188e+00
8.018349647521972656e+00
7.839529514312744141e+00
7.840388298034667969e+00
7.785391330718994141e+00
7.909404277801513672e+00
7.945559978485107422e+00
7.837353229522705078e+00
7.837192535400390625e+00
7.863766670227050781e+00
7.805472373962402344e+00
7.225453853607177734e+00
8.132320404052734375e+00
7.929488182067871094e+00
7.790321350097656250e+00
7.906473636627197266e+00
7.810432434082031250e+00
7.868670940399169922e+00
7.882316589355468750e+00
7.965817451477050781e+00
7.887503147125244141e+00
7.903584003448486328e+00
7.515602588653564453e+00
7.609101295471191406e+00
7.749548912048339844e+00
7.769508838653564453e+00
7.925551414489746094e+00
7.815355777740478516e+00
7.899365901947021484e+00
7.949299335479736328e+00
7.776315212249755859e+00
7.857963085174560547e+00
7.791640281677246094e+00
7.784981727600097656e+00
7.924721717834472656e+00
7.959644317626953125e+00
7.948050975799560547e+00
7.896995544433593750e+00
7.901255130767822266e+00
7.691598415374755859e+00
7.940067768096923828e+00
7.963823318481445312e+00
7.920704841613769531e+00
7.929438114166259766e+00
7.894541263580322266e+00
7.812752246856689453e+00
7.915960788726806641e+00
7.807244777679443359e+00
8.027287483215332031e+00
7.884671211242675781e+00
7.821875572204589844e+00
7.976894855499267578e+00
7.884435653686523438e+00
7.809391975402832031e+00
7.983540534973144531e+00
7.932503700256347656e+00
7.893605232238769531e+00
7.749759197235107422e+00
7.920238018035888672e+00
7.766617298126220703e+00
7.766612529754638672e+00
7.961183547973632812e+00
7.788072586059570312e+00
7.674886703491210938e+00
7.733775615692138672e+00
7.895252704620361328e+00
7.818801403045654297e+00
7.852612495422363281e+00
7.620267868041992188e+00
7.834586143493652344e+00
7.833605289459228516e+00
7.911074161529541016e+00
7.797645092010498047e+00
7.901787281036376953e+00
7.879956722259521484e+00
7.830580234527587891e+00
8.000214576721191406e+00
8.082315444946289062e+00
7.938399791717529297e+00
7.869223117828369141e+00
7.741258144378662109e+00
7.799987792968750000e+00
7.699354171752929688e+00
7.758122444152832031e+00
7.963240623474121094e+00
7.681066036224365234e+00
7.842087745666503906e+00
7.657232284545898438e+00
7.790390968322753906e+00
7.720617294311523438e+00
7.883284568786621094e+00
7.877418994903564453e+00
7.736340999603271484e+00
7.868359088897705078e+00
7.881748199462890625e+00
7.993251323699951172e+00
7.836215019226074219e+00
8.029306411743164062e+00
7.668743610382080078e+00
7.695140361785888672e+00
7.856850147247314453e+00
7.757498741149902344e+00
7.899261951446533203e+00
7.689875602722167969e+00
7.860202789306640625e+00
7.913995265960693359e+00
7.856373786926269531e+00
7.850982189178466797e+00
7.807523727416992188e+00
7.841256141662597656e+00
7.795304298400878906e+00
7.836222171783447266e+00
7.686022758483886719e+00
7.432982921600341797e+00
7.881349086761474609e+00
7.839770317077636719e+00
8.019829750061035156e+00
8.016607284545898438e+00
7.772361755371093750e+00
7.927608966827392578e+00
7.844941139221191406e+00
7.905716896057128906e+00
7.931452274322509766e+00
7.513807296752929688e+00
7.924211502075195312e+00
7.971722126007080078e+00
7.880528450012207031e+00
7.777387619018554688e+00
7.692032814025878906e+00
7.792505264282226562e+00
7.903634548187255859e+00
7.816828250885009766e+00
7.633355617523193359e+00
7.766469955444335938e+00
7.869719505310058594e+00
7.829856872558593750e+00
7.742610454559326172e+00
7.973466873168945312e+00
7.696687698364257812e+00
8.063361167907714844e+00
7.694260597229003906e+00
7.915501594543457031e+00
7.770276546478271484e+00
7.625362396240234375e+00
7.920806884765625000e+00
7.917373180389404297e+00
7.751659393310546875e+00
7.779438495635986328e+00
7.820282459259033203e+00
7.828287601470947266e+00
7.821960926055908203e+00
7.761423587799072266e+00
8.047407150268554688e+00
7.789300441741943359e+00
7.998958110809326172e+00
7.798871040344238281e+00
7.720127105712890625e+00
7.718933105468750000e+00
7.792763233184814453e+00
7.742900371551513672e+00
7.825417518615722656e+00
7.570643901824951172e+00
7.800690650939941406e+00
7.832201004028320312e+00
7.999461650848388672e+00
7.853902816772460938e+00
7.927846431732177734e+00
7.790789127349853516e+00
7.883706569671630859e+00
7.968941211700439453e+00
7.895348548889160156e+00
7.833838939666748047e+00
7.823529243469238281e+00
7.788806438446044922e+00
7.929039001464843750e+00
7.971967697143554688e+00
7.823180675506591797e+00
7.901673793792724609e+00
7.904277801513671875e+00
7.972397327423095703e+00
7.994562625885009766e+00
7.855952262878417969e+00
7.984647750854492188e+00
7.932355880737304688e+00
7.810481071472167969e+00
7.705567359924316406e+00
7.842483043670654297e+00
7.983765602111816406e+00
7.848315238952636719e+00
7.779423236846923828e+00
7.852510452270507812e+00
7.760876655578613281e+00
7.856220245361328125e+00
7.748397350311279297e+00
7.873454093933105469e+00
7.955471038818359375e+00
8.044703483581542969e+00
8.066917419433593750e+00
7.571532249450683594e+00
7.807749271392822266e+00
7.804793834686279297e+00
7.825332641601562500e+00
7.982343673706054688e+00
7.934496402740478516e+00
7.898165225982666016e+00
7.864855766296386719e+00
7.917640209197998047e+00
8.047308921813964844e+00
7.754701137542724609e+00
8.002058982849121094e+00
7.660681724548339844e+00
7.984644889831542969e+00
7.843651294708251953e+00
7.635570526123046875e+00
7.646479129791259766e+00
8.014333724975585938e+00
7.906875133514404297e+00
7.729391098022460938e+00
7.842198371887207031e+00
7.834875583648681641e+00
7.667172431945800781e+00
7.868422508239746094e+00
8.012247085571289062e+00
7.832708358764648438e+00
7.886832714080810547e+00
7.883887767791748047e+00
7.402541160583496094e+00
7.935234069824218750e+00
7.989503860473632812e+00
7.857946395874023438e+00
7.908823966979980469e+00
7.798940181732177734e+00
7.802764415740966797e+00
7.822205543518066406e+00
7.888335227966308594e+00
7.613834857940673828e+00
7.884320735931396484e+00
7.781253337860107422e+00
7.944864749908447266e+00
7.800984859466552734e+00
8.088144302368164062e+00
7.679041385650634766e+00
7.593816757202148438e+00
7.941280364990234375e+00
7.837691783905029297e+00
7.871383190155029297e+00
7.932796478271484375e+00
7.912310600280761719e+00
7.752115726470947266e+00
7.707145214080810547e+00
7.952832698822021484e+00
7.856360912322998047e+00
7.799890041351318359e+00
7.548439502716064453e+00
7.927042484283447266e+00
7.914389610290527344e+00
7.795849800109863281e+00
7.594502925872802734e+00
7.807837486267089844e+00
7.719374179840087891e+00
7.678674697875976562e+00
7.934144973754882812e+00
7.818233013153076172e+00
7.591708660125732422e+00
7.791586875915527344e+00
7.981924057006835938e+00
7.649003505706787109e+00
8.069691658020019531e+00
7.952227592468261719e+00
7.616399765014648438e+00
7.867620944976806641e+00
7.778331279754638672e+00
7.856539249420166016e+00
7.632705211639404297e+00
7.704615116119384766e+00
7.936795234680175781e+00
7.850754261016845703e+00
7.597023010253906250e+00
7.954972743988037109e+00
7.727060794830322266e+00
7.921074867248535156e+00
7.681262969970703125e+00
7.818761348724365234e+00
7.908095836639404297e+00
7.804618358612060547e+00
7.888944149017333984e+00
7.730912208557128906e+00
7.803017616271972656e+00
7.717361450195312500e+00
7.781382083892822266e+00
7.914996147155761719e+00
7.798010826110839844e+00
7.908875465393066406e+00
7.910392761230468750e+00
7.965054035186767578e+00
7.526484489440917969e+00
7.691269397735595703e+00
7.867870807647705078e+00
7.846718311309814453e+00
7.864970684051513672e+00
7.578757286071777344e+00
7.916672706604003906e+00
7.690327644348144531e+00
7.915826797485351562e+00
7.723609447479248047e+00
7.859049320220947266e+00
8.006145477294921875e+00
7.885370731353759766e+00
7.842050552368164062e+00
7.878275871276855469e+00
7.364034175872802734e+00
7.687998294830322266e+00
7.634510040283203125e+00
7.729151725769042969e+00
7.799909114837646484e+00
7.837920665740966797e+00
7.769429206848144531e+00
7.837036132812500000e+00
7.705426216125488281e+00
7.799999237060546875e+00
7.992988586425781250e+00
7.748221874237060547e+00
7.717259883880615234e+00
7.928600311279296875e+00
7.766076564788818359e+00
7.852235794067382812e+00
7.841579437255859375e+00
7.782916069030761719e+00
7.878686428070068359e+00
7.844873905181884766e+00
7.874180316925048828e+00
7.900358676910400391e+00
7.715476989746093750e+00
7.775072574615478516e+00
7.822166442871093750e+00
7.676041603088378906e+00
7.620004177093505859e+00
7.836654663085937500e+00
7.875673770904541016e+00
7.669964313507080078e+00
8.001158714294433594e+00
7.838478565216064453e+00
7.922853469848632812e+00
7.787862777709960938e+00
7.900740623474121094e+00
7.775914192199707031e+00
7.834012985229492188e+00
7.963032722473144531e+00
7.885056495666503906e+00
8.005189895629882812e+00
7.706965446472167969e+00
7.724797248840332031e+00
7.619322776794433594e+00
7.920768737792968750e+00
7.921384334564208984e+00
7.937354087829589844e+00
7.938819408416748047e+00
7.882437229156494141e+00
7.923075199127197266e+00
7.814970493316650391e+00
7.824341297149658203e+00
7.776249885559082031e+00
7.468341350555419922e+00
7.766781806945800781e+00
7.970559597015380859e+00
7.905611515045166016e+00
7.631630420684814453e+00
7.955968856811523438e+00
7.848201751708984375e+00
7.568414688110351562e+00
7.812129974365234375e+00
7.851011276245117188e+00
7.846964836120605469e+00
7.761485576629638672e+00
7.884073257446289062e+00
7.655889511108398438e+00
7.776789665222167969e+00
7.877992630004882812e+00
7.875160217285156250e+00
7.569387912750244141e+00
7.720561504364013672e+00
7.740425109863281250e+00
7.830165386199951172e+00
7.710962295532226562e+00
7.944460391998291016e+00
7.699553966522216797e+00
7.892445564270019531e+00
7.873611450195312500e+00
7.768119812011718750e+00
7.753822326660156250e+00
7.797828197479248047e+00
7.831314563751220703e+00
7.854737758636474609e+00
7.763918399810791016e+00
8.179415702819824219e+00
7.589675426483154297e+00
7.992685317993164062e+00
7.828754901885986328e+00
7.714160919189453125e+00
7.715785503387451172e+00
7.777694225311279297e+00
8.092096328735351562e+00
7.871364116668701172e+00
7.874831676483154297e+00
7.828050136566162109e+00
7.862945556640625000e+00
7.844912528991699219e+00
7.912481307983398438e+00
7.862242698669433594e+00
7.585638046264648438e+00
8.100252151489257812e+00
7.804398059844970703e+00
7.839924335479736328e+00
7.929295539855957031e+00
7.912024497985839844e+00
8.068717956542968750e+00
7.912197113037109375e+00
7.814285755157470703e+00
8.037386894226074219e+00
7.550919055938720703e+00
7.892482280731201172e+00
7.888963699340820312e+00
7.791704654693603516e+00
7.762190818786621094e+00
7.844950199127197266e+00
7.928938865661621094e+00
7.571373939514160156e+00
7.697076797485351562e+00
7.937677860260009766e+00
7.890547275543212891e+00
8.072170257568359375e+00
7.797461509704589844e+00
7.783953666687011719e+00
7.734110355377197266e+00
7.585536003112792969e+00
7.809824466705322266e+00
7.965001106262207031e+00
7.946915149688720703e+00
7.920552730560302734e+00
7.823346614837646484e+00
7.572695732116699219e+00
7.946727275848388672e+00
7.797048568725585938e+00
8.061689376831054688e+00
8.165897369384765625e+00
7.797606945037841797e+00
7.784083843231201172e+00
7.807577610015869141e+00
7.870844364166259766e+00
7.667064666748046875e+00
7.749385833740234375e+00
7.738043308258056641e+00
7.680837631225585938e+00
7.855309009552001953e+00
7.892833232879638672e+00
7.762318134307861328e+00
7.905149936676025391e+00
7.856521606445312500e+00
8.004467010498046875e+00
7.780941486358642578e+00
7.582669734954833984e+00
7.702317237854003906e+00
7.827909946441650391e+00
7.775609970092773438e+00
7.776129722595214844e+00
7.786090850830078125e+00
7.718762397766113281e+00
7.869373321533203125e+00
7.732216835021972656e+00
7.941462993621826172e+00
7.650271892547607422e+00
7.919841766357421875e+00
7.903420448303222656e+00
7.951984882354736328e+00
7.939934730529785156e+00
7.832538127899169922e+00
7.827349185943603516e+00
8.094225883483886719e+00
7.727315425872802734e+00
7.732805728912353516e+00
7.740455150604248047e+00
7.667740821838378906e+00
7.777164459228515625e+00
7.743501663208007812e+00
7.777201175689697266e+00
7.580279350280761719e+00
7.713755607604980469e+00
7.826182842254638672e+00
7.976077556610107422e+00
7.860844612121582031e+00
7.743887424468994141e+00
7.757542133331298828e+00
7.874734878540039062e+00
7.573860645294189453e+00
7.749383449554443359e+00
7.891058921813964844e+00
7.573312759399414062e+00
7.975404739379882812e+00
7.931842327117919922e+00
7.632586956024169922e+00
7.914692878723144531e+00
7.931072711944580078e+00
7.908484458923339844e+00
7.811021327972412109e+00
7.861301898956298828e+00
7.773667335510253906e+00
7.810403823852539062e+00
7.767826557159423828e+00
7.578111648559570312e+00
7.859951972961425781e+00
7.695981979370117188e+00
7.848776340484619141e+00
7.895877361297607422e+00
7.656298637390136719e+00
7.770070075988769531e+00
7.855618953704833984e+00
7.739169120788574219e+00
7.785112380981445312e+00
7.454569339752197266e+00
7.805228233337402344e+00
7.995661735534667969e+00
7.724632740020751953e+00
7.729651451110839844e+00
7.734217166900634766e+00
7.667230606079101562e+00
7.868684768676757812e+00
7.727980136871337891e+00
7.964088439941406250e+00
7.877384662628173828e+00
7.710794448852539062e+00
7.834871768951416016e+00
8.025905609130859375e+00
7.754040718078613281e+00
7.734249114990234375e+00
7.912642955780029297e+00
7.712712287902832031e+00
8.014526367187500000e+00
7.789719104766845703e+00
7.814573764801025391e+00
7.698775291442871094e+00
7.804885864257812500e+00
7.781761646270751953e+00
7.917158126831054688e+00
7.812864303588867188e+00
7.739425182342529297e+00
7.912448883056640625e+00
7.708609104156494141e+00
7.899429798126220703e+00
7.798505783081054688e+00
7.931155681610107422e+00
7.875219821929931641e+00
7.783547401428222656e+00
7.841481685638427734e+00
7.840973377227783203e+00
7.931692600250244141e+00
7.826303005218505859e+00
8.047414779663085938e+00
7.889626979827880859e+00
7.864744186401367188e+00
7.950126171112060547e+00
7.636831283569335938e+00
7.852929115295410156e+00
7.964943408966064453e+00
7.905402660369873047e+00
7.763914108276367188e+00
7.632687568664550781e+00
7.659049034118652344e+00
7.662372112274169922e+00
7.998385906219482422e+00
7.637821197509765625e+00
7.633109569549560547e+00
8.071017265319824219e+00
7.746388435363769531e+00
7.936480998992919922e+00
7.951169013977050781e+00
7.868608474731445312e+00
7.838842868804931641e+00
7.834958076477050781e+00
7.820098876953125000e+00
7.537699699401855469e+00
7.514643669128417969e+00
7.849828243255615234e+00
7.889100551605224609e+00
7.863383769989013672e+00
7.637026786804199219e+00
7.953320503234863281e+00
7.937126159667968750e+00
7.915528297424316406e+00
7.693592071533203125e+00
7.798482418060302734e+00
7.966838836669921875e+00
7.837804794311523438e+00
7.691079616546630859e+00
7.653955936431884766e+00
7.922964096069335938e+00
7.774974822998046875e+00
7.645788192749023438e+00
7.765172004699707031e+00
7.525925636291503906e+00
7.810291767120361328e+00
7.900575160980224609e+00
7.915866851806640625e+00
7.896361351013183594e+00
7.665018558502197266e+00
7.952441692352294922e+00
7.766047000885009766e+00
7.871379852294921875e+00
7.642906188964843750e+00
8.040481567382812500e+00
7.827138900756835938e+00
7.864071846008300781e+00
7.966767311096191406e+00
7.846722126007080078e+00
7.857112407684326172e+00
7.961431980133056641e+00
7.958651065826416016e+00
7.745038509368896484e+00
7.800587654113769531e+00
7.730603218078613281e+00
7.630071163177490234e+00
7.783950805664062500e+00
7.839856624603271484e+00
7.589268207550048828e+00
7.733184337615966797e+00
7.726722717285156250e+00
7.926895141601562500e+00
7.783535480499267578e+00
7.783318042755126953e+00
8.096124649047851562e+00
7.788163661956787109e+00
7.843783855438232422e+00
7.709366798400878906e+00
7.820395469665527344e+00
8.011074066162109375e+00
7.900195598602294922e+00
7.699855804443359375e+00
7.861569881439208984e+00
7.931781291961669922e+00
7.924912452697753906e+00
7.659153461456298828e+00
7.696237087249755859e+00
7.938301086425781250e+00
7.819230556488037109e+00
7.959415435791015625e+00
7.831742286682128906e+00
7.954978466033935547e+00
7.827826023101806641e+00
7.831987380981445312e+00
7.725639820098876953e+00
7.880253791809082031e+00
7.858181476593017578e+00
8.022044181823730469e+00
7.654762744903564453e+00
7.902862071990966797e+00
7.807057380676269531e+00
7.816311359405517578e+00
7.701129436492919922e+00
7.861091136932373047e+00
7.776386260986328125e+00
7.874989986419677734e+00
7.934755325317382812e+00
7.784603118896484375e+00
7.911814689636230469e+00
7.669953346252441406e+00
7.810102462768554688e+00
7.945681571960449219e+00
7.802359104156494141e+00
7.802887439727783203e+00
7.729564189910888672e+00
7.734504699707031250e+00
7.824208259582519531e+00
7.955164432525634766e+00
7.899486541748046875e+00
7.863762855529785156e+00
8.000385284423828125e+00
7.716205596923828125e+00
7.803593158721923828e+00
7.975453853607177734e+00
7.916360855102539062e+00
7.897218227386474609e+00
7.980735778808593750e+00
7.785828590393066406e+00
7.826240062713623047e+00
7.719827651977539062e+00
7.613870143890380859e+00
7.853963375091552734e+00
7.750213623046875000e+00
7.809889316558837891e+00
7.837664127349853516e+00
7.710904121398925781e+00
7.970795154571533203e+00
7.803938388824462891e+00
8.030631065368652344e+00
7.737222671508789062e+00
7.718244552612304688e+00
7.854575634002685547e+00
7.677401542663574219e+00
7.910160064697265625e+00
7.694797515869140625e+00
8.036556243896484375e+00
7.832368850708007812e+00
7.871696949005126953e+00
7.851456165313720703e+00
7.814864158630371094e+00
7.885509014129638672e+00
7.871396064758300781e+00
7.851994037628173828e+00
7.940522193908691406e+00
7.715095043182373047e+00
7.618708133697509766e+00
7.690506458282470703e+00
7.602142810821533203e+00
7.781176567077636719e+00
8.214208602905273438e+00
7.841538429260253906e+00
7.815769672393798828e+00
7.723745822906494141e+00
7.913012981414794922e+00
7.733102321624755859e+00
7.795513153076171875e+00
7.924937725067138672e+00
7.894114971160888672e+00
7.915242671966552734e+00
8.020699501037597656e+00
7.753840446472167969e+00
8.014656066894531250e+00
7.581606864929199219e+00
7.819023132324218750e+00
7.792221069335937500e+00
7.832949638366699219e+00
7.812912464141845703e+00
7.664025306701660156e+00
7.853785514831542969e+00
8.003781318664550781e+00
7.788529872894287109e+00
7.686205863952636719e+00
7.908083915710449219e+00
7.835725784301757812e+00
7.803406238555908203e+00
7.697223663330078125e+00
7.801335811614990234e+00
7.887604713439941406e+00
7.816522598266601562e+00
7.755546092987060547e+00
7.874479770660400391e+00
7.664530754089355469e+00
7.777966499328613281e+00
7.906041145324707031e+00
7.973110675811767578e+00
8.026504516601562500e+00
7.662645816802978516e+00
7.683156490325927734e+00
7.903889656066894531e+00
7.653992652893066406e+00
8.017686843872070312e+00
7.821718692779541016e+00
7.851784706115722656e+00
7.795041561126708984e+00
7.885289669036865234e+00
7.591200351715087891e+00
7.607293605804443359e+00
7.858881473541259766e+00
7.759983062744140625e+00
7.821933269500732422e+00
7.928157806396484375e+00
7.736420631408691406e+00
7.923179149627685547e+00
7.695134162902832031e+00
8.051935195922851562e+00
7.886013984680175781e+00
7.881204605102539062e+00
7.702262878417968750e+00
8.001693725585937500e+00
7.722589015960693359e+00
8.002125740051269531e+00
7.823005676269531250e+00
7.933310985565185547e+00
7.965120792388916016e+00
7.791128158569335938e+00
7.560147285461425781e+00
7.819477081298828125e+00
7.970354080200195312e+00
7.817367553710937500e+00
7.898120403289794922e+00
7.711048603057861328e+00
7.955062389373779297e+00
7.875936508178710938e+00
7.494076728820800781e+00
8.014852523803710938e+00
7.827245712280273438e+00
7.771553993225097656e+00
7.765558242797851562e+00
7.836056232452392578e+00
7.729338645935058594e+00
7.962830066680908203e+00
7.778844833374023438e+00
7.930332183837890625e+00
7.729313850402832031e+00
7.782023429870605469e+00
7.697276115417480469e+00
7.850442409515380859e+00
8.069244384765625000e+00
7.700078964233398438e+00
7.932937145233154297e+00
7.817455291748046875e+00
7.919069290161132812e+00
7.778385162353515625e+00
8.001109123229980469e+00
8.070721626281738281e+00
7.712153911590576172e+00
7.683476924896240234e+00
8.087070465087890625e+00
7.995057582855224609e+00
7.833975791931152344e+00
7.867959499359130859e+00
7.896931171417236328e+00
7.921965599060058594e+00
7.688755512237548828e+00
7.885692596435546875e+00
7.799657344818115234e+00
7.679954051971435547e+00
7.857383251190185547e+00
7.916062831878662109e+00
7.767650604248046875e+00
7.932996749877929688e+00
7.805440425872802734e+00
7.871722698211669922e+00
7.969818592071533203e+00
7.884893417358398438e+00
7.771797180175781250e+00
7.677230834960937500e+00
7.929004192352294922e+00
7.919191360473632812e+00
8.015370368957519531e+00
7.655987262725830078e+00
7.812721252441406250e+00
7.828304767608642578e+00
7.797211647033691406e+00
7.670769691467285156e+00
7.911133289337158203e+00
7.742935657501220703e+00
7.963847160339355469e+00
7.960138320922851562e+00
7.621021747589111328e+00
7.980149745941162109e+00
7.826888561248779297e+00
7.837214946746826172e+00
7.803219795227050781e+00
7.836593627929687500e+00
7.840270996093750000e+00
7.819184303283691406e+00
7.984141349792480469e+00
7.842662811279296875e+00
7.786011695861816406e+00
7.819283485412597656e+00
7.826529026031494141e+00
7.880802631378173828e+00
7.908772468566894531e+00
7.974647045135498047e+00
7.758141994476318359e+00
7.913031578063964844e+00
7.886698722839355469e+00
7.858774662017822266e+00
7.791701316833496094e+00
7.771586418151855469e+00
7.731128215789794922e+00
7.803249835968017578e+00
7.873613357543945312e+00
7.691185474395751953e+00
7.695911407470703125e+00
7.772042274475097656e+00
7.884625434875488281e+00
7.789760589599609375e+00
7.401779174804687500e+00
7.871451377868652344e+00
7.861466884613037109e+00
7.825571060180664062e+00
7.683750629425048828e+00
7.885176658630371094e+00
8.014511108398437500e+00
7.724799156188964844e+00
7.775698661804199219e+00
7.927601337432861328e+00
7.908913135528564453e+00
7.677311897277832031e+00
7.857412338256835938e+00
7.734943866729736328e+00
7.671098709106445312e+00
7.959474563598632812e+00
7.831013679504394531e+00
7.780892372131347656e+00
7.955715179443359375e+00
7.955672264099121094e+00
7.817559719085693359e+00
7.704540252685546875e+00
7.852385044097900391e+00
7.953700065612792969e+00
7.699227333068847656e+00
7.928476333618164062e+00
7.746602058410644531e+00
7.996360301971435547e+00
7.766673088073730469e+00
7.877953052520751953e+00
7.840637207031250000e+00
7.620704650878906250e+00
7.968970775604248047e+00
7.915059089660644531e+00
7.938570499420166016e+00
7.723808288574218750e+00
7.739298820495605469e+00
7.879866123199462891e+00
7.821161270141601562e+00
7.901750564575195312e+00
7.844525337219238281e+00
8.079316139221191406e+00
7.881993293762207031e+00
8.139028549194335938e+00
7.762131690979003906e+00
7.611413955688476562e+00
7.872463703155517578e+00
7.701267242431640625e+00
7.756197929382324219e+00
7.690612792968750000e+00
7.949678421020507812e+00
7.987150192260742188e+00
7.851213455200195312e+00
7.909216880798339844e+00
7.898048400878906250e+00
7.609441280364990234e+00
7.725337505340576172e+00
7.785073280334472656e+00
7.851073265075683594e+00
7.716144084930419922e+00
7.556159496307373047e+00
7.822828769683837891e+00
7.785165786743164062e+00
7.917150497436523438e+00
7.845496177673339844e+00
7.951291561126708984e+00
7.863162040710449219e+00
7.978219509124755859e+00
7.660488128662109375e+00
7.829186916351318359e+00
7.512112617492675781e+00
7.989221096038818359e+00
7.780314445495605469e+00
7.927357673645019531e+00
7.889278888702392578e+00
7.703512668609619141e+00
7.686464309692382812e+00
7.697515010833740234e+00
8.124964714050292969e+00
7.890420436859130859e+00
7.771310806274414062e+00
7.881575107574462891e+00
7.771695613861083984e+00
7.934069156646728516e+00
7.845236301422119141e+00
7.658880710601806641e+00
7.778865814208984375e+00
7.679049015045166016e+00
7.760643959045410156e+00
7.763147830963134766e+00
7.805807113647460938e+00
8.152510643005371094e+00
7.882729530334472656e+00
7.858016490936279297e+00
7.610960960388183594e+00
7.763547420501708984e+00
7.864416599273681641e+00
7.713901519775390625e+00
7.906165122985839844e+00
7.983089923858642578e+00
8.008955955505371094e+00
7.976238727569580078e+00
7.743657588958740234e+00
7.947111606597900391e+00
7.692646503448486328e+00
7.889853954315185547e+00
7.842094898223876953e+00
7.708463191986083984e+00
7.562148094177246094e+00
7.832472801208496094e+00
7.738789081573486328e+00
7.698227405548095703e+00
7.878322601318359375e+00
7.709440708160400391e+00
7.626116752624511719e+00
7.681020259857177734e+00
7.637979984283447266e+00
7.832416057586669922e+00
7.802842617034912109e+00
7.909199237823486328e+00
7.947805881500244141e+00
7.911802768707275391e+00
7.869959354400634766e+00
7.783858776092529297e+00
7.669041156768798828e+00
7.918330669403076172e+00
7.773248195648193359e+00
7.869337081909179688e+00
7.818229675292968750e+00
7.859920024871826172e+00
7.681424140930175781e+00
7.850945949554443359e+00
7.583059787750244141e+00
7.990266323089599609e+00
7.985336780548095703e+00
7.739104270935058594e+00
7.799804687500000000e+00
7.852083206176757812e+00
7.980087757110595703e+00
7.894967555999755859e+00
7.819639205932617188e+00
7.799690723419189453e+00
7.833906650543212891e+00
7.929646492004394531e+00
7.985023498535156250e+00
7.671607971191406250e+00
7.914103031158447266e+00
7.927422523498535156e+00
7.855770587921142578e+00
7.728479385375976562e+00
7.836646080017089844e+00
7.912493228912353516e+00
7.852001667022705078e+00
7.772949218750000000e+00
7.864809989929199219e+00
7.538004398345947266e+00
7.906900405883789062e+00
7.953927993774414062e+00
7.960311412811279297e+00
7.683991909027099609e+00
7.850681304931640625e+00
7.833353519439697266e+00
7.653757572174072266e+00
7.893247604370117188e+00
7.704767704010009766e+00
7.736698150634765625e+00
7.937729835510253906e+00
7.852717876434326172e+00
7.647624969482421875e+00
7.918845176696777344e+00
8.093357086181640625e+00
7.892397403717041016e+00
8.052618026733398438e+00
7.942428588867187500e+00
7.587074756622314453e+00
7.669535636901855469e+00
7.845449447631835938e+00
7.954699039459228516e+00
7.793309688568115234e+00
7.792020320892333984e+00
7.862235069274902344e+00
7.750442028045654297e+00
7.825209140777587891e+00
7.895669937133789062e+00
7.848205566406250000e+00
7.722381591796875000e+00
7.870070457458496094e+00
7.960936069488525391e+00
7.861974716186523438e+00
7.857026100158691406e+00
7.830257415771484375e+00
7.733036518096923828e+00
7.814364910125732422e+00
7.581997871398925781e+00
7.853557586669921875e+00
7.918501377105712891e+00
7.955089092254638672e+00
7.864835262298583984e+00
7.873565673828125000e+00
7.989781379699707031e+00
7.887476921081542969e+00
7.857470512390136719e+00
7.954438209533691406e+00
7.946487426757812500e+00
7.722916603088378906e+00
7.937737464904785156e+00
7.734447479248046875e+00
7.814726829528808594e+00
7.813337326049804688e+00
7.883175373077392578e+00
7.864730834960937500e+00
7.954155445098876953e+00
7.960331916809082031e+00
7.900811195373535156e+00
7.684475421905517578e+00
7.941154479980468750e+00
7.807316780090332031e+00
7.917678356170654297e+00
7.818282604217529297e+00
7.512290954589843750e+00
7.490279197692871094e+00
7.974651336669921875e+00
7.803859233856201172e+00
7.907529830932617188e+00
7.862731456756591797e+00
7.867203712463378906e+00
7.906997680664062500e+00
7.916555404663085938e+00
7.774127006530761719e+00
7.798302173614501953e+00
7.979818820953369141e+00
7.952003955841064453e+00
7.913058757781982422e+00
7.881400108337402344e+00
7.755034923553466797e+00
7.831075668334960938e+00
7.770998477935791016e+00
7.858984947204589844e+00
7.736611366271972656e+00
8.280024528503417969e+00
7.794702053070068359e+00
7.873245239257812500e+00
7.981340408325195312e+00
7.727021694183349609e+00
7.696495056152343750e+00
7.879484653472900391e+00
7.816395759582519531e+00
7.672537803649902344e+00
7.894898891448974609e+00
7.778212070465087891e+00
7.961254119873046875e+00
7.758592605590820312e+00
7.814344406127929688e+00
7.791403293609619141e+00
7.605475902557373047e+00
7.961497306823730469e+00
7.834118843078613281e+00
7.762959003448486328e+00
7.815241336822509766e+00
7.938932895660400391e+00
7.788199901580810547e+00
7.849808692932128906e+00
7.678371906280517578e+00
7.593519210815429688e+00
7.793197631835937500e+00
7.657210350036621094e+00
7.758250236511230469e+00
7.929062366485595703e+00
7.661826610565185547e+00
7.836234092712402344e+00
7.733787059783935547e+00
7.750671386718750000e+00
7.755336284637451172e+00
7.893057823181152344e+00
7.788221359252929688e+00
7.834221363067626953e+00
7.887099266052246094e+00
7.866200923919677734e+00
7.893260478973388672e+00
7.861907005310058594e+00
7.913711547851562500e+00
7.799789428710937500e+00
7.874374389648437500e+00
7.803479671478271484e+00
7.921068668365478516e+00
7.678987026214599609e+00
7.853663921356201172e+00
7.910377502441406250e+00
7.928358554840087891e+00
7.719556808471679688e+00
7.958724498748779297e+00
7.722734451293945312e+00
7.964403152465820312e+00
7.727362155914306641e+00
7.697081565856933594e+00
7.654183387756347656e+00
7.826983451843261719e+00
7.972980022430419922e+00
8.140250205993652344e+00
7.871599674224853516e+00
7.681971549987792969e+00
7.854951381683349609e+00
7.752902984619140625e+00
7.925958633422851562e+00
8.090415954589843750e+00
7.945212841033935547e+00
7.845373153686523438e+00
7.820309162139892578e+00
7.628145694732666016e+00
7.911585807800292969e+00
7.936760425567626953e+00
7.835253715515136719e+00
7.988767623901367188e+00
7.632907867431640625e+00
7.977688312530517578e+00
7.976607322692871094e+00
7.808948993682861328e+00
7.921436786651611328e+00
7.860002994537353516e+00
7.973352909088134766e+00
8.034539222717285156e+00
8.014891624450683594e+00
7.766223907470703125e+00
7.716201782226562500e+00
7.976687431335449219e+00
7.802363395690917969e+00
7.789789676666259766e+00
7.885309696197509766e+00
7.818890094757080078e+00
7.914517402648925781e+00
7.876388549804687500e+00
7.987544059753417969e+00
7.994790077209472656e+00
7.780329227447509766e+00
7.788448333740234375e+00
7.946531295776367188e+00
7.928444385528564453e+00
7.694755077362060547e+00
7.581970691680908203e+00
7.843592166900634766e+00
7.984417915344238281e+00
7.860273361206054688e+00
7.838734149932861328e+00
7.863724708557128906e+00
7.956999301910400391e+00
7.954518318176269531e+00
7.739421367645263672e+00
7.633844375610351562e+00
7.785080909729003906e+00
7.899586200714111328e+00
7.833086490631103516e+00
7.875223636627197266e+00
7.748519420623779297e+00
7.895481109619140625e+00
7.872818470001220703e+00
7.904150485992431641e+00
7.764831542968750000e+00
7.918701171875000000e+00
7.857369899749755859e+00
7.746886730194091797e+00
7.772342681884765625e+00
7.652829647064208984e+00
7.856879711151123047e+00
7.835481166839599609e+00
7.921132087707519531e+00
7.833963871002197266e+00
7.590814113616943359e+00
7.745421409606933594e+00
7.991452693939208984e+00
7.890789985656738281e+00
7.951449871063232422e+00
7.850730895996093750e+00
7.943829059600830078e+00
7.892690181732177734e+00
7.926004886627197266e+00
7.928042888641357422e+00
8.012619972229003906e+00
7.834689617156982422e+00
7.956404685974121094e+00
7.675431728363037109e+00
7.851743221282958984e+00
7.835344314575195312e+00
7.896895408630371094e+00
7.845109939575195312e+00
7.837810039520263672e+00
7.891256809234619141e+00
7.922134876251220703e+00
7.867784023284912109e+00
7.643267154693603516e+00
7.761366367340087891e+00
7.851569652557373047e+00
7.684791564941406250e+00
7.716630458831787109e+00
7.825027942657470703e+00
7.652386665344238281e+00
7.724630832672119141e+00
7.920450687408447266e+00
7.922256469726562500e+00
8.069215774536132812e+00
7.844366550445556641e+00
7.899256229400634766e+00
7.784384727478027344e+00
7.824547290802001953e+00
7.928808689117431641e+00
7.880044937133789062e+00
7.895203590393066406e+00
7.806083202362060547e+00
7.816223144531250000e+00
7.769165515899658203e+00
7.989051342010498047e+00
7.808975219726562500e+00
7.747108459472656250e+00
7.883563518524169922e+00
7.717782974243164062e+00
7.849705219268798828e+00
7.976282596588134766e+00
7.841652393341064453e+00
7.888182640075683594e+00
7.798510074615478516e+00
7.991107940673828125e+00
7.621237277984619141e+00
7.694063186645507812e+00
7.726028442382812500e+00
7.844397068023681641e+00
7.774651527404785156e+00
7.528627395629882812e+00
8.042990684509277344e+00
7.848006248474121094e+00
7.855296611785888672e+00
7.700300693511962891e+00
7.759571075439453125e+00
7.728687286376953125e+00
7.975833892822265625e+00
7.851593017578125000e+00
7.627292156219482422e+00
7.865121364593505859e+00
7.747923851013183594e+00
7.836821079254150391e+00
7.726640224456787109e+00
7.872985839843750000e+00
7.940735340118408203e+00
7.933652400970458984e+00
8.116968154907226562e+00
7.700684547424316406e+00
7.771948337554931641e+00
7.917155265808105469e+00
7.783692836761474609e+00
7.825583457946777344e+00
7.681221485137939453e+00
7.873225212097167969e+00
7.868628978729248047e+00
7.696068286895751953e+00
7.925832271575927734e+00
8.104232788085937500e+00
7.817380905151367188e+00
7.885974884033203125e+00
7.897459983825683594e+00
7.840781688690185547e+00
7.868374347686767578e+00
7.694105148315429688e+00
7.991937160491943359e+00
7.837563991546630859e+00
7.687131881713867188e+00
7.845377445220947266e+00
7.588890552520751953e+00
7.818745136260986328e+00
7.638370513916015625e+00
7.957348346710205078e+00
7.958830833435058594e+00
8.032825469970703125e+00
8.005264282226562500e+00
7.787137508392333984e+00
7.716401576995849609e+00
7.894691467285156250e+00
7.785975456237792969e+00
7.801171779632568359e+00
7.739799976348876953e+00
7.859587669372558594e+00
7.782196998596191406e+00
8.015959739685058594e+00
7.725732326507568359e+00
7.862629413604736328e+00
7.921380043029785156e+00
7.963810443878173828e+00
7.718702316284179688e+00
7.876700401306152344e+00
7.845450878143310547e+00
7.522340774536132812e+00
7.831238746643066406e+00
7.818030834197998047e+00
7.897743701934814453e+00
7.901903629302978516e+00
7.604044437408447266e+00
7.776220321655273438e+00
7.580873012542724609e+00
7.793782711029052734e+00
7.898316383361816406e+00
7.952903747558593750e+00
7.738219261169433594e+00
7.932730674743652344e+00
7.877192974090576172e+00
7.805850028991699219e+00
7.750141143798828125e+00
7.895590305328369141e+00
7.922791957855224609e+00
7.810182094573974609e+00
7.892456054687500000e+00
7.743242740631103516e+00
7.730463027954101562e+00
7.702981472015380859e+00
7.625652790069580078e+00
7.907224655151367188e+00
7.897624492645263672e+00
7.733472824096679688e+00
7.840359687805175781e+00
7.811042785644531250e+00
7.765610694885253906e+00
7.852595329284667969e+00
7.818007946014404297e+00
7.897929191589355469e+00
7.811105251312255859e+00
7.858713150024414062e+00
7.818537235260009766e+00
7.935630321502685547e+00
7.920032978057861328e+00
7.612195968627929688e+00
7.739473819732666016e+00
7.736980915069580078e+00
7.823250293731689453e+00
7.937163829803466797e+00
7.653726577758789062e+00
7.566192626953125000e+00
7.951169967651367188e+00
7.823450565338134766e+00
7.928056240081787109e+00
7.893117904663085938e+00
8.061334609985351562e+00
7.936568260192871094e+00
7.825788497924804688e+00
7.688430786132812500e+00
7.974575519561767578e+00
7.787714004516601562e+00
7.824862480163574219e+00
7.948269844055175781e+00
7.765243053436279297e+00
7.891654491424560547e+00
7.894584178924560547e+00
7.832144737243652344e+00
7.853249073028564453e+00
7.915792942047119141e+00
7.787895202636718750e+00
7.816205978393554688e+00
7.837632179260253906e+00
7.841692924499511719e+00
7.950277328491210938e+00
7.754213333129882812e+00
8.064858436584472656e+00
7.901037693023681641e+00
7.753509044647216797e+00
8.103669166564941406e+00
7.733397960662841797e+00
7.872886180877685547e+00
7.921530246734619141e+00
7.916112899780273438e+00
7.889984130859375000e+00
8.022157669067382812e+00
7.850975990295410156e+00
7.801913738250732422e+00
7.597919464111328125e+00
7.759267330169677734e+00
7.977155685424804688e+00
7.582859039306640625e+00
7.713729858398437500e+00
7.784832954406738281e+00
7.680510044097900391e+00
7.876358985900878906e+00
7.840762138366699219e+00
7.776311874389648438e+00
7.910171031951904297e+00
7.798619270324707031e+00
7.905862808227539062e+00
7.996019363403320312e+00
7.935508251190185547e+00
7.896181583404541016e+00
7.924280166625976562e+00
7.524810791015625000e+00
7.734148979187011719e+00
7.886354446411132812e+00
7.728429317474365234e+00
7.939291954040527344e+00
8.050327301025390625e+00
7.771938323974609375e+00
7.729870319366455078e+00
8.021271705627441406e+00
7.834475994110107422e+00
7.822387218475341797e+00
7.904566287994384766e+00
7.806128025054931641e+00
7.625255107879638672e+00
7.671189785003662109e+00
8.117450714111328125e+00
7.871508598327636719e+00
7.855315208435058594e+00
7.856972217559814453e+00
7.784875869750976562e+00
7.957973480224609375e+00
7.759625434875488281e+00
7.801908493041992188e+00
7.827229976654052734e+00
7.863148212432861328e+00
7.921163558959960938e+00
7.823338508605957031e+00
7.814307689666748047e+00
7.732096672058105469e+00
7.819512367248535156e+00
7.685658454895019531e+00
7.895029067993164062e+00
7.705696582794189453e+00
7.968233108520507812e+00
7.900917530059814453e+00
7.943546772003173828e+00
7.904968738555908203e+00
7.773543357849121094e+00
7.755870342254638672e+00
7.927089214324951172e+00
7.765524387359619141e+00
7.695727348327636719e+00
7.953557968139648438e+00
7.792884826660156250e+00
7.970721721649169922e+00
8.019920349121093750e+00
7.615736484527587891e+00
7.610448837280273438e+00
7.643605232238769531e+00
7.831224441528320312e+00
7.784208297729492188e+00
7.857095718383789062e+00
7.846711635589599609e+00
7.726011753082275391e+00
7.889169692993164062e+00
7.711929798126220703e+00
7.983279228210449219e+00
7.760526180267333984e+00
7.994791984558105469e+00
7.752644062042236328e+00
7.616382122039794922e+00
7.869014739990234375e+00
7.917227745056152344e+00
8.008862495422363281e+00
7.753489017486572266e+00
7.914865970611572266e+00
7.910814285278320312e+00
7.867675304412841797e+00
7.742501735687255859e+00
7.705631256103515625e+00
7.930337905883789062e+00
8.007324218750000000e+00
7.669847965240478516e+00
7.788141727447509766e+00
7.705578327178955078e+00
7.997101306915283203e+00
7.761094093322753906e+00
7.879173278808593750e+00
7.808609008789062500e+00
8.058689117431640625e+00
7.784062862396240234e+00
7.931776046752929688e+00
7.839202880859375000e+00
7.829303264617919922e+00
7.676311016082763672e+00
7.788794517517089844e+00
7.980723381042480469e+00
7.890156269073486328e+00
8.092798233032226562e+00
8.086745262145996094e+00
7.749097824096679688e+00
7.808369636535644531e+00
7.513705253601074219e+00
7.778802871704101562e+00
7.719658851623535156e+00
7.864206314086914062e+00
7.839671134948730469e+00
7.666006565093994141e+00
7.946081638336181641e+00
7.781543254852294922e+00
7.534826278686523438e+00
7.852985858917236328e+00
7.828240394592285156e+00
7.671010494232177734e+00
7.823885917663574219e+00
7.903404712677001953e+00
7.837956905364990234e+00
7.856716632843017578e+00
7.959611415863037109e+00
7.762721538543701172e+00
7.749687671661376953e+00
7.828262805938720703e+00
7.796270370483398438e+00
7.829523086547851562e+00
7.700975894927978516e+00
7.517999649047851562e+00
7.756409645080566406e+00
7.847487926483154297e+00
7.922187328338623047e+00
7.684216976165771484e+00
7.869566440582275391e+00
7.772764682769775391e+00
7.909287452697753906e+00
7.874768257141113281e+00
7.826716899871826172e+00
7.925716400146484375e+00
7.672053337097167969e+00
7.669222831726074219e+00
7.811341762542724609e+00
8.010841369628906250e+00
8.084156036376953125e+00
7.702060699462890625e+00
7.978849887847900391e+00
7.803682804107666016e+00
7.829661846160888672e+00
7.829082965850830078e+00
7.852834701538085938e+00
7.833964347839355469e+00
7.978982925415039062e+00
7.973184108734130859e+00
7.869672298431396484e+00
7.762343883514404297e+00
7.842309951782226562e+00
7.959679603576660156e+00
7.685560703277587891e+00
7.857966899871826172e+00
7.949642658233642578e+00
7.775496959686279297e+00
7.724796772003173828e+00
7.821702957153320312e+00
7.921992778778076172e+00
7.681632518768310547e+00
7.801751613616943359e+00
7.777974128723144531e+00
7.981510162353515625e+00
7.935814857482910156e+00
7.898013114929199219e+00
7.897813796997070312e+00
7.806516170501708984e+00
7.807826042175292969e+00
7.757337093353271484e+00
7.869783401489257812e+00
7.979326725006103516e+00
7.857565879821777344e+00
7.859092712402343750e+00
7.739897727966308594e+00
7.697474956512451172e+00
7.954098224639892578e+00
7.893285751342773438e+00
7.860710144042968750e+00
7.788210868835449219e+00
7.591844558715820312e+00
7.731415748596191406e+00
7.984844207763671875e+00
7.732050895690917969e+00
7.969411373138427734e+00
7.517464637756347656e+00
7.695111751556396484e+00
7.774639129638671875e+00
7.816946029663085938e+00
7.885270595550537109e+00
7.778306961059570312e+00
7.668263435363769531e+00
7.910357475280761719e+00
7.948585987091064453e+00
7.711338043212890625e+00
7.886276721954345703e+00
7.713856697082519531e+00
8.029353141784667969e+00
8.009085655212402344e+00
7.899485588073730469e+00
7.881171703338623047e+00
7.746359825134277344e+00
7.784229755401611328e+00
7.887624740600585938e+00
7.685689449310302734e+00
7.759034156799316406e+00
7.689439296722412109e+00
7.806652069091796875e+00
7.688710689544677734e+00
7.674800872802734375e+00
7.916330814361572266e+00
7.992448806762695312e+00
7.926134586334228516e+00
7.501888751983642578e+00
7.729969024658203125e+00
7.795605659484863281e+00
7.839432239532470703e+00
7.743272781372070312e+00
7.831693649291992188e+00
7.810914993286132812e+00
7.727882385253906250e+00
7.969281196594238281e+00
7.804775714874267578e+00
7.862543582916259766e+00
7.915720939636230469e+00
7.772058010101318359e+00
7.871330261230468750e+00
7.878578662872314453e+00
7.921992778778076172e+00
7.756698608398437500e+00
7.877254486083984375e+00
7.890299320220947266e+00
7.787301540374755859e+00
7.753658294677734375e+00
7.766260623931884766e+00
8.012824058532714844e+00
7.841323375701904297e+00
7.909778118133544922e+00
7.926888465881347656e+00
7.994904518127441406e+00
7.806787014007568359e+00
7.639614582061767578e+00
7.696540832519531250e+00
7.752627849578857422e+00
7.733230590820312500e+00
7.814636230468750000e+00
7.807069778442382812e+00
7.921780586242675781e+00
7.833182811737060547e+00
7.850309371948242188e+00
7.961281776428222656e+00
7.787193298339843750e+00
7.985826492309570312e+00
7.695220470428466797e+00
8.067283630371093750e+00
7.863448143005371094e+00
7.872793197631835938e+00
7.674474239349365234e+00
7.795580863952636719e+00
7.764291286468505859e+00
7.847554206848144531e+00
7.912720680236816406e+00
7.981118202209472656e+00
7.872869014739990234e+00
7.937103271484375000e+00
7.874019622802734375e+00
7.779373168945312500e+00
7.840266227722167969e+00
8.000307083129882812e+00
7.930814266204833984e+00
7.777249813079833984e+00
7.904250144958496094e+00
7.928164482116699219e+00
7.871769905090332031e+00
7.805658817291259766e+00
7.725350379943847656e+00
7.867216587066650391e+00
7.608181953430175781e+00
7.866823196411132812e+00
7.845300674438476562e+00
7.923486709594726562e+00
7.896878242492675781e+00
7.887088298797607422e+00
7.727810382843017578e+00
7.742201805114746094e+00
7.734057426452636719e+00
7.867097854614257812e+00
7.806409835815429688e+00
8.080306053161621094e+00
7.722588062286376953e+00
7.421669483184814453e+00
7.819346904754638672e+00
7.638438224792480469e+00
7.939716339111328125e+00
7.656731605529785156e+00
7.782960891723632812e+00
7.853441238403320312e+00
7.848677635192871094e+00
7.721085071563720703e+00
7.874065876007080078e+00
7.845491409301757812e+00
7.906229019165039062e+00
7.843364238739013672e+00
7.858255863189697266e+00
7.894787788391113281e+00
7.752180099487304688e+00
7.922195911407470703e+00
7.834628105163574219e+00
7.636968612670898438e+00
7.726365566253662109e+00
7.875947952270507812e+00
7.837250232696533203e+00
7.833935737609863281e+00
7.876201629638671875e+00
7.883882522583007812e+00
7.837219715118408203e+00
8.026305198669433594e+00
7.599033355712890625e+00
7.937169551849365234e+00
7.788270950317382812e+00
7.812376022338867188e+00
7.843321800231933594e+00
8.058249473571777344e+00
7.790252685546875000e+00
7.965277194976806641e+00
7.680227756500244141e+00
7.768913269042968750e+00
7.648093223571777344e+00
7.894171237945556641e+00
7.921320438385009766e+00
7.869412422180175781e+00
7.811642646789550781e+00
7.685686111450195312e+00
7.691782474517822266e+00
7.893499851226806641e+00
7.996958255767822266e+00
7.676125049591064453e+00
7.713708877563476562e+00
7.833739280700683594e+00
8.002302169799804688e+00
7.824710369110107422e+00
7.856482028961181641e+00
7.837209224700927734e+00
7.765098094940185547e+00
7.883264541625976562e+00
7.750141143798828125e+00
7.684271335601806641e+00
8.056875228881835938e+00
7.692831993103027344e+00
7.764533519744873047e+00
7.537109851837158203e+00
7.722332000732421875e+00
8.099385261535644531e+00
7.906791210174560547e+00
7.851834774017333984e+00
7.992240428924560547e+00
7.796933650970458984e+00
7.851191520690917969e+00
7.877984523773193359e+00
7.810561656951904297e+00
7.815764427185058594e+00
7.851097583770751953e+00
7.943618774414062500e+00
7.726654529571533203e+00
7.621372222900390625e+00
7.758812427520751953e+00
7.699780464172363281e+00
7.770469665527343750e+00
7.797031879425048828e+00
7.844091415405273438e+00
7.838790416717529297e+00
7.725315570831298828e+00
7.901050567626953125e+00
7.971570491790771484e+00
7.907157897949218750e+00
7.726943492889404297e+00
7.723487377166748047e+00
7.970455169677734375e+00
8.121965408325195312e+00
7.855263710021972656e+00
7.910688400268554688e+00
7.723138809204101562e+00
7.806841373443603516e+00
7.836486339569091797e+00
7.896697998046875000e+00
7.761876583099365234e+00
7.773400306701660156e+00
7.908433437347412109e+00
7.843860626220703125e+00
8.073601722717285156e+00
7.866930961608886719e+00
7.930430412292480469e+00
7.766199588775634766e+00
7.699800491333007812e+00
7.970184803009033203e+00
8.014937400817871094e+00
7.763116359710693359e+00
7.645858764648437500e+00
7.658301353454589844e+00
7.850447177886962891e+00
7.937121391296386719e+00
7.612778186798095703e+00
7.731654644012451172e+00
7.891121387481689453e+00
7.723524093627929688e+00
7.872028827667236328e+00
7.934448719024658203e+00
7.853579521179199219e+00
7.827538490295410156e+00
7.697253227233886719e+00
7.891006946563720703e+00
8.028276443481445312e+00
7.824870586395263672e+00
7.684714317321777344e+00
8.039332389831542969e+00
7.594921588897705078e+00
7.548949241638183594e+00
7.932505130767822266e+00
7.837707042694091797e+00
7.940110206604003906e+00
7.643483161926269531e+00
7.956460952758789062e+00
7.789067745208740234e+00
7.925130844116210938e+00
7.823770523071289062e+00
7.866408348083496094e+00
7.895798683166503906e+00
7.809761524200439453e+00
7.771762371063232422e+00
7.791798591613769531e+00
7.815632343292236328e+00
7.942142009735107422e+00
7.699919700622558594e+00
7.505156993865966797e+00
7.889703273773193359e+00
7.854634284973144531e+00
7.798098564147949219e+00
7.979859828948974609e+00
7.891062736511230469e+00
7.769822597503662109e+00
7.740880489349365234e+00
7.800426483154296875e+00
7.846458911895751953e+00
7.871089935302734375e+00
7.925523757934570312e+00
7.819957256317138672e+00
7.882431507110595703e+00
7.884929180145263672e+00
7.844973564147949219e+00
7.865246772766113281e+00
7.746241569519042969e+00
8.163608551025390625e+00
7.849398136138916016e+00
7.903619289398193359e+00
7.545754909515380859e+00
7.961524963378906250e+00
7.726345539093017578e+00
7.971968650817871094e+00
7.757338523864746094e+00
7.359818458557128906e+00
7.859344482421875000e+00
7.787736415863037109e+00
7.954771041870117188e+00
7.690811634063720703e+00
7.875406265258789062e+00
7.951734066009521484e+00
7.874643802642822266e+00
7.786579132080078125e+00
7.984215259552001953e+00
7.756473064422607422e+00
7.759591579437255859e+00
7.600201606750488281e+00
7.857834339141845703e+00
7.872572422027587891e+00
7.935447692871093750e+00
7.957822799682617188e+00
7.945751667022705078e+00
7.991213321685791016e+00
7.878687381744384766e+00
7.444878101348876953e+00
7.666223049163818359e+00
7.639750957489013672e+00
7.896041870117187500e+00
7.765332698822021484e+00
7.527196884155273438e+00
7.948490142822265625e+00
7.813366889953613281e+00
8.043551445007324219e+00
7.819202899932861328e+00
7.770226955413818359e+00
7.665430068969726562e+00
7.826783180236816406e+00
7.919023036956787109e+00
7.940176486968994141e+00
7.734960556030273438e+00
7.843999862670898438e+00
7.804369926452636719e+00
7.882192611694335938e+00
7.796324729919433594e+00
7.892111778259277344e+00
7.817856788635253906e+00
7.798113346099853516e+00
7.851327419281005859e+00
7.857133388519287109e+00
7.809142589569091797e+00
7.763562679290771484e+00
7.659083366394042969e+00
7.786774158477783203e+00
7.906846046447753906e+00
7.587403297424316406e+00
8.051734924316406250e+00
7.839153289794921875e+00
7.768590927124023438e+00
7.866695880889892578e+00
7.732492446899414062e+00
7.973453521728515625e+00
7.670883178710937500e+00
7.674197196960449219e+00
8.014854431152343750e+00
7.901328086853027344e+00
8.032971382141113281e+00
7.956291675567626953e+00
7.734641075134277344e+00
7.725110054016113281e+00
7.858374595642089844e+00
7.851365566253662109e+00
7.888727188110351562e+00
7.769686222076416016e+00
7.826893329620361328e+00
7.716943740844726562e+00
7.889668464660644531e+00
7.753551006317138672e+00
7.889932632446289062e+00
7.818490028381347656e+00
7.831878185272216797e+00
7.655629158020019531e+00
7.845736503601074219e+00
7.874951839447021484e+00
7.703539848327636719e+00
7.737367153167724609e+00
7.823494434356689453e+00
8.003248214721679688e+00
7.875559329986572266e+00
7.823464870452880859e+00
7.916862010955810547e+00
7.722977638244628906e+00
7.781332492828369141e+00
7.824826717376708984e+00
7.891023635864257812e+00
7.848235130310058594e+00
7.777622222900390625e+00
7.894376277923583984e+00
7.815986156463623047e+00
7.982769966125488281e+00
7.942470550537109375e+00
7.657901287078857422e+00
7.700896263122558594e+00
7.714172840118408203e+00
7.916797161102294922e+00
7.826361179351806641e+00
7.705073833465576172e+00
7.941214561462402344e+00
7.882117748260498047e+00
7.752836704254150391e+00
7.743902206420898438e+00
7.802548885345458984e+00
7.806339740753173828e+00
7.740033626556396484e+00
7.850847721099853516e+00
7.896154403686523438e+00
7.891016960144042969e+00
7.875712394714355469e+00
7.733350753784179688e+00
7.968644618988037109e+00
7.925491809844970703e+00
7.551609992980957031e+00
7.893735885620117188e+00
7.793433189392089844e+00
8.027234077453613281e+00
7.764070510864257812e+00
7.769825458526611328e+00
7.865453720092773438e+00
7.802012920379638672e+00
7.749460220336914062e+00
7.805044651031494141e+00
7.811137199401855469e+00
7.824231147766113281e+00
7.828344821929931641e+00
7.635812282562255859e+00
7.818566799163818359e+00
7.767943382263183594e+00
7.556953430175781250e+00
8.111164093017578125e+00
7.713117599487304688e+00
7.818744659423828125e+00
7.716333866119384766e+00
7.918201446533203125e+00
7.901159286499023438e+00
7.766318798065185547e+00
8.035161018371582031e+00
7.740100860595703125e+00
7.773353576660156250e+00
7.885981559753417969e+00
7.751217365264892578e+00
7.886429786682128906e+00
7.956145286560058594e+00
8.023110389709472656e+00
7.673526287078857422e+00
7.957684516906738281e+00
7.519584655761718750e+00
7.874788761138916016e+00
7.794347286224365234e+00
7.825159549713134766e+00
7.718856811523437500e+00
7.959853649139404297e+00
7.666467189788818359e+00
7.786212921142578125e+00
7.844845294952392578e+00
7.750869274139404297e+00
7.714708328247070312e+00
8.049348831176757812e+00
7.833144664764404297e+00
7.697490215301513672e+00
8.015816688537597656e+00
8.005807876586914062e+00
7.946499824523925781e+00
7.896951675415039062e+00
7.743416786193847656e+00
7.716727733612060547e+00
8.083595275878906250e+00
7.666904926300048828e+00
7.739047050476074219e+00
7.860576629638671875e+00
7.550371170043945312e+00
7.531547069549560547e+00
7.747117519378662109e+00
7.687230587005615234e+00
7.622630119323730469e+00
7.998826026916503906e+00
8.004658699035644531e+00
7.907142639160156250e+00
7.884393215179443359e+00
7.706640243530273438e+00
7.924052238464355469e+00
7.964165687561035156e+00
7.773070335388183594e+00
7.835203170776367188e+00
7.976896286010742188e+00
7.806842327117919922e+00
7.603478908538818359e+00
7.771830081939697266e+00
7.679087162017822266e+00
7.658000469207763672e+00
7.965491294860839844e+00
7.745162963867187500e+00
7.803399562835693359e+00
7.693458557128906250e+00
7.760483741760253906e+00
7.776067256927490234e+00
7.718816280364990234e+00
7.890848636627197266e+00
7.804186820983886719e+00
7.769149303436279297e+00
7.736682891845703125e+00
7.864111900329589844e+00
7.820366382598876953e+00
7.771522998809814453e+00
7.933079242706298828e+00
7.683257102966308594e+00
7.674837589263916016e+00
7.953920364379882812e+00
8.044018745422363281e+00
7.727024555206298828e+00
7.890946865081787109e+00
7.773432254791259766e+00
7.723999500274658203e+00
7.922441482543945312e+00
7.844496250152587891e+00
7.866759777069091797e+00
7.914179325103759766e+00
7.549476146697998047e+00
7.626476764678955078e+00
7.865965843200683594e+00
7.782627105712890625e+00
7.770370006561279297e+00
7.897542476654052734e+00
7.963411331176757812e+00
7.885994911193847656e+00
7.786200523376464844e+00
7.776938438415527344e+00
7.789928913116455078e+00
7.818412303924560547e+00
7.981171607971191406e+00
7.908843994140625000e+00
7.839882373809814453e+00
7.771320819854736328e+00
7.686563968658447266e+00
7.950430393218994141e+00
8.033061027526855469e+00
7.987613677978515625e+00
7.896692752838134766e+00
7.845099449157714844e+00
7.772208690643310547e+00
7.834419727325439453e+00
7.971239566802978516e+00
7.867947578430175781e+00
7.725314140319824219e+00
7.756645202636718750e+00
7.886035919189453125e+00
7.815777778625488281e+00
7.759183406829833984e+00
7.889644145965576172e+00
7.733566761016845703e+00
7.714148998260498047e+00
7.895347595214843750e+00
7.556458950042724609e+00
7.807744979858398438e+00
7.657832622528076172e+00
7.747726440429687500e+00
7.770025730133056641e+00
7.808228492736816406e+00
7.868651390075683594e+00
8.026157379150390625e+00
7.898450851440429688e+00
7.975849151611328125e+00
7.783079624176025391e+00
7.499208927154541016e+00
7.670157909393310547e+00
7.685498237609863281e+00
7.800131797790527344e+00
7.751726150512695312e+00
7.467578411102294922e+00
7.747793197631835938e+00
7.797670364379882812e+00
7.911322116851806641e+00
7.862464427947998047e+00
7.732301712036132812e+00
7.889312744140625000e+00
7.858867645263671875e+00
7.964817047119140625e+00
7.771252155303955078e+00
7.827034473419189453e+00
7.867657661437988281e+00
7.702302932739257812e+00
7.667630672454833984e+00
7.889181613922119141e+00
7.830639362335205078e+00
7.830621242523193359e+00
7.709537506103515625e+00
7.896226882934570312e+00
7.753723621368408203e+00
7.830249309539794922e+00
7.637161731719970703e+00
7.774091720581054688e+00
7.858232498168945312e+00
7.804013252258300781e+00
8.089094161987304688e+00
7.900292396545410156e+00
7.576509952545166016e+00
7.748204231262207031e+00
7.712309360504150391e+00
7.779142856597900391e+00
7.763392925262451172e+00
7.866238117218017578e+00
7.626484394073486328e+00
7.676849842071533203e+00
7.838542461395263672e+00
7.921849727630615234e+00
7.612920284271240234e+00
7.831867694854736328e+00
7.778015613555908203e+00
7.641651153564453125e+00
7.560385704040527344e+00
7.713717460632324219e+00
8.117351531982421875e+00
7.625640392303466797e+00
7.904869079589843750e+00
7.702238082885742188e+00
7.748147010803222656e+00
7.826303958892822266e+00
7.822083950042724609e+00
7.728602409362792969e+00
7.865688800811767578e+00
7.900244235992431641e+00
7.626162052154541016e+00
7.876546382904052734e+00
7.731144905090332031e+00
7.750634193420410156e+00
8.110155105590820312e+00
7.958058357238769531e+00
7.936172962188720703e+00
7.801370620727539062e+00
7.798615932464599609e+00
7.863309860229492188e+00
7.675784111022949219e+00
7.817506790161132812e+00
7.790791511535644531e+00
7.594596385955810547e+00
7.637272834777832031e+00
7.930413246154785156e+00
7.739940166473388672e+00
7.965804100036621094e+00
8.004113197326660156e+00
7.949962139129638672e+00
7.952784061431884766e+00
7.740139484405517578e+00
7.852703571319580078e+00
7.744400978088378906e+00
7.828231334686279297e+00
8.056754112243652344e+00
7.908311367034912109e+00
7.955847740173339844e+00
8.136328697204589844e+00
7.803615093231201172e+00
8.049964904785156250e+00
7.728175640106201172e+00
7.739638328552246094e+00
8.020298957824707031e+00
7.997879981994628906e+00
7.886073112487792969e+00
7.851976871490478516e+00
7.788721084594726562e+00
7.786294460296630859e+00
7.761098861694335938e+00
7.810841083526611328e+00
7.850841522216796875e+00
7.685015201568603516e+00
7.636048793792724609e+00
7.759744167327880859e+00
8.000544548034667969e+00
7.747909069061279297e+00
7.842903614044189453e+00
7.795852661132812500e+00
7.722544193267822266e+00
7.802437305450439453e+00
7.853224277496337891e+00
7.679160594940185547e+00
7.835511684417724609e+00
7.468059062957763672e+00
7.755124568939208984e+00
7.906486511230468750e+00
7.971196651458740234e+00
7.746163368225097656e+00
7.852583885192871094e+00
7.741409301757812500e+00
7.823154449462890625e+00
7.980113506317138672e+00
7.801053047180175781e+00
7.797374248504638672e+00
7.885781764984130859e+00
8.035808563232421875e+00
7.660374641418457031e+00
7.758112430572509766e+00
8.068799972534179688e+00
7.759235382080078125e+00
7.942624092102050781e+00
7.797577857971191406e+00
7.900795459747314453e+00
7.782926082611083984e+00
7.874098300933837891e+00
7.501688480377197266e+00
7.764282226562500000e+00
7.744962215423583984e+00
7.872472763061523438e+00
7.780241012573242188e+00
7.817966461181640625e+00
7.816692829132080078e+00
7.785511970520019531e+00
8.062809944152832031e+00
7.897311210632324219e+00
7.825428009033203125e+00
7.902844429016113281e+00
7.796243190765380859e+00
7.874606132507324219e+00
7.988413333892822266e+00
7.685389995574951172e+00
7.763366222381591797e+00
8.045575141906738281e+00
7.801535606384277344e+00
7.597169876098632812e+00
7.704279899597167969e+00
7.573085784912109375e+00
7.821839809417724609e+00
7.830420017242431641e+00
7.945968151092529297e+00
7.856067180633544922e+00
7.808361053466796875e+00
7.869035243988037109e+00
7.825942039489746094e+00
7.703655719757080078e+00
8.021851539611816406e+00
7.809504508972167969e+00
7.698213577270507812e+00
7.922334671020507812e+00
7.827033519744873047e+00
7.999714851379394531e+00
7.598247051239013672e+00
7.653570175170898438e+00
7.843529224395751953e+00
7.802710533142089844e+00
7.711616516113281250e+00
7.944344043731689453e+00
7.787752628326416016e+00
7.763566970825195312e+00
7.886439323425292969e+00
7.873418331146240234e+00
7.754964828491210938e+00
7.829999446868896484e+00
7.669586658477783203e+00
7.699641227722167969e+00
7.864414691925048828e+00
7.730272293090820312e+00
7.983407020568847656e+00
7.771468639373779297e+00
7.671552658081054688e+00
7.842600822448730469e+00
7.827091693878173828e+00
7.591760158538818359e+00
7.857130527496337891e+00
7.662116050720214844e+00
7.555321216583251953e+00
7.836949348449707031e+00
7.872526168823242188e+00
7.774744987487792969e+00
7.955607891082763672e+00
7.762890815734863281e+00
7.727119445800781250e+00
7.925808906555175781e+00
7.926278114318847656e+00
7.875835895538330078e+00
7.818017005920410156e+00
7.545341014862060547e+00
7.870132446289062500e+00
8.036067008972167969e+00
8.071061134338378906e+00
7.938942909240722656e+00
7.782441616058349609e+00
7.691290855407714844e+00
7.907357692718505859e+00
7.708456993103027344e+00
8.032151222229003906e+00
7.755023479461669922e+00
7.811233997344970703e+00
7.939362049102783203e+00
7.524726867675781250e+00
7.953100681304931641e+00
7.823637962341308594e+00
7.601965427398681641e+00
7.577183246612548828e+00
7.689072132110595703e+00
8.043922424316406250e+00
7.838764667510986328e+00
8.027229309082031250e+00
7.666660785675048828e+00
7.741356849670410156e+00
7.781487941741943359e+00
7.888111114501953125e+00
7.821695804595947266e+00
7.736796379089355469e+00
7.774395942687988281e+00
7.546163082122802734e+00
7.681745529174804688e+00
7.858957767486572266e+00
7.659875392913818359e+00
7.795759677886962891e+00
7.736891269683837891e+00
7.676852226257324219e+00
8.104517936706542969e+00
7.779326915740966797e+00
7.735157966613769531e+00
7.693838596343994141e+00
7.882336139678955078e+00
7.968066692352294922e+00
7.885574340820312500e+00
7.896122455596923828e+00
7.958991050720214844e+00
8.054865837097167969e+00
7.727692604064941406e+00
7.902736663818359375e+00
8.091090202331542969e+00
7.890137195587158203e+00
7.836654186248779297e+00
8.025242805480957031e+00
7.384221553802490234e+00
7.905289649963378906e+00
7.948300838470458984e+00
7.630808830261230469e+00
7.731362342834472656e+00
7.566605091094970703e+00
7.502503871917724609e+00
7.883283615112304688e+00
7.840300083160400391e+00
8.035585403442382812e+00
7.771507263183593750e+00
7.714733600616455078e+00
7.703197002410888672e+00
7.805847644805908203e+00
7.748356342315673828e+00
7.819802761077880859e+00
7.693801879882812500e+00
7.860173702239990234e+00
7.907777786254882812e+00
7.827118396759033203e+00
7.981393337249755859e+00
7.776774406433105469e+00
7.802820682525634766e+00
7.754537105560302734e+00
7.731283664703369141e+00
7.902631759643554688e+00
7.738598823547363281e+00
7.480621814727783203e+00
7.648602008819580078e+00
7.766283988952636719e+00
7.695577621459960938e+00
8.014098167419433594e+00
7.892930984497070312e+00
7.838510036468505859e+00
7.937188625335693359e+00
7.936081409454345703e+00
7.841166973114013672e+00
8.081075668334960938e+00
7.561038017272949219e+00
7.809068679809570312e+00
7.830821514129638672e+00
7.723958969116210938e+00
7.888448238372802734e+00
7.932970523834228516e+00
7.971402645111083984e+00
7.860733032226562500e+00
7.940436840057373047e+00
7.657347202301025391e+00
7.865520954132080078e+00
7.753517627716064453e+00
7.867457866668701172e+00
7.849810600280761719e+00
7.778411388397216797e+00
7.642476558685302734e+00
7.809668540954589844e+00
7.848120689392089844e+00
7.732633113861083984e+00
7.558384418487548828e+00
7.725225925445556641e+00
7.854532241821289062e+00
7.809172630310058594e+00
7.844112873077392578e+00
7.774683952331542969e+00
7.821069240570068359e+00
7.737486839294433594e+00
7.641193866729736328e+00
7.900447368621826172e+00
8.000911712646484375e+00
7.684592723846435547e+00
7.987265110015869141e+00
7.829370498657226562e+00
7.665156364440917969e+00
7.886622428894042969e+00
7.758115291595458984e+00
7.446523189544677734e+00
7.772407531738281250e+00
7.914947509765625000e+00
7.737699031829833984e+00
7.826122283935546875e+00
7.860277175903320312e+00
7.934353351593017578e+00
7.713634014129638672e+00
7.657614707946777344e+00
7.921663284301757812e+00
7.687118053436279297e+00
7.813059329986572266e+00
7.697751045227050781e+00
7.760583400726318359e+00
7.872822761535644531e+00
7.926688194274902344e+00
7.849646091461181641e+00
7.714185714721679688e+00
7.636580467224121094e+00
7.850018501281738281e+00
7.874393463134765625e+00
7.805876255035400391e+00
7.856070518493652344e+00
7.749648094177246094e+00
7.835794925689697266e+00
7.650027275085449219e+00
7.815574645996093750e+00
7.724981784820556641e+00
7.680226802825927734e+00
7.776320934295654297e+00
7.800738334655761719e+00
7.540179252624511719e+00
7.831406116485595703e+00
7.370921611785888672e+00
7.959165096282958984e+00
7.750148773193359375e+00
7.939943313598632812e+00
7.860689163208007812e+00
7.840741634368896484e+00
7.541559219360351562e+00
7.770059108734130859e+00
7.594192028045654297e+00
7.901221275329589844e+00
7.971037864685058594e+00
7.805111408233642578e+00
7.714255332946777344e+00
7.659687519073486328e+00
7.674296855926513672e+00
7.621642589569091797e+00
7.905659198760986328e+00
7.853693962097167969e+00
7.640161514282226562e+00
7.827336788177490234e+00
7.962320804595947266e+00
8.007343292236328125e+00
7.812224864959716797e+00
7.662102699279785156e+00
7.906476020812988281e+00
7.733774662017822266e+00
7.957282066345214844e+00
7.821020126342773438e+00
7.804450035095214844e+00
7.837013244628906250e+00
7.700198650360107422e+00
7.937781810760498047e+00
7.763312816619873047e+00
7.840651988983154297e+00
7.822528839111328125e+00
7.848413944244384766e+00
7.685456275939941406e+00
7.440067291259765625e+00
7.794428348541259766e+00
7.944134712219238281e+00
7.644711494445800781e+00
7.779523849487304688e+00
7.970789432525634766e+00
7.813200950622558594e+00
7.938955783843994141e+00
7.722400665283203125e+00
7.804355621337890625e+00
7.899603366851806641e+00
7.729036331176757812e+00
7.946394920349121094e+00
7.757555484771728516e+00
7.780266284942626953e+00
7.908329486846923828e+00
7.760396003723144531e+00
7.597122669219970703e+00
7.686286449432373047e+00
7.703467369079589844e+00
7.947518348693847656e+00
7.923313617706298828e+00
7.904845714569091797e+00
7.776676654815673828e+00
7.734057903289794922e+00
7.752515316009521484e+00
7.876287460327148438e+00
8.039166450500488281e+00
7.616197586059570312e+00
7.880973815917968750e+00
7.845280170440673828e+00
7.823006629943847656e+00
7.575329303741455078e+00
7.856910228729248047e+00
7.777600288391113281e+00
7.996200084686279297e+00
7.765415668487548828e+00
7.435934066772460938e+00
7.798925399780273438e+00
7.788592338562011719e+00
7.879308700561523438e+00
7.904768466949462891e+00
8.009848594665527344e+00
7.864639759063720703e+00
7.829212188720703125e+00
7.781449794769287109e+00
7.781664371490478516e+00
7.830410003662109375e+00
7.798526763916015625e+00
7.765657424926757812e+00
7.766827106475830078e+00
7.904718399047851562e+00
7.774765014648437500e+00
7.872100353240966797e+00
7.684142112731933594e+00
7.855645656585693359e+00
7.940990924835205078e+00
7.870557785034179688e+00
7.874469280242919922e+00
7.822906017303466797e+00
7.857926845550537109e+00
7.919038772583007812e+00
7.560245037078857422e+00
7.930838584899902344e+00
7.839257240295410156e+00
7.621159076690673828e+00
7.664472579956054688e+00
7.872139453887939453e+00
7.706388950347900391e+00
7.906159400939941406e+00
7.947940826416015625e+00
7.730316162109375000e+00
8.014061927795410156e+00
7.730597496032714844e+00
7.761825561523437500e+00
7.835612773895263672e+00
7.850321292877197266e+00
7.864307880401611328e+00
7.592525005340576172e+00
7.802165508270263672e+00
7.862919330596923828e+00
7.884261608123779297e+00
7.663319587707519531e+00
7.631489276885986328e+00
7.904479503631591797e+00
7.906508445739746094e+00
7.863081932067871094e+00
7.660485267639160156e+00
7.869961738586425781e+00
7.898676395416259766e+00
7.993771553039550781e+00
7.884784221649169922e+00
7.978261470794677734e+00
7.828576087951660156e+00
7.593619823455810547e+00
7.789332389831542969e+00
7.941756725311279297e+00
7.823784828186035156e+00
7.699860572814941406e+00
7.879039764404296875e+00
7.845763683319091797e+00
7.863734245300292969e+00
7.711297988891601562e+00
7.891068458557128906e+00
7.795223236083984375e+00
7.761629581451416016e+00
7.638338088989257812e+00
7.798764228820800781e+00
7.443762302398681641e+00
7.834127426147460938e+00
7.841556549072265625e+00
7.889598369598388672e+00
7.760939598083496094e+00
8.107677459716796875e+00
7.883853435516357422e+00
7.980087280273437500e+00
7.707942008972167969e+00
7.813944816589355469e+00
7.888693809509277344e+00
7.715678691864013672e+00
7.814463138580322266e+00
7.735244274139404297e+00
7.636544704437255859e+00
7.729475021362304688e+00
7.897091388702392578e+00
8.018677711486816406e+00
7.803268909454345703e+00
7.906679153442382812e+00
7.709397792816162109e+00
7.702942848205566406e+00
7.730333328247070312e+00
7.792842864990234375e+00
7.830778121948242188e+00
7.848882675170898438e+00
7.914634704589843750e+00
7.953700542449951172e+00
7.781543731689453125e+00
7.492713451385498047e+00
7.763079643249511719e+00
7.828461170196533203e+00
7.974267005920410156e+00
7.824861049652099609e+00
7.660007953643798828e+00
7.676806926727294922e+00
7.714890003204345703e+00
7.852372169494628906e+00
7.901094436645507812e+00
7.712370395660400391e+00
7.619743347167968750e+00
7.862057209014892578e+00
7.869112491607666016e+00
7.728372573852539062e+00
7.642771244049072266e+00
8.017248153686523438e+00
7.895761966705322266e+00
7.778719902038574219e+00
7.889238834381103516e+00
7.701793670654296875e+00
7.672283172607421875e+00
7.924008846282958984e+00
7.902921676635742188e+00
7.796435832977294922e+00
7.845921993255615234e+00
7.920456409454345703e+00
7.760413169860839844e+00
7.593383789062500000e+00
7.604749202728271484e+00
7.635200023651123047e+00
7.798372745513916016e+00
7.716864109039306641e+00
7.629923820495605469e+00
7.977810859680175781e+00
7.887926578521728516e+00
7.686797618865966797e+00
7.958757400512695312e+00
7.814152240753173828e+00
7.629386425018310547e+00
7.579346656799316406e+00
7.794771671295166016e+00
7.938637733459472656e+00
7.792505741119384766e+00
7.797461986541748047e+00
7.789492607116699219e+00
7.720118045806884766e+00
7.808520793914794922e+00
8.019173622131347656e+00
7.870081424713134766e+00
7.981391429901123047e+00
7.851351261138916016e+00
8.001970291137695312e+00
7.631644725799560547e+00
7.926642894744873047e+00
7.770499706268310547e+00
7.582509040832519531e+00
7.942999839782714844e+00
7.723781108856201172e+00
7.736790657043457031e+00
7.775237083435058594e+00
7.701823711395263672e+00
7.637635231018066406e+00
7.663240432739257812e+00
7.974276065826416016e+00
7.397178649902343750e+00
7.787350654602050781e+00
7.728234291076660156e+00
7.791006565093994141e+00
7.875126838684082031e+00
7.768717765808105469e+00
7.785668849945068359e+00
7.997883319854736328e+00
7.980278491973876953e+00
7.665984630584716797e+00
7.992264270782470703e+00
7.864032745361328125e+00
7.904649734497070312e+00
8.102434158325195312e+00
7.744248390197753906e+00
7.863621711730957031e+00
7.570075988769531250e+00
7.893291473388671875e+00
7.696830272674560547e+00
7.827160835266113281e+00
7.714410305023193359e+00
7.870269298553466797e+00
7.744276046752929688e+00
7.634829044342041016e+00
7.785429954528808594e+00
7.853045463562011719e+00
7.867112159729003906e+00
7.802780151367187500e+00
7.809021949768066406e+00
7.882178306579589844e+00
7.677715778350830078e+00
7.967075347900390625e+00
7.834220886230468750e+00
7.935309886932373047e+00
7.711613178253173828e+00
7.607900142669677734e+00
7.864092350006103516e+00
7.941415309906005859e+00
7.756700992584228516e+00
7.924419879913330078e+00
7.815380573272705078e+00
7.818622589111328125e+00
7.924165725708007812e+00
7.973332405090332031e+00
7.859801292419433594e+00
7.689566135406494141e+00
7.705089569091796875e+00
7.789064884185791016e+00
7.740543842315673828e+00
7.679571628570556641e+00
7.768728733062744141e+00
7.577710628509521484e+00
7.714775085449218750e+00
7.871996879577636719e+00
7.875038623809814453e+00
7.921457290649414062e+00
7.880458831787109375e+00
7.547470569610595703e+00
7.619326114654541016e+00
7.932905197143554688e+00
7.848242759704589844e+00
7.961727619171142578e+00
7.867679595947265625e+00
7.911875247955322266e+00
7.789581298828125000e+00
7.803423881530761719e+00
7.841591835021972656e+00
7.749865055084228516e+00
7.835818290710449219e+00
7.820274829864501953e+00
7.955575942993164062e+00
7.736874103546142578e+00
7.738440513610839844e+00
7.842161178588867188e+00
8.069175720214843750e+00
8.065536499023437500e+00
7.807439804077148438e+00
7.964983463287353516e+00
8.109423637390136719e+00
7.594313621520996094e+00
7.787698268890380859e+00
7.815639495849609375e+00
7.809484481811523438e+00
7.661541938781738281e+00
7.849382400512695312e+00
7.864632129669189453e+00
7.706853389739990234e+00
7.687042713165283203e+00
7.965465545654296875e+00
7.911649703979492188e+00
7.786100864410400391e+00
7.815241336822509766e+00
7.864315986633300781e+00
7.729862213134765625e+00
7.742926120758056641e+00
7.720062732696533203e+00
8.061396598815917969e+00
7.703187942504882812e+00
7.716680526733398438e+00
7.876349449157714844e+00
7.894526958465576172e+00
7.717366695404052734e+00
7.624370574951171875e+00
7.556769371032714844e+00
7.909996509552001953e+00
7.668116092681884766e+00
7.549604415893554688e+00
7.863961219787597656e+00
7.712156295776367188e+00
7.840723991394042969e+00
7.775511264801025391e+00
7.810297966003417969e+00
7.992511272430419922e+00
7.707287788391113281e+00
7.788560867309570312e+00
7.621346473693847656e+00
7.797632217407226562e+00
7.835118770599365234e+00
7.691135883331298828e+00
8.066324234008789062e+00
7.535186290740966797e+00
7.834444999694824219e+00
7.892351150512695312e+00
7.567554950714111328e+00
7.950300693511962891e+00
7.806512355804443359e+00
7.773394584655761719e+00
7.739480495452880859e+00
7.567282199859619141e+00
7.894564628601074219e+00
7.724715232849121094e+00
7.667361736297607422e+00
7.957530498504638672e+00
7.727463722229003906e+00
7.761873245239257812e+00
7.850280761718750000e+00
7.814047336578369141e+00
7.929315090179443359e+00
7.869325637817382812e+00
7.835661888122558594e+00
7.876502037048339844e+00
7.745192050933837891e+00
7.603296279907226562e+00
7.586484909057617188e+00
7.694880962371826172e+00
7.741091251373291016e+00
7.661249637603759766e+00
7.692723751068115234e+00
7.803529739379882812e+00
7.699351310729980469e+00
7.685080528259277344e+00
7.747986793518066406e+00
7.866654872894287109e+00
7.783691883087158203e+00
7.946094989776611328e+00
7.608053207397460938e+00
7.601127624511718750e+00
7.621983528137207031e+00
7.801170349121093750e+00
7.772933959960937500e+00
7.789951801300048828e+00
7.790143013000488281e+00
7.818376064300537109e+00
7.871578693389892578e+00
7.922829151153564453e+00
7.866438388824462891e+00
7.910247325897216797e+00
7.792544841766357422e+00
7.934524536132812500e+00
7.758437633514404297e+00
7.770141601562500000e+00
7.905273437500000000e+00
7.858604431152343750e+00
8.014785766601562500e+00
7.896780967712402344e+00
7.924929141998291016e+00
7.827558994293212891e+00
7.755256175994873047e+00
7.717084884643554688e+00
7.632515430450439453e+00
7.865027904510498047e+00
7.746173858642578125e+00
7.844135761260986328e+00
7.607647895812988281e+00
7.855444431304931641e+00
7.729507446289062500e+00
7.815637111663818359e+00
7.718974113464355469e+00
7.850656032562255859e+00
7.848846912384033203e+00
7.799520969390869141e+00
7.908647537231445312e+00
7.906560897827148438e+00
7.752004146575927734e+00
7.807220935821533203e+00
7.827378273010253906e+00
7.878513336181640625e+00
7.520382881164550781e+00
7.811451911926269531e+00
7.576346397399902344e+00
7.738076210021972656e+00
7.938964366912841797e+00
7.759000778198242188e+00
7.892656326293945312e+00
7.672853946685791016e+00
7.803107738494873047e+00
7.931981563568115234e+00
7.792449474334716797e+00
7.796589851379394531e+00
7.958069324493408203e+00
7.846730232238769531e+00
7.998213291168212891e+00
7.921220302581787109e+00
7.927317619323730469e+00
7.726770877838134766e+00
7.802277565002441406e+00
7.874584674835205078e+00
7.620208263397216797e+00
7.903641223907470703e+00
7.833563804626464844e+00
7.653953075408935547e+00
7.658813476562500000e+00
7.776031017303466797e+00
7.766161441802978516e+00
7.838986873626708984e+00
7.957540035247802734e+00
7.786931037902832031e+00
7.995156288146972656e+00
7.699676036834716797e+00
7.860975265502929688e+00
7.848127365112304688e+00
7.801910400390625000e+00
7.846035003662109375e+00
7.964822292327880859e+00
7.958795070648193359e+00
7.969986915588378906e+00
7.854498386383056641e+00
7.984352111816406250e+00
7.793944835662841797e+00
8.000132560729980469e+00
7.857594966888427734e+00
7.689394950866699219e+00
7.864904403686523438e+00
7.899737834930419922e+00
7.678053855895996094e+00
7.925054550170898438e+00
7.781579971313476562e+00
7.700660228729248047e+00
8.139580726623535156e+00
7.936315536499023438e+00
7.557616233825683594e+00
7.947873592376708984e+00
7.810993194580078125e+00
7.803119182586669922e+00
7.771616935729980469e+00
7.804810523986816406e+00
7.971845149993896484e+00
7.909388542175292969e+00
7.829763889312744141e+00
7.762526512145996094e+00
7.646363258361816406e+00
7.955873489379882812e+00
7.686907768249511719e+00
8.003722190856933594e+00
7.805756568908691406e+00
8.053153038024902344e+00
7.682033538818359375e+00
7.709055423736572266e+00
7.904392719268798828e+00
7.896651744842529297e+00
7.638684749603271484e+00
7.899957180023193359e+00
7.667155265808105469e+00
7.975283145904541016e+00
7.916866302490234375e+00
7.659217834472656250e+00
7.833754062652587891e+00
7.889040470123291016e+00
7.853419303894042969e+00
7.848946094512939453e+00
7.829263687133789062e+00
7.904737472534179688e+00
7.699570655822753906e+00
7.761542797088623047e+00
7.732867240905761719e+00
7.757649421691894531e+00
7.844173908233642578e+00
7.796179294586181641e+00
7.859723091125488281e+00
7.726683139801025391e+00
7.838662624359130859e+00
7.912202358245849609e+00
7.726160526275634766e+00
7.819400787353515625e+00
7.545749664306640625e+00
7.906457424163818359e+00
7.659019947052001953e+00
7.757936954498291016e+00
7.924283981323242188e+00
7.897418022155761719e+00
7.884353160858154297e+00
7.944529533386230469e+00
7.982837677001953125e+00
7.591277599334716797e+00
8.028075218200683594e+00
7.883644104003906250e+00
7.778125762939453125e+00
7.857240676879882812e+00
7.696566581726074219e+00
7.821437835693359375e+00
7.800829410552978516e+00
7.750555992126464844e+00
7.882259845733642578e+00
7.799007415771484375e+00
7.583891391754150391e+00
7.721871852874755859e+00
7.998915195465087891e+00
7.907691478729248047e+00
7.774887561798095703e+00
7.783240795135498047e+00
7.837674617767333984e+00
7.685633659362792969e+00
7.945201873779296875e+00
7.843094825744628906e+00
7.934082984924316406e+00
7.794868469238281250e+00
7.880399227142333984e+00
7.872772693634033203e+00
7.678032398223876953e+00
7.828584671020507812e+00
7.865412235260009766e+00
7.827907085418701172e+00
7.954010009765625000e+00
7.878071784973144531e+00
8.095102310180664062e+00
7.790143966674804688e+00
7.825318336486816406e+00
7.643398761749267578e+00
7.853092193603515625e+00
7.736592292785644531e+00
7.733121395111083984e+00
7.713014602661132812e+00
7.680502891540527344e+00
7.844615936279296875e+00
7.859188556671142578e+00
7.796435356140136719e+00
7.688233375549316406e+00
7.826961040496826172e+00
7.595314979553222656e+00
7.892809391021728516e+00
7.808464527130126953e+00
7.725000858306884766e+00
7.875730514526367188e+00
7.906553745269775391e+00
7.892479419708251953e+00
7.753745555877685547e+00
7.724575996398925781e+00
8.007482528686523438e+00
7.754006862640380859e+00
7.796844482421875000e+00
8.017786979675292969e+00
7.807314395904541016e+00
7.744304180145263672e+00
7.721020698547363281e+00
7.908005237579345703e+00
7.715899944305419922e+00
7.788122653961181641e+00
7.866357326507568359e+00
7.859769344329833984e+00
7.883218765258789062e+00
8.032972335815429688e+00
7.835087776184082031e+00
7.821555137634277344e+00
7.828993320465087891e+00
7.963768959045410156e+00
7.826432704925537109e+00
7.921516895294189453e+00
7.752686977386474609e+00
7.839292049407958984e+00
7.910487651824951172e+00
7.579156398773193359e+00
7.760922431945800781e+00
7.768302917480468750e+00
7.944316864013671875e+00
7.962493896484375000e+00
7.712760925292968750e+00
7.758096694946289062e+00
7.720067501068115234e+00
7.873455524444580078e+00
7.745567798614501953e+00
7.760534286499023438e+00
7.827114582061767578e+00
7.884951591491699219e+00
7.882897377014160156e+00
7.755721569061279297e+00
7.888733386993408203e+00
7.832852363586425781e+00
7.746762275695800781e+00
7.656435489654541016e+00
7.605284690856933594e+00
7.581392765045166016e+00
7.675934791564941406e+00
8.026065826416015625e+00
7.811548709869384766e+00
7.785442352294921875e+00
7.777388095855712891e+00
7.734492778778076172e+00
7.995576858520507812e+00
7.712114810943603516e+00
7.944055557250976562e+00
7.802483081817626953e+00
7.892328739166259766e+00
7.857689380645751953e+00
7.846438407897949219e+00
7.755896091461181641e+00
7.740009784698486328e+00
7.840791225433349609e+00
7.676345825195312500e+00
7.765058994293212891e+00
7.838873386383056641e+00
7.878387451171875000e+00
7.931519508361816406e+00
7.946378231048583984e+00
7.765373229980468750e+00
7.819993972778320312e+00
7.818384170532226562e+00
7.968100547790527344e+00
7.812222957611083984e+00
7.763795852661132812e+00
7.796231746673583984e+00
7.745694160461425781e+00
7.824566841125488281e+00
7.741108894348144531e+00
7.853616237640380859e+00
7.763742923736572266e+00
7.796092033386230469e+00
8.098895072937011719e+00
7.641693592071533203e+00
7.781893253326416016e+00
7.941357612609863281e+00
7.636513710021972656e+00
7.964269161224365234e+00
7.851328372955322266e+00
7.644513607025146484e+00
7.944282531738281250e+00
7.807800769805908203e+00
7.797174930572509766e+00
7.672347545623779297e+00
7.915102005004882812e+00
7.836715698242187500e+00
7.757820606231689453e+00
7.871560096740722656e+00
7.731661796569824219e+00
7.805390834808349609e+00
7.601359844207763672e+00
7.744156360626220703e+00
7.807167053222656250e+00
7.890750408172607422e+00
7.872802257537841797e+00
7.537712574005126953e+00
7.771301746368408203e+00
7.627539157867431641e+00
7.832177162170410156e+00
7.816256999969482422e+00
7.760762691497802734e+00
7.699689388275146484e+00
7.876883029937744141e+00
7.630329132080078125e+00
7.772504806518554688e+00
7.860687255859375000e+00
7.764460086822509766e+00
7.775891304016113281e+00
7.847723007202148438e+00
7.695504665374755859e+00
7.804581165313720703e+00
7.809616088867187500e+00
7.839969635009765625e+00
7.824028015136718750e+00
7.666608333587646484e+00
7.708677291870117188e+00
7.667703628540039062e+00
7.818823814392089844e+00
7.745136260986328125e+00
7.951297760009765625e+00
7.701076507568359375e+00
7.812625885009765625e+00
7.708175182342529297e+00
7.823233127593994141e+00
8.149633407592773438e+00
7.855652332305908203e+00
7.758571624755859375e+00
7.953338623046875000e+00
7.987941741943359375e+00
7.992871284484863281e+00
7.851128101348876953e+00
7.713329315185546875e+00
7.795758724212646484e+00
7.932801723480224609e+00
7.753700256347656250e+00
7.626861095428466797e+00
7.606099128723144531e+00
7.933694362640380859e+00
7.784328460693359375e+00
7.849033355712890625e+00
7.712146759033203125e+00
7.723066806793212891e+00
7.737542152404785156e+00
7.881119728088378906e+00
7.900566101074218750e+00
7.754884243011474609e+00
7.905805587768554688e+00
7.927525997161865234e+00
7.894631862640380859e+00
7.804856777191162109e+00
7.870262622833251953e+00
7.853955745697021484e+00
7.894277572631835938e+00
7.904399871826171875e+00
7.629322052001953125e+00
7.847132205963134766e+00
7.853219985961914062e+00
7.730475902557373047e+00
7.786955356597900391e+00
7.784054756164550781e+00
7.859400749206542969e+00
7.950924873352050781e+00
7.927055835723876953e+00
7.771560668945312500e+00
7.611177444458007812e+00
7.601237773895263672e+00
7.958120346069335938e+00
7.872841835021972656e+00
7.709903717041015625e+00
7.853958129882812500e+00
7.884829998016357422e+00
7.997373580932617188e+00
7.839861392974853516e+00
7.926472187042236328e+00
7.799318313598632812e+00
7.847358226776123047e+00
7.822754859924316406e+00
7.839916706085205078e+00
7.865962028503417969e+00
7.647644996643066406e+00
7.748575210571289062e+00
7.768187522888183594e+00
7.824213981628417969e+00
7.977946758270263672e+00
7.721970081329345703e+00
7.816596984863281250e+00
7.828194618225097656e+00
7.966618537902832031e+00
7.730175971984863281e+00
7.814310550689697266e+00
7.786333560943603516e+00
7.868149280548095703e+00
7.809932231903076172e+00
7.807452201843261719e+00
7.813256740570068359e+00
7.865002632141113281e+00
7.971575736999511719e+00
7.499722957611083984e+00
7.764814853668212891e+00
7.732491493225097656e+00
7.795499324798583984e+00
7.673701286315917969e+00
7.736373424530029297e+00
7.824767589569091797e+00
7.771335601806640625e+00
7.763498783111572266e+00
7.725184440612792969e+00
7.885058403015136719e+00
7.802838325500488281e+00
7.914286136627197266e+00
7.811100006103515625e+00
7.842605590820312500e+00
7.706817626953125000e+00
7.946619033813476562e+00
7.889003276824951172e+00
7.858251094818115234e+00
7.941490650177001953e+00
7.631702899932861328e+00
7.664250373840332031e+00
7.562119960784912109e+00
7.745414257049560547e+00
7.785154819488525391e+00
7.901155948638916016e+00
7.963078975677490234e+00
7.785256862640380859e+00
7.846680641174316406e+00
7.805209636688232422e+00
7.556228160858154297e+00
7.860658645629882812e+00
7.876746654510498047e+00
7.721659183502197266e+00
7.641687870025634766e+00
7.841573238372802734e+00
7.860025882720947266e+00
7.776602268218994141e+00
7.560604095458984375e+00
7.772877216339111328e+00
7.598651885986328125e+00
7.930191993713378906e+00
7.786927700042724609e+00
7.962729454040527344e+00
7.677055358886718750e+00
7.891147613525390625e+00
7.836790561676025391e+00
7.767498493194580078e+00
7.696277618408203125e+00
7.771544933319091797e+00
7.722889900207519531e+00
7.960025787353515625e+00
7.607143402099609375e+00
7.911022186279296875e+00
7.729620933532714844e+00
7.642293453216552734e+00
7.647869586944580078e+00
7.949344635009765625e+00
8.007255554199218750e+00
7.822291374206542969e+00
7.566871643066406250e+00
7.866131305694580078e+00
7.899219512939453125e+00
8.015600204467773438e+00
7.936708450317382812e+00
7.788041591644287109e+00
7.926317214965820312e+00
7.898846626281738281e+00
7.643658638000488281e+00
7.963695526123046875e+00
7.706450939178466797e+00
7.757238864898681641e+00
7.747204780578613281e+00
7.677710056304931641e+00
7.872158050537109375e+00
7.985604286193847656e+00
7.741107463836669922e+00
7.803848266601562500e+00
7.714892864227294922e+00
7.828737735748291016e+00
7.940670967102050781e+00
7.604979515075683594e+00
7.838219642639160156e+00
7.774193763732910156e+00
7.871542930603027344e+00
7.856378078460693359e+00
7.825521945953369141e+00
7.746099472045898438e+00
7.852616786956787109e+00
7.936260223388671875e+00
7.802834987640380859e+00
7.808343410491943359e+00
7.910346984863281250e+00
7.731446743011474609e+00
7.948484897613525391e+00
7.742312431335449219e+00
7.824804782867431641e+00
7.818021297454833984e+00
7.863771915435791016e+00
7.935849666595458984e+00
7.861186981201171875e+00
7.893815994262695312e+00
7.827679634094238281e+00
7.769353389739990234e+00
7.734974861145019531e+00
7.666198730468750000e+00
7.987338066101074219e+00
7.756135940551757812e+00
7.689851760864257812e+00
7.707343578338623047e+00
7.757375240325927734e+00
7.810834884643554688e+00
7.864496231079101562e+00
7.895751476287841797e+00
7.682076930999755859e+00
7.755802631378173828e+00
7.804761886596679688e+00
7.487715244293212891e+00
7.867331027984619141e+00
7.684861660003662109e+00
7.859097003936767578e+00
7.824603080749511719e+00
7.927431106567382812e+00
7.861896038055419922e+00
7.920630455017089844e+00
8.061039924621582031e+00
7.706002712249755859e+00
7.894975662231445312e+00
8.073105812072753906e+00
7.727581501007080078e+00
7.771794319152832031e+00
7.453413486480712891e+00
7.710146903991699219e+00
7.762234210968017578e+00
7.830286502838134766e+00
7.892227172851562500e+00
7.940829277038574219e+00
7.851447105407714844e+00
7.925096035003662109e+00
7.843197822570800781e+00
7.817157268524169922e+00
7.944273471832275391e+00
7.860512733459472656e+00
7.759777545928955078e+00
7.825232982635498047e+00
8.003195762634277344e+00
7.881213665008544922e+00
7.929463863372802734e+00
7.756484985351562500e+00
7.920480728149414062e+00
7.989408493041992188e+00
7.831998348236083984e+00
7.464654445648193359e+00
8.090415954589843750e+00
7.474566459655761719e+00
7.915909290313720703e+00
7.984529018402099609e+00
7.736775398254394531e+00
7.834545135498046875e+00
7.705437660217285156e+00
7.711112499237060547e+00
7.640120983123779297e+00
7.815068244934082031e+00
7.763606548309326172e+00
8.038727760314941406e+00
7.617153167724609375e+00
7.912027359008789062e+00
7.717474937438964844e+00
7.951426506042480469e+00
7.840306282043457031e+00
7.698911190032958984e+00
8.020420074462890625e+00
7.787354469299316406e+00
7.822385787963867188e+00
7.773584365844726562e+00
8.013530731201171875e+00
7.725985050201416016e+00
7.775935649871826172e+00
7.716188430786132812e+00
7.747811794281005859e+00
7.804543495178222656e+00
7.891123771667480469e+00
7.646343708038330078e+00
7.811059474945068359e+00
7.895879268646240234e+00
7.799115657806396484e+00
7.656408309936523438e+00
7.907885551452636719e+00
8.091690063476562500e+00
7.793020725250244141e+00
7.839097023010253906e+00
7.571342468261718750e+00
7.889941215515136719e+00
7.595825672149658203e+00
7.839554309844970703e+00
7.766244888305664062e+00
7.761579036712646484e+00
7.767421245574951172e+00
7.828041076660156250e+00
8.087762832641601562e+00
7.823653697967529297e+00
7.775575637817382812e+00
7.678887844085693359e+00
7.902539730072021484e+00
7.809719085693359375e+00
7.832905769348144531e+00
7.860786437988281250e+00
7.782188415527343750e+00
7.712295532226562500e+00
7.888172149658203125e+00
7.668289661407470703e+00
7.957865715026855469e+00
7.931156635284423828e+00
7.937878131866455078e+00
7.629100322723388672e+00
7.667265415191650391e+00
7.612675189971923828e+00
7.931678295135498047e+00
7.813238620758056641e+00
7.838320732116699219e+00
7.664224624633789062e+00
7.819280147552490234e+00
7.692812919616699219e+00
7.695583343505859375e+00
7.948295593261718750e+00
7.920880794525146484e+00
7.584268093109130859e+00
8.030225753784179688e+00
7.640161991119384766e+00
7.733825683593750000e+00
7.801279067993164062e+00
7.738319396972656250e+00
7.732658863067626953e+00
7.630351066589355469e+00
7.676779270172119141e+00
7.777246952056884766e+00
7.871545314788818359e+00
7.772285461425781250e+00
7.848432064056396484e+00
7.588021755218505859e+00
7.929128170013427734e+00
7.871652126312255859e+00
7.898550033569335938e+00
7.798990726470947266e+00
7.960428714752197266e+00
7.862498760223388672e+00
7.681736469268798828e+00
7.886315345764160156e+00
7.883801460266113281e+00
7.740370750427246094e+00
7.905820369720458984e+00
7.507831573486328125e+00
7.709453105926513672e+00
7.844175815582275391e+00
8.052069664001464844e+00
8.181540489196777344e+00
7.686543941497802734e+00
7.671175479888916016e+00
7.818645954132080078e+00
7.686366081237792969e+00
7.882349967956542969e+00
7.751269817352294922e+00
7.898017883300781250e+00
7.829882621765136719e+00
7.765479564666748047e+00
7.723464012145996094e+00
8.117087364196777344e+00
7.820045471191406250e+00
7.832088947296142578e+00
7.829569816589355469e+00
7.784218311309814453e+00
7.425825119018554688e+00
7.689795494079589844e+00
7.963661193847656250e+00
7.647097110748291016e+00
7.839970588684082031e+00
7.803433418273925781e+00
7.664558410644531250e+00
7.918626785278320312e+00
7.803633213043212891e+00
7.864364147186279297e+00
7.794550895690917969e+00
7.846632003784179688e+00
7.679108142852783203e+00
7.734224796295166016e+00
7.809451103210449219e+00
7.981269836425781250e+00
7.856245517730712891e+00
7.756400585174560547e+00
7.794769287109375000e+00
7.706881046295166016e+00
7.712675094604492188e+00
7.874772548675537109e+00
7.867802619934082031e+00
7.831156253814697266e+00
7.990323543548583984e+00
7.695554256439208984e+00
7.953737258911132812e+00
7.720734596252441406e+00
7.796780586242675781e+00
7.599911689758300781e+00
7.969466209411621094e+00
7.859881401062011719e+00
7.807307720184326172e+00
7.861166954040527344e+00
7.914159774780273438e+00
7.858914375305175781e+00
7.842637062072753906e+00
8.009683609008789062e+00
7.983350276947021484e+00
7.670877456665039062e+00
7.776432514190673828e+00
7.748163700103759766e+00
7.949876308441162109e+00
7.737488746643066406e+00
7.862274169921875000e+00
7.787126064300537109e+00
7.812613010406494141e+00
7.481426239013671875e+00
7.766178131103515625e+00
7.951648235321044922e+00
7.773085594177246094e+00
7.712228298187255859e+00
7.910286426544189453e+00
7.765052318572998047e+00
7.753344535827636719e+00
7.788434028625488281e+00
7.787682533264160156e+00
7.960176944732666016e+00
7.604022026062011719e+00
7.949861049652099609e+00
7.804058551788330078e+00
7.668048381805419922e+00
7.740919589996337891e+00
7.825096607208251953e+00
7.644522190093994141e+00
7.792265892028808594e+00
7.611049175262451172e+00
7.778742790222167969e+00
7.978350162506103516e+00
7.672760486602783203e+00
8.070994377136230469e+00
7.809747219085693359e+00
7.758344173431396484e+00
7.494790554046630859e+00
7.984969615936279297e+00
7.843283653259277344e+00
7.890609741210937500e+00
7.753522872924804688e+00
7.607987403869628906e+00
7.661329746246337891e+00
7.518869400024414062e+00
7.931481361389160156e+00
7.568408012390136719e+00
7.871391773223876953e+00
7.780138015747070312e+00
7.553874969482421875e+00
7.817028999328613281e+00
7.760280609130859375e+00
7.716040611267089844e+00
7.831685543060302734e+00
7.846659660339355469e+00
7.947772026062011719e+00
7.735702514648437500e+00
7.856966495513916016e+00
7.786536693572998047e+00
7.808032989501953125e+00
7.907808303833007812e+00
7.979450225830078125e+00
7.807880401611328125e+00
7.923232555389404297e+00
7.733561515808105469e+00
7.972826957702636719e+00
7.866218090057373047e+00
7.976871967315673828e+00
7.685496330261230469e+00
7.743558406829833984e+00
7.995708465576171875e+00
7.796566486358642578e+00
7.709396839141845703e+00
7.649972438812255859e+00
7.777397632598876953e+00
7.734426498413085938e+00
7.918465614318847656e+00
7.885514259338378906e+00
8.161245346069335938e+00
7.820815086364746094e+00
7.876136779785156250e+00
7.906275272369384766e+00
7.843840599060058594e+00
7.496531009674072266e+00
7.590551376342773438e+00
7.825955390930175781e+00
7.721069812774658203e+00
7.755667209625244141e+00
7.576250076293945312e+00
7.609832763671875000e+00
7.350334167480468750e+00
7.823359966278076172e+00
7.788300037384033203e+00
7.433211803436279297e+00
7.606555938720703125e+00
7.718245029449462891e+00
7.918819427490234375e+00
7.682658195495605469e+00
7.801342487335205078e+00
7.743235588073730469e+00
8.007035255432128906e+00
7.790620326995849609e+00
7.659225940704345703e+00
7.590339660644531250e+00
7.837959766387939453e+00
7.829760551452636719e+00
7.710008621215820312e+00
7.854152202606201172e+00
7.884619712829589844e+00
7.860793590545654297e+00
7.757356643676757812e+00
7.924797534942626953e+00
7.882921695709228516e+00
7.921469211578369141e+00
7.935513496398925781e+00
7.829387664794921875e+00
7.503514289855957031e+00
7.640931606292724609e+00
7.885563373565673828e+00
7.821221828460693359e+00
7.976961135864257812e+00
7.859579086303710938e+00
7.878235340118408203e+00
7.796149253845214844e+00
7.739875316619873047e+00
7.584965705871582031e+00
8.037544250488281250e+00
7.624381065368652344e+00
7.762946128845214844e+00
8.031250953674316406e+00
7.888072013854980469e+00
7.827088832855224609e+00
7.863560199737548828e+00
7.711320400238037109e+00
7.776680946350097656e+00
8.050309181213378906e+00
7.900743484497070312e+00
7.662584304809570312e+00
7.829998970031738281e+00
7.972074985504150391e+00
7.894849300384521484e+00
7.901509284973144531e+00
7.794503688812255859e+00
7.756297588348388672e+00
7.903388023376464844e+00
7.721416473388671875e+00
7.866004943847656250e+00
7.732691287994384766e+00
7.735080718994140625e+00
8.028464317321777344e+00
7.318494796752929688e+00
7.861079216003417969e+00
7.772427558898925781e+00
7.652834415435791016e+00
7.884694099426269531e+00
7.711525440216064453e+00
7.709710121154785156e+00
7.836637973785400391e+00
7.803404808044433594e+00
7.702004432678222656e+00
7.749823093414306641e+00
7.757741928100585938e+00
7.926266670227050781e+00
7.823426723480224609e+00
7.624137401580810547e+00
7.790316104888916016e+00
7.813672542572021484e+00
7.872981071472167969e+00
7.677368640899658203e+00
7.741759300231933594e+00
7.821611881256103516e+00
7.806818485260009766e+00
7.800714492797851562e+00
7.714903354644775391e+00
8.054457664489746094e+00
7.804759025573730469e+00
7.852460384368896484e+00
7.677653789520263672e+00
7.839025974273681641e+00
7.807051658630371094e+00
7.730414390563964844e+00
8.120392799377441406e+00
7.805949211120605469e+00
7.755757331848144531e+00
8.087527275085449219e+00
7.651607990264892578e+00
7.949308395385742188e+00
7.877235412597656250e+00
7.742786884307861328e+00
7.673272609710693359e+00
7.905527591705322266e+00
7.772430419921875000e+00
7.610911369323730469e+00
7.713011741638183594e+00
7.946093559265136719e+00
7.722559928894042969e+00
7.893285751342773438e+00
7.874742984771728516e+00
7.763249874114990234e+00
7.763551235198974609e+00
7.668803691864013672e+00
7.879878520965576172e+00
7.777224540710449219e+00
7.980186462402343750e+00
7.698946952819824219e+00
7.796831130981445312e+00
7.878132343292236328e+00
8.172107696533203125e+00
7.636338710784912109e+00
7.801349163055419922e+00
7.783167362213134766e+00
7.797868728637695312e+00
7.751288890838623047e+00
7.859413623809814453e+00
8.016371726989746094e+00
7.998761177062988281e+00
7.825421810150146484e+00
7.688674449920654297e+00
7.801655769348144531e+00
7.736992359161376953e+00
7.788903236389160156e+00
7.787100315093994141e+00
7.875604152679443359e+00
7.796430110931396484e+00
7.757993221282958984e+00
7.965259075164794922e+00
7.770816326141357422e+00
7.861653804779052734e+00
7.924909591674804688e+00
7.613569736480712891e+00
7.669649600982666016e+00
7.853112220764160156e+00
7.696093559265136719e+00
7.583981513977050781e+00
7.831834793090820312e+00
7.694600582122802734e+00
7.861491203308105469e+00
7.886161327362060547e+00
7.954457283020019531e+00
7.830222606658935547e+00
7.742588043212890625e+00
7.760825634002685547e+00
7.750128269195556641e+00
7.987386703491210938e+00
8.012355804443359375e+00
7.763808727264404297e+00
7.689855098724365234e+00
7.736019134521484375e+00
7.849732875823974609e+00
7.853519439697265625e+00
7.905376911163330078e+00
7.768621444702148438e+00
7.807278156280517578e+00
7.796494960784912109e+00
7.952147960662841797e+00
8.003102302551269531e+00
7.900683879852294922e+00
7.965252399444580078e+00
7.964899539947509766e+00
7.857950210571289062e+00
7.828020572662353516e+00
7.797551631927490234e+00
7.826378345489501953e+00
7.888582229614257812e+00
7.720676422119140625e+00
7.668697834014892578e+00
7.951117515563964844e+00
7.523225307464599609e+00
7.884571552276611328e+00
7.924196720123291016e+00
7.623785972595214844e+00
7.544701576232910156e+00
7.678709983825683594e+00
7.689845561981201172e+00
7.869178295135498047e+00
7.759009361267089844e+00
7.827480792999267578e+00
7.742537975311279297e+00
7.742523193359375000e+00
7.711707592010498047e+00
7.851592540740966797e+00
7.826291084289550781e+00
7.840504646301269531e+00
7.828191757202148438e+00
7.843143939971923828e+00
7.929342269897460938e+00
7.926792621612548828e+00
7.845631122589111328e+00
7.767571449279785156e+00
7.745271205902099609e+00
7.674460411071777344e+00
7.825875759124755859e+00
7.838559627532958984e+00
7.844669342041015625e+00
7.611548423767089844e+00
7.718811035156250000e+00
7.890722274780273438e+00
7.768263339996337891e+00
7.857233524322509766e+00
7.765933990478515625e+00
7.737250328063964844e+00
7.817681789398193359e+00
7.854243755340576172e+00
7.885220050811767578e+00
7.773172378540039062e+00
7.933308124542236328e+00
7.753587722778320312e+00
7.867773056030273438e+00
7.918953418731689453e+00
8.076996803283691406e+00
7.711498260498046875e+00
7.781617164611816406e+00
7.667543411254882812e+00
7.675628185272216797e+00
7.733134746551513672e+00
7.884161472320556641e+00
7.701865196228027344e+00
7.625204563140869141e+00
7.981321334838867188e+00
7.664820671081542969e+00
7.968400478363037109e+00
7.696577548980712891e+00
7.856756687164306641e+00
7.713987350463867188e+00
7.852943420410156250e+00
7.831024169921875000e+00
7.787683963775634766e+00
7.801316738128662109e+00
7.978719234466552734e+00
7.674695491790771484e+00
7.874834537506103516e+00
7.781872272491455078e+00
7.834884643554687500e+00
7.779578208923339844e+00
7.818934440612792969e+00
7.952676296234130859e+00
7.736500263214111328e+00
7.587779998779296875e+00
7.720523834228515625e+00
7.769706726074218750e+00
7.795073032379150391e+00
7.872006893157958984e+00
7.879581928253173828e+00
7.774860382080078125e+00
7.765465259552001953e+00
7.931321144104003906e+00
7.753331184387207031e+00
7.670237064361572266e+00
7.765470504760742188e+00
7.769841194152832031e+00
7.965263366699218750e+00
7.682234764099121094e+00
7.757699966430664062e+00
7.719140052795410156e+00
7.817898750305175781e+00
7.803054332733154297e+00
7.932730197906494141e+00
7.928448677062988281e+00
7.760183334350585938e+00
7.808381080627441406e+00
7.633501529693603516e+00
7.871599197387695312e+00
7.796992301940917969e+00
7.590471267700195312e+00
7.738905906677246094e+00
7.893485069274902344e+00
7.652498722076416016e+00
7.886710166931152344e+00
7.708459854125976562e+00
7.828156471252441406e+00
7.794156074523925781e+00
7.746638298034667969e+00
7.959489822387695312e+00
7.638948917388916016e+00
7.791166782379150391e+00
7.938894271850585938e+00
7.938500404357910156e+00
7.827225208282470703e+00
7.807860374450683594e+00
7.860862255096435547e+00
7.810025691986083984e+00
7.845884323120117188e+00
7.828244686126708984e+00
7.776792049407958984e+00
7.945864677429199219e+00
7.646462917327880859e+00
7.751484394073486328e+00
8.065883636474609375e+00
7.891464233398437500e+00
7.820182323455810547e+00
7.791978359222412109e+00
7.599063873291015625e+00
7.790982246398925781e+00
7.711866378784179688e+00
7.686604976654052734e+00
7.627305984497070312e+00
7.903815746307373047e+00
7.733677864074707031e+00
7.811152458190917969e+00
7.999311447143554688e+00
7.844215869903564453e+00
7.871900558471679688e+00
7.679480075836181641e+00
7.840693950653076172e+00
7.866158962249755859e+00
7.873447895050048828e+00
7.750083446502685547e+00
7.700516223907470703e+00
7.862244606018066406e+00
7.769366741180419922e+00
7.788424015045166016e+00
7.846686840057373047e+00
7.972697734832763672e+00
7.729655265808105469e+00
7.839521884918212891e+00
7.727472305297851562e+00
7.637610435485839844e+00
7.914710521697998047e+00
7.774064064025878906e+00
7.702004432678222656e+00
7.442124366760253906e+00
7.769698619842529297e+00
8.030088424682617188e+00
7.792757511138916016e+00
7.884117126464843750e+00
7.971699714660644531e+00
7.821156501770019531e+00
7.908078193664550781e+00
7.699064254760742188e+00
7.892201423645019531e+00
7.935858726501464844e+00
7.934830188751220703e+00
7.816475391387939453e+00
7.888022422790527344e+00
7.864981174468994141e+00
7.742321968078613281e+00
7.793363094329833984e+00
7.915616035461425781e+00
7.873347282409667969e+00
7.699937343597412109e+00
7.595949649810791016e+00
7.996849536895751953e+00
7.907937526702880859e+00
7.921267032623291016e+00
7.687695980072021484e+00
7.897927761077880859e+00
7.621770381927490234e+00
7.486752510070800781e+00
7.697336673736572266e+00
7.845182895660400391e+00
7.872062206268310547e+00
7.872879981994628906e+00
7.842982292175292969e+00
7.935303211212158203e+00
7.698765754699707031e+00
7.829155445098876953e+00
7.901555061340332031e+00
7.838671207427978516e+00
8.034576416015625000e+00
7.607636928558349609e+00
7.818363666534423828e+00
7.908611774444580078e+00
7.629606723785400391e+00
7.620347499847412109e+00
7.617954730987548828e+00
7.871076107025146484e+00
7.903318881988525391e+00
7.699635982513427734e+00
7.719825267791748047e+00
7.945931434631347656e+00
7.892291069030761719e+00
7.781577110290527344e+00
7.869768142700195312e+00
7.859730720520019531e+00
7.800087928771972656e+00
7.888437271118164062e+00
7.669714927673339844e+00
7.781001091003417969e+00
7.612611770629882812e+00
7.762094974517822266e+00
7.840737342834472656e+00
7.821566581726074219e+00
7.831516265869140625e+00
7.736863613128662109e+00
7.699127197265625000e+00
7.916971206665039062e+00
7.861780643463134766e+00
7.843719005584716797e+00
7.998471260070800781e+00
7.654695510864257812e+00
7.727834701538085938e+00
7.764439582824707031e+00
7.977187156677246094e+00
7.477789402008056641e+00
7.943475246429443359e+00
7.679767131805419922e+00
7.851673126220703125e+00
7.800228118896484375e+00
7.926565170288085938e+00
7.638429164886474609e+00
7.858659744262695312e+00
8.050537109375000000e+00
7.866688251495361328e+00
7.754797458648681641e+00
7.672563552856445312e+00
7.802791118621826172e+00
7.836346149444580078e+00
7.788918018341064453e+00
7.915038108825683594e+00
7.834392547607421875e+00
7.842223644256591797e+00
7.569974422454833984e+00
7.726296424865722656e+00
7.857962608337402344e+00
7.877740859985351562e+00
7.701863288879394531e+00
7.854602336883544922e+00
7.749328136444091797e+00
7.548511028289794922e+00
7.723020553588867188e+00
7.697719573974609375e+00
8.236681938171386719e+00
7.868074417114257812e+00
7.854472637176513672e+00
7.848183631896972656e+00
7.837357997894287109e+00
7.700157642364501953e+00
7.919717311859130859e+00
7.684778213500976562e+00
7.883806228637695312e+00
7.860376834869384766e+00
7.779838562011718750e+00
7.813742637634277344e+00
7.884636402130126953e+00
7.770514965057373047e+00
8.070403099060058594e+00
7.591502189636230469e+00
7.813660144805908203e+00
7.771407127380371094e+00
7.857826709747314453e+00
7.609114170074462891e+00
7.790868282318115234e+00
7.758762359619140625e+00
7.904610633850097656e+00
7.853285789489746094e+00
7.776842594146728516e+00
7.650442600250244141e+00
7.632531642913818359e+00
7.711327075958251953e+00
7.837564945220947266e+00
7.943502902984619141e+00
8.029273033142089844e+00
7.654700279235839844e+00
7.762547016143798828e+00
7.781818389892578125e+00
7.735364913940429688e+00
7.836462497711181641e+00
7.792395591735839844e+00
7.562587261199951172e+00
7.845246791839599609e+00
7.814565658569335938e+00
7.806370258331298828e+00
7.957719326019287109e+00
7.737960338592529297e+00
7.765709400177001953e+00
7.641494750976562500e+00
7.818167209625244141e+00
7.741314411163330078e+00
7.725305080413818359e+00
7.692614078521728516e+00
7.983709812164306641e+00
7.596850872039794922e+00
8.002377510070800781e+00
7.832350730895996094e+00
7.984992504119873047e+00
7.638068675994873047e+00
7.774589538574218750e+00
7.964151859283447266e+00
7.921411514282226562e+00
7.872684001922607422e+00
7.968827247619628906e+00
7.733994960784912109e+00
7.852928638458251953e+00
7.888803958892822266e+00
7.786566734313964844e+00
7.937436103820800781e+00
7.748819351196289062e+00
7.758631229400634766e+00
7.654193401336669922e+00
7.902386665344238281e+00
8.052341461181640625e+00
7.760164737701416016e+00
7.673815250396728516e+00
7.716123580932617188e+00
7.601188182830810547e+00
7.910278320312500000e+00
7.580435752868652344e+00
7.693591594696044922e+00
7.880529880523681641e+00
7.484114170074462891e+00
7.733480930328369141e+00
7.858118057250976562e+00
7.721247673034667969e+00
7.814207077026367188e+00
7.843550682067871094e+00
7.837470054626464844e+00
7.726525306701660156e+00
7.732475757598876953e+00
7.770237922668457031e+00
7.778363227844238281e+00
7.957560539245605469e+00
7.986515522003173828e+00
7.813835620880126953e+00
7.638802051544189453e+00
7.649642944335937500e+00
8.012559890747070312e+00
7.847753047943115234e+00
7.966703414916992188e+00
7.554117679595947266e+00
7.914179325103759766e+00
7.779599189758300781e+00
7.585501670837402344e+00
7.785860538482666016e+00
7.991560935974121094e+00
7.810385227203369141e+00
7.870671272277832031e+00
7.689843177795410156e+00
7.897197246551513672e+00
7.887962341308593750e+00
7.840445041656494141e+00
7.919374465942382812e+00
7.907688140869140625e+00
7.753268241882324219e+00
7.780210494995117188e+00
7.979272365570068359e+00
7.636259078979492188e+00
7.981131076812744141e+00
7.838790416717529297e+00
7.706199645996093750e+00
7.905254364013671875e+00
7.876867771148681641e+00
7.709160804748535156e+00
7.466522216796875000e+00
7.861538887023925781e+00
7.739035606384277344e+00
7.664733409881591797e+00
7.716941356658935547e+00
7.669290065765380859e+00
7.890780448913574219e+00
7.916702747344970703e+00
7.915829181671142578e+00
7.822468280792236328e+00
7.736199855804443359e+00
7.762349605560302734e+00
7.733264446258544922e+00
7.866765022277832031e+00
7.724345207214355469e+00
7.814711570739746094e+00
7.905411720275878906e+00
7.869240760803222656e+00
7.780272960662841797e+00
7.605598449707031250e+00
7.866665840148925781e+00
7.963220596313476562e+00
7.674574375152587891e+00
7.897202968597412109e+00
7.787437915802001953e+00
7.987836837768554688e+00
7.760034084320068359e+00
7.791917324066162109e+00
7.707811355590820312e+00
7.872499942779541016e+00
7.800655841827392578e+00
7.825844287872314453e+00
7.883683681488037109e+00
7.750563621520996094e+00
7.757607936859130859e+00
8.011821746826171875e+00
7.929260253906250000e+00
7.670476436614990234e+00
7.930455684661865234e+00
7.875320434570312500e+00
7.529731750488281250e+00
7.632315635681152344e+00
7.795740604400634766e+00
7.914432048797607422e+00
7.764979839324951172e+00
7.689735889434814453e+00
7.983309745788574219e+00
7.850666046142578125e+00
7.871346473693847656e+00
7.996094226837158203e+00
7.702835083007812500e+00
7.835760593414306641e+00
7.624952793121337891e+00
7.788300514221191406e+00
7.828423500061035156e+00
7.786720275878906250e+00
7.883214950561523438e+00
7.762812137603759766e+00
7.834730625152587891e+00
7.820428848266601562e+00
7.837013721466064453e+00
7.920205593109130859e+00
7.603704929351806641e+00
7.801047325134277344e+00
7.650313854217529297e+00
7.804045677185058594e+00
7.595547676086425781e+00
7.923907756805419922e+00
7.720667362213134766e+00
7.719848632812500000e+00
7.829469680786132812e+00
7.865183830261230469e+00
7.707839965820312500e+00
7.753196239471435547e+00
7.861469268798828125e+00
7.910182952880859375e+00
7.905146121978759766e+00
7.760654926300048828e+00
7.975826263427734375e+00
7.975081920623779297e+00
7.760712623596191406e+00
8.031755447387695312e+00
7.704712390899658203e+00
7.752910614013671875e+00
7.815299987792968750e+00
7.833499908447265625e+00
7.687101364135742188e+00
7.815834045410156250e+00
7.773332118988037109e+00
7.704862117767333984e+00
7.779686450958251953e+00
7.680305480957031250e+00
7.853668689727783203e+00
7.827149868011474609e+00
7.549560070037841797e+00
7.762557983398437500e+00
7.825788497924804688e+00
7.742013931274414062e+00
8.000226974487304688e+00
7.710234642028808594e+00
7.801496028900146484e+00
7.725814819335937500e+00
7.904857635498046875e+00
7.652632236480712891e+00
7.801412105560302734e+00
7.879937171936035156e+00
7.910811424255371094e+00
7.874605655670166016e+00
7.733957290649414062e+00
7.577711105346679688e+00
7.590060234069824219e+00
7.550813198089599609e+00
7.642441272735595703e+00
7.917686462402343750e+00
7.865671634674072266e+00
8.027858734130859375e+00
7.859730720520019531e+00
7.685589790344238281e+00
7.890101432800292969e+00
7.762165069580078125e+00
7.814703464508056641e+00
7.778484344482421875e+00
7.876374721527099609e+00
7.895906448364257812e+00
7.746856689453125000e+00
7.660762786865234375e+00
7.855067729949951172e+00
7.701581001281738281e+00
7.987481594085693359e+00
7.885283470153808594e+00
7.733028888702392578e+00
7.907588005065917969e+00
7.948433399200439453e+00
7.827533245086669922e+00
7.614506721496582031e+00
7.838390827178955078e+00
7.806994915008544922e+00
7.790900707244873047e+00
7.633592128753662109e+00
7.857069492340087891e+00
7.662936210632324219e+00
7.588656902313232422e+00
7.850008487701416016e+00
7.858556270599365234e+00
7.735638141632080078e+00
7.807898044586181641e+00
7.798038482666015625e+00
7.755759716033935547e+00
8.018603324890136719e+00
7.598121166229248047e+00
7.998918056488037109e+00
7.620487689971923828e+00
7.979030609130859375e+00
7.733204364776611328e+00
7.606056690216064453e+00
7.884520530700683594e+00
7.946693420410156250e+00
7.796813488006591797e+00
7.834119796752929688e+00
7.972962856292724609e+00
7.939092636108398438e+00
7.835966110229492188e+00
7.751631736755371094e+00
7.696148395538330078e+00
7.736847877502441406e+00
7.539047718048095703e+00
7.862657546997070312e+00
7.640669345855712891e+00
7.639740467071533203e+00
7.682522773742675781e+00
7.971867084503173828e+00
7.866553783416748047e+00
7.904210567474365234e+00
7.812595367431640625e+00
7.821640491485595703e+00
7.875049591064453125e+00
7.721719741821289062e+00
7.911461830139160156e+00
7.705190181732177734e+00
7.883104801177978516e+00
7.917080402374267578e+00
7.785344600677490234e+00
7.764086723327636719e+00
7.915468215942382812e+00
8.003930091857910156e+00
7.746789932250976562e+00
7.738867759704589844e+00
7.804468631744384766e+00
7.713286399841308594e+00
7.668221473693847656e+00
7.605051994323730469e+00
7.763277053833007812e+00
7.749482631683349609e+00
7.726063728332519531e+00
7.900797367095947266e+00
7.955900669097900391e+00
7.655483245849609375e+00
7.841925621032714844e+00
7.741534233093261719e+00
7.924059391021728516e+00
7.812910556793212891e+00
7.824819564819335938e+00
7.814421176910400391e+00
7.926211357116699219e+00
7.716127872467041016e+00
7.801564216613769531e+00
7.977579593658447266e+00
7.840762615203857422e+00
7.648943424224853516e+00
7.743825435638427734e+00
7.721018314361572266e+00
7.835109233856201172e+00
7.649061679840087891e+00
7.617241859436035156e+00
7.849287509918212891e+00
7.661862850189208984e+00
7.830045223236083984e+00
7.915840148925781250e+00
7.503549098968505859e+00
7.815046787261962891e+00
7.610056877136230469e+00
7.880686759948730469e+00
7.868205547332763672e+00
7.828875541687011719e+00
7.717796802520751953e+00
7.957561016082763672e+00
7.673532962799072266e+00
7.870378494262695312e+00
7.894315719604492188e+00
7.743035793304443359e+00
7.684141635894775391e+00
7.885495662689208984e+00
7.754896640777587891e+00
7.819062232971191406e+00
7.473640918731689453e+00
7.841638565063476562e+00
7.824207305908203125e+00
7.848144531250000000e+00
7.765572071075439453e+00
7.773390769958496094e+00
7.892631530761718750e+00
7.779876708984375000e+00
7.938155174255371094e+00
7.679906845092773438e+00
7.688402652740478516e+00
7.744101047515869141e+00
7.568369388580322266e+00
7.852271556854248047e+00
7.755777359008789062e+00
7.846122741699218750e+00
7.725551128387451172e+00
7.860691070556640625e+00
7.818995952606201172e+00
7.742231369018554688e+00
7.729800224304199219e+00
7.664755344390869141e+00
7.803466320037841797e+00
7.669878959655761719e+00
8.036599159240722656e+00
7.677258968353271484e+00
8.042687416076660156e+00
7.879302024841308594e+00
7.793840885162353516e+00
7.821291446685791016e+00
7.849865436553955078e+00
7.628556728363037109e+00
7.960104942321777344e+00
7.902801036834716797e+00
7.769499778747558594e+00
7.814632892608642578e+00
7.842305660247802734e+00
7.731823444366455078e+00
7.696015834808349609e+00
8.047038078308105469e+00
7.697123050689697266e+00
7.808260917663574219e+00
7.772202014923095703e+00
7.828328609466552734e+00
7.952465057373046875e+00
7.788593769073486328e+00
7.859419822692871094e+00
7.780238628387451172e+00
7.908695220947265625e+00
7.706268787384033203e+00
7.730970859527587891e+00
7.781361103057861328e+00
7.925054550170898438e+00
7.924350261688232422e+00
7.817462921142578125e+00
7.727582931518554688e+00
7.383553028106689453e+00
7.974174499511718750e+00
7.884183406829833984e+00
7.482917308807373047e+00
7.721672534942626953e+00
7.698746204376220703e+00
7.788878917694091797e+00
7.753211498260498047e+00
7.814131736755371094e+00
7.864386558532714844e+00
7.873119831085205078e+00
7.892067432403564453e+00
7.938684940338134766e+00
7.873810768127441406e+00
7.756150245666503906e+00
7.896908760070800781e+00
7.790564060211181641e+00
7.824779510498046875e+00
7.800987720489501953e+00
7.834383487701416016e+00
7.902095317840576172e+00
7.863588333129882812e+00
7.823101043701171875e+00
7.763877391815185547e+00
7.739517688751220703e+00
7.808694839477539062e+00
7.735000610351562500e+00
7.799614906311035156e+00
7.784465312957763672e+00
7.808191299438476562e+00
7.404535293579101562e+00
7.809785842895507812e+00
7.850598335266113281e+00
7.945510387420654297e+00
7.770178318023681641e+00
7.731502056121826172e+00
7.704726696014404297e+00
7.925635814666748047e+00
7.753185272216796875e+00
7.785478115081787109e+00
7.905609130859375000e+00
7.713881969451904297e+00
7.830657005310058594e+00
7.610370635986328125e+00
7.763658523559570312e+00
7.821698188781738281e+00
8.072881698608398438e+00
7.844919681549072266e+00
7.687227249145507812e+00
7.692413806915283203e+00
7.576188564300537109e+00
7.654300689697265625e+00
7.849750518798828125e+00
7.783728122711181641e+00
7.813013553619384766e+00
7.742313861846923828e+00
7.814901828765869141e+00
7.844084262847900391e+00
7.940577030181884766e+00
7.651611804962158203e+00
7.837766170501708984e+00
7.812175750732421875e+00
7.892594337463378906e+00
7.650130271911621094e+00
7.955265522003173828e+00
7.873421192169189453e+00
7.686753273010253906e+00
7.889082908630371094e+00
7.772140979766845703e+00
7.991710186004638672e+00
7.959307193756103516e+00
7.838235855102539062e+00
7.833780288696289062e+00
7.780401229858398438e+00
7.971214294433593750e+00
7.854656696319580078e+00
7.738883972167968750e+00
7.755030155181884766e+00
7.878946304321289062e+00
7.765169143676757812e+00
8.001159667968750000e+00
7.897224426269531250e+00
7.728256225585937500e+00
7.744524002075195312e+00
7.787593841552734375e+00
7.630816459655761719e+00
7.879796504974365234e+00
8.010686874389648438e+00
7.783611297607421875e+00
7.709437370300292969e+00
7.630793571472167969e+00
7.578211784362792969e+00
7.896775245666503906e+00
7.844386100769042969e+00
7.656515598297119141e+00
7.692420005798339844e+00
7.722165584564208984e+00
7.700388908386230469e+00
7.792637348175048828e+00
7.903873920440673828e+00
7.781144618988037109e+00
7.673540592193603516e+00
7.731965065002441406e+00
7.601317882537841797e+00
7.759804248809814453e+00
7.780604362487792969e+00
7.918125152587890625e+00
7.892039299011230469e+00
7.777290821075439453e+00
7.826488018035888672e+00
7.774715900421142578e+00
8.036182403564453125e+00
7.816414356231689453e+00
7.873819351196289062e+00
7.636174678802490234e+00
7.689321517944335938e+00
7.943235874176025391e+00
7.774295806884765625e+00
8.055776596069335938e+00
7.637544631958007812e+00
7.442521095275878906e+00
7.721165180206298828e+00
7.748684883117675781e+00
7.779473781585693359e+00
7.757183551788330078e+00
7.882147312164306641e+00
7.876934051513671875e+00
7.803904533386230469e+00
7.856997966766357422e+00
7.970124244689941406e+00
7.812748432159423828e+00
7.959019184112548828e+00
7.800030708312988281e+00
7.665743350982666016e+00
7.706511020660400391e+00
7.925452232360839844e+00
7.725371360778808594e+00
7.883719921112060547e+00
7.855441093444824219e+00
7.838198184967041016e+00
7.776678085327148438e+00
7.877332210540771484e+00
7.867347717285156250e+00
7.893394947052001953e+00
7.918935298919677734e+00
7.587181091308593750e+00
7.916017055511474609e+00
7.802114009857177734e+00
7.810023307800292969e+00
7.567022800445556641e+00
7.920098304748535156e+00
7.653753280639648438e+00
7.673988819122314453e+00
7.919633388519287109e+00
7.673538208007812500e+00
7.649019241333007812e+00
7.634703159332275391e+00
7.794975280761718750e+00
7.910934925079345703e+00
7.845077037811279297e+00
7.715532779693603516e+00
7.827788829803466797e+00
7.708675861358642578e+00
7.970023155212402344e+00
7.807933807373046875e+00
7.833519935607910156e+00
7.634780406951904297e+00
7.683972358703613281e+00
7.768834590911865234e+00
7.820717811584472656e+00
7.755002498626708984e+00
7.823962688446044922e+00
7.607255458831787109e+00
7.743031978607177734e+00
7.907649993896484375e+00
7.920192241668701172e+00
7.876022338867187500e+00
7.775916099548339844e+00
8.029434204101562500e+00
7.727792739868164062e+00
7.814600944519042969e+00
7.715493679046630859e+00
7.710774898529052734e+00
7.668462276458740234e+00
7.881289005279541016e+00
7.642452716827392578e+00
7.708212852478027344e+00
7.741968154907226562e+00
7.896119594573974609e+00
7.812876701354980469e+00
7.791626453399658203e+00
7.795950412750244141e+00
7.569474220275878906e+00
7.911547660827636719e+00
8.056672096252441406e+00
7.856112003326416016e+00
7.961050033569335938e+00
7.954359531402587891e+00
7.502707958221435547e+00
7.936979293823242188e+00
7.714812278747558594e+00
7.760282039642333984e+00
7.835966587066650391e+00
7.940509796142578125e+00
7.758488655090332031e+00
7.995073795318603516e+00
7.789776802062988281e+00
7.887878417968750000e+00
7.875380039215087891e+00
7.881196498870849609e+00
7.571167469024658203e+00
7.678687095642089844e+00
7.795060157775878906e+00
7.739816665649414062e+00
7.827777385711669922e+00
7.615595817565917969e+00
7.792515277862548828e+00
7.751448154449462891e+00
8.014097213745117188e+00
7.562257289886474609e+00
7.807930946350097656e+00
7.770004272460937500e+00
7.845569610595703125e+00
7.839422225952148438e+00
7.808264255523681641e+00
7.978000164031982422e+00
7.846979141235351562e+00
7.756500244140625000e+00
7.834733963012695312e+00
7.930943965911865234e+00
7.736946582794189453e+00
7.807013511657714844e+00
7.768122196197509766e+00
7.798742771148681641e+00
7.820606708526611328e+00
7.176024913787841797e+00
7.893424987792968750e+00
7.747045040130615234e+00
7.803788661956787109e+00
8.037091255187988281e+00
7.864267349243164062e+00
7.790153980255126953e+00
7.741273403167724609e+00
7.665370941162109375e+00
7.882867813110351562e+00
7.651092052459716797e+00
7.769347667694091797e+00
7.881419181823730469e+00
7.728293895721435547e+00
7.790131568908691406e+00
7.872252464294433594e+00
7.515149593353271484e+00
7.760950088500976562e+00
7.899241447448730469e+00
7.826439857482910156e+00
7.573372840881347656e+00
7.802834510803222656e+00
7.763463497161865234e+00
7.639361381530761719e+00
7.772334098815917969e+00
7.790457248687744141e+00
7.896289348602294922e+00
7.925436973571777344e+00
7.739003181457519531e+00
7.737293243408203125e+00
7.874092102050781250e+00
7.856569766998291016e+00
7.600435733795166016e+00
7.799214363098144531e+00
7.822846889495849609e+00
7.874520301818847656e+00
7.722291946411132812e+00
7.725933074951171875e+00
7.749206542968750000e+00
7.809548377990722656e+00
7.734460353851318359e+00
7.974220752716064453e+00
7.702266693115234375e+00
7.710379600524902344e+00
7.993471622467041016e+00
7.608407974243164062e+00
7.833730220794677734e+00
7.600454330444335938e+00
7.877826690673828125e+00
7.775465488433837891e+00
7.529059886932373047e+00
7.937102317810058594e+00
7.912020206451416016e+00
7.793816566467285156e+00
7.894358158111572266e+00
7.793969154357910156e+00
7.890339851379394531e+00
7.928155899047851562e+00
7.866396427154541016e+00
7.859666824340820312e+00
7.829958438873291016e+00
7.754699230194091797e+00
7.684378623962402344e+00
7.945123195648193359e+00
7.810281753540039062e+00
7.574895858764648438e+00
7.910098552703857422e+00
7.728685379028320312e+00
7.725210666656494141e+00
7.694771766662597656e+00
7.864229202270507812e+00
7.777302742004394531e+00
7.779877185821533203e+00
7.815465927124023438e+00
7.842334270477294922e+00
7.720974922180175781e+00
7.760971546173095703e+00
8.054610252380371094e+00
7.732538700103759766e+00
7.784709930419921875e+00
7.802373886108398438e+00
7.672404766082763672e+00
7.699780941009521484e+00
7.830315589904785156e+00
7.920505523681640625e+00
7.732050418853759766e+00
7.908494472503662109e+00
7.576000690460205078e+00
7.860794067382812500e+00
7.813358306884765625e+00
7.851885318756103516e+00
7.652370452880859375e+00
7.837882995605468750e+00
8.106871604919433594e+00
7.706222057342529297e+00
7.929323673248291016e+00
7.813580989837646484e+00
7.867089271545410156e+00
7.842927455902099609e+00
7.714305400848388672e+00
7.779633045196533203e+00
7.661666870117187500e+00
7.672542572021484375e+00
7.690985202789306641e+00
7.984449386596679688e+00
7.895893096923828125e+00
7.596614837646484375e+00
7.542610645294189453e+00
7.480375289916992188e+00
7.777033329010009766e+00
7.870652198791503906e+00
7.788935184478759766e+00
7.995649814605712891e+00
7.872602462768554688e+00
7.876077175140380859e+00
7.927560806274414062e+00
7.946546554565429688e+00
7.926249027252197266e+00
7.666080474853515625e+00
7.788963794708251953e+00
7.953842639923095703e+00
7.797388553619384766e+00
7.918553352355957031e+00
7.739163875579833984e+00
7.843822479248046875e+00
7.916864871978759766e+00
7.810453891754150391e+00
7.836225509643554688e+00
7.501451492309570312e+00
7.885019302368164062e+00
7.927410125732421875e+00
7.827266216278076172e+00
7.784934520721435547e+00
7.835031509399414062e+00
7.766997337341308594e+00
7.699721813201904297e+00
7.827790737152099609e+00
7.794473171234130859e+00
7.942089557647705078e+00
8.119058609008789062e+00
7.786920547485351562e+00
7.839454174041748047e+00
7.862720489501953125e+00
7.663280487060546875e+00
7.733953952789306641e+00
7.784602642059326172e+00
7.886952400207519531e+00
7.691729068756103516e+00
7.863314151763916016e+00
8.002234458923339844e+00
7.665318965911865234e+00
7.713682174682617188e+00
7.531063556671142578e+00
7.965922355651855469e+00
7.991602420806884766e+00
7.670748233795166016e+00
7.802819728851318359e+00
7.677368164062500000e+00
7.857579708099365234e+00
7.817336082458496094e+00
7.653870105743408203e+00
7.910101413726806641e+00
7.702029228210449219e+00
7.596107006072998047e+00
7.841152667999267578e+00
7.578415393829345703e+00
7.545995712280273438e+00
7.637211799621582031e+00
7.664154052734375000e+00
7.899773120880126953e+00
7.785492420196533203e+00
7.708625316619873047e+00
7.817917346954345703e+00
7.816758632659912109e+00
7.637232780456542969e+00
8.047944068908691406e+00
7.688134670257568359e+00
7.773444175720214844e+00
7.826401710510253906e+00
7.676832675933837891e+00
7.523463726043701172e+00
7.854627132415771484e+00
7.819063663482666016e+00
7.592098712921142578e+00
7.658084392547607422e+00
7.775602817535400391e+00
7.660785675048828125e+00
7.873140335083007812e+00
7.779768466949462891e+00
7.909473896026611328e+00
7.790472984313964844e+00
7.779302120208740234e+00
7.854502677917480469e+00
7.766031265258789062e+00
7.881143093109130859e+00
7.774284362792968750e+00
8.114192008972167969e+00
7.770565509796142578e+00
7.676702976226806641e+00
7.836322307586669922e+00
7.925951480865478516e+00
7.741113185882568359e+00
7.868681430816650391e+00
7.853143215179443359e+00
7.860551834106445312e+00
7.726959705352783203e+00
7.774144172668457031e+00
7.963154792785644531e+00
7.589987754821777344e+00
8.006794929504394531e+00
7.758136272430419922e+00
7.597988128662109375e+00
7.860782623291015625e+00
7.678571224212646484e+00
7.912189960479736328e+00
7.652996063232421875e+00
7.945924282073974609e+00
7.800770759582519531e+00
7.838409900665283203e+00
7.896440029144287109e+00
7.745769023895263672e+00
7.585694789886474609e+00
7.865438461303710938e+00
7.844912052154541016e+00
8.154541015625000000e+00
7.880293846130371094e+00
7.709405422210693359e+00
7.780988216400146484e+00
7.736498832702636719e+00
7.721334457397460938e+00
7.845656871795654297e+00
7.864619255065917969e+00
7.761307239532470703e+00
7.821033000946044922e+00
7.579750061035156250e+00
7.801234245300292969e+00
7.868301868438720703e+00
7.631619930267333984e+00
7.774501800537109375e+00
7.833088874816894531e+00
7.849047183990478516e+00
7.703052043914794922e+00
7.648311138153076172e+00
7.918730735778808594e+00
7.924506187438964844e+00
8.018570899963378906e+00
7.781109333038330078e+00
7.812480926513671875e+00
7.799939632415771484e+00
7.798105716705322266e+00
7.859945774078369141e+00
7.791784763336181641e+00
7.888973712921142578e+00
7.682258129119873047e+00
7.821271896362304688e+00
7.829416751861572266e+00
7.751433849334716797e+00
7.887290477752685547e+00
7.628438949584960938e+00
7.836018562316894531e+00
7.729674339294433594e+00
7.830752372741699219e+00
7.712604999542236328e+00
7.805472373962402344e+00
7.891646862030029297e+00
7.692102909088134766e+00
7.921523571014404297e+00
7.696048736572265625e+00
7.865425586700439453e+00
7.929248809814453125e+00
7.869576454162597656e+00
7.777815341949462891e+00
7.916345119476318359e+00
7.659911632537841797e+00
7.751456737518310547e+00
7.964853286743164062e+00
7.807620048522949219e+00
7.648403167724609375e+00
7.982903957366943359e+00
7.826575756072998047e+00
7.718738555908203125e+00
7.615415096282958984e+00
7.842513561248779297e+00
7.865193367004394531e+00
7.761923789978027344e+00
7.788185596466064453e+00
7.922833919525146484e+00
7.918527603149414062e+00
7.871603012084960938e+00
7.749440193176269531e+00
7.902962207794189453e+00
8.041794776916503906e+00
7.709217548370361328e+00
7.713562488555908203e+00
7.869235038757324219e+00
7.823220729827880859e+00
7.845702171325683594e+00
7.848554134368896484e+00
7.568525791168212891e+00
7.865940570831298828e+00
7.967564105987548828e+00
7.722547054290771484e+00
7.798698902130126953e+00
7.854519367218017578e+00
7.775667190551757812e+00
7.796335220336914062e+00
7.626201152801513672e+00
7.683869361877441406e+00
7.933988571166992188e+00
7.585117816925048828e+00
7.640186786651611328e+00
7.768534660339355469e+00
7.750734806060791016e+00
7.950209617614746094e+00
7.932923316955566406e+00
7.638682842254638672e+00
7.724216461181640625e+00
7.958643913269042969e+00
7.850070476531982422e+00
7.861525535583496094e+00
7.822554111480712891e+00
7.787734508514404297e+00
7.808803558349609375e+00
7.821747779846191406e+00
7.904748916625976562e+00
7.811863899230957031e+00
7.892279148101806641e+00
7.950199127197265625e+00
7.810435295104980469e+00
7.857214450836181641e+00
7.752530097961425781e+00
7.737034320831298828e+00
7.634439468383789062e+00
7.888125896453857422e+00
7.916723251342773438e+00
7.995160579681396484e+00
7.704206466674804688e+00
7.694866657257080078e+00
7.733680248260498047e+00
7.794248104095458984e+00
7.667531013488769531e+00
7.338238716125488281e+00
7.832734107971191406e+00
7.733941078186035156e+00
7.704521656036376953e+00
7.806691646575927734e+00
7.695948600769042969e+00
7.826590538024902344e+00
7.945259094238281250e+00
7.725959300994873047e+00
7.613986015319824219e+00
7.818171024322509766e+00
7.759354114532470703e+00
7.849659919738769531e+00
7.948385238647460938e+00
7.747476577758789062e+00
8.026141166687011719e+00
7.822763919830322266e+00
7.820129871368408203e+00
7.700323581695556641e+00
7.692211151123046875e+00
7.721260070800781250e+00
7.733330726623535156e+00
7.687326908111572266e+00
7.749964714050292969e+00
7.654862403869628906e+00
7.729877471923828125e+00
7.758349895477294922e+00
7.909790992736816406e+00
7.697973251342773438e+00
7.769409179687500000e+00
7.917370796203613281e+00
7.858229160308837891e+00
7.771576404571533203e+00
7.612904071807861328e+00
7.728288173675537109e+00
7.780135631561279297e+00
7.682333946228027344e+00
7.899282455444335938e+00
7.696119785308837891e+00
7.886981964111328125e+00
7.762713432312011719e+00
7.843702793121337891e+00
7.833932399749755859e+00
7.815152645111083984e+00
7.828113079071044922e+00
7.781759738922119141e+00
7.844924926757812500e+00
7.854769706726074219e+00
7.944629192352294922e+00
7.943858146667480469e+00
7.790215969085693359e+00
7.776677608489990234e+00
7.694271564483642578e+00
7.910513877868652344e+00
7.978612899780273438e+00
7.593111991882324219e+00
7.858904838562011719e+00
7.838091850280761719e+00
7.800417900085449219e+00
7.833089828491210938e+00
7.626092910766601562e+00
7.548898696899414062e+00
7.549891948699951172e+00
7.713472843170166016e+00
7.966885566711425781e+00
7.655518531799316406e+00
7.507490158081054688e+00
7.914680004119873047e+00
7.848314285278320312e+00
7.968437671661376953e+00
7.825711727142333984e+00
7.844007968902587891e+00
7.976091861724853516e+00
7.865876197814941406e+00
7.813556194305419922e+00
7.695348262786865234e+00
7.657612323760986328e+00
7.806934833526611328e+00
7.805098056793212891e+00
7.823324203491210938e+00
7.865971565246582031e+00
8.105160713195800781e+00
8.053870201110839844e+00
7.797805309295654297e+00
7.878178596496582031e+00
7.865988731384277344e+00
7.907356262207031250e+00
7.703496932983398438e+00
7.699029922485351562e+00
7.746592521667480469e+00
7.839879035949707031e+00
7.837390899658203125e+00
7.931654453277587891e+00
7.974610328674316406e+00
7.645625114440917969e+00
7.892895221710205078e+00
7.969531059265136719e+00
7.816184997558593750e+00
7.925299167633056641e+00
7.893177986145019531e+00
7.942751407623291016e+00
7.779766559600830078e+00
7.532148361206054688e+00
7.448193073272705078e+00
7.903018951416015625e+00
7.981801509857177734e+00
7.651417255401611328e+00
7.699111938476562500e+00
7.834660530090332031e+00
7.824662208557128906e+00
7.720887184143066406e+00
7.850900650024414062e+00
7.570297718048095703e+00
7.746540546417236328e+00
7.815932750701904297e+00
7.689012050628662109e+00
7.955626487731933594e+00
7.910890102386474609e+00
7.824889659881591797e+00
7.728356838226318359e+00
7.685971736907958984e+00
7.951787471771240234e+00
7.769504070281982422e+00
7.760660648345947266e+00
7.646651744842529297e+00
7.686651229858398438e+00
7.778879165649414062e+00
7.680463790893554688e+00
7.729120254516601562e+00
7.801432609558105469e+00
7.852753162384033203e+00
7.641175270080566406e+00
7.763011932373046875e+00
7.667409420013427734e+00
7.845968246459960938e+00
7.926851272583007812e+00
7.486946105957031250e+00
7.898018360137939453e+00
7.861464977264404297e+00
7.707953929901123047e+00
7.859536647796630859e+00
7.633643150329589844e+00
7.826704025268554688e+00
7.601090431213378906e+00
7.590905189514160156e+00
7.720588684082031250e+00
7.879167079925537109e+00
7.855683803558349609e+00
7.909430980682373047e+00
7.772252559661865234e+00
7.780927658081054688e+00
7.953548908233642578e+00
7.894661426544189453e+00
7.768749713897705078e+00
7.856291294097900391e+00
7.857160568237304688e+00
7.767320156097412109e+00
7.923277378082275391e+00
7.915500164031982422e+00
7.866352558135986328e+00
7.889379501342773438e+00
7.917755603790283203e+00
7.676517486572265625e+00
7.774319171905517578e+00
7.840101718902587891e+00
7.799700260162353516e+00
7.577106475830078125e+00
7.883880138397216797e+00
7.903844833374023438e+00
7.839915275573730469e+00
7.893531799316406250e+00
7.866660594940185547e+00
7.762110710144042969e+00
7.672096729278564453e+00
7.783285617828369141e+00
7.426800251007080078e+00
7.837425231933593750e+00
7.925185680389404297e+00
7.912214756011962891e+00
7.636661529541015625e+00
7.812428474426269531e+00
7.596722602844238281e+00
7.967379570007324219e+00
7.823560714721679688e+00
7.680528640747070312e+00
7.793663978576660156e+00
7.798063278198242188e+00
7.834548950195312500e+00
7.869032382965087891e+00
7.985418796539306641e+00
8.124326705932617188e+00
7.588712215423583984e+00
7.617477893829345703e+00
7.788333415985107422e+00
7.861724853515625000e+00
7.659588336944580078e+00
7.942352771759033203e+00
7.774472236633300781e+00
7.811883449554443359e+00
7.843054294586181641e+00
7.807573318481445312e+00
7.824484348297119141e+00
7.988107204437255859e+00
7.700451850891113281e+00
7.630534648895263672e+00
7.582666397094726562e+00
7.647480964660644531e+00
7.750278949737548828e+00
7.781684398651123047e+00
7.908199310302734375e+00
7.865406513214111328e+00
7.602725982666015625e+00
7.797996997833251953e+00
7.600589752197265625e+00
7.763528823852539062e+00
7.871367931365966797e+00
7.690788745880126953e+00
7.755950927734375000e+00
7.882165908813476562e+00
7.684984683990478516e+00
7.776691436767578125e+00
7.787830352783203125e+00
7.710422515869140625e+00
7.732370376586914062e+00
7.724730014801025391e+00
7.865355491638183594e+00
7.634609699249267578e+00
7.866960048675537109e+00
7.668741703033447266e+00
7.757598400115966797e+00
7.820323467254638672e+00
7.698564529418945312e+00
7.803095817565917969e+00
7.585134506225585938e+00
7.860336780548095703e+00
7.778669834136962891e+00
7.942371368408203125e+00
7.815536022186279297e+00
7.857699394226074219e+00
7.708036899566650391e+00
7.870444297790527344e+00
7.731300830841064453e+00
7.781222343444824219e+00
7.632992267608642578e+00
7.857077598571777344e+00
7.817184448242187500e+00
7.761154174804687500e+00
7.593050956726074219e+00
7.727019309997558594e+00
7.930341243743896484e+00
7.872211933135986328e+00
7.848841667175292969e+00
8.159678459167480469e+00
8.002090454101562500e+00
7.740482330322265625e+00
7.516282081604003906e+00
7.814599514007568359e+00
7.595699310302734375e+00
7.805127143859863281e+00
7.716899394989013672e+00
7.822983741760253906e+00
7.688483238220214844e+00
7.785051822662353516e+00
7.795176506042480469e+00
7.946911811828613281e+00
7.785115242004394531e+00
7.696898937225341797e+00
7.828266143798828125e+00
7.628084182739257812e+00
7.830218791961669922e+00
7.691759586334228516e+00
7.484164714813232422e+00
7.879920005798339844e+00
7.971367835998535156e+00
7.673635482788085938e+00
7.751255035400390625e+00
7.836216449737548828e+00
7.802936553955078125e+00
7.849330902099609375e+00
7.920087337493896484e+00
7.860198020935058594e+00
7.739581584930419922e+00
7.784549236297607422e+00
7.789692401885986328e+00
7.999179363250732422e+00
7.830251693725585938e+00
7.908847332000732422e+00
7.876111984252929688e+00
7.719121456146240234e+00
7.778179645538330078e+00
7.647950649261474609e+00
7.725051403045654297e+00
7.622354030609130859e+00
7.938530921936035156e+00
7.737158775329589844e+00
8.007860183715820312e+00
7.922836780548095703e+00
7.821116447448730469e+00
7.751515865325927734e+00
7.876802444458007812e+00
7.751939296722412109e+00
7.769948959350585938e+00
7.916295528411865234e+00
7.541014194488525391e+00
7.727947235107421875e+00
7.930965423583984375e+00
7.815835475921630859e+00
7.849033832550048828e+00
7.700097560882568359e+00
7.822958469390869141e+00
7.682535648345947266e+00
7.533931255340576172e+00
7.781563282012939453e+00
8.010268211364746094e+00
7.780516147613525391e+00
7.807871818542480469e+00
7.641693115234375000e+00
7.430621147155761719e+00
7.790324687957763672e+00
7.701138973236083984e+00
7.699517726898193359e+00
7.997879505157470703e+00
7.827354431152343750e+00
7.737107276916503906e+00
7.767586231231689453e+00
7.905889034271240234e+00
7.872550964355468750e+00
7.702083110809326172e+00
7.754075050354003906e+00
7.697442531585693359e+00
7.565145969390869141e+00
7.712363719940185547e+00
7.872609615325927734e+00
7.759997367858886719e+00
7.638469219207763672e+00
7.921161174774169922e+00
7.891773223876953125e+00
7.834202289581298828e+00
7.802964210510253906e+00
7.946496963500976562e+00
7.803112506866455078e+00
7.468127250671386719e+00
7.752049446105957031e+00
8.023661613464355469e+00
7.814351558685302734e+00
7.796300411224365234e+00
7.832297801971435547e+00
7.904314041137695312e+00
7.679138660430908203e+00
7.958000183105468750e+00
7.691045761108398438e+00
7.610022544860839844e+00
7.660131931304931641e+00
7.782540321350097656e+00
7.458602905273437500e+00
7.910887241363525391e+00
7.796013832092285156e+00
7.517988681793212891e+00
7.647064208984375000e+00
7.660429477691650391e+00
7.856646060943603516e+00
8.135167121887207031e+00
7.980567455291748047e+00
7.647984027862548828e+00
7.614735603332519531e+00
7.654411792755126953e+00
7.951287269592285156e+00
7.883834838867187500e+00
7.724407196044921875e+00
7.786769390106201172e+00
7.788575172424316406e+00
7.726877689361572266e+00
7.966869831085205078e+00
7.839045524597167969e+00
7.727279186248779297e+00
7.790313243865966797e+00
7.836996078491210938e+00
7.634168624877929688e+00
7.650032520294189453e+00
7.621785163879394531e+00
7.909311771392822266e+00
7.870019435882568359e+00
7.866959571838378906e+00
7.656426906585693359e+00
7.765992641448974609e+00
7.957113265991210938e+00
7.742986679077148438e+00
7.827164173126220703e+00
7.985237121582031250e+00
7.954008579254150391e+00
7.751124858856201172e+00
7.851911544799804688e+00
7.763283252716064453e+00
7.919080734252929688e+00
7.709915161132812500e+00
7.757536888122558594e+00
7.978392601013183594e+00
8.009407997131347656e+00
7.734876632690429688e+00
7.778033256530761719e+00
7.788969516754150391e+00
7.713567256927490234e+00
7.833540439605712891e+00
7.813707828521728516e+00
7.786481380462646484e+00
7.781588554382324219e+00
7.876584529876708984e+00
7.755121231079101562e+00
7.863856315612792969e+00
7.724670886993408203e+00
7.910335063934326172e+00
7.707370758056640625e+00
7.747322559356689453e+00
8.079886436462402344e+00
7.816744804382324219e+00
7.852949142456054688e+00
7.796142101287841797e+00
7.739231109619140625e+00
7.844851970672607422e+00
7.822231769561767578e+00
7.584212779998779297e+00
7.857392787933349609e+00
7.867915630340576172e+00
7.777204036712646484e+00
7.866039276123046875e+00
7.570984363555908203e+00
7.788605690002441406e+00
7.858266353607177734e+00
7.835999011993408203e+00
7.793327331542968750e+00
7.857776165008544922e+00
7.866315364837646484e+00
7.797609329223632812e+00
7.826485633850097656e+00
7.894421100616455078e+00
7.648786544799804688e+00
7.868056774139404297e+00
7.592196464538574219e+00
7.781714439392089844e+00
7.906280994415283203e+00
7.814014434814453125e+00
7.807898998260498047e+00
7.911458492279052734e+00
7.903460979461669922e+00
7.702414035797119141e+00
7.784200668334960938e+00
7.562146186828613281e+00
7.895973682403564453e+00
7.652165889739990234e+00
7.837810993194580078e+00
7.757566452026367188e+00
7.861303806304931641e+00
7.759633541107177734e+00
7.910778999328613281e+00
7.805768013000488281e+00
7.696206092834472656e+00
7.868697643280029297e+00
7.794929504394531250e+00
7.794330596923828125e+00
7.776729106903076172e+00
7.991166591644287109e+00
7.846329212188720703e+00
7.937346935272216797e+00
7.695910930633544922e+00
7.711030006408691406e+00
7.807777881622314453e+00
7.902058601379394531e+00
7.842155456542968750e+00
7.669531345367431641e+00
7.779801368713378906e+00
7.925203800201416016e+00
7.876591682434082031e+00
7.693221092224121094e+00
7.922820091247558594e+00
7.782497882843017578e+00
7.793348312377929688e+00
7.710461616516113281e+00
7.723907470703125000e+00
7.951811313629150391e+00
7.709212303161621094e+00
7.786511898040771484e+00
7.716332912445068359e+00
7.781191349029541016e+00
7.645354270935058594e+00
7.775494098663330078e+00
7.817308425903320312e+00
8.012232780456542969e+00
7.683711528778076172e+00
7.756969451904296875e+00
7.782630920410156250e+00
7.714678287506103516e+00
7.723874092102050781e+00
7.819617748260498047e+00
7.876210689544677734e+00
7.761422157287597656e+00
7.829455852508544922e+00
7.848418235778808594e+00
7.838512897491455078e+00
7.822388648986816406e+00
7.592860698699951172e+00
7.742537975311279297e+00
7.852663040161132812e+00
7.895176887512207031e+00
7.507362842559814453e+00
7.844854831695556641e+00
7.765033245086669922e+00
7.912225723266601562e+00
7.671638011932373047e+00
7.826519489288330078e+00
7.871080398559570312e+00
7.666558265686035156e+00
7.683044910430908203e+00
7.776672363281250000e+00
7.929914951324462891e+00
7.698535442352294922e+00
7.930300235748291016e+00
7.669761180877685547e+00
7.803361892700195312e+00
7.963459968566894531e+00
7.785938262939453125e+00
7.788269519805908203e+00
7.860879421234130859e+00
7.867767810821533203e+00
7.491488456726074219e+00
7.730208873748779297e+00
7.762089252471923828e+00
7.641094684600830078e+00
7.790143489837646484e+00
7.936323642730712891e+00
7.790619850158691406e+00
7.720096588134765625e+00
7.700464248657226562e+00
7.758253097534179688e+00
7.805293560028076172e+00
7.793041706085205078e+00
7.879970550537109375e+00
7.576279163360595703e+00
7.838354110717773438e+00
7.653399467468261719e+00
7.747821807861328125e+00
7.901200294494628906e+00
7.634811878204345703e+00
7.532224655151367188e+00
7.891193389892578125e+00
7.870887756347656250e+00
7.844493389129638672e+00
7.941656112670898438e+00
7.780784606933593750e+00
7.650650501251220703e+00
7.768147468566894531e+00
7.668638706207275391e+00
7.865953922271728516e+00
7.688949108123779297e+00
7.999299526214599609e+00
7.889938831329345703e+00
7.762506008148193359e+00
7.777257919311523438e+00
7.863693714141845703e+00
7.896276473999023438e+00
7.827173709869384766e+00
7.701210498809814453e+00
7.622330188751220703e+00
7.662032127380371094e+00
7.651076793670654297e+00
7.612674236297607422e+00
7.814354419708251953e+00
7.574407100677490234e+00
7.687363624572753906e+00
7.905517578125000000e+00
7.857881069183349609e+00
7.937196254730224609e+00
7.984376907348632812e+00
7.673844814300537109e+00
7.564331531524658203e+00
7.712821960449218750e+00
7.771992683410644531e+00
7.619403362274169922e+00
7.834968090057373047e+00
7.696411132812500000e+00
7.766238689422607422e+00
7.767267704010009766e+00
7.914651870727539062e+00
7.716912269592285156e+00
7.744752883911132812e+00
7.827471733093261719e+00
7.761437892913818359e+00
7.648638248443603516e+00
7.494184494018554688e+00
7.790459156036376953e+00
7.854403018951416016e+00
7.824070453643798828e+00
7.761442661285400391e+00
7.969803810119628906e+00
7.816738128662109375e+00
7.985335350036621094e+00
7.834867000579833984e+00
7.784354209899902344e+00
7.929786205291748047e+00
7.873707771301269531e+00
7.732202053070068359e+00
7.892918586730957031e+00
7.701717853546142578e+00
7.735516071319580078e+00
7.642257213592529297e+00
7.811808109283447266e+00
7.866897583007812500e+00
7.816489696502685547e+00
7.703565120697021484e+00
7.753545761108398438e+00
7.447618007659912109e+00
7.526149749755859375e+00
7.842584133148193359e+00
7.573866367340087891e+00
7.767770290374755859e+00
7.752439975738525391e+00
7.741334438323974609e+00
7.821706771850585938e+00
7.909588336944580078e+00
7.790473937988281250e+00
7.840607643127441406e+00
7.658809185028076172e+00
7.765436172485351562e+00
7.757112979888916016e+00
7.769954204559326172e+00
7.937675952911376953e+00
7.782348155975341797e+00
7.839034080505371094e+00
7.859669208526611328e+00
7.949486732482910156e+00
7.706068992614746094e+00
7.942406654357910156e+00
7.876849174499511719e+00
7.890811443328857422e+00
7.558937549591064453e+00
7.702469348907470703e+00
7.792642116546630859e+00
7.881238937377929688e+00
8.041375160217285156e+00
7.789108753204345703e+00
7.704928874969482422e+00
7.536923408508300781e+00
7.816161155700683594e+00
7.858521461486816406e+00
7.756846427917480469e+00
7.555284976959228516e+00
7.808605670928955078e+00
7.851585388183593750e+00
7.819301128387451172e+00
7.829330921173095703e+00
7.618786334991455078e+00
7.593309879302978516e+00
7.702473163604736328e+00
7.687110900878906250e+00
7.913113594055175781e+00
7.541877269744873047e+00
7.891814231872558594e+00
7.803386688232421875e+00
7.874105453491210938e+00
7.693050384521484375e+00
7.887603282928466797e+00
7.990507602691650391e+00
7.729938983917236328e+00
7.814327239990234375e+00
7.995485305786132812e+00
7.674369335174560547e+00
7.539342403411865234e+00
7.816618919372558594e+00
7.775189399719238281e+00
7.744791507720947266e+00
7.705142498016357422e+00
7.748238086700439453e+00
7.468118190765380859e+00
7.681992053985595703e+00
7.635534763336181641e+00
7.852629661560058594e+00
7.733760356903076172e+00
7.744513034820556641e+00
8.019918441772460938e+00
7.824037075042724609e+00
7.974393844604492188e+00
7.844006061553955078e+00
7.816137313842773438e+00
7.681217670440673828e+00
7.999289989471435547e+00
8.087388038635253906e+00
7.909907817840576172e+00
7.939502239227294922e+00
7.823464870452880859e+00
7.643149375915527344e+00
7.609428882598876953e+00
7.676566600799560547e+00
7.792238712310791016e+00
7.710281372070312500e+00
7.830173492431640625e+00
7.513340950012207031e+00
7.799666404724121094e+00
7.596850872039794922e+00
7.766939163208007812e+00
7.814914226531982422e+00
7.759467601776123047e+00
7.908744812011718750e+00
7.898266315460205078e+00
7.788773059844970703e+00
7.729022026062011719e+00
7.553935050964355469e+00
7.794751167297363281e+00
7.759921550750732422e+00
7.894870758056640625e+00
7.882084846496582031e+00
7.985418319702148438e+00
8.045531272888183594e+00
7.777145862579345703e+00
7.823560714721679688e+00
7.901608467102050781e+00
8.030547142028808594e+00
7.738084316253662109e+00
7.860459804534912109e+00
7.878219604492187500e+00
7.915733337402343750e+00
7.646844387054443359e+00
7.867761611938476562e+00
7.629251480102539062e+00
7.792138576507568359e+00
7.809964179992675781e+00
7.848177909851074219e+00
7.744029045104980469e+00
7.897361755371093750e+00
7.676059246063232422e+00
7.546095371246337891e+00
7.619463920593261719e+00
7.933099269866943359e+00
7.698720455169677734e+00
7.856483936309814453e+00
7.789456844329833984e+00
7.856153488159179688e+00
7.449668884277343750e+00
7.808000564575195312e+00
7.804646492004394531e+00
7.839637756347656250e+00
8.073266983032226562e+00
7.909750938415527344e+00
7.765075206756591797e+00
7.688682556152343750e+00
7.878302097320556641e+00
7.982820034027099609e+00
7.837811470031738281e+00
7.831370830535888672e+00
7.729033946990966797e+00
7.986007690429687500e+00
7.593546867370605469e+00
7.852702617645263672e+00
7.926443099975585938e+00
7.718109130859375000e+00
7.794926166534423828e+00
7.871661186218261719e+00
7.772526741027832031e+00
7.796431064605712891e+00
7.686750411987304688e+00
7.776508808135986328e+00
7.667819499969482422e+00
7.818048000335693359e+00
7.740200996398925781e+00
7.935476779937744141e+00
7.850974082946777344e+00
7.784313201904296875e+00
7.882986068725585938e+00
7.868667602539062500e+00
7.832012653350830078e+00
7.959495067596435547e+00
7.673925399780273438e+00
7.728774547576904297e+00
7.851796150207519531e+00
7.780089378356933594e+00
7.882506370544433594e+00
7.801451683044433594e+00
7.685510635375976562e+00
7.795722961425781250e+00
7.823680400848388672e+00
7.883090019226074219e+00
7.873200893402099609e+00
7.715579032897949219e+00
7.634083271026611328e+00
7.773030281066894531e+00
7.614171028137207031e+00
7.890889644622802734e+00
7.860538959503173828e+00
7.957322597503662109e+00
7.575169563293457031e+00
7.809813976287841797e+00
7.796698093414306641e+00
7.824789047241210938e+00
7.917990684509277344e+00
7.748031139373779297e+00
7.638579368591308594e+00
7.932042121887207031e+00
7.581939220428466797e+00
7.858270168304443359e+00
7.657589435577392578e+00
7.862787723541259766e+00
7.796993255615234375e+00
8.002821922302246094e+00
7.768069744110107422e+00
7.793512344360351562e+00
7.854705333709716797e+00
7.804672718048095703e+00
7.869855880737304688e+00
7.756342887878417969e+00
7.932191371917724609e+00
7.776819229125976562e+00
7.836159706115722656e+00
7.851836204528808594e+00
7.874951839447021484e+00
7.708285331726074219e+00
7.381935119628906250e+00
7.684795856475830078e+00
7.919354915618896484e+00
8.078147888183593750e+00
7.921410560607910156e+00
7.756517887115478516e+00
7.756023406982421875e+00
7.819004058837890625e+00
7.811595916748046875e+00
7.669337749481201172e+00
7.714363574981689453e+00
7.836071014404296875e+00
7.786557674407958984e+00
7.588440418243408203e+00
7.964424610137939453e+00
7.804931163787841797e+00
7.783774852752685547e+00
7.770993232727050781e+00
7.825657367706298828e+00
7.819711685180664062e+00
7.811369895935058594e+00
7.818832397460937500e+00
7.686946868896484375e+00
7.972483158111572266e+00
7.866074562072753906e+00
7.675085067749023438e+00
7.908188819885253906e+00
7.629570960998535156e+00
7.878943920135498047e+00
7.838396549224853516e+00
7.888600826263427734e+00
7.929644584655761719e+00
7.725348472595214844e+00
7.779476642608642578e+00
7.919283390045166016e+00
7.666872501373291016e+00
7.738618850708007812e+00
7.831599712371826172e+00
7.678736686706542969e+00
7.827606201171875000e+00
7.901625633239746094e+00
7.778974056243896484e+00
7.676903724670410156e+00
7.862167358398437500e+00
7.644459247589111328e+00
7.895812511444091797e+00
7.753569602966308594e+00
7.734061717987060547e+00
7.905402183532714844e+00
7.885812759399414062e+00
7.893367290496826172e+00
7.856076717376708984e+00
7.828093528747558594e+00
7.636829853057861328e+00
7.937686443328857422e+00
7.796242713928222656e+00
7.776198863983154297e+00
7.913128852844238281e+00
7.811840057373046875e+00
7.932782173156738281e+00
7.806542873382568359e+00
7.800485134124755859e+00
7.802014827728271484e+00
7.992012977600097656e+00
7.918694019317626953e+00
7.692850112915039062e+00
7.850059032440185547e+00
7.986561298370361328e+00
7.646152973175048828e+00
7.806590557098388672e+00
7.882319927215576172e+00
7.588284015655517578e+00
7.896272659301757812e+00
7.720814228057861328e+00
7.851464271545410156e+00
7.697332859039306641e+00
7.732624053955078125e+00
7.788249492645263672e+00
7.828253746032714844e+00
7.584980487823486328e+00
7.809972286224365234e+00
7.602248668670654297e+00
8.034175872802734375e+00
7.619493007659912109e+00
7.755981445312500000e+00
7.810966968536376953e+00
7.804486274719238281e+00
7.801448822021484375e+00
7.810658931732177734e+00
7.658255100250244141e+00
7.795123577117919922e+00
7.833461761474609375e+00
7.918909072875976562e+00
7.920724391937255859e+00
7.891446590423583984e+00
7.778410434722900391e+00
7.787658691406250000e+00
7.788175582885742188e+00
7.867304325103759766e+00
7.715031623840332031e+00
7.793624401092529297e+00
7.725151062011718750e+00
7.889555931091308594e+00
7.672342300415039062e+00
7.675398349761962891e+00
7.724360942840576172e+00
7.605072975158691406e+00
7.813687324523925781e+00
7.635983467102050781e+00
7.689571857452392578e+00
7.945840835571289062e+00
7.585781574249267578e+00
7.922750473022460938e+00
7.833623886108398438e+00
7.803774356842041016e+00
7.779419898986816406e+00
7.717826366424560547e+00
7.833561420440673828e+00
7.847910881042480469e+00
7.815393924713134766e+00
7.813205718994140625e+00
7.819463729858398438e+00
7.721359729766845703e+00
7.763579845428466797e+00
7.731527805328369141e+00
7.786499977111816406e+00
7.870953083038330078e+00
7.773727416992187500e+00
7.814242839813232422e+00
7.680797576904296875e+00
7.790021419525146484e+00
7.924778938293457031e+00
7.792156696319580078e+00
7.883152484893798828e+00
8.030893325805664062e+00
7.660683155059814453e+00
7.670252799987792969e+00
7.890312671661376953e+00
7.666836261749267578e+00
7.810659408569335938e+00
7.892565250396728516e+00
7.736616134643554688e+00
7.723179340362548828e+00
7.739465236663818359e+00
7.613473415374755859e+00
7.838891029357910156e+00
7.765324592590332031e+00
7.680550575256347656e+00
7.813912868499755859e+00
7.737134933471679688e+00
7.907966613769531250e+00
7.720145225524902344e+00
7.875121593475341797e+00
7.760805130004882812e+00
7.725834369659423828e+00
7.861002445220947266e+00
7.835155487060546875e+00
7.631531715393066406e+00
7.787235260009765625e+00
7.855888843536376953e+00
7.895255088806152344e+00
7.832854747772216797e+00
7.677058219909667969e+00
7.767442703247070312e+00
7.767848491668701172e+00
8.094890594482421875e+00
8.136276245117187500e+00
7.925356388092041016e+00
7.911928176879882812e+00
7.823629379272460938e+00
7.804301261901855469e+00
7.888000011444091797e+00
7.728079319000244141e+00
7.779474735260009766e+00
7.827266216278076172e+00
7.739588260650634766e+00
7.764741420745849609e+00
7.910105228424072266e+00
7.825545310974121094e+00
7.731170654296875000e+00
7.785550117492675781e+00
7.509965419769287109e+00
7.677884101867675781e+00
8.007973670959472656e+00
7.631688594818115234e+00
7.766829967498779297e+00
7.875766277313232422e+00
7.779860019683837891e+00
7.889057159423828125e+00
7.744312286376953125e+00
7.979208946228027344e+00
7.659804821014404297e+00
7.792788028717041016e+00
7.584156513214111328e+00
7.674283027648925781e+00
7.604073524475097656e+00
7.832389831542968750e+00
7.828538417816162109e+00
7.928129196166992188e+00
7.855225563049316406e+00
7.705778121948242188e+00
7.776116847991943359e+00
7.821887493133544922e+00
7.745111942291259766e+00
7.806540489196777344e+00
7.599806785583496094e+00
7.868302345275878906e+00
7.766596794128417969e+00
7.903712272644042969e+00
7.728463172912597656e+00
7.779131412506103516e+00
7.768296241760253906e+00
7.870773315429687500e+00
7.879302501678466797e+00
7.700733184814453125e+00
7.730400562286376953e+00
7.727763175964355469e+00
7.598533153533935547e+00
7.810503959655761719e+00
7.895023822784423828e+00
7.897322177886962891e+00
7.899402618408203125e+00
7.909377098083496094e+00
7.753944396972656250e+00
7.887663364410400391e+00
7.959377765655517578e+00
7.687695026397705078e+00
7.652029991149902344e+00
7.684264659881591797e+00
7.682240009307861328e+00
7.681199073791503906e+00
7.722003936767578125e+00
7.941743373870849609e+00
7.918597698211669922e+00
7.907725334167480469e+00
7.938316345214843750e+00
7.662119388580322266e+00
7.873570919036865234e+00
8.009213447570800781e+00
7.808024883270263672e+00
7.817816734313964844e+00
7.762044429779052734e+00
7.692498207092285156e+00
7.745758056640625000e+00
7.327397346496582031e+00
7.825266361236572266e+00
7.806920051574707031e+00
7.838063240051269531e+00
7.615257740020751953e+00
7.627543926239013672e+00
7.859724044799804688e+00
7.636297225952148438e+00
7.888875961303710938e+00
7.756929874420166016e+00
7.800057888031005859e+00
7.754723072052001953e+00
7.551166057586669922e+00
7.941973209381103516e+00
7.822793006896972656e+00
7.832448482513427734e+00
7.864314079284667969e+00
7.735665798187255859e+00
7.843346595764160156e+00
7.872088432312011719e+00
7.558361530303955078e+00
7.697347640991210938e+00
7.573256015777587891e+00
7.640363693237304688e+00
7.887543678283691406e+00
7.793941497802734375e+00
7.829193592071533203e+00
7.719053268432617188e+00
7.926156997680664062e+00
7.789050579071044922e+00
7.752374172210693359e+00
7.889593601226806641e+00
7.720607280731201172e+00
7.854215621948242188e+00
7.769398689270019531e+00
7.764499664306640625e+00
7.901164054870605469e+00
7.646080493927001953e+00
7.866702556610107422e+00
8.090821266174316406e+00
7.887055397033691406e+00
7.896753311157226562e+00
7.955033779144287109e+00
7.434398651123046875e+00
7.961788177490234375e+00
7.798392295837402344e+00
8.025279998779296875e+00
7.774620056152343750e+00
8.058915138244628906e+00
7.900667190551757812e+00
7.623610019683837891e+00
7.780395984649658203e+00
7.399690151214599609e+00
7.898513317108154297e+00
7.935282707214355469e+00
7.654558658599853516e+00
7.752006530761718750e+00
7.732357978820800781e+00
7.784543991088867188e+00
7.703630447387695312e+00
7.621973514556884766e+00
7.780508041381835938e+00
7.924312114715576172e+00
7.823609828948974609e+00
7.862255096435546875e+00
7.808681011199951172e+00
7.877897262573242188e+00
7.879504203796386719e+00
7.835717201232910156e+00
7.615741729736328125e+00
7.827862262725830078e+00
7.821041584014892578e+00
7.758233070373535156e+00
7.843342304229736328e+00
7.726743698120117188e+00
7.627743244171142578e+00
7.773882389068603516e+00
7.673933029174804688e+00
7.845025539398193359e+00
7.921631813049316406e+00
7.857015609741210938e+00
7.729091167449951172e+00
7.953222751617431641e+00
7.942759513854980469e+00
7.857231140136718750e+00
7.875996589660644531e+00
7.674179077148437500e+00
7.901135444641113281e+00
7.691850662231445312e+00
7.821983814239501953e+00
7.690906047821044922e+00
7.710461139678955078e+00
7.379876136779785156e+00
7.680995464324951172e+00
7.640952110290527344e+00
7.833452701568603516e+00
7.925021171569824219e+00
7.902456283569335938e+00
7.667756557464599609e+00
7.720239162445068359e+00
7.782855510711669922e+00
8.058904647827148438e+00
7.742555618286132812e+00
7.499840736389160156e+00
7.730525493621826172e+00
7.781356811523437500e+00
7.676020145416259766e+00
7.794679641723632812e+00
7.738765239715576172e+00
7.762923717498779297e+00
7.786880016326904297e+00
7.802993774414062500e+00
7.778316497802734375e+00
7.674647331237792969e+00
8.119345664978027344e+00
7.779685020446777344e+00
7.992063522338867188e+00
7.858548641204833984e+00
7.843310356140136719e+00
7.877007484436035156e+00
7.905435085296630859e+00
7.901648521423339844e+00
7.615290641784667969e+00
7.709401130676269531e+00
7.742847442626953125e+00
7.750774383544921875e+00
7.792904376983642578e+00
7.739379405975341797e+00
7.900495052337646484e+00
7.824224472045898438e+00
7.879212856292724609e+00
7.672800064086914062e+00
7.864351749420166016e+00
7.781963825225830078e+00
7.917379379272460938e+00
7.882582187652587891e+00
7.938283443450927734e+00
7.908695220947265625e+00
7.587658882141113281e+00
7.629502296447753906e+00
7.957400798797607422e+00
7.879619598388671875e+00
7.696983337402343750e+00
7.935478210449218750e+00
7.680649757385253906e+00
7.859902381896972656e+00
7.788855552673339844e+00
7.765333652496337891e+00
7.834736824035644531e+00
7.932515144348144531e+00
7.708301544189453125e+00
7.753140926361083984e+00
7.728824138641357422e+00
7.854907035827636719e+00
7.731911182403564453e+00
7.644566059112548828e+00
7.740944862365722656e+00
7.659218788146972656e+00
7.793680667877197266e+00
7.965784549713134766e+00
7.835943222045898438e+00
7.804049491882324219e+00
7.659608840942382812e+00
7.685539245605468750e+00
7.622871875762939453e+00
7.858987331390380859e+00
7.832166194915771484e+00
7.851182937622070312e+00
7.960689544677734375e+00
7.872030258178710938e+00
7.725407600402832031e+00
8.036574363708496094e+00
7.735136032104492188e+00
7.822577953338623047e+00
7.819964885711669922e+00
7.721824645996093750e+00
7.770392894744873047e+00
7.623203754425048828e+00
7.809095382690429688e+00
7.811361312866210938e+00
7.801421165466308594e+00
7.767423629760742188e+00
7.993844032287597656e+00
7.864853382110595703e+00
7.976620197296142578e+00
7.829191684722900391e+00
8.065945625305175781e+00
7.623292446136474609e+00
7.877044677734375000e+00
7.721487045288085938e+00
7.599007606506347656e+00
7.681136608123779297e+00
7.922549724578857422e+00
7.737482070922851562e+00
7.729648590087890625e+00
7.842719078063964844e+00
7.870187759399414062e+00
7.853454589843750000e+00
7.788064956665039062e+00
7.690477371215820312e+00
7.944635391235351562e+00
7.993302822113037109e+00
7.788866043090820312e+00
7.660811424255371094e+00
7.663074970245361328e+00
8.010609626770019531e+00
7.747732639312744141e+00
7.705067634582519531e+00
7.627803325653076172e+00
7.712050914764404297e+00
7.738958835601806641e+00
7.805742263793945312e+00
7.683396339416503906e+00
7.819122791290283203e+00
7.706807613372802734e+00
7.762117862701416016e+00
7.758365154266357422e+00
7.742753505706787109e+00
7.797889232635498047e+00
7.778343677520751953e+00
7.679228305816650391e+00
7.781201362609863281e+00
7.621512413024902344e+00
7.779756069183349609e+00
7.877357959747314453e+00
7.477520942687988281e+00
7.848064899444580078e+00
7.733089447021484375e+00
7.897720813751220703e+00
7.838525772094726562e+00
7.820682048797607422e+00
7.841222763061523438e+00
7.734595298767089844e+00
7.805983066558837891e+00
7.798365592956542969e+00
7.862150192260742188e+00
7.728096008300781250e+00
7.728362083435058594e+00
7.833176612854003906e+00
7.652011394500732422e+00
7.806383132934570312e+00
7.815357685089111328e+00
7.630511283874511719e+00
7.862622737884521484e+00
7.635689735412597656e+00
7.676714420318603516e+00
7.605687141418457031e+00
7.983419418334960938e+00
7.821239471435546875e+00
7.896543502807617188e+00
7.882213592529296875e+00
7.720901489257812500e+00
7.841161727905273438e+00
7.786335468292236328e+00
7.953801155090332031e+00
7.919290542602539062e+00
7.902433872222900391e+00
7.727149963378906250e+00
7.826418399810791016e+00
7.923671245574951172e+00
7.734360694885253906e+00
7.677177906036376953e+00
7.766562461853027344e+00
7.772459506988525391e+00
7.860009670257568359e+00
7.887102127075195312e+00
7.821540832519531250e+00
7.779044628143310547e+00
8.074790954589843750e+00
7.769205093383789062e+00
7.673324108123779297e+00
7.742633819580078125e+00
7.730819702148437500e+00
7.762299060821533203e+00
7.832761764526367188e+00
7.619758605957031250e+00
7.870520591735839844e+00
7.581976890563964844e+00
7.608840465545654297e+00
7.741556644439697266e+00
7.725329875946044922e+00
7.992497920989990234e+00
7.907002449035644531e+00
7.932703971862792969e+00
7.849955081939697266e+00
7.580520153045654297e+00
7.646071434020996094e+00
8.005402565002441406e+00
7.832746028900146484e+00
7.903903007507324219e+00
7.779047966003417969e+00
7.413883686065673828e+00
7.890329360961914062e+00
7.886159420013427734e+00
7.820714950561523438e+00
7.760528087615966797e+00
7.586899757385253906e+00
7.943250179290771484e+00
7.695246696472167969e+00
7.671050071716308594e+00
7.662932395935058594e+00
7.921480655670166016e+00
7.658993721008300781e+00
7.657403945922851562e+00
8.029737472534179688e+00
7.748470306396484375e+00
7.841626167297363281e+00
7.823101043701171875e+00
7.771771907806396484e+00
7.719148635864257812e+00
7.916215896606445312e+00
7.874430179595947266e+00
7.753845691680908203e+00
7.617965221405029297e+00
7.826588630676269531e+00
7.902648448944091797e+00
7.939129352569580078e+00
7.966889381408691406e+00
7.803671360015869141e+00
7.878553867340087891e+00
8.146836280822753906e+00
8.004389762878417969e+00
7.630274772644042969e+00
7.808273315429687500e+00
7.771804809570312500e+00
7.957608699798583984e+00
7.622457981109619141e+00
7.756032943725585938e+00
7.808804512023925781e+00
7.844117164611816406e+00
7.659425258636474609e+00
7.759408473968505859e+00
7.829867362976074219e+00
7.866755485534667969e+00
7.958319664001464844e+00
7.964492321014404297e+00
8.040741920471191406e+00
7.976689338684082031e+00
7.771109104156494141e+00
7.768179893493652344e+00
7.913893222808837891e+00
7.726588726043701172e+00
7.953074932098388672e+00
7.799813270568847656e+00
7.860542774200439453e+00
7.539418697357177734e+00
7.915297031402587891e+00
7.731662750244140625e+00
7.597892284393310547e+00
7.718647003173828125e+00
7.677800655364990234e+00
7.615900039672851562e+00
7.830053806304931641e+00
7.763288497924804688e+00
7.890563488006591797e+00
7.750444889068603516e+00
7.858731269836425781e+00
7.789898872375488281e+00
7.663824558258056641e+00
7.884705543518066406e+00
7.729969501495361328e+00
7.988873958587646484e+00
7.897376060485839844e+00
7.984513759613037109e+00
7.499730587005615234e+00
7.690969467163085938e+00
7.749454021453857422e+00
7.868161201477050781e+00
8.007078170776367188e+00
7.853044986724853516e+00
7.732371807098388672e+00
7.681287765502929688e+00
7.591485023498535156e+00
7.904625892639160156e+00
7.602909564971923828e+00
7.793420791625976562e+00
7.879213809967041016e+00
7.801682472229003906e+00
7.846382141113281250e+00
7.895936965942382812e+00
7.919328689575195312e+00
7.862718105316162109e+00
7.542366981506347656e+00
7.883875846862792969e+00
7.927754878997802734e+00
7.722559928894042969e+00
7.606590270996093750e+00
7.805191040039062500e+00
8.000342369079589844e+00
7.822755813598632812e+00
7.814677238464355469e+00
7.889015197753906250e+00
7.783432006835937500e+00
7.682461261749267578e+00
7.809781074523925781e+00
8.094983100891113281e+00
7.976022720336914062e+00
7.832411289215087891e+00
8.028100013732910156e+00
7.757221698760986328e+00
7.758616447448730469e+00
7.757657527923583984e+00
7.800856590270996094e+00
7.571895599365234375e+00
7.705498695373535156e+00
7.778400897979736328e+00
7.780642986297607422e+00
7.854272365570068359e+00
7.914277076721191406e+00
7.962925434112548828e+00
7.859193325042724609e+00
7.784780979156494141e+00
7.767002105712890625e+00
7.469359874725341797e+00
7.700605869293212891e+00
7.855842113494873047e+00
7.978884220123291016e+00
7.807151317596435547e+00
7.779231071472167969e+00
7.813787460327148438e+00
7.878098487854003906e+00
7.657790184020996094e+00
7.898583412170410156e+00
7.818526744842529297e+00
7.702852725982666016e+00
7.667667865753173828e+00
7.852516651153564453e+00
7.845651626586914062e+00
7.743001461029052734e+00
7.917918682098388672e+00
7.850160598754882812e+00
7.731293201446533203e+00
7.819201469421386719e+00
7.864411354064941406e+00
7.701498031616210938e+00
7.926986217498779297e+00
7.680090427398681641e+00
7.832389831542968750e+00
7.749551773071289062e+00
7.764783859252929688e+00
7.717985630035400391e+00
7.799893379211425781e+00
7.867929935455322266e+00
7.725588798522949219e+00
7.875417709350585938e+00
7.671795368194580078e+00
7.959455490112304688e+00
7.662077426910400391e+00
7.736605167388916016e+00
7.840036392211914062e+00
7.679084777832031250e+00
7.797394752502441406e+00
7.943118572235107422e+00
7.949145317077636719e+00
7.671158313751220703e+00
7.742280960083007812e+00
7.651010990142822266e+00
7.780449390411376953e+00
7.821673870086669922e+00
7.800232887268066406e+00
7.886671066284179688e+00
7.817090988159179688e+00
8.053117752075195312e+00
7.587491989135742188e+00
7.913398742675781250e+00
7.858544349670410156e+00
7.825829982757568359e+00
7.785217285156250000e+00
7.868976593017578125e+00
7.829423904418945312e+00
7.755049705505371094e+00
7.830212116241455078e+00
7.869549751281738281e+00
7.591934204101562500e+00
7.977714061737060547e+00
7.786212921142578125e+00
7.611255645751953125e+00
7.656327247619628906e+00
7.698822975158691406e+00
7.892311573028564453e+00
7.822540760040283203e+00
7.712872028350830078e+00
7.891022205352783203e+00
7.807712554931640625e+00
7.752133846282958984e+00
7.859313964843750000e+00
7.770386695861816406e+00
7.498086452484130859e+00
7.800550460815429688e+00
7.787995815277099609e+00
7.847391128540039062e+00
7.765737056732177734e+00
7.933884620666503906e+00
7.883081436157226562e+00
7.882491111755371094e+00
7.646530628204345703e+00
7.401954174041748047e+00
7.853755474090576172e+00
7.739118099212646484e+00
7.561302185058593750e+00
7.688679695129394531e+00
7.736407756805419922e+00
7.611044883728027344e+00
7.782074928283691406e+00
7.512247085571289062e+00
7.869038581848144531e+00
7.848096370697021484e+00
7.924466609954833984e+00
7.963745594024658203e+00
8.005584716796875000e+00
7.846059799194335938e+00
7.774687767028808594e+00
7.659218311309814453e+00
7.938514232635498047e+00
7.738039016723632812e+00
7.594953536987304688e+00
7.864409923553466797e+00
7.974835395812988281e+00
7.901535987854003906e+00
7.786804676055908203e+00
7.812086582183837891e+00
7.909365177154541016e+00
7.793789386749267578e+00
7.703041553497314453e+00
7.843363285064697266e+00
7.567535877227783203e+00
8.031275749206542969e+00
7.914204120635986328e+00
7.922228336334228516e+00
7.687735080718994141e+00
7.826545238494873047e+00
7.838413715362548828e+00
7.938696384429931641e+00
7.645694255828857422e+00
7.841301441192626953e+00
8.099228858947753906e+00
7.754149436950683594e+00
7.824254512786865234e+00
7.814394950866699219e+00
7.884649753570556641e+00
7.771808624267578125e+00
7.727580070495605469e+00
7.821339130401611328e+00
7.765367984771728516e+00
7.662461280822753906e+00
7.882283210754394531e+00
7.697793006896972656e+00
7.797716617584228516e+00
7.637322425842285156e+00
7.934477806091308594e+00
7.683163642883300781e+00
7.782236576080322266e+00
7.906614780426025391e+00
7.653913021087646484e+00
7.822514533996582031e+00
7.754247665405273438e+00
7.520547389984130859e+00
7.821264266967773438e+00
7.682460784912109375e+00
7.792178153991699219e+00
7.886850833892822266e+00
7.713476181030273438e+00
7.821012020111083984e+00
7.805954456329345703e+00
7.712631225585937500e+00
7.800384998321533203e+00
7.774329662322998047e+00
7.590501308441162109e+00
7.670696258544921875e+00
7.761114597320556641e+00
7.849152088165283203e+00
7.936752796173095703e+00
7.682775497436523438e+00
7.766496181488037109e+00
7.863090515136718750e+00
7.849648952484130859e+00
7.755991935729980469e+00
7.668146133422851562e+00
7.945925712585449219e+00
7.788257598876953125e+00
7.888330936431884766e+00
7.962354183197021484e+00
7.720186710357666016e+00
7.686792850494384766e+00
7.740201473236083984e+00
7.726981163024902344e+00
7.846680641174316406e+00
7.826828479766845703e+00
7.846304893493652344e+00
7.715384960174560547e+00
7.873967170715332031e+00
7.909434318542480469e+00
7.669547080993652344e+00
7.780024051666259766e+00
7.750106811523437500e+00
7.865738868713378906e+00
7.695405483245849609e+00
7.750028133392333984e+00
7.738243103027343750e+00
7.835061073303222656e+00
7.765012741088867188e+00
7.814538002014160156e+00
7.746699333190917969e+00
7.865269660949707031e+00
7.898558616638183594e+00
7.837211608886718750e+00
8.039370536804199219e+00
7.733843803405761719e+00
7.702177047729492188e+00
7.857184410095214844e+00
7.812481403350830078e+00
7.854178428649902344e+00
7.712150573730468750e+00
7.812407493591308594e+00
7.848118782043457031e+00
7.780817031860351562e+00
7.671421051025390625e+00
7.895229816436767578e+00
7.732759475708007812e+00
7.770589351654052734e+00
7.786883354187011719e+00
7.721395969390869141e+00
7.739036560058593750e+00
7.761192321777343750e+00
7.784647464752197266e+00
7.813380241394042969e+00
7.900915145874023438e+00
7.472616672515869141e+00
7.822924613952636719e+00
7.800669670104980469e+00
7.853265762329101562e+00
7.671949863433837891e+00
7.711112499237060547e+00
7.905761241912841797e+00
8.026188850402832031e+00
7.822827339172363281e+00
7.883425235748291016e+00
7.797748088836669922e+00
7.903701305389404297e+00
7.824640750885009766e+00
7.750150680541992188e+00
7.778621673583984375e+00
7.909920692443847656e+00
7.817227363586425781e+00
7.970887184143066406e+00
7.784230709075927734e+00
7.891451358795166016e+00
7.644917488098144531e+00
7.629573822021484375e+00
7.727060317993164062e+00
8.001879692077636719e+00
7.766230583190917969e+00
7.639903068542480469e+00
7.711774826049804688e+00
7.661511421203613281e+00
7.675893783569335938e+00
7.918534755706787109e+00
7.661920547485351562e+00
7.939074516296386719e+00
7.797168254852294922e+00
7.748764991760253906e+00
7.755787372589111328e+00
7.797430038452148438e+00
7.742879390716552734e+00
7.807695388793945312e+00
7.853343486785888672e+00
7.981570720672607422e+00
7.780970096588134766e+00
7.849631309509277344e+00
7.650819778442382812e+00
7.689236640930175781e+00
7.707765102386474609e+00
7.754773139953613281e+00
7.842272758483886719e+00
7.798310756683349609e+00
7.629803657531738281e+00
7.730379104614257812e+00
7.779338359832763672e+00
7.808640956878662109e+00
7.760703086853027344e+00
7.827527046203613281e+00
7.394536495208740234e+00
7.802477836608886719e+00
7.529585361480712891e+00
7.793964862823486328e+00
7.844870090484619141e+00
7.773445606231689453e+00
7.867584705352783203e+00
7.504511833190917969e+00
7.868526458740234375e+00
7.832081794738769531e+00
7.668442726135253906e+00
7.728565216064453125e+00
7.796147823333740234e+00
7.782741546630859375e+00
7.691351890563964844e+00
7.780788898468017578e+00
7.758079528808593750e+00
7.871904373168945312e+00
7.713758468627929688e+00
7.849253177642822266e+00
7.823610305786132812e+00
7.755809783935546875e+00
7.450791835784912109e+00
7.768514633178710938e+00
7.787602424621582031e+00
7.792527675628662109e+00
7.773036479949951172e+00
7.702387332916259766e+00
7.516191482543945312e+00
7.787271976470947266e+00
7.729906082153320312e+00
7.608037948608398438e+00
7.992730617523193359e+00
7.648557186126708984e+00
7.747176170349121094e+00
7.782682418823242188e+00
7.788913726806640625e+00
7.656018733978271484e+00
7.828254222869873047e+00
7.690817356109619141e+00
7.916648864746093750e+00
7.539337158203125000e+00
7.618263721466064453e+00
7.910623550415039062e+00
8.035595893859863281e+00
7.852593898773193359e+00
7.734577655792236328e+00
7.849593639373779297e+00
7.692312240600585938e+00
7.937219142913818359e+00
7.925157546997070312e+00
7.801613330841064453e+00
7.950635910034179688e+00
7.721085548400878906e+00
7.781457901000976562e+00
7.802451610565185547e+00
7.736267089843750000e+00
7.815461158752441406e+00
7.675183296203613281e+00
7.542584896087646484e+00
7.717395782470703125e+00
7.900878429412841797e+00
7.814592838287353516e+00
7.908616065979003906e+00
7.724571704864501953e+00
7.626670837402343750e+00
7.861659049987792969e+00
7.924887180328369141e+00
7.772644042968750000e+00
7.634946823120117188e+00
7.687505722045898438e+00
7.756940364837646484e+00
7.857087135314941406e+00
7.927851676940917969e+00
7.812456607818603516e+00
7.855906963348388672e+00
7.650831222534179688e+00
7.826663017272949219e+00
7.884480953216552734e+00
7.984588146209716797e+00
7.560596942901611328e+00
7.912477016448974609e+00
7.832859992980957031e+00
7.944124698638916016e+00
7.872958183288574219e+00
7.992076873779296875e+00
7.762514114379882812e+00
7.909687519073486328e+00
7.728237152099609375e+00
7.723445892333984375e+00
7.757088184356689453e+00
7.681449413299560547e+00
8.051178932189941406e+00
7.681096553802490234e+00
7.713339805603027344e+00
7.601377010345458984e+00
7.844640254974365234e+00
7.710892677307128906e+00
7.825320243835449219e+00
7.754534244537353516e+00
7.823006629943847656e+00
7.641657352447509766e+00
7.647818088531494141e+00
7.815229892730712891e+00
7.841254711151123047e+00
7.871132850646972656e+00
7.839691638946533203e+00
7.719072341918945312e+00
7.751010894775390625e+00
7.826628208160400391e+00
7.853297233581542969e+00
7.960147380828857422e+00
7.485641956329345703e+00
7.498827934265136719e+00
7.650258064270019531e+00
7.710652351379394531e+00
7.832221031188964844e+00
7.909584045410156250e+00
7.598393917083740234e+00
7.743700027465820312e+00
8.013775825500488281e+00
7.795619487762451172e+00
7.643741607666015625e+00
7.843646049499511719e+00
7.609248161315917969e+00
7.734070777893066406e+00
7.957634449005126953e+00
7.819648742675781250e+00
7.913475513458251953e+00
7.623036384582519531e+00
7.854701042175292969e+00
7.534087657928466797e+00
7.759114742279052734e+00
7.764223098754882812e+00
7.450079917907714844e+00
7.759712219238281250e+00
7.777137279510498047e+00
7.778054237365722656e+00
7.892328262329101562e+00
7.480638980865478516e+00
7.663877964019775391e+00
7.861325263977050781e+00
7.721061706542968750e+00
8.034729003906250000e+00
7.808933734893798828e+00
7.818769454956054688e+00
7.804170608520507812e+00
7.976313591003417969e+00
7.864368915557861328e+00
7.849456310272216797e+00
7.749944210052490234e+00
7.903507232666015625e+00
8.032126426696777344e+00
7.676466464996337891e+00
7.824310302734375000e+00
7.709969043731689453e+00
7.692615032196044922e+00
7.785204887390136719e+00
7.833866596221923828e+00
7.645122528076171875e+00
8.109411239624023438e+00
7.603244781494140625e+00
8.081901550292968750e+00
7.790465831756591797e+00
7.824946880340576172e+00
7.799684047698974609e+00
7.756353378295898438e+00
7.690344333648681641e+00
7.645834445953369141e+00
7.618656158447265625e+00
7.669113636016845703e+00
7.748296737670898438e+00
7.776439189910888672e+00
7.867719173431396484e+00
7.665927410125732422e+00
7.698980331420898438e+00
7.849299907684326172e+00
7.911086559295654297e+00
7.640572071075439453e+00
7.806599617004394531e+00
7.798999786376953125e+00
7.876127243041992188e+00
7.719649791717529297e+00
7.876935005187988281e+00
7.849323749542236328e+00
7.709588050842285156e+00
7.827556610107421875e+00
7.830290794372558594e+00
7.660874843597412109e+00
8.079299926757812500e+00
7.807655811309814453e+00
7.581915378570556641e+00
7.572887897491455078e+00
7.878632545471191406e+00
7.921619892120361328e+00
7.856319427490234375e+00
7.716302394866943359e+00
7.739630222320556641e+00
7.742728710174560547e+00
7.828332901000976562e+00
7.894891262054443359e+00
7.850604057312011719e+00
8.063443183898925781e+00
7.658605098724365234e+00
7.697994709014892578e+00
7.742616176605224609e+00
7.729160308837890625e+00
7.904376029968261719e+00
7.841547489166259766e+00
7.850233078002929688e+00
7.760569572448730469e+00
7.968698978424072266e+00
7.610033512115478516e+00
7.701804161071777344e+00
7.573545932769775391e+00
7.699652671813964844e+00
7.941399097442626953e+00
7.839778900146484375e+00
7.587394237518310547e+00
7.748452186584472656e+00
7.916734695434570312e+00
7.853989124298095703e+00
7.893524169921875000e+00
7.444114208221435547e+00
7.884171962738037109e+00
7.705710887908935547e+00
7.714141845703125000e+00
7.779134273529052734e+00
7.923443794250488281e+00
7.803501129150390625e+00
7.645337104797363281e+00
7.827210426330566406e+00
7.809936523437500000e+00
8.010591506958007812e+00
7.843276500701904297e+00
7.697407722473144531e+00
7.706944942474365234e+00
7.828661918640136719e+00
7.669001102447509766e+00
7.914743423461914062e+00
7.874276161193847656e+00
7.777130126953125000e+00
7.849905014038085938e+00
7.840843200683593750e+00
7.679148197174072266e+00
7.779393672943115234e+00
7.883784294128417969e+00
7.570601463317871094e+00
7.749145030975341797e+00
7.757944583892822266e+00
7.829173564910888672e+00
7.872318744659423828e+00
7.868971824645996094e+00
7.584475040435791016e+00
7.797851085662841797e+00
7.781028270721435547e+00
7.834402084350585938e+00
7.881169795989990234e+00
7.838132381439208984e+00
7.543384552001953125e+00
7.778277873992919922e+00
7.789697170257568359e+00
7.988029956817626953e+00
7.797655582427978516e+00
7.910238265991210938e+00
7.865849494934082031e+00
7.691389083862304688e+00
7.867292404174804688e+00
8.037256240844726562e+00
7.780318737030029297e+00
7.513533592224121094e+00
7.581395626068115234e+00
7.810224056243896484e+00
7.479881286621093750e+00
7.830787658691406250e+00
7.831500530242919922e+00
7.566545963287353516e+00
7.752714157104492188e+00
7.620336055755615234e+00
7.588596820831298828e+00
7.791865825653076172e+00
7.744809627532958984e+00
7.679332733154296875e+00
7.978559970855712891e+00
7.507533073425292969e+00
7.737502098083496094e+00
7.752220630645751953e+00
7.828814029693603516e+00
7.748441696166992188e+00
7.757621765136718750e+00
7.917214393615722656e+00
7.627449512481689453e+00
7.732983112335205078e+00
7.569282531738281250e+00
7.806147575378417969e+00
7.711872100830078125e+00
7.715373039245605469e+00
7.790940284729003906e+00
7.768455982208251953e+00
7.737031459808349609e+00
7.848132610321044922e+00
7.886762142181396484e+00
7.787228584289550781e+00
7.652952671051025391e+00
7.784578800201416016e+00
7.948195457458496094e+00
7.977920055389404297e+00
7.853257656097412109e+00
7.870106697082519531e+00
7.956100463867187500e+00
7.661220073699951172e+00
7.441099166870117188e+00
7.903610229492187500e+00
7.729851722717285156e+00
7.682813644409179688e+00
7.744336605072021484e+00
7.864783763885498047e+00
7.792338848114013672e+00
7.806316852569580078e+00
7.874197006225585938e+00
7.711476802825927734e+00
7.945998668670654297e+00
7.981197834014892578e+00
7.574390888214111328e+00
7.562044143676757812e+00
7.917866706848144531e+00
7.782181739807128906e+00
7.912343025207519531e+00
7.736570835113525391e+00
7.486519813537597656e+00
7.496890068054199219e+00
7.799590587615966797e+00
7.976828098297119141e+00
7.729917049407958984e+00
7.953674793243408203e+00
7.853863239288330078e+00
7.668939590454101562e+00
7.859672546386718750e+00
7.776142120361328125e+00
7.831851005554199219e+00
7.977786540985107422e+00
7.672432422637939453e+00
7.940566539764404297e+00
7.915797710418701172e+00
7.702633380889892578e+00
7.646188735961914062e+00
7.744285583496093750e+00
7.605160713195800781e+00
7.847300529479980469e+00
7.703401565551757812e+00
7.643356800079345703e+00
8.057206153869628906e+00
7.593621253967285156e+00
7.757041931152343750e+00
7.813561439514160156e+00
7.764874935150146484e+00
7.751467227935791016e+00
7.896006584167480469e+00
7.894630432128906250e+00
7.868909358978271484e+00
7.879731655120849609e+00
7.694382190704345703e+00
7.684152603149414062e+00
7.613102436065673828e+00
7.716491699218750000e+00
7.841159343719482422e+00
7.749064922332763672e+00
7.764771938323974609e+00
7.916858673095703125e+00
7.770818233489990234e+00
7.811520576477050781e+00
7.827509403228759766e+00
7.990504741668701172e+00
7.836645603179931641e+00
7.816906452178955078e+00
7.767860412597656250e+00
7.715912342071533203e+00
7.925149440765380859e+00
7.534789085388183594e+00
7.719668388366699219e+00
7.642317295074462891e+00
7.552780628204345703e+00
7.685652732849121094e+00
7.742684841156005859e+00
7.543026924133300781e+00
7.694676876068115234e+00
7.886173725128173828e+00
7.955287933349609375e+00
7.812470436096191406e+00
7.707577228546142578e+00
7.743805408477783203e+00
7.636940002441406250e+00
7.681180477142333984e+00
7.604795932769775391e+00
7.717336654663085938e+00
7.865094184875488281e+00
7.612565040588378906e+00
7.755371093750000000e+00
7.624195575714111328e+00
7.705271720886230469e+00
7.805139541625976562e+00
8.058889389038085938e+00
7.682522773742675781e+00
7.874429225921630859e+00
7.889096260070800781e+00
7.860891819000244141e+00
7.903960227966308594e+00
7.716159820556640625e+00
7.688093185424804688e+00
7.748853683471679688e+00
7.757026672363281250e+00
7.736395835876464844e+00
7.973981380462646484e+00
7.856840610504150391e+00
7.858680248260498047e+00
7.886107444763183594e+00
7.823917865753173828e+00
7.951310634613037109e+00
7.766213417053222656e+00
7.545979499816894531e+00
7.745236396789550781e+00
8.044463157653808594e+00
7.545571327209472656e+00
7.527748107910156250e+00
7.871536731719970703e+00
7.677664279937744141e+00
7.943788528442382812e+00
7.799010753631591797e+00
7.913314819335937500e+00
7.995436191558837891e+00
7.732460498809814453e+00
7.910023212432861328e+00
7.909234046936035156e+00
7.748422622680664062e+00
7.993108749389648438e+00
7.623613834381103516e+00
7.718886852264404297e+00
8.183708190917968750e+00
7.828976631164550781e+00
7.613790512084960938e+00
7.601172924041748047e+00
7.967045307159423828e+00
7.773338794708251953e+00
7.832643508911132812e+00
7.853711605072021484e+00
7.834297180175781250e+00
7.751634120941162109e+00
7.837855339050292969e+00
7.801574707031250000e+00
7.845140457153320312e+00
7.820063591003417969e+00
7.531519889831542969e+00
7.836024284362792969e+00
7.713844776153564453e+00
7.674039363861083984e+00
7.820268154144287109e+00
7.764171123504638672e+00
7.868875026702880859e+00
7.671988487243652344e+00
7.828593254089355469e+00
7.723646163940429688e+00
7.683948993682861328e+00
7.571540355682373047e+00
7.525597095489501953e+00
7.984551429748535156e+00
7.689117908477783203e+00
7.789363861083984375e+00
7.809036254882812500e+00
7.715776443481445312e+00
7.732324600219726562e+00
7.832196235656738281e+00
7.710080623626708984e+00
7.533578395843505859e+00
7.853953361511230469e+00
7.541625976562500000e+00
7.747518062591552734e+00
7.865008831024169922e+00
7.768449783325195312e+00
7.678932189941406250e+00
7.831175804138183594e+00
7.682710170745849609e+00
7.945820808410644531e+00
7.566927909851074219e+00
7.745205879211425781e+00
7.723350524902343750e+00
7.674625873565673828e+00
7.738693714141845703e+00
7.861815929412841797e+00
7.918906211853027344e+00
7.626496315002441406e+00
7.858717441558837891e+00
7.571526050567626953e+00
7.829602718353271484e+00
7.800308227539062500e+00
7.778038978576660156e+00
7.740323066711425781e+00
7.742066860198974609e+00
7.902222156524658203e+00
8.022876739501953125e+00
7.798029899597167969e+00
7.777671337127685547e+00
7.835820198059082031e+00
7.719637870788574219e+00
7.833641052246093750e+00
7.861135959625244141e+00
7.779477596282958984e+00
7.674978733062744141e+00
7.736260414123535156e+00
7.788974761962890625e+00
7.871556282043457031e+00
7.875216960906982422e+00
7.810534954071044922e+00
7.939695358276367188e+00
7.731234550476074219e+00
7.826993465423583984e+00
7.837465763092041016e+00
7.801349639892578125e+00
7.866006374359130859e+00
7.849385738372802734e+00
7.833702087402343750e+00
7.873222351074218750e+00
7.769308567047119141e+00
7.633554458618164062e+00
7.733621120452880859e+00
7.775417327880859375e+00
7.756479740142822266e+00
7.618207454681396484e+00
7.810226917266845703e+00
7.909293651580810547e+00
7.855129241943359375e+00
7.654677391052246094e+00
7.613769054412841797e+00
7.881776332855224609e+00
7.830312728881835938e+00
7.898556232452392578e+00
7.763713836669921875e+00
7.633947372436523438e+00
7.772871017456054688e+00
7.678846836090087891e+00
7.763409614562988281e+00
7.820092678070068359e+00
7.892049312591552734e+00
7.914655685424804688e+00
7.687659740447998047e+00
7.873238086700439453e+00
7.690930843353271484e+00
7.826542854309082031e+00
7.821468353271484375e+00
7.490311145782470703e+00
7.799746990203857422e+00
7.867594242095947266e+00
7.490303039550781250e+00
7.751284599304199219e+00
8.014073371887207031e+00
7.919953823089599609e+00
7.706038951873779297e+00
7.760028362274169922e+00
7.799685478210449219e+00
7.780375480651855469e+00
7.765176296234130859e+00
7.677530765533447266e+00
7.923349857330322266e+00
7.905609607696533203e+00
7.831079483032226562e+00
7.687089443206787109e+00
8.010054588317871094e+00
7.963801383972167969e+00
7.980539321899414062e+00
7.985642433166503906e+00
7.710059642791748047e+00
7.791207790374755859e+00
7.781922340393066406e+00
7.633253097534179688e+00
7.593643665313720703e+00
7.713345527648925781e+00
7.757761955261230469e+00
7.986154079437255859e+00
7.920899391174316406e+00
7.727205753326416016e+00
7.819083690643310547e+00
7.606621742248535156e+00
7.791719436645507812e+00
7.532665252685546875e+00
7.633294105529785156e+00
7.946074962615966797e+00
7.841120243072509766e+00
7.675514698028564453e+00
7.941519737243652344e+00
7.894862651824951172e+00
7.848129272460937500e+00
7.798214435577392578e+00
7.800344944000244141e+00
7.797626495361328125e+00
7.750899791717529297e+00
7.761332988739013672e+00
7.917064189910888672e+00
7.839414596557617188e+00
7.726281642913818359e+00
7.815735816955566406e+00
7.806021690368652344e+00
7.768384456634521484e+00
7.816289901733398438e+00
7.747981548309326172e+00
7.777657985687255859e+00
7.869608879089355469e+00
7.791574478149414062e+00
7.672861099243164062e+00
7.858150005340576172e+00
7.765683174133300781e+00
8.022293090820312500e+00
7.571050643920898438e+00
7.887650489807128906e+00
7.775501251220703125e+00
7.765612125396728516e+00
7.820888042449951172e+00
7.752673149108886719e+00
7.726410388946533203e+00
7.734626293182373047e+00
7.817303180694580078e+00
7.839845180511474609e+00
7.550734996795654297e+00
7.647042751312255859e+00
7.737279891967773438e+00
7.638154029846191406e+00
7.860132694244384766e+00
7.795149803161621094e+00
7.748803615570068359e+00
7.797183513641357422e+00
7.918704509735107422e+00
7.759933471679687500e+00
7.626945018768310547e+00
7.693871974945068359e+00
7.694394588470458984e+00
7.819527626037597656e+00
7.815087318420410156e+00
8.086957931518554688e+00
7.796854972839355469e+00
7.572967052459716797e+00
7.810254573822021484e+00
7.539927959442138672e+00
7.830564975738525391e+00
7.809056758880615234e+00
7.993962764739990234e+00
7.745636940002441406e+00
7.913585662841796875e+00
7.935836791992187500e+00
7.842724800109863281e+00
7.780381202697753906e+00
7.814197540283203125e+00
7.522826194763183594e+00
7.880249977111816406e+00
7.641913414001464844e+00
7.758530616760253906e+00
7.673502445220947266e+00
7.735920906066894531e+00
7.741921424865722656e+00
7.703374385833740234e+00
7.963124752044677734e+00
7.794827938079833984e+00
7.751060962677001953e+00
7.582309246063232422e+00
8.060202598571777344e+00
7.639405250549316406e+00
7.845352172851562500e+00
7.676972389221191406e+00
7.792615413665771484e+00
7.761147022247314453e+00
7.858682632446289062e+00
7.846342086791992188e+00
7.797378063201904297e+00
7.593851089477539062e+00
7.687910556793212891e+00
7.694830417633056641e+00
7.877045154571533203e+00
7.610273361206054688e+00
7.834787845611572266e+00
7.768111705780029297e+00
7.861862659454345703e+00
7.846479892730712891e+00
7.718424797058105469e+00
7.875178813934326172e+00
7.630362510681152344e+00
8.004948616027832031e+00
7.764854907989501953e+00
7.757849693298339844e+00
7.818657875061035156e+00
7.556485652923583984e+00
7.858289718627929688e+00
7.778908252716064453e+00
7.859937667846679688e+00
7.826852321624755859e+00
7.939836025238037109e+00
7.518815040588378906e+00
7.917769908905029297e+00
7.776331901550292969e+00
7.645224571228027344e+00
8.052196502685546875e+00
7.646969318389892578e+00
8.035627365112304688e+00
7.797585487365722656e+00
7.798672676086425781e+00
7.795644283294677734e+00
7.705278396606445312e+00
7.937772750854492188e+00
7.751944541931152344e+00
7.608517169952392578e+00
7.826834201812744141e+00
7.690954685211181641e+00
7.803519248962402344e+00
7.718136310577392578e+00
7.643647193908691406e+00
7.876754283905029297e+00
7.790927886962890625e+00
7.817232608795166016e+00
7.863006591796875000e+00
8.038241386413574219e+00
7.828390598297119141e+00
7.711513042449951172e+00
7.739954948425292969e+00
8.044513702392578125e+00
7.763594627380371094e+00
7.825110435485839844e+00
7.648768901824951172e+00
7.760761737823486328e+00
7.641298770904541016e+00
7.501309871673583984e+00
7.798198223114013672e+00
7.831145286560058594e+00
7.640403270721435547e+00
7.860215187072753906e+00
7.697789669036865234e+00
7.930221080780029297e+00
7.927993774414062500e+00
7.782447814941406250e+00
7.632373809814453125e+00
7.755330085754394531e+00
7.924583435058593750e+00
7.774819850921630859e+00
7.791711330413818359e+00
7.788574695587158203e+00
7.720985412597656250e+00
7.745721340179443359e+00
7.861648559570312500e+00
7.771728038787841797e+00
7.753701210021972656e+00
7.815407752990722656e+00
7.747664928436279297e+00
7.673683166503906250e+00
7.816380023956298828e+00
7.907900810241699219e+00
7.798317432403564453e+00
7.672495841979980469e+00
7.706482887268066406e+00
7.676900863647460938e+00
7.769356727600097656e+00
7.708404541015625000e+00
7.588501930236816406e+00
7.653823852539062500e+00
7.561565876007080078e+00
7.823642253875732422e+00
7.953843116760253906e+00
7.730094909667968750e+00
7.816641330718994141e+00
7.656635284423828125e+00
7.903640270233154297e+00
7.443123817443847656e+00
7.605774402618408203e+00
7.804651737213134766e+00
7.806120395660400391e+00
7.571273326873779297e+00
7.886242866516113281e+00
7.792450428009033203e+00
7.614220619201660156e+00
7.863145351409912109e+00
7.789470195770263672e+00
7.641463756561279297e+00
7.767701148986816406e+00
7.828155994415283203e+00
7.711350440979003906e+00
7.893893241882324219e+00
7.836918830871582031e+00
7.685818672180175781e+00
7.705751419067382812e+00
7.753083229064941406e+00
7.974567890167236328e+00
7.861598014831542969e+00
7.889463424682617188e+00
7.829723834991455078e+00
7.707598686218261719e+00
7.921804904937744141e+00
7.646126747131347656e+00
7.693894863128662109e+00
7.872351646423339844e+00
7.827715396881103516e+00
7.829484462738037109e+00
7.491013526916503906e+00
7.763157844543457031e+00
7.735081672668457031e+00
7.924442291259765625e+00
7.587373733520507812e+00
7.654493808746337891e+00
7.807144165039062500e+00
7.742741584777832031e+00
7.738246440887451172e+00
7.756051540374755859e+00
7.485445022583007812e+00
7.898594856262207031e+00
7.838585376739501953e+00
7.677545547485351562e+00
7.895758152008056641e+00
7.800570011138916016e+00
7.677074909210205078e+00
7.900485515594482422e+00
7.796380519866943359e+00
7.823144435882568359e+00
7.884734630584716797e+00
7.833891868591308594e+00
7.763051033020019531e+00
7.899389743804931641e+00
7.775454521179199219e+00
7.874614715576171875e+00
7.781121730804443359e+00
7.794786453247070312e+00
8.015072822570800781e+00
7.781938552856445312e+00
7.653927326202392578e+00
7.883032321929931641e+00
7.874650955200195312e+00
7.789894104003906250e+00
7.770808696746826172e+00
7.698970794677734375e+00
7.882811546325683594e+00
7.363801956176757812e+00
7.919205188751220703e+00
7.715189933776855469e+00
7.785349845886230469e+00
7.771986484527587891e+00
7.759123802185058594e+00
7.648417472839355469e+00
7.892841815948486328e+00
7.852154731750488281e+00
7.883457660675048828e+00
7.845760345458984375e+00
8.008469581604003906e+00
7.857231140136718750e+00
7.809461593627929688e+00
8.043187141418457031e+00
7.871580123901367188e+00
7.857435226440429688e+00
7.864604949951171875e+00
7.840205669403076172e+00
7.556878566741943359e+00
7.942710876464843750e+00
7.841800689697265625e+00
7.962805747985839844e+00
7.861570358276367188e+00
7.671430110931396484e+00
7.947938919067382812e+00
7.703954696655273438e+00
7.710885047912597656e+00
7.855616092681884766e+00
7.822793960571289062e+00
7.791319370269775391e+00
7.720837593078613281e+00
7.928845882415771484e+00
7.854426383972167969e+00
7.963724136352539062e+00
7.782749176025390625e+00
7.787147045135498047e+00
7.552732944488525391e+00
7.970100402832031250e+00
7.825011253356933594e+00
7.776036739349365234e+00
7.725030899047851562e+00
7.638175964355468750e+00
7.807114601135253906e+00
7.783986091613769531e+00
7.859628200531005859e+00
7.807477474212646484e+00
7.779985904693603516e+00
7.773940086364746094e+00
8.032286643981933594e+00
7.878787040710449219e+00
7.714687824249267578e+00
7.844012737274169922e+00
7.850371837615966797e+00
7.585640907287597656e+00
7.779627323150634766e+00
7.927920818328857422e+00
7.731693267822265625e+00
7.835508346557617188e+00
7.905522346496582031e+00
7.624754905700683594e+00
7.731179714202880859e+00
7.581347465515136719e+00
7.756632804870605469e+00
7.655729293823242188e+00
7.699662685394287109e+00
7.845582485198974609e+00
7.850301265716552734e+00
7.846843719482421875e+00
7.981383800506591797e+00
7.978544712066650391e+00
7.508963584899902344e+00
7.654691696166992188e+00
7.749645233154296875e+00
8.137290954589843750e+00
7.808259010314941406e+00
7.883736610412597656e+00
7.806250095367431641e+00
7.832894325256347656e+00
7.718211174011230469e+00
7.862322330474853516e+00
7.893196582794189453e+00
7.794753551483154297e+00
7.797016620635986328e+00
7.743252277374267578e+00
7.591380596160888672e+00
7.832317352294921875e+00
7.976715087890625000e+00
7.845393180847167969e+00
7.802303314208984375e+00
7.498987674713134766e+00
7.777557373046875000e+00
7.860322475433349609e+00
7.735624313354492188e+00
7.490002632141113281e+00
7.770843505859375000e+00
8.007457733154296875e+00
7.775676727294921875e+00
7.831493377685546875e+00
7.697670459747314453e+00
7.774012088775634766e+00
7.733624458312988281e+00
7.781625747680664062e+00
7.734748363494873047e+00
7.794878005981445312e+00
7.785110473632812500e+00
7.535121440887451172e+00
7.623218059539794922e+00
7.733395099639892578e+00
7.927556991577148438e+00
7.823841094970703125e+00
7.677329540252685547e+00
7.728313446044921875e+00
7.794547080993652344e+00
7.572699546813964844e+00
7.955688953399658203e+00
7.792167186737060547e+00
7.790587425231933594e+00
7.607215881347656250e+00
7.875569820404052734e+00
7.764650821685791016e+00
7.772105693817138672e+00
7.851469516754150391e+00
7.809077262878417969e+00
7.752088546752929688e+00
7.739992141723632812e+00
7.684894561767578125e+00
7.815389633178710938e+00
7.741574287414550781e+00
7.695012092590332031e+00
7.763940811157226562e+00
7.878610610961914062e+00
7.802466869354248047e+00
7.795572757720947266e+00
7.838046073913574219e+00
7.988560199737548828e+00
7.688814640045166016e+00
7.669107437133789062e+00
7.360214233398437500e+00
7.637289524078369141e+00
7.683098316192626953e+00
7.979323863983154297e+00
7.788895130157470703e+00
7.936214447021484375e+00
7.460253715515136719e+00
7.801342964172363281e+00
7.920982837677001953e+00
7.821866035461425781e+00
7.681391716003417969e+00
7.640048980712890625e+00
7.917029857635498047e+00
7.622823715209960938e+00
7.718046188354492188e+00
7.704562187194824219e+00
7.812205314636230469e+00
7.945482254028320312e+00
7.965059280395507812e+00
7.796406745910644531e+00
7.909871578216552734e+00
7.548768520355224609e+00
7.711563110351562500e+00
7.806314468383789062e+00
7.801542282104492188e+00
7.921207427978515625e+00
7.701004028320312500e+00
7.710608959197998047e+00
7.813235282897949219e+00
7.660644531250000000e+00
7.933481693267822266e+00
7.765203952789306641e+00
7.955509662628173828e+00
7.922150135040283203e+00
7.799442768096923828e+00
7.826191425323486328e+00
8.005001068115234375e+00
7.891066074371337891e+00
7.834684371948242188e+00
7.739570617675781250e+00
7.878822803497314453e+00
7.775358676910400391e+00
7.816203594207763672e+00
7.891246318817138672e+00
7.824207305908203125e+00
7.948375701904296875e+00
7.660620689392089844e+00
7.781240940093994141e+00
7.816586494445800781e+00
8.023212432861328125e+00
7.777670860290527344e+00
8.033273696899414062e+00
7.739264011383056641e+00
7.655546188354492188e+00
7.598067283630371094e+00
7.616765975952148438e+00
7.745387554168701172e+00
7.855005264282226562e+00
7.819033145904541016e+00
7.974658489227294922e+00
7.934203624725341797e+00
7.806276798248291016e+00
7.604130268096923828e+00
7.827746868133544922e+00
7.843935012817382812e+00
7.357012748718261719e+00
7.699258804321289062e+00
7.535463809967041016e+00
7.975587368011474609e+00
7.865541458129882812e+00
7.621659755706787109e+00
7.693848133087158203e+00
7.920555114746093750e+00
7.738127708435058594e+00
7.829774856567382812e+00
7.856772422790527344e+00
7.857892990112304688e+00
7.571588039398193359e+00
7.714231491088867188e+00
7.880948066711425781e+00
7.758007049560546875e+00
7.724535942077636719e+00
7.766603946685791016e+00
7.649735927581787109e+00
7.656241893768310547e+00
7.733702659606933594e+00
7.815026760101318359e+00
7.774590015411376953e+00
7.897906780242919922e+00
7.922553062438964844e+00
7.848446369171142578e+00
7.540805816650390625e+00
7.603204727172851562e+00
7.545142650604248047e+00
7.784330844879150391e+00
7.766192436218261719e+00
7.818677425384521484e+00
7.800721168518066406e+00
7.672161579132080078e+00
7.774606704711914062e+00
7.542361259460449219e+00
7.799498081207275391e+00
7.857257843017578125e+00
7.784916877746582031e+00
7.768606662750244141e+00
7.859436035156250000e+00
7.626064300537109375e+00
7.858101844787597656e+00
7.743322849273681641e+00
7.990800857543945312e+00
7.699659824371337891e+00
7.784966945648193359e+00
7.786648750305175781e+00
7.963272094726562500e+00
7.753970146179199219e+00
7.586677074432373047e+00
7.577169895172119141e+00
7.872846126556396484e+00
7.847422122955322266e+00
7.733160495758056641e+00
7.618729114532470703e+00
7.638638496398925781e+00
7.652668952941894531e+00
7.858000755310058594e+00
7.919757843017578125e+00
7.698199272155761719e+00
7.677805423736572266e+00
7.805699825286865234e+00
8.091824531555175781e+00
8.088790893554687500e+00
7.551521301269531250e+00
7.491108417510986328e+00
7.799315452575683594e+00
7.791623592376708984e+00
7.860817909240722656e+00
8.013765335083007812e+00
7.876285076141357422e+00
7.872388839721679688e+00
7.890125751495361328e+00
7.641819000244140625e+00
7.636386394500732422e+00
7.854868888854980469e+00
7.654301643371582031e+00
7.766805648803710938e+00
7.810151576995849609e+00
7.779951572418212891e+00
7.805810928344726562e+00
7.747228622436523438e+00
7.793842792510986328e+00
7.761233329772949219e+00
7.886365413665771484e+00
7.737891197204589844e+00
7.751243114471435547e+00
7.713257789611816406e+00
7.811807155609130859e+00
7.682750225067138672e+00
7.746028423309326172e+00
7.796894073486328125e+00
7.837773799896240234e+00
7.868418216705322266e+00
7.717847824096679688e+00
7.543276309967041016e+00
7.798422813415527344e+00
7.836324214935302734e+00
7.663296699523925781e+00
7.979372501373291016e+00
7.795633792877197266e+00
7.493328571319580078e+00
7.798983097076416016e+00
7.739383697509765625e+00
7.770296573638916016e+00
7.773808002471923828e+00
7.813186645507812500e+00
7.809507846832275391e+00
7.817904949188232422e+00
7.804411888122558594e+00
8.042530059814453125e+00
7.917999744415283203e+00
7.769013881683349609e+00
7.752354145050048828e+00
7.888362407684326172e+00
7.771668910980224609e+00
7.796868324279785156e+00
7.707701206207275391e+00
7.596908092498779297e+00
7.834779262542724609e+00
7.909406661987304688e+00
8.041680335998535156e+00
7.837397098541259766e+00
7.725042343139648438e+00
7.922584533691406250e+00
7.720423221588134766e+00
7.810271739959716797e+00
7.765691757202148438e+00
7.821599483489990234e+00
7.926770210266113281e+00
7.705222129821777344e+00
7.764783382415771484e+00
7.639136314392089844e+00
7.660067081451416016e+00
7.745093822479248047e+00
7.703455924987792969e+00
7.801458358764648438e+00
7.623386859893798828e+00
7.905016899108886719e+00
7.782767295837402344e+00
7.758516311645507812e+00
7.770055294036865234e+00
7.870849132537841797e+00
7.752781867980957031e+00
7.936531066894531250e+00
7.578025817871093750e+00
7.878706455230712891e+00
7.770851135253906250e+00
7.763877391815185547e+00
7.710453510284423828e+00
7.877158641815185547e+00
7.844477176666259766e+00
7.681049823760986328e+00
7.717115879058837891e+00
7.671703338623046875e+00
7.748263835906982422e+00
7.870761394500732422e+00
7.865295886993408203e+00
7.627883911132812500e+00
7.830697536468505859e+00
7.635227680206298828e+00
7.791349887847900391e+00
7.998058319091796875e+00
7.819604873657226562e+00
7.825415611267089844e+00
7.850254058837890625e+00
7.730074882507324219e+00
7.781123638153076172e+00
7.727513790130615234e+00
7.694544315338134766e+00
7.450335979461669922e+00
7.711481571197509766e+00
7.686460018157958984e+00
7.887091159820556641e+00
7.781940937042236328e+00
7.844861030578613281e+00
7.674968719482421875e+00
7.881351947784423828e+00
7.849957466125488281e+00
7.783846855163574219e+00
7.881810665130615234e+00
7.873370647430419922e+00
7.904343605041503906e+00
7.784536838531494141e+00
7.739220142364501953e+00
7.756647109985351562e+00
7.403059005737304688e+00
7.741101741790771484e+00
7.840738773345947266e+00
7.841652393341064453e+00
7.863301277160644531e+00
7.866791248321533203e+00
7.817919254302978516e+00
7.905043601989746094e+00
7.840664386749267578e+00
7.612642288208007812e+00
8.072022438049316406e+00
7.820889472961425781e+00
7.681779861450195312e+00
7.765189170837402344e+00
7.801799774169921875e+00
7.799205303192138672e+00
7.796922683715820312e+00
7.503932952880859375e+00
7.624044418334960938e+00
7.840136528015136719e+00
7.768259048461914062e+00
7.761439800262451172e+00
7.686562061309814453e+00
7.554565429687500000e+00
7.751210689544677734e+00
7.707767963409423828e+00
7.853165626525878906e+00
7.739660263061523438e+00
7.534270763397216797e+00
7.725300788879394531e+00
7.809744834899902344e+00
7.851991176605224609e+00
7.826076984405517578e+00
7.525186061859130859e+00
7.839140892028808594e+00
7.695600032806396484e+00
7.602293968200683594e+00
7.815579891204833984e+00
7.746316432952880859e+00
7.800263404846191406e+00
7.881227016448974609e+00
7.674432754516601562e+00
7.680420875549316406e+00
7.986302375793457031e+00
7.917591571807861328e+00
7.848021030426025391e+00
7.874127864837646484e+00
7.762339591979980469e+00
7.817457199096679688e+00
7.775332450866699219e+00
7.725957393646240234e+00
7.740209102630615234e+00
7.738313198089599609e+00
7.980452537536621094e+00
7.859006404876708984e+00
8.102802276611328125e+00
7.925914287567138672e+00
7.825263023376464844e+00
7.806973934173583984e+00
7.849218368530273438e+00
7.830448150634765625e+00
7.740787506103515625e+00
7.629405975341796875e+00
7.763982772827148438e+00
7.928064346313476562e+00
7.873331069946289062e+00
7.664846420288085938e+00
7.932793617248535156e+00
7.590480327606201172e+00
7.844224929809570312e+00
7.718282699584960938e+00
7.893775939941406250e+00
7.817892551422119141e+00
7.881250858306884766e+00
7.606136322021484375e+00
7.871931552886962891e+00
7.785789012908935547e+00
7.859922409057617188e+00
7.814349651336669922e+00
7.645734786987304688e+00
7.883480072021484375e+00
7.742285251617431641e+00
7.809717655181884766e+00
7.610070228576660156e+00
7.916563034057617188e+00
7.736297607421875000e+00
7.895147323608398438e+00
7.804059028625488281e+00
7.784552574157714844e+00
7.833719253540039062e+00
7.877091407775878906e+00
7.726213932037353516e+00
7.528615474700927734e+00
7.874337673187255859e+00
7.660406589508056641e+00
7.634003639221191406e+00
7.756757736206054688e+00
7.716047763824462891e+00
7.738491535186767578e+00
7.653201103210449219e+00
7.663542747497558594e+00
7.869034290313720703e+00
7.879055023193359375e+00
7.749205589294433594e+00
7.784274578094482422e+00
7.572814464569091797e+00
7.518054962158203125e+00
7.543652534484863281e+00
7.537043571472167969e+00
7.835711002349853516e+00
7.776507854461669922e+00
7.948692321777343750e+00
7.611509323120117188e+00
7.851344585418701172e+00
7.700518131256103516e+00
7.880555152893066406e+00
7.556796073913574219e+00
7.756398677825927734e+00
7.887465000152587891e+00
7.688962936401367188e+00
7.716884613037109375e+00
7.699246883392333984e+00
7.917154788970947266e+00
7.432063579559326172e+00
7.926485538482666016e+00
7.862713813781738281e+00
7.696927070617675781e+00
7.877588272094726562e+00
7.805778503417968750e+00
7.886126518249511719e+00
7.876847743988037109e+00
7.971739292144775391e+00
7.620850563049316406e+00
7.949918270111083984e+00
7.589672088623046875e+00
7.781116485595703125e+00
7.685098171234130859e+00
7.833781719207763672e+00
7.886862754821777344e+00
7.898760318756103516e+00
7.876986980438232422e+00
7.775913715362548828e+00
7.639620780944824219e+00
7.889025211334228516e+00
7.869668483734130859e+00
7.804181575775146484e+00
7.747212886810302734e+00
7.790752887725830078e+00
7.670403480529785156e+00
7.773136615753173828e+00
7.813705921173095703e+00
7.967558383941650391e+00
7.791051864624023438e+00
7.829771518707275391e+00
7.879698276519775391e+00
7.861351490020751953e+00
7.742051124572753906e+00
7.736300468444824219e+00
8.032082557678222656e+00
7.615415573120117188e+00
7.791914939880371094e+00
7.570313453674316406e+00
7.874748229980468750e+00
7.740806579589843750e+00
7.738009929656982422e+00
7.732768535614013672e+00
7.849400520324707031e+00
7.802533626556396484e+00
8.071337699890136719e+00
7.780130386352539062e+00
7.761275291442871094e+00
7.884072303771972656e+00
7.963444232940673828e+00
7.807744026184082031e+00
7.786704063415527344e+00
7.741846084594726562e+00
7.801251411437988281e+00
7.781410694122314453e+00
7.728068828582763672e+00
7.910049438476562500e+00
7.856479644775390625e+00
7.696356296539306641e+00
7.759945869445800781e+00
7.802044868469238281e+00
7.922149658203125000e+00
7.888828754425048828e+00
7.848819732666015625e+00
7.453720092773437500e+00
7.867665767669677734e+00
7.968147754669189453e+00
7.745814800262451172e+00
7.791782855987548828e+00
7.607131004333496094e+00
7.860874176025390625e+00
7.683901309967041016e+00
7.823316574096679688e+00
7.660521507263183594e+00
7.658095359802246094e+00
7.864068984985351562e+00
7.911606788635253906e+00
7.627585887908935547e+00
7.798898220062255859e+00
7.689747810363769531e+00
7.811441898345947266e+00
7.839438915252685547e+00
7.887358188629150391e+00
7.846447467803955078e+00
7.610198020935058594e+00
7.682192802429199219e+00
7.664293289184570312e+00
7.777819156646728516e+00
7.708120822906494141e+00
7.764398574829101562e+00
7.973603725433349609e+00
7.798084259033203125e+00
7.939729213714599609e+00
7.893164157867431641e+00
7.519558429718017578e+00
7.831919670104980469e+00
7.898100376129150391e+00
7.834124088287353516e+00
7.944625377655029297e+00
7.329228878021240234e+00
7.974375247955322266e+00
7.756926536560058594e+00
7.601096153259277344e+00
7.635684013366699219e+00
7.596570491790771484e+00
7.751950263977050781e+00
7.919333457946777344e+00
7.675899505615234375e+00
7.878269672393798828e+00
7.751190662384033203e+00
7.557171344757080078e+00
7.779773712158203125e+00
7.724658966064453125e+00
7.819630622863769531e+00
7.834826469421386719e+00
7.808762073516845703e+00
7.707705497741699219e+00
7.792088985443115234e+00
7.837362289428710938e+00
7.843292713165283203e+00
7.887906074523925781e+00
7.919817447662353516e+00
7.739735126495361328e+00
7.812957763671875000e+00
7.705954551696777344e+00
7.617755413055419922e+00
7.811408042907714844e+00
7.712025165557861328e+00
7.838299751281738281e+00
8.070130348205566406e+00
7.817582130432128906e+00
7.712847709655761719e+00
7.865707874298095703e+00
7.803395271301269531e+00
7.854172229766845703e+00
7.524926185607910156e+00
7.819569110870361328e+00
7.832171440124511719e+00
7.865914344787597656e+00
7.911621093750000000e+00
7.814927101135253906e+00
7.575290679931640625e+00
7.906681060791015625e+00
7.731121063232421875e+00
7.937171936035156250e+00
7.967746734619140625e+00
7.998889446258544922e+00
7.751991271972656250e+00
7.769921302795410156e+00
7.776405334472656250e+00
7.738183021545410156e+00
7.955937862396240234e+00
7.664311885833740234e+00
7.615588188171386719e+00
7.948608398437500000e+00
7.929455280303955078e+00
7.717635631561279297e+00
7.894245147705078125e+00
7.772524833679199219e+00
7.839477539062500000e+00
7.651782989501953125e+00
7.606860160827636719e+00
7.760755062103271484e+00
7.700838088989257812e+00
7.775416851043701172e+00
8.073114395141601562e+00
7.860074043273925781e+00
7.753757476806640625e+00
7.779388427734375000e+00
7.876616954803466797e+00
7.628102779388427734e+00
7.761366367340087891e+00
7.704144477844238281e+00
7.892549037933349609e+00
7.847379207611083984e+00
7.950815677642822266e+00
7.631843090057373047e+00
7.637723922729492188e+00
7.838049888610839844e+00
7.869426727294921875e+00
7.606433391571044922e+00
7.721240997314453125e+00
8.028244018554687500e+00
8.024118423461914062e+00
7.729762077331542969e+00
7.789393901824951172e+00
7.911218643188476562e+00
7.750969409942626953e+00
7.967387676239013672e+00
7.764194011688232422e+00
7.835693836212158203e+00
7.853899955749511719e+00
7.577551364898681641e+00
7.771516323089599609e+00
7.696485042572021484e+00
7.909226417541503906e+00
7.613146781921386719e+00
7.714237213134765625e+00
7.882711410522460938e+00
7.636290550231933594e+00
7.824761867523193359e+00
7.845494747161865234e+00
7.864226341247558594e+00
7.718116760253906250e+00
8.004149436950683594e+00
7.696153640747070312e+00
7.847599029541015625e+00
7.893087863922119141e+00
7.977378368377685547e+00
7.704783916473388672e+00
7.654826164245605469e+00
7.704385757446289062e+00
7.867149829864501953e+00
7.714484214782714844e+00
7.682082176208496094e+00
7.795858383178710938e+00
7.795730113983154297e+00
7.894096851348876953e+00
7.924153804779052734e+00
7.660358905792236328e+00
7.938806533813476562e+00
7.635726451873779297e+00
7.953012943267822266e+00
7.599174499511718750e+00
7.823643207550048828e+00
8.035296440124511719e+00
7.762269496917724609e+00
7.914477825164794922e+00
7.690657138824462891e+00
7.627453327178955078e+00
