0.000000000000000000e+00
0.000000000000000000e+00
0.000000000000000000e+00
0.000000000000000000e+00
0.000000000000000000e+00
0.000000000000000000e+00
0.000000000000000000e+00
0.000000000000000000e+00
0.000000000000000000e+00
0.000000000000000000e+00
0.000000000000000000e+00
0.000000000000000000e+00
0.000000000000000000e+00
0.000000000000000000e+00
0.000000000000000000e+00
0.000000000000000000e+00
0.000000000000000000e+00
0.000000000000000000e+00
0.000000000000000000e+00
0.000000000000000000e+00
0.000000000000000000e+00
0.000000000000000000e+00
0.000000000000000000e+00
0.000000000000000000e+00
0.000000000000000000e+00
0.000000000000000000e+00
0.000000000000000000e+00
0.000000000000000000e+00
0.000000000000000000e+00
0.000000000000000000e+00
0.000000000000000000e+00
0.000000000000000000e+00
0.000000000000000000e+00
0.000000000000000000e+00
0.000000000000000000e+00
0.000000000000000000e+00
0.000000000000000000e+00
0.000000000000000000e+00
0.000000000000000000e+00
0.000000000000000000e+00
0.000000000000000000e+00
0.000000000000000000e+00
0.000000000000000000e+00
0.000000000000000000e+00
0.000000000000000000e+00
0.000000000000000000e+00
0.000000000000000000e+00
0.000000000000000000e+00
0.000000000000000000e+00
0.000000000000000000e+00
0.000000000000000000e+00
0.000000000000000000e+00
0.000000000000000000e+00
0.000000000000000000e+00
0.000000000000000000e+00
0.000000000000000000e+00
0.000000000000000000e+00
0.000000000000000000e+00
0.000000000000000000e+00
0.000000000000000000e+00
1.114827231504023075e-03
0.000000000000000000e+00
0.000000000000000000e+00
0.000000000000000000e+00
0.000000000000000000e+00
0.000000000000000000e+00
0.000000000000000000e+00
0.000000000000000000e+00
0.000000000000000000e+00
0.000000000000000000e+00
0.000000000000000000e+00
0.000000000000000000e+00
0.000000000000000000e+00
0.000000000000000000e+00
0.000000000000000000e+00
0.000000000000000000e+00
0.000000000000000000e+00
0.000000000000000000e+00
0.000000000000000000e+00
0.000000000000000000e+00
0.000000000000000000e+00
0.000000000000000000e+00
0.000000000000000000e+00
0.000000000000000000e+00
0.000000000000000000e+00
0.000000000000000000e+00
0.000000000000000000e+00
0.000000000000000000e+00
0.000000000000000000e+00
0.000000000000000000e+00
0.000000000000000000e+00
0.000000000000000000e+00
0.000000000000000000e+00
0.000000000000000000e+00
0.000000000000000000e+00
0.000000000000000000e+00
0.000000000000000000e+00
8.779631461948156357e-04
0.000000000000000000e+00
0.000000000000000000e+00
0.000000000000000000e+00
0.000000000000000000e+00
0.000000000000000000e+00
0.000000000000000000e+00
0.000000000000000000e+00
0.000000000000000000e+00
0.000000000000000000e+00
0.000000000000000000e+00
0.000000000000000000e+00
0.000000000000000000e+00
0.000000000000000000e+00
0.000000000000000000e+00
0.000000000000000000e+00
0.000000000000000000e+00
0.000000000000000000e+00
0.000000000000000000e+00
0.000000000000000000e+00
0.000000000000000000e+00
0.000000000000000000e+00
0.000000000000000000e+00
0.000000000000000000e+00
0.000000000000000000e+00
0.000000000000000000e+00
0.000000000000000000e+00
0.000000000000000000e+00
0.000000000000000000e+00
0.000000000000000000e+00
0.000000000000000000e+00
0.000000000000000000e+00
0.000000000000000000e+00
0.000000000000000000e+00
0.000000000000000000e+00
0.000000000000000000e+00
0.000000000000000000e+00
0.000000000000000000e+00
0.000000000000000000e+00
0.000000000000000000e+00
0.000000000000000000e+00
0.000000000000000000e+00
0.000000000000000000e+00
0.000000000000000000e+00
0.000000000000000000e+00
0.000000000000000000e+00
0.000000000000000000e+00
0.000000000000000000e+00
0.000000000000000000e+00
0.000000000000000000e+00
0.000000000000000000e+00
0.000000000000000000e+00
0.000000000000000000e+00
0.000000000000000000e+00
0.000000000000000000e+00
0.000000000000000000e+00
0.000000000000000000e+00
0.000000000000000000e+00
0.000000000000000000e+00
0.000000000000000000e+00
0.000000000000000000e+00
0.000000000000000000e+00
0.000000000000000000e+00
0.000000000000000000e+00
0.000000000000000000e+00
0.000000000000000000e+00
0.000000000000000000e+00
0.000000000000000000e+00
0.000000000000000000e+00
0.000000000000000000e+00
0.000000000000000000e+00
0.000000000000000000e+00
0.000000000000000000e+00
0.000000000000000000e+00
0.000000000000000000e+00
0.000000000000000000e+00
0.000000000000000000e+00
0.000000000000000000e+00
0.000000000000000000e+00
0.000000000000000000e+00
0.000000000000000000e+00
0.000000000000000000e+00
0.000000000000000000e+00
0.000000000000000000e+00
0.000000000000000000e+00
0.000000000000000000e+00
0.000000000000000000e+00
0.000000000000000000e+00
0.000000000000000000e+00
0.000000000000000000e+00
0.000000000000000000e+00
0.000000000000000000e+00
0.000000000000000000e+00
0.000000000000000000e+00
0.000000000000000000e+00
0.000000000000000000e+00
0.000000000000000000e+00
0.000000000000000000e+00
0.000000000000000000e+00
0.000000000000000000e+00
0.000000000000000000e+00
0.000000000000000000e+00
0.000000000000000000e+00
0.000000000000000000e+00
0.000000000000000000e+00
0.000000000000000000e+00
0.000000000000000000e+00
0.000000000000000000e+00
0.000000000000000000e+00
0.000000000000000000e+00
0.000000000000000000e+00
0.000000000000000000e+00
0.000000000000000000e+00
0.000000000000000000e+00
0.000000000000000000e+00
0.000000000000000000e+00
1.400560257025063038e-03
0.000000000000000000e+00
0.000000000000000000e+00
0.000000000000000000e+00
0.000000000000000000e+00
0.000000000000000000e+00
0.000000000000000000e+00
0.000000000000000000e+00
0.000000000000000000e+00
0.000000000000000000e+00
0.000000000000000000e+00
0.000000000000000000e+00
0.000000000000000000e+00
0.000000000000000000e+00
0.000000000000000000e+00
0.000000000000000000e+00
0.000000000000000000e+00
0.000000000000000000e+00
0.000000000000000000e+00
0.000000000000000000e+00
0.000000000000000000e+00
0.000000000000000000e+00
0.000000000000000000e+00
0.000000000000000000e+00
0.000000000000000000e+00
0.000000000000000000e+00
0.000000000000000000e+00
0.000000000000000000e+00
0.000000000000000000e+00
0.000000000000000000e+00
0.000000000000000000e+00
0.000000000000000000e+00
0.000000000000000000e+00
0.000000000000000000e+00
0.000000000000000000e+00
0.000000000000000000e+00
0.000000000000000000e+00
0.000000000000000000e+00
0.000000000000000000e+00
0.000000000000000000e+00
0.000000000000000000e+00
0.000000000000000000e+00
0.000000000000000000e+00
0.000000000000000000e+00
0.000000000000000000e+00
0.000000000000000000e+00
0.000000000000000000e+00
0.000000000000000000e+00
0.000000000000000000e+00
0.000000000000000000e+00
0.000000000000000000e+00
0.000000000000000000e+00
0.000000000000000000e+00
0.000000000000000000e+00
0.000000000000000000e+00
0.000000000000000000e+00
0.000000000000000000e+00
0.000000000000000000e+00
0.000000000000000000e+00
0.000000000000000000e+00
0.000000000000000000e+00
0.000000000000000000e+00
0.000000000000000000e+00
0.000000000000000000e+00
0.000000000000000000e+00
0.000000000000000000e+00
0.000000000000000000e+00
0.000000000000000000e+00
0.000000000000000000e+00
0.000000000000000000e+00
0.000000000000000000e+00
0.000000000000000000e+00
0.000000000000000000e+00
0.000000000000000000e+00
0.000000000000000000e+00
0.000000000000000000e+00
0.000000000000000000e+00
0.000000000000000000e+00
0.000000000000000000e+00
0.000000000000000000e+00
0.000000000000000000e+00
0.000000000000000000e+00
0.000000000000000000e+00
0.000000000000000000e+00
0.000000000000000000e+00
0.000000000000000000e+00
0.000000000000000000e+00
0.000000000000000000e+00
0.000000000000000000e+00
0.000000000000000000e+00
0.000000000000000000e+00
0.000000000000000000e+00
0.000000000000000000e+00
0.000000000000000000e+00
0.000000000000000000e+00
0.000000000000000000e+00
0.000000000000000000e+00
0.000000000000000000e+00
0.000000000000000000e+00
0.000000000000000000e+00
0.000000000000000000e+00
0.000000000000000000e+00
0.000000000000000000e+00
0.000000000000000000e+00
0.000000000000000000e+00
0.000000000000000000e+00
0.000000000000000000e+00
0.000000000000000000e+00
0.000000000000000000e+00
0.000000000000000000e+00
0.000000000000000000e+00
0.000000000000000000e+00
0.000000000000000000e+00
0.000000000000000000e+00
0.000000000000000000e+00
0.000000000000000000e+00
0.000000000000000000e+00
0.000000000000000000e+00
0.000000000000000000e+00
0.000000000000000000e+00
0.000000000000000000e+00
0.000000000000000000e+00
0.000000000000000000e+00
0.000000000000000000e+00
0.000000000000000000e+00
0.000000000000000000e+00
0.000000000000000000e+00
0.000000000000000000e+00
0.000000000000000000e+00
0.000000000000000000e+00
0.000000000000000000e+00
0.000000000000000000e+00
0.000000000000000000e+00
0.000000000000000000e+00
0.000000000000000000e+00
0.000000000000000000e+00
0.000000000000000000e+00
0.000000000000000000e+00
0.000000000000000000e+00
0.000000000000000000e+00
0.000000000000000000e+00
0.000000000000000000e+00
0.000000000000000000e+00
0.000000000000000000e+00
0.000000000000000000e+00
0.000000000000000000e+00
0.000000000000000000e+00
0.000000000000000000e+00
0.000000000000000000e+00
0.000000000000000000e+00
0.000000000000000000e+00
0.000000000000000000e+00
0.000000000000000000e+00
0.000000000000000000e+00
0.000000000000000000e+00
0.000000000000000000e+00
0.000000000000000000e+00
0.000000000000000000e+00
0.000000000000000000e+00
0.000000000000000000e+00
0.000000000000000000e+00
0.000000000000000000e+00
0.000000000000000000e+00
0.000000000000000000e+00
0.000000000000000000e+00
0.000000000000000000e+00
0.000000000000000000e+00
0.000000000000000000e+00
0.000000000000000000e+00
0.000000000000000000e+00
0.000000000000000000e+00
0.000000000000000000e+00
0.000000000000000000e+00
0.000000000000000000e+00
0.000000000000000000e+00
0.000000000000000000e+00
0.000000000000000000e+00
0.000000000000000000e+00
0.000000000000000000e+00
0.000000000000000000e+00
0.000000000000000000e+00
0.000000000000000000e+00
0.000000000000000000e+00
0.000000000000000000e+00
0.000000000000000000e+00
0.000000000000000000e+00
0.000000000000000000e+00
0.000000000000000000e+00
0.000000000000000000e+00
0.000000000000000000e+00
0.000000000000000000e+00
0.000000000000000000e+00
0.000000000000000000e+00
0.000000000000000000e+00
0.000000000000000000e+00
0.000000000000000000e+00
0.000000000000000000e+00
0.000000000000000000e+00
0.000000000000000000e+00
0.000000000000000000e+00
0.000000000000000000e+00
0.000000000000000000e+00
0.000000000000000000e+00
0.000000000000000000e+00
0.000000000000000000e+00
0.000000000000000000e+00
0.000000000000000000e+00
0.000000000000000000e+00
0.000000000000000000e+00
0.000000000000000000e+00
0.000000000000000000e+00
0.000000000000000000e+00
0.000000000000000000e+00
0.000000000000000000e+00
0.000000000000000000e+00
0.000000000000000000e+00
0.000000000000000000e+00
0.000000000000000000e+00
0.000000000000000000e+00
0.000000000000000000e+00
0.000000000000000000e+00
0.000000000000000000e+00
0.000000000000000000e+00
0.000000000000000000e+00
0.000000000000000000e+00
0.000000000000000000e+00
0.000000000000000000e+00
0.000000000000000000e+00
0.000000000000000000e+00
0.000000000000000000e+00
0.000000000000000000e+00
0.000000000000000000e+00
0.000000000000000000e+00
0.000000000000000000e+00
0.000000000000000000e+00
0.000000000000000000e+00
0.000000000000000000e+00
0.000000000000000000e+00
0.000000000000000000e+00
0.000000000000000000e+00
0.000000000000000000e+00
0.000000000000000000e+00
0.000000000000000000e+00
0.000000000000000000e+00
0.000000000000000000e+00
0.000000000000000000e+00
0.000000000000000000e+00
0.000000000000000000e+00
0.000000000000000000e+00
0.000000000000000000e+00
0.000000000000000000e+00
0.000000000000000000e+00
0.000000000000000000e+00
0.000000000000000000e+00
0.000000000000000000e+00
0.000000000000000000e+00
0.000000000000000000e+00
0.000000000000000000e+00
4.576658830046653748e-03
0.000000000000000000e+00
0.000000000000000000e+00
0.000000000000000000e+00
0.000000000000000000e+00
0.000000000000000000e+00
0.000000000000000000e+00
0.000000000000000000e+00
0.000000000000000000e+00
2.247191034257411957e-03
0.000000000000000000e+00
0.000000000000000000e+00
0.000000000000000000e+00
0.000000000000000000e+00
0.000000000000000000e+00
0.000000000000000000e+00
0.000000000000000000e+00
0.000000000000000000e+00
8.319467306137084961e-04
0.000000000000000000e+00
0.000000000000000000e+00
0.000000000000000000e+00
0.000000000000000000e+00
1.474926248192787170e-03
2.459016395732760429e-03
0.000000000000000000e+00
0.000000000000000000e+00
0.000000000000000000e+00
0.000000000000000000e+00
2.336448524147272110e-03
0.000000000000000000e+00
0.000000000000000000e+00
0.000000000000000000e+00
0.000000000000000000e+00
0.000000000000000000e+00
1.071811304427683353e-03
2.352941082790493965e-03
0.000000000000000000e+00
0.000000000000000000e+00
0.000000000000000000e+00
0.000000000000000000e+00
0.000000000000000000e+00
3.039513714611530304e-03
2.169197425246238708e-03
0.000000000000000000e+00
0.000000000000000000e+00
1.377410488203167915e-03
3.663003677502274513e-03
1.512859249487519264e-03
0.000000000000000000e+00
0.000000000000000000e+00
5.361930467188358307e-03
0.000000000000000000e+00
8.710801484994590282e-04
1.811594236642122269e-03
1.127395662479102612e-03
1.403508824296295643e-03
0.000000000000000000e+00
1.367989112623035908e-03
8.928571478463709354e-04
0.000000000000000000e+00
1.980198081582784653e-03
0.000000000000000000e+00
1.485884073190391064e-03
1.280409749597311020e-03
0.000000000000000000e+00
0.000000000000000000e+00
0.000000000000000000e+00
0.000000000000000000e+00
0.000000000000000000e+00
0.000000000000000000e+00
2.706359839066863060e-03
0.000000000000000000e+00
1.122334506362676620e-03
2.036659978330135345e-03
1.863932935521006584e-03
2.570694079622626305e-03
3.968254197388887405e-03
1.531393616460263729e-03
0.000000000000000000e+00
0.000000000000000000e+00
1.683501643128693104e-03
1.845018472522497177e-03
3.076923079788684845e-03
0.000000000000000000e+00
1.308900536969304085e-03
1.709401723928749561e-03
5.025125574320554733e-03
3.952569328248500824e-03
1.200480153784155846e-03
2.478314796462655067e-03
1.543209888041019440e-03
5.457025952637195587e-03
7.360673043876886368e-03
1.124859438277781010e-03
6.607929710298776627e-03
2.447980456054210663e-03
0.000000000000000000e+00
4.058441612869501114e-03
0.000000000000000000e+00
1.648804638534784317e-03
3.442340763285756111e-03
2.652519848197698593e-03
3.105590119957923889e-03
5.434782709926366806e-03
3.937007859349250793e-03
3.778337500989437103e-03
4.604051355272531509e-03
0.000000000000000000e+00
0.000000000000000000e+00
7.290401030331850052e-03
4.040404222905635834e-03
0.000000000000000000e+00
2.159827155992388725e-03
2.673796843737363815e-03
2.369668334722518921e-03
1.094890478998422623e-02
0.000000000000000000e+00
2.949852496385574341e-03
9.812667034566402435e-03
7.128309458494186401e-03
3.296703333035111427e-03
5.474452394992113113e-03
8.264462463557720184e-03
2.469135913997888565e-03
9.250693954527378082e-03
8.247422985732555389e-03
3.333333414047956467e-03
5.641749128699302673e-03
4.801920615136623383e-03
1.102941203862428665e-02
4.449388012290000916e-03
9.174311533570289612e-03
1.030927803367376328e-02
9.159034118056297302e-03
5.641749128699302673e-03
5.791505798697471619e-03
6.237006280571222305e-03
6.160164251923561096e-03
6.122448947280645370e-03
9.326424449682235718e-03
1.037510018795728683e-02
1.637279614806175232e-02
3.994673956185579300e-03
6.393861956894397736e-03
5.326231475919485092e-03
1.168831158429384232e-02
1.607142947614192963e-02
3.076923079788684845e-03
5.086469929665327072e-03
1.259445864707231522e-02
1.264222525060176849e-02
9.708737954497337341e-03
0.000000000000000000e+00
8.431702852249145508e-03
1.766784465871751308e-03
1.403508801013231277e-02
5.594405811280012131e-03
1.584506966173648834e-02
6.329114083200693130e-03
1.567749120295047760e-02
1.494252867996692657e-02
1.085481699556112289e-02
8.291874080896377563e-03
1.722723618149757385e-02
9.090908803045749664e-03
8.517887443304061890e-03
1.149425283074378967e-02
1.171875000000000000e-02
2.028397656977176666e-02
2.222222276031970978e-02
1.679586619138717651e-02
2.386634796857833862e-02
1.461988314986228943e-02
1.518691610544919968e-02
1.512605044990777969e-02
1.503759436309337616e-02
1.734820380806922913e-02
1.108374353498220444e-02
1.286173611879348755e-02
1.844532229006290436e-02
2.165354415774345398e-02
1.841359771788120270e-02
2.272727340459823608e-02
1.522842608392238617e-02
3.248587623238563538e-02
9.900989942252635956e-03
1.188454963266849518e-02
1.062417030334472656e-02
2.366863936185836792e-02
2.599009871482849121e-02
1.646542176604270935e-02
1.151315774768590927e-02
1.070663798600435257e-02
7.537688594311475754e-03
1.183431968092918396e-02
1.475409790873527527e-02
1.433389540761709213e-02
2.579365111887454987e-02
1.238390058279037476e-02
2.321428619325160980e-02
1.430274173617362976e-02
2.611940354108810425e-02
3.016759827733039856e-02
2.096435986459255219e-02
1.517706550657749176e-02
1.458670943975448608e-02
1.756440289318561554e-02
2.238805964589118958e-02
3.533568978309631348e-02
1.373283378779888153e-02
2.582159638404846191e-02
1.949860714375972748e-02
2.784810215234756470e-02
2.080624178051948547e-02
2.720348164439201355e-02
1.705426350235939026e-02
1.204819232225418091e-02
1.914580352604389191e-02
2.020202018320560455e-02
3.184713423252105713e-02
2.527472563087940216e-02
2.979515865445137024e-02
2.220077253878116608e-02
2.055498398840427399e-02
1.758241839706897736e-02
2.765957452356815338e-02
2.425578795373439789e-02
3.805175051093101501e-02
2.312138676643371582e-02
2.426343224942684174e-02
2.712815627455711365e-02
1.839464902877807617e-02
2.447552420198917389e-02
3.290870413184165955e-02
1.785714365541934967e-02
2.163461595773696899e-02
2.627511508762836456e-02
2.583333291113376617e-02
2.545968815684318542e-02
2.288021519780158997e-02
3.394625335931777954e-02
1.993864960968494415e-02
1.858108118176460266e-02
2.053140103816986084e-02
3.621495142579078674e-02
2.263083495199680328e-02
3.686635941267013550e-02
3.117309324443340302e-02
3.852080181241035461e-02
3.018268384039402008e-02
1.339285727590322495e-02
3.195739164948463440e-02
3.694874793291091919e-02
4.465493932366371155e-02
3.243243321776390076e-02
2.898550778627395630e-02
3.550295904278755188e-02
3.409091010689735413e-02
3.246753290295600891e-02
3.551912680268287659e-02
1.999999955296516418e-02
4.691357910633087158e-02
4.078014194965362549e-02
2.754491008818149567e-02
4.177215322852134705e-02
1.488833781331777573e-02
3.582554683089256287e-02
3.049555234611034393e-02
4.407713562250137329e-02
3.370786458253860474e-02
3.209242597222328186e-02
3.442623093724250793e-02
2.352941222488880157e-02
2.777777798473834991e-02
3.125000000000000000e-02
3.497942537069320679e-02
2.901554480195045471e-02
3.924221917986869812e-02
2.914798259735107422e-02
2.034883759915828705e-02
3.602620214223861694e-02
3.715670481324195862e-02
5.882352963089942932e-02
3.420195356011390686e-02
3.698435425758361816e-02
3.872889652848243713e-02
3.458213433623313904e-02
3.534031286835670471e-02
3.794369474053382874e-02
2.935779839754104614e-02
3.912543132901191711e-02
4.745762795209884644e-02
2.559415064752101898e-02
3.128153458237648010e-02
3.611111268401145935e-02
2.690582908689975739e-02
3.030303120613098145e-02
3.473684191703796387e-02
3.180914372205734253e-02
4.265997558832168579e-02
2.966101653873920441e-02
2.962085232138633728e-02
2.053712494671344757e-02
3.827751055359840393e-02
2.893309295177459717e-02
2.598752640187740326e-02
4.075829312205314636e-02
3.747072443366050720e-02
3.928170725703239441e-02
3.151862323284149170e-02
4.535398259758949280e-02
3.752345219254493713e-02
3.115264885127544403e-02
3.496503457427024841e-02
4.341085255146026611e-02
4.140786826610565186e-02
3.860294073820114136e-02
2.935010567307472229e-02
3.183791786432266235e-02
4.571428522467613220e-02
6.337135285139083862e-02
2.583025768399238586e-02
2.903225831687450409e-02
3.561253473162651062e-02
2.722772210836410522e-02
4.166666790843009949e-02
2.649006620049476624e-02
5.639614909887313843e-02
3.448275849223136902e-02
4.017857089638710022e-02
3.654485195875167847e-02
3.709677234292030334e-02
3.608247265219688416e-02
3.846153989434242249e-02
4.728546366095542908e-02
3.879728540778160095e-02
3.236246109008789062e-02
4.405286163091659546e-02
3.752039000391960144e-02
5.164319276809692383e-02
3.935185074806213379e-02
1.747572794556617737e-02
4.866562038660049438e-02
3.966942057013511658e-02
3.137255087494850159e-02
5.039370059967041016e-02
4.807692393660545349e-02
5.105633661150932312e-02
3.171641752123832703e-02
3.732638806104660034e-02
4.351767897605895996e-02
3.757225349545478821e-02
5.500450730323791504e-02
4.393063485622406006e-02
4.137931019067764282e-02
3.081232495605945587e-02
4.816513881087303162e-02
6.375838816165924072e-02
5.872483178973197937e-02
3.271028026938438416e-02
2.340702153742313385e-02
2.764976955950260162e-02
4.201680794358253479e-02
6.172839552164077759e-02
5.357142910361289978e-02
3.820816799998283386e-02
4.086845368146896362e-02
3.863037750124931335e-02
5.425531789660453796e-02
3.421461954712867737e-02
4.045307263731956482e-02
6.547619402408599854e-02
3.514739125967025757e-02
3.114754147827625275e-02
4.446461051702499390e-02
4.038004577159881592e-02
3.422053158283233643e-02
3.712871298193931580e-02
3.654822334647178650e-02
3.931451588869094849e-02
3.564154729247093201e-02
3.917050734162330627e-02
4.235727339982986450e-02
4.135338217020034790e-02
4.592901840806007385e-02
4.038461670279502869e-02
3.536585345864295959e-02
2.489626593887805939e-02
4.567307606339454651e-02
5.686274543404579163e-02
3.781979903578758240e-02
3.961584717035293579e-02
5.400192737579345703e-02
4.304635897278785706e-02
4.227212816476821899e-02
4.918032884597778320e-02
2.825552783906459808e-02
4.410012066364288330e-02
4.871794953942298889e-02
4.656319320201873779e-02
3.386004641652107239e-02
4.203539714217185974e-02
3.319502249360084534e-02
4.406474903225898743e-02
4.550155252218246460e-02
3.002309426665306091e-02
4.043126851320266724e-02
4.028021171689033508e-02
4.476275667548179626e-02
5.105633661150932312e-02
4.887218028306961060e-02
4.193138331174850464e-02
4.516938701272010803e-02
3.590664267539978027e-02
5.000000074505805969e-02
4.724409431219100952e-02
4.456521570682525635e-02
3.083700500428676605e-02
4.057591781020164490e-02
3.190013766288757324e-02
4.035216569900512695e-02
3.988603875041007996e-02
4.537205025553703308e-02
3.818953409790992737e-02
4.312668368220329285e-02
4.566635563969612122e-02
5.252100899815559387e-02
3.894080966711044312e-02
5.293005704879760742e-02
5.346820876002311707e-02
5.277777835726737976e-02
5.015045031905174255e-02
3.791469335556030273e-02
4.738562181591987610e-02
5.352798104286193848e-02
4.073714837431907654e-02
4.798761755228042603e-02
5.562742426991462708e-02
4.511278122663497925e-02
3.754266351461410522e-02
4.848484694957733154e-02
5.128205195069313049e-02
2.480916120111942291e-02
3.754266351461410522e-02
6.315789371728897095e-02
4.551920294761657715e-02
5.148205906152725220e-02
4.143337160348892212e-02
4.261363670229911804e-02
3.135313466191291809e-02
3.825136646628379822e-02
5.994005873799324036e-02
4.035874456167221069e-02
5.486725643277168274e-02
4.107142984867095947e-02
5.610560998320579529e-02
3.539822995662689209e-02
4.467353969812393188e-02
4.695652052760124207e-02
4.864864796400070190e-02
3.621495142579078674e-02
4.357541725039482117e-02
4.834054782986640930e-02
4.863221943378448486e-02
4.645760729908943176e-02
7.024793326854705811e-02
4.065827652812004089e-02
4.138702526688575745e-02
5.053449794650077820e-02
4.395604506134986877e-02
4.451510310173034668e-02
5.042918398976325989e-02
4.766355082392692566e-02
4.148783907294273376e-02
4.871794953942298889e-02
3.742690011858940125e-02
2.979274652898311615e-02
2.727272734045982361e-02
3.359858691692352295e-02
4.753199219703674316e-02
4.888888821005821228e-02
3.791469335556030273e-02
5.600000172853469849e-02
3.902439028024673462e-02
2.673796750605106354e-02
4.981319978833198547e-02
5.345061048865318298e-02
3.959390893578529358e-02
1.369863003492355347e-02
4.207119718194007874e-02
5.378973111510276794e-02
3.545232117176055908e-02
5.420054122805595398e-02
4.805194959044456482e-02
4.751131311058998108e-02
4.431314766407012939e-02
4.151838645339012146e-02
4.580152779817581177e-02
3.554502502083778381e-02
3.776223957538604736e-02
3.104575164616107941e-02
5.279034748673439026e-02
3.846153989434242249e-02
3.631532192230224609e-02
6.443914026021957397e-02
3.440094739198684692e-02
3.457446768879890442e-02
4.527559131383895874e-02
5.215827375650405884e-02
4.629629477858543396e-02
5.257009342312812805e-02
3.324808180332183838e-02
4.641909897327423096e-02
3.473053872585296631e-02
4.994903132319450378e-02
1.718213036656379700e-02
5.123966932296752930e-02
3.743315488100051880e-02
4.833333194255828857e-02
3.839122503995895386e-02
4.564907401800155640e-02
4.562043771147727966e-02
4.726368188858032227e-02
5.275779217481613159e-02
4.447632655501365662e-02
3.846153989434242249e-02
4.792746156454086304e-02
4.523580521345138550e-02
2.191780880093574524e-02
4.176158085465431213e-02
3.636363521218299866e-02
3.849765285849571228e-02
4.045307263731956482e-02
3.474484384059906006e-02
3.891050443053245544e-02
4.766269400715827942e-02
4.014598578214645386e-02
4.054053872823715210e-02
4.440789297223091125e-02
4.465849325060844421e-02
4.251386225223541260e-02
3.831417486071586609e-02
4.920405149459838867e-02
2.685623988509178162e-02
4.545454680919647217e-02
5.363321676850318909e-02
4.449152573943138123e-02
5.370370298624038696e-02
6.060606241226196289e-02
4.844290763139724731e-02
4.113475233316421509e-02
2.662229537963867188e-02
5.094339698553085327e-02
5.042816326022148132e-02
3.428571298718452454e-02
6.273062527179718018e-02
3.139717504382133484e-02
4.755043238401412964e-02
6.055646389722824097e-02
5.680317059159278870e-02
5.603448301553726196e-02
4.581901431083679199e-02
4.195804148912429810e-02
5.799151211977005005e-02
7.085346430540084839e-02
5.284973978996276855e-02
4.878048598766326904e-02
4.697986692190170288e-02
5.139186233282089233e-02
3.221083432435989380e-02
4.247572645545005798e-02
4.244482144713401794e-02
4.565537720918655396e-02
5.330490320920944214e-02
4.077669978141784668e-02
3.105590119957923889e-02
4.441453516483306885e-02
5.847076326608657837e-02
4.569190740585327148e-02
4.644412174820899963e-02
4.926764219999313354e-02
6.360946595668792725e-02
5.197132751345634460e-02
2.622377686202526093e-02
3.899371251463890076e-02
4.044943675398826599e-02
4.805491864681243896e-02
3.641456738114356995e-02
4.846335574984550476e-02
3.296703472733497620e-02
4.816513881087303162e-02
5.378151312470436096e-02
5.037513375282287598e-02
4.963235184550285339e-02
5.033238232135772705e-02
4.454343020915985107e-02
3.591682389378547668e-02
4.574132338166236877e-02
3.968254104256629944e-02
4.892966523766517639e-02
4.754098504781723022e-02
4.426787793636322021e-02
3.656998649239540100e-02
5.426356568932533264e-02
4.761904850602149963e-02
4.913557693362236023e-02
3.651685267686843872e-02
4.940119758248329163e-02
4.036697372794151306e-02
4.529616609215736389e-02
4.511278122663497925e-02
2.989130467176437378e-02
4.694323241710662842e-02
5.167464166879653931e-02
4.287901893258094788e-02
4.577464610338211060e-02
3.310104459524154663e-02
4.021447896957397461e-02
4.077669978141784668e-02
5.355494096875190735e-02
4.187192022800445557e-02
3.731343150138854980e-02
5.115345865488052368e-02
4.593639448285102844e-02
4.949381202459335327e-02
3.999999910593032837e-02
4.492753744125366211e-02
4.926108196377754211e-02
4.421221837401390076e-02
4.149933159351348877e-02
4.718217626214027405e-02
4.210526496171951294e-02
4.878048598766326904e-02
5.942275002598762512e-02
5.234159901738166809e-02
4.062909632921218872e-02
3.082191757857799530e-02
5.535055324435234070e-02
4.920914024114608765e-02
4.914285615086555481e-02
4.199999943375587463e-02
4.510451108217239380e-02
3.614457696676254272e-02
4.825090616941452026e-02
2.719033323228359222e-02
4.783950746059417725e-02
4.622871056199073792e-02
4.609929025173187256e-02
4.761904850602149963e-02
5.519897118210792542e-02
4.573547467589378357e-02
5.623901635408401489e-02
4.133064672350883484e-02
4.526748880743980408e-02
5.079825967550277710e-02
3.233256191015243530e-02
4.513399302959442139e-02
4.867256805300712585e-02
5.498981848359107971e-02
3.839732706546783447e-02
3.720930218696594238e-02
3.313840180635452271e-02
5.414364486932754517e-02
4.181184619665145874e-02
3.816793859004974365e-02
4.687500000000000000e-02
6.373292952775955200e-02
3.932584449648857117e-02
3.607214614748954773e-02
3.217821940779685974e-02
4.978037998080253601e-02
3.217503055930137634e-02
3.527815639972686768e-02
4.209183529019355774e-02
3.209242597222328186e-02
4.245709255337715149e-02
4.119318351149559021e-02
4.697157070040702820e-02
4.945055022835731506e-02
3.498542308807373047e-02
3.890641406178474426e-02
5.086579918861389160e-02
5.295950174331665039e-02
5.179283022880554199e-02
5.116279050707817078e-02
3.978779911994934082e-02
3.703703731298446655e-02
4.605263099074363708e-02
6.057268753647804260e-02
3.655352443456649780e-02
6.952965259552001953e-02
4.995197057723999023e-02
4.266666620969772339e-02
5.160550400614738464e-02
4.382470250129699707e-02
3.947368264198303223e-02
4.725274816155433655e-02
4.525547474622726440e-02
5.913978442549705505e-02
4.460966587066650391e-02
4.166666790843009949e-02
4.823529347777366638e-02
3.431372717022895813e-02
4.402515664696693420e-02
5.256064608693122864e-02
5.106778070330619812e-02
7.462686300277709961e-02
5.324675142765045166e-02
5.000000074505805969e-02
4.509017989039421082e-02
4.220398515462875366e-02
6.622516363859176636e-02
4.830287024378776550e-02
5.862069129943847656e-02
3.460207581520080566e-02
4.225352033972740173e-02
5.035971105098724365e-02
3.488372266292572021e-02
4.201680794358253479e-02
6.777995824813842773e-02
4.736129939556121826e-02
4.338843002915382385e-02
4.609218612313270569e-02
5.256410315632820129e-02
5.899280682206153870e-02
5.534351244568824768e-02
4.490500688552856445e-02
4.115226492285728455e-02
4.910179600119590759e-02
4.907975345849990845e-02
4.299363121390342712e-02
3.058104030787944794e-02
4.116638004779815674e-02
5.272255837917327881e-02
2.461538463830947876e-02
4.092339798808097839e-02
4.518663883209228516e-02
5.310880765318870544e-02
4.280618205666542053e-02
3.578154370188713074e-02
5.592543259263038635e-02
4.308202117681503296e-02
4.171364009380340576e-02
4.358353465795516968e-02
4.838709533214569092e-02
3.481012582778930664e-02
3.539822995662689209e-02
5.714285746216773987e-02
4.227212816476821899e-02
5.503512918949127197e-02
4.642857238650321960e-02
4.713804647326469421e-02
3.856749460101127625e-02
4.280618205666542053e-02
3.492647036910057068e-02
4.791029542684555054e-02
5.220228433609008789e-02
3.799999877810478210e-02
4.533333331346511841e-02
5.338078364729881287e-02
3.545051813125610352e-02
3.678929805755615234e-02
3.135888651013374329e-02
6.754221022129058838e-02
5.991735681891441345e-02
5.124653875827789307e-02
4.486422613263130188e-02
4.517453908920288086e-02
6.913183629512786865e-02
3.502415493130683899e-02
4.225352033972740173e-02
6.691449880599975586e-02
5.995717272162437439e-02
4.315197095274925232e-02
3.597883507609367371e-02
3.727272897958755493e-02
4.984423518180847168e-02
6.265060603618621826e-02
4.389312863349914551e-02
3.755458444356918335e-02
3.937007859349250793e-02
4.181818291544914246e-02
4.861111193895339966e-02
2.531645633280277252e-02
5.047748982906341553e-02
4.582651332020759583e-02
4.634581133723258972e-02
4.184100404381752014e-02
3.814262151718139648e-02
5.436156690120697021e-02
2.199661545455455780e-02
3.881987556815147400e-02
3.966005519032478333e-02
4.429678991436958313e-02
5.804111063480377197e-02
3.314917162060737610e-02
4.797601327300071716e-02
1.600000075995922089e-02
5.660377442836761475e-02
5.078597366809844971e-02
4.895104840397834778e-02
5.446293577551841736e-02
3.448275849223136902e-02
4.891922697424888611e-02
5.665235966444015503e-02
3.675048425793647766e-02
3.310104459524154663e-02
4.074702784419059753e-02
3.950953856110572815e-02
4.629629477858543396e-02
3.773584961891174316e-02
3.771131485700607300e-02
4.427083209156990051e-02
3.953148052096366882e-02
5.000000074505805969e-02
4.823151230812072754e-02
5.905006453394889832e-02
3.816793859004974365e-02
4.534313827753067017e-02
6.126482039690017700e-02
6.205250695347785950e-02
6.568516790866851807e-02
3.346203267574310303e-02
4.132973775267601013e-02
4.590665549039840698e-02
5.485232174396514893e-02
4.271844774484634399e-02
3.984063863754272461e-02
4.669887199997901917e-02
5.595855042338371277e-02
5.813953652977943420e-02
3.524228930473327637e-02
4.460966587066650391e-02
5.234656855463981628e-02
4.663774371147155762e-02
3.901895135641098022e-02
4.387568682432174683e-02
3.189066052436828613e-02
3.543307259678840637e-02
4.366812109947204590e-02
8.067940920591354370e-02
4.855842143297195435e-02
5.561276897788047791e-02
5.025996640324592590e-02
4.462659358978271484e-02
5.194805189967155457e-02
3.619909659028053284e-02
4.411764815449714661e-02
4.283801838755607605e-02
4.228855669498443604e-02
4.145077615976333618e-02
4.519774019718170166e-02
3.448275849223136902e-02
4.722792655229568481e-02
3.294573724269866943e-02
4.756980389356613159e-02
3.890160098671913147e-02
2.631578966975212097e-02
3.947368264198303223e-02
4.347826167941093445e-02
3.318250551819801331e-02
4.207436367869377136e-02
5.154639109969139099e-02
5.723370611667633057e-02
4.725085943937301636e-02
4.432855173945426941e-02
5.018587410449981689e-02
4.843049496412277222e-02
4.761904850602149963e-02
3.501094132661819458e-02
5.000000074505805969e-02
4.942965880036354065e-02
2.903811261057853699e-02
5.038335174322128296e-02
4.730617627501487732e-02
4.585538059473037720e-02
3.121516108512878418e-02
5.411499366164207458e-02
5.031446367502212524e-02
4.393305256962776184e-02
3.168044239282608032e-02
4.250000044703483582e-02
5.485232174396514893e-02
3.523489832878112793e-02
4.054053872823715210e-02
3.841059654951095581e-02
4.923413693904876709e-02
4.331682994961738586e-02
5.970149114727973938e-02
4.572098329663276672e-02
4.534005001187324524e-02
5.296342819929122925e-02
5.420054122805595398e-02
4.882459342479705811e-02
3.978779911994934082e-02
5.078808963298797607e-02
3.081232495605945587e-02
4.690265655517578125e-02
3.296703472733497620e-02
4.188481718301773071e-02
2.878598310053348541e-02
3.481392562389373779e-02
5.344827473163604736e-02
3.809523954987525940e-02
5.520702525973320007e-02
4.588910192251205444e-02
4.399999976158142090e-02
4.293628782033920288e-02
5.925925821065902710e-02
6.222222372889518738e-02
5.387647822499275208e-02
6.143344566226005554e-02
5.314009636640548706e-02
5.976095795631408691e-02
5.424954742193222046e-02
4.647159948945045471e-02
5.724507942795753479e-02
3.673469275236129761e-02
4.263566061854362488e-02
5.555555596947669983e-02
4.886769875884056091e-02
5.524079501628875732e-02
4.367469996213912964e-02
4.084967449307441711e-02
3.810775279998779297e-02
4.702194407582283020e-02
4.478827491402626038e-02
4.778554663062095642e-02
4.416961222887039185e-02
3.562005236744880676e-02
3.291536122560501099e-02
4.659498110413551331e-02
5.141843855381011963e-02
4.487179592251777649e-02
3.475935757160186768e-02
4.325032606720924377e-02
3.646833077073097229e-02
5.375253409147262573e-02
5.524079501628875732e-02
4.945055022835731506e-02
5.000000074505805969e-02
5.680793523788452148e-02
5.145630985498428345e-02
4.330312088131904602e-02
5.105633661150932312e-02
3.850385174155235291e-02
4.850746318697929382e-02
5.121293663978576660e-02
4.871447756886482239e-02
5.806451663374900818e-02
3.058823570609092712e-02
3.988603875041007996e-02
5.525606498122215271e-02
4.987531155347824097e-02
5.617977678775787354e-02
3.684210404753684998e-02
4.906054213643074036e-02
3.504928946495056152e-02
4.772991687059402466e-02
4.559270665049552917e-02
4.889975488185882568e-02
3.102625347673892975e-02
6.966618448495864868e-02
4.482758790254592896e-02
3.779366612434387207e-02
4.160475358366966248e-02
3.067484684288501740e-02
4.311152920126914978e-02
4.607721045613288879e-02
4.038004577159881592e-02
4.843749850988388062e-02
5.739514529705047607e-02
4.540162906050682068e-02
3.623188287019729614e-02
4.861111193895339966e-02
4.567901417613029480e-02
3.720238059759140015e-02
3.746397793292999268e-02
4.895104840397834778e-02
5.776636675000190735e-02
3.886925801634788513e-02
2.908277325332164764e-02
4.347826167941093445e-02
5.350553616881370544e-02
5.619596689939498901e-02
5.835962295532226562e-02
5.367561429738998413e-02
5.010019987821578979e-02
4.139834269881248474e-02
4.050404950976371765e-02
6.666667014360427856e-02
4.801097512245178223e-02
3.619047626852989197e-02
3.960395976901054382e-02
4.823151230812072754e-02
3.846153989434242249e-02
3.968254104256629944e-02
5.150214582681655884e-02
4.250796884298324585e-02
5.386740341782569885e-02
3.957783803343772888e-02
4.553734138607978821e-02
4.693611338734626770e-02
5.829596519470214844e-02
2.846975065767765045e-02
5.092091113328933716e-02
6.463414430618286133e-02
3.439153358340263367e-02
4.654442891478538513e-02
4.327666014432907104e-02
5.331753566861152649e-02
6.046511605381965637e-02
6.578947603702545166e-02
4.581901431083679199e-02
3.566710650920867920e-02
2.890792302787303925e-02
3.280423209071159363e-02
5.348837375640869141e-02
5.090909078717231750e-02
4.829545319080352783e-02
4.181494563817977905e-02
3.969269990921020508e-02
3.861003741621971130e-02
5.151515081524848938e-02
5.061867088079452515e-02
4.545454680919647217e-02
5.330490320920944214e-02
4.275286942720413208e-02
5.647516995668411255e-02
4.713493585586547852e-02
3.913630172610282898e-02
4.347826167941093445e-02
2.953020110726356506e-02
3.321678191423416138e-02
3.234152495861053467e-02
1.652892492711544037e-02
5.870445445179939270e-02
4.457652196288108826e-02
4.298245534300804138e-02
5.660377442836761475e-02
4.810126498341560364e-02
3.608247265219688416e-02
4.137931019067764282e-02
3.578947484493255615e-02
4.152823984622955322e-02
6.346483528614044189e-02
3.685503825545310974e-02
3.970223292708396912e-02
5.147058889269828796e-02
4.192546755075454712e-02
5.721716582775115967e-02
4.946653917431831360e-02
3.395399823784828186e-02
2.543720230460166931e-02
4.567901417613029480e-02
3.676470741629600525e-02
3.645833209156990051e-02
3.137255087494850159e-02
4.920914024114608765e-02
3.284258395433425903e-02
5.365296825766563416e-02
6.193353608250617981e-02
4.415954276919364929e-02
4.426002874970436096e-02
3.715170174837112427e-02
3.996367007493972778e-02
4.888888821005821228e-02
6.973684579133987427e-02
5.073170736432075500e-02
5.103280767798423767e-02
4.713804647326469421e-02
4.347826167941093445e-02
5.037036910653114319e-02
4.806565120816230774e-02
4.327485337853431702e-02
4.084158316254615784e-02
5.370844155550003052e-02
5.799999833106994629e-02
5.394190922379493713e-02
5.256064608693122864e-02
5.159705132246017456e-02
4.470588266849517822e-02
5.373831838369369507e-02
4.142011702060699463e-02
3.878902643918991089e-02
4.033613577485084534e-02
3.151260688900947571e-02
5.515239387750625610e-02
5.535055324435234070e-02
4.231974855065345764e-02
4.708520323038101196e-02
4.754481837153434753e-02
5.496453866362571716e-02
4.142582044005393982e-02
4.616998881101608276e-02
3.837953135371208191e-02
4.393939301371574402e-02
2.443281002342700958e-02
4.911955446004867554e-02
4.736842215061187744e-02
3.764115273952484131e-02
6.042654067277908325e-02
4.618473723530769348e-02
3.157894685864448547e-02
5.804480612277984619e-02
5.122950673103332520e-02
5.829596519470214844e-02
4.359925910830497742e-02
5.757931992411613464e-02
4.417293146252632141e-02
4.566744714975357056e-02
4.617834463715553284e-02
3.130434826016426086e-02
3.994673863053321838e-02
3.729281947016716003e-02
4.830917716026306152e-02
4.805491864681243896e-02
2.896725386381149292e-02
4.196816310286521912e-02
5.103969573974609375e-02
3.933747485280036926e-02
5.927835032343864441e-02
5.043050274252891541e-02
5.104408413171768188e-02
3.968254104256629944e-02
6.641124188899993896e-02
4.477611929178237915e-02
2.554744482040405273e-02
5.011933296918869019e-02
4.568528011441230774e-02
4.627766460180282593e-02
3.636363521218299866e-02
5.375253409147262573e-02
4.719387739896774292e-02
4.283604025840759277e-02
3.161592409014701843e-02
4.629629477858543396e-02
5.329949408769607544e-02
4.390243813395500183e-02
5.658056586980819702e-02
3.288672491908073425e-02
4.160688817501068115e-02
5.642633140087127686e-02
5.076741427183151245e-02
4.901960864663124084e-02
3.591682389378547668e-02
3.750000149011611938e-02
4.577968642115592957e-02
4.272517189383506775e-02
3.879849985241889954e-02
4.137931019067764282e-02
4.439252242445945740e-02
4.615384712815284729e-02
5.000000074505805969e-02
5.256570875644683838e-02
5.566600337624549866e-02
4.056162387132644653e-02
5.588822439312934875e-02
3.651685267686843872e-02
4.939919710159301758e-02
4.237288236618041992e-02
4.137931019067764282e-02
4.602510482072830200e-02
4.403408989310264587e-02
4.457142949104309082e-02
4.563031718134880066e-02
6.801470369100570679e-02
4.494382068514823914e-02
2.637362666428089142e-02
4.073319584131240845e-02
5.491990968585014343e-02
5.149051547050476074e-02
4.694323241710662842e-02
5.846153944730758667e-02
4.166666790843009949e-02
5.009823292493820190e-02
5.389908328652381897e-02
4.947669059038162231e-02
5.319149047136306763e-02
5.182926729321479797e-02
5.280528217554092407e-02
6.015037745237350464e-02
4.840370640158653259e-02
4.918032884597778320e-02
5.882352963089942932e-02
5.122950673103332520e-02
6.625577807426452637e-02
3.738317638635635376e-02
3.917910531163215637e-02
3.280543163418769836e-02
2.777777798473834991e-02
5.174825340509414673e-02
3.989361599087715149e-02
5.113636329770088196e-02
3.836633637547492981e-02
5.683836713433265686e-02
4.399999976158142090e-02
4.735375940799713135e-02
4.166666790843009949e-02
6.250000000000000000e-02
3.898305073380470276e-02
2.857142873108386993e-02
4.280155524611473083e-02
3.964757546782493591e-02
2.067946828901767731e-02
5.357142910361289978e-02
3.189792484045028687e-02
5.049594119191169739e-02
3.871829062700271606e-02
3.941908851265907288e-02
5.750000104308128357e-02
3.976608067750930786e-02
4.654895514249801636e-02
7.040704041719436646e-02
3.932584449648857117e-02
5.241935327649116516e-02
3.392857313156127930e-02
4.301075264811515808e-02
5.110336840152740479e-02
4.644549638032913208e-02
4.665629938244819641e-02
5.294705182313919067e-02
6.072106212377548218e-02
4.773869365453720093e-02
4.906542226672172546e-02
5.153203383088111877e-02
4.583333432674407959e-02
5.218855291604995728e-02
4.738878086209297180e-02
4.668534174561500549e-02
4.089979454874992371e-02
5.882352963089942932e-02
5.954466015100479126e-02
6.051873043179512024e-02
5.414012819528579712e-02
4.219948872923851013e-02
5.544148012995719910e-02
3.220339119434356689e-02
4.278728738427162170e-02
5.591677501797676086e-02
3.608247265219688416e-02
5.359661579132080078e-02
4.123711213469505310e-02
3.389830514788627625e-02
1.477832533419132233e-02
5.888324975967407227e-02
4.396551847457885742e-02
3.377563506364822388e-02
5.677291005849838257e-02
4.869358614087104797e-02
4.202719405293464661e-02
3.784860670566558838e-02
4.892367869615554810e-02
3.914893791079521179e-02
4.756097495555877686e-02
3.956834599375724792e-02
3.888024762272834778e-02
4.527559131383895874e-02
5.042016878724098206e-02
6.084396317601203918e-02
3.698435425758361816e-02
3.945371881127357483e-02
6.146572157740592957e-02
5.839416012167930603e-02
3.695150092244148254e-02
4.409857466816902161e-02
3.194103017449378967e-02
4.516806825995445251e-02
3.591953963041305542e-02
3.937007859349250793e-02
6.518904864788055420e-02
5.189620703458786011e-02
4.535865038633346558e-02
5.473965406417846680e-02
3.760683909058570862e-02
4.471544548869132996e-02
4.621309414505958557e-02
4.389312863349914551e-02
3.010033443570137024e-02
3.640776872634887695e-02
3.434610366821289062e-02
6.055045872926712036e-02
2.882483415305614471e-02
4.830287024378776550e-02
4.026845470070838928e-02
3.294117748737335205e-02
7.462686300277709961e-02
4.789719730615615845e-02
3.145478293299674988e-02
4.803493618965148926e-02
4.050279408693313599e-02
5.569007247686386108e-02
4.088050499558448792e-02
5.043859779834747314e-02
4.249668121337890625e-02
5.371900647878646851e-02
4.432132840156555176e-02
4.639684036374092102e-02
4.299065470695495605e-02
4.719763994216918945e-02
4.250295087695121765e-02
4.483430832624435425e-02
4.316546767950057983e-02
4.964539036154747009e-02
5.339805781841278076e-02
2.620087377727031708e-02
4.985754936933517456e-02
3.712871298193931580e-02
5.113636329770088196e-02
3.771131485700607300e-02
4.398826882243156433e-02
5.429864302277565002e-02
2.923976629972457886e-02
3.589743748307228088e-02
3.631961345672607422e-02
5.035128816962242126e-02
4.792332276701927185e-02
4.878048598766326904e-02
4.574565589427947998e-02
3.613053634762763977e-02
3.508771955966949463e-02
5.506216734647750854e-02
4.761904850602149963e-02
3.783101961016654968e-02
4.343105480074882507e-02
5.684210360050201416e-02
5.749128758907318115e-02
4.735883325338363647e-02
4.653567820787429810e-02
2.941176481544971466e-02
4.484304785728454590e-02
5.106382817029953003e-02
4.558011144399642944e-02
4.567307606339454651e-02
4.783599078655242920e-02
4.527559131383895874e-02
5.701754242181777954e-02
4.123711213469505310e-02
4.724409431219100952e-02
4.890605062246322632e-02
3.732303902506828308e-02
4.068522527813911438e-02
5.359661579132080078e-02
5.739299580454826355e-02
3.379721567034721375e-02
5.834463983774185181e-02
4.197080433368682861e-02
5.610098317265510559e-02
4.708520323038101196e-02
5.007587373256683350e-02
3.633491322398185730e-02
4.753673449158668518e-02
4.840764403343200684e-02
2.999999932944774628e-02
4.710144922137260437e-02
3.456790000200271606e-02
4.906937479972839355e-02
4.580152779817581177e-02
5.909090861678123474e-02
3.840682655572891235e-02
4.769736900925636292e-02
6.091370433568954468e-02
5.064935237169265747e-02
4.993597790598869324e-02
4.631379991769790649e-02
4.836193472146987915e-02
4.387291893362998962e-02
4.637336358428001404e-02
5.970149114727973938e-02
5.817610025405883789e-02
3.286384791135787964e-02
3.584229573607444763e-02
0.000000000000000000e+00
5.172413960099220276e-02
2.763819135725498199e-02
3.527336940169334412e-02
4.395604506134986877e-02
3.829787299036979675e-02
5.689789727330207825e-02
4.533091560006141663e-02
4.621848836541175842e-02
5.202312022447586060e-02
4.539385810494422913e-02
6.589147448539733887e-02
4.196816310286521912e-02
4.199773073196411133e-02
4.335532337427139282e-02
4.751131311058998108e-02
2.592592500150203705e-02
3.924914821982383728e-02
3.961584717035293579e-02
5.286343768239021301e-02
4.166666790843009949e-02
3.799019753932952881e-02
3.732162341475486755e-02
3.096539154648780823e-02
4.479065164923667908e-02
4.417670518159866333e-02
4.207920655608177185e-02
5.103148892521858215e-02
3.747072443366050720e-02
5.094905197620391846e-02
4.994324594736099243e-02
4.953560233116149902e-02
3.846153989434242249e-02
5.336426943540573120e-02
4.143126308917999268e-02
4.594180732965469360e-02
3.571428731083869934e-02
6.513410061597824097e-02
4.477611929178237915e-02
5.015197396278381348e-02
4.032257944345474243e-02
4.146919399499893188e-02
4.526748880743980408e-02
5.015045031905174255e-02
8.203125000000000000e-02
4.216867312788963318e-02
5.847953259944915771e-02
4.699453711509704590e-02
6.106194853782653809e-02
3.551912680268287659e-02
4.494382068514823914e-02
4.441624507308006287e-02
6.407035142183303833e-02
4.218750074505805969e-02
6.948640197515487671e-02
4.219030588865280151e-02
4.247104376554489136e-02
6.525285542011260986e-02
5.818673968315124512e-02
6.932409107685089111e-02
5.257510766386985779e-02
4.597701132297515869e-02
3.099730424582958221e-02
4.310344904661178589e-02
5.573248490691184998e-02
3.285870701074600220e-02
5.888031050562858582e-02
4.040404036641120911e-02
4.701397567987442017e-02
7.679180800914764404e-02
3.539822995662689209e-02
5.279999971389770508e-02
4.040404036641120911e-02
5.412156507372856140e-02
3.837719187140464783e-02
4.284412041306495667e-02
4.840764403343200684e-02
4.633204638957977295e-02
4.794520512223243713e-02
3.398058190941810608e-02
3.265305981040000916e-02
5.569306761026382446e-02
4.609929025173187256e-02
4.174572974443435669e-02
4.854368790984153748e-02
4.023845121264457703e-02
4.448938369750976562e-02
4.334365203976631165e-02
4.039301350712776184e-02
3.522205352783203125e-02
4.744525626301765442e-02
5.334626510739326477e-02
5.355776473879814148e-02
4.630788415670394897e-02
3.476482629776000977e-02
5.089820176362991333e-02
5.040872097015380859e-02
5.141128972172737122e-02
3.420195356011390686e-02
3.631284832954406738e-02
3.310104459524154663e-02
4.187817126512527466e-02
3.983656689524650574e-02
3.645008057355880737e-02
3.776978328824043274e-02
4.500000178813934326e-02
5.399792268872261047e-02
3.846153989434242249e-02
5.592543259263038635e-02
3.641456738114356995e-02
4.771371930837631226e-02
5.301455408334732056e-02
3.751803934574127197e-02
5.048076808452606201e-02
5.738705769181251526e-02
3.778677433729171753e-02
5.298912897706031799e-02
4.628501832485198975e-02
4.615384712815284729e-02
5.845181643962860107e-02
4.795918241143226624e-02
4.926108196377754211e-02
3.692307695746421814e-02
3.950617462396621704e-02
4.988123476505279541e-02
5.128205195069313049e-02
3.886010497808456421e-02
5.604203045368194580e-02
4.982206225395202637e-02
5.258126184344291687e-02
4.183006659150123596e-02
4.823529347777366638e-02
4.827586188912391663e-02
4.694835841655731201e-02
4.368932172656059265e-02
4.467353969812393188e-02
4.909284785389900208e-02
5.263157933950424194e-02
4.453441128134727478e-02
2.512562833726406097e-02
3.969465568661689758e-02
5.368098244071006775e-02
5.495818331837654114e-02
4.769475385546684265e-02
3.508771955966949463e-02
4.106280207633972168e-02
4.873096570372581482e-02
4.482758790254592896e-02
5.593719333410263062e-02
5.108055099844932556e-02
4.675324633717536926e-02
3.770491853356361389e-02
5.145413801074028015e-02
5.429864302277565002e-02
6.317044049501419067e-02
4.146341606974601746e-02
4.456327855587005615e-02
5.290322750806808472e-02
5.319149047136306763e-02
4.491018131375312805e-02
5.519480630755424500e-02
3.030303120613098145e-02
3.473053872585296631e-02
3.546797856688499451e-02
4.358353465795516968e-02
4.930662736296653748e-02
4.247990995645523071e-02
4.435483738780021667e-02
2.930402942001819611e-02
4.227405413985252380e-02
5.106382817029953003e-02
5.263157933950424194e-02
3.821656107902526855e-02
4.484732821583747864e-02
4.965243116021156311e-02
4.637681320309638977e-02
5.624142661690711975e-02
3.787195682525634766e-02
3.080568648874759674e-02
4.455445706844329834e-02
3.333333507180213928e-02
3.488372266292572021e-02
5.625717714428901672e-02
3.762136027216911316e-02
3.638644888997077942e-02
6.666667014360427856e-02
3.875134512782096863e-02
3.216783329844474792e-02
3.623188287019729614e-02
4.109589010477066040e-02
5.100182071328163147e-02
4.310344904661178589e-02
4.245283082127571106e-02
3.681885078549385071e-02
4.097452759742736816e-02
3.246753290295600891e-02
5.203938111662864685e-02
6.437768042087554932e-02
3.878583386540412903e-02
3.784403577446937561e-02
6.166868284344673157e-02
7.843137532472610474e-02
4.834605753421783447e-02
4.081632569432258606e-02
4.372842237353324890e-02
3.954802080988883972e-02
3.440367057919502258e-02
6.870228797197341919e-02
6.388889253139495850e-02
5.959475412964820862e-02
5.147058889269828796e-02
4.504504427313804626e-02
3.703703731298446655e-02
3.841229155659675598e-02
3.465346619486808777e-02
3.823529556393623352e-02
3.900156170129776001e-02
4.160000011324882507e-02
4.446640238165855408e-02
3.612716868519783020e-02
5.184174701571464539e-02
5.089058354496955872e-02
5.519053712487220764e-02
5.011933296918869019e-02
4.790419340133666992e-02
3.717472031712532043e-02
4.813359677791595459e-02
4.400977864861488342e-02
5.352798104286193848e-02
4.840483888983726501e-02
5.950413271784782410e-02
3.740157559514045715e-02
4.373177886009216309e-02
6.139153987169265747e-02
5.563093721866607666e-02
3.040540590882301331e-02
5.473372712731361389e-02
4.805725812911987305e-02
4.740740731358528137e-02
4.212454333901405334e-02
4.766839370131492615e-02
3.420195356011390686e-02
5.527638271450996399e-02
5.639097839593887329e-02
3.999999910593032837e-02
5.832320824265480042e-02
4.738154634833335876e-02
4.444444552063941956e-02
4.761904850602149963e-02
4.915514588356018066e-02
5.343511328101158142e-02
4.239765927195549011e-02
2.167182601988315582e-02
4.975124448537826538e-02
3.393665328621864319e-02
3.347732126712799072e-02
3.877551108598709106e-02
3.953871503472328186e-02
4.732142761349678040e-02
4.027618095278739929e-02
4.153686389327049255e-02
5.645161122083663940e-02
5.198776721954345703e-02
3.149606287479400635e-02
6.992337107658386230e-02
3.840682655572891235e-02
3.894472494721412659e-02
3.246073424816131592e-02
4.302670806646347046e-02
4.398447647690773010e-02
4.166666790843009949e-02
4.147465527057647705e-02
4.655870422720909119e-02
4.025617614388465881e-02
5.473098158836364746e-02
5.484693869948387146e-02
4.010349139571189880e-02
4.878048598766326904e-02
4.953917115926742554e-02
5.755395814776420593e-02
3.012912534177303314e-02
3.940886631608009338e-02
4.166666790843009949e-02
5.909090861678123474e-02
3.816793859004974365e-02
4.330312088131904602e-02
3.957382217049598694e-02
4.849884659051895142e-02
6.885758787393569946e-02
4.963503777980804443e-02
4.269294068217277527e-02
4.341317340731620789e-02
4.642857238650321960e-02
5.790646001696586609e-02
5.046480894088745117e-02
5.991440638899803162e-02
3.306878358125686646e-02
6.540880352258682251e-02
6.557376682758331299e-02
5.524861812591552734e-02
5.874673649668693542e-02
5.817174538969993591e-02
4.246284440159797668e-02
3.906250000000000000e-02
4.171779006719589233e-02
4.562043771147727966e-02
4.798761755228042603e-02
4.815229400992393494e-02
4.623655974864959717e-02
3.740648552775382996e-02
5.501618236303329468e-02
5.527638271450996399e-02
4.672897234559059143e-02
5.725190788507461548e-02
4.126984253525733948e-02
4.422604292631149292e-02
5.086470022797584534e-02
5.920000001788139343e-02
3.815260902047157288e-02
6.607142835855484009e-02
4.615384712815284729e-02
5.293276160955429077e-02
4.545454680919647217e-02
5.081967264413833618e-02
5.147679150104522705e-02
4.071856290102005005e-02
3.152364119887351990e-02
4.444444552063941956e-02
5.094494670629501343e-02
2.695763856172561646e-02
4.444444552063941956e-02
5.692803487181663513e-02
5.973451212048530579e-02
3.628446906805038452e-02
3.593749925494194031e-02
5.189620703458786011e-02
5.974026024341583252e-02
3.531598672270774841e-02
3.255813941359519958e-02
5.282331630587577820e-02
5.087209120392799377e-02
6.327372789382934570e-02
4.084720090031623840e-02
5.544354766607284546e-02
5.148005113005638123e-02
4.241435602307319641e-02
4.406130313873291016e-02
5.995475128293037415e-02
4.399524256587028503e-02
5.719237402081489563e-02
3.353658691048622131e-02
4.448398575186729431e-02
5.061559379100799561e-02
6.048906221985816956e-02
4.945055022835731506e-02
4.545454680919647217e-02
4.244482144713401794e-02
4.956629499793052673e-02
4.712041839957237244e-02
4.669260606169700623e-02
4.616998881101608276e-02
4.922644048929214478e-02
4.734411090612411499e-02
4.382470250129699707e-02
3.988183289766311646e-02
4.632152616977691650e-02
4.181184619665145874e-02
3.125000000000000000e-02
4.597701132297515869e-02
5.152838304638862610e-02
5.614406615495681763e-02
3.514739125967025757e-02
4.708797857165336609e-02
3.174603357911109924e-02
4.870466142892837524e-02
2.852203883230686188e-02
3.326180204749107361e-02
4.976671934127807617e-02
4.231974855065345764e-02
5.595668032765388489e-02
3.322258964180946350e-02
4.557885229587554932e-02
4.850746318697929382e-02
3.276539966464042664e-02
4.183006659150123596e-02
6.250000000000000000e-02
3.532008826732635498e-02
5.330882221460342407e-02
3.852889686822891235e-02
3.782894834876060486e-02
3.499079123139381409e-02
5.882352963089942932e-02
5.502846464514732361e-02
5.000000074505805969e-02
6.270996481180191040e-02
5.095541477203369141e-02
5.188067629933357239e-02
3.783783689141273499e-02
4.562268778681755066e-02
4.566210135817527771e-02
4.198473319411277771e-02
3.801169618964195251e-02
4.463586583733558655e-02
3.788904100656509399e-02
5.588235333561897278e-02
5.070994049310684204e-02
5.579399317502975464e-02
4.583333432674407959e-02
4.550758376717567444e-02
5.270863696932792664e-02
4.714285582304000854e-02
4.644412174820899963e-02
3.752759471535682678e-02
3.886925801634788513e-02
3.404255211353302002e-02
5.042016878724098206e-02
3.404255211353302002e-02
3.012048266828060150e-02
4.249668121337890625e-02
4.687500000000000000e-02
5.054509267210960388e-02
4.627006500959396362e-02
4.299584031105041504e-02
4.830287024378776550e-02
4.608788713812828064e-02
3.799185901880264282e-02
3.921568766236305237e-02
3.638814017176628113e-02
5.057251825928688049e-02
3.481012582778930664e-02
6.016260012984275818e-02
5.823068320751190186e-02
3.497409448027610779e-02
4.771371930837631226e-02
5.223880708217620850e-02
5.646359547972679138e-02
4.756870865821838379e-02
5.116958916187286377e-02
4.253214597702026367e-02
4.470588266849517822e-02
4.215456545352935791e-02
4.951560869812965393e-02
4.231311753392219543e-02
3.921568766236305237e-02
3.733955696225166321e-02
4.707560688257217407e-02
7.142857462167739868e-02
3.777544572949409485e-02
4.441260918974876404e-02
3.448275849223136902e-02
4.097116738557815552e-02
2.955665066838264465e-02
3.966346010565757751e-02
3.463855385780334473e-02
4.130809009075164795e-02
3.977272659540176392e-02
3.925620019435882568e-02
3.636363521218299866e-02
3.046357631683349609e-02
5.054945126175880432e-02
4.810495674610137939e-02
3.058510646224021912e-02
4.814443364739418030e-02
6.209150329232215881e-02
5.737704783678054810e-02
5.363128334283828735e-02
5.658436194062232971e-02
5.543237179517745972e-02
3.513174504041671753e-02
4.606060683727264404e-02
4.211956635117530823e-02
5.125408992171287537e-02
4.460431635379791260e-02
4.690117388963699341e-02
4.390243813395500183e-02
5.239180102944374084e-02
5.066921561956405640e-02
4.557640850543975830e-02
3.913043439388275146e-02
2.365591377019882202e-02
5.256869643926620483e-02
4.607046023011207581e-02
6.044538691639900208e-02
5.970149114727973938e-02
5.240174755454063416e-02
4.022988677024841309e-02
2.444987744092941284e-02
4.545454680919647217e-02
6.176783889532089233e-02
4.926764219999313354e-02
4.693877696990966797e-02
4.988399147987365723e-02
4.353083297610282898e-02
4.639175161719322205e-02
3.611111268401145935e-02
3.467406332492828369e-02
4.391891881823539734e-02
3.868471831083297729e-02
5.543478205800056458e-02
4.730617627501487732e-02
4.773869365453720093e-02
4.225352033972740173e-02
5.454545468091964722e-02
5.954466015100479126e-02
4.016913473606109619e-02
6.042296066880226135e-02
4.504504427313804626e-02
5.164835229516029358e-02
4.957507178187370300e-02
6.813996285200119019e-02
4.572803899645805359e-02
4.883462935686111450e-02
3.440860286355018616e-02
5.507745221257209778e-02
5.499438941478729248e-02
4.483430832624435425e-02
4.598662257194519043e-02
4.353393241763114929e-02
4.347826167941093445e-02
2.995720319449901581e-02
6.762590259313583374e-02
4.306220263242721558e-02
5.523809418082237244e-02
4.469273611903190613e-02
4.205607622861862183e-02
4.980468750000000000e-02
3.927068784832954407e-02
4.324324429035186768e-02
4.427083209156990051e-02
4.648526012897491455e-02
6.214689090847969055e-02
5.357142910361289978e-02
4.629629477858543396e-02
5.654761940240859985e-02
5.194805189967155457e-02
4.756380617618560791e-02
3.578154370188713074e-02
5.089408531785011292e-02
4.187192022800445557e-02
4.906205087900161743e-02
5.324074253439903259e-02
6.092254072427749634e-02
4.945055022835731506e-02
3.810975700616836548e-02
4.995102807879447937e-02
6.134969368577003479e-02
5.186972394585609436e-02
4.576271027326583862e-02
4.538087546825408936e-02
4.347826167941093445e-02
4.426559433341026306e-02
4.805077239871025085e-02
4.470198601484298706e-02
4.261363670229911804e-02
4.995539784431457520e-02
4.742547497153282166e-02
4.303797334432601929e-02
4.006820172071456909e-02
4.098360612988471985e-02
5.580357089638710022e-02
5.942275002598762512e-02
4.318488389253616333e-02
4.105960205197334290e-02
3.324468061327934265e-02
3.044871799647808075e-02
4.275534301996231079e-02
3.287981823086738586e-02
5.755395814776420593e-02
3.954802080988883972e-02
5.485232174396514893e-02
4.713375866413116455e-02
6.470588594675064087e-02
4.107981175184249878e-02
4.532967135310173035e-02
4.930467903614044189e-02
4.621072113513946533e-02
3.417266160249710083e-02
4.187192022800445557e-02
3.376623243093490601e-02
5.502063408493995667e-02
4.397163167595863342e-02
6.454816460609436035e-02
3.448275849223136902e-02
5.422446504235267639e-02
3.999999910593032837e-02
4.337050765752792358e-02
2.886597998440265656e-02
4.812834039330482483e-02
5.284553021192550659e-02
5.986696109175682068e-02
3.901895135641098022e-02
4.667444527149200439e-02
3.615960106253623962e-02
5.045871436595916748e-02
4.491725936532020569e-02
3.526448458433151245e-02
4.819276928901672363e-02
4.274611547589302063e-02
5.460218340158462524e-02
5.205479636788368225e-02
5.409582704305648804e-02
3.490759804844856262e-02
4.118268191814422607e-02
3.686635941267013550e-02
6.967741996049880981e-02
5.649717524647712708e-02
5.967078357934951782e-02
3.948896750807762146e-02
5.158730223774909973e-02
5.030181258916854858e-02
5.894308909773826599e-02
3.691813722252845764e-02
3.984063863754272461e-02
4.741379246115684509e-02
4.378531128168106079e-02
5.615942180156707764e-02
5.434782430529594421e-02
4.100946336984634399e-02
3.931203857064247131e-02
6.170886009931564331e-02
3.980099409818649292e-02
3.864168748259544373e-02
4.223744198679924011e-02
3.177966177463531494e-02
4.498714581131935120e-02
5.807622522115707397e-02
2.515723183751106262e-02
3.187919408082962036e-02
4.783950746059417725e-02
4.109589010477066040e-02
5.069708451628684998e-02
4.417293146252632141e-02
3.235591575503349304e-02
4.941176623106002808e-02
4.729729890823364258e-02
4.396843165159225464e-02
4.219948872923851013e-02
4.295942559838294983e-02
4.677754640579223633e-02
8.074533939361572266e-02
4.803493618965148926e-02
4.849279299378395081e-02
5.263157933950424194e-02
4.661654308438301086e-02
2.707581222057342529e-02
4.073319584131240845e-02
4.200700297951698303e-02
4.315659776329994202e-02
5.411255359649658203e-02
5.698778852820396423e-02
6.433823704719543457e-02
3.306727483868598938e-02
5.000000074505805969e-02
3.753910213708877563e-02
3.846153989434242249e-02
4.641909897327423096e-02
5.536332353949546814e-02
4.229934886097908020e-02
5.238095298409461975e-02
4.889975488185882568e-02
5.283381417393684387e-02
3.350083902478218079e-02
4.356846585869789124e-02
4.604316502809524536e-02
4.245283082127571106e-02
6.299212574958801270e-02
6.100478395819664001e-02
4.715970158576965332e-02
6.707317382097244263e-02
6.301369518041610718e-02
4.573991149663925171e-02
3.053435124456882477e-02
5.282005295157432556e-02
4.095904156565666199e-02
4.526748880743980408e-02
4.147465527057647705e-02
5.592105165123939514e-02
4.314477369189262390e-02
4.418262094259262085e-02
5.233852937817573547e-02
3.500000014901161194e-02
3.598484769463539124e-02
4.889298975467681885e-02
3.160271048545837402e-02
4.156769439578056335e-02
5.103969573974609375e-02
4.651162773370742798e-02
5.654761940240859985e-02
3.914590924978256226e-02
3.397341072559356689e-02
4.288499057292938232e-02
4.215851426124572754e-02
5.646173283457756042e-02
4.035874456167221069e-02
6.090808287262916565e-02
4.745370522141456604e-02
4.694835841655731201e-02
3.707316890358924866e-02
5.059523880481719971e-02
5.273437500000000000e-02
5.756097659468650818e-02
4.004003852605819702e-02
5.442176759243011475e-02
3.999999910593032837e-02
3.990610316395759583e-02
5.856832861900329590e-02
5.677868053317070007e-02
5.204461142420768738e-02
5.389221385121345520e-02
4.963503777980804443e-02
5.032822862267494202e-02
5.514157935976982117e-02
3.169571980834007263e-02
4.601227119565010071e-02
5.882352963089942932e-02
5.162738636136054993e-02
3.667136654257774353e-02
4.212168604135513306e-02
3.257329016923904419e-02
5.996758490800857544e-02
4.514889419078826904e-02
5.361930280923843384e-02
4.311152920126914978e-02
5.326876416802406311e-02
3.438395261764526367e-02
2.663934417068958282e-02
3.302752226591110229e-02
4.050279408693313599e-02
4.731457680463790894e-02
4.177897423505783081e-02
4.447115212678909302e-02
4.697986692190170288e-02
6.036745384335517883e-02
4.886562004685401917e-02
5.090311914682388306e-02
5.566801503300666809e-02
5.513307824730873108e-02
4.076738655567169189e-02
7.170172035694122314e-02
5.895691737532615662e-02
4.281345382332801819e-02
5.006587505340576172e-02
4.921466112136840820e-02
5.504587292671203613e-02
4.551365226507186890e-02
5.112474411725997925e-02
3.792415186762809753e-02
5.121293663978576660e-02
4.413239657878875732e-02
4.556354880332946777e-02
5.503355711698532104e-02
4.377880319952964783e-02
4.353233799338340759e-02
5.319149047136306763e-02
3.357664123177528381e-02
4.854368790984153748e-02
4.383886232972145081e-02
5.437352135777473450e-02
5.319149047136306763e-02
4.605263099074363708e-02
4.461538419127464294e-02
6.559406220912933350e-02
4.387754946947097778e-02
4.945055022835731506e-02
5.486725643277168274e-02
5.448449403047561646e-02
5.687203630805015564e-02
2.953586541116237640e-02
5.092592537403106689e-02
4.791929200291633606e-02
5.513016879558563232e-02
4.016064107418060303e-02
5.949656665325164795e-02
5.236907675862312317e-02
2.949852496385574341e-02
3.191489353775978088e-02
4.485776647925376892e-02
3.840877860784530640e-02
4.234122112393379211e-02
4.690831527113914490e-02
5.429864302277565002e-02
3.756708279252052307e-02
6.353591382503509521e-02
4.200541973114013672e-02
5.194805189967155457e-02
5.292478948831558228e-02
4.456327855587005615e-02
3.927068784832954407e-02
3.261734172701835632e-02
6.145251542329788208e-02
5.769230797886848450e-02
5.293276160955429077e-02
5.965908989310264587e-02
5.836575850844383240e-02
4.406779631972312927e-02
2.771362662315368652e-02
4.411764815449714661e-02
4.310344904661178589e-02
3.742690011858940125e-02
5.828220769762992859e-02
5.105105042457580566e-02
5.597015097737312317e-02
3.626943007111549377e-02
4.545454680919647217e-02
5.477178469300270081e-02
4.210526496171951294e-02
6.027397140860557556e-02
3.982777148485183716e-02
3.941441327333450317e-02
3.968254104256629944e-02
4.848484694957733154e-02
6.494587659835815430e-02
5.602923408150672913e-02
4.172099009156227112e-02
5.593607202172279358e-02
4.099560901522636414e-02
5.245346948504447937e-02
2.919708006083965302e-02
5.154639109969139099e-02
4.239130392670631409e-02
4.223227873444557190e-02
4.361873865127563477e-02
5.277044698596000671e-02
2.903811261057853699e-02
5.992509424686431885e-02
4.113475233316421509e-02
7.445008307695388794e-02
4.006677865982055664e-02
5.021367594599723816e-02
6.030603125691413879e-02
3.966005519032478333e-02
4.742268100380897522e-02
5.006954073905944824e-02
2.774566411972045898e-02
3.934426233172416687e-02
4.355251789093017578e-02
5.434782430529594421e-02
4.801920801401138306e-02
5.185185000300407410e-02
4.399999976158142090e-02
5.205479636788368225e-02
4.233409464359283447e-02
4.755944758653640747e-02
3.925845026969909668e-02
4.657293483614921570e-02
5.816554650664329529e-02
4.824120551347732544e-02
3.970223292708396912e-02
5.420354008674621582e-02
4.671532660722732544e-02
4.770318046212196350e-02
5.111110955476760864e-02
5.376344174146652222e-02
4.890605062246322632e-02
3.356890380382537842e-02
3.664302453398704529e-02
5.154639109969139099e-02
3.873744606971740723e-02
4.251012206077575684e-02
3.814064338803291321e-02
3.758389130234718323e-02
5.283505097031593323e-02
3.977798298001289368e-02
4.502046480774879456e-02
5.555555596947669983e-02
4.864864796400070190e-02
2.465753443539142609e-02
4.150453954935073853e-02
5.005688220262527466e-02
5.263157933950424194e-02
6.386066973209381104e-02
5.562742426991462708e-02
3.600823134183883667e-02
5.757196620106697083e-02
6.150061637163162231e-02
5.512678995728492737e-02
4.360902309417724609e-02
6.015037745237350464e-02
4.863813146948814392e-02
4.455869644880294800e-02
3.921568766236305237e-02
5.149700492620468140e-02
5.017502978444099426e-02
6.338027864694595337e-02
5.241935327649116516e-02
4.751131311058998108e-02
2.611940354108810425e-02
2.461538463830947876e-02
5.263157933950424194e-02
4.647159948945045471e-02
4.158004000782966614e-02
3.751616925001144409e-02
5.247524753212928772e-02
5.175983533263206482e-02
3.751803934574127197e-02
5.960264801979064941e-02
4.841713234782218933e-02
5.119825527071952820e-02
5.378704890608787537e-02
3.948772698640823364e-02
3.071017190814018250e-02
5.789473652839660645e-02
4.186603054404258728e-02
3.722084313631057739e-02
5.439330637454986572e-02
2.993197366595268250e-02
3.147699683904647827e-02
5.992010608315467834e-02
4.275534301996231079e-02
3.159340843558311462e-02
3.929024189710617065e-02
5.300353467464447021e-02
4.868154227733612061e-02
4.926108196377754211e-02
4.458598792552947998e-02
2.407407388091087341e-02
3.553299605846405029e-02
4.794520512223243713e-02
4.511278122663497925e-02
4.745167121291160583e-02
2.352941222488880157e-02
6.349206715822219849e-02
5.530473962426185608e-02
4.085422307252883911e-02
3.645008057355880737e-02
6.605020165443420410e-02
6.834532320499420166e-02
4.472272098064422607e-02
5.274488776922225952e-02
5.851063877344131470e-02
6.679034978151321411e-02
4.582651332020759583e-02
4.541406780481338501e-02
4.782608523964881897e-02
4.024145007133483887e-02
5.982053652405738831e-02
6.319702416658401489e-02
5.016181245446205139e-02
4.186046496033668518e-02
4.395604506134986877e-02
7.566938549280166626e-02
4.440154507756233215e-02
4.100529104471206665e-02
6.666667014360427856e-02
5.631399154663085938e-02
4.878048598766326904e-02
4.419889673590660095e-02
4.340567439794540405e-02
4.035874456167221069e-02
4.795737192034721375e-02
5.578512325882911682e-02
6.236559152603149414e-02
6.502889841794967651e-02
4.609929025173187256e-02
3.882657364010810852e-02
5.612829327583312988e-02
4.593639448285102844e-02
3.234501183032989502e-02
3.725490346550941467e-02
3.994082659482955933e-02
2.863436192274093628e-02
3.901734203100204468e-02
2.752293646335601807e-02
4.920634999871253967e-02
5.237315967679023743e-02
3.125000000000000000e-02
3.966244682669639587e-02
5.646359547972679138e-02
4.948453605175018311e-02
4.844961315393447876e-02
3.903903812170028687e-02
5.125725269317626953e-02
4.218600317835807800e-02
5.651105567812919617e-02
4.685573279857635498e-02
5.617977678775787354e-02
4.675716534256935120e-02
6.105990707874298096e-02
5.723905563354492188e-02
4.340277612209320068e-02
4.968944191932678223e-02
9.803921915590763092e-03
4.755944758653640747e-02
3.811944276094436646e-02
5.065359547734260559e-02
4.501216486096382141e-02
5.174644291400909424e-02
5.555555596947669983e-02
5.030487850308418274e-02
4.406130313873291016e-02
3.748125955462455750e-02
5.096660926938056946e-02
6.936416029930114746e-02
5.641748756170272827e-02
5.595408752560615540e-02
3.984819725155830383e-02
5.752212554216384888e-02
3.678606078028678894e-02
5.402843654155731201e-02
4.382470250129699707e-02
2.554027549922466278e-02
4.507337510585784912e-02
5.203816294670104980e-02
6.332454085350036621e-02
5.278884619474411011e-02
4.628330841660499573e-02
3.089887648820877075e-02
6.230847910046577454e-02
2.577319554984569550e-02
5.451295897364616394e-02
4.289544373750686646e-02
4.004576802253723145e-02
7.928802818059921265e-02
6.818182021379470825e-02
4.175588861107826233e-02
5.548037961125373840e-02
4.680851101875305176e-02
3.152364119887351990e-02
3.375000134110450745e-02
5.240174755454063416e-02
5.649717524647712708e-02
5.238649621605873108e-02
3.703703731298446655e-02
3.438395261764526367e-02
5.029585957527160645e-02
3.488372266292572021e-02
5.061867088079452515e-02
4.441453516483306885e-02
3.758542239665985107e-02
5.272108688950538635e-02
5.354558676481246948e-02
5.976676568388938904e-02
4.134078323841094971e-02
6.332138925790786743e-02
5.058365687727928162e-02
4.287245497107505798e-02
4.692556709051132202e-02
4.043126851320266724e-02
4.939759150147438049e-02
4.993429780006408691e-02
4.959785565733909607e-02
6.684027612209320068e-02
5.760368704795837402e-02
5.837837979197502136e-02
4.401408508419990540e-02
4.711246117949485779e-02
3.732809424400329590e-02
4.927884787321090698e-02
5.942622944712638855e-02
6.280193477869033813e-02
3.303685039281845093e-02
5.519053712487220764e-02
4.612850025296211243e-02
5.759999901056289673e-02
4.092071577906608582e-02
5.086579918861389160e-02
3.266787528991699219e-02
3.999999910593032837e-02
4.735682904720306396e-02
3.233831003308296204e-02
4.243743047118186951e-02
5.827067792415618896e-02
3.190013766288757324e-02
4.281767830252647400e-02
4.202401265501976013e-02
5.730129405856132507e-02
4.401914030313491821e-02
3.485838696360588074e-02
4.333333298563957214e-02
4.980079829692840576e-02
5.354330688714981079e-02
4.239765927195549011e-02
5.240641534328460693e-02
4.589114338159561157e-02
5.017921328544616699e-02
4.728950560092926025e-02
5.106382817029953003e-02
4.464285820722579956e-02
3.193277493119239807e-02
3.758542239665985107e-02
4.844720661640167236e-02
4.465493932366371155e-02
4.491413384675979614e-02
5.555555596947669983e-02
4.203718528151512146e-02
5.173951759934425354e-02
4.016477987170219421e-02
4.383561760187149048e-02
3.720930218696594238e-02
3.717026486992835999e-02
5.972222238779067993e-02
2.358490601181983948e-02
4.719387739896774292e-02
4.051863774657249451e-02
4.520547762513160706e-02
4.006410390138626099e-02
4.551200941205024719e-02
4.176334291696548462e-02
4.661016911268234253e-02
7.085346430540084839e-02
3.689320385456085205e-02
5.820105969905853271e-02
4.665629938244819641e-02
5.084745585918426514e-02
6.651885062456130981e-02
2.536231838166713715e-02
4.172661900520324707e-02
4.903225973248481750e-02
3.253795951604843140e-02
3.777777776122093201e-02
5.185185000300407410e-02
5.232558026909828186e-02
4.451038688421249390e-02
3.484848514199256897e-02
4.112149402499198914e-02
4.834605753421783447e-02
5.376344174146652222e-02
5.726872384548187256e-02
3.056027181446552277e-02
6.104129180312156677e-02
5.523809418082237244e-02
5.313092842698097229e-02
3.384094685316085815e-02
5.569007247686386108e-02
4.428571462631225586e-02
4.691689088940620422e-02
2.613240480422973633e-02
3.467153385281562805e-02
3.900324925780296326e-02
4.975728318095207214e-02
4.388297721743583679e-02
4.651162773370742798e-02
3.542234376072883606e-02
8.112324774265289307e-02
5.489614233374595642e-02
4.018547013401985168e-02
4.611330851912498474e-02
3.949730843305587769e-02
4.559748247265815735e-02
2.337662316858768463e-02
4.046242684125900269e-02
4.906333610415458679e-02
4.655870422720909119e-02
5.041246488690376282e-02
5.519480630755424500e-02
4.400977864861488342e-02
4.077669978141784668e-02
5.215004459023475647e-02
3.761755302548408508e-02
2.485380135476589203e-02
4.148148000240325928e-02
4.339250549674034119e-02
4.292343556880950928e-02
4.962405934929847717e-02
3.688933327794075012e-02
5.357142910361289978e-02
3.963414579629898071e-02
4.545454680919647217e-02
4.276985675096511841e-02
4.653938114643096924e-02
4.878048598766326904e-02
3.886925801634788513e-02
5.020352825522422791e-02
5.204461142420768738e-02
4.904214665293693542e-02
4.342984408140182495e-02
2.739726006984710693e-02
3.369065746665000916e-02
5.410122126340866089e-02
3.010752610862255096e-02
3.102189861238002777e-02
5.724507942795753479e-02
5.691057071089744568e-02
3.393665328621864319e-02
5.405405536293983459e-02
6.468304991722106934e-02
3.999999910593032837e-02
3.265940770506858826e-02
4.247787594795227051e-02
4.081632569432258606e-02
4.067321121692657471e-02
5.914717912673950195e-02
5.107526853680610657e-02
4.530744254589080811e-02
5.095541477203369141e-02
4.583835974335670471e-02
3.928571566939353943e-02
4.563233256340026855e-02
5.576679483056068420e-02
5.208333209156990051e-02
5.100956559181213379e-02
5.537459254264831543e-02
4.290429130196571350e-02
4.980842769145965576e-02
4.948805645108222961e-02
3.649634867906570435e-02
6.612902879714965820e-02
4.409005492925643921e-02
4.978165775537490845e-02
5.791505798697471619e-02
4.148148000240325928e-02
4.633920267224311829e-02
5.222930014133453369e-02
4.613466188311576843e-02
3.623188287019729614e-02
6.993737071752548218e-02
4.860267415642738342e-02
5.531914904713630676e-02
4.705882444977760315e-02
3.708791360259056091e-02
6.020557880401611328e-02
4.565537720918655396e-02
3.662597015500068665e-02
4.512372612953186035e-02
4.221954196691513062e-02
5.051664635539054871e-02
4.482758790254592896e-02
3.633491322398185730e-02
4.935064911842346191e-02
5.936073139309883118e-02
3.521126881241798401e-02
5.194805189967155457e-02
5.208333209156990051e-02
5.470085516571998596e-02
3.820224851369857788e-02
5.864197388291358948e-02
4.824561253190040588e-02
4.694835841655731201e-02
4.527813568711280823e-02
3.913894295692443848e-02
3.378378227353096008e-02
3.790087625384330750e-02
4.332130029797554016e-02
3.994673863053321838e-02
4.989605024456977844e-02
5.519480630755424500e-02
4.393939301371574402e-02
5.479452013969421387e-02
4.477611929178237915e-02
5.958549305796623230e-02
5.275229364633560181e-02
4.452690109610557556e-02
5.252100899815559387e-02
5.254777148365974426e-02
3.735881671309471130e-02
4.166666790843009949e-02
6.356412917375564575e-02
4.591836780309677124e-02
5.332167819142341614e-02
6.469002366065979004e-02
4.451038688421249390e-02
4.804045334458351135e-02
5.037783458828926086e-02
4.648760333657264709e-02
4.785894230008125305e-02
4.939759150147438049e-02
3.862661123275756836e-02
5.251141637563705444e-02
5.805515125393867493e-02
4.073587432503700256e-02
6.060606241226196289e-02
6.581740826368331909e-02
4.046242684125900269e-02
5.939226597547531128e-02
5.036855116486549377e-02
4.320987686514854431e-02
3.972868248820304871e-02
6.211180239915847778e-02
4.748603329062461853e-02
4.584882408380508423e-02
5.368289723992347717e-02
4.825090616941452026e-02
4.700352624058723450e-02
5.263157933950424194e-02
2.116402052342891693e-02
4.823529347777366638e-02
4.226361215114593506e-02
4.850444570183753967e-02
4.292929172515869141e-02
4.098360612988471985e-02
3.899721428751945496e-02
2.666666731238365173e-02
5.543478205800056458e-02
5.054151639342308044e-02
4.017857089638710022e-02
4.734848439693450928e-02
4.702194407582283020e-02
5.400000140070915222e-02
3.728362172842025757e-02
5.442176759243011475e-02
4.037684947252273560e-02
2.980626001954078674e-02
4.378531128168106079e-02
6.147934496402740479e-02
5.270270258188247681e-02
5.960264801979064941e-02
4.313725605607032776e-02
6.160458549857139587e-02
3.739837557077407837e-02
2.421307563781738281e-02
4.631578922271728516e-02
3.188775479793548584e-02
5.413533747196197510e-02
3.658536449074745178e-02
5.240641534328460693e-02
6.317689269781112671e-02
6.053550541400909424e-02
4.604316502809524536e-02
5.786618590354919434e-02
5.825242772698402405e-02
5.053449794650077820e-02
3.846153989434242249e-02
5.627198144793510437e-02
4.957805946469306946e-02
4.227941110730171204e-02
4.428904503583908081e-02
4.492187500000000000e-02
4.911838844418525696e-02
5.617977678775787354e-02
3.349753841757774353e-02
3.907380625605583191e-02
4.905063286423683167e-02
3.727506473660469055e-02
4.403408989310264587e-02
5.706521868705749512e-02
4.528985545039176941e-02
5.653710290789604187e-02
4.142692685127258301e-02
4.122877866029739380e-02
4.674796760082244873e-02
5.811138078570365906e-02
4.723127186298370361e-02
5.401844531297683716e-02
5.459387600421905518e-02
4.321907460689544678e-02
6.067961081862449646e-02
4.176904261112213135e-02
4.668304696679115295e-02
4.038004577159881592e-02
4.942965880036354065e-02
4.557640850543975830e-02
3.550295904278755188e-02
6.220095604658126831e-02
4.005340486764907837e-02
6.163021922111511230e-02
3.832116723060607910e-02
7.131782919168472290e-02
5.675675719976425171e-02
4.522613063454627991e-02
4.953145980834960938e-02
6.060606241226196289e-02
5.500450730323791504e-02
3.917525708675384521e-02
4.395604506134986877e-02
3.448275849223136902e-02
3.519668802618980408e-02
4.700161889195442200e-02
4.336399585008621216e-02
7.309644669294357300e-02
4.682622104883193970e-02
4.088586196303367615e-02
3.993855789303779602e-02
4.427083209156990051e-02
5.520702525973320007e-02
3.543307259678840637e-02
3.669724613428115845e-02
6.483790278434753418e-02
4.056437313556671143e-02
4.187946766614913940e-02
4.159733653068542480e-02
4.166666790843009949e-02
6.407941877841949463e-02
4.395604506134986877e-02
5.094786733388900757e-02
5.409974604845046997e-02
3.567984700202941895e-02
4.145077615976333618e-02
6.474819779396057129e-02
4.901960864663124084e-02
3.524228930473327637e-02
3.978051990270614624e-02
4.060150310397148132e-02
5.517241358757019043e-02
3.804347664117813110e-02
4.510451108217239380e-02
4.079382494091987610e-02
4.864864796400070190e-02
4.736842215061187744e-02
5.596465244889259338e-02
5.985634401440620422e-02
3.228962793946266174e-02
5.773195996880531311e-02
7.407407462596893311e-02
4.298642650246620178e-02
4.106280207633972168e-02
5.813953652977943420e-02
5.246589705348014832e-02
3.688092902302742004e-02
5.349182710051536560e-02
5.278174206614494324e-02
4.705882444977760315e-02
4.989384114742279053e-02
5.327413976192474365e-02
5.497630313038825989e-02
5.096262693405151367e-02
4.856293275952339172e-02
5.769230797886848450e-02
4.216073825955390930e-02
4.377431795001029968e-02
4.213938489556312561e-02
6.279620528221130371e-02
4.433497413992881775e-02
5.098039284348487854e-02
4.176334291696548462e-02
5.378486216068267822e-02
3.526448458433151245e-02
4.480874165892601013e-02
5.027173832058906555e-02
4.761904850602149963e-02
3.837719187140464783e-02
4.864864796400070190e-02
4.761904850602149963e-02
4.500000178813934326e-02
5.581395328044891357e-02
6.122449040412902832e-02
6.030150875449180603e-02
5.077720060944557190e-02
3.981623426079750061e-02
6.228956207633018494e-02
5.567226931452751160e-02
4.509283974766731262e-02
4.747319966554641724e-02
5.823293328285217285e-02
4.221105575561523438e-02
3.896103799343109131e-02
5.325443670153617859e-02
4.078549891710281372e-02
3.886925801634788513e-02
3.533568978309631348e-02
5.299539119005203247e-02
4.648862406611442566e-02
4.135893657803535461e-02
2.828618884086608887e-02
2.928870357573032379e-02
4.431137815117835999e-02
6.460674107074737549e-02
5.429292842745780945e-02
5.142857134342193604e-02
5.513784289360046387e-02
5.298759788274765015e-02
6.591639667749404907e-02
5.046728998422622681e-02
6.320542097091674805e-02
4.157043993473052979e-02
5.692108720541000366e-02
5.825242772698402405e-02
5.536332353949546814e-02
4.684317857027053833e-02
4.334038123488426208e-02
5.323193967342376709e-02
5.355191230773925781e-02
3.668261691927909851e-02
5.285714194178581238e-02
3.294573724269866943e-02
3.344481438398361206e-02
4.941860586404800415e-02
5.476190522313117981e-02
5.000000074505805969e-02
3.708133846521377563e-02
5.348258838057518005e-02
6.681270897388458252e-02
5.439330637454986572e-02
4.525288194417953491e-02
5.405405536293983459e-02
6.606606394052505493e-02
5.546995252370834351e-02
3.658536449074745178e-02
5.601317808032035828e-02
4.247104376554489136e-02
6.370875984430313110e-02
5.275779217481613159e-02
4.163197427988052368e-02
1.685393229126930237e-02
5.088062584400177002e-02
3.759398311376571655e-02
5.461538583040237427e-02
4.189189150929450989e-02
4.317269101738929749e-02
6.128133833408355713e-02
4.563233256340026855e-02
4.272517189383506775e-02
5.421686917543411255e-02
4.626865684986114502e-02
4.534883797168731689e-02
4.761904850602149963e-02
4.680851101875305176e-02
4.991394281387329102e-02
6.117455288767814636e-02
5.069708451628684998e-02
4.641909897327423096e-02
5.447942018508911133e-02
3.582554683089256287e-02
6.380637735128402710e-02
5.597579479217529297e-02
3.359173238277435303e-02
5.376344174146652222e-02
5.235601961612701416e-02
4.591104760766029358e-02
5.280898883938789368e-02
4.318488389253616333e-02
2.880658395588397980e-02
3.105590119957923889e-02
6.324110925197601318e-02
4.567307606339454651e-02
5.730994045734405518e-02
5.226480960845947266e-02
5.089820176362991333e-02
5.471478402614593506e-02
4.364183545112609863e-02
3.524228930473327637e-02
4.469273611903190613e-02
6.864274293184280396e-02
3.125000000000000000e-02
4.612850025296211243e-02
5.234899371862411499e-02
5.538922175765037537e-02
3.208556026220321655e-02
3.892944008111953735e-02
3.790613636374473572e-02
2.443991787731647491e-02
5.392156913876533508e-02
4.819276928901672363e-02
4.538087546825408936e-02
5.009634047746658325e-02
4.594330489635467529e-02
5.296610295772552490e-02
3.666426986455917358e-02
4.487179592251777649e-02
5.751391500234603882e-02
4.770318046212196350e-02
6.833333522081375122e-02
3.435804694890975952e-02
4.442036896944046021e-02
4.771784320473670959e-02
4.075691476464271545e-02
4.777777940034866333e-02
4.390779510140419006e-02
3.946263715624809265e-02
3.462749347090721130e-02
3.841676190495491028e-02
2.265372127294540405e-02
8.977556228637695312e-02
5.298013240098953247e-02
6.462984532117843628e-02
3.592814505100250244e-02
3.775510191917419434e-02
4.835589975118637085e-02
4.778761044144630432e-02
3.731343150138854980e-02
5.013927444815635681e-02
4.171934351325035095e-02
6.208718568086624146e-02
5.772230774164199829e-02
4.252199456095695496e-02
6.013745814561843872e-02
3.763440996408462524e-02
5.405405536293983459e-02
3.986135125160217285e-02
3.963964059948921204e-02
3.975903615355491638e-02
5.132743343710899353e-02
7.364340871572494507e-02
3.999999910593032837e-02
5.112782120704650879e-02
3.473491594195365906e-02
6.344410777091979980e-02
3.518518432974815369e-02
3.689064458012580872e-02
4.948646202683448792e-02
3.545051813125610352e-02
6.188924983143806458e-02
4.093567281961441040e-02
6.531531363725662231e-02
3.785103932023048401e-02
5.580029264092445374e-02
4.651162773370742798e-02
3.775510191917419434e-02
4.471101239323616028e-02
6.758620589971542358e-02
3.720930218696594238e-02
4.506698995828628540e-02
5.206073820590972900e-02
4.251968488097190857e-02
6.944444775581359863e-02
5.000000074505805969e-02
4.262574762105941772e-02
4.976303502917289734e-02
5.862646549940109253e-02
4.773869365453720093e-02
4.835164919495582581e-02
5.039193853735923767e-02
6.064073368906974792e-02
4.310344904661178589e-02
4.491725936532020569e-02
4.848484694957733154e-02
4.821150749921798706e-02
3.553299605846405029e-02
4.275534301996231079e-02
3.751616925001144409e-02
5.392156913876533508e-02
5.074971169233322144e-02
5.733558163046836853e-02
4.428044334053993225e-02
4.658384993672370911e-02
4.828973859548568726e-02
4.166666790843009949e-02
3.820598125457763672e-02
3.157894685864448547e-02
4.964539036154747009e-02
4.756097495555877686e-02
3.692762181162834167e-02
5.263157933950424194e-02
2.122015878558158875e-02
5.517241358757019043e-02
6.638115644454956055e-02
4.657293483614921570e-02
5.625879019498825073e-02
4.045307263731956482e-02
5.354058742523193359e-02
5.079365149140357971e-02
4.502369835972785950e-02
4.276315867900848389e-02
4.673807322978973389e-02
4.126547276973724365e-02
4.488330334424972534e-02
6.369426846504211426e-02
4.715672507882118225e-02
4.626334458589553833e-02
6.204379722476005554e-02
8.803611993789672852e-02
5.020080506801605225e-02
4.207920655608177185e-02
5.657708644866943359e-02
5.057096108794212341e-02
5.451937019824981689e-02
4.981203004717826843e-02
4.457953572273254395e-02
4.924760758876800537e-02
3.846153989434242249e-02
4.460966587066650391e-02
4.356636106967926025e-02
4.591836780309677124e-02
4.671968147158622742e-02
6.170598790049552917e-02
4.469987377524375916e-02
4.325032606720924377e-02
4.117647185921669006e-02
5.420354008674621582e-02
4.949381202459335327e-02
5.606258288025856018e-02
4.563106968998908997e-02
4.494382068514823914e-02
5.357142910361289978e-02
4.073033854365348816e-02
4.518430307507514954e-02
5.175159126520156860e-02
5.050504952669143677e-02
4.111842066049575806e-02
4.497354477643966675e-02
4.176334291696548462e-02
4.123711213469505310e-02
4.161248356103897095e-02
4.327666014432907104e-02
5.740181356668472290e-02
4.624277353286743164e-02
3.689064458012580872e-02
5.833333358168601990e-02
4.100946336984634399e-02
5.049505084753036499e-02
4.782146587967872620e-02
5.120481923222541809e-02
4.453781619668006897e-02
6.029411777853965759e-02
4.145077615976333618e-02
3.143418580293655396e-02
4.842931777238845825e-02
6.499999761581420898e-02
3.708987310528755188e-02
4.199066758155822754e-02
5.328258872032165527e-02
5.955811589956283569e-02
3.921568766236305237e-02
4.866180196404457092e-02
5.548996478319168091e-02
4.976851865649223328e-02
4.158790037035942078e-02
4.137931019067764282e-02
3.943376988172531128e-02
5.668016150593757629e-02
4.962405934929847717e-02
2.893309295177459717e-02
6.903765350580215454e-02
4.498269781470298767e-02
4.271356761455535889e-02
5.087719112634658813e-02
6.265060603618621826e-02
5.257510766386985779e-02
5.966586992144584656e-02
5.577689409255981445e-02
4.768583551049232483e-02
3.352490440011024475e-02
2.893309295177459717e-02
3.623188287019729614e-02
3.879310190677642822e-02
3.870292752981185913e-02
4.834605753421783447e-02
4.807692393660545349e-02
4.562043771147727966e-02
6.762590259313583374e-02
4.735375940799713135e-02
5.830039456486701965e-02
5.142857134342193604e-02
4.601227119565010071e-02
4.426559433341026306e-02
3.562340885400772095e-02
5.005959421396255493e-02
5.037783458828926086e-02
4.317548871040344238e-02
5.598958209156990051e-02
5.831533297896385193e-02
5.146036297082901001e-02
4.516129195690155029e-02
7.288629561662673950e-02
6.424581259489059448e-02
4.930467903614044189e-02
4.266211763024330139e-02
5.419766157865524292e-02
5.392156913876533508e-02
3.948772698640823364e-02
4.161979630589485168e-02
2.905198745429515839e-02
5.422993376851081848e-02
4.745167121291160583e-02
3.089887648820877075e-02
4.004854336380958557e-02
4.780876636505126953e-02
5.491329357028007507e-02
5.240174755454063416e-02
6.091370433568954468e-02
4.939516261219978333e-02
4.685408249497413635e-02
5.913978442549705505e-02
2.363636344671249390e-02
6.415928900241851807e-02
3.785489127039909363e-02
4.788213595747947693e-02
5.095541477203369141e-02
4.918032884597778320e-02
4.166666790843009949e-02
5.287896469235420227e-02
5.207328870892524719e-02
5.857142806053161621e-02
4.819276928901672363e-02
3.285421058535575867e-02
3.951367735862731934e-02
4.278074949979782104e-02
5.174234509468078613e-02
4.592901840806007385e-02
4.878048598766326904e-02
4.886363819241523743e-02
5.678233504295349121e-02
3.219315782189369202e-02
3.935185074806213379e-02
4.329004511237144470e-02
3.929539397358894348e-02
5.836575850844383240e-02
4.047619178891181946e-02
4.685573279857635498e-02
5.446623265743255615e-02
4.833836853504180908e-02
4.318618029356002808e-02
5.036855116486549377e-02
5.252918228507041931e-02
2.343750000000000000e-02
5.183199420571327209e-02
5.576679483056068420e-02
3.923541307449340820e-02
4.755244776606559753e-02
6.270626932382583618e-02
4.888888821005821228e-02
4.926866665482521057e-02
6.223176047205924988e-02
4.326122999191284180e-02
5.363321676850318909e-02
6.483300775289535522e-02
7.786259800195693970e-02
5.627705529332160950e-02
4.316546767950057983e-02
5.570291727781295776e-02
6.083650141954421997e-02
6.250000000000000000e-02
3.805899247527122498e-02
6.222222372889518738e-02
5.246589705348014832e-02
4.314063861966133118e-02
6.362379342317581177e-02
3.828198090195655823e-02
4.280155524611473083e-02
5.098039284348487854e-02
6.216216087341308594e-02
4.951690882444381714e-02
4.485488310456275940e-02
4.157549142837524414e-02
3.973510116338729858e-02
3.810775279998779297e-02
7.216494530439376831e-02
4.339796677231788635e-02
4.398447647690773010e-02
5.560975521802902222e-02
4.600000008940696716e-02
7.235141843557357788e-02
4.931794479489326477e-02
4.612850025296211243e-02
4.096045345067977905e-02
5.247224867343902588e-02
5.429864302277565002e-02
4.136253148317337036e-02
5.249343812465667725e-02
5.899280682206153870e-02
5.417607352137565613e-02
6.091370433568954468e-02
4.653938114643096924e-02
4.886562004685401917e-02
6.609547138214111328e-02
3.188775479793548584e-02
7.048007845878601074e-02
3.233256191015243530e-02
5.730659142136573792e-02
5.864197388291358948e-02
5.147058889269828796e-02
4.748201370239257812e-02
4.748201370239257812e-02
5.934343487024307251e-02
3.256705030798912048e-02
5.622119829058647156e-02
4.714285582304000854e-02
4.671532660722732544e-02
4.867256805300712585e-02
4.539385810494422913e-02
5.189873278141021729e-02
4.366812109947204590e-02
5.092592537403106689e-02
3.632236272096633911e-02
6.496519595384597778e-02
4.797048121690750122e-02
4.505300521850585938e-02
8.291457593441009521e-02
3.995299711823463440e-02
3.096539154648780823e-02
5.566600337624549866e-02
4.258943721652030945e-02
5.813953652977943420e-02
4.190260544419288635e-02
4.637681320309638977e-02
6.333973258733749390e-02
5.624999850988388062e-02
5.241935327649116516e-02
5.359661579132080078e-02
5.302096158266067505e-02
5.614973232150077820e-02
6.259314715862274170e-02
2.874743379652500153e-02
4.683544486761093140e-02
4.936708882451057434e-02
3.893442451953887939e-02
5.348837375640869141e-02
4.590163752436637878e-02
2.362204715609550476e-02
5.268935114145278931e-02
5.305466055870056152e-02
4.460966587066650391e-02
5.102040991187095642e-02
4.250200465321540833e-02
6.507591903209686279e-02
3.399433568120002747e-02
4.989816620945930481e-02
5.254777148365974426e-02
4.233871027827262878e-02
5.033557116985321045e-02
4.154727607965469360e-02
5.163043364882469177e-02
5.228758230805397034e-02
5.491329357028007507e-02
4.576659202575683594e-02
5.674846470355987549e-02
3.932082280516624451e-02
5.662650614976882935e-02
5.523255839943885803e-02
3.931203857064247131e-02
4.463040456175804138e-02
5.509641766548156738e-02
4.783599078655242920e-02
3.663793206214904785e-02
4.282115772366523743e-02
5.248618870973587036e-02
5.889281630516052246e-02
5.182926729321479797e-02
4.931972920894622803e-02
4.414002969861030579e-02
4.993065074086189270e-02
4.986523091793060303e-02
5.785124003887176514e-02
3.770949691534042358e-02
4.440497234463691711e-02
4.691357910633087158e-02
3.058104030787944794e-02
4.325955733656883240e-02
4.032997414469718933e-02
6.073752790689468384e-02
5.057096108794212341e-02
4.093023389577865601e-02
5.896805971860885620e-02
3.866809979081153870e-02
5.555555596947669983e-02
6.569343060255050659e-02
5.994151905179023743e-02
2.985074557363986969e-02
4.444444552063941956e-02
7.151979207992553711e-02
5.393585935235023499e-02
4.347826167941093445e-02
5.615550652146339417e-02
6.438355892896652222e-02
5.777777731418609619e-02
5.120481923222541809e-02
6.506849080324172974e-02
5.342624709010124207e-02
5.063291266560554504e-02
2.707581222057342529e-02
5.555555596947669983e-02
5.098039284348487854e-02
4.589843750000000000e-02
4.769736900925636292e-02
6.084243208169937134e-02
4.952830076217651367e-02
4.841897264122962952e-02
4.287690296769142151e-02
4.613095149397850037e-02
5.565217509865760803e-02
4.402515664696693420e-02
5.072463676333427429e-02
5.761940777301788330e-02
4.816513881087303162e-02
3.503787890076637268e-02
4.926470667123794556e-02
4.030710086226463318e-02
6.377550959587097168e-02
5.175600573420524597e-02
3.674121573567390442e-02
5.066666752099990845e-02
3.583426773548126221e-02
2.979515865445137024e-02
4.571428522467613220e-02
6.125827878713607788e-02
5.402299016714096069e-02
4.670329764485359192e-02
2.514506690204143524e-02
2.920723147690296173e-02
4.901960864663124084e-02
5.156037956476211548e-02
4.545454680919647217e-02
4.772991687059402466e-02
4.961832240223884583e-02
4.052098467946052551e-02
3.945111483335494995e-02
3.949044644832611084e-02
3.729838877916336060e-02
3.571428731083869934e-02
5.882352963089942932e-02
4.788507521152496338e-02
4.429301619529724121e-02
5.327245220541954041e-02
3.631010651588439941e-02
5.089820176362991333e-02
4.057591781020164490e-02
5.048076808452606201e-02
5.110336840152740479e-02
4.627249389886856079e-02
4.726598784327507019e-02
4.629629477858543396e-02
5.808080732822418213e-02
4.971751570701599121e-02
4.779411852359771729e-02
3.761755302548408508e-02
7.084019482135772705e-02
5.612244829535484314e-02
3.995433822274208069e-02
4.804270341992378235e-02
4.967320337891578674e-02
2.828854322433471680e-02
3.082191757857799530e-02
4.905063286423683167e-02
3.829787299036979675e-02
5.585980415344238281e-02
5.891016125679016113e-02
5.454545468091964722e-02
4.885993525385856628e-02
6.760563701391220093e-02
4.930662736296653748e-02
7.270560413599014282e-02
5.257270857691764832e-02
2.744425460696220398e-02
4.230769351124763489e-02
4.041450843214988708e-02
5.892547592520713806e-02
5.102040991187095642e-02
4.687500000000000000e-02
5.993690714240074158e-02
5.526036024093627930e-02
3.940886631608009338e-02
5.057251825928688049e-02
2.389078587293624878e-02
4.887218028306961060e-02
4.684684798121452332e-02
5.917159840464591980e-02
4.347826167941093445e-02
5.434782430529594421e-02
5.536912754178047180e-02
5.311542376875877380e-02
5.485232174396514893e-02
5.847076326608657837e-02
5.414551496505737305e-02
6.116208061575889587e-02
4.761904850602149963e-02
4.720496758818626404e-02
6.561680138111114502e-02
5.371428653597831726e-02
5.788177251815795898e-02
4.320203140377998352e-02
6.864754110574722290e-02
5.527638271450996399e-02
5.683059990406036377e-02
5.438596382737159729e-02
6.335403770208358765e-02
4.642166197299957275e-02
6.056701019406318665e-02
6.824925541877746582e-02
5.898876488208770752e-02
4.056603834033012390e-02
5.285118147730827332e-02
8.071135729551315308e-02
3.950617462396621704e-02
5.943536385893821716e-02
4.963805526494979858e-02
3.439153358340263367e-02
6.030150875449180603e-02
5.613772571086883545e-02
4.774193465709686279e-02
6.292134523391723633e-02
4.678362607955932617e-02
5.128205195069313049e-02
7.301587611436843872e-02
4.377104341983795166e-02
4.221636056900024414e-02
3.633720800280570984e-02
5.323193967342376709e-02
3.157894685864448547e-02
4.087591171264648438e-02
4.672897234559059143e-02
5.456852912902832031e-02
4.669260606169700623e-02
4.252734035253524780e-02
3.539822995662689209e-02
5.156537890434265137e-02
5.034722387790679932e-02
5.876180529594421387e-02
4.662004485726356506e-02
5.316455662250518799e-02
5.154639109969139099e-02
5.391658097505569458e-02
5.669291317462921143e-02
4.960317537188529968e-02
4.613297060132026672e-02
4.912663623690605164e-02
5.607476457953453064e-02
3.754940629005432129e-02
5.376344174146652222e-02
4.994450509548187256e-02
3.646563738584518433e-02
5.233219638466835022e-02
3.527607396245002747e-02
5.399060994386672974e-02
6.601941585540771484e-02
4.661016911268234253e-02
5.228758230805397034e-02
3.436426073312759399e-02
4.761904850602149963e-02
6.016597524285316467e-02
5.089058354496955872e-02
3.992395475506782532e-02
2.989130467176437378e-02
4.089219495654106140e-02
3.717472031712532043e-02
4.956896603107452393e-02
4.961240291595458984e-02
3.948896750807762146e-02
5.432098731398582458e-02
3.954802080988883972e-02
6.737247109413146973e-02
3.148614615201950073e-02
4.210526496171951294e-02
4.195804148912429810e-02
5.530642718076705933e-02
6.063618138432502747e-02
6.377857923507690430e-02
3.915662690997123718e-02
5.389908328652381897e-02
4.497354477643966675e-02
5.272727087140083313e-02
4.149377718567848206e-02
6.549364328384399414e-02
4.941860586404800415e-02
4.914004728198051453e-02
4.489795863628387451e-02
6.010929122567176819e-02
5.827505886554718018e-02
4.390243813395500183e-02
4.772474989295005798e-02
5.473965406417846680e-02
4.617116972804069519e-02
4.299363121390342712e-02
4.115226492285728455e-02
5.098039284348487854e-02
5.423728749155998230e-02
4.988399147987365723e-02
5.825242772698402405e-02
5.484247207641601562e-02
5.756358802318572998e-02
3.676470741629600525e-02
4.378531128168106079e-02
6.601941585540771484e-02
4.610950872302055359e-02
5.325443670153617859e-02
4.420549422502517700e-02
5.094786733388900757e-02
5.098039284348487854e-02
6.211180239915847778e-02
3.417721390724182129e-02
6.896551698446273804e-02
3.991811722517013550e-02
6.194690242409706116e-02
4.483430832624435425e-02
5.291970819234848022e-02
5.397448316216468811e-02
4.926108196377754211e-02
5.428226664662361145e-02
5.353075265884399414e-02
3.442028909921646118e-02
6.174334138631820679e-02
5.214723944664001465e-02
4.330708831548690796e-02
3.351351246237754822e-02
5.430711433291435242e-02
3.222656250000000000e-02
4.885057359933853149e-02
5.011389404535293579e-02
3.182579576969146729e-02
5.874673649668693542e-02
4.485488310456275940e-02
3.742514923214912415e-02
6.616052240133285522e-02
6.261510401964187622e-02
3.778337687253952026e-02
5.007949098944664001e-02
3.249999880790710449e-02
4.691075533628463745e-02
5.725698918104171753e-02
6.451612710952758789e-02
4.874999821186065674e-02
5.477308109402656555e-02
4.021447896957397461e-02
4.384896531701087952e-02
4.371584579348564148e-02
5.741626769304275513e-02
6.263981759548187256e-02
4.513064026832580566e-02
6.015891209244728088e-02
3.556187823414802551e-02
4.378818720579147339e-02
6.422018259763717651e-02
5.863192304968833923e-02
6.349206715822219849e-02
4.807692393660545349e-02
4.072398319840431213e-02
5.345211550593376160e-02
6.014151126146316528e-02
5.475989729166030884e-02
2.903225831687450409e-02
3.257790207862854004e-02
3.805175051093101501e-02
4.347826167941093445e-02
4.379561915993690491e-02
5.537189915776252747e-02
4.933586344122886658e-02
4.395604506134986877e-02
4.788418859243392944e-02
4.393672943115234375e-02
6.718061864376068115e-02
6.997742503881454468e-02
4.367469996213912964e-02
5.097613856196403503e-02
6.126126274466514587e-02
3.783231228590011597e-02
5.763239786028862000e-02
5.753739923238754272e-02
5.807622522115707397e-02
3.409091010689735413e-02
4.211793094873428345e-02
5.882352963089942932e-02
5.832449719309806824e-02
4.675324633717536926e-02
3.703703731298446655e-02
4.656862840056419373e-02
4.452054947614669800e-02
4.990215227007865906e-02
3.875968977808952332e-02
6.037000939249992371e-02
4.738400876522064209e-02
2.820512838661670685e-02
5.448717996478080750e-02
3.174603357911109924e-02
3.982301056385040283e-02
4.566929116845130920e-02
4.940711334347724915e-02
4.681647941470146179e-02
4.569190740585327148e-02
5.302096158266067505e-02
3.601694852113723755e-02
5.473372712731361389e-02
4.932182654738426208e-02
5.214723944664001465e-02
3.936269879341125488e-02
5.298013240098953247e-02
4.250559210777282715e-02
3.916211426258087158e-02
6.146179512143135071e-02
5.464480817317962646e-02
4.530201479792594910e-02
3.799392282962799072e-02
4.247990995645523071e-02
5.309734493494033813e-02
4.579025134444236755e-02
4.197080433368682861e-02
4.305283725261688232e-02
3.403403237462043762e-02
5.084745585918426514e-02
4.846526682376861572e-02
3.424657508730888367e-02
3.801169618964195251e-02
3.553299605846405029e-02
4.199475049972534180e-02
4.472843557596206665e-02
5.107526853680610657e-02
5.179283022880554199e-02
5.137614533305168152e-02
3.698630258440971375e-02
4.930332303047180176e-02
3.511053323745727539e-02
4.305555671453475952e-02
5.096073448657989502e-02
5.935251712799072266e-02
7.274490594863891602e-02
5.721392855048179626e-02
6.729634106159210205e-02
5.660377442836761475e-02
3.769841417670249939e-02
4.510108754038810730e-02
6.368821114301681519e-02
5.459057167172431946e-02
5.863192304968833923e-02
4.715447127819061279e-02
3.776682913303375244e-02
3.851444274187088013e-02
3.832335397601127625e-02
5.590062215924263000e-02
5.801526829600334167e-02
3.435114398598670959e-02
3.731343150138854980e-02
3.128491714596748352e-02
5.280528217554092407e-02
4.438964277505874634e-02
3.578154370188713074e-02
5.578512325882911682e-02
3.703703731298446655e-02
4.447632655501365662e-02
5.639396235346794128e-02
6.499999761581420898e-02
5.479452013969421387e-02
3.713188320398330688e-02
5.091258510947227478e-02
4.703476652503013611e-02
4.356435686349868774e-02
4.973357170820236206e-02
6.537530571222305298e-02
5.315947905182838440e-02
5.063291266560554504e-02
4.060150310397148132e-02
3.959276154637336731e-02
4.353233799338340759e-02
7.275132089853286743e-02
5.301645398139953613e-02
4.555314406752586365e-02
5.194805189967155457e-02
4.379561915993690491e-02
3.970588371157646179e-02
3.710937500000000000e-02
4.479768872261047363e-02
5.250596627593040466e-02
4.506802558898925781e-02
3.942652419209480286e-02
7.600595802068710327e-02
4.065040498971939087e-02
7.444168627262115479e-02
5.555555596947669983e-02
4.444444552063941956e-02
4.140127450227737427e-02
4.477611929178237915e-02
4.424778744578361511e-02
4.233409464359283447e-02
5.479452013969421387e-02
5.889281630516052246e-02
3.654970601201057434e-02
5.144290998578071594e-02
6.250000000000000000e-02
5.283018946647644043e-02
5.263157933950424194e-02
4.853273183107376099e-02
6.567164510488510132e-02
5.149253830313682556e-02
5.679287388920783997e-02
3.894080966711044312e-02
4.326923191547393799e-02
3.687315806746482849e-02
5.088062584400177002e-02
5.042016878724098206e-02
3.361344709992408752e-02
6.722689419984817505e-02
5.475504323840141296e-02
4.102564230561256409e-02
5.605380982160568237e-02
4.840483888983726501e-02
5.956112965941429138e-02
3.482586890459060669e-02
4.060913622379302979e-02
4.467805474996566772e-02
4.244694113731384277e-02
5.865522101521492004e-02
4.519774019718170166e-02
4.470588266849517822e-02
4.931506887078285217e-02
6.340818852186203003e-02
4.313725605607032776e-02
4.231625795364379883e-02
4.871060326695442200e-02
4.745167121291160583e-02
5.890602990984916687e-02
3.356643393635749817e-02
4.770992323756217957e-02
5.639614909887313843e-02
5.017502978444099426e-02
4.459459334611892700e-02
7.738095521926879883e-02
4.419191926717758179e-02
5.371428653597831726e-02
5.369127541780471802e-02
4.212860390543937683e-02
4.984423518180847168e-02
4.267161339521408081e-02
6.519065052270889282e-02
4.680851101875305176e-02
3.959627449512481689e-02
6.192660704255104065e-02
5.962059646844863892e-02
2.842809446156024933e-02
6.391585618257522583e-02
5.507246404886245728e-02
5.861243978142738342e-02
3.388090431690216064e-02
4.537205025553703308e-02
5.930807068943977356e-02
6.721697747707366943e-02
4.228329658508300781e-02
3.849855810403823853e-02
5.215419456362724304e-02
6.393244862556457520e-02
5.465414002537727356e-02
4.699739068746566772e-02
6.250000000000000000e-02
5.209513008594512939e-02
5.422222241759300232e-02
7.164634019136428833e-02
7.598371803760528564e-02
2.739726006984710693e-02
3.703703731298446655e-02
4.961411282420158386e-02
3.826266899704933167e-02
5.283505097031593323e-02
5.779334530234336853e-02
5.583126470446586609e-02
4.150943458080291748e-02
5.058365687727928162e-02
3.958692029118537903e-02
3.985507413744926453e-02
6.354009360074996948e-02
5.160142481327056885e-02
6.463878601789474487e-02
5.510906875133514404e-02
5.107526853680610657e-02
7.195301353931427002e-02
3.938356041908264160e-02
4.644808918237686157e-02
4.953560233116149902e-02
5.856832861900329590e-02
5.564783886075019836e-02
5.797101557254791260e-02
3.756708279252052307e-02
4.982206225395202637e-02
6.495468318462371826e-02
4.379561915993690491e-02
5.913978442549705505e-02
3.598971664905548096e-02
5.361596122384071350e-02
5.660377442836761475e-02
5.616605654358863831e-02
3.812824934720993042e-02
5.012531206011772156e-02
5.150554701685905457e-02
6.083650141954421997e-02
4.554455354809761047e-02
3.963133692741394043e-02
5.677419528365135193e-02
5.110336840152740479e-02
5.010019987821578979e-02
4.495747387409210205e-02
4.381443187594413757e-02
4.944178462028503418e-02
5.003734305500984192e-02
4.977375641465187073e-02
5.740987882018089294e-02
4.397394135594367981e-02
5.329719930887222290e-02
6.512890011072158813e-02
4.377104341983795166e-02
5.789473652839660645e-02
3.396226465702056885e-02
6.080000102519989014e-02
3.737113252282142639e-02
6.024096533656120300e-02
3.738317638635635376e-02
4.391891881823539734e-02
4.948805645108222961e-02
5.487804859876632690e-02
4.048139974474906921e-02
5.658783763647079468e-02
5.054151639342308044e-02
2.948402985930442810e-02
4.320987686514854431e-02
4.255319014191627502e-02
5.213269963860511780e-02
4.641350358724594116e-02
3.752039000391960144e-02
6.850961595773696899e-02
6.290471553802490234e-02
5.979643762111663818e-02
5.676855891942977905e-02
7.468879967927932739e-02
4.562268778681755066e-02
7.093425840139389038e-02
5.333333462476730347e-02
4.310344904661178589e-02
5.740987882018089294e-02
5.157593265175819397e-02
5.238828808069229126e-02
5.775764584541320801e-02
4.088586196303367615e-02
4.585152864456176758e-02
4.118993133306503296e-02
3.380782902240753174e-02
5.232558026909828186e-02
3.501945361495018005e-02
5.658198520541191101e-02
4.166666790843009949e-02
6.710311025381088257e-02
7.372400909662246704e-02
5.735294148325920105e-02
3.947368264198303223e-02
5.022830888628959656e-02
4.845815151929855347e-02
7.597535848617553711e-02
4.957101866602897644e-02
4.081632569432258606e-02
4.701834917068481445e-02
5.296803638339042664e-02
6.553911417722702026e-02
4.365620762109756470e-02
4.805194959044456482e-02
4.332755506038665771e-02
5.395683273673057556e-02
4.448398575186729431e-02
4.540763795375823975e-02
4.464285820722579956e-02
5.499999970197677612e-02
5.203045532107353210e-02
4.352441430091857910e-02
4.931972920894622803e-02
4.884004965424537659e-02
5.270655453205108643e-02
4.687500000000000000e-02
4.155124723911285400e-02
5.436893180012702942e-02
4.494382068514823914e-02
4.855491220951080322e-02
4.037266969680786133e-02
4.584775120019912720e-02
4.107424989342689514e-02
4.138851910829544067e-02
5.898123234510421753e-02
5.271439626812934875e-02
4.147465527057647705e-02
5.600000172853469849e-02
4.642857238650321960e-02
5.797101557254791260e-02
4.136029258370399475e-02
5.517241358757019043e-02
4.287138581275939941e-02
4.084321483969688416e-02
5.769230797886848450e-02
4.527813568711280823e-02
4.642409086227416992e-02
5.337361618876457214e-02
6.408544629812240601e-02
5.458515137434005737e-02
4.863582551479339600e-02
6.922125816345214844e-02
5.520702525973320007e-02
4.985337331891059875e-02
4.581151902675628662e-02
4.719763994216918945e-02
5.535055324435234070e-02
3.361344709992408752e-02
5.216426029801368713e-02
5.756358802318572998e-02
3.999999910593032837e-02
5.616224557161331177e-02
6.828527897596359253e-02
6.493506580591201782e-02
5.855161696672439575e-02
3.826086968183517456e-02
6.324110925197601318e-02
4.859334975481033325e-02
4.578563943505287170e-02
5.475880205631256104e-02
5.396475642919540405e-02
4.585987329483032227e-02
2.983138710260391235e-02
6.727828830480575562e-02
4.221636056900024414e-02
6.498951464891433716e-02
6.310679763555526733e-02
3.644158691167831421e-02
5.341246351599693298e-02
5.626134201884269714e-02
7.788944989442825317e-02
5.811623111367225647e-02
5.846947431564331055e-02
4.382470250129699707e-02
5.598243698477745056e-02
3.932082280516624451e-02
6.027397140860557556e-02
5.532786995172500610e-02
5.270655453205108643e-02
4.980468750000000000e-02
7.333333045244216919e-02
6.448412686586380005e-02
4.716981202363967896e-02
3.987240791320800781e-02
5.474860221147537231e-02
5.903614312410354614e-02
5.371247977018356323e-02
4.629629477858543396e-02
4.311377182602882385e-02
2.926829271018505096e-02
5.499276518821716309e-02
4.377880319952964783e-02
5.457598716020584106e-02
4.076433181762695312e-02
2.832861244678497314e-02
6.834532320499420166e-02
5.699020624160766602e-02
5.299999937415122986e-02
5.680317059159278870e-02
3.831417486071586609e-02
6.160458549857139587e-02
5.946601927280426025e-02
5.999999865889549255e-02
7.185629010200500488e-02
5.099150165915489197e-02
5.973025038838386536e-02
7.073170691728591919e-02
5.970149114727973938e-02
5.252525210380554199e-02
4.681404307484626770e-02
4.862236604094505310e-02
6.399132311344146729e-02
5.612244829535484314e-02
4.374999925494194031e-02
6.264501065015792847e-02
3.928905352950096130e-02
4.801324382424354553e-02
4.432855173945426941e-02
5.626134201884269714e-02
5.016722530126571655e-02
5.580159276723861694e-02
5.041031539440155029e-02
5.532617494463920593e-02
5.416666716337203979e-02
5.512820556759834290e-02
5.222222208976745605e-02
6.070287525653839111e-02
5.446293577551841736e-02
4.838709533214569092e-02
5.772230774164199829e-02
4.895104840397834778e-02
4.035087674856185913e-02
5.378151312470436096e-02
5.303030461072921753e-02
4.704463109374046326e-02
6.041478738188743591e-02
4.359672963619232178e-02
5.668016150593757629e-02
4.964539036154747009e-02
6.500541418790817261e-02
3.917050734162330627e-02
4.566929116845130920e-02
4.136690497398376465e-02
3.522012755274772644e-02
5.048076808452606201e-02
4.568965360522270203e-02
5.090909078717231750e-02
6.622516363859176636e-02
6.080000102519989014e-02
4.962243884801864624e-02
3.875968977808952332e-02
3.490991145372390747e-02
4.847801476716995239e-02
5.383360385894775391e-02
5.750487372279167175e-02
5.626598373055458069e-02
4.185022041201591492e-02
5.527123808860778809e-02
3.830911591649055481e-02
4.972375556826591492e-02
6.103895977139472961e-02
5.882352963089942932e-02
5.081495642662048340e-02
4.967320337891578674e-02
4.615384712815284729e-02
6.396588683128356934e-02
6.441223621368408203e-02
3.940886631608009338e-02
5.606523901224136353e-02
7.678245007991790771e-02
4.780361801385879517e-02
5.190839618444442749e-02
5.539358779788017273e-02
7.977736741304397583e-02
5.981595069169998169e-02
4.255319014191627502e-02
4.780114814639091492e-02
6.870228797197341919e-02
3.916084021329879761e-02
4.969697073101997375e-02
4.166666790843009949e-02
5.592841282486915588e-02
4.150453954935073853e-02
5.276381969451904297e-02
5.560882017016410828e-02
4.245283082127571106e-02
3.995157405734062195e-02
4.651162773370742798e-02
6.590257585048675537e-02
4.929577559232711792e-02
4.560260474681854248e-02
4.560260474681854248e-02
3.750000149011611938e-02
3.324808180332183838e-02
4.090908914804458618e-02
3.663793206214904785e-02
5.366357043385505676e-02
4.545454680919647217e-02
5.519053712487220764e-02
4.513064026832580566e-02
4.892966523766517639e-02
5.340909212827682495e-02
4.936854168772697449e-02
5.705059319734573364e-02
5.160390585660934448e-02
7.207207381725311279e-02
4.347826167941093445e-02
3.813038021326065063e-02
5.630354955792427063e-02
5.269186571240425110e-02
5.860113352537155151e-02
5.190311372280120850e-02
7.505518943071365356e-02
5.714285746216773987e-02
3.930130973458290100e-02
5.102040991187095642e-02
2.816901355981826782e-02
6.256410479545593262e-02
5.202312022447586060e-02
5.164319276809692383e-02
5.125148966908454895e-02
4.162102937698364258e-02
5.717916041612625122e-02
6.170598790049552917e-02
4.806565120816230774e-02
5.598243698477745056e-02
5.275779217481613159e-02
5.294117704033851624e-02
5.363528057932853699e-02
5.253623053431510925e-02
4.783258587121963501e-02
6.445182859897613525e-02
4.439252242445945740e-02
4.651162773370742798e-02
3.993344306945800781e-02
3.803680837154388428e-02
5.178791657090187073e-02
5.648855119943618774e-02
5.893909558653831482e-02
3.708987310528755188e-02
5.160390585660934448e-02
5.484460666775703430e-02
4.258675128221511841e-02
3.305784985423088074e-02
5.329949408769607544e-02
4.633204638957977295e-02
4.061624780297279358e-02
4.410143196582794189e-02
5.061082169413566589e-02
4.886363819241523743e-02
7.547169923782348633e-02
3.419811278581619263e-02
5.440900474786758423e-02
6.250000000000000000e-02
4.852941259741783142e-02
3.043022006750106812e-02
4.094488173723220825e-02
4.891922697424888611e-02
4.845222085714340210e-02
4.670912772417068481e-02
6.146341562271118164e-02
4.504504427313804626e-02
5.052264779806137085e-02
5.188067629933357239e-02
5.034013465046882629e-02
5.709342658519744873e-02
3.939393907785415649e-02
6.038894504308700562e-02
5.196304991841316223e-02
5.335628241300582886e-02
3.709677234292030334e-02
4.941176623106002808e-02
6.169296801090240479e-02
4.963899031281471252e-02
5.519897118210792542e-02
4.575892910361289978e-02
3.676470741629600525e-02
5.149501562118530273e-02
4.475042968988418579e-02
4.025617614388465881e-02
4.640718549489974976e-02
5.817610025405883789e-02
4.833512380719184875e-02
5.232558026909828186e-02
4.613734036684036255e-02
4.792332276701927185e-02
3.931624069809913635e-02
2.958579920232295990e-02
6.135986745357513428e-02
6.481481343507766724e-02
4.347826167941093445e-02
5.594405531883239746e-02
5.687693879008293152e-02
5.663189291954040527e-02
3.703703731298446655e-02
3.611111268401145935e-02
3.642383962869644165e-02
6.172839552164077759e-02
5.286839231848716736e-02
4.033613577485084534e-02
4.276315867900848389e-02
5.038428679108619690e-02
4.022988677024841309e-02
6.431853026151657104e-02
6.803797185420989990e-02
5.489259958267211914e-02
5.109488964080810547e-02
5.755395814776420593e-02
4.887218028306961060e-02
7.620818167924880981e-02
5.379188805818557739e-02
4.794520512223243713e-02
4.435483738780021667e-02
5.357142910361289978e-02
3.578947484493255615e-02
6.907378137111663818e-02
4.896907135844230652e-02
4.931506887078285217e-02
4.973544925451278687e-02
5.588235333561897278e-02
5.843440070748329163e-02
5.263157933950424194e-02
6.393861770629882812e-02
4.516129195690155029e-02
3.314285725355148315e-02
6.870228797197341919e-02
5.252918228507041931e-02
5.126118659973144531e-02
3.357070311903953552e-02
4.383116960525512695e-02
5.035971105098724365e-02
8.830548822879791260e-02
5.429864302277565002e-02
4.687500000000000000e-02
5.911330133676528931e-02
3.896103799343109131e-02
4.684684798121452332e-02
5.754475668072700500e-02
5.277044698596000671e-02
5.206738039851188660e-02
3.150684759020805359e-02
4.587155953049659729e-02
5.829596519470214844e-02
5.351521447300910950e-02
4.848484694957733154e-02
5.401234701275825500e-02
2.960526384413242340e-02
4.470198601484298706e-02
4.973822087049484253e-02
4.238143190741539001e-02
4.140526801347732544e-02
6.134969368577003479e-02
5.174488574266433716e-02
5.339265987277030945e-02
6.590908765792846680e-02
5.608364939689636230e-02
4.465493932366371155e-02
5.184331908822059631e-02
6.179775297641754150e-02
5.241935327649116516e-02
5.612722039222717285e-02
4.691689088940620422e-02
3.111111186444759369e-02
5.337078496813774109e-02
4.779411852359771729e-02
5.020920559763908386e-02
2.571860887110233307e-02
4.958677664399147034e-02
6.338027864694595337e-02
4.173622652888298035e-02
4.354136437177658081e-02
7.283464819192886353e-02
5.640243738889694214e-02
4.108216613531112671e-02
5.484147369861602783e-02
5.347092077136039734e-02
5.263157933950424194e-02
4.426229372620582581e-02
4.510309174656867981e-02
6.448203325271606445e-02
4.172461852431297302e-02
4.629629477858543396e-02
4.804270341992378235e-02
4.342857003211975098e-02
4.077471792697906494e-02
4.049493744969367981e-02
6.045751646161079407e-02
4.659949615597724915e-02
5.454545468091964722e-02
4.207119718194007874e-02
5.438401922583580017e-02
5.962854251265525818e-02
7.044199109077453613e-02
5.536723136901855469e-02
4.520547762513160706e-02
5.572289228439331055e-02
5.388128012418746948e-02
6.081081181764602661e-02
5.741626769304275513e-02
6.400839239358901978e-02
5.868544429540634155e-02
3.370786458253860474e-02
4.804804921150207520e-02
4.234122112393379211e-02
3.435114398598670959e-02
4.136253148317337036e-02
6.410256773233413696e-02
4.979253187775611877e-02
3.863134607672691345e-02
5.607476457953453064e-02
5.066921561956405640e-02
8.869565278291702271e-02
4.381161183118820190e-02
5.731225386261940002e-02
6.222222372889518738e-02
5.263157933950424194e-02
3.183791786432266235e-02
6.006674095988273621e-02
4.219409450888633728e-02
5.109488964080810547e-02
5.714285746216773987e-02
5.213903635740280151e-02
4.976525902748107910e-02
6.459948420524597168e-02
6.644143909215927124e-02
5.571847409009933472e-02
5.218317359685897827e-02
5.036855116486549377e-02
6.262626498937606812e-02
3.935185074806213379e-02
5.424200370907783508e-02
4.511278122663497925e-02
6.205923855304718018e-02
6.303030252456665039e-02
5.237154290080070496e-02
4.738154634833335876e-02
6.142034381628036499e-02
4.872881248593330383e-02
4.776119440793991089e-02
5.985552072525024414e-02
3.467666357755661011e-02
4.380664601922035217e-02
4.530011489987373352e-02
5.405405536293983459e-02
3.648424521088600159e-02
4.833836853504180908e-02
5.494505539536476135e-02
4.509017989039421082e-02
4.307692125439643860e-02
4.540867730975151062e-02
5.633802711963653564e-02
5.783865973353385925e-02
3.853564709424972534e-02
3.770197555422782898e-02
6.086956337094306946e-02
4.833333194255828857e-02
4.677419364452362061e-02
4.203821718692779541e-02
4.766536876559257507e-02
4.494382068514823914e-02
6.020557880401611328e-02
4.636591300368309021e-02
5.490196123719215393e-02
3.448275849223136902e-02
5.282112956047058105e-02
4.296875000000000000e-02
5.756013840436935425e-02
7.482992857694625854e-02
4.875518754124641418e-02
5.934718251228332520e-02
4.564315453171730042e-02
3.979057446122169495e-02
6.750000268220901489e-02
5.119825527071952820e-02
4.909091070294380188e-02
4.471544548869132996e-02
4.330175742506980896e-02
4.402515664696693420e-02
3.855721279978752136e-02
4.352126643061637878e-02
5.190591886639595032e-02
4.363207519054412842e-02
5.343511328101158142e-02
6.066176295280456543e-02
4.538087546825408936e-02
4.342722892761230469e-02
5.047748982906341553e-02
4.398148134350776672e-02
5.468750000000000000e-02
6.020942330360412598e-02
7.169117778539657593e-02
5.029585957527160645e-02
5.452436208724975586e-02
4.512635245919227600e-02
5.410447716712951660e-02
4.722792655229568481e-02
5.390334501862525940e-02
5.309734493494033813e-02
4.201680794358253479e-02
5.082417652010917664e-02
5.281690135598182678e-02
4.249291867017745972e-02
4.669260606169700623e-02
6.205673888325691223e-02
4.299065470695495605e-02
4.849279299378395081e-02
5.197505280375480652e-02
4.845505580306053162e-02
4.210526496171951294e-02
5.226480960845947266e-02
4.684512317180633545e-02
4.568528011441230774e-02
4.474708065390586853e-02
5.248091742396354675e-02
6.446281075477600098e-02
7.097791880369186401e-02
5.252317339181900024e-02
5.779569968581199646e-02
6.498951464891433716e-02
9.677419066429138184e-02
4.068522527813911438e-02
7.658321410417556763e-02
5.095541477203369141e-02
5.315614491701126099e-02
5.775400996208190918e-02
3.691983222961425781e-02
4.896907135844230652e-02
2.950310520827770233e-02
4.519774019718170166e-02
4.892703890800476074e-02
4.175588861107826233e-02
4.549019783735275269e-02
4.836601391434669495e-02
6.259781122207641602e-02
6.882590800523757935e-02
6.315789371728897095e-02
4.625550657510757446e-02
6.547619402408599854e-02
4.790419340133666992e-02
6.270096451044082642e-02
4.967602714896202087e-02
5.672609433531761169e-02
5.526315793395042419e-02
4.278074949979782104e-02
4.423592612147331238e-02
5.006418377161026001e-02
6.357616186141967773e-02
5.463182926177978516e-02
4.447267949581146240e-02
4.685212299227714539e-02
4.134762659668922424e-02
5.233219638466835022e-02
6.168224290013313293e-02
8.045977354049682617e-02
6.184012070298194885e-02
5.070754885673522949e-02
3.996004164218902588e-02
3.495145589113235474e-02
8.143712580204010010e-02
7.407407462596893311e-02
4.707792028784751892e-02
6.627393513917922974e-02
4.829545319080352783e-02
5.972222238779067993e-02
5.904059112071990967e-02
5.543709918856620789e-02
5.834463983774185181e-02
4.431314766407012939e-02
3.751616925001144409e-02
6.110282987356185913e-02
6.257981806993484497e-02
5.294825509190559387e-02
5.950095877051353455e-02
5.015673860907554626e-02
5.437100306153297424e-02
4.184100404381752014e-02
4.928909987211227417e-02
4.954499378800392151e-02
5.382131412625312805e-02
5.739514529705047607e-02
4.952380806207656860e-02
5.247224867343902588e-02
5.563909932971000671e-02
3.751339763402938843e-02
4.134367033839225769e-02
5.775577574968338013e-02
5.889570713043212891e-02
3.253182396292686462e-02
6.203208491206169128e-02
3.236607089638710022e-02
6.529850512742996216e-02
5.882352963089942932e-02
5.830039456486701965e-02
5.154639109969139099e-02
5.369127541780471802e-02
4.456327855587005615e-02
5.320600420236587524e-02
4.377880319952964783e-02
6.227106228470802307e-02
5.489021912217140198e-02
5.040322616696357727e-02
6.947890669107437134e-02
4.566929116845130920e-02
4.880694299936294556e-02
4.709748178720474243e-02
5.702647566795349121e-02
4.258675128221511841e-02
5.629629641771316528e-02
3.255813941359519958e-02
5.015353113412857056e-02
6.037735939025878906e-02
4.921259731054306030e-02
3.881278634071350098e-02
4.827586188912391663e-02
4.369537904858589172e-02
6.566604226827621460e-02
5.660377442836761475e-02
6.933332979679107666e-02
5.850091576576232910e-02
5.065359547734260559e-02
4.946523904800415039e-02
5.738880857825279236e-02
5.593220517039299011e-02
6.484296172857284546e-02
3.629032149910926819e-02
5.483870953321456909e-02
5.638664960861206055e-02
4.893813654780387878e-02
3.836316987872123718e-02
5.172413960099220276e-02
5.147058889269828796e-02
5.227655917406082153e-02
5.629139021039009094e-02
4.458598792552947998e-02
5.119999870657920837e-02
6.582633405923843384e-02
5.045277997851371765e-02
5.942275002598762512e-02
9.090909361839294434e-02
4.044630378484725952e-02
4.919678717851638794e-02
4.912836849689483643e-02
5.078125000000000000e-02
6.465516984462738037e-02
5.850091576576232910e-02
5.383734405040740967e-02
4.360189661383628845e-02
4.728370159864425659e-02
4.089979454874992371e-02
6.353861093521118164e-02
5.505761876702308655e-02
5.657708644866943359e-02
5.314009636640548706e-02
5.047748982906341553e-02
5.210420861840248108e-02
