0.000000000000000000e+00
0.000000000000000000e+00
0.000000000000000000e+00
0.000000000000000000e+00
0.000000000000000000e+00
6.381620769388973713e-04
0.000000000000000000e+00
0.000000000000000000e+00
0.000000000000000000e+00
0.000000000000000000e+00
0.000000000000000000e+00
0.000000000000000000e+00
0.000000000000000000e+00
0.000000000000000000e+00
0.000000000000000000e+00
0.000000000000000000e+00
0.000000000000000000e+00
0.000000000000000000e+00
0.000000000000000000e+00
0.000000000000000000e+00
0.000000000000000000e+00
0.000000000000000000e+00
0.000000000000000000e+00
0.000000000000000000e+00
0.000000000000000000e+00
0.000000000000000000e+00
0.000000000000000000e+00
0.000000000000000000e+00
0.000000000000000000e+00
0.000000000000000000e+00
0.000000000000000000e+00
0.000000000000000000e+00
0.000000000000000000e+00
0.000000000000000000e+00
0.000000000000000000e+00
0.000000000000000000e+00
0.000000000000000000e+00
0.000000000000000000e+00
0.000000000000000000e+00
0.000000000000000000e+00
0.000000000000000000e+00
0.000000000000000000e+00
0.000000000000000000e+00
0.000000000000000000e+00
0.000000000000000000e+00
0.000000000000000000e+00
0.000000000000000000e+00
0.000000000000000000e+00
0.000000000000000000e+00
0.000000000000000000e+00
0.000000000000000000e+00
0.000000000000000000e+00
0.000000000000000000e+00
0.000000000000000000e+00
0.000000000000000000e+00
0.000000000000000000e+00
0.000000000000000000e+00
0.000000000000000000e+00
0.000000000000000000e+00
0.000000000000000000e+00
0.000000000000000000e+00
0.000000000000000000e+00
0.000000000000000000e+00
0.000000000000000000e+00
0.000000000000000000e+00
0.000000000000000000e+00
0.000000000000000000e+00
0.000000000000000000e+00
0.000000000000000000e+00
0.000000000000000000e+00
0.000000000000000000e+00
0.000000000000000000e+00
0.000000000000000000e+00
0.000000000000000000e+00
0.000000000000000000e+00
0.000000000000000000e+00
0.000000000000000000e+00
0.000000000000000000e+00
0.000000000000000000e+00
0.000000000000000000e+00
0.000000000000000000e+00
0.000000000000000000e+00
0.000000000000000000e+00
0.000000000000000000e+00
0.000000000000000000e+00
0.000000000000000000e+00
0.000000000000000000e+00
0.000000000000000000e+00
0.000000000000000000e+00
0.000000000000000000e+00
0.000000000000000000e+00
0.000000000000000000e+00
0.000000000000000000e+00
0.000000000000000000e+00
0.000000000000000000e+00
0.000000000000000000e+00
0.000000000000000000e+00
0.000000000000000000e+00
0.000000000000000000e+00
0.000000000000000000e+00
0.000000000000000000e+00
0.000000000000000000e+00
0.000000000000000000e+00
0.000000000000000000e+00
0.000000000000000000e+00
0.000000000000000000e+00
0.000000000000000000e+00
0.000000000000000000e+00
0.000000000000000000e+00
0.000000000000000000e+00
0.000000000000000000e+00
0.000000000000000000e+00
6.557377055287361145e-04
0.000000000000000000e+00
0.000000000000000000e+00
0.000000000000000000e+00
0.000000000000000000e+00
0.000000000000000000e+00
0.000000000000000000e+00
0.000000000000000000e+00
0.000000000000000000e+00
0.000000000000000000e+00
0.000000000000000000e+00
0.000000000000000000e+00
0.000000000000000000e+00
7.418397581204771996e-04
0.000000000000000000e+00
0.000000000000000000e+00
0.000000000000000000e+00
0.000000000000000000e+00
0.000000000000000000e+00
9.794319048523902893e-04
0.000000000000000000e+00
0.000000000000000000e+00
0.000000000000000000e+00
0.000000000000000000e+00
0.000000000000000000e+00
0.000000000000000000e+00
0.000000000000000000e+00
0.000000000000000000e+00
0.000000000000000000e+00
0.000000000000000000e+00
5.611672531813383102e-04
0.000000000000000000e+00
0.000000000000000000e+00
0.000000000000000000e+00
0.000000000000000000e+00
0.000000000000000000e+00
0.000000000000000000e+00
0.000000000000000000e+00
0.000000000000000000e+00
0.000000000000000000e+00
0.000000000000000000e+00
0.000000000000000000e+00
0.000000000000000000e+00
0.000000000000000000e+00
0.000000000000000000e+00
0.000000000000000000e+00
0.000000000000000000e+00
0.000000000000000000e+00
0.000000000000000000e+00
0.000000000000000000e+00
0.000000000000000000e+00
0.000000000000000000e+00
0.000000000000000000e+00
0.000000000000000000e+00
0.000000000000000000e+00
0.000000000000000000e+00
0.000000000000000000e+00
0.000000000000000000e+00
0.000000000000000000e+00
0.000000000000000000e+00
0.000000000000000000e+00
0.000000000000000000e+00
0.000000000000000000e+00
0.000000000000000000e+00
0.000000000000000000e+00
0.000000000000000000e+00
6.514657870866358280e-04
0.000000000000000000e+00
0.000000000000000000e+00
0.000000000000000000e+00
0.000000000000000000e+00
0.000000000000000000e+00
0.000000000000000000e+00
0.000000000000000000e+00
0.000000000000000000e+00
0.000000000000000000e+00
0.000000000000000000e+00
0.000000000000000000e+00
0.000000000000000000e+00
0.000000000000000000e+00
0.000000000000000000e+00
0.000000000000000000e+00
0.000000000000000000e+00
0.000000000000000000e+00
0.000000000000000000e+00
0.000000000000000000e+00
0.000000000000000000e+00
0.000000000000000000e+00
0.000000000000000000e+00
6.506181089207530022e-04
0.000000000000000000e+00
0.000000000000000000e+00
0.000000000000000000e+00
0.000000000000000000e+00
0.000000000000000000e+00
0.000000000000000000e+00
0.000000000000000000e+00
0.000000000000000000e+00
0.000000000000000000e+00
0.000000000000000000e+00
0.000000000000000000e+00
0.000000000000000000e+00
0.000000000000000000e+00
0.000000000000000000e+00
0.000000000000000000e+00
0.000000000000000000e+00
5.540166166611015797e-04
0.000000000000000000e+00
0.000000000000000000e+00
0.000000000000000000e+00
0.000000000000000000e+00
0.000000000000000000e+00
0.000000000000000000e+00
0.000000000000000000e+00
0.000000000000000000e+00
0.000000000000000000e+00
0.000000000000000000e+00
0.000000000000000000e+00
0.000000000000000000e+00
0.000000000000000000e+00
0.000000000000000000e+00
0.000000000000000000e+00
0.000000000000000000e+00
0.000000000000000000e+00
0.000000000000000000e+00
0.000000000000000000e+00
0.000000000000000000e+00
0.000000000000000000e+00
0.000000000000000000e+00
0.000000000000000000e+00
0.000000000000000000e+00
0.000000000000000000e+00
0.000000000000000000e+00
0.000000000000000000e+00
0.000000000000000000e+00
0.000000000000000000e+00
0.000000000000000000e+00
0.000000000000000000e+00
0.000000000000000000e+00
0.000000000000000000e+00
0.000000000000000000e+00
0.000000000000000000e+00
0.000000000000000000e+00
0.000000000000000000e+00
0.000000000000000000e+00
0.000000000000000000e+00
0.000000000000000000e+00
0.000000000000000000e+00
0.000000000000000000e+00
0.000000000000000000e+00
0.000000000000000000e+00
0.000000000000000000e+00
0.000000000000000000e+00
0.000000000000000000e+00
0.000000000000000000e+00
0.000000000000000000e+00
0.000000000000000000e+00
0.000000000000000000e+00
0.000000000000000000e+00
0.000000000000000000e+00
0.000000000000000000e+00
0.000000000000000000e+00
0.000000000000000000e+00
0.000000000000000000e+00
0.000000000000000000e+00
0.000000000000000000e+00
0.000000000000000000e+00
0.000000000000000000e+00
0.000000000000000000e+00
0.000000000000000000e+00
0.000000000000000000e+00
0.000000000000000000e+00
0.000000000000000000e+00
0.000000000000000000e+00
0.000000000000000000e+00
0.000000000000000000e+00
0.000000000000000000e+00
0.000000000000000000e+00
0.000000000000000000e+00
0.000000000000000000e+00
0.000000000000000000e+00
0.000000000000000000e+00
0.000000000000000000e+00
0.000000000000000000e+00
0.000000000000000000e+00
0.000000000000000000e+00
0.000000000000000000e+00
0.000000000000000000e+00
0.000000000000000000e+00
0.000000000000000000e+00
0.000000000000000000e+00
0.000000000000000000e+00
0.000000000000000000e+00
0.000000000000000000e+00
0.000000000000000000e+00
0.000000000000000000e+00
0.000000000000000000e+00
0.000000000000000000e+00
0.000000000000000000e+00
0.000000000000000000e+00
0.000000000000000000e+00
0.000000000000000000e+00
0.000000000000000000e+00
0.000000000000000000e+00
0.000000000000000000e+00
0.000000000000000000e+00
0.000000000000000000e+00
0.000000000000000000e+00
0.000000000000000000e+00
0.000000000000000000e+00
0.000000000000000000e+00
0.000000000000000000e+00
0.000000000000000000e+00
0.000000000000000000e+00
0.000000000000000000e+00
0.000000000000000000e+00
0.000000000000000000e+00
0.000000000000000000e+00
0.000000000000000000e+00
0.000000000000000000e+00
0.000000000000000000e+00
0.000000000000000000e+00
0.000000000000000000e+00
0.000000000000000000e+00
0.000000000000000000e+00
0.000000000000000000e+00
0.000000000000000000e+00
0.000000000000000000e+00
0.000000000000000000e+00
0.000000000000000000e+00
0.000000000000000000e+00
0.000000000000000000e+00
0.000000000000000000e+00
0.000000000000000000e+00
0.000000000000000000e+00
0.000000000000000000e+00
0.000000000000000000e+00
0.000000000000000000e+00
0.000000000000000000e+00
0.000000000000000000e+00
0.000000000000000000e+00
0.000000000000000000e+00
0.000000000000000000e+00
0.000000000000000000e+00
0.000000000000000000e+00
0.000000000000000000e+00
0.000000000000000000e+00
0.000000000000000000e+00
0.000000000000000000e+00
0.000000000000000000e+00
0.000000000000000000e+00
0.000000000000000000e+00
0.000000000000000000e+00
0.000000000000000000e+00
0.000000000000000000e+00
0.000000000000000000e+00
0.000000000000000000e+00
0.000000000000000000e+00
4.460303171072155237e-04
0.000000000000000000e+00
0.000000000000000000e+00
0.000000000000000000e+00
0.000000000000000000e+00
5.470459582284092903e-04
0.000000000000000000e+00
0.000000000000000000e+00
0.000000000000000000e+00
0.000000000000000000e+00
0.000000000000000000e+00
0.000000000000000000e+00
0.000000000000000000e+00
0.000000000000000000e+00
0.000000000000000000e+00
0.000000000000000000e+00
0.000000000000000000e+00
0.000000000000000000e+00
0.000000000000000000e+00
0.000000000000000000e+00
0.000000000000000000e+00
0.000000000000000000e+00
0.000000000000000000e+00
0.000000000000000000e+00
0.000000000000000000e+00
0.000000000000000000e+00
0.000000000000000000e+00
0.000000000000000000e+00
0.000000000000000000e+00
0.000000000000000000e+00
0.000000000000000000e+00
0.000000000000000000e+00
0.000000000000000000e+00
0.000000000000000000e+00
0.000000000000000000e+00
0.000000000000000000e+00
0.000000000000000000e+00
0.000000000000000000e+00
0.000000000000000000e+00
0.000000000000000000e+00
0.000000000000000000e+00
0.000000000000000000e+00
0.000000000000000000e+00
0.000000000000000000e+00
0.000000000000000000e+00
0.000000000000000000e+00
0.000000000000000000e+00
0.000000000000000000e+00
0.000000000000000000e+00
0.000000000000000000e+00
0.000000000000000000e+00
0.000000000000000000e+00
0.000000000000000000e+00
0.000000000000000000e+00
0.000000000000000000e+00
0.000000000000000000e+00
0.000000000000000000e+00
0.000000000000000000e+00
0.000000000000000000e+00
0.000000000000000000e+00
7.942811935208737850e-04
0.000000000000000000e+00
0.000000000000000000e+00
0.000000000000000000e+00
0.000000000000000000e+00
0.000000000000000000e+00
0.000000000000000000e+00
0.000000000000000000e+00
0.000000000000000000e+00
0.000000000000000000e+00
0.000000000000000000e+00
0.000000000000000000e+00
0.000000000000000000e+00
0.000000000000000000e+00
0.000000000000000000e+00
0.000000000000000000e+00
0.000000000000000000e+00
0.000000000000000000e+00
0.000000000000000000e+00
0.000000000000000000e+00
0.000000000000000000e+00
0.000000000000000000e+00
7.057163165882229805e-04
0.000000000000000000e+00
0.000000000000000000e+00
0.000000000000000000e+00
0.000000000000000000e+00
0.000000000000000000e+00
0.000000000000000000e+00
0.000000000000000000e+00
0.000000000000000000e+00
0.000000000000000000e+00
0.000000000000000000e+00
0.000000000000000000e+00
0.000000000000000000e+00
0.000000000000000000e+00
0.000000000000000000e+00
0.000000000000000000e+00
0.000000000000000000e+00
0.000000000000000000e+00
6.157635361887514591e-04
0.000000000000000000e+00
0.000000000000000000e+00
0.000000000000000000e+00
0.000000000000000000e+00
0.000000000000000000e+00
0.000000000000000000e+00
0.000000000000000000e+00
0.000000000000000000e+00
0.000000000000000000e+00
0.000000000000000000e+00
0.000000000000000000e+00
0.000000000000000000e+00
0.000000000000000000e+00
0.000000000000000000e+00
0.000000000000000000e+00
7.530120201408863068e-04
0.000000000000000000e+00
0.000000000000000000e+00
0.000000000000000000e+00
0.000000000000000000e+00
0.000000000000000000e+00
0.000000000000000000e+00
0.000000000000000000e+00
0.000000000000000000e+00
0.000000000000000000e+00
0.000000000000000000e+00
0.000000000000000000e+00
0.000000000000000000e+00
0.000000000000000000e+00
0.000000000000000000e+00
0.000000000000000000e+00
0.000000000000000000e+00
0.000000000000000000e+00
0.000000000000000000e+00
0.000000000000000000e+00
0.000000000000000000e+00
0.000000000000000000e+00
0.000000000000000000e+00
0.000000000000000000e+00
0.000000000000000000e+00
0.000000000000000000e+00
0.000000000000000000e+00
0.000000000000000000e+00
0.000000000000000000e+00
0.000000000000000000e+00
0.000000000000000000e+00
0.000000000000000000e+00
0.000000000000000000e+00
0.000000000000000000e+00
0.000000000000000000e+00
0.000000000000000000e+00
0.000000000000000000e+00
0.000000000000000000e+00
0.000000000000000000e+00
0.000000000000000000e+00
0.000000000000000000e+00
0.000000000000000000e+00
0.000000000000000000e+00
0.000000000000000000e+00
0.000000000000000000e+00
0.000000000000000000e+00
0.000000000000000000e+00
0.000000000000000000e+00
0.000000000000000000e+00
0.000000000000000000e+00
0.000000000000000000e+00
0.000000000000000000e+00
0.000000000000000000e+00
0.000000000000000000e+00
0.000000000000000000e+00
0.000000000000000000e+00
0.000000000000000000e+00
0.000000000000000000e+00
0.000000000000000000e+00
0.000000000000000000e+00
0.000000000000000000e+00
0.000000000000000000e+00
0.000000000000000000e+00
0.000000000000000000e+00
0.000000000000000000e+00
0.000000000000000000e+00
0.000000000000000000e+00
0.000000000000000000e+00
0.000000000000000000e+00
0.000000000000000000e+00
0.000000000000000000e+00
0.000000000000000000e+00
0.000000000000000000e+00
0.000000000000000000e+00
0.000000000000000000e+00
0.000000000000000000e+00
0.000000000000000000e+00
0.000000000000000000e+00
0.000000000000000000e+00
0.000000000000000000e+00
0.000000000000000000e+00
0.000000000000000000e+00
0.000000000000000000e+00
0.000000000000000000e+00
0.000000000000000000e+00
0.000000000000000000e+00
0.000000000000000000e+00
0.000000000000000000e+00
0.000000000000000000e+00
0.000000000000000000e+00
0.000000000000000000e+00
0.000000000000000000e+00
0.000000000000000000e+00
0.000000000000000000e+00
0.000000000000000000e+00
0.000000000000000000e+00
5.750431446358561516e-04
0.000000000000000000e+00
6.265664123930037022e-04
0.000000000000000000e+00
0.000000000000000000e+00
0.000000000000000000e+00
0.000000000000000000e+00
0.000000000000000000e+00
0.000000000000000000e+00
0.000000000000000000e+00
0.000000000000000000e+00
0.000000000000000000e+00
0.000000000000000000e+00
0.000000000000000000e+00
0.000000000000000000e+00
0.000000000000000000e+00
0.000000000000000000e+00
0.000000000000000000e+00
0.000000000000000000e+00
0.000000000000000000e+00
0.000000000000000000e+00
0.000000000000000000e+00
0.000000000000000000e+00
0.000000000000000000e+00
0.000000000000000000e+00
0.000000000000000000e+00
0.000000000000000000e+00
0.000000000000000000e+00
0.000000000000000000e+00
4.498425696510821581e-04
5.797101184725761414e-04
0.000000000000000000e+00
0.000000000000000000e+00
0.000000000000000000e+00
0.000000000000000000e+00
0.000000000000000000e+00
0.000000000000000000e+00
0.000000000000000000e+00
0.000000000000000000e+00
0.000000000000000000e+00
0.000000000000000000e+00
0.000000000000000000e+00
0.000000000000000000e+00
0.000000000000000000e+00
0.000000000000000000e+00
0.000000000000000000e+00
0.000000000000000000e+00
0.000000000000000000e+00
6.553080165758728981e-04
0.000000000000000000e+00
0.000000000000000000e+00
0.000000000000000000e+00
0.000000000000000000e+00
0.000000000000000000e+00
0.000000000000000000e+00
0.000000000000000000e+00
0.000000000000000000e+00
0.000000000000000000e+00
5.810575094074010849e-04
0.000000000000000000e+00
0.000000000000000000e+00
0.000000000000000000e+00
5.740527994930744171e-04
0.000000000000000000e+00
0.000000000000000000e+00
0.000000000000000000e+00
0.000000000000000000e+00
0.000000000000000000e+00
0.000000000000000000e+00
1.225490239448845387e-03
0.000000000000000000e+00
0.000000000000000000e+00
0.000000000000000000e+00
0.000000000000000000e+00
5.903187557123601437e-04
7.490636780858039856e-04
0.000000000000000000e+00
0.000000000000000000e+00
0.000000000000000000e+00
0.000000000000000000e+00
0.000000000000000000e+00
0.000000000000000000e+00
0.000000000000000000e+00
0.000000000000000000e+00
0.000000000000000000e+00
0.000000000000000000e+00
0.000000000000000000e+00
0.000000000000000000e+00
6.150061381049454212e-04
0.000000000000000000e+00
0.000000000000000000e+00
0.000000000000000000e+00
0.000000000000000000e+00
0.000000000000000000e+00
0.000000000000000000e+00
4.638218961190432310e-04
0.000000000000000000e+00
9.174311999231576920e-04
0.000000000000000000e+00
5.851375171914696693e-04
0.000000000000000000e+00
0.000000000000000000e+00
0.000000000000000000e+00
5.216483841650187969e-04
0.000000000000000000e+00
0.000000000000000000e+00
0.000000000000000000e+00
0.000000000000000000e+00
0.000000000000000000e+00
0.000000000000000000e+00
0.000000000000000000e+00
0.000000000000000000e+00
0.000000000000000000e+00
0.000000000000000000e+00
0.000000000000000000e+00
0.000000000000000000e+00
0.000000000000000000e+00
1.004016026854515076e-03
5.633803084492683411e-04
0.000000000000000000e+00
0.000000000000000000e+00
0.000000000000000000e+00
0.000000000000000000e+00
0.000000000000000000e+00
0.000000000000000000e+00
0.000000000000000000e+00
0.000000000000000000e+00
0.000000000000000000e+00
0.000000000000000000e+00
0.000000000000000000e+00
0.000000000000000000e+00
0.000000000000000000e+00
0.000000000000000000e+00
0.000000000000000000e+00
0.000000000000000000e+00
0.000000000000000000e+00
1.306335674598813057e-03
0.000000000000000000e+00
0.000000000000000000e+00
0.000000000000000000e+00
0.000000000000000000e+00
7.794232224114239216e-04
0.000000000000000000e+00
0.000000000000000000e+00
0.000000000000000000e+00
0.000000000000000000e+00
0.000000000000000000e+00
1.137656392529606819e-03
0.000000000000000000e+00
1.103143906220793724e-03
0.000000000000000000e+00
0.000000000000000000e+00
0.000000000000000000e+00
0.000000000000000000e+00
0.000000000000000000e+00
4.965243279002606869e-04
0.000000000000000000e+00
6.949270609766244888e-04
0.000000000000000000e+00
0.000000000000000000e+00
0.000000000000000000e+00
0.000000000000000000e+00
0.000000000000000000e+00
6.514657870866358280e-04
6.877579144202172756e-04
0.000000000000000000e+00
6.510416860692203045e-04
0.000000000000000000e+00
0.000000000000000000e+00
0.000000000000000000e+00
4.623208369594067335e-04
3.252032445743680000e-03
0.000000000000000000e+00
0.000000000000000000e+00
8.203445468097925186e-04
6.666666595265269279e-04
0.000000000000000000e+00
0.000000000000000000e+00
6.093845004215836525e-04
0.000000000000000000e+00
0.000000000000000000e+00
0.000000000000000000e+00
6.788866012357175350e-04
6.357278907671570778e-04
5.068423924967646599e-04
6.816632812842726707e-04
0.000000000000000000e+00
6.973500712774693966e-04
1.000000047497451305e-03
6.389776244759559631e-04
2.121640834957361221e-03
6.706907879561185837e-04
4.987530992366373539e-04
2.415458904579281807e-03
7.401924231089651585e-04
5.595971015281975269e-04
0.000000000000000000e+00
5.025125574320554733e-04
8.510638144798576832e-04
0.000000000000000000e+00
6.752194603905081749e-04
0.000000000000000000e+00
1.484781038016080856e-03
7.757951971143484116e-04
0.000000000000000000e+00
1.238390104845166206e-03
1.909611746668815613e-03
1.123595517128705978e-03
6.414368399418890476e-04
9.017132688313722610e-04
0.000000000000000000e+00
9.779951069504022598e-04
1.259445794858038425e-03
1.421464141458272934e-03
0.000000000000000000e+00
1.016260124742984772e-03
0.000000000000000000e+00
4.686035681515932083e-04
1.029866165481507778e-03
0.000000000000000000e+00
1.411432633176445961e-03
5.537098622880876064e-04
5.688281962648034096e-04
0.000000000000000000e+00
0.000000000000000000e+00
1.376462518237531185e-03
0.000000000000000000e+00
0.000000000000000000e+00
1.486620400100946426e-03
6.269592558965086937e-04
7.880220655351877213e-04
7.716049440205097198e-04
1.919385744258761406e-03
2.136752242222428322e-03
0.000000000000000000e+00
8.787346305325627327e-04
1.778304693289101124e-03
2.565747359767556190e-03
3.536067903041839600e-03
0.000000000000000000e+00
7.326007471419870853e-04
2.044989727437496185e-03
9.407337638549506664e-04
1.242236001417040825e-03
2.079002093523740768e-03
5.005004815757274628e-03
2.010723808780312538e-03
8.733624708838760853e-04
4.732607631012797356e-04
2.669514156877994537e-03
0.000000000000000000e+00
1.473477459512650967e-03
3.265306120738387108e-03
1.757469261065125465e-03
2.288329415023326874e-03
1.950585166923701763e-03
3.641660558059811592e-03
1.494768308475613594e-03
0.000000000000000000e+00
2.272727200761437416e-03
0.000000000000000000e+00
3.556609386578202248e-03
3.875968977808952332e-03
2.111189300194382668e-03
5.162622546777129173e-04
2.565747359767556190e-03
6.097560981288552284e-04
2.783964388072490692e-03
1.951854210346937180e-03
2.368265297263860703e-03
6.123698549345135689e-04
1.635322929359972477e-03
2.386634936556220055e-03
1.415428123436868191e-03
2.989536616951227188e-03
1.337792607955634594e-03
5.685048527084290981e-04
3.027245169505476952e-03
1.332445070147514343e-03
1.579778851009905338e-03
2.935995347797870636e-03
2.532928017899394035e-03
2.697841729968786240e-03
6.321112625300884247e-03
1.406469731591641903e-03
6.281406967900693417e-04
1.022494863718748093e-03
7.949125720188021660e-04
4.665629938244819641e-03
1.406469731591641903e-03
4.623513668775558472e-03
3.115264698863029480e-03
2.855103462934494019e-03
2.495321212336421013e-03
4.916420672088861465e-03
2.676181960850954056e-03
1.964636612683534622e-03
1.686340663582086563e-03
0.000000000000000000e+00
1.980198081582784653e-03
1.834862399846315384e-03
4.705882165580987930e-03
5.509641952812671661e-03
4.100761376321315765e-03
6.740490905940532684e-03
2.534854225814342499e-03
4.164188168942928314e-03
2.441406250000000000e-03
5.250875372439622879e-03
3.337041242048144341e-03
9.532888652756810188e-04
4.758667666465044022e-03
3.846153849735856056e-03
2.396644791588187218e-03
2.546148840337991714e-03
1.955034211277961731e-03
3.144653979688882828e-03
2.237136475741863251e-03
2.715546404942870140e-03
5.368098150938749313e-03
1.867995015345513821e-03
2.308136085048317909e-03
5.139500834047794342e-03
3.900155890733003616e-03
4.723346792161464691e-03
2.628120826557278633e-03
4.686584696173667908e-03
1.934236031956970692e-03
8.314437232911586761e-03
1.544799190014600754e-03
3.934795036911964417e-03
2.402402460575103760e-03
6.749156396836042404e-03
4.158004187047481537e-03
5.544005427509546280e-03
4.929143469780683517e-03
4.291845485568046570e-03
2.507837023586034775e-03
1.850138767622411251e-03
6.650544237345457077e-03
2.148227766156196594e-03
2.528445096686482430e-03
2.973977709189057350e-03
3.555104136466979980e-03
4.385964944958686829e-03
6.421482656151056290e-03
5.741626955568790436e-03
5.524862091988325119e-03
4.264392424374818802e-03
9.198423475027084351e-03
2.423263387754559517e-03
8.568548597395420074e-03
5.903724115341901779e-03
5.442176945507526398e-03
1.976284664124250412e-03
7.060900330543518066e-03
7.710100035183131695e-04
3.657644381746649742e-03
2.656042575836181641e-03
2.223869552835822105e-03
4.850444849580526352e-03
6.642512045800685883e-03
3.167062532156705856e-03
6.611570250242948532e-03
8.861622773110866547e-03
6.446991581469774246e-03
1.266825012862682343e-02
6.655573844909667969e-03
5.853658542037010193e-03
1.083743851631879807e-02
4.885993432253599167e-03
7.246376946568489075e-03
7.529089692980051041e-03
1.369863003492355347e-02
1.010101009160280228e-02
6.079027429223060608e-03
3.773584961891174316e-03
1.046698912978172302e-02
5.555555690079927444e-03
5.956320092082023621e-03
7.585335057228803635e-03
9.833585470914840698e-03
6.466784048825502396e-03
9.999999776482582092e-03
1.096224132925271988e-02
6.388206500560045242e-03
7.926023565232753754e-03
7.077856454998254776e-03
8.493770845234394073e-03
8.731083013117313385e-03
9.009009227156639099e-03
1.059850398451089859e-02
9.162303991615772247e-03
1.106194686144590378e-02
1.082113292068243027e-02
6.589785683900117874e-03
1.053555775433778763e-02
1.122807059437036514e-02
7.246376946568489075e-03
9.623796679079532623e-03
1.138353720307350159e-02
6.746987812221050262e-03
1.303088758140802383e-02
8.653846569359302521e-03
9.588268585503101349e-03
5.669737700372934341e-03
1.251203101128339767e-02
9.657594375312328339e-03
8.538899011909961700e-03
8.270158432424068451e-03
1.344936713576316833e-02
1.387925073504447937e-02
7.989347912371158600e-03
1.176470611244440079e-02
9.740259498357772827e-03
7.391763385385274887e-03
1.105651073157787323e-02
8.484848774969577789e-03
8.866994641721248627e-03
1.777777820825576782e-02
1.058201026171445847e-02
1.779026165604591370e-02
1.458333339542150497e-02
1.103230845183134079e-02
1.158536598086357117e-02
1.532567013055086136e-02
1.327885594218969345e-02
9.433962404727935791e-03
1.072386093437671661e-02
8.855154737830162048e-03
1.023541484028100967e-02
1.385390385985374451e-02
1.527183875441551208e-02
1.081335172057151794e-02
1.407129410654306412e-02
1.127214170992374420e-02
1.128205098211765289e-02
2.118644118309020996e-02
9.685230441391468048e-03
1.340282987803220749e-02
6.776379421353340149e-03
1.200252678245306015e-02
1.032448373734951019e-02
1.036757789552211761e-02
1.633987016975879669e-02
1.060859858989715576e-02
1.516150310635566711e-02
1.032258104532957077e-02
1.939655095338821411e-02
1.123595517128705978e-02
1.715265773236751556e-02
1.461538486182689667e-02
1.664145290851593018e-02
1.688411273062229156e-02
1.008533779531717300e-02
1.786990649998188019e-02
1.188118848949670792e-02
1.575532928109169006e-02
1.671641878783702850e-02
1.563342288136482239e-02
1.728395000100135803e-02
1.626016199588775635e-02
2.640545181930065155e-02
2.132701501250267029e-02
2.340234071016311646e-02
1.431126985698938370e-02
1.978022046387195587e-02
1.482167653739452362e-02
1.395348832011222839e-02
1.512287370860576630e-02
1.221995893865823746e-02
1.648351736366748810e-02
1.331360917538404465e-02
1.228978019207715988e-02
1.872659102082252502e-02
2.892562001943588257e-02
2.005347609519958496e-02
2.223869599401950836e-02
1.665278896689414978e-02
1.693610474467277527e-02
1.771030947566032410e-02
1.660612411797046661e-02
1.743375137448310852e-02
1.645338162779808044e-02
2.748691104352474213e-02
2.187902107834815979e-02
1.261829677969217300e-02
2.360139787197113037e-02
1.329534687101840973e-02
2.271209098398685455e-02
2.194357290863990784e-02
2.049780450761318207e-02
1.870324276387691498e-02
1.329787261784076691e-02
2.164009027183055878e-02
1.863799244165420532e-02
1.465386524796485901e-02
1.682557538151741028e-02
1.525553036481142044e-02
1.842105202376842499e-02
1.329787261784076691e-02
2.093718759715557098e-02
1.871440187096595764e-02
2.981260605156421661e-02
2.339688129723072052e-02
2.192982472479343414e-02
1.482854504138231277e-02
2.198952808976173401e-02
2.217602171003818512e-02
3.069719113409519196e-02
2.226027473807334900e-02
2.021403051912784576e-02
2.419842779636383057e-02
3.146853297948837280e-02
2.726063877344131470e-02
2.844214625656604767e-02
2.522638998925685883e-02
2.273901738226413727e-02
1.827676221728324890e-02
2.021403051912784576e-02
2.127659507095813751e-02
2.154194936156272888e-02
2.798982150852680206e-02
2.057066932320594788e-02
1.495726499706506729e-02
2.032176032662391663e-02
2.601551823318004608e-02
2.496532537043094635e-02
2.667423337697982788e-02
1.796874962747097015e-02
3.221730887889862061e-02
2.866502851247787476e-02
3.305249661207199097e-02
2.902374602854251862e-02
1.641684584319591522e-02
3.025302477180957794e-02
2.673796750605106354e-02
2.858999371528625488e-02
2.742731757462024689e-02
2.518427558243274689e-02
2.427184395492076874e-02
1.227678544819355011e-02
2.555910497903823853e-02
2.421524748206138611e-02
2.805429883301258087e-02
3.425655886530876160e-02
2.777777798473834991e-02
2.323838137090206146e-02
2.697731368243694305e-02
2.690582908689975739e-02
3.252788260579109192e-02
3.272727131843566895e-02
2.534113079309463501e-02
2.647837623953819275e-02
2.729885093867778778e-02
2.685623988509178162e-02
2.192690968513488770e-02
2.551020495593547821e-02
2.160493843257427216e-02
3.192934766411781311e-02
3.224013373255729675e-02
3.136531263589859009e-02
3.204419836401939392e-02
2.603742852807044983e-02
3.011292405426502228e-02
2.800000086426734924e-02
3.165467455983161926e-02
3.910614550113677979e-02
2.841529995203018188e-02
4.119464382529258728e-02
2.814371325075626373e-02
2.334384806454181671e-02
3.620955348014831543e-02
2.893711812794208527e-02
3.258375450968742371e-02
2.748414315283298492e-02
3.091060929000377655e-02
4.482758790254592896e-02
3.803132101893424988e-02
3.701211139559745789e-02
2.962962910532951355e-02
3.413865715265274048e-02
3.393843770027160645e-02
3.538570553064346313e-02
3.723056986927986145e-02
3.999999910593032837e-02
5.234460160136222839e-02
2.110022678971290588e-02
3.519668802618980408e-02
3.561387211084365845e-02
3.282275795936584473e-02
2.429467067122459412e-02
3.225806355476379395e-02
3.796729072928428650e-02
3.477344661951065063e-02
2.861860208213329315e-02
3.399433568120002747e-02
2.492877468466758728e-02
3.772241994738578796e-02
3.113772533833980560e-02
4.202832281589508057e-02
3.355704620480537415e-02
3.788748383522033691e-02
3.956834599375724792e-02
3.296703472733497620e-02
3.574265167117118835e-02
3.227771073579788208e-02
3.849855810403823853e-02
2.175489440560340881e-02
3.522818163037300110e-02
3.368939831852912903e-02
4.096709191799163818e-02
2.583979256451129913e-02
3.926991298794746399e-02
3.358209133148193359e-02
3.858948871493339539e-02
3.837342560291290283e-02
2.795208245515823364e-02
4.166666790843009949e-02
3.766375407576560974e-02
3.389830514788627625e-02
4.006163403391838074e-02
3.512544929981231689e-02
3.824247419834136963e-02
2.250351570546627045e-02
3.231292590498924255e-02
3.607896342873573303e-02
3.161290287971496582e-02
2.578981220722198486e-02
4.064352065324783325e-02
3.926096856594085693e-02
3.937653824687004089e-02
3.442340716719627380e-02
2.524917013943195343e-02
3.681506961584091187e-02
3.060498274862766266e-02
4.330484196543693542e-02
4.224536940455436707e-02
3.623188287019729614e-02
2.833448536694049835e-02
3.855232149362564087e-02
4.734158888459205627e-02
4.236111044883728027e-02
3.799873217940330505e-02
3.868312761187553406e-02
3.569553792476654053e-02
4.475042968988418579e-02
4.373974725604057312e-02
2.828467078506946564e-02
3.345724940299987793e-02
4.292343556880950928e-02
4.478427022695541382e-02
3.437500074505805969e-02
4.252269491553306580e-02
3.157894685864448547e-02
3.383685648441314697e-02
4.022277146577835083e-02
3.837471827864646912e-02
3.965832665562629700e-02
3.626692295074462891e-02
4.442429915070533752e-02
5.022250488400459290e-02
4.080118611454963684e-02
2.659279853105545044e-02
4.427577555179595947e-02
3.536585345864295959e-02
3.548796102404594421e-02
4.002911224961280823e-02
4.475308582186698914e-02
3.799098357558250427e-02
3.599999845027923584e-02
3.386581316590309143e-02
4.291187599301338196e-02
3.636363521218299866e-02
3.915838524699211121e-02
3.550295904278755188e-02
4.956268146634101868e-02
4.603854566812515259e-02
2.986161597073078156e-02
4.548248276114463806e-02
3.799514845013618469e-02
5.021276697516441345e-02
3.694374486804008484e-02
4.258804395794868469e-02
3.882279247045516968e-02
4.398148134350776672e-02
4.448398575186729431e-02
4.135021194815635681e-02
3.933566436171531677e-02
5.019920319318771362e-02
4.342353716492652893e-02
5.419450625777244568e-02
4.367201402783393860e-02
4.253544658422470093e-02
3.391232341527938843e-02
4.378003254532814026e-02
4.068768024444580078e-02
2.815013378858566284e-02
3.786342218518257141e-02
3.067932836711406708e-02
4.376367479562759399e-02
4.243542253971099854e-02
4.247104376554489136e-02
3.808072954416275024e-02
3.575297817587852478e-02
4.519119486212730408e-02
4.971591010689735413e-02
5.427728593349456787e-02
5.354411154985427856e-02
4.009433835744857788e-02
3.283582255244255066e-02
5.229455605149269104e-02
5.013020709156990051e-02
3.937881439924240112e-02
3.780068829655647278e-02
4.852941259741783142e-02
4.154447838664054871e-02
4.357625916600227356e-02
4.350051283836364746e-02
5.013054981827735901e-02
4.545454680919647217e-02
4.718875512480735779e-02
5.061559379100799561e-02
3.330557793378829956e-02
3.724138066172599792e-02
4.949053749442100525e-02
4.557885229587554932e-02
4.427390918135643005e-02
4.521868005394935608e-02
3.957010433077812195e-02
5.617088451981544495e-02
4.432432353496551514e-02
4.076738655567169189e-02
4.796867445111274719e-02
4.924406111240386963e-02
5.325077474117279053e-02
3.882279247045516968e-02
5.208333209156990051e-02
3.347477689385414124e-02
3.972366079688072205e-02
3.197441995143890381e-02
4.677846282720565796e-02
4.643962904810905457e-02
5.327617749571800232e-02
4.822335019707679749e-02
4.538087546825408936e-02
6.655710935592651367e-02
6.019417569041252136e-02
4.111498221755027771e-02
4.446978494524955750e-02
4.278728738427162170e-02
5.316455662250518799e-02
4.526748880743980408e-02
3.984575718641281128e-02
3.979366272687911987e-02
3.628536313772201538e-02
5.052631720900535583e-02
4.519414529204368591e-02
4.292682930827140808e-02
4.671717062592506409e-02
4.828002303838729858e-02
4.889975488185882568e-02
4.678362607955932617e-02
4.552023112773895264e-02
4.184397310018539429e-02
5.455568060278892517e-02
5.020920559763908386e-02
5.653382837772369385e-02
4.575596749782562256e-02
5.053449794650077820e-02
4.412493854761123657e-02
4.534462094306945801e-02
4.834710806608200073e-02
5.790108442306518555e-02
5.950991809368133545e-02
5.620753392577171326e-02
4.267892241477966309e-02
4.079861193895339966e-02
4.827089235186576843e-02
5.430566146969795227e-02
4.152902215719223022e-02
3.853100538253784180e-02
3.398058190941810608e-02
4.358353465795516968e-02
4.276985675096511841e-02
4.920721799135208130e-02
7.300885021686553955e-02
4.740061238408088684e-02
4.121965169906616211e-02
4.378172755241394043e-02
4.797048121690750122e-02
4.623955488204956055e-02
5.817378312349319458e-02
4.883588850498199463e-02
5.387523770332336426e-02
4.335397854447364807e-02
4.440497234463691711e-02
4.542873427271842957e-02
5.555555596947669983e-02
5.842696502804756165e-02
5.168539285659790039e-02
4.471256211400032043e-02
4.499366134405136108e-02
3.757044300436973572e-02
3.346720337867736816e-02
5.163329839706420898e-02
4.870129749178886414e-02
5.464824289083480835e-02
5.000000074505805969e-02
3.928266465663909912e-02
4.244031757116317749e-02
4.691357910633087158e-02
4.555939882993698120e-02
4.743339866399765015e-02
4.988532140851020813e-02
5.367412045598030090e-02
5.122806876897811890e-02
4.516539350152015686e-02
3.424657508730888367e-02
4.838709533214569092e-02
4.045926779508590698e-02
4.671532660722732544e-02
4.471101239323616028e-02
3.933747485280036926e-02
4.848046228289604187e-02
5.408804863691329956e-02
4.071246832609176636e-02
4.332130029797554016e-02
5.035971105098724365e-02
4.422253742814064026e-02
4.865650087594985962e-02
4.075235128402709961e-02
4.885786771774291992e-02
4.581818357110023499e-02
5.535499379038810730e-02
5.053507909178733826e-02
4.910242930054664612e-02
4.525175318121910095e-02
4.197698086500167847e-02
4.620203748345375061e-02
5.035461112856864929e-02
5.151175707578659058e-02
4.701754450798034668e-02
5.544422194361686707e-02
4.848130792379379272e-02
5.631067976355552673e-02
4.892966523766517639e-02
4.997160658240318298e-02
4.980468750000000000e-02
3.936545178294181824e-02
4.462188854813575745e-02
4.177545756101608276e-02
5.035192146897315979e-02
4.585152864456176758e-02
3.803562745451927185e-02
5.087014660239219666e-02
3.227734565734863281e-02
4.359861463308334351e-02
5.233539640903472900e-02
4.622111096978187561e-02
4.671717062592506409e-02
4.184100404381752014e-02
4.307116195559501648e-02
3.308575227856636047e-02
4.237288236618041992e-02
5.449398607015609741e-02
4.134548082947731018e-02
4.695164784789085388e-02
4.062788560986518860e-02
3.474320098757743835e-02
4.734411090612411499e-02
4.261890053749084473e-02
3.739715740084648132e-02
6.037000939249992371e-02
3.916211426258087158e-02
4.727564007043838501e-02
4.456094279885292053e-02
3.204047307372093201e-02
4.215196892619132996e-02
4.470588266849517822e-02
5.916306003928184509e-02
5.198019742965698242e-02
4.547630622982978821e-02
5.283757299184799194e-02
3.952011466026306152e-02
5.700871720910072327e-02
4.558610543608665466e-02
5.301794409751892090e-02
4.241719841957092285e-02
2.859477140009403229e-02
3.841607645153999329e-02
5.801305174827575684e-02
4.428288340568542480e-02
5.474705621600151062e-02
5.315110087394714355e-02
4.630186408758163452e-02
4.192546755075454712e-02
3.491271659731864929e-02
5.186722055077552795e-02
4.521625116467475891e-02
4.968944191932678223e-02
6.043256819248199463e-02
5.276225879788398743e-02
4.905914142727851868e-02
4.095004126429557800e-02
4.536616802215576172e-02
3.840000182390213013e-02
5.642256885766983032e-02
4.987932369112968445e-02
4.245283082127571106e-02
4.456606879830360413e-02
5.232862383127212524e-02
4.949238523840904236e-02
4.364429786801338196e-02
4.787493869662284851e-02
4.313929378986358643e-02
5.962059646844863892e-02
4.761904850602149963e-02
4.329371824860572815e-02
4.468218982219696045e-02
4.623044282197952271e-02
4.486251994967460632e-02
4.330253973603248596e-02
5.600589513778686523e-02
4.137180000543594360e-02
5.155242979526519775e-02
4.876796528697013855e-02
5.939849466085433960e-02
5.932762101292610168e-02
5.716353282332420349e-02
3.636363521218299866e-02
5.003790929913520813e-02
4.929577559232711792e-02
5.743243172764778137e-02
3.754752874374389648e-02
5.596620962023735046e-02
4.756380617618560791e-02
5.606407299637794495e-02
5.558643862605094910e-02
5.058004707098007202e-02
5.038759857416152954e-02
5.413105338811874390e-02
4.335532337427139282e-02
5.352591350674629211e-02
5.158069729804992676e-02
5.217391252517700195e-02
5.467372015118598938e-02
4.853556305170059204e-02
4.812206700444221497e-02
5.598086118698120117e-02
5.905905738472938538e-02
4.996797069907188416e-02
5.348837375640869141e-02
6.096794456243515015e-02
4.728299379348754883e-02
5.205655470490455627e-02
5.722379684448242188e-02
5.515239387750625610e-02
4.163726046681404114e-02
3.841387853026390076e-02
5.563093721866607666e-02
4.898911342024803162e-02
4.508748278021812439e-02
5.088062584400177002e-02
3.857566788792610168e-02
4.283604025840759277e-02
4.926533997058868408e-02
5.575326085090637207e-02
5.360824614763259888e-02
3.808487579226493835e-02
4.471858218312263489e-02
5.752212554216384888e-02
5.025996640324592590e-02
5.106970295310020447e-02
6.035087630152702332e-02
3.427004814147949219e-02
6.622516363859176636e-02
5.183946341276168823e-02
5.905006453394889832e-02
5.853994563221931458e-02
5.338982865214347839e-02
5.011389404535293579e-02
4.116638004779815674e-02
5.975794419646263123e-02
4.246284440159797668e-02
4.745289683341979980e-02
4.353393241763114929e-02
5.385487526655197144e-02
5.505685135722160339e-02
4.311872273683547974e-02
3.615279495716094971e-02
3.987341746687889099e-02
4.942166060209274292e-02
3.519855439662933350e-02
3.691550344228744507e-02
4.848830401897430420e-02
4.119850322604179382e-02
4.302567616105079651e-02
4.216216132044792175e-02
5.768063291907310486e-02
3.797468170523643494e-02
3.905160352587699890e-02
3.033268079161643982e-02
4.910714179277420044e-02
4.569687694311141968e-02
4.746424034237861633e-02
4.213649779558181763e-02
4.818258807063102722e-02
5.162790790200233459e-02
4.587155953049659729e-02
4.338070377707481384e-02
5.216752365231513977e-02
6.333973258733749390e-02
4.858700931072235107e-02
5.494505539536476135e-02
3.877791017293930054e-02
5.172413960099220276e-02
4.582043364644050598e-02
4.564032703638076782e-02
5.237515270709991455e-02
4.828973859548568726e-02
4.217687249183654785e-02
5.242868140339851379e-02
5.078683793544769287e-02
5.672902986407279968e-02
4.727921634912490845e-02
5.584512278437614441e-02
5.313351377844810486e-02
4.708400368690490723e-02
3.724604845046997070e-02
4.590665549039840698e-02
3.661820292472839355e-02
4.513888806104660034e-02
3.800475224852561951e-02
3.949329257011413574e-02
4.944178462028503418e-02
4.802744463086128235e-02
4.905490577220916748e-02
4.705882444977760315e-02
5.364238470792770386e-02
4.895738884806632996e-02
4.960091039538383484e-02
3.945745900273323059e-02
5.267979949712753296e-02
4.476534202694892883e-02
4.716286063194274902e-02
5.310150235891342163e-02
5.542312189936637878e-02
5.290611088275909424e-02
4.033485427498817444e-02
4.720744863152503967e-02
3.650094568729400635e-02
3.434740006923675537e-02
5.776636675000190735e-02
5.249841883778572083e-02
4.314159229397773743e-02
5.032822862267494202e-02
4.601648449897766113e-02
4.534005001187324524e-02
4.940374940633773804e-02
6.003937125205993652e-02
3.827281668782234192e-02
5.064145848155021667e-02
4.881181940436363220e-02
5.655686929821968079e-02
5.475701391696929932e-02
5.368646979331970215e-02
4.971181601285934448e-02
5.474764853715896606e-02
3.852001950144767761e-02
4.521739110350608826e-02
3.547066822648048401e-02
4.885404184460639954e-02
4.841833561658859253e-02
5.125148966908454895e-02
4.748982191085815430e-02
3.153468668460845947e-02
5.601469054818153381e-02
4.991087317466735840e-02
4.593639448285102844e-02
4.361370578408241272e-02
3.815659135580062866e-02
3.883495181798934937e-02
4.483586922287940979e-02
5.578093230724334717e-02
4.028268530964851379e-02
4.671631753444671631e-02
4.913294687867164612e-02
5.123776569962501526e-02
4.589994996786117554e-02
5.809641629457473755e-02
5.437893420457839966e-02
5.651491507887840271e-02
5.555555596947669983e-02
4.670912772417068481e-02
6.218057870864868164e-02
3.999999910593032837e-02
5.117883905768394470e-02
4.169468581676483154e-02
4.202483221888542175e-02
3.498542308807373047e-02
4.959883168339729309e-02
4.890829697251319885e-02
5.063291266560554504e-02
4.577968642115592957e-02
6.339468061923980713e-02
5.267234519124031067e-02
4.376657679677009583e-02
5.165289342403411865e-02
4.591836780309677124e-02
3.562176227569580078e-02
5.241090059280395508e-02
4.212860390543937683e-02
5.937794595956802368e-02
4.476190358400344849e-02
4.275092855095863342e-02
4.780361801385879517e-02
5.411994084715843201e-02
6.163934245705604553e-02
4.368546605110168457e-02
4.749612882733345032e-02
3.993344306945800781e-02
4.810360819101333618e-02
5.028644204139709473e-02
5.053598806262016296e-02
4.901438578963279724e-02
4.074338823556900024e-02
5.384063348174095154e-02
5.608065426349639893e-02
5.412156507372856140e-02
5.803571268916130066e-02
7.524272054433822632e-02
4.361873865127563477e-02
5.149396136403083801e-02
5.416116118431091309e-02
5.531914904713630676e-02
5.152671784162521362e-02
4.520795494318008423e-02
5.826397240161895752e-02
5.012531206011772156e-02
5.559146776795387268e-02
5.017668008804321289e-02
5.051369965076446533e-02
5.174418538808822632e-02
4.380103945732116699e-02
4.675324633717536926e-02
6.012658402323722839e-02
4.087452590465545654e-02
4.186320677399635315e-02
4.470299929380416870e-02
4.655674099922180176e-02
4.653802514076232910e-02
4.611923545598983765e-02
4.067796468734741211e-02
3.954372555017471313e-02
5.190311372280120850e-02
4.619826748967170715e-02
4.241948202252388000e-02
5.244444310665130615e-02
4.984984919428825378e-02
4.580152779817581177e-02
4.530477896332740784e-02
4.662491381168365479e-02
5.162524059414863586e-02
4.987684637308120728e-02
4.721435159444808960e-02
6.220419332385063171e-02
5.368098244071006775e-02
4.956085234880447388e-02
4.752206429839134216e-02
5.222734436392784119e-02
5.083459615707397461e-02
5.196629092097282410e-02
4.572713747620582581e-02
4.643449559807777405e-02
4.953764751553535461e-02
5.095541477203369141e-02
5.159705132246017456e-02
4.690431430935859680e-02
5.312085151672363281e-02
5.370370298624038696e-02
5.243722349405288696e-02
4.087591171264648438e-02
4.794099554419517517e-02
4.299947619438171387e-02
4.883906990289688110e-02
4.675028473138809204e-02
3.936463966965675354e-02
4.189435392618179321e-02
5.200239270925521851e-02
5.692108720541000366e-02
4.522613063454627991e-02
4.986594989895820618e-02
5.181086435914039612e-02
4.048582911491394043e-02
4.753914847970008850e-02
5.749293044209480286e-02
5.003523454070091248e-02
4.804469272494316101e-02
4.966517910361289978e-02
4.311543703079223633e-02
5.642420053482055664e-02
3.644225001335144043e-02
5.415162444114685059e-02
5.628415197134017944e-02
5.084745585918426514e-02
4.308985918760299683e-02
5.845070257782936096e-02
4.323211684823036194e-02
5.014326795935630798e-02
5.047867819666862488e-02
4.448621720075607300e-02
5.555555596947669983e-02
5.268292501568794250e-02
4.522293061017990112e-02
5.440414324402809143e-02
4.638218879699707031e-02
4.240052029490470886e-02
5.218617618083953857e-02
4.439592361450195312e-02
3.186096996068954468e-02
4.333868250250816345e-02
5.342465639114379883e-02
4.666666686534881592e-02
4.388185590505599976e-02
3.437500074505805969e-02
4.889975488185882568e-02
3.496503457427024841e-02
4.866180196404457092e-02
4.793814569711685181e-02
4.349881783127784729e-02
5.470190569758415222e-02
4.442148655652999878e-02
5.906735733151435852e-02
4.117647185921669006e-02
5.103148892521858215e-02
4.664178937673568726e-02
3.122878447175025940e-02
4.805194959044456482e-02
5.779078230261802673e-02
3.887510299682617188e-02
4.834960401058197021e-02
4.655612260103225708e-02
3.837118297815322876e-02
5.411030352115631104e-02
4.896907135844230652e-02
5.949008464813232422e-02
4.725898057222366333e-02
4.661280289292335510e-02
3.666361048817634583e-02
4.235605522990226746e-02
6.563965231180191040e-02
5.182186141610145569e-02
4.283604025840759277e-02
5.058905109763145447e-02
5.202312022447586060e-02
4.769560694694519043e-02
4.331450164318084717e-02
4.496207833290100098e-02
5.777310952544212341e-02
5.072463676333427429e-02
4.951185360550880432e-02
4.962920770049095154e-02
4.626623541116714478e-02
4.881355911493301392e-02
3.999999910593032837e-02
6.325878947973251343e-02
5.006675422191619873e-02
4.508453235030174255e-02
5.026656389236450195e-02
5.431619659066200256e-02
5.892116203904151917e-02
4.550155252218246460e-02
5.257270857691764832e-02
5.978567525744438171e-02
5.439056456089019775e-02
6.437346339225769043e-02
5.359477177262306213e-02
4.861111193895339966e-02
3.433476388454437256e-02
5.758354812860488892e-02
5.083695054054260254e-02
5.027173832058906555e-02
5.056979879736900330e-02
4.459459334611892700e-02
5.616139620542526245e-02
5.764074996113777161e-02
5.238095298409461975e-02
4.839685559272766113e-02
4.007820039987564087e-02
5.852090194821357727e-02
5.836194381117820740e-02
4.936170205473899841e-02
5.065195634961128235e-02
4.560810700058937073e-02
3.880596905946731567e-02
4.553624987602233887e-02
3.626062348484992981e-02
4.832474142313003540e-02
5.072886124253273010e-02
4.174067452549934387e-02
3.264604881405830383e-02
4.520795494318008423e-02
5.357142910361289978e-02
5.610560998320579529e-02
5.827505886554718018e-02
5.421686917543411255e-02
4.805653542280197144e-02
4.703328385949134827e-02
4.775687307119369507e-02
5.244928225874900818e-02
5.040448158979415894e-02
4.509445279836654663e-02
6.001263484358787537e-02
5.283259227871894836e-02
4.403318464756011963e-02
5.094709247350692749e-02
5.217391252517700195e-02
4.687500000000000000e-02
3.811252117156982422e-02
2.634593285620212555e-02
4.558823630213737488e-02
3.636363521218299866e-02
4.592314735054969788e-02
5.803830549120903015e-02
5.220521986484527588e-02
6.024096533656120300e-02
4.632929340004920959e-02
5.339485779404640198e-02
4.570722579956054688e-02
4.705882444977760315e-02
6.416132301092147827e-02
5.049453303217887878e-02
4.331748560070991516e-02
4.144241288304328918e-02
4.366282746195793152e-02
3.730445355176925659e-02
4.432132840156555176e-02
4.604550451040267944e-02
5.206738039851188660e-02
4.815573617815971375e-02
4.808636009693145752e-02
6.280406564474105835e-02
5.323740839958190918e-02
4.501323774456977844e-02
4.510108754038810730e-02
4.680468142032623291e-02
4.811507835984230042e-02
5.130168423056602478e-02
5.225653201341629028e-02
4.595060274004936218e-02
4.255319014191627502e-02
5.088902637362480164e-02
4.429530352354049683e-02
4.626952111721038818e-02
4.843110591173171997e-02
5.735778063535690308e-02
4.196357727050781250e-02
4.805915057659149170e-02
5.170157179236412048e-02
5.603985115885734558e-02
5.091487616300582886e-02
5.611510947346687317e-02
4.275996237993240356e-02
4.794520512223243713e-02
4.964539036154747009e-02
3.934624791145324707e-02
4.412811249494552612e-02
3.720333427190780640e-02
5.544005706906318665e-02
5.087825655937194824e-02
5.544809624552726746e-02
5.617977678775787354e-02
4.137282446026802063e-02
5.012325569987297058e-02
5.680190771818161011e-02
5.525197461247444153e-02
4.962311685085296631e-02
3.881856426596641541e-02
4.651162773370742798e-02
5.507868528366088867e-02
4.062038287520408630e-02
5.133806541562080383e-02
4.857444390654563904e-02
5.773195996880531311e-02
4.553734138607978821e-02
4.830917716026306152e-02
4.414125159382820129e-02
5.617977678775787354e-02
5.094991251826286316e-02
4.651162773370742798e-02
4.070473834872245789e-02
3.513703495264053345e-02
4.848910868167877197e-02
3.661971911787986755e-02
4.941373690962791443e-02
4.459064453840255737e-02
5.121830105781555176e-02
3.991291671991348267e-02
5.659276619553565979e-02
5.507246404886245728e-02
5.644644051790237427e-02
3.583062067627906799e-02
4.880253225564956665e-02
5.701078474521636963e-02
5.000000074505805969e-02
4.909091070294380188e-02
3.422370553016662598e-02
3.778677433729171753e-02
3.930968418717384338e-02
5.672970041632652283e-02
5.063965916633605957e-02
5.149501562118530273e-02
4.980544745922088623e-02
4.884488508105278015e-02
4.642166197299957275e-02
3.828828781843185425e-02
4.794134199619293213e-02
4.666666686534881592e-02
5.093167722225189209e-02
4.131455346941947937e-02
4.223968461155891418e-02
4.945717751979827881e-02
4.023746773600578308e-02
4.324324429035186768e-02
4.784240201115608215e-02
5.188388004899024963e-02
5.194805189967155457e-02
3.278688341379165649e-02
4.882571101188659668e-02
4.947433620691299438e-02
3.716551139950752258e-02
4.545454680919647217e-02
3.600900247693061829e-02
4.979811608791351318e-02
5.400982126593589783e-02
5.074160918593406677e-02
5.479452013969421387e-02
4.636920243501663208e-02
5.318221449851989746e-02
3.896103799343109131e-02
5.139833688735961914e-02
4.585152864456176758e-02
4.920767247676849365e-02
2.986857853829860687e-02
5.442176759243011475e-02
5.439595133066177368e-02
4.700161889195442200e-02
4.678362607955932617e-02
4.596273228526115417e-02
6.770356744527816772e-02
5.894308909773826599e-02
3.483309224247932434e-02
3.742203861474990845e-02
4.707170277833938599e-02
4.806277528405189514e-02
3.915246576070785522e-02
5.758754909038543701e-02
4.125000163912773132e-02
4.743303731083869934e-02
4.344827681779861450e-02
4.789977893233299255e-02
4.072096198797225952e-02
4.897090047597885132e-02
5.207756161689758301e-02
5.921938270330429077e-02
3.690987080335617065e-02
5.153617262840270996e-02
5.459057167172431946e-02
4.963041096925735474e-02
4.450625926256179810e-02
5.366269126534461975e-02
5.168700590729713440e-02
5.425824224948883057e-02
5.276595801115036011e-02
5.616676434874534607e-02
5.088902637362480164e-02
4.669260606169700623e-02
4.510837793350219727e-02
4.549214243888854980e-02
4.389505460858345032e-02
3.381642326712608337e-02
4.815724864602088928e-02
4.150352254509925842e-02
5.095057189464569092e-02
3.763440996408462524e-02
4.730369150638580322e-02
3.925233706831932068e-02
5.060120299458503723e-02
5.405405536293983459e-02
4.120879247784614563e-02
4.548366367816925049e-02
4.942166060209274292e-02
4.557498544454574585e-02
5.323740839958190918e-02
4.885993525385856628e-02
4.643628373742103577e-02
5.269058421254158020e-02
4.413347691297531128e-02
6.511627882719039917e-02
4.706601426005363464e-02
4.224207997322082520e-02
4.632353037595748901e-02
4.637832194566726685e-02
5.378627032041549683e-02
4.500000178813934326e-02
5.820105969905853271e-02
4.455445706844329834e-02
4.372469708323478699e-02
5.373134464025497437e-02
4.397705569863319397e-02
4.725414887070655823e-02
5.329153686761856079e-02
5.552010238170623779e-02
4.551451280713081360e-02
4.332634434103965759e-02
3.888024762272834778e-02
4.765687137842178345e-02
4.002582281827926636e-02
5.893719941377639771e-02
4.878048598766326904e-02
5.427509173750877380e-02
4.494382068514823914e-02
4.288377985358238220e-02
3.391812741756439209e-02
4.688255116343498230e-02
4.241781681776046753e-02
5.371676757931709290e-02
5.842314288020133972e-02
4.519119486212730408e-02
5.704697966575622559e-02
6.513410061597824097e-02
4.519774019718170166e-02
4.290171712636947632e-02
4.218534007668495178e-02
4.030054807662963867e-02
5.497630313038825989e-02
4.009252041578292847e-02
5.569948256015777588e-02
4.814814776182174683e-02
5.287508293986320496e-02
4.795852303504943848e-02
4.775687307119369507e-02
4.213074967265129089e-02
4.946996644139289856e-02
4.325130581855773926e-02
5.188388004899024963e-02
5.354330688714981079e-02
4.878048598766326904e-02
5.266343802213668823e-02
4.770531505346298218e-02
4.501607641577720642e-02
4.926470667123794556e-02
6.133829057216644287e-02
3.842504695057868958e-02
5.663265287876129150e-02
4.881974309682846069e-02
4.091341421008110046e-02
4.169424250721931458e-02
3.074433654546737671e-02
4.992435872554779053e-02
4.494382068514823914e-02
5.263157933950424194e-02
3.882279247045516968e-02
5.119680985808372498e-02
5.361930280923843384e-02
4.928457736968994141e-02
4.809843376278877258e-02
5.531914904713630676e-02
4.968454316258430481e-02
4.599483311176300049e-02
5.069402605295181274e-02
5.104241520166397095e-02
5.752753838896751404e-02
4.015443846583366394e-02
4.230769351124763489e-02
4.475183039903640747e-02
4.316197708249092102e-02
4.476885497570037842e-02
4.971988871693611145e-02
5.327868834137916565e-02
4.060150310397148132e-02
5.699481815099716187e-02
5.442670360207557678e-02
5.139372870326042175e-02
5.490196123719215393e-02
5.380852520465850830e-02
4.558823630213737488e-02
4.745762795209884644e-02
6.323529779911041260e-02
4.008152335882186890e-02
4.787961766123771667e-02
5.605786666274070740e-02
4.797843843698501587e-02
4.852686449885368347e-02
4.361979290843009949e-02
4.858593270182609558e-02
4.362139850854873657e-02
5.445840954780578613e-02
5.123456940054893494e-02
5.446118116378784180e-02
4.418886080384254456e-02
4.387827217578887939e-02
5.328983068466186523e-02
4.618808999657630920e-02
3.482586890459060669e-02
4.927726835012435913e-02
4.879938066005706787e-02
5.635648593306541443e-02
5.298013240098953247e-02
5.586987361311912537e-02
5.600000172853469849e-02
3.611738234758377075e-02
5.711774900555610657e-02
5.555555596947669983e-02
5.410821735858917236e-02
4.529616609215736389e-02
3.692307695746421814e-02
4.912734404206275940e-02
5.061648413538932800e-02
2.834008075296878815e-02
3.831417486071586609e-02
5.040214583277702332e-02
5.135322734713554382e-02
3.703703731298446655e-02
5.007824674248695374e-02
5.341880396008491516e-02
4.096709191799163818e-02
5.281445384025573730e-02
5.217859148979187012e-02
4.052098467946052551e-02
5.690376460552215576e-02
5.011933296918869019e-02
4.901374876499176025e-02
4.991087317466735840e-02
4.821917787194252014e-02
4.418985173106193542e-02
3.701657429337501526e-02
4.385964944958686829e-02
3.361344709992408752e-02
6.085430085659027100e-02
3.984323889017105103e-02
4.183006659150123596e-02
5.942622944712638855e-02
4.444444552063941956e-02
5.806783214211463928e-02
4.608631879091262817e-02
5.327156931161880493e-02
4.100418463349342346e-02
4.893754050135612488e-02
5.549626424908638000e-02
4.047976061701774597e-02
5.486862361431121826e-02
5.776566639542579651e-02
5.087573081254959106e-02
4.851063713431358337e-02
4.331797361373901367e-02
3.803596273064613342e-02
5.872292071580886841e-02
4.675810411572456360e-02
5.778588727116584778e-02
4.050786048173904419e-02
4.955752193927764893e-02
5.245056003332138062e-02
4.450402036309242249e-02
4.786324873566627502e-02
5.438259616494178772e-02
5.134281143546104431e-02
4.470299929380416870e-02
4.068117216229438782e-02
5.916727706789970398e-02
4.817618802189826965e-02
4.721030220389366150e-02
3.571428731083869934e-02
6.044203788042068481e-02
4.894326999783515930e-02
3.300624340772628784e-02
4.577464610338211060e-02
5.229591950774192810e-02
5.296745523810386658e-02
5.186170339584350586e-02
5.920344591140747070e-02
4.309252277016639709e-02
5.028283968567848206e-02
5.141201987862586975e-02
5.154639109969139099e-02
5.230769142508506775e-02
4.263757914304733276e-02
4.561229422688484192e-02
5.144927650690078735e-02
4.642166197299957275e-02
5.483704060316085815e-02
3.883495181798934937e-02
4.195122048258781433e-02
4.572965577244758606e-02
2.843273244798183441e-02
4.551282152533531189e-02
5.421686917543411255e-02
5.255748331546783447e-02
4.241877421736717224e-02
4.915254190564155579e-02
5.201916396617889404e-02
3.981534764170646667e-02
5.076142027974128723e-02
4.875518754124641418e-02
4.293193668127059937e-02
5.841121450066566467e-02
4.646952450275421143e-02
4.948939383029937744e-02
5.719673261046409607e-02
5.386997014284133911e-02
4.390243813395500183e-02
4.548635333776473999e-02
3.460207581520080566e-02
5.251479148864746094e-02
4.879999905824661255e-02
3.782148286700248718e-02
5.370101705193519592e-02
5.114638432860374451e-02
3.808812424540519714e-02
3.773584961891174316e-02
5.318291857838630676e-02
5.431472137570381165e-02
2.955665066838264465e-02
4.793028160929679871e-02
5.403764545917510986e-02
4.198473319411277771e-02
6.039489060640335083e-02
4.868494719266891479e-02
4.739109799265861511e-02
4.110813140869140625e-02
4.751299321651458740e-02
5.393939465284347534e-02
4.035567864775657654e-02
5.683563649654388428e-02
5.160281434655189514e-02
5.432937294244766235e-02
4.497540369629859924e-02
5.517241358757019043e-02
5.933852121233940125e-02
5.270555242896080017e-02
5.603448301553726196e-02
6.916613131761550903e-02
5.345502123236656189e-02
5.071315541863441467e-02
4.229017719626426697e-02
4.124579206109046936e-02
4.164256900548934937e-02
5.022830888628959656e-02
4.629629477858543396e-02
5.373525619506835938e-02
4.457527399063110352e-02
4.708960279822349548e-02
4.495268315076828003e-02
5.282817408442497253e-02
3.366583585739135742e-02
4.481605440378189087e-02
4.509894177317619324e-02
4.086181148886680603e-02
5.488850921392440796e-02
4.882154986262321472e-02
4.658901691436767578e-02
5.810546875000000000e-02
6.180665642023086548e-02
6.507790833711624146e-02
4.108723253011703491e-02
4.816017299890518188e-02
5.550284683704376221e-02
5.430711433291435242e-02
5.089058354496955872e-02
4.362801462411880493e-02
4.640095308423042297e-02
4.648956283926963806e-02
6.001153960824012756e-02
4.374057427048683167e-02
5.037637427449226379e-02
3.215434029698371887e-02
4.479495435953140259e-02
6.709956377744674683e-02
4.667519032955169678e-02
5.223880708217620850e-02
4.751619696617126465e-02
4.072948172688484192e-02
4.766949266195297241e-02
5.214723944664001465e-02
5.528613179922103882e-02
4.541768133640289307e-02
4.320557415485382080e-02
4.755700379610061646e-02
4.627071693539619446e-02
5.105762183666229248e-02
5.219454318284988403e-02
4.643628373742103577e-02
5.533904954791069031e-02
4.891304299235343933e-02
4.120171815156936646e-02
5.279312282800674438e-02
4.990870505571365356e-02
5.853994563221931458e-02
4.356568306684494019e-02
5.126694217324256897e-02
4.464285820722579956e-02
5.402087047696113586e-02
4.928806051611900330e-02
5.999999865889549255e-02
5.220883712172508240e-02
4.109589010477066040e-02
5.169866979122161865e-02
4.250907152891159058e-02
5.086705088615417480e-02
6.076696142554283142e-02
5.094043910503387451e-02
4.127198830246925354e-02
4.578155651688575745e-02
5.380200967192649841e-02
3.673469275236129761e-02
4.138702526688575745e-02
5.266203731298446655e-02
4.580152779817581177e-02
4.512195289134979248e-02
3.958944231271743774e-02
5.187713354825973511e-02
5.869405716657638550e-02
3.727598488330841064e-02
5.653710290789604187e-02
4.406233131885528564e-02
5.435591936111450195e-02
4.178470373153686523e-02
5.397070199251174927e-02
5.499664694070816040e-02
4.985578730702400208e-02
5.459770187735557556e-02
3.388429805636405945e-02
4.120040684938430786e-02
5.281385406851768494e-02
3.632760792970657349e-02
5.403959378600120544e-02
4.075605422258377075e-02
5.445292592048645020e-02
5.146704986691474915e-02
4.828850924968719482e-02
4.149377718567848206e-02
6.409048289060592651e-02
5.761772766709327698e-02
5.508982017636299133e-02
4.325699806213378906e-02
4.344779253005981445e-02
4.924011975526809692e-02
4.520464316010475159e-02
4.566635563969612122e-02
3.890160098671913147e-02
5.331599339842796326e-02
5.530864372849464417e-02
4.771929979324340820e-02
5.999999865889549255e-02
4.531411081552505493e-02
3.778677433729171753e-02
3.687739372253417969e-02
5.565019696950912476e-02
4.656445235013961792e-02
4.899497330188751221e-02
5.888951197266578674e-02
5.686695128679275513e-02
4.462151229381561279e-02
5.013020709156990051e-02
4.972677677869796753e-02
5.499541759490966797e-02
4.467134550213813782e-02
4.138702526688575745e-02
4.426002874970436096e-02
4.317897185683250427e-02
5.355832725763320923e-02
4.759329184889793396e-02
4.783092439174652100e-02
5.825242772698402405e-02
4.919354990124702454e-02
4.446461051702499390e-02
5.054382607340812683e-02
5.283505097031593323e-02
3.749192133545875549e-02
4.254143685102462769e-02
4.904405772686004639e-02
6.092124804854393005e-02
5.524168163537979126e-02
3.782505914568901062e-02
5.778491124510765076e-02
5.372104421257972717e-02
4.127358645200729370e-02
5.403225868940353394e-02
5.208929628133773804e-02
5.403225868940353394e-02
5.364627018570899963e-02
5.683736503124237061e-02
3.943661972880363464e-02
3.765324130654335022e-02
3.969359397888183594e-02
6.250000000000000000e-02
5.342742055654525757e-02
4.751257598400115967e-02
4.976019263267517090e-02
5.250737443566322327e-02
4.485049843788146973e-02
5.971087515354156494e-02
5.929586291313171387e-02
3.543512150645256042e-02
4.654169455170631409e-02
5.849268659949302673e-02
5.390625074505805969e-02
5.211952701210975647e-02
4.370179772377014160e-02
4.186413809657096863e-02
4.429065808653831482e-02
3.508771955966949463e-02
3.376822546124458313e-02
5.259259417653083801e-02
5.606967955827713013e-02
4.559848085045814514e-02
4.710632562637329102e-02
5.912334471940994263e-02
2.411575615406036377e-02
4.493526369333267212e-02
4.061624780297279358e-02
4.702424630522727966e-02
4.849279299378395081e-02
3.948772698640823364e-02
3.997194766998291016e-02
4.711487516760826111e-02
4.789271950721740723e-02
5.894039571285247803e-02
3.859060257673263550e-02
4.272266477346420288e-02
4.732824489474296570e-02
4.330708831548690796e-02
4.635387286543846130e-02
3.637770935893058777e-02
4.787812754511833191e-02
4.104477539658546448e-02
4.149026423692703247e-02
4.480796679854393005e-02
5.761843919754028320e-02
4.991948604583740234e-02
3.957636654376983643e-02
4.137931019067764282e-02
5.175038054585456848e-02
4.442970827221870422e-02
3.721682727336883545e-02
3.795066475868225098e-02
6.257981806993484497e-02
4.683195427060127258e-02
5.545509234070777893e-02
4.333333298563957214e-02
5.285961925983428955e-02
6.081081181764602661e-02
4.203670844435691833e-02
4.184277355670928955e-02
4.582548514008522034e-02
5.263157933950424194e-02
5.138961598277091980e-02
4.192073270678520203e-02
2.413793094456195831e-02
5.518496036529541016e-02
5.899532884359359741e-02
5.229226499795913696e-02
4.059040546417236328e-02
3.738872334361076355e-02
4.818383976817131042e-02
4.233226925134658813e-02
4.676258936524391174e-02
3.772290796041488647e-02
5.174129456281661987e-02
4.949053749442100525e-02
4.362606257200241089e-02
4.853273183107376099e-02
4.551122337579727173e-02
4.605263099074363708e-02
4.224376752972602844e-02
5.802047625184059143e-02
4.706734418869018555e-02
5.082591995596885681e-02
4.949381202459335327e-02
4.239212721586227417e-02
5.245056003332138062e-02
4.548844322562217712e-02
5.078683793544769287e-02
5.764282122254371643e-02
3.989120572805404663e-02
4.633471742272377014e-02
3.910149633884429932e-02
5.023184046149253845e-02
5.105853080749511719e-02
5.666156113147735596e-02
5.703624710440635681e-02
4.967474937438964844e-02
3.797468170523643494e-02
5.702479183673858643e-02
5.748945102095603943e-02
5.174563452601432800e-02
4.779080301523208618e-02
4.350528120994567871e-02
5.093167722225189209e-02
4.617254063487052917e-02
3.846153989434242249e-02
4.668125510215759277e-02
4.018195718526840210e-02
4.459064453840255737e-02
4.328358173370361328e-02
5.602455884218215942e-02
6.773162633180618286e-02
4.939024522900581360e-02
4.880478233098983765e-02
5.034964904189109802e-02
4.818181693553924561e-02
5.409356579184532166e-02
5.024051293730735779e-02
6.523605436086654663e-02
4.595695063471794128e-02
5.772646516561508179e-02
5.122324079275131226e-02
5.639097839593887329e-02
5.003013834357261658e-02
5.704407766461372375e-02
4.279959574341773987e-02
6.075635552406311035e-02
5.570291727781295776e-02
4.324324429035186768e-02
4.914810135960578918e-02
4.045307263731956482e-02
4.218534007668495178e-02
4.020978882908821106e-02
4.569420218467712402e-02
5.033557116985321045e-02
4.984177276492118835e-02
4.458598792552947998e-02
5.051813647150993347e-02
3.102040849626064301e-02
5.300077795982360840e-02
5.671296268701553345e-02
4.502219334244728088e-02
4.166666790843009949e-02
4.382470250129699707e-02
3.904555365443229675e-02
5.766062438488006592e-02
4.300168529152870178e-02
5.365474522113800049e-02
4.833219945430755615e-02
4.916371032595634460e-02
4.305912554264068604e-02
3.810975700616836548e-02
5.812220647931098938e-02
5.193798616528511047e-02
4.900064319372177124e-02
4.361132532358169556e-02
5.164033919572830200e-02
4.249447956681251526e-02
4.561403393745422363e-02
5.017421767115592957e-02
5.266307666897773743e-02
3.889789432287216187e-02
4.701627418398857117e-02
3.306523710489273071e-02
5.561861395835876465e-02
4.757858812808990479e-02
5.028328672051429749e-02
5.381944403052330017e-02
5.144884809851646423e-02
5.763888731598854065e-02
4.863424226641654968e-02
5.214285850524902344e-02
5.715841054916381836e-02
4.616240411996841431e-02
5.586249381303787231e-02
4.323094338178634644e-02
5.524238944053649902e-02
4.607789218425750732e-02
3.860640153288841248e-02
5.255781486630439758e-02
4.515805467963218689e-02
5.154639109969139099e-02
4.094955325126647949e-02
5.055487155914306641e-02
4.951995983719825745e-02
4.863221943378448486e-02
5.164903402328491211e-02
4.517704620957374573e-02
5.225806310772895813e-02
5.299739539623260498e-02
4.837117344141006470e-02
4.980413988232612610e-02
5.068728700280189514e-02
4.876324906945228577e-02
4.136572405695915222e-02
3.802281245589256287e-02
4.572713747620582581e-02
3.981264680624008179e-02
4.919093847274780273e-02
4.136947169899940491e-02
4.305043071508407593e-02
3.571428731083869934e-02
5.552470684051513672e-02
4.742547497153282166e-02
4.235462844371795654e-02
3.883495181798934937e-02
5.041384324431419373e-02
4.708699136972427368e-02
5.591397732496261597e-02
5.322479829192161560e-02
3.668261691927909851e-02
5.209222808480262756e-02
5.282112956047058105e-02
5.608667805790901184e-02
5.075053498148918152e-02
4.900816828012466431e-02
4.170286655426025391e-02
4.441913589835166931e-02
4.397068545222282410e-02
5.299145355820655823e-02
5.021698772907257080e-02
6.177606061100959778e-02
5.473453924059867859e-02
5.485789850354194641e-02
4.028925672173500061e-02
3.756402805447578430e-02
5.604395642876625061e-02
5.108173191547393799e-02
5.916140228509902954e-02
4.598405957221984863e-02
3.821138292551040649e-02
5.281941592693328857e-02
4.457953572273254395e-02
5.359394848346710205e-02
5.280528217554092407e-02
5.301379784941673279e-02
4.277381673455238342e-02
4.750778898596763611e-02
4.522246494889259338e-02
3.798256441950798035e-02
4.740834236145019531e-02
5.603448301553726196e-02
5.779650807380676270e-02
4.542069882154464722e-02
4.329608753323554993e-02
5.416666716337203979e-02
4.846756905317306519e-02
5.390672385692596436e-02
6.045081838965415955e-02
4.512820392847061157e-02
4.311152920126914978e-02
5.632949620485305786e-02
5.260047316551208496e-02
4.733373224735260010e-02
5.752688273787498474e-02
4.171066358685493469e-02
5.514885485172271729e-02
5.484051629900932312e-02
5.304518714547157288e-02
4.719235375523567200e-02
4.232804104685783386e-02
4.146634787321090698e-02
4.098360612988471985e-02
4.457751289010047913e-02
4.980842769145965576e-02
4.137931019067764282e-02
4.508196562528610229e-02
4.212860390543937683e-02
4.232804104685783386e-02
4.277206212282180786e-02
3.881278634071350098e-02
5.382436141371726990e-02
5.491329357028007507e-02
5.245346948504447937e-02
5.031847208738327026e-02
4.640980809926986694e-02
4.698672145605087280e-02
5.008839070796966553e-02
5.284553021192550659e-02
4.573643580079078674e-02
4.062722623348236084e-02
4.542807117104530334e-02
4.157303273677825928e-02
5.357142910361289978e-02
4.967055097222328186e-02
4.935767501592636108e-02
5.037593841552734375e-02
4.605263099074363708e-02
6.456456333398818970e-02
4.208843782544136047e-02
4.747386649250984192e-02
5.552238970994949341e-02
5.351833626627922058e-02
4.508956149220466614e-02
3.958529606461524963e-02
5.278092995285987854e-02
4.222973063588142395e-02
5.511021986603736877e-02
5.035461112856864929e-02
4.876219108700752258e-02
4.992076009511947632e-02
4.509091004729270935e-02
5.219103768467903137e-02
5.234899371862411499e-02
4.757462814450263977e-02
3.427419438958168030e-02
4.297520592808723450e-02
4.961832240223884583e-02
5.202312022447586060e-02
6.210691854357719421e-02
4.666234552860260010e-02
4.293478280305862427e-02
4.537719860672950745e-02
5.266106501221656799e-02
5.270092189311981201e-02
5.246523395180702209e-02
4.703832790255546570e-02
4.712584242224693298e-02
4.147763922810554504e-02
3.905390575528144836e-02
5.426829308271408081e-02
5.369928479194641113e-02
5.409663915634155273e-02
5.427323654294013977e-02
4.505558684468269348e-02
5.388272553682327271e-02
4.884488508105278015e-02
5.857988074421882629e-02
5.211081728339195251e-02
4.344452917575836182e-02
5.387755110859870911e-02
4.873646050691604614e-02
5.590941384434700012e-02
4.986523091793060303e-02
6.516587734222412109e-02
5.105633661150932312e-02
4.507257416844367981e-02
4.788418859243392944e-02
5.002842471003532410e-02
3.529411926865577698e-02
3.716448694467544556e-02
5.260389298200607300e-02
4.484536126255989075e-02
4.727707803249359131e-02
4.785478487610816956e-02
5.332239717245101929e-02
5.696902796626091003e-02
4.005006328225135803e-02
4.337539523839950562e-02
4.931714758276939392e-02
5.003679171204566956e-02
4.867986962199211121e-02
5.230769142508506775e-02
6.700702011585235596e-02
4.827089235186576843e-02
3.335699066519737244e-02
3.656998649239540100e-02
4.500381276011466980e-02
5.821917951107025146e-02
5.085823312401771545e-02
5.795574188232421875e-02
5.345436185598373413e-02
5.899198353290557861e-02
4.764425754547119141e-02
4.503816738724708557e-02
6.085376814007759094e-02
5.251313000917434692e-02
5.077804997563362122e-02
4.351939633488655090e-02
4.651162773370742798e-02
4.186360538005828857e-02
4.668674618005752563e-02
4.533042013645172119e-02
5.714285746216773987e-02
4.058782383799552917e-02
3.921568766236305237e-02
6.400000303983688354e-02
4.854368790984153748e-02
4.954682663083076477e-02
5.469168722629547119e-02
4.783808812499046326e-02
5.343111604452133179e-02
3.966597095131874084e-02
4.401294514536857605e-02
5.774853751063346863e-02
5.991735681891441345e-02
5.642973259091377258e-02
5.528846010565757751e-02
4.334975406527519226e-02
4.343329742550849915e-02
4.050279408693313599e-02
4.552715644240379333e-02
6.622516363859176636e-02
5.113636329770088196e-02
5.404198169708251953e-02
4.513217136263847351e-02
4.657534137368202209e-02
4.679144546389579773e-02
4.578632861375808716e-02
5.214557424187660217e-02
5.628847703337669373e-02
5.778414383530616760e-02
4.394426569342613220e-02
4.249893873929977417e-02
3.990326449275016785e-02
5.835240334272384644e-02
5.473856255412101746e-02
5.648855119943618774e-02
4.415011033415794373e-02
4.272997006773948669e-02
4.889807105064392090e-02
4.573378711938858032e-02
3.335804119706153870e-02
4.712535440921783447e-02
5.311077460646629333e-02
5.463695153594017029e-02
4.825396835803985596e-02
5.322966352105140686e-02
5.680473521351814270e-02
4.878048598766326904e-02
4.390243813395500183e-02
3.452855348587036133e-02
4.777594655752182007e-02
5.743879452347755432e-02
5.159165710210800171e-02
4.294031858444213867e-02
5.281285941600799561e-02
4.783748462796211243e-02
5.176132172346115112e-02
4.477611929178237915e-02
4.964147880673408508e-02
3.923020139336585999e-02
5.528717115521430969e-02
5.775862187147140503e-02
5.194805189967155457e-02
3.637566044926643372e-02
5.697770416736602783e-02
4.755145311355590820e-02
4.673650115728378296e-02
5.285331234335899353e-02
4.455724731087684631e-02
5.070422589778900146e-02
4.523107036948204041e-02
4.395085200667381287e-02
4.317789152264595032e-02
5.667060241103172302e-02
4.817404970526695251e-02
3.553800657391548157e-02
4.744136333465576172e-02
4.604410007596015930e-02
4.688427224755287170e-02
5.201793834567070007e-02
3.325415775179862976e-02
5.841269716620445251e-02
4.840546846389770508e-02
5.056890100240707397e-02
4.293262958526611328e-02
5.056603625416755676e-02
4.992798715829849243e-02
5.535585805773735046e-02
4.937458783388137817e-02
5.878787860274314880e-02
4.578488320112228394e-02
6.537805497646331787e-02
5.068835988640785217e-02
4.671631753444671631e-02
6.076759099960327148e-02
6.089582294225692749e-02
4.489795863628387451e-02
5.522288754582405090e-02
3.456221148371696472e-02
4.789977893233299255e-02
4.781199246644973755e-02
5.056890100240707397e-02
4.331909865140914917e-02
4.280442744493484497e-02
4.933726042509078979e-02
5.935556814074516296e-02
4.263005778193473816e-02
4.815864190459251404e-02
4.873949661850929260e-02
3.020408190786838531e-02
5.066251009702682495e-02
5.347938090562820435e-02
4.500330984592437744e-02
4.607508704066276550e-02
4.707379266619682312e-02
4.622496291995048523e-02
4.811250790953636169e-02
4.409937933087348938e-02
3.501483798027038574e-02
4.741744324564933777e-02
4.656862840056419373e-02
4.996797069907188416e-02
4.899777099490165710e-02
4.504504427313804626e-02
5.116629227995872498e-02
3.869653865694999695e-02
4.264972731471061707e-02
3.877551108598709106e-02
3.785489127039909363e-02
5.418060347437858582e-02
6.154910102486610413e-02
5.687693879008293152e-02
5.503009632229804993e-02
6.220930069684982300e-02
6.020469591021537781e-02
6.595092266798019409e-02
6.052963435649871826e-02
4.338843002915382385e-02
5.858468636870384216e-02
5.760151147842407227e-02
4.800498858094215393e-02
4.746835306286811829e-02
4.250871017575263977e-02
4.390243813395500183e-02
4.962779209017753601e-02
5.375140160322189331e-02
5.036555603146553040e-02
4.914933815598487854e-02
6.336261332035064697e-02
5.598866194486618042e-02
5.463786423206329346e-02
5.478799343109130859e-02
5.423280596733093262e-02
4.661016911268234253e-02
6.145251542329788208e-02
5.242718383669853210e-02
6.164931878447532654e-02
5.016722530126571655e-02
6.064516305923461914e-02
6.334519386291503906e-02
5.114503949880599976e-02
4.829721525311470032e-02
5.714285746216773987e-02
4.798255115747451782e-02
4.820143803954124451e-02
6.266786158084869385e-02
5.189189314842224121e-02
4.060324653983116150e-02
4.955192282795906067e-02
4.260651767253875732e-02
4.878048598766326904e-02
4.297159612178802490e-02
4.711055383086204529e-02
4.552590101957321167e-02
4.764740914106369019e-02
5.195783078670501709e-02
4.341085255146026611e-02
5.231037363409996033e-02
5.586152523756027222e-02
4.439890757203102112e-02
4.036697372794151306e-02
4.842105135321617126e-02
5.328185483813285828e-02
5.963302776217460632e-02
6.243441626429557800e-02
4.557405784726142883e-02
3.726708143949508667e-02
5.907906219363212585e-02
4.695767164230346680e-02
5.259975790977478027e-02
5.366098135709762573e-02
4.094292968511581421e-02
5.515759438276290894e-02
5.245746672153472900e-02
5.833791941404342651e-02
5.680990591645240784e-02
5.157894641160964966e-02
4.697554558515548706e-02
6.138472631573677063e-02
4.628422483801841736e-02
4.341427609324455261e-02
5.159474536776542664e-02
3.729767724871635437e-02
3.934191539883613586e-02
6.079501286149024963e-02
6.024096533656120300e-02
5.355191230773925781e-02
5.647840350866317749e-02
4.985618591308593750e-02
4.251839593052864075e-02
5.605935677886009216e-02
4.258594289422035217e-02
5.313092842698097229e-02
5.682560428977012634e-02
5.017301067709922791e-02
5.412541329860687256e-02
6.058981269598007202e-02
4.695360362529754639e-02
5.608754977583885193e-02
4.551820829510688782e-02
4.244031757116317749e-02
4.879275709390640259e-02
5.533904954791069031e-02
4.144806042313575745e-02
5.460588634014129639e-02
4.721862822771072388e-02
5.508072301745414734e-02
6.228070333600044250e-02
4.738154634833335876e-02
4.110559821128845215e-02
5.320813879370689392e-02
5.491990968585014343e-02
5.088495463132858276e-02
4.971319437026977539e-02
4.733727872371673584e-02
6.108735501766204834e-02
4.954128339886665344e-02
4.910714179277420044e-02
6.783919781446456909e-02
5.476326122879981995e-02
3.867403417825698853e-02
4.908424988389015198e-02
4.301075264811515808e-02
5.729632824659347534e-02
5.998209491372108459e-02
4.712362214922904968e-02
5.216967314481735229e-02
5.636604875326156616e-02
6.284501403570175171e-02
3.079416602849960327e-02
5.760869383811950684e-02
5.413625389337539673e-02
6.080347299575805664e-02
5.547337234020233154e-02
4.970008507370948792e-02
4.571428522467613220e-02
5.243036523461341858e-02
4.500216245651245117e-02
5.989430472254753113e-02
5.060240998864173889e-02
4.135802388191223145e-02
4.672192782163619995e-02
5.636363476514816284e-02
5.544809624552726746e-02
4.100418463349342346e-02
5.437787994742393494e-02
3.422756865620613098e-02
4.266873374581336975e-02
5.491329357028007507e-02
6.291390955448150635e-02
5.664335563778877258e-02
5.510331690311431885e-02
5.484051629900932312e-02
4.744070023298263550e-02
4.981084540486335754e-02
4.752851650118827820e-02
5.202312022447586060e-02
5.147679150104522705e-02
4.477611929178237915e-02
4.529914632439613342e-02
5.162827670574188232e-02
5.110274255275726318e-02
5.630252137780189514e-02
5.966161936521530151e-02
5.030355602502822876e-02
5.654174834489822388e-02
3.973988443613052368e-02
5.384615436196327209e-02
4.240766167640686035e-02
5.337876081466674805e-02
4.361370578408241272e-02
5.213269963860511780e-02
5.219552665948867798e-02
5.342362821102142334e-02
5.061867088079452515e-02
4.693998768925666809e-02
5.336298048496246338e-02
6.600863486528396606e-02
5.119453743100166321e-02
4.976462572813034058e-02
4.534161463379859924e-02
5.320248007774353027e-02
4.265873134136199951e-02
5.202312022447586060e-02
5.099502578377723694e-02
4.294917732477188110e-02
4.331864789128303528e-02
5.188679322600364685e-02
6.090739741921424866e-02
4.520697146654129028e-02
4.850299283862113953e-02
5.742725729942321777e-02
6.073752790689468384e-02
4.407051205635070801e-02
4.114285856485366821e-02
6.139053404331207275e-02
4.668674618005752563e-02
4.948075860738754272e-02
5.421052500605583191e-02
4.345006495714187622e-02
6.610576808452606201e-02
6.419400870800018311e-02
4.711717367172241211e-02
5.257009342312812805e-02
5.159235745668411255e-02
4.761904850602149963e-02
4.452592879533767700e-02
6.158357858657836914e-02
4.860699549317359924e-02
4.721634835004806519e-02
5.915230512619018555e-02
4.933008551597595215e-02
4.185779765248298645e-02
5.992303416132926941e-02
4.294871911406517029e-02
5.148514732718467712e-02
4.757998511195182800e-02
5.701754242181777954e-02
6.088005006313323975e-02
4.702351242303848267e-02
4.578313231468200684e-02
5.478395149111747742e-02
5.569749698042869568e-02
5.597964301705360413e-02
5.346651002764701843e-02
5.659370124340057373e-02
4.986594989895820618e-02
5.555555596947669983e-02
4.833219945430755615e-02
6.107491999864578247e-02
4.744744673371315002e-02
5.866807699203491211e-02
4.589193314313888550e-02
5.341614782810211182e-02
5.143229290843009949e-02
4.315352812409400940e-02
4.958145692944526672e-02
5.208333209156990051e-02
5.740181356668472290e-02
5.190591886639595032e-02
4.740406200289726257e-02
4.548587277531623840e-02
5.378250405192375183e-02
6.100299581885337830e-02
5.251313000917434692e-02
5.000000074505805969e-02
3.982576355338096619e-02
5.654008314013481140e-02
5.684007704257965088e-02
3.698630258440971375e-02
4.533473774790763855e-02
4.039409011602401733e-02
5.162659287452697754e-02
6.633165478706359863e-02
5.372894927859306335e-02
4.638364911079406738e-02
5.914396792650222778e-02
5.942275002598762512e-02
5.840000137686729431e-02
5.940594151616096497e-02
6.608280539512634277e-02
5.085823312401771545e-02
6.246134638786315918e-02
4.568165540695190430e-02
4.761904850602149963e-02
5.168408900499343872e-02
6.370656192302703857e-02
4.625460505485534668e-02
5.754141137003898621e-02
5.988857895135879517e-02
4.647983610630035400e-02
4.701327532529830933e-02
5.505505576729774475e-02
5.736509338021278381e-02
4.796430468559265137e-02
5.834136903285980225e-02
4.471256211400032043e-02
4.455724731087684631e-02
5.234374850988388062e-02
4.215747117996215820e-02
4.957397282123565674e-02
4.652777686715126038e-02
6.087936833500862122e-02
4.411764815449714661e-02
4.494382068514823914e-02
6.498195230960845947e-02
6.394883990287780762e-02
5.649717524647712708e-02
2.957746386528015137e-02
4.986149445176124573e-02
5.654531344771385193e-02
5.993150547146797180e-02
4.366078972816467285e-02
4.913294687867164612e-02
5.558986961841583252e-02
4.930795729160308838e-02
4.793608561158180237e-02
4.443091899156570435e-02
4.649721086025238037e-02
4.667547345161437988e-02
5.508474633097648621e-02
5.330599844455718994e-02
4.900376871228218079e-02
5.322415381669998169e-02
5.079191550612449646e-02
4.725218191742897034e-02
4.242867603898048401e-02
5.284015834331512451e-02
5.150753632187843323e-02
5.323193967342376709e-02
4.924760758876800537e-02
4.113924130797386169e-02
5.057471245527267456e-02
5.135602876543998718e-02
5.362537875771522522e-02
3.472987934947013855e-02
4.439428076148033142e-02
5.413814634084701538e-02
5.505181476473808289e-02
4.745042324066162109e-02
6.007509306073188782e-02
5.701754242181777954e-02
4.628099128603935242e-02
6.395786255598068237e-02
4.500000178813934326e-02
3.868887573480606079e-02
6.542655825614929199e-02
4.748603329062461853e-02
5.376344174146652222e-02
4.318374395370483398e-02
4.622156918048858643e-02
5.102818086743354797e-02
5.170517042279243469e-02
5.586592108011245728e-02
5.223880708217620850e-02
4.430705681443214417e-02
5.370370298624038696e-02
5.730478465557098389e-02
3.911564499139785767e-02
5.534454807639122009e-02
4.933875799179077148e-02
5.391743779182434082e-02
4.679245129227638245e-02
4.715353623032569885e-02
5.962800979614257812e-02
3.259361907839775085e-02
5.908337980508804321e-02
6.398274749517440796e-02
4.949729144573211670e-02
5.106100812554359436e-02
5.063995718955993652e-02
5.331680178642272949e-02
5.736636370420455933e-02
6.299212574958801270e-02
4.842615127563476562e-02
4.251012206077575684e-02
7.264957576990127563e-02
4.885820671916007996e-02
4.972805082798004150e-02
3.828306123614311218e-02
5.013927444815635681e-02
4.028132930397987366e-02
4.565217345952987671e-02
5.303867533802986145e-02
4.269854724407196045e-02
5.132450163364410400e-02
4.858299717307090759e-02
5.140186846256256104e-02
5.268875509500503540e-02
5.569493398070335388e-02
5.027933046221733093e-02
6.216931343078613281e-02
5.404065549373626709e-02
5.453148856759071350e-02
5.716652795672416687e-02
4.774535819888114929e-02
4.956463351845741272e-02
6.226053461432456970e-02
5.887230485677719116e-02
5.488194152712821960e-02
4.920049384236335754e-02
5.188067629933357239e-02
5.718475207686424255e-02
5.767524242401123047e-02
5.389980971813201904e-02
4.972677677869796753e-02
5.358149856328964233e-02
4.484967887401580811e-02
6.624319404363632202e-02
4.581448063254356384e-02
4.505632072687149048e-02
6.177606061100959778e-02
4.651162773370742798e-02
5.486284196376800537e-02
5.942995846271514893e-02
5.863402038812637329e-02
5.538922175765037537e-02
5.321390926837921143e-02
5.416863039135932922e-02
5.301794409751892090e-02
4.280442744493484497e-02
5.179110914468765259e-02
5.327617749571800232e-02
4.987046495079994202e-02
5.393743142485618591e-02
5.307409539818763733e-02
4.060434550046920776e-02
4.580152779817581177e-02
5.161854624748229980e-02
4.930332303047180176e-02
4.895608499646186829e-02
4.253731295466423035e-02
6.662180274724960327e-02
4.918032884597778320e-02
5.298382416367530823e-02
5.399408191442489624e-02
5.660377442836761475e-02
4.721030220389366150e-02
5.850340053439140320e-02
6.475903838872909546e-02
4.933255910873413086e-02
4.106910154223442078e-02
4.742436483502388000e-02
5.232558026909828186e-02
4.881550744175910950e-02
5.848623812198638916e-02
6.213364750146865845e-02
6.236080080270767212e-02
5.737704783678054810e-02
5.540166050195693970e-02
5.609065294265747070e-02
4.946043342351913452e-02
7.400000095367431641e-02
5.214368551969528198e-02
6.554053723812103271e-02
4.359672963619232178e-02
5.073494464159011841e-02
5.839855596423149109e-02
6.166666746139526367e-02
5.888031050562858582e-02
4.678362607955932617e-02
4.812499880790710449e-02
5.284227430820465088e-02
4.418604820966720581e-02
5.058365687727928162e-02
4.249084368348121643e-02
6.239870190620422363e-02
3.549783676862716675e-02
5.812101811170578003e-02
5.419223010540008545e-02
5.698673054575920105e-02
6.295993179082870483e-02
3.778866305947303772e-02
2.851218171417713165e-02
4.873646050691604614e-02
4.947433620691299438e-02
4.740259796380996704e-02
5.735492706298828125e-02
4.393564537167549133e-02
5.353466048836708069e-02
4.443225637078285217e-02
6.386292725801467896e-02
4.816955700516700745e-02
4.935767501592636108e-02
6.261426210403442383e-02
4.942965880036354065e-02
5.254860594868659973e-02
5.720572173595428467e-02
3.724394738674163818e-02
3.957946971058845520e-02
4.826154559850692749e-02
4.996431246399879456e-02
4.992657899856567383e-02
3.443113714456558228e-02
5.840455740690231323e-02
4.830917716026306152e-02
5.794702097773551941e-02
4.310344904661178589e-02
5.442729592323303223e-02
5.603448301553726196e-02
5.838641151785850525e-02
6.261624395847320557e-02
5.140186846256256104e-02
4.256712645292282104e-02
5.283198505640029907e-02
6.375131756067276001e-02
4.830917716026306152e-02
4.255319014191627502e-02
4.705215245485305786e-02
4.961340129375457764e-02
4.795396327972412109e-02
6.392694264650344849e-02
4.542462155222892761e-02
4.649721086025238037e-02
5.208333209156990051e-02
6.916192173957824707e-02
4.634581133723258972e-02
6.409266591072082520e-02
4.429429396986961365e-02
5.286839231848716736e-02
5.572199076414108276e-02
5.336951464414596558e-02
4.190118983387947083e-02
4.166666790843009949e-02
6.183017417788505554e-02
4.659498110413551331e-02
5.091649666428565979e-02
3.645008057355880737e-02
4.317180439829826355e-02
4.446119070053100586e-02
5.441274121403694153e-02
4.898336529731750488e-02
5.555555596947669983e-02
4.563894495368003845e-02
4.542124643921852112e-02
4.725085943937301636e-02
7.000000029802322388e-02
5.153617262840270996e-02
4.803493618965148926e-02
5.007363855838775635e-02
4.451345652341842651e-02
4.976671934127807617e-02
5.712567642331123352e-02
3.999999910593032837e-02
5.236363783478736877e-02
5.769230797886848450e-02
4.792043566703796387e-02
5.685407295823097229e-02
4.511834308505058289e-02
5.002748593688011169e-02
4.742388799786567688e-02
5.870021134614944458e-02
4.788732528686523438e-02
4.662840813398361206e-02
5.719339475035667419e-02
5.091137811541557312e-02
6.280193477869033813e-02
6.367041170597076416e-02
5.991124361753463745e-02
5.818379670381546021e-02
5.223880708217620850e-02
5.983889475464820862e-02
4.753673449158668518e-02
5.695793032646179199e-02
6.742925941944122314e-02
6.313645839691162109e-02
4.905293881893157959e-02
4.529441520571708679e-02
5.368731543421745300e-02
5.403458327054977417e-02
3.819036483764648438e-02
7.087086886167526245e-02
6.072252243757247925e-02
5.109488964080810547e-02
5.594956502318382263e-02
4.802744463086128235e-02
4.965585097670555115e-02
5.472350120544433594e-02
4.959239065647125244e-02
6.328478455543518066e-02
5.312868952751159668e-02
5.438477173447608948e-02
5.355129763484001160e-02
7.720144838094711304e-02
6.606397777795791626e-02
5.210800468921661377e-02
5.628140643239021301e-02
4.885343834757804871e-02
5.164033919572830200e-02
4.454865306615829468e-02
5.050504952669143677e-02
4.940530657768249512e-02
5.684931576251983643e-02
4.735375940799713135e-02
5.446293577551841736e-02
5.383848398923873901e-02
4.435204342007637024e-02
4.873026907444000244e-02
5.904762074351310730e-02
4.884896054863929749e-02
6.049046292901039124e-02
5.571030825376510620e-02
4.630454257130622864e-02
6.081081181764602661e-02
4.457897692918777466e-02
4.841149598360061646e-02
4.954499378800392151e-02
4.537953808903694153e-02
5.082212388515472412e-02
4.679245129227638245e-02
5.572065338492393494e-02
4.761904850602149963e-02
3.899537399411201477e-02
5.137227475643157959e-02
4.897595569491386414e-02
5.902539566159248352e-02
5.792682990431785583e-02
6.282998621463775635e-02
4.321907460689544678e-02
4.646017774939537048e-02
6.206896528601646423e-02
4.078947380185127258e-02
5.338645353913307190e-02
5.387409031391143799e-02
5.012853443622589111e-02
5.566218867897987366e-02
4.960541054606437683e-02
5.184658989310264587e-02
6.281547993421554565e-02
5.084745585918426514e-02
5.769230797886848450e-02
5.162413045763969421e-02
5.792437493801116943e-02
6.165703386068344116e-02
5.195530876517295837e-02
4.192634671926498413e-02
5.600000172853469849e-02
4.803749173879623413e-02
4.799427092075347900e-02
6.039489060640335083e-02
5.417357757687568665e-02
5.513146892189979553e-02
5.184446647763252258e-02
5.573248490691184998e-02
5.817875266075134277e-02
4.467353969812393188e-02
4.646017774939537048e-02
4.381586238741874695e-02
4.764851555228233337e-02
5.895196646451950073e-02
4.687500000000000000e-02
5.826397240161895752e-02
4.505928978323936462e-02
6.431767344474792480e-02
6.220905482769012451e-02
5.558525025844573975e-02
3.059975430369377136e-02
5.751634016633033752e-02
6.184364110231399536e-02
4.260651767253875732e-02
5.163329839706420898e-02
5.444646254181861877e-02
4.985954985022544861e-02
4.680468142032623291e-02
5.256723612546920776e-02
4.538087546825408936e-02
5.859750136733055115e-02
5.716652795672416687e-02
5.933852121233940125e-02
3.716690093278884888e-02
5.040733143687248230e-02
4.800590872764587402e-02
5.829903855919837952e-02
5.350938066840171814e-02
5.366207286715507507e-02
5.111294239759445190e-02
8.587257564067840576e-02
5.358435958623886108e-02
5.892857164144515991e-02
6.458797305822372437e-02
4.952215403318405151e-02
4.418886080384254456e-02
4.415724426507949829e-02
5.697151273488998413e-02
5.179283022880554199e-02
5.361445620656013489e-02
4.900284856557846069e-02
5.817513912916183472e-02
6.689246743917465210e-02
4.977600648999214172e-02
5.530371889472007751e-02
4.727511480450630188e-02
4.863709211349487305e-02
5.109961330890655518e-02
5.374592915177345276e-02
5.702067166566848755e-02
5.725623667240142822e-02
5.685856565833091736e-02
5.878423526883125305e-02
5.670731887221336365e-02
4.476584121584892273e-02
5.699481815099716187e-02
6.123698875308036804e-02
3.831624239683151245e-02
4.981132224202156067e-02
5.399060994386672974e-02
4.985618591308593750e-02
6.361520290374755859e-02
5.245684087276458740e-02
5.435540154576301575e-02
4.665959626436233521e-02
5.444521084427833557e-02
4.281150177121162415e-02
4.823151230812072754e-02
5.621301755309104919e-02
5.428571254014968872e-02
5.176663771271705627e-02
2.988643199205398560e-02
5.963302776217460632e-02
5.177428573369979858e-02
5.451630055904388428e-02
5.932203307747840881e-02
5.414012819528579712e-02
5.982905998826026917e-02
4.383429512381553650e-02
4.872563853859901428e-02
5.068790912628173828e-02
6.775874644517898560e-02
4.887459799647331238e-02
5.087939649820327759e-02
5.181347206234931946e-02
5.285035446286201477e-02
5.667144805192947388e-02
4.735061898827552795e-02
6.098514422774314880e-02
6.496710330247879028e-02
6.920903921127319336e-02
5.515587702393531799e-02
5.672461166977882385e-02
6.420765072107315063e-02
5.033763125538825989e-02
5.899880826473236084e-02
6.810948252677917480e-02
6.950269639492034912e-02
5.045549944043159485e-02
4.934886842966079712e-02
6.229143589735031128e-02
6.196213513612747192e-02
5.817610025405883789e-02
4.129793494939804077e-02
4.332130029797554016e-02
3.836784511804580688e-02
4.112337157130241394e-02
5.513784289360046387e-02
4.971002414822578430e-02
4.809286817908287048e-02
5.460218340158462524e-02
4.561200737953186035e-02
5.242966860532760620e-02
5.375832691788673401e-02
6.337135285139083862e-02
6.416666507720947266e-02
4.926108196377754211e-02
4.319793730974197388e-02
4.754440858960151672e-02
6.144643947482109070e-02
4.578189179301261902e-02
5.639913305640220642e-02
5.055880919098854065e-02
4.856614395976066589e-02
5.785124003887176514e-02
4.176158085465431213e-02
5.462555214762687683e-02
4.679691046476364136e-02
4.714415222406387329e-02
4.953145980834960938e-02
4.190919548273086548e-02
5.371428653597831726e-02
6.392694264650344849e-02
6.283941119909286499e-02
5.744485184550285339e-02
5.115089565515518188e-02
5.555555596947669983e-02
4.931714758276939392e-02
5.371152609586715698e-02
5.310344696044921875e-02
4.833219945430755615e-02
5.565529689192771912e-02
5.342019721865653992e-02
5.550581961870193481e-02
4.876463115215301514e-02
4.866969585418701172e-02
5.083179473876953125e-02
6.268656998872756958e-02
6.098457053303718567e-02
7.125103473663330078e-02
5.600000172853469849e-02
4.521432891488075256e-02
6.912804394960403442e-02
4.761904850602149963e-02
6.017579510807991028e-02
5.507631227374076843e-02
5.069638043642044067e-02
6.363137811422348022e-02
6.284367293119430542e-02
3.926096856594085693e-02
6.925676017999649048e-02
4.816157370805740356e-02
4.516445845365524292e-02
5.691554397344589233e-02
4.961565509438514709e-02
4.142011702060699463e-02
4.502814263105392456e-02
4.705882444977760315e-02
5.756929516792297363e-02
6.141154840588569641e-02
4.464285820722579956e-02
5.629397928714752197e-02
3.815439343452453613e-02
4.925650730729103088e-02
4.988123476505279541e-02
5.298759788274765015e-02
4.565701633691787720e-02
4.781997203826904297e-02
6.662268936634063721e-02
5.513954907655715942e-02
4.874333739280700684e-02
4.990524426102638245e-02
4.991319403052330017e-02
5.040957778692245483e-02
5.691057071089744568e-02
5.252442881464958191e-02
5.837004259228706360e-02
6.822261959314346313e-02
5.243445560336112976e-02
6.444444507360458374e-02
4.679935425519943237e-02
4.309806227684020996e-02
5.869074538350105286e-02
5.617977678775787354e-02
4.472049698233604431e-02
4.418985173106193542e-02
5.166846141219139099e-02
4.748338088393211365e-02
4.243059083819389343e-02
5.586206912994384766e-02
4.901960864663124084e-02
5.511811003088951111e-02
5.109488964080810547e-02
4.906771332025527954e-02
3.768115863204002380e-02
7.006854563951492310e-02
4.222222045063972473e-02
6.009783223271369934e-02
4.770872741937637329e-02
3.328894823789596558e-02
4.894671589136123657e-02
5.748758092522621155e-02
6.135986745357513428e-02
5.819592624902725220e-02
5.911681056022644043e-02
5.597667768597602844e-02
5.232129618525505066e-02
5.214152857661247253e-02
6.183745712041854858e-02
5.657708644866943359e-02
4.122938588261604309e-02
6.105695292353630066e-02
4.989746958017349243e-02
5.530973523855209351e-02
6.037151813507080078e-02
6.071179360151290894e-02
6.268656998872756958e-02
6.126126274466514587e-02
4.136504605412483215e-02
4.809894785284996033e-02
5.882352963089942932e-02
4.542701318860054016e-02
5.621135607361793518e-02
4.929577559232711792e-02
5.375253409147262573e-02
5.598320439457893372e-02
5.519480630755424500e-02
4.968553408980369568e-02
4.570895433425903320e-02
5.972850695252418518e-02
5.165114253759384155e-02
6.547155231237411499e-02
5.885850265622138977e-02
5.923961102962493896e-02
5.368646979331970215e-02
5.693581700325012207e-02
5.581127852201461792e-02
5.009052529931068420e-02
6.381732970476150513e-02
6.279809027910232544e-02
6.043956056237220764e-02
6.097561120986938477e-02
5.742296949028968811e-02
4.493260011076927185e-02
4.494925215840339661e-02
6.622516363859176636e-02
5.378973111510276794e-02
5.453690513968467712e-02
4.746494069695472717e-02
5.042016878724098206e-02
4.781077057123184204e-02
5.266711860895156860e-02
4.141716659069061279e-02
4.519774019718170166e-02
5.356156826019287109e-02
5.139664933085441589e-02
5.477855354547500610e-02
5.219780281186103821e-02
6.258692592382431030e-02
5.429864302277565002e-02
5.435417965054512024e-02
4.491481557488441467e-02
4.991243407130241394e-02
5.875299870967864990e-02
6.389776617288589478e-02
4.822469502687454224e-02
5.276906862854957581e-02
5.392156913876533508e-02
4.972375556826591492e-02
6.303580105304718018e-02
4.748982191085815430e-02
5.069124326109886169e-02
5.450416356325149536e-02
4.266666620969772339e-02
4.215686395764350891e-02
4.881355911493301392e-02
5.435385555028915405e-02
5.731343105435371399e-02
5.231607705354690552e-02
6.377325206995010376e-02
5.987654253840446472e-02
5.843373388051986694e-02
6.874328851699829102e-02
6.171735376119613647e-02
5.074116215109825134e-02
6.322282552719116211e-02
5.698924884200096130e-02
6.386066973209381104e-02
5.741626769304275513e-02
5.963029339909553528e-02
5.772230774164199829e-02
6.165839731693267822e-02
4.486785456538200378e-02
4.900568351149559021e-02
5.915178731083869934e-02
6.811145693063735962e-02
5.126404389739036560e-02
4.713375866413116455e-02
6.288448721170425415e-02
5.169866979122161865e-02
6.128133833408355713e-02
5.419450625777244568e-02
5.377512052655220032e-02
4.815650731325149536e-02
5.367561429738998413e-02
5.139593780040740967e-02
5.409582704305648804e-02
4.551853612065315247e-02
5.059523880481719971e-02
6.284530460834503174e-02
5.125522986054420471e-02
5.615141987800598145e-02
5.196078494191169739e-02
5.630630627274513245e-02
4.966717958450317383e-02
4.605722427368164062e-02
5.879208818078041077e-02
5.013736337423324585e-02
4.938271641731262207e-02
5.617146939039230347e-02
4.472476989030838013e-02
5.566600337624549866e-02
5.011494085192680359e-02
5.805038288235664368e-02
4.592592641711235046e-02
5.120772868394851685e-02
5.495250970125198364e-02
6.384505331516265869e-02
4.935622215270996094e-02
5.011053755879402161e-02
5.130111426115036011e-02
4.691689088940620422e-02
5.573505535721778870e-02
6.050955504179000854e-02
5.966850742697715759e-02
5.053763464093208313e-02
5.639913305640220642e-02
4.978220164775848389e-02
4.547975584864616394e-02
5.783309042453765869e-02
3.914795443415641785e-02
5.078485608100891113e-02
4.333172738552093506e-02
5.008736252784729004e-02
5.595315620303153992e-02
4.518272355198860168e-02
6.062291562557220459e-02
4.497501254081726074e-02
4.166666790843009949e-02
6.707946211099624634e-02
5.772931501269340515e-02
5.754475668072700500e-02
5.298013240098953247e-02
5.535437166690826416e-02
6.862745434045791626e-02
6.052490696310997009e-02
6.861499696969985962e-02
5.959397554397583008e-02
5.108877643942832947e-02
4.541631788015365601e-02
5.303514376282691956e-02
4.530567675828933716e-02
6.440071761608123779e-02
5.631957948207855225e-02
6.475349515676498413e-02
5.565529689192771912e-02
4.726368188858032227e-02
6.637410819530487061e-02
5.044955015182495117e-02
5.468750000000000000e-02
6.296546757221221924e-02
4.777777940034866333e-02
5.550329387187957764e-02
4.712460190057754517e-02
5.240174755454063416e-02
5.120481923222541809e-02
4.789382591843605042e-02
5.088265985250473022e-02
6.414662301540374756e-02
5.169112980365753174e-02
6.371191143989562988e-02
5.958903953433036804e-02
6.692160665988922119e-02
5.698401853442192078e-02
7.653490453958511353e-02
6.358381360769271851e-02
5.548469349741935730e-02
7.073643058538436890e-02
6.157793477177619934e-02
4.925603047013282776e-02
6.425406038761138916e-02
5.209155380725860596e-02
5.559025704860687256e-02
5.237315967679023743e-02
6.067251414060592651e-02
5.175846070051193237e-02
5.470635741949081421e-02
5.866114422678947449e-02
4.419889673590660095e-02
4.996271431446075439e-02
4.665825888514518738e-02
5.236400663852691650e-02
5.624036863446235657e-02
4.749340191483497620e-02
5.729442834854125977e-02
5.285638198256492615e-02
6.327272951602935791e-02
5.735294148325920105e-02
5.409974604845046997e-02
5.018726736307144165e-02
5.245231464505195618e-02
4.624277353286743164e-02
4.369748011231422424e-02
5.871212109923362732e-02
6.031273305416107178e-02
5.497709289193153381e-02
4.324028640985488892e-02
4.906703531742095947e-02
5.475946888327598572e-02
5.802968889474868774e-02
5.686387047171592712e-02
4.331909865140914917e-02
6.095238029956817627e-02
5.488296970725059509e-02
6.136900186538696289e-02
4.296875000000000000e-02
5.226960033178329468e-02
6.516679376363754272e-02
6.058282032608985901e-02
5.110602453351020813e-02
5.443974584341049194e-02
7.491487264633178711e-02
5.206463113427162170e-02
5.024509876966476440e-02
4.756380617618560791e-02
6.331877410411834717e-02
5.319149047136306763e-02
5.585309863090515137e-02
5.890411138534545898e-02
5.273250117897987366e-02
7.433102279901504517e-02
5.747877061367034912e-02
4.777965322136878967e-02
4.741064831614494324e-02
6.400965899229049683e-02
5.386875569820404053e-02
6.100795790553092957e-02
5.670497938990592957e-02
5.378224700689315796e-02
5.063291266560554504e-02
4.197390750050544739e-02
4.386423155665397644e-02
5.684754624962806702e-02
5.862361937761306763e-02
5.159010738134384155e-02
6.623376905918121338e-02
6.110102683305740356e-02
6.346154212951660156e-02
4.964075610041618347e-02
5.042016878724098206e-02
5.364431440830230713e-02
5.390070751309394836e-02
5.717102065682411194e-02
6.394199281930923462e-02
7.839866727590560913e-02
5.984042584896087646e-02
6.836903095245361328e-02
5.566097423434257507e-02
3.743618726730346680e-02
6.305688619613647461e-02
6.031273305416107178e-02
5.179028213024139404e-02
4.664723202586174011e-02
6.185567006468772888e-02
4.925241693854331970e-02
6.049562618136405945e-02
5.142503231763839722e-02
5.511328950524330139e-02
4.985549300909042358e-02
4.824202880263328552e-02
4.861111193895339966e-02
6.456863880157470703e-02
5.383123084902763367e-02
7.171000540256500244e-02
4.834605753421783447e-02
6.969990581274032593e-02
5.823293328285217285e-02
4.665314406156539917e-02
5.973659455776214600e-02
5.449189990758895874e-02
7.360226660966873169e-02
4.419564083218574524e-02
3.930911421775817871e-02
4.863221943378448486e-02
4.694533720612525940e-02
5.216095224022865295e-02
5.327675491571426392e-02
5.340699851512908936e-02
5.046626552939414978e-02
5.835543945431709290e-02
4.572965577244758606e-02
5.874673649668693542e-02
4.324324429035186768e-02
6.288032233715057373e-02
5.566342920064926147e-02
5.944673344492912292e-02
6.106408685445785522e-02
3.865546360611915588e-02
4.158907383680343628e-02
5.426356568932533264e-02
5.251520127058029175e-02
5.703048035502433777e-02
5.276174843311309814e-02
5.525606498122215271e-02
4.687500000000000000e-02
5.186590924859046936e-02
5.115436762571334839e-02
5.128205195069313049e-02
4.613166674971580505e-02
5.393835529685020447e-02
6.083650141954421997e-02
5.988023802638053894e-02
6.130483746528625488e-02
5.437352135777473450e-02
4.095563292503356934e-02
5.555555596947669983e-02
6.217616423964500427e-02
6.496062874794006348e-02
5.669781938195228577e-02
5.203469097614288330e-02
7.256235927343368530e-02
6.335728615522384644e-02
4.531411081552505493e-02
5.352591350674629211e-02
6.519743055105209351e-02
5.727554112672805786e-02
5.375552177429199219e-02
4.846066236495971680e-02
6.250000000000000000e-02
6.597479432821273804e-02
5.122096464037895203e-02
5.740740895271301270e-02
5.954466015100479126e-02
6.151832640171051025e-02
5.589225515723228455e-02
5.418719351291656494e-02
4.670793563127517700e-02
6.021505221724510193e-02
5.206073820590972900e-02
5.603164061903953552e-02
5.123427882790565491e-02
5.249679833650588989e-02
6.128133833408355713e-02
5.572380498051643372e-02
6.389452517032623291e-02
5.872622132301330566e-02
5.762897804379463196e-02
4.821428656578063965e-02
6.601806730031967163e-02
6.105610728263854980e-02
4.603580385446548462e-02
6.060606241226196289e-02
5.750350654125213623e-02
5.494505539536476135e-02
6.558485329151153564e-02
7.004310190677642822e-02
5.971277505159378052e-02
6.094182655215263367e-02
5.436668545007705688e-02
6.116208061575889587e-02
6.006389856338500977e-02
5.179063230752944946e-02
4.740834236145019531e-02
5.835411325097084045e-02
5.003790929913520813e-02
6.304824352264404297e-02
5.274725332856178284e-02
5.263157933950424194e-02
5.745553970336914062e-02
6.520090997219085693e-02
5.920577794313430786e-02
5.528188124299049377e-02
5.454545468091964722e-02
5.026656389236450195e-02
6.407137215137481689e-02
6.596305966377258301e-02
7.073760777711868286e-02
4.897159710526466370e-02
4.294975847005844116e-02
4.928536340594291687e-02
7.955449819564819336e-02
7.649043947458267212e-02
6.302843987941741943e-02
4.780261963605880737e-02
5.003291741013526917e-02
5.073566734790802002e-02
5.570652335882186890e-02
5.725971236824989319e-02
7.126259058713912964e-02
7.015590369701385498e-02
5.811138078570365906e-02
5.967976525425910950e-02
6.368960440158843994e-02
4.891740158200263977e-02
5.739692971110343933e-02
5.222930014133453369e-02
6.468797475099563599e-02
4.656632244586944580e-02
5.037206783890724182e-02
4.642670974135398865e-02
4.911242425441741943e-02
5.614472925662994385e-02
6.606606394052505493e-02
6.885856389999389648e-02
4.649919643998146057e-02
7.402912527322769165e-02
5.479452013969421387e-02
5.427251756191253662e-02
6.872037798166275024e-02
4.008551687002182007e-02
5.213613435626029968e-02
5.255366489291191101e-02
3.328290581703186035e-02
5.309303477406501770e-02
4.946236684918403625e-02
4.895104840397834778e-02
5.487804859876632690e-02
4.561653733253479004e-02
8.391003310680389404e-02
4.852780699729919434e-02
5.259466916322708130e-02
6.546762585639953613e-02
4.687500000000000000e-02
5.419766157865524292e-02
5.999999865889549255e-02
5.393000692129135132e-02
6.925795227289199829e-02
5.138888955116271973e-02
5.963029339909553528e-02
5.562273412942886353e-02
6.370656192302703857e-02
6.346749514341354370e-02
7.393939048051834106e-02
5.833333358168601990e-02
5.085551366209983826e-02
5.497564375400543213e-02
4.549675062298774719e-02
5.040770769119262695e-02
6.695156544446945190e-02
5.317324027419090271e-02
3.577817603945732117e-02
6.050420179963111877e-02
4.865269362926483154e-02
4.808159172534942627e-02
6.016140803694725037e-02
5.343511328101158142e-02
6.789473444223403931e-02
4.803975671529769897e-02
6.074411422014236450e-02
5.862069129943847656e-02
6.760048866271972656e-02
5.082417652010917664e-02
4.572907835245132446e-02
4.667609557509422302e-02
5.463474616408348083e-02
5.790297314524650574e-02
5.278380215167999268e-02
5.405405536293983459e-02
6.186793744564056396e-02
5.791962146759033203e-02
5.640422925353050232e-02
5.988023802638053894e-02
4.469646513462066650e-02
6.387832760810852051e-02
5.118362233042716980e-02
4.545454680919647217e-02
5.093045905232429504e-02
5.507246404886245728e-02
5.503439530730247498e-02
3.672131150960922241e-02
5.246523395180702209e-02
5.693950131535530090e-02
4.568528011441230774e-02
5.503577366471290588e-02
5.476190522313117981e-02
4.581245407462120056e-02
5.122950673103332520e-02
5.277524888515472412e-02
4.755043238401412964e-02
6.377550959587097168e-02
5.347593501210212708e-02
5.891594663262367249e-02
5.033112689852714539e-02
5.278380215167999268e-02
4.424778744578361511e-02
6.008010730147361755e-02
5.903790146112442017e-02
5.297579988837242126e-02
6.227106228470802307e-02
6.264501065015792847e-02
5.823714658617973328e-02
4.537205025553703308e-02
4.773561656475067139e-02
4.996431246399879456e-02
5.663567036390304565e-02
6.318681687116622925e-02
5.867126956582069397e-02
5.535055324435234070e-02
7.285714149475097656e-02
5.000000074505805969e-02
5.173501744866371155e-02
7.302964478731155396e-02
5.217965692281723022e-02
5.882352963089942932e-02
5.201992392539978027e-02
6.137387454509735107e-02
6.257241964340209961e-02
4.761904850602149963e-02
6.241787225008010864e-02
5.301047116518020630e-02
5.629877373576164246e-02
5.679012462496757507e-02
4.770215228199958801e-02
5.398587137460708618e-02
5.383154004812240601e-02
5.371530726552009583e-02
5.050995573401451111e-02
5.189255252480506897e-02
5.117085948586463928e-02
5.204819142818450928e-02
5.857740715146064758e-02
4.163454100489616394e-02
6.021717563271522522e-02
4.893448948860168457e-02
5.412371084094047546e-02
6.440678238868713379e-02
5.581395328044891357e-02
5.688429251313209534e-02
4.828388616442680359e-02
6.604194641113281250e-02
4.076265543699264526e-02
5.351976677775382996e-02
5.076142027974128723e-02
6.163328140974044800e-02
4.394977167248725891e-02
5.344246327877044678e-02
6.638713926076889038e-02
4.506560042500495911e-02
6.320346146821975708e-02
5.900816246867179871e-02
6.340895593166351318e-02
6.741572916507720947e-02
4.363207519054412842e-02
5.060120299458503723e-02
7.051712274551391602e-02
5.973154306411743164e-02
4.393770918250083923e-02
7.086614519357681274e-02
5.131964758038520813e-02
4.806565120816230774e-02
5.260115489363670349e-02
4.469987377524375916e-02
5.378704890608787537e-02
4.279131069779396057e-02
3.984063863754272461e-02
5.528553947806358337e-02
5.579773336648941040e-02
5.126243457198143005e-02
5.019304901361465454e-02
4.055390879511833191e-02
5.381818115711212158e-02
6.464646756649017334e-02
5.012853443622589111e-02
5.231277644634246826e-02
4.553191363811492920e-02
6.200527772307395935e-02
5.313199013471603394e-02
6.614509224891662598e-02
5.071428418159484863e-02
5.323193967342376709e-02
7.791095972061157227e-02
5.229455605149269104e-02
6.326781213283538818e-02
5.114638432860374451e-02
5.716798454523086548e-02
5.160898715257644653e-02
7.047175616025924683e-02
6.584093719720840454e-02
5.135773494839668274e-02
4.968287423253059387e-02
5.842185020446777344e-02
5.414950102567672729e-02
5.611340701580047607e-02
5.925507843494415283e-02
6.706507503986358643e-02
6.128334626555442810e-02
4.862842708826065063e-02
5.128205195069313049e-02
6.003244966268539429e-02
5.673382803797721863e-02
6.828885525465011597e-02
5.122806876897811890e-02
6.613454967737197876e-02
5.484460666775703430e-02
4.564820602536201477e-02
5.695746093988418579e-02
3.922829404473304749e-02
6.786590069532394409e-02
5.781799927353858948e-02
6.294326484203338623e-02
5.718824639916419983e-02
4.801324382424354553e-02
5.215124040842056274e-02
4.535518959164619446e-02
5.586080625653266907e-02
5.534351244568824768e-02
5.679702013731002808e-02
6.197771430015563965e-02
4.291593283414840698e-02
6.831882148981094360e-02
5.136268213391304016e-02
5.906879901885986328e-02
4.965859651565551758e-02
4.185742139816284180e-02
5.176613852381706238e-02
5.313199013471603394e-02
5.991285294294357300e-02
5.257836356759071350e-02
5.537806078791618347e-02
5.569246038794517517e-02
4.989308491349220276e-02
5.748031660914421082e-02
6.053639948368072510e-02
5.718701705336570740e-02
5.766871199011802673e-02
4.109589010477066040e-02
5.002810433506965637e-02
4.347826167941093445e-02
5.289421230554580688e-02
6.207675114274024963e-02
6.172839552164077759e-02
4.730539023876190186e-02
5.988372117280960083e-02
5.203045532107353210e-02
4.374678432941436768e-02
7.782672345638275146e-02
5.123339593410491943e-02
4.823151230812072754e-02
6.065573915839195251e-02
4.667444527149200439e-02
5.940023064613342285e-02
5.230450630187988281e-02
5.585980415344238281e-02
7.258064299821853638e-02
6.066012382507324219e-02
4.869684576988220215e-02
4.849279299378395081e-02
6.398537755012512207e-02
5.310300737619400024e-02
4.335260018706321716e-02
5.119453743100166321e-02
5.657412111759185791e-02
4.497540369629859924e-02
5.227655917406082153e-02
7.275427132844924927e-02
5.319149047136306763e-02
4.343720525503158569e-02
5.899925157427787781e-02
5.078597366809844971e-02
5.693296715617179871e-02
6.053119152784347534e-02
5.831325426697731018e-02
6.223358958959579468e-02
6.476529687643051147e-02
5.437500029802322388e-02
5.312710255384445190e-02
5.540613085031509399e-02
5.469327419996261597e-02
6.093189865350723267e-02
7.999999821186065674e-02
5.962988361716270447e-02
6.185567006468772888e-02
5.842696502804756165e-02
6.382978707551956177e-02
5.474452674388885498e-02
4.840940609574317932e-02
5.775764584541320801e-02
4.459799081087112427e-02
5.304010212421417236e-02
5.572380498051643372e-02
4.754716902971267700e-02
5.011933296918869019e-02
6.320907920598983765e-02
5.253456160426139832e-02
5.509641766548156738e-02
4.635761678218841553e-02
3.891402855515480042e-02
6.617647409439086914e-02
5.789152905344963074e-02
5.288461595773696899e-02
5.921490490436553955e-02
6.625892221927642822e-02
5.402160808444023132e-02
5.212211608886718750e-02
6.122449040412902832e-02
5.660377442836761475e-02
5.767250433564186096e-02
5.166312679648399353e-02
6.948357075452804565e-02
6.283068656921386719e-02
6.146572157740592957e-02
4.977821558713912964e-02
6.096361950039863586e-02
5.035246908664703369e-02
7.189014554023742676e-02
6.305244565010070801e-02
5.931198224425315857e-02
5.342624709010124207e-02
6.520198285579681396e-02
6.533946096897125244e-02
5.813953652977943420e-02
6.067816913127899170e-02
5.795314535498619080e-02
4.805725812911987305e-02
4.020752385258674622e-02
6.220095604658126831e-02
6.286721676588058472e-02
5.956907570362091064e-02
6.048906221985816956e-02
5.635359138250350952e-02
7.051762938499450684e-02
6.822429597377777100e-02
4.725738242268562317e-02
5.300632864236831665e-02
5.451541766524314880e-02
6.206152215600013733e-02
6.696428358554840088e-02
6.257981806993484497e-02
5.376344174146652222e-02
5.752508342266082764e-02
5.937052890658378601e-02
5.799372866749763489e-02
5.033353716135025024e-02
5.121798813343048096e-02
5.707762390375137329e-02
6.333072483539581299e-02
4.587155953049659729e-02
5.318039655685424805e-02
6.355382502079010010e-02
5.263157933950424194e-02
4.719101265072822571e-02
5.925925821065902710e-02
6.934306770563125610e-02
5.125348269939422607e-02
5.337904021143913269e-02
5.424528196454048157e-02
5.861243978142738342e-02
4.777777940034866333e-02
6.346025317907333374e-02
6.706008315086364746e-02
6.336311995983123779e-02
6.751592457294464111e-02
5.526116490364074707e-02
6.250000000000000000e-02
4.811594262719154358e-02
5.465838685631752014e-02
5.057618394494056702e-02
3.988397493958473206e-02
4.855195805430412292e-02
6.063055619597434998e-02
5.847176164388656616e-02
4.921077191829681396e-02
4.823331534862518311e-02
5.715902522206306458e-02
5.017421767115592957e-02
6.262230873107910156e-02
5.691057071089744568e-02
6.499261409044265747e-02
7.523246109485626221e-02
7.105847448110580444e-02
5.859030783176422119e-02
5.500331521034240723e-02
4.996431246399879456e-02
5.496453866362571716e-02
5.333333462476730347e-02
5.709342658519744873e-02
4.560530558228492737e-02
4.985673353075981140e-02
5.971014499664306641e-02
5.189732089638710022e-02
5.628058686852455139e-02
5.721392855048179626e-02
7.871914654970169067e-02
6.690997630357742310e-02
5.674773454666137695e-02
6.887754797935485840e-02
5.388813093304634094e-02
8.968609571456909180e-02
5.079908668994903564e-02
5.740181356668472290e-02
6.202850118279457092e-02
5.485232174396514893e-02
5.632305890321731567e-02
6.265356391668319702e-02
4.666666686534881592e-02
6.047278642654418945e-02
4.955456405878067017e-02
4.710632562637329102e-02
3.984063863754272461e-02
5.122950673103332520e-02
5.108631774783134460e-02
6.642729043960571289e-02
6.790865212678909302e-02
6.877662986516952515e-02
3.732106462121009827e-02
5.408886075019836426e-02
5.428226664662361145e-02
5.344694107770919800e-02
4.676753655076026917e-02
4.075067117810249329e-02
6.177076324820518494e-02
5.278592556715011597e-02
5.324580520391464233e-02
4.464285820722579956e-02
3.870967775583267212e-02
6.126482039690017700e-02
5.865522101521492004e-02
5.435494333505630493e-02
4.216524213552474976e-02
4.761904850602149963e-02
6.496519595384597778e-02
4.943679645657539368e-02
5.765407532453536987e-02
5.147058889269828796e-02
6.607929617166519165e-02
5.180180072784423828e-02
4.878048598766326904e-02
6.094329804182052612e-02
5.435684695839881897e-02
5.794947966933250427e-02
4.976019263267517090e-02
5.120167136192321777e-02
4.518328979611396790e-02
6.628652662038803101e-02
6.615599244832992554e-02
4.971809312701225281e-02
5.882352963089942932e-02
5.306345596909523010e-02
4.906333610415458679e-02
5.813148617744445801e-02
4.611496999859809875e-02
5.494505539536476135e-02
6.001348793506622314e-02
5.130890011787414551e-02
6.041535735130310059e-02
4.791666567325592041e-02
5.822416394948959351e-02
4.525674507021903992e-02
6.603275239467620850e-02
9.949409961700439453e-02
6.370757520198822021e-02
5.303867533802986145e-02
6.492637097835540771e-02
4.512195289134979248e-02
4.835766553878784180e-02
6.058788299560546875e-02
5.176613852381706238e-02
6.250000000000000000e-02
6.221198290586471558e-02
4.047777131199836731e-02
4.656160622835159302e-02
6.545741111040115356e-02
3.630573302507400513e-02
5.206220597028732300e-02
4.597701132297515869e-02
5.871990695595741272e-02
5.083459615707397461e-02
7.396870851516723633e-02
6.191222742199897766e-02
6.381259858608245850e-02
6.170355528593063354e-02
5.965203046798706055e-02
4.647006094455718994e-02
5.067920684814453125e-02
6.327900290489196777e-02
5.602455884218215942e-02
6.530857086181640625e-02
5.153782293200492859e-02
4.985754936933517456e-02
6.035888940095901489e-02
6.496660411357879639e-02
5.248359963297843933e-02
6.642857193946838379e-02
4.575892910361289978e-02
6.693711876869201660e-02
5.385190621018409729e-02
5.137844756245613098e-02
4.928664118051528931e-02
5.333333462476730347e-02
5.900621041655540466e-02
5.305191129446029663e-02
4.516129195690155029e-02
5.446293577551841736e-02
5.815972387790679932e-02
5.794831737875938416e-02
5.602240934967994690e-02
6.558441370725631714e-02
5.266757681965827942e-02
6.824146956205368042e-02
5.721392855048179626e-02
6.034482643008232117e-02
5.268490314483642578e-02
5.425219982862472534e-02
4.972752183675765991e-02
5.665930733084678650e-02
7.722007483243942261e-02
6.794425100088119507e-02
6.271536648273468018e-02
4.938271641731262207e-02
4.944029822945594788e-02
5.139318853616714478e-02
5.072463676333427429e-02
5.418719351291656494e-02
4.772393405437469482e-02
6.022659689188003540e-02
6.045519188046455383e-02
6.991261243820190430e-02
6.102941185235977173e-02
5.189873278141021729e-02
6.263383477926254272e-02
6.200318038463592529e-02
6.419529765844345093e-02
6.803130358457565308e-02
5.727644637227058411e-02
4.292343556880950928e-02
5.534105375409126282e-02
5.587121099233627319e-02
4.850000143051147461e-02
5.927977710962295532e-02
5.585585534572601318e-02
6.371681392192840576e-02
5.285412445664405823e-02
4.775413870811462402e-02
6.340057402849197388e-02
6.145624443888664246e-02
4.846225678920745850e-02
5.618686974048614502e-02
5.947136506438255310e-02
5.907781049609184265e-02
6.432748585939407349e-02
5.744431540369987488e-02
4.909983649849891663e-02
5.125076323747634888e-02
8.461538702249526978e-02
4.632152616977691650e-02
4.243542253971099854e-02
4.569420218467712402e-02
4.954227432608604431e-02
4.701102897524833679e-02
5.160610750317573547e-02
5.386950075626373291e-02
3.928266465663909912e-02
5.812220647931098938e-02
7.142857462167739868e-02
5.638366937637329102e-02
6.561680138111114502e-02
4.957005381584167480e-02
6.261980533599853516e-02
3.948312997817993164e-02
5.300774425268173218e-02
4.440599679946899414e-02
4.545454680919647217e-02
6.308411061763763428e-02
6.859205663204193115e-02
5.324357375502586365e-02
5.059732869267463684e-02
5.106167867779731750e-02
6.305084377527236938e-02
6.097561120986938477e-02
5.249343812465667725e-02
4.115226492285728455e-02
4.714201390743255615e-02
6.222775205969810486e-02
4.131770133972167969e-02
5.533063411712646484e-02
5.115233361721038818e-02
5.234460160136222839e-02
5.863956362009048462e-02
5.322479829192161560e-02
6.276747584342956543e-02
6.793478131294250488e-02
5.841371789574623108e-02
5.614714324474334717e-02
6.127886474132537842e-02
6.012658402323722839e-02
5.668514966964721680e-02
6.237322464585304260e-02
7.626310735940933228e-02
4.939835518598556519e-02
5.137844756245613098e-02
5.172413960099220276e-02
5.849408730864524841e-02
5.976806581020355225e-02
5.445026233792304993e-02
4.470802843570709229e-02
6.804733723402023315e-02
6.158583611249923706e-02
7.645525783300399780e-02
6.460876017808914185e-02
5.212816968560218811e-02
5.132743343710899353e-02
5.898876488208770752e-02
4.850746318697929382e-02
6.057385727763175964e-02
5.693717300891876221e-02
4.898959025740623474e-02
4.637917131185531616e-02
5.336179211735725403e-02
4.450438171625137329e-02
5.832037329673767090e-02
7.759699970483779907e-02
6.961470842361450195e-02
5.882352963089942932e-02
5.778717249631881714e-02
4.394046589732170105e-02
6.270903348922729492e-02
7.537688314914703369e-02
4.912478849291801453e-02
5.115089565515518188e-02
5.924339592456817627e-02
6.780871003866195679e-02
4.966517910361289978e-02
6.585365533828735352e-02
6.439100205898284912e-02
6.934931874275207520e-02
6.053068116307258606e-02
6.351183354854583740e-02
5.763888731598854065e-02
5.244028940796852112e-02
6.341218203306198120e-02
6.974063068628311157e-02
4.728682339191436768e-02
5.580029264092445374e-02
4.890983924269676208e-02
5.217859148979187012e-02
6.341189891099929810e-02
3.465982154011726379e-02
4.850498214364051819e-02
8.027923107147216797e-02
5.878236517310142517e-02
6.003873422741889954e-02
6.663301587104797363e-02
6.432748585939407349e-02
6.535141915082931519e-02
6.504064798355102539e-02
5.270863696932792664e-02
5.329815298318862915e-02
5.152079463005065918e-02
5.944272503256797791e-02
4.745167121291160583e-02
5.308641865849494934e-02
5.480426922440528870e-02
6.648696959018707275e-02
6.788247078657150269e-02
5.135440081357955933e-02
6.868811696767807007e-02
5.285802111029624939e-02
6.385964900255203247e-02
5.393112450838088989e-02
5.085748061537742615e-02
4.893448948860168457e-02
5.319149047136306763e-02
5.413847044110298157e-02
5.623648315668106079e-02
5.685279145836830139e-02
4.996214807033538818e-02
5.852962285280227661e-02
6.228172406554222107e-02
5.771643668413162231e-02
6.292516738176345825e-02
5.990783497691154480e-02
4.589787870645523071e-02
6.394453346729278564e-02
5.073649808764457703e-02
4.898828640580177307e-02
5.046480894088745117e-02
5.409060046076774597e-02
5.733788385987281799e-02
5.378831550478935242e-02
5.485714226961135864e-02
4.515272378921508789e-02
4.797687754034996033e-02
4.710144922137260437e-02
4.879724979400634766e-02
5.033881962299346924e-02
5.626134201884269714e-02
5.148394778370857239e-02
5.437853187322616577e-02
5.568720400333404541e-02
5.957446992397308350e-02
5.801105126738548279e-02
6.391478329896926880e-02
6.510745733976364136e-02
5.354918912053108215e-02
6.814920902252197266e-02
5.327413976192474365e-02
4.954954981803894043e-02
7.737512141466140747e-02
6.482825428247451782e-02
6.376811861991882324e-02
5.458768829703330994e-02
6.128640845417976379e-02
5.390539020299911499e-02
4.189108312129974365e-02
6.096752732992172241e-02
5.276073515415191650e-02
5.251951888203620911e-02
7.002457231283187866e-02
6.492753326892852783e-02
6.344171613454818726e-02
5.566733703017234802e-02
4.958677664399147034e-02
5.575326085090637207e-02
5.337781459093093872e-02
5.793450772762298584e-02
4.218362271785736084e-02
5.982324853539466858e-02
5.716080218553543091e-02
5.612244829535484314e-02
4.824760928750038147e-02
6.250000000000000000e-02
5.258899554610252380e-02
5.071225017309188843e-02
6.011904776096343994e-02
6.134259328246116638e-02
5.835962295532226562e-02
6.938421726226806641e-02
5.294506996870040894e-02
5.779010802507400513e-02
5.988700687885284424e-02
5.618648976087570190e-02
6.448145955801010132e-02
5.654975026845932007e-02
5.789473652839660645e-02
6.326219439506530762e-02
5.380333960056304932e-02
5.860805884003639221e-02
4.616182669997215271e-02
6.455777585506439209e-02
4.777327924966812134e-02
6.478704512119293213e-02
5.107526853680610657e-02
7.059961557388305664e-02
5.683947354555130005e-02
7.135250419378280640e-02
5.039370059967041016e-02
6.587837636470794678e-02
6.828194111585617065e-02
6.919831037521362305e-02
5.838323384523391724e-02
6.198830530047416687e-02
3.952569141983985901e-02
6.331045180559158325e-02
4.919730871915817261e-02
6.392405182123184204e-02
6.437768042087554932e-02
6.440678238868713379e-02
4.559915140271186829e-02
5.652911216020584106e-02
5.507631227374076843e-02
4.418985173106193542e-02
6.618531793355941772e-02
7.126437127590179443e-02
6.800349056720733643e-02
5.121293663978576660e-02
5.545927211642265320e-02
7.304348051548004150e-02
6.317301094532012939e-02
4.347826167941093445e-02
4.820095002651214600e-02
6.608357280492782593e-02
6.364513188600540161e-02
5.905205756425857544e-02
6.350267678499221802e-02
7.666214555501937866e-02
5.906674638390541077e-02
4.175222292542457581e-02
5.164992809295654297e-02
6.623735278844833374e-02
5.579096078872680664e-02
5.295138806104660034e-02
5.736434087157249451e-02
6.420852243900299072e-02
5.398182943463325500e-02
5.219322443008422852e-02
5.434782430529594421e-02
5.403726547956466675e-02
6.694069504737854004e-02
6.267029792070388794e-02
6.861848384141921997e-02
5.930807068943977356e-02
6.985525786876678467e-02
4.992967471480369568e-02
5.697051063179969788e-02
5.201863497495651245e-02
5.997210741043090820e-02
5.868946015834808350e-02
6.649616360664367676e-02
5.397924035787582397e-02
5.850091576576232910e-02
5.545286461710929871e-02
5.681818351149559021e-02
6.005788594484329224e-02
5.365566164255142212e-02
5.329949408769607544e-02
6.116360053420066833e-02
5.570118129253387451e-02
7.274062931537628174e-02
5.629139021039009094e-02
6.952566653490066528e-02
5.375603213906288147e-02
6.110154837369918823e-02
4.804804921150207520e-02
2.886750549077987671e-02
5.388272553682327271e-02
4.779411852359771729e-02
7.948718219995498657e-02
6.216931343078613281e-02
5.293005704879760742e-02
5.683836713433265686e-02
6.827794760465621948e-02
6.927465647459030151e-02
5.008537322282791138e-02
4.890738800168037415e-02
3.843730315566062927e-02
5.813953652977943420e-02
5.720492452383041382e-02
5.946398526430130005e-02
6.549885869026184082e-02
6.637806445360183716e-02
4.740551114082336426e-02
5.170902609825134277e-02
5.792276933789253235e-02
5.286343768239021301e-02
5.746140703558921814e-02
4.771241918206214905e-02
4.819863662123680115e-02
6.727629154920578003e-02
5.486110970377922058e-02
5.420354008674621582e-02
5.561276897788047791e-02
6.052141636610031128e-02
6.182532012462615967e-02
5.237711593508720398e-02
6.662591546773910522e-02
6.280788034200668335e-02
6.749556213617324829e-02
3.999999910593032837e-02
6.332637369632720947e-02
6.308919191360473633e-02
4.837209358811378479e-02
5.323193967342376709e-02
5.415162444114685059e-02
5.946535617113113403e-02
4.834605753421783447e-02
6.035283207893371582e-02
5.703422054648399353e-02
5.236329883337020874e-02
6.568265706300735474e-02
5.170387774705886841e-02
5.194174870848655701e-02
6.232492998242378235e-02
5.886287614703178406e-02
5.799256637692451477e-02
6.304619461297988892e-02
5.480480566620826721e-02
5.394736677408218384e-02
7.415036112070083618e-02
7.939913868904113770e-02
5.525606498122215271e-02
6.787082552909851074e-02
4.596774280071258545e-02
5.844980850815773010e-02
5.344494432210922241e-02
7.187499850988388062e-02
5.383663251996040344e-02
5.461102351546287537e-02
5.210084095597267151e-02
4.697592556476593018e-02
4.710144922137260437e-02
6.846153736114501953e-02
6.511056423187255859e-02
7.124894857406616211e-02
5.737158283591270447e-02
5.367647111415863037e-02
5.686125904321670532e-02
4.869141802191734314e-02
5.187586694955825806e-02
5.414847284555435181e-02
5.487804859876632690e-02
4.019037634134292603e-02
5.534859001636505127e-02
5.638829246163368225e-02
5.578011274337768555e-02
8.012820780277252197e-02
5.911330133676528931e-02
6.039415299892425537e-02
5.646480992436408997e-02
6.617150455713272095e-02
4.963899031281471252e-02
6.412825733423233032e-02
5.300774425268173218e-02
4.517453908920288086e-02
4.826368391513824463e-02
4.920914024114608765e-02
5.709534510970115662e-02
5.629397928714752197e-02
6.334080547094345093e-02
5.829596519470214844e-02
4.835493490099906921e-02
6.027727574110031128e-02
5.844155699014663696e-02
5.430183187127113342e-02
6.958393007516860962e-02
5.003523454070091248e-02
5.902004614472389221e-02
4.358844459056854248e-02
4.887983575463294983e-02
6.018518656492233276e-02
6.300366669893264771e-02
6.058788299560546875e-02
5.916306003928184509e-02
7.107843458652496338e-02
4.737443104386329651e-02
5.048076808452606201e-02
5.782710388302803040e-02
5.708582699298858643e-02
5.926946923136711121e-02
5.734767019748687744e-02
6.300963461399078369e-02
5.875440686941146851e-02
5.546075105667114258e-02
5.592705309391021729e-02
7.170795649290084839e-02
5.129913240671157837e-02
7.527733594179153442e-02
5.232862383127212524e-02
6.533575057983398438e-02
5.894590914249420166e-02
6.064209342002868652e-02
5.446808412671089172e-02
4.838709533214569092e-02
5.986509099602699280e-02
5.689001083374023438e-02
5.764145776629447937e-02
6.192286685109138489e-02
4.287515580654144287e-02
5.270863696932792664e-02
7.434640824794769287e-02
6.009488552808761597e-02
5.361131951212882996e-02
5.527383461594581604e-02
6.602475792169570923e-02
4.882943257689476013e-02
7.572016119956970215e-02
6.627471745014190674e-02
5.552699044346809387e-02
6.098654866218566895e-02
5.075807496905326843e-02
6.080114468932151794e-02
6.722689419984817505e-02
6.149904057383537292e-02
7.446808367967605591e-02
6.162464991211891174e-02
6.581740826368331909e-02
4.186046496033668518e-02
6.652949005365371704e-02
6.538969278335571289e-02
4.722792655229568481e-02
6.725468486547470093e-02
5.030355602502822876e-02
6.069364026188850403e-02
7.470817118883132935e-02
5.209155380725860596e-02
4.880429431796073914e-02
7.117688655853271484e-02
4.818523302674293518e-02
5.680119618773460388e-02
4.384485632181167603e-02
4.744713753461837769e-02
7.105263322591781616e-02
7.803468406200408936e-02
5.961893126368522644e-02
6.465288996696472168e-02
4.708222672343254089e-02
5.768249183893203735e-02
8.134920895099639893e-02
6.825499236583709717e-02
5.123247951269149780e-02
5.582137033343315125e-02
4.752970486879348755e-02
5.536568537354469299e-02
6.493506580591201782e-02
6.348122656345367432e-02
6.510745733976364136e-02
6.682027876377105713e-02
5.260148644447326660e-02
4.740259796380996704e-02
5.277587473392486572e-02
6.303236633539199829e-02
6.693877279758453369e-02
7.429547607898712158e-02
5.849189683794975281e-02
6.561858952045440674e-02
4.223149269819259644e-02
4.914529994130134583e-02
6.308101117610931396e-02
5.294705182313919067e-02
6.308799237012863159e-02
6.046863272786140442e-02
5.426356568932533264e-02
5.587229132652282715e-02
5.484147369861602783e-02
5.888376757502555847e-02
6.182795763015747070e-02
5.397727340459823608e-02
4.659498110413551331e-02
6.471306830644607544e-02
5.872756987810134888e-02
4.560810700058937073e-02
7.087227702140808105e-02
5.151515081524848938e-02
5.298457294702529907e-02
5.660377442836761475e-02
4.955264925956726074e-02
5.817174538969993591e-02
5.871301144361495972e-02
6.363636255264282227e-02
5.010438337922096252e-02
6.369426846504211426e-02
4.900662228465080261e-02
5.721889436244964600e-02
6.409495323896408081e-02
7.267441600561141968e-02
6.903914362192153931e-02
6.283422559499740601e-02
5.318450555205345154e-02
4.269005730748176575e-02
5.362116917967796326e-02
5.285234749317169189e-02
6.133933737874031067e-02
5.468750000000000000e-02
5.710886418819427490e-02
5.125677585601806641e-02
6.091370433568954468e-02
5.666451901197433472e-02
5.724381655454635620e-02
5.925473570823669434e-02
4.159021377563476562e-02
5.826017633080482483e-02
6.996268779039382935e-02
7.370518147945404053e-02
4.882459342479705811e-02
5.232929065823554993e-02
5.577244982123374939e-02
4.555680602788925171e-02
5.624629929661750793e-02
5.604075640439987183e-02
4.792332276701927185e-02
5.941358208656311035e-02
6.483439356088638306e-02
4.832214862108230591e-02
4.840483888983726501e-02
5.078929290175437927e-02
4.275217279791831970e-02
4.949314147233963013e-02
4.790419340133666992e-02
5.945945903658866882e-02
4.332552850246429443e-02
6.223306804895401001e-02
5.390672385692596436e-02
5.555555596947669983e-02
5.350877344608306885e-02
6.124785169959068298e-02
5.865764245390892029e-02
6.055776774883270264e-02
5.835331603884696960e-02
5.204944685101509094e-02
4.787234216928482056e-02
4.279930517077445984e-02
5.657773837447166443e-02
6.020557880401611328e-02
5.434782430529594421e-02
6.871867924928665161e-02
6.573276221752166748e-02
5.691057071089744568e-02
7.174888253211975098e-02
5.202020332217216492e-02
5.086327716708183289e-02
6.884377449750900269e-02
6.024885550141334534e-02
4.792332276701927185e-02
4.795852303504943848e-02
4.961832240223884583e-02
7.000000029802322388e-02
7.121303677558898926e-02
5.739910155534744263e-02
5.903614312410354614e-02
6.559263169765472412e-02
5.311250686645507812e-02
4.695966467261314392e-02
5.409466475248336792e-02
6.469500809907913208e-02
6.245181336998939514e-02
4.984894394874572754e-02
6.632652878761291504e-02
5.511811003088951111e-02
5.667788907885551453e-02
6.185567006468772888e-02
5.842138081789016724e-02
3.898128867149353027e-02
4.694323241710662842e-02
6.854256987571716309e-02
6.129303202033042908e-02
4.399008676409721375e-02
5.664372816681861877e-02
7.735247164964675903e-02
6.697819381952285767e-02
5.776636675000190735e-02
6.326219439506530762e-02
5.724298954010009766e-02
6.012269854545593262e-02
6.937631219625473022e-02
5.723298713564872742e-02
7.098121196031570435e-02
6.556141376495361328e-02
6.585788726806640625e-02
7.629705220460891724e-02
5.510534718632698059e-02
5.813953652977943420e-02
7.529089599847793579e-02
5.500450730323791504e-02
4.891304299235343933e-02
4.109589010477066040e-02
4.569504410028457642e-02
7.673569023609161377e-02
3.782287985086441040e-02
7.079645991325378418e-02
6.904231756925582886e-02
7.249467074871063232e-02
5.389221385121345520e-02
6.568364799022674561e-02
5.847953259944915771e-02
6.618240475654602051e-02
7.013738155364990234e-02
5.472263693809509277e-02
5.717151612043380737e-02
6.356199085712432861e-02
5.672105774283409119e-02
8.039747178554534912e-02
4.676454514265060425e-02
6.642290949821472168e-02
5.577689409255981445e-02
5.980066582560539246e-02
5.372733250260353088e-02
6.227967143058776855e-02
5.147864297032356262e-02
6.796116381883621216e-02
5.156382173299789429e-02
6.190476194024085999e-02
7.328990101814270020e-02
5.708661302924156189e-02
7.531865686178207397e-02
6.153846159577369690e-02
6.041131168603897095e-02
4.834012687206268311e-02
5.053695663809776306e-02
6.994047760963439941e-02
4.660766944289207458e-02
4.076738655567169189e-02
6.401044875383377075e-02
6.005221977829933167e-02
5.379746854305267334e-02
5.974652990698814392e-02
6.706908345222473145e-02
4.913848266005516052e-02
4.992867261171340942e-02
5.950991809368133545e-02
6.154960021376609802e-02
5.369551479816436768e-02
5.000000074505805969e-02
6.319444626569747925e-02
6.594800204038619995e-02
5.478261038661003113e-02
7.142857462167739868e-02
5.622490122914314270e-02
5.858748033642768860e-02
4.895782843232154846e-02
4.160246625542640686e-02
5.986185744404792786e-02
4.993160068988800049e-02
7.081712037324905396e-02
4.700579494237899780e-02
5.305574089288711548e-02
7.142857462167739868e-02
6.921944022178649902e-02
5.217391252517700195e-02
6.906475126743316650e-02
5.405405536293983459e-02
5.685618892312049866e-02
5.058572813868522644e-02
7.224334776401519775e-02
6.845637410879135132e-02
5.960264801979064941e-02
5.597269535064697266e-02
6.929895281791687012e-02
5.360443517565727234e-02
7.911392301321029663e-02
4.493207857012748718e-02
5.725567787885665894e-02
4.667016118764877319e-02
5.312868952751159668e-02
5.717255547642707825e-02
5.595026537775993347e-02
5.429553240537643433e-02
4.697624221444129944e-02
6.773162633180618286e-02
6.367041170597076416e-02
5.365223065018653870e-02
7.526254653930664062e-02
5.437787994742393494e-02
6.169491633772850037e-02
4.930046573281288147e-02
5.579399317502975464e-02
5.784650519490242004e-02
5.270457640290260315e-02
5.464480817317962646e-02
6.802243739366531372e-02
5.195681378245353699e-02
3.910614550113677979e-02
4.548736289143562317e-02
5.005055665969848633e-02
7.240547239780426025e-02
5.861182510852813721e-02
5.834379047155380249e-02
5.306427553296089172e-02
6.825076043605804443e-02
6.851036846637725830e-02
5.484460666775703430e-02
4.646596685051918030e-02
6.896551698446273804e-02
5.472636967897415161e-02
6.375838816165924072e-02
6.696832925081253052e-02
5.542857199907302856e-02
6.519559025764465332e-02
7.572992891073226929e-02
5.281485617160797119e-02
6.692913174629211426e-02
6.134969368577003479e-02
7.692307978868484497e-02
5.832037329673767090e-02
5.908513441681861877e-02
7.067137956619262695e-02
5.657237768173217773e-02
5.345687642693519592e-02
5.829596519470214844e-02
6.930693238973617554e-02
6.447187811136245728e-02
4.988994821906089783e-02
6.988896429538726807e-02
6.588447839021682739e-02
5.053908377885818481e-02
4.615384712815284729e-02
5.872756987810134888e-02
6.216006353497505188e-02
3.934871032834053040e-02
5.776173248887062073e-02
5.497564375400543213e-02
5.924339592456817627e-02
5.412647500634193420e-02
5.919661745429039001e-02
5.135440081357955933e-02
5.405405536293983459e-02
4.714016243815422058e-02
5.475331097841262817e-02
7.752545177936553955e-02
6.833434849977493286e-02
5.246720835566520691e-02
5.706332623958587646e-02
5.405405536293983459e-02
5.396825447678565979e-02
4.539385810494422913e-02
6.448257714509963989e-02
4.761904850602149963e-02
6.099815294146537781e-02
4.798331111669540405e-02
5.129533633589744568e-02
4.958677664399147034e-02
6.948881596326828003e-02
6.920415163040161133e-02
5.708013102412223816e-02
5.680868774652481079e-02
6.369820982217788696e-02
5.469679087400436401e-02
5.952380970120429993e-02
5.810684338212013245e-02
5.914467573165893555e-02
5.199698731303215027e-02
4.730473086237907410e-02
5.502717569470405579e-02
5.940594151616096497e-02
5.230125412344932556e-02
6.134969368577003479e-02
7.263219356536865234e-02
4.806312918663024902e-02
6.477483361959457397e-02
5.808080732822418213e-02
4.870848730206489563e-02
5.961538478732109070e-02
4.551122337579727173e-02
6.649111211299896240e-02
4.912067949771881104e-02
5.220521986484527588e-02
7.132352888584136963e-02
7.376561313867568970e-02
6.284657865762710571e-02
4.857363179326057434e-02
5.779036879539489746e-02
7.098552584648132324e-02
5.628002807497978210e-02
6.048652157187461853e-02
5.472379922866821289e-02
5.393401160836219788e-02
3.912148252129554749e-02
8.359621465206146240e-02
6.104328483343124390e-02
6.108441948890686035e-02
5.720957368612289429e-02
4.587155953049659729e-02
5.671641975641250610e-02
5.919661745429039001e-02
4.776511713862419128e-02
5.141843855381011963e-02
5.998636782169342041e-02
7.017543911933898926e-02
5.529411882162094116e-02
5.806088075041770935e-02
6.218365952372550964e-02
5.710206925868988037e-02
4.981412738561630249e-02
6.384180486202239990e-02
6.291834264993667603e-02
7.281903177499771118e-02
6.575963646173477173e-02
4.855922982096672058e-02
6.738223135471343994e-02
7.296650856733322144e-02
4.934601485729217529e-02
6.001091003417968750e-02
5.432451888918876648e-02
5.460992828011512756e-02
4.878048598766326904e-02
6.241872534155845642e-02
6.842435896396636963e-02
5.313092842698097229e-02
6.490384787321090698e-02
4.490828514099121094e-02
6.382978707551956177e-02
6.273909658193588257e-02
6.387665122747421265e-02
5.612998455762863159e-02
7.367149740457534790e-02
6.919642537832260132e-02
4.801422730088233948e-02
5.614320561289787292e-02
8.648255467414855957e-02
6.913073360919952393e-02
1.091476082801818848e-01
5.926430597901344299e-02
7.256990671157836914e-02
5.496354401111602783e-02
4.852426052093505859e-02
4.750869050621986389e-02
6.640625000000000000e-02
4.193899780511856079e-02
7.210242748260498047e-02
6.002928316593170166e-02
4.395604506134986877e-02
6.848485022783279419e-02
5.836807563900947571e-02
6.429780274629592896e-02
5.177265033125877380e-02
5.999999865889549255e-02
6.956521421670913696e-02
5.129752680659294128e-02
4.888613894581794739e-02
6.692657619714736938e-02
4.647435992956161499e-02
5.109100416302680969e-02
5.391804501414299011e-02
6.239015981554985046e-02
4.153094440698623657e-02
4.636973887681961060e-02
5.024509876966476440e-02
7.007419317960739136e-02
5.430140346288681030e-02
5.502063408493995667e-02
4.899598285555839539e-02
5.257936567068099976e-02
5.745454505085945129e-02
5.717916041612625122e-02
5.424528196454048157e-02
6.218365952372550964e-02
5.332455411553382874e-02
5.282112956047058105e-02
4.807210713624954224e-02
5.905773118138313293e-02
6.112852692604064941e-02
5.280312895774841309e-02
6.253177672624588013e-02
5.747877061367034912e-02
4.553518444299697876e-02
4.776299744844436646e-02
6.136680766940116882e-02
5.551651492714881897e-02
4.887218028306961060e-02
6.901311129331588745e-02
5.711086094379425049e-02
6.978527456521987915e-02
4.752206429839134216e-02
5.313432961702346802e-02
5.829088762402534485e-02
5.508145689964294434e-02
5.219364538788795471e-02
4.278606921434402466e-02
6.402048468589782715e-02
5.427974835038185120e-02
7.113316655158996582e-02
5.211081728339195251e-02
5.278310924768447876e-02
5.411255359649658203e-02
6.051437184214591980e-02
4.873026907444000244e-02
6.604506820440292358e-02
4.899328947067260742e-02
7.605633884668350220e-02
5.592543259263038635e-02
5.847457796335220337e-02
6.577917188405990601e-02
6.687697023153305054e-02
6.272401660680770874e-02
5.890318378806114197e-02
6.020066887140274048e-02
6.184210628271102905e-02
4.586062952876091003e-02
5.011520907282829285e-02
6.200997903943061829e-02
6.125257909297943115e-02
5.930138006806373596e-02
5.280528217554092407e-02
6.024096533656120300e-02
7.045735418796539307e-02
4.845360666513442993e-02
5.291005223989486694e-02
5.795918405055999756e-02
5.882352963089942932e-02
5.328798294067382812e-02
8.449720591306686401e-02
6.454183161258697510e-02
5.398670956492424011e-02
6.197352707386016846e-02
4.769736900925636292e-02
7.753623276948928833e-02
5.481874570250511169e-02
6.159420311450958252e-02
7.196969538927078247e-02
5.704697966575622559e-02
6.124852597713470459e-02
6.222611665725708008e-02
5.000000074505805969e-02
4.583333432674407959e-02
5.427782982587814331e-02
6.488991528749465942e-02
6.208155676722526550e-02
6.502889841794967651e-02
5.480426922440528870e-02
3.464357182383537292e-02
5.629539862275123596e-02
5.498008057475090027e-02
6.139817461371421814e-02
6.443298608064651489e-02
5.403726547956466675e-02
6.308101117610931396e-02
5.384110286831855774e-02
5.719237402081489563e-02
4.643449559807777405e-02
6.638115644454956055e-02
6.067172437906265259e-02
6.150506436824798584e-02
6.391752511262893677e-02
6.108597293496131897e-02
7.206208258867263794e-02
3.235990554094314575e-02
5.720572173595428467e-02
5.868089199066162109e-02
6.044376268982887268e-02
6.638246029615402222e-02
4.954128339886665344e-02
5.182072892785072327e-02
6.399437040090560913e-02
4.447189718484878540e-02
6.803939491510391235e-02
6.239167973399162292e-02
7.872539758682250977e-02
5.893536284565925598e-02
5.755894631147384644e-02
4.895104840397834778e-02
5.105762183666229248e-02
7.223796099424362183e-02
5.462184920907020569e-02
6.212766095995903015e-02
5.921938270330429077e-02
5.720122531056404114e-02
5.863607302308082581e-02
6.838800013065338135e-02
6.385869532823562622e-02
6.848306208848953247e-02
6.210790574550628662e-02
4.459459334611892700e-02
5.595786869525909424e-02
5.999999865889549255e-02
5.377906933426856995e-02
7.967033237218856812e-02
