7.658229370117187500e+02
7.438007202148437500e+02
7.799598388671875000e+02
7.025145263671875000e+02
8.015732421875000000e+02
7.636073608398437500e+02
8.019796142578125000e+02
7.002697143554687500e+02
8.209310302734375000e+02
6.401849365234375000e+02
8.906156005859375000e+02
7.405128173828125000e+02
8.060178833007812500e+02
6.932518920898437500e+02
6.362937622070312500e+02
8.102290649414062500e+02
7.046199951171875000e+02
8.056798095703125000e+02
8.398943481445312500e+02
8.903449707031250000e+02
7.847972412109375000e+02
6.605874023437500000e+02
7.457311401367187500e+02
9.186141967773437500e+02
7.639082641601562500e+02
9.026798095703125000e+02
6.162774047851562500e+02
7.790267333984375000e+02
8.560849609375000000e+02
6.887326660156250000e+02
8.259292602539062500e+02
8.217867431640625000e+02
8.616742553710937500e+02
5.994805908203125000e+02
7.514655761718750000e+02
6.485653686523437500e+02
8.521795654296875000e+02
9.553056030273437500e+02
6.421278686523437500e+02
6.209264526367187500e+02
7.704725952148437500e+02
7.890641479492187500e+02
8.136499633789062500e+02
7.756986083984375000e+02
7.668991699218750000e+02
7.407471923828125000e+02
7.346304931640625000e+02
7.235108032226562500e+02
6.609330444335937500e+02
7.355427246093750000e+02
8.428424072265625000e+02
7.437960205078125000e+02
7.527371826171875000e+02
8.266405639648437500e+02
8.109743652343750000e+02
9.103871459960937500e+02
5.867897338867187500e+02
7.333659667968750000e+02
6.488331909179687500e+02
7.856376953125000000e+02
8.494041137695312500e+02
6.447880249023437500e+02
7.182504272460937500e+02
7.799439086914062500e+02
7.127412109375000000e+02
6.889760131835937500e+02
8.211085205078125000e+02
7.210860595703125000e+02
7.477924804687500000e+02
7.106623535156250000e+02
6.944430541992187500e+02
6.696085815429687500e+02
5.398729858398437500e+02
8.501737670898437500e+02
7.906061401367187500e+02
9.215692749023437500e+02
8.554556884765625000e+02
8.626340332031250000e+02
9.096127319335937500e+02
9.963957519531250000e+02
7.890681762695312500e+02
7.922930908203125000e+02
7.070802001953125000e+02
9.874428100585937500e+02
7.808433837890625000e+02
8.191638793945312500e+02
6.153547973632812500e+02
6.338762207031250000e+02
8.621758422851562500e+02
7.531809692382812500e+02
9.335852050781250000e+02
7.496538085937500000e+02
7.896336669921875000e+02
8.275177001953125000e+02
7.936390380859375000e+02
8.768863525390625000e+02
9.961374511718750000e+02
8.990724487304687500e+02
8.138211669921875000e+02
8.601867065429687500e+02
7.410242309570312500e+02
7.271019287109375000e+02
6.805670776367187500e+02
7.821184692382812500e+02
5.674594116210937500e+02
7.009705810546875000e+02
9.496772460937500000e+02
1.080121215820312500e+03
8.069187011718750000e+02
9.911258544921875000e+02
6.804063110351562500e+02
5.559571533203125000e+02
8.923189697265625000e+02
9.215443725585937500e+02
9.516672363281250000e+02
7.911525268554687500e+02
7.706438598632812500e+02
8.058647460937500000e+02
9.082062377929687500e+02
7.134837646484375000e+02
7.514640502929687500e+02
7.442014770507812500e+02
8.774385375976562500e+02
6.942838134765625000e+02
6.951228637695312500e+02
6.843670654296875000e+02
8.238310546875000000e+02
6.949309692382812500e+02
7.213379516601562500e+02
7.084388427734375000e+02
6.495338745117187500e+02
7.898010864257812500e+02
7.000205688476562500e+02
7.720547485351562500e+02
6.657523193359375000e+02
6.558690795898437500e+02
8.233778076171875000e+02
8.051632080078125000e+02
6.969642333984375000e+02
8.558571166992187500e+02
9.991512451171875000e+02
7.468295288085937500e+02
6.405852661132812500e+02
6.504512939453125000e+02
5.064772644042968750e+02
8.386697998046875000e+02
6.548147583007812500e+02
6.575077514648437500e+02
8.291718139648437500e+02
8.043129882812500000e+02
8.677997436523437500e+02
8.384957885742187500e+02
7.602697143554687500e+02
8.546795654296875000e+02
6.714490356445312500e+02
8.875507202148437500e+02
6.772060546875000000e+02
7.748656616210937500e+02
9.055648193359375000e+02
7.443372192382812500e+02
9.652326049804687500e+02
6.860317993164062500e+02
7.569297485351562500e+02
9.189229125976562500e+02
5.932365112304687500e+02
7.123843994140625000e+02
9.295182495117187500e+02
9.682778930664062500e+02
6.867661132812500000e+02
7.704688110351562500e+02
8.457347412109375000e+02
7.606872558593750000e+02
6.788665771484375000e+02
5.993388061523437500e+02
1.059405029296875000e+03
8.098333740234375000e+02
6.739265136718750000e+02
6.247577514648437500e+02
5.533334960937500000e+02
9.564131469726562500e+02
5.182517700195312500e+02
8.151215209960937500e+02
7.148125610351562500e+02
7.758734741210937500e+02
7.366445312500000000e+02
6.225364990234375000e+02
7.925349121093750000e+02
7.464324951171875000e+02
8.070828247070312500e+02
5.839743652343750000e+02
8.205981445312500000e+02
6.515239868164062500e+02
8.130302734375000000e+02
5.585419921875000000e+02
7.759420776367187500e+02
8.296270751953125000e+02
9.628322143554687500e+02
7.936080932617187500e+02
7.664979858398437500e+02
9.568163452148437500e+02
9.641910400390625000e+02
6.641831054687500000e+02
7.824906005859375000e+02
5.055355224609375000e+02
6.930748901367187500e+02
9.714022827148437500e+02
8.046087036132812500e+02
5.984085693359375000e+02
7.019893188476562500e+02
6.806789550781250000e+02
8.627947998046875000e+02
7.701280517578125000e+02
5.876237182617187500e+02
8.665154418945312500e+02
8.010154418945312500e+02
7.439544677734375000e+02
7.783933105468750000e+02
8.022907714843750000e+02
8.529013061523437500e+02
8.454476318359375000e+02
7.436545410156250000e+02
7.553576049804687500e+02
7.147625122070312500e+02
7.393230590820312500e+02
9.010818481445312500e+02
7.364581909179687500e+02
7.837878417968750000e+02
5.628486328125000000e+02
8.278900756835937500e+02
8.508839721679687500e+02
7.730549926757812500e+02
7.953707885742187500e+02
6.465385742187500000e+02
9.172673339843750000e+02
4.980748291015625000e+02
8.808869018554687500e+02
6.030703735351562500e+02
6.073708496093750000e+02
7.449516601562500000e+02
8.677763671875000000e+02
9.627552490234375000e+02
9.741446533203125000e+02
7.378716430664062500e+02
5.387990112304687500e+02
7.958610229492187500e+02
8.122172241210937500e+02
8.776771240234375000e+02
7.602406005859375000e+02
8.276636352539062500e+02
7.871012573242187500e+02
1.029682373046875000e+03
7.970498657226562500e+02
9.213104248046875000e+02
8.084689331054687500e+02
9.386774902343750000e+02
8.290102539062500000e+02
8.049272460937500000e+02
6.093833007812500000e+02
7.597520751953125000e+02
7.734496459960937500e+02
8.245385742187500000e+02
7.195480346679687500e+02
8.487943115234375000e+02
9.732089233398437500e+02
8.747701416015625000e+02
8.136237792968750000e+02
7.765364379882812500e+02
7.271094360351562500e+02
6.728165283203125000e+02
7.782694091796875000e+02
6.724028930664062500e+02
8.996281127929687500e+02
9.020003051757812500e+02
8.633853149414062500e+02
7.820707397460937500e+02
6.109944458007812500e+02
6.767247924804687500e+02
8.422302856445312500e+02
6.809201049804687500e+02
7.655845947265625000e+02
9.393787841796875000e+02
8.156555786132812500e+02
5.323092651367187500e+02
9.257398681640625000e+02
8.507122802734375000e+02
6.169038085937500000e+02
9.013150634765625000e+02
5.875084228515625000e+02
6.354534301757812500e+02
9.304957885742187500e+02
8.696336669921875000e+02
7.088285522460937500e+02
8.194317626953125000e+02
6.938044433593750000e+02
6.923760986328125000e+02
8.252070312500000000e+02
6.590605468750000000e+02
7.133889160156250000e+02
7.896485595703125000e+02
8.674890747070312500e+02
7.556716918945312500e+02
7.767462768554687500e+02
7.920932617187500000e+02
7.902511596679687500e+02
6.496374511718750000e+02
8.387045288085937500e+02
9.242060546875000000e+02
5.176257934570312500e+02
8.344824829101562500e+02
9.238086547851562500e+02
5.760269165039062500e+02
7.512312622070312500e+02
7.910029296875000000e+02
6.738615722656250000e+02
6.613215332031250000e+02
6.843768310546875000e+02
7.165045776367187500e+02
7.583600463867187500e+02
6.021087646484375000e+02
6.944564208984375000e+02
8.596839599609375000e+02
8.650762329101562500e+02
7.210136108398437500e+02
8.493847656250000000e+02
8.486624145507812500e+02
8.224397583007812500e+02
7.433787231445312500e+02
8.971636962890625000e+02
6.889719238281250000e+02
8.822627563476562500e+02
8.433795776367187500e+02
8.836108398437500000e+02
5.672774047851562500e+02
8.358952026367187500e+02
8.976557617187500000e+02
8.581350097656250000e+02
4.913454895019531250e+02
7.142830810546875000e+02
8.759300537109375000e+02
7.923679199218750000e+02
6.518770751953125000e+02
8.976519775390625000e+02
6.649370727539062500e+02
8.988456420898437500e+02
5.768172607421875000e+02
1.026882080078125000e+03
9.043202514648437500e+02
8.178973999023437500e+02
6.153486938476562500e+02
6.612163696289062500e+02
7.327388916015625000e+02
8.815953369140625000e+02
8.834189453125000000e+02
8.609567871093750000e+02
6.344429931640625000e+02
8.275687866210937500e+02
6.651317138671875000e+02
8.734970092773437500e+02
9.137666625976562500e+02
7.981115112304687500e+02
6.256237182617187500e+02
8.042210693359375000e+02
7.846187133789062500e+02
8.451690063476562500e+02
8.141962890625000000e+02
6.984133911132812500e+02
7.880569458007812500e+02
5.984935913085937500e+02
5.830059204101562500e+02
6.181457519531250000e+02
1.001702453613281250e+03
7.692579956054687500e+02
9.096057739257812500e+02
6.621101684570312500e+02
7.374262084960937500e+02
7.494525756835937500e+02
6.829262695312500000e+02
9.856832275390625000e+02
8.358294067382812500e+02
4.894855346679687500e+02
7.217377319335937500e+02
8.397029418945312500e+02
8.874983520507812500e+02
9.370373535156250000e+02
1.053373046875000000e+03
8.199670410156250000e+02
6.349988403320312500e+02
8.441762695312500000e+02
7.630914306640625000e+02
7.730363769531250000e+02
8.092704467773437500e+02
6.060752563476562500e+02
7.804789428710937500e+02
7.271561279296875000e+02
9.898602905273437500e+02
9.698811645507812500e+02
7.619359130859375000e+02
7.303934936523437500e+02
7.252760009765625000e+02
6.599936523437500000e+02
6.739319458007812500e+02
7.578276977539062500e+02
5.473047485351562500e+02
5.606637573242187500e+02
6.845600585937500000e+02
6.632615966796875000e+02
6.313502807617187500e+02
7.746711425781250000e+02
6.462921142578125000e+02
7.914163818359375000e+02
7.789315795898437500e+02
6.450534667968750000e+02
7.751374511718750000e+02
8.426542358398437500e+02
6.692891845703125000e+02
4.680602111816406250e+02
7.690746459960937500e+02
6.440668945312500000e+02
7.208303222656250000e+02
7.674321289062500000e+02
7.019019775390625000e+02
6.916411743164062500e+02
7.971248779296875000e+02
9.014458007812500000e+02
8.928395996093750000e+02
6.923036499023437500e+02
6.426843872070312500e+02
7.149914550781250000e+02
7.545140380859375000e+02
6.100148315429687500e+02
8.627260131835937500e+02
8.819854736328125000e+02
5.109526367187500000e+02
8.175247192382812500e+02
5.911824951171875000e+02
7.244686279296875000e+02
8.937373046875000000e+02
8.995894165039062500e+02
7.550759277343750000e+02
7.639294433593750000e+02
8.032349243164062500e+02
6.995316772460937500e+02
6.019606323242187500e+02
7.761311645507812500e+02
6.590170288085937500e+02
5.459794311523437500e+02
6.392882080078125000e+02
6.736181640625000000e+02
9.947261352539062500e+02
8.748150634765625000e+02
9.926860961914062500e+02
8.112974853515625000e+02
8.158162231445312500e+02
9.336415405273437500e+02
7.540748291015625000e+02
9.612406616210937500e+02
6.347400512695312500e+02
7.886181640625000000e+02
7.233745727539062500e+02
8.432658691406250000e+02
6.779077758789062500e+02
7.957917480468750000e+02
6.869501953125000000e+02
9.628015747070312500e+02
1.049071044921875000e+03
6.016011962890625000e+02
6.441397094726562500e+02
6.695105590820312500e+02
9.381751708984375000e+02
6.597886962890625000e+02
7.730358276367187500e+02
7.459494628906250000e+02
7.475275268554687500e+02
8.872890625000000000e+02
4.829461975097656250e+02
9.221169433593750000e+02
7.146978759765625000e+02
9.051452026367187500e+02
7.827934570312500000e+02
7.308789062500000000e+02
7.532666015625000000e+02
6.566233520507812500e+02
9.293807983398437500e+02
9.730902099609375000e+02
9.179785766601562500e+02
7.215615234375000000e+02
8.070122070312500000e+02
7.208543701171875000e+02
8.710264282226562500e+02
1.002602783203125000e+03
8.256604614257812500e+02
8.229360351562500000e+02
7.721895141601562500e+02
6.508142700195312500e+02
7.099445190429687500e+02
7.140645141601562500e+02
6.837811279296875000e+02
7.284667358398437500e+02
8.428850708007812500e+02
7.256503906250000000e+02
9.176204833984375000e+02
7.071941528320312500e+02
9.149249877929687500e+02
7.219161987304687500e+02
9.178015136718750000e+02
6.493490600585937500e+02
4.970440979003906250e+02
7.018944702148437500e+02
7.327077636718750000e+02
8.683836669921875000e+02
8.112257080078125000e+02
7.873396606445312500e+02
7.593730468750000000e+02
6.566100463867187500e+02
6.794624023437500000e+02
8.093772583007812500e+02
7.217450561523437500e+02
7.697463378906250000e+02
7.461846313476562500e+02
8.028246459960937500e+02
7.550489501953125000e+02
7.931409301757812500e+02
7.537997436523437500e+02
9.270971679687500000e+02
5.679673461914062500e+02
6.837914428710937500e+02
6.488716430664062500e+02
4.660596313476562500e+02
8.401067504882812500e+02
6.001121826171875000e+02
7.471389770507812500e+02
9.448867187500000000e+02
6.422132568359375000e+02
6.536752929687500000e+02
7.452362670898437500e+02
8.605764770507812500e+02
7.706694946289062500e+02
6.093651733398437500e+02
8.661865844726562500e+02
7.904687500000000000e+02
7.159879760742187500e+02
7.145239868164062500e+02
7.464287719726562500e+02
6.863367919921875000e+02
7.506187744140625000e+02
8.183114624023437500e+02
9.219560546875000000e+02
7.450144042968750000e+02
8.175180664062500000e+02
8.147523803710937500e+02
8.918921508789062500e+02
8.104745483398437500e+02
9.101065673828125000e+02
7.695038452148437500e+02
6.922514038085937500e+02
9.681668701171875000e+02
8.826950683593750000e+02
7.212060546875000000e+02
6.211788940429687500e+02
9.003051757812500000e+02
7.364258422851562500e+02
5.892333984375000000e+02
7.581696777343750000e+02
7.962050781250000000e+02
8.505198364257812500e+02
6.222392578125000000e+02
7.741569824218750000e+02
6.558748779296875000e+02
9.647472534179687500e+02
7.521755981445312500e+02
8.651148681640625000e+02
8.722369995117187500e+02
9.198226318359375000e+02
7.123703613281250000e+02
7.753212890625000000e+02
9.181104125976562500e+02
7.819550170898437500e+02
7.601936645507812500e+02
6.267449951171875000e+02
1.028786499023437500e+03
7.750644531250000000e+02
7.994465332031250000e+02
7.886436767578125000e+02
6.070788574218750000e+02
6.198460083007812500e+02
9.689002685546875000e+02
7.080013427734375000e+02
6.710965576171875000e+02
6.353193359375000000e+02
6.009583129882812500e+02
7.423336181640625000e+02
8.349436035156250000e+02
9.066873168945312500e+02
7.890433349609375000e+02
7.644434814453125000e+02
7.830189208984375000e+02
7.755932617187500000e+02
8.057281494140625000e+02
5.200025024414062500e+02
8.558461914062500000e+02
8.491041259765625000e+02
8.914848022460937500e+02
6.398209228515625000e+02
8.705928955078125000e+02
7.724897460937500000e+02
8.698062133789062500e+02
7.634746704101562500e+02
7.955096435546875000e+02
9.051102294921875000e+02
7.925030517578125000e+02
6.852952270507812500e+02
5.956151123046875000e+02
8.175987548828125000e+02
7.821142578125000000e+02
8.193553466796875000e+02
6.154067993164062500e+02
8.325986938476562500e+02
7.520565185546875000e+02
9.073338623046875000e+02
8.820731811523437500e+02
6.262641601562500000e+02
8.099215087890625000e+02
8.810509643554687500e+02
6.985546875000000000e+02
9.723288574218750000e+02
7.856673583984375000e+02
8.757069702148437500e+02
6.695555419921875000e+02
8.226076049804687500e+02
8.041899414062500000e+02
6.492168579101562500e+02
1.096194213867187500e+03
9.197503662109375000e+02
6.341599121093750000e+02
8.209568481445312500e+02
7.268015747070312500e+02
5.879011840820312500e+02
8.010441284179687500e+02
7.776784057617187500e+02
7.936276855468750000e+02
6.679859619140625000e+02
8.187257690429687500e+02
7.947199707031250000e+02
8.498710327148437500e+02
7.828539428710937500e+02
7.544527587890625000e+02
7.320258789062500000e+02
6.829519653320312500e+02
7.559103393554687500e+02
7.898689575195312500e+02
6.959750976562500000e+02
8.031685180664062500e+02
6.296626586914062500e+02
7.539897460937500000e+02
7.123072509765625000e+02
8.328090820312500000e+02
7.929505615234375000e+02
7.210001220703125000e+02
7.223556518554687500e+02
8.662956542968750000e+02
8.544786987304687500e+02
8.779562988281250000e+02
7.120653076171875000e+02
7.604525756835937500e+02
7.821611938476562500e+02
5.111625366210937500e+02
7.008833007812500000e+02
7.462923583984375000e+02
7.147223510742187500e+02
6.666982421875000000e+02
8.845872802734375000e+02
9.162590332031250000e+02
5.724024047851562500e+02
8.044550781250000000e+02
8.752426757812500000e+02
7.213200683593750000e+02
8.485857543945312500e+02
7.397020263671875000e+02
5.835686035156250000e+02
6.149794921875000000e+02
6.869490356445312500e+02
8.929564819335937500e+02
8.082400512695312500e+02
8.984222412109375000e+02
6.353482055664062500e+02
7.714072265625000000e+02
7.824357910156250000e+02
7.761083374023437500e+02
7.454198608398437500e+02
8.643238525390625000e+02
8.291849365234375000e+02
7.739447021484375000e+02
8.439265136718750000e+02
1.014423522949218750e+03
7.445686645507812500e+02
8.621632080078125000e+02
8.065844116210937500e+02
7.008397216796875000e+02
7.894898071289062500e+02
8.242516479492187500e+02
6.780901489257812500e+02
6.315773315429687500e+02
7.190755615234375000e+02
9.675737915039062500e+02
6.151431274414062500e+02
9.768494262695312500e+02
6.944978027343750000e+02
8.661644287109375000e+02
7.320042114257812500e+02
9.108715820312500000e+02
7.762859497070312500e+02
8.206097412109375000e+02
8.612902221679687500e+02
6.657183227539062500e+02
9.659299316406250000e+02
6.984138793945312500e+02
1.024178100585937500e+03
8.691188964843750000e+02
6.713251342773437500e+02
7.787006225585937500e+02
7.111910400390625000e+02
9.556166992187500000e+02
7.792256469726562500e+02
7.890408325195312500e+02
8.044521484375000000e+02
7.523170776367187500e+02
8.117553100585937500e+02
8.300735473632812500e+02
7.747196655273437500e+02
8.753386230468750000e+02
7.917517089843750000e+02
8.924390869140625000e+02
6.774105224609375000e+02
5.790103149414062500e+02
7.716290283203125000e+02
7.578529663085937500e+02
6.718437500000000000e+02
9.051820068359375000e+02
7.897425537109375000e+02
8.104403076171875000e+02
8.651239013671875000e+02
6.997819213867187500e+02
9.573151855468750000e+02
7.339059448242187500e+02
6.735700073242187500e+02
8.670096435546875000e+02
8.087692871093750000e+02
1.009552490234375000e+03
6.528176879882812500e+02
8.072061767578125000e+02
6.270678710937500000e+02
7.112434082031250000e+02
8.231624145507812500e+02
9.317663574218750000e+02
9.362451171875000000e+02
9.777238769531250000e+02
5.175620727539062500e+02
7.494697265625000000e+02
6.457387695312500000e+02
9.817318725585937500e+02
1.010184814453125000e+03
7.727739257812500000e+02
8.170297851562500000e+02
8.575537719726562500e+02
7.523862304687500000e+02
7.736775512695312500e+02
7.502429199218750000e+02
8.459752807617187500e+02
7.323234252929687500e+02
7.583472900390625000e+02
8.392319335937500000e+02
8.438098754882812500e+02
8.303595581054687500e+02
7.177457885742187500e+02
8.473129272460937500e+02
7.905655517578125000e+02
8.181641235351562500e+02
6.243415527343750000e+02
9.299665527343750000e+02
8.115893554687500000e+02
5.551721801757812500e+02
7.253491210937500000e+02
8.425109252929687500e+02
8.822434692382812500e+02
7.981747436523437500e+02
7.611618041992187500e+02
7.793441162109375000e+02
7.564962158203125000e+02
7.693630371093750000e+02
7.863745117187500000e+02
6.501417846679687500e+02
8.860445556640625000e+02
7.955054321289062500e+02
7.560336303710937500e+02
8.320699462890625000e+02
8.969965820312500000e+02
6.492700195312500000e+02
6.243051757812500000e+02
7.859331054687500000e+02
8.501280517578125000e+02
8.875172119140625000e+02
5.796597900390625000e+02
7.234018554687500000e+02
7.796148071289062500e+02
7.595870971679687500e+02
7.889291992187500000e+02
6.505582275390625000e+02
8.075974121093750000e+02
7.125549316406250000e+02
8.202273559570312500e+02
7.695159912109375000e+02
8.805106811523437500e+02
7.749320678710937500e+02
6.949020385742187500e+02
7.484263305664062500e+02
9.254268188476562500e+02
9.273190917968750000e+02
8.423929443359375000e+02
7.863176269531250000e+02
7.451931152343750000e+02
6.700953979492187500e+02
8.475970458984375000e+02
8.298555908203125000e+02
6.675410156250000000e+02
7.644661254882812500e+02
7.994868774414062500e+02
8.401514282226562500e+02
7.111610717773437500e+02
7.841398925781250000e+02
5.569018554687500000e+02
7.465762939453125000e+02
6.307160644531250000e+02
7.457290039062500000e+02
1.002147460937500000e+03
7.589294433593750000e+02
9.837463989257812500e+02
7.896841430664062500e+02
9.548103637695312500e+02
7.070412597656250000e+02
8.150337524414062500e+02
7.062723388671875000e+02
6.344024047851562500e+02
7.541710815429687500e+02
6.560101928710937500e+02
8.238742675781250000e+02
7.501774291992187500e+02
4.910400390625000000e+02
7.446486206054687500e+02
6.881683349609375000e+02
1.082919555664062500e+03
7.412805786132812500e+02
9.847445068359375000e+02
9.148763427734375000e+02
4.771347961425781250e+02
6.550923461914062500e+02
7.406694335937500000e+02
6.887403564453125000e+02
7.941013183593750000e+02
9.729070434570312500e+02
6.618552856445312500e+02
6.747623291015625000e+02
6.846569213867187500e+02
6.003442382812500000e+02
7.412974853515625000e+02
7.995371093750000000e+02
6.533853149414062500e+02
7.451358032226562500e+02
7.428193969726562500e+02
8.902373657226562500e+02
7.970040893554687500e+02
8.052482299804687500e+02
5.676561889648437500e+02
9.306412353515625000e+02
5.599436035156250000e+02
6.460085449218750000e+02
7.375731201171875000e+02
9.838277587890625000e+02
6.712096557617187500e+02
6.790847778320312500e+02
8.014382934570312500e+02
9.209636840820312500e+02
7.893531494140625000e+02
5.724035034179687500e+02
6.606866455078125000e+02
6.582540283203125000e+02
7.087901611328125000e+02
9.682227783203125000e+02
6.832183227539062500e+02
8.496600952148437500e+02
7.543125610351562500e+02
6.132550659179687500e+02
8.857318115234375000e+02
7.231712036132812500e+02
6.542989501953125000e+02
6.730174560546875000e+02
7.056216430664062500e+02
6.651603393554687500e+02
8.448799438476562500e+02
6.147692871093750000e+02
6.944118652343750000e+02
6.213757934570312500e+02
6.682600097656250000e+02
7.441226196289062500e+02
5.644802856445312500e+02
7.819227905273437500e+02
7.933220214843750000e+02
6.376032714843750000e+02
8.799259033203125000e+02
7.859174804687500000e+02
8.180524291992187500e+02
1.006701049804687500e+03
9.705290527343750000e+02
7.598572387695312500e+02
7.646906738281250000e+02
8.061481933593750000e+02
6.284547729492187500e+02
6.371508789062500000e+02
6.734721679687500000e+02
6.034282836914062500e+02
8.314896240234375000e+02
7.608692626953125000e+02
9.441015625000000000e+02
5.991939697265625000e+02
7.326827392578125000e+02
7.683656616210937500e+02
7.518916625976562500e+02
8.434752807617187500e+02
8.847077636718750000e+02
7.547575073242187500e+02
9.229690551757812500e+02
9.099658813476562500e+02
8.212597656250000000e+02
6.754810180664062500e+02
8.158665771484375000e+02
8.312943115234375000e+02
7.573693237304687500e+02
6.445015258789062500e+02
7.571350097656250000e+02
6.150264892578125000e+02
7.857810668945312500e+02
6.801910400390625000e+02
6.058530883789062500e+02
9.616547241210937500e+02
7.652714233398437500e+02
8.331268920898437500e+02
9.390177001953125000e+02
8.975020141601562500e+02
7.652872314453125000e+02
8.464714355468750000e+02
6.557905273437500000e+02
8.354771728515625000e+02
7.380170898437500000e+02
6.295380859375000000e+02
8.413071899414062500e+02
5.908472900390625000e+02
8.996995239257812500e+02
8.108215942382812500e+02
6.038905029296875000e+02
8.121918334960937500e+02
7.899349975585937500e+02
8.591420898437500000e+02
6.740084838867187500e+02
7.718449707031250000e+02
8.402850341796875000e+02
6.324014282226562500e+02
9.505693969726562500e+02
7.208895874023437500e+02
8.319275512695312500e+02
8.988818969726562500e+02
7.496965332031250000e+02
5.448547363281250000e+02
9.774562988281250000e+02
7.176932983398437500e+02
7.526484375000000000e+02
6.996394042968750000e+02
7.887069702148437500e+02
7.683125610351562500e+02
7.409227905273437500e+02
9.019033203125000000e+02
7.883411254882812500e+02
7.491979370117187500e+02
1.052489257812500000e+03
6.344516601562500000e+02
7.621006469726562500e+02
6.719808349609375000e+02
9.213980102539062500e+02
9.007495727539062500e+02
8.465124511718750000e+02
8.717382202148437500e+02
6.873392333984375000e+02
5.933840942382812500e+02
9.267442626953125000e+02
6.970612792968750000e+02
8.187822265625000000e+02
9.382782592773437500e+02
7.634590454101562500e+02
7.851089477539062500e+02
5.586964111328125000e+02
8.502770996093750000e+02
6.077871093750000000e+02
5.717999267578125000e+02
8.659000244140625000e+02
8.589031982421875000e+02
8.425234985351562500e+02
6.878350830078125000e+02
6.731192016601562500e+02
6.080589599609375000e+02
7.289680786132812500e+02
4.520425720214843750e+02
6.929125366210937500e+02
7.401307983398437500e+02
8.986511840820312500e+02
6.424703369140625000e+02
1.026025756835937500e+03
7.585289916992187500e+02
7.043616333007812500e+02
8.583350830078125000e+02
6.458366088867187500e+02
6.701913452148437500e+02
6.090832519531250000e+02
9.977153930664062500e+02
7.829427490234375000e+02
9.261538696289062500e+02
8.801878662109375000e+02
8.410840454101562500e+02
8.021524658203125000e+02
6.885668945312500000e+02
7.441577758789062500e+02
8.021985473632812500e+02
7.833022460937500000e+02
8.758178100585937500e+02
8.163129882812500000e+02
8.186669921875000000e+02
7.018510131835937500e+02
8.249699096679687500e+02
7.381838989257812500e+02
8.966722412109375000e+02
7.217239990234375000e+02
1.045313110351562500e+03
7.730039062500000000e+02
8.045959472656250000e+02
7.449287719726562500e+02
7.094979248046875000e+02
6.418276367187500000e+02
9.079514770507812500e+02
7.129305419921875000e+02
6.472705078125000000e+02
8.580207519531250000e+02
9.971530761718750000e+02
7.728782958984375000e+02
6.768904418945312500e+02
7.146887207031250000e+02
6.664177856445312500e+02
8.688367919921875000e+02
7.851447753906250000e+02
6.944808349609375000e+02
7.880712280273437500e+02
8.987661132812500000e+02
6.985764770507812500e+02
8.234711303710937500e+02
8.833039550781250000e+02
6.783635253906250000e+02
8.145297241210937500e+02
9.168979492187500000e+02
8.002581787109375000e+02
7.206338500976562500e+02
6.784791870117187500e+02
8.990687255859375000e+02
7.204284057617187500e+02
8.582280883789062500e+02
6.138027954101562500e+02
6.828792114257812500e+02
7.878410034179687500e+02
7.534174194335937500e+02
9.492255249023437500e+02
8.062958984375000000e+02
7.185946044921875000e+02
7.697738647460937500e+02
7.595410156250000000e+02
6.498408203125000000e+02
7.362662353515625000e+02
6.205957641601562500e+02
7.346093139648437500e+02
7.032980957031250000e+02
7.006002197265625000e+02
8.652449951171875000e+02
9.113971557617187500e+02
7.885315551757812500e+02
8.193934326171875000e+02
6.439968261718750000e+02
7.763492431640625000e+02
8.570281372070312500e+02
7.399459228515625000e+02
9.330576782226562500e+02
8.222509765625000000e+02
1.030532226562500000e+03
7.400507812500000000e+02
8.365562744140625000e+02
7.431372070312500000e+02
8.783629150390625000e+02
6.820007324218750000e+02
7.918558349609375000e+02
7.428521728515625000e+02
9.035007324218750000e+02
8.327524414062500000e+02
7.062239990234375000e+02
7.983845214843750000e+02
7.279730834960937500e+02
9.058358154296875000e+02
7.161616210937500000e+02
7.537842407226562500e+02
8.560315551757812500e+02
7.323655395507812500e+02
8.347521972656250000e+02
5.684571533203125000e+02
7.977398071289062500e+02
9.796964111328125000e+02
6.550209960937500000e+02
9.734713134765625000e+02
8.869453125000000000e+02
7.651633911132812500e+02
6.394517211914062500e+02
8.880775146484375000e+02
6.711580810546875000e+02
8.487567138671875000e+02
8.329851074218750000e+02
7.176020507812500000e+02
7.153588256835937500e+02
9.096878662109375000e+02
8.267590942382812500e+02
6.815765380859375000e+02
8.628522949218750000e+02
8.197844848632812500e+02
8.636209106445312500e+02
5.805148315429687500e+02
6.195100708007812500e+02
5.703474121093750000e+02
8.197029418945312500e+02
5.208649902343750000e+02
8.599537353515625000e+02
6.952006225585937500e+02
8.598085327148437500e+02
7.528146972656250000e+02
7.611155395507812500e+02
7.967474365234375000e+02
7.403609619140625000e+02
8.161699829101562500e+02
7.825999145507812500e+02
5.494498291015625000e+02
7.691453857421875000e+02
9.301456298828125000e+02
7.555220336914062500e+02
8.508904418945312500e+02
7.501162719726562500e+02
8.396202392578125000e+02
7.539207763671875000e+02
8.853899536132812500e+02
8.732800292968750000e+02
7.831444702148437500e+02
6.853056030273437500e+02
6.957717895507812500e+02
8.950743408203125000e+02
8.722929687500000000e+02
8.874061279296875000e+02
8.691330566406250000e+02
7.329859008789062500e+02
7.553117675781250000e+02
6.846635131835937500e+02
7.355050659179687500e+02
6.930853881835937500e+02
6.835487060546875000e+02
9.384025878906250000e+02
8.144464111328125000e+02
6.406400756835937500e+02
7.828616333007812500e+02
8.136424560546875000e+02
6.079863281250000000e+02
8.510186767578125000e+02
9.861499633789062500e+02
7.316588745117187500e+02
7.429968261718750000e+02
8.064945068359375000e+02
7.383272705078125000e+02
8.895955810546875000e+02
5.936530761718750000e+02
9.291799316406250000e+02
7.914916992187500000e+02
6.458258666992187500e+02
6.039234008789062500e+02
8.190858764648437500e+02
9.572794189453125000e+02
8.603367919921875000e+02
7.121419067382812500e+02
6.194727172851562500e+02
7.124136962890625000e+02
8.510866088867187500e+02
7.053979492187500000e+02
7.000156860351562500e+02
8.436850585937500000e+02
7.210764160156250000e+02
6.927866210937500000e+02
7.461117553710937500e+02
6.985932006835937500e+02
7.132590942382812500e+02
7.718465576171875000e+02
6.194468383789062500e+02
4.739688110351562500e+02
8.143267822265625000e+02
7.184163208007812500e+02
7.958822631835937500e+02
7.276908569335937500e+02
7.492703247070312500e+02
7.028378906250000000e+02
7.027877807617187500e+02
7.371401367187500000e+02
5.317367553710937500e+02
5.388889770507812500e+02
7.994787597656250000e+02
1.001580932617187500e+03
5.777960815429687500e+02
8.083995361328125000e+02
9.593515625000000000e+02
7.034465332031250000e+02
6.447636108398437500e+02
7.780417480468750000e+02
7.403485717773437500e+02
7.762553710937500000e+02
8.030725097656250000e+02
7.763363037109375000e+02
7.082009277343750000e+02
7.583928833007812500e+02
7.461828002929687500e+02
7.262976074218750000e+02
7.565883178710937500e+02
8.816497192382812500e+02
7.873129272460937500e+02
8.503095092773437500e+02
6.786599121093750000e+02
1.011255737304687500e+03
9.026307983398437500e+02
8.049901123046875000e+02
6.918793945312500000e+02
9.744944458007812500e+02
9.491119384765625000e+02
7.769140625000000000e+02
7.564577636718750000e+02
7.116632080078125000e+02
6.652235717773437500e+02
9.546605834960937500e+02
8.296851806640625000e+02
6.350740966796875000e+02
6.857684326171875000e+02
8.250202636718750000e+02
6.562438354492187500e+02
8.876858520507812500e+02
8.329850463867187500e+02
8.423136596679687500e+02
6.013720703125000000e+02
7.783782958984375000e+02
8.602126464843750000e+02
8.010292358398437500e+02
6.800299072265625000e+02
7.774786376953125000e+02
8.436337890625000000e+02
6.049760131835937500e+02
6.697130737304687500e+02
9.431900024414062500e+02
6.709529418945312500e+02
6.213653564453125000e+02
7.954095458984375000e+02
7.835741577148437500e+02
8.360958862304687500e+02
7.097646484375000000e+02
8.355153808593750000e+02
7.746207275390625000e+02
7.452156372070312500e+02
6.150719604492187500e+02
7.608147583007812500e+02
7.888640747070312500e+02
8.909356689453125000e+02
7.546917114257812500e+02
8.845194091796875000e+02
6.233046875000000000e+02
6.071774291992187500e+02
7.640147094726562500e+02
8.020239868164062500e+02
8.596549682617187500e+02
4.624027404785156250e+02
5.187233886718750000e+02
7.420631103515625000e+02
7.018028564453125000e+02
7.721199951171875000e+02
9.069822998046875000e+02
8.061184692382812500e+02
6.697719726562500000e+02
5.857216186523437500e+02
7.712951660156250000e+02
7.330949096679687500e+02
1.018837646484375000e+03
7.934735107421875000e+02
9.196911621093750000e+02
8.963385009765625000e+02
7.089656372070312500e+02
8.449996948242187500e+02
9.927320556640625000e+02
8.159653320312500000e+02
7.488772583007812500e+02
6.985623168945312500e+02
7.621937255859375000e+02
8.878638305664062500e+02
8.406566162109375000e+02
6.744556274414062500e+02
9.752989501953125000e+02
7.720393676757812500e+02
8.363864135742187500e+02
7.272503662109375000e+02
9.112211914062500000e+02
6.903961181640625000e+02
1.027517089843750000e+03
8.793286743164062500e+02
7.701918945312500000e+02
6.475026855468750000e+02
5.855619506835937500e+02
6.793560180664062500e+02
8.653392944335937500e+02
7.558769531250000000e+02
6.563607177734375000e+02
6.740137329101562500e+02
7.260089721679687500e+02
8.744616699218750000e+02
8.625668945312500000e+02
8.089127197265625000e+02
1.029905883789062500e+03
8.438340454101562500e+02
8.002067871093750000e+02
8.200766601562500000e+02
7.313035278320312500e+02
7.212064819335937500e+02
5.996484375000000000e+02
9.140355834960937500e+02
8.748317260742187500e+02
7.537019653320312500e+02
8.598651733398437500e+02
6.217826538085937500e+02
6.343239135742187500e+02
8.830209960937500000e+02
6.851451416015625000e+02
8.076132202148437500e+02
6.764144897460937500e+02
7.268111572265625000e+02
6.433958740234375000e+02
6.624895629882812500e+02
6.427817993164062500e+02
7.699099731445312500e+02
7.775681762695312500e+02
7.662282714843750000e+02
7.864916992187500000e+02
8.576174316406250000e+02
5.982904052734375000e+02
6.908213500976562500e+02
8.339295654296875000e+02
7.254166259765625000e+02
8.524229736328125000e+02
6.619148559570312500e+02
7.319644775390625000e+02
7.651112060546875000e+02
8.275103759765625000e+02
8.656422729492187500e+02
9.584686889648437500e+02
5.374448852539062500e+02
6.421713867187500000e+02
7.356672363281250000e+02
7.281115112304687500e+02
7.412457885742187500e+02
8.519024658203125000e+02
9.159688110351562500e+02
8.838843994140625000e+02
6.707221679687500000e+02
6.537904052734375000e+02
8.133153686523437500e+02
6.440352783203125000e+02
9.184984130859375000e+02
1.035007568359375000e+03
9.000524902343750000e+02
6.647533569335937500e+02
7.158509521484375000e+02
5.813358154296875000e+02
7.823264770507812500e+02
8.608869018554687500e+02
6.776618041992187500e+02
8.739182739257812500e+02
8.216948852539062500e+02
1.003854553222656250e+03
5.720546875000000000e+02
9.381763916015625000e+02
7.509774780273437500e+02
6.558197631835937500e+02
7.743008422851562500e+02
9.391886596679687500e+02
7.086882934570312500e+02
8.099178466796875000e+02
8.425660400390625000e+02
5.893737182617187500e+02
7.886738281250000000e+02
7.220553588867187500e+02
9.355897216796875000e+02
6.643032226562500000e+02
7.203040771484375000e+02
8.754011230468750000e+02
6.868438720703125000e+02
8.750179443359375000e+02
8.370726928710937500e+02
6.214472656250000000e+02
7.222801513671875000e+02
7.739216308593750000e+02
7.592857666015625000e+02
7.925778808593750000e+02
8.126378173828125000e+02
6.208630371093750000e+02
8.459832153320312500e+02
6.667846069335937500e+02
8.620672607421875000e+02
5.831458740234375000e+02
7.697998046875000000e+02
7.912034912109375000e+02
6.317730102539062500e+02
7.356574707031250000e+02
8.207928466796875000e+02
5.617901611328125000e+02
9.529136352539062500e+02
7.195596923828125000e+02
9.102656250000000000e+02
6.976757812500000000e+02
6.630469360351562500e+02
6.896901245117187500e+02
9.295168457031250000e+02
8.168107299804687500e+02
7.268815917968750000e+02
8.415375366210937500e+02
8.721195678710937500e+02
1.022296142578125000e+03
6.020838012695312500e+02
6.121085205078125000e+02
7.341219482421875000e+02
8.627536010742187500e+02
8.334543457031250000e+02
8.300615234375000000e+02
8.159465942382812500e+02
6.919165039062500000e+02
7.268936767578125000e+02
7.857352905273437500e+02
8.729968261718750000e+02
7.594458007812500000e+02
6.220368041992187500e+02
7.520852050781250000e+02
6.136535034179687500e+02
8.697584228515625000e+02
9.375137939453125000e+02
8.606737670898437500e+02
8.941695556640625000e+02
8.287017211914062500e+02
6.953804931640625000e+02
7.158469848632812500e+02
7.568896484375000000e+02
1.008189697265625000e+03
7.410515136718750000e+02
7.174195556640625000e+02
7.168537597656250000e+02
9.909155273437500000e+02
7.314631958007812500e+02
7.929741210937500000e+02
8.897243041992187500e+02
8.883173217773437500e+02
6.893347778320312500e+02
9.004208984375000000e+02
9.093372192382812500e+02
7.327412719726562500e+02
6.335767211914062500e+02
7.908485107421875000e+02
5.226536254882812500e+02
7.254995117187500000e+02
7.498139038085937500e+02
8.680483398437500000e+02
7.916228637695312500e+02
6.208862304687500000e+02
6.464465942382812500e+02
7.840869140625000000e+02
8.989316406250000000e+02
8.404140625000000000e+02
1.024782958984375000e+03
8.380105590820312500e+02
6.893823852539062500e+02
7.320030517578125000e+02
6.934322509765625000e+02
5.317144775390625000e+02
9.085938110351562500e+02
8.137411499023437500e+02
7.557772216796875000e+02
6.195647583007812500e+02
7.187070312500000000e+02
7.779929809570312500e+02
9.880765380859375000e+02
7.681327514648437500e+02
8.820245361328125000e+02
8.075981445312500000e+02
8.173252563476562500e+02
9.062778320312500000e+02
8.818553466796875000e+02
9.850255126953125000e+02
8.703897094726562500e+02
9.037668457031250000e+02
6.538543701171875000e+02
8.915692749023437500e+02
6.579212036132812500e+02
5.656731567382812500e+02
6.391552734375000000e+02
8.036743774414062500e+02
8.677568359375000000e+02
8.968969116210937500e+02
8.600867919921875000e+02
7.129254760742187500e+02
7.405020141601562500e+02
8.536790771484375000e+02
8.200842285156250000e+02
5.580278320312500000e+02
6.738323364257812500e+02
7.229460449218750000e+02
8.309752807617187500e+02
8.379052124023437500e+02
6.706706542968750000e+02
7.358875732421875000e+02
9.912905273437500000e+02
5.267755737304687500e+02
7.896586914062500000e+02
4.600051879882812500e+02
6.492236938476562500e+02
9.469479980468750000e+02
7.456235961914062500e+02
7.811527099609375000e+02
7.982750244140625000e+02
6.619646606445312500e+02
7.521245117187500000e+02
4.372391662597656250e+02
6.831328735351562500e+02
6.880891723632812500e+02
7.903834838867187500e+02
6.561793823242187500e+02
9.316656494140625000e+02
6.398002319335937500e+02
9.325664672851562500e+02
5.878936157226562500e+02
9.722658691406250000e+02
8.457562255859375000e+02
7.245859985351562500e+02
7.121919555664062500e+02
8.938713378906250000e+02
8.928141479492187500e+02
6.736154785156250000e+02
1.009714233398437500e+03
9.017578125000000000e+02
8.419923706054687500e+02
9.625073242187500000e+02
6.475166625976562500e+02
8.620652465820312500e+02
5.030575561523437500e+02
8.044614868164062500e+02
7.170761108398437500e+02
1.016956054687500000e+03
8.037073364257812500e+02
7.651989746093750000e+02
9.335357055664062500e+02
6.724355468750000000e+02
8.026379394531250000e+02
8.372010498046875000e+02
7.784243774414062500e+02
1.009917968750000000e+03
7.531618041992187500e+02
7.752188110351562500e+02
8.041616210937500000e+02
8.133466186523437500e+02
7.490282592773437500e+02
7.119832763671875000e+02
8.056528320312500000e+02
7.617505493164062500e+02
8.535727539062500000e+02
7.169198608398437500e+02
9.064700927734375000e+02
7.922204589843750000e+02
6.086132202148437500e+02
6.455845947265625000e+02
7.604413452148437500e+02
8.645330810546875000e+02
9.099486694335937500e+02
6.429802246093750000e+02
7.517213745117187500e+02
5.437053833007812500e+02
8.091283569335937500e+02
7.828279418945312500e+02
8.670391845703125000e+02
9.261970825195312500e+02
7.608786621093750000e+02
7.555991210937500000e+02
6.637808837890625000e+02
7.316871337890625000e+02
4.507261962890625000e+02
8.140066528320312500e+02
8.340228271484375000e+02
8.275222167968750000e+02
9.229012451171875000e+02
8.912123413085937500e+02
7.734342041015625000e+02
6.656948852539062500e+02
7.770637207031250000e+02
6.360092163085937500e+02
9.779509887695312500e+02
9.141375122070312500e+02
6.560288696289062500e+02
7.765684814453125000e+02
6.923169555664062500e+02
9.262207031250000000e+02
7.806224365234375000e+02
9.317737426757812500e+02
9.049613037109375000e+02
6.226740112304687500e+02
1.078948364257812500e+03
7.405026855468750000e+02
7.180444335937500000e+02
6.870453491210937500e+02
6.667938232421875000e+02
8.596892089843750000e+02
6.672319946289062500e+02
8.525737304687500000e+02
6.133364257812500000e+02
7.700898437500000000e+02
7.560842285156250000e+02
7.146141357421875000e+02
7.403435668945312500e+02
5.822682495117187500e+02
8.040897216796875000e+02
8.214177246093750000e+02
7.979436645507812500e+02
7.799904785156250000e+02
9.302047729492187500e+02
6.529000244140625000e+02
5.986529541015625000e+02
6.416412353515625000e+02
7.357916870117187500e+02
7.840607299804687500e+02
8.808084106445312500e+02
7.272366943359375000e+02
8.313651123046875000e+02
7.357819213867187500e+02
8.989219360351562500e+02
5.060198059082031250e+02
7.741395874023437500e+02
7.839244995117187500e+02
7.674379882812500000e+02
7.939601440429687500e+02
8.911199951171875000e+02
5.662243041992187500e+02
6.529808959960937500e+02
6.368412475585937500e+02
8.379473876953125000e+02
5.081431579589843750e+02
7.634497680664062500e+02
6.992485961914062500e+02
6.857883300781250000e+02
6.960560302734375000e+02
8.065471191406250000e+02
8.650722656250000000e+02
7.911390380859375000e+02
8.483658447265625000e+02
6.170534667968750000e+02
6.836580200195312500e+02
5.990889892578125000e+02
6.868348999023437500e+02
9.655187377929687500e+02
8.863555908203125000e+02
7.826654663085937500e+02
7.840164794921875000e+02
7.911397094726562500e+02
8.828139648437500000e+02
6.564120483398437500e+02
6.266271362304687500e+02
7.814102783203125000e+02
6.903386840820312500e+02
7.863072509765625000e+02
6.908288574218750000e+02
5.517861938476562500e+02
8.480892333984375000e+02
6.947519531250000000e+02
7.732470703125000000e+02
6.332603759765625000e+02
8.478168334960937500e+02
6.658076782226562500e+02
8.638048095703125000e+02
5.541349487304687500e+02
7.516570434570312500e+02
5.191713256835937500e+02
7.579402465820312500e+02
6.129058837890625000e+02
7.416589965820312500e+02
6.890029907226562500e+02
7.995527954101562500e+02
8.570606079101562500e+02
9.042788085937500000e+02
7.962485961914062500e+02
8.112375488281250000e+02
8.959613037109375000e+02
7.963809814453125000e+02
6.742647705078125000e+02
8.093439331054687500e+02
8.784297485351562500e+02
7.389412231445312500e+02
1.001914062500000000e+03
6.582047729492187500e+02
7.554849243164062500e+02
7.403508300781250000e+02
8.264012451171875000e+02
8.712855224609375000e+02
8.704707031250000000e+02
6.500990600585937500e+02
8.017043457031250000e+02
6.013979492187500000e+02
7.917211914062500000e+02
8.020182495117187500e+02
9.956478271484375000e+02
6.194937744140625000e+02
7.946313476562500000e+02
7.132161865234375000e+02
4.805816345214843750e+02
8.678327026367187500e+02
6.793629150390625000e+02
6.350693969726562500e+02
8.002027587890625000e+02
9.334945068359375000e+02
6.089852294921875000e+02
8.637854614257812500e+02
6.596679687500000000e+02
5.210995483398437500e+02
8.289760742187500000e+02
7.049674072265625000e+02
8.263090209960937500e+02
6.656782226562500000e+02
7.104011230468750000e+02
8.053099365234375000e+02
5.840971679687500000e+02
8.554030761718750000e+02
7.742893676757812500e+02
7.330115356445312500e+02
7.228470458984375000e+02
9.242297363281250000e+02
5.656757202148437500e+02
5.570737304687500000e+02
8.165472412109375000e+02
5.957759399414062500e+02
7.595878906250000000e+02
7.574614868164062500e+02
7.540325317382812500e+02
6.689649047851562500e+02
8.151996459960937500e+02
8.133776245117187500e+02
7.972016601562500000e+02
9.297005004882812500e+02
8.583421020507812500e+02
5.870198974609375000e+02
7.718852539062500000e+02
7.069605102539062500e+02
7.315603027343750000e+02
8.027058715820312500e+02
8.024368896484375000e+02
1.046000000000000000e+03
7.722952270507812500e+02
6.460275268554687500e+02
6.509739379882812500e+02
6.717703857421875000e+02
7.669798583984375000e+02
7.355491333007812500e+02
7.460963745117187500e+02
6.607140502929687500e+02
6.896316528320312500e+02
6.288259887695312500e+02
9.051988525390625000e+02
7.860958862304687500e+02
5.095206909179687500e+02
8.241793823242187500e+02
9.214872436523437500e+02
8.840817871093750000e+02
7.374541015625000000e+02
6.085062866210937500e+02
1.059092285156250000e+03
8.477248535156250000e+02
7.334342041015625000e+02
8.862030639648437500e+02
9.522192993164062500e+02
8.208383178710937500e+02
6.542471923828125000e+02
6.688415527343750000e+02
8.326029663085937500e+02
7.693918457031250000e+02
7.259725952148437500e+02
7.081263427734375000e+02
8.200664672851562500e+02
6.974872436523437500e+02
8.768390502929687500e+02
8.518587646484375000e+02
8.344553833007812500e+02
7.825513305664062500e+02
7.225252685546875000e+02
6.785344238281250000e+02
8.342928466796875000e+02
7.835802612304687500e+02
8.153249511718750000e+02
9.457592773437500000e+02
7.309646606445312500e+02
6.367849731445312500e+02
8.568832397460937500e+02
9.257460327148437500e+02
4.967113952636718750e+02
7.588954467773437500e+02
8.154125366210937500e+02
7.040579223632812500e+02
8.165116577148437500e+02
7.836721801757812500e+02
6.277308959960937500e+02
6.658308105468750000e+02
7.216795654296875000e+02
8.154852905273437500e+02
6.601896972656250000e+02
9.114567871093750000e+02
8.233842773437500000e+02
8.552369995117187500e+02
7.114415893554687500e+02
6.526905517578125000e+02
8.646321411132812500e+02
8.311090698242187500e+02
7.436192626953125000e+02
7.513420410156250000e+02
8.808049926757812500e+02
6.889777832031250000e+02
7.072022705078125000e+02
7.534581298828125000e+02
9.215989990234375000e+02
6.661394042968750000e+02
6.785690307617187500e+02
8.348239746093750000e+02
6.378544921875000000e+02
6.628780517578125000e+02
8.291835937500000000e+02
7.346665039062500000e+02
8.642816162109375000e+02
7.595259399414062500e+02
7.515538330078125000e+02
8.188359375000000000e+02
7.102528686523437500e+02
5.800308837890625000e+02
7.293314819335937500e+02
7.328244018554687500e+02
7.903047485351562500e+02
9.959934692382812500e+02
8.334789428710937500e+02
8.997688598632812500e+02
7.500227661132812500e+02
6.624309082031250000e+02
8.027520751953125000e+02
9.315526733398437500e+02
7.232869873046875000e+02
8.242378540039062500e+02
8.297568359375000000e+02
6.952007446289062500e+02
8.453877563476562500e+02
7.874049682617187500e+02
9.621106567382812500e+02
5.337460937500000000e+02
8.287990722656250000e+02
7.299024658203125000e+02
9.520423583984375000e+02
5.655948486328125000e+02
8.057947998046875000e+02
6.479019165039062500e+02
6.218159790039062500e+02
7.643418579101562500e+02
8.020601806640625000e+02
5.997192382812500000e+02
7.441556396484375000e+02
7.360726928710937500e+02
9.525098876953125000e+02
8.566992797851562500e+02
7.088898925781250000e+02
8.733829956054687500e+02
8.776980590820312500e+02
7.524234008789062500e+02
8.413956909179687500e+02
8.515520019531250000e+02
7.914931640625000000e+02
6.164310302734375000e+02
7.755780029296875000e+02
7.646467285156250000e+02
5.672806396484375000e+02
8.326138916015625000e+02
5.813988037109375000e+02
8.370922241210937500e+02
7.997647094726562500e+02
8.686345825195312500e+02
8.096958007812500000e+02
7.707955932617187500e+02
8.104342651367187500e+02
6.619006958007812500e+02
6.406300048828125000e+02
8.839721679687500000e+02
8.620399780273437500e+02
8.303867187500000000e+02
7.652037353515625000e+02
7.305676269531250000e+02
6.556687011718750000e+02
8.171112670898437500e+02
6.594358520507812500e+02
6.632401733398437500e+02
8.561110839843750000e+02
1.046132934570312500e+03
7.487859497070312500e+02
8.529879150390625000e+02
8.334323730468750000e+02
9.356072998046875000e+02
7.639250488281250000e+02
8.486278686523437500e+02
7.333319091796875000e+02
7.656806030273437500e+02
6.082075805664062500e+02
7.046173706054687500e+02
8.273684692382812500e+02
6.659337768554687500e+02
9.516356811523437500e+02
7.727780761718750000e+02
9.517177734375000000e+02
8.051960449218750000e+02
6.877648925781250000e+02
7.059874877929687500e+02
9.644916381835937500e+02
7.493107910156250000e+02
7.750725708007812500e+02
7.608457031250000000e+02
7.287483520507812500e+02
9.562450561523437500e+02
8.586699829101562500e+02
6.992290649414062500e+02
8.338748168945312500e+02
7.149465942382812500e+02
5.891457519531250000e+02
6.710051269531250000e+02
7.091717529296875000e+02
8.356126708984375000e+02
7.476283569335937500e+02
6.353195800781250000e+02
7.090098266601562500e+02
7.918610839843750000e+02
7.814306640625000000e+02
8.082063598632812500e+02
7.700894165039062500e+02
6.791581420898437500e+02
6.621601562500000000e+02
6.813219604492187500e+02
7.955090942382812500e+02
6.692230834960937500e+02
7.716123657226562500e+02
8.749678344726562500e+02
8.572705688476562500e+02
7.898673706054687500e+02
7.318901977539062500e+02
8.739637451171875000e+02
8.084661254882812500e+02
7.183043823242187500e+02
7.205994262695312500e+02
7.215033569335937500e+02
7.818663940429687500e+02
8.355432128906250000e+02
7.749606323242187500e+02
5.241879882812500000e+02
1.017267822265625000e+03
9.928500976562500000e+02
7.766141357421875000e+02
7.309476928710937500e+02
7.833255004882812500e+02
6.042304687500000000e+02
5.505917968750000000e+02
7.500036010742187500e+02
8.464265747070312500e+02
9.847738037109375000e+02
9.474274291992187500e+02
6.979710083007812500e+02
7.817686767578125000e+02
6.608023071289062500e+02
6.326054077148437500e+02
8.002426757812500000e+02
7.524846801757812500e+02
6.684543457031250000e+02
8.711574707031250000e+02
5.875200805664062500e+02
7.020811157226562500e+02
7.487155151367187500e+02
8.664221191406250000e+02
6.291706542968750000e+02
7.110622558593750000e+02
7.184368896484375000e+02
7.842553100585937500e+02
6.932432250976562500e+02
8.245515136718750000e+02
7.950128173828125000e+02
8.430043334960937500e+02
8.712869873046875000e+02
9.127312622070312500e+02
7.651323242187500000e+02
8.626172485351562500e+02
6.251394653320312500e+02
7.651104125976562500e+02
9.049777221679687500e+02
8.274630737304687500e+02
9.108944091796875000e+02
7.497774658203125000e+02
5.712904663085937500e+02
6.132209472656250000e+02
6.813404541015625000e+02
7.396038818359375000e+02
6.525687866210937500e+02
7.873327026367187500e+02
7.583035888671875000e+02
6.049346923828125000e+02
9.421730957031250000e+02
7.234996948242187500e+02
8.747195434570312500e+02
5.364970703125000000e+02
9.069289550781250000e+02
8.185617675781250000e+02
8.096762084960937500e+02
7.826680908203125000e+02
6.824412231445312500e+02
7.839139404296875000e+02
6.721007080078125000e+02
8.186990356445312500e+02
7.778568115234375000e+02
6.379426269531250000e+02
9.453972167968750000e+02
7.241781005859375000e+02
7.231018066406250000e+02
6.350134277343750000e+02
7.018057861328125000e+02
8.025732421875000000e+02
5.208713989257812500e+02
6.837455444335937500e+02
9.068303222656250000e+02
9.732010498046875000e+02
7.758454589843750000e+02
9.366282958984375000e+02
5.621204833984375000e+02
7.449999389648437500e+02
7.521142578125000000e+02
6.975399780273437500e+02
8.875561523437500000e+02
6.199804077148437500e+02
8.777916259765625000e+02
7.066478271484375000e+02
9.587348022460937500e+02
6.919160156250000000e+02
7.045252685546875000e+02
7.838937377929687500e+02
8.735513305664062500e+02
8.489190673828125000e+02
7.664158935546875000e+02
6.770383911132812500e+02
7.773705444335937500e+02
7.613674316406250000e+02
8.561903076171875000e+02
8.739894409179687500e+02
6.348588256835937500e+02
9.820972290039062500e+02
7.089898681640625000e+02
6.863520507812500000e+02
9.137593994140625000e+02
7.265007934570312500e+02
7.644846801757812500e+02
8.995169677734375000e+02
7.746579589843750000e+02
8.065974121093750000e+02
7.096012573242187500e+02
8.417086181640625000e+02
5.895955200195312500e+02
8.303986206054687500e+02
4.989283447265625000e+02
6.643812866210937500e+02
6.675187988281250000e+02
8.564090576171875000e+02
8.499846801757812500e+02
7.511571044921875000e+02
6.845167236328125000e+02
7.679049682617187500e+02
8.684776000976562500e+02
8.438907470703125000e+02
9.994956054687500000e+02
1.040894409179687500e+03
5.921394042968750000e+02
8.279671020507812500e+02
8.373650512695312500e+02
5.770128784179687500e+02
8.011365356445312500e+02
7.795939941406250000e+02
6.437938232421875000e+02
7.553428344726562500e+02
7.723665161132812500e+02
6.828739624023437500e+02
7.298815307617187500e+02
8.485475463867187500e+02
8.928160400390625000e+02
7.600532226562500000e+02
7.944560546875000000e+02
5.536689453125000000e+02
7.051112670898437500e+02
8.864330444335937500e+02
6.284619140625000000e+02
8.409794311523437500e+02
9.262374267578125000e+02
8.323668212890625000e+02
6.246033325195312500e+02
9.034556884765625000e+02
6.316010131835937500e+02
9.738563842773437500e+02
5.306336059570312500e+02
5.213652343750000000e+02
1.044420166015625000e+03
5.255411987304687500e+02
6.136796264648437500e+02
6.430714111328125000e+02
6.708760986328125000e+02
7.686716308593750000e+02
5.820513305664062500e+02
7.400802612304687500e+02
4.867796630859375000e+02
7.924921264648437500e+02
7.643175659179687500e+02
6.518093872070312500e+02
6.531450805664062500e+02
7.560543823242187500e+02
8.476483764648437500e+02
8.600401611328125000e+02
7.930898437500000000e+02
7.888405761718750000e+02
7.223916625976562500e+02
8.223980102539062500e+02
5.221675415039062500e+02
8.674219970703125000e+02
9.000420532226562500e+02
7.655059204101562500e+02
8.339887695312500000e+02
6.448360595703125000e+02
8.687339477539062500e+02
8.063606567382812500e+02
7.168773803710937500e+02
8.308099365234375000e+02
7.083967285156250000e+02
6.953254394531250000e+02
9.497570800781250000e+02
8.582691650390625000e+02
6.560435180664062500e+02
7.183911743164062500e+02
8.851826171875000000e+02
8.157742309570312500e+02
7.289607543945312500e+02
8.681529541015625000e+02
7.803979492187500000e+02
7.143750000000000000e+02
7.801607055664062500e+02
7.193905639648437500e+02
4.594828491210937500e+02
8.338170776367187500e+02
7.402979125976562500e+02
6.897186889648437500e+02
7.927373657226562500e+02
7.908675537109375000e+02
8.340349121093750000e+02
7.565853271484375000e+02
8.332287597656250000e+02
7.056619262695312500e+02
6.517520141601562500e+02
7.367024536132812500e+02
7.902365722656250000e+02
6.338370971679687500e+02
8.301481323242187500e+02
6.739103393554687500e+02
6.718129272460937500e+02
8.443488159179687500e+02
8.967913208007812500e+02
7.796803588867187500e+02
7.192353515625000000e+02
6.092541503906250000e+02
7.792602539062500000e+02
8.164380493164062500e+02
8.451735839843750000e+02
8.863039550781250000e+02
7.181866455078125000e+02
5.760289306640625000e+02
8.391448364257812500e+02
6.575374755859375000e+02
6.860036010742187500e+02
8.743207397460937500e+02
8.553988647460937500e+02
7.975851440429687500e+02
8.933275146484375000e+02
5.681740722656250000e+02
7.249466552734375000e+02
7.929705810546875000e+02
1.027365112304687500e+03
8.449874877929687500e+02
9.638313598632812500e+02
7.475080566406250000e+02
7.737211303710937500e+02
7.978599243164062500e+02
7.724559326171875000e+02
7.170264892578125000e+02
7.296851196289062500e+02
7.413242187500000000e+02
7.978364257812500000e+02
8.844089355468750000e+02
7.281953125000000000e+02
6.902316894531250000e+02
7.065706787109375000e+02
7.880797729492187500e+02
6.281675415039062500e+02
7.952557373046875000e+02
7.664138793945312500e+02
9.873531494140625000e+02
8.263350830078125000e+02
7.660617065429687500e+02
7.805949707031250000e+02
6.641691894531250000e+02
6.598872070312500000e+02
8.168147583007812500e+02
6.465130615234375000e+02
6.228681030273437500e+02
8.252868652343750000e+02
7.728383178710937500e+02
6.290044555664062500e+02
6.875487060546875000e+02
7.681079101562500000e+02
6.941562500000000000e+02
7.157466430664062500e+02
7.838661499023437500e+02
8.353989868164062500e+02
9.226138305664062500e+02
7.432384033203125000e+02
9.121478271484375000e+02
6.505062866210937500e+02
8.536671752929687500e+02
6.060111694335937500e+02
8.392042236328125000e+02
8.683318481445312500e+02
8.763175659179687500e+02
7.601070556640625000e+02
7.617538452148437500e+02
6.562935180664062500e+02
6.898005981445312500e+02
7.554196777343750000e+02
5.210240478515625000e+02
8.671681518554687500e+02
6.388403930664062500e+02
1.021020141601562500e+03
6.934094848632812500e+02
6.825164794921875000e+02
5.701804199218750000e+02
8.767684936523437500e+02
8.632847290039062500e+02
5.832346191406250000e+02
6.505015869140625000e+02
6.244140014648437500e+02
8.000279541015625000e+02
6.436207275390625000e+02
8.733554077148437500e+02
7.855886840820312500e+02
8.894321899414062500e+02
6.814750976562500000e+02
7.353577270507812500e+02
7.264271240234375000e+02
7.313911132812500000e+02
8.194944458007812500e+02
6.952274780273437500e+02
7.175441894531250000e+02
8.142799072265625000e+02
7.314833374023437500e+02
7.443354492187500000e+02
7.338057250976562500e+02
6.895712280273437500e+02
9.775300903320312500e+02
7.262000732421875000e+02
9.368898925781250000e+02
9.230694580078125000e+02
8.794186401367187500e+02
8.184645385742187500e+02
5.459747924804687500e+02
5.841992797851562500e+02
7.776270141601562500e+02
7.365009155273437500e+02
9.027321166992187500e+02
9.917356567382812500e+02
7.303750610351562500e+02
5.042876281738281250e+02
7.178289184570312500e+02
9.614528808593750000e+02
1.009252075195312500e+03
7.628912353515625000e+02
6.440673217773437500e+02
1.031061035156250000e+03
6.794052124023437500e+02
6.938964233398437500e+02
7.924950561523437500e+02
6.962142333984375000e+02
6.045966186523437500e+02
8.987868652343750000e+02
8.448106079101562500e+02
7.961112670898437500e+02
5.522332153320312500e+02
1.021729492187500000e+03
7.791046142578125000e+02
7.904724731445312500e+02
6.879024658203125000e+02
6.096922607421875000e+02
6.731851806640625000e+02
6.985684814453125000e+02
6.797972412109375000e+02
8.431789550781250000e+02
5.781652221679687500e+02
8.429167480468750000e+02
7.898203735351562500e+02
8.399306640625000000e+02
8.116774291992187500e+02
8.249803466796875000e+02
7.416630249023437500e+02
1.034715942382812500e+03
1.026961059570312500e+03
7.207302246093750000e+02
6.588183593750000000e+02
8.265253295898437500e+02
7.868678588867187500e+02
7.608312377929687500e+02
9.173439331054687500e+02
6.578078613281250000e+02
6.462504272460937500e+02
7.676296997070312500e+02
9.418668212890625000e+02
9.017528686523437500e+02
6.912385253906250000e+02
1.001183349609375000e+03
6.967997436523437500e+02
8.256444702148437500e+02
6.820241699218750000e+02
7.619061889648437500e+02
5.858794555664062500e+02
7.538617553710937500e+02
8.684406738281250000e+02
8.259531250000000000e+02
7.864180908203125000e+02
8.203547363281250000e+02
7.865621948242187500e+02
6.596625976562500000e+02
6.760646362304687500e+02
5.051293945312500000e+02
1.044824340820312500e+03
8.766501464843750000e+02
6.680468750000000000e+02
7.898117065429687500e+02
7.069703979492187500e+02
8.896206665039062500e+02
5.970388183593750000e+02
7.619785156250000000e+02
8.896221923828125000e+02
7.507675781250000000e+02
6.368180541992187500e+02
7.580974731445312500e+02
5.695949096679687500e+02
7.280214233398437500e+02
8.262715454101562500e+02
8.184210205078125000e+02
8.600957031250000000e+02
9.480662231445312500e+02
8.418925781250000000e+02
6.384335937500000000e+02
7.540887451171875000e+02
8.689652709960937500e+02
5.798942260742187500e+02
7.407086791992187500e+02
6.941193237304687500e+02
6.737941284179687500e+02
8.240104370117187500e+02
9.292167358398437500e+02
7.922380371093750000e+02
7.921585083007812500e+02
6.524926757812500000e+02
8.665509033203125000e+02
7.568187255859375000e+02
7.523068847656250000e+02
9.243131103515625000e+02
9.637841796875000000e+02
7.374718017578125000e+02
7.915305786132812500e+02
7.733551635742187500e+02
7.212972412109375000e+02
9.563571777343750000e+02
6.307116088867187500e+02
7.615280761718750000e+02
6.489777221679687500e+02
7.294180297851562500e+02
8.191889038085937500e+02
8.830801391601562500e+02
8.119463500976562500e+02
6.671311035156250000e+02
6.924842529296875000e+02
8.123297119140625000e+02
7.857432250976562500e+02
7.344138793945312500e+02
6.264121704101562500e+02
8.956245117187500000e+02
6.817362670898437500e+02
6.152318725585937500e+02
7.062453002929687500e+02
9.524541625976562500e+02
7.112729492187500000e+02
8.033748779296875000e+02
7.872283935546875000e+02
6.702708740234375000e+02
8.099379272460937500e+02
6.253817138671875000e+02
6.542421875000000000e+02
7.681893920898437500e+02
7.870067749023437500e+02
7.967866210937500000e+02
9.164483642578125000e+02
7.317077026367187500e+02
9.018298339843750000e+02
7.873340454101562500e+02
8.827039184570312500e+02
8.677219238281250000e+02
8.895138549804687500e+02
8.011582031250000000e+02
7.976859130859375000e+02
6.839965209960937500e+02
7.189331054687500000e+02
7.455075683593750000e+02
7.992117919921875000e+02
9.052876586914062500e+02
9.938419799804687500e+02
8.281994018554687500e+02
6.883998413085937500e+02
8.333413696289062500e+02
9.482788085937500000e+02
8.206486206054687500e+02
8.824307861328125000e+02
8.279100952148437500e+02
6.426494750976562500e+02
7.834267578125000000e+02
8.938553466796875000e+02
7.607152099609375000e+02
6.253361816406250000e+02
8.616799316406250000e+02
7.166782226562500000e+02
6.808257446289062500e+02
8.152067871093750000e+02
5.927338867187500000e+02
8.685006713867187500e+02
8.021765136718750000e+02
8.035794677734375000e+02
7.289893798828125000e+02
6.754378662109375000e+02
5.694924316406250000e+02
9.069395141601562500e+02
9.128492431640625000e+02
8.114969482421875000e+02
6.707932128906250000e+02
8.726903686523437500e+02
8.389130859375000000e+02
8.939032592773437500e+02
7.726765747070312500e+02
8.569143676757812500e+02
5.754505615234375000e+02
7.071079101562500000e+02
6.797272338867187500e+02
7.009588623046875000e+02
8.649605712890625000e+02
8.318959960937500000e+02
7.679703369140625000e+02
8.322686157226562500e+02
7.232813110351562500e+02
7.520789794921875000e+02
9.575028686523437500e+02
5.894354858398437500e+02
7.357108154296875000e+02
7.329684448242187500e+02
6.647227783203125000e+02
6.682469482421875000e+02
8.036524047851562500e+02
1.026131835937500000e+03
7.557599487304687500e+02
5.038111877441406250e+02
9.991511840820312500e+02
6.469583129882812500e+02
7.705920410156250000e+02
8.516931762695312500e+02
7.559306030273437500e+02
8.681234130859375000e+02
8.756461791992187500e+02
8.117166137695312500e+02
6.075498046875000000e+02
8.692593383789062500e+02
8.900836791992187500e+02
5.285897216796875000e+02
8.750301513671875000e+02
6.407462158203125000e+02
9.860958862304687500e+02
8.724000854492187500e+02
8.502766723632812500e+02
6.972272338867187500e+02
7.198640136718750000e+02
6.593959350585937500e+02
9.073436889648437500e+02
8.368319702148437500e+02
3.482228393554687500e+02
5.979185791015625000e+02
6.895142822265625000e+02
7.582767333984375000e+02
7.396148681640625000e+02
6.858095703125000000e+02
8.834387817382812500e+02
8.474299316406250000e+02
7.202002563476562500e+02
6.385555419921875000e+02
7.586046142578125000e+02
8.317291259765625000e+02
8.213671264648437500e+02
9.955850219726562500e+02
8.534727172851562500e+02
6.041074829101562500e+02
7.162462768554687500e+02
6.622628784179687500e+02
7.974741210937500000e+02
6.850842895507812500e+02
7.693076171875000000e+02
6.301120605468750000e+02
7.320507812500000000e+02
4.407482910156250000e+02
6.542764892578125000e+02
7.907691040039062500e+02
7.848211059570312500e+02
8.889310913085937500e+02
7.339969482421875000e+02
8.263192749023437500e+02
6.535227661132812500e+02
7.190133666992187500e+02
8.174719848632812500e+02
4.914222717285156250e+02
7.843760375976562500e+02
8.568963012695312500e+02
6.924791259765625000e+02
9.949360351562500000e+02
7.163868408203125000e+02
8.036733398437500000e+02
9.494506225585937500e+02
9.070474243164062500e+02
6.983710937500000000e+02
5.850953369140625000e+02
8.169282226562500000e+02
7.843065185546875000e+02
7.551591186523437500e+02
8.968446044921875000e+02
6.986935424804687500e+02
9.900349731445312500e+02
6.995617065429687500e+02
9.450166015625000000e+02
6.862727661132812500e+02
5.867937622070312500e+02
5.128314208984375000e+02
8.059456176757812500e+02
6.238316040039062500e+02
8.751527709960937500e+02
9.101739501953125000e+02
5.270602416992187500e+02
7.092976684570312500e+02
6.959304809570312500e+02
7.728692626953125000e+02
7.471071166992187500e+02
7.983322753906250000e+02
7.666928710937500000e+02
7.413280029296875000e+02
7.229923706054687500e+02
7.328568725585937500e+02
6.140048828125000000e+02
7.572103271484375000e+02
6.447528686523437500e+02
8.154138793945312500e+02
7.802334594726562500e+02
8.125232543945312500e+02
7.889400024414062500e+02
8.667747192382812500e+02
8.272220458984375000e+02
9.394519653320312500e+02
7.982570190429687500e+02
6.733130493164062500e+02
7.983977050781250000e+02
6.728709716796875000e+02
8.343929443359375000e+02
6.949315795898437500e+02
8.982758789062500000e+02
5.722338256835937500e+02
8.075932617187500000e+02
7.202921142578125000e+02
9.023851928710937500e+02
5.735744018554687500e+02
8.923117675781250000e+02
1.026788940429687500e+03
9.651680297851562500e+02
6.514335327148437500e+02
7.184258422851562500e+02
5.125058593750000000e+02
7.588117065429687500e+02
9.011990356445312500e+02
6.661867065429687500e+02
8.983525390625000000e+02
7.753071289062500000e+02
7.521188354492187500e+02
7.012963867187500000e+02
8.740423583984375000e+02
6.865635375976562500e+02
6.857282714843750000e+02
7.064691772460937500e+02
5.410415649414062500e+02
7.758765258789062500e+02
8.308215332031250000e+02
8.315707397460937500e+02
6.493062133789062500e+02
8.995502929687500000e+02
8.705249633789062500e+02
7.429682617187500000e+02
7.614752807617187500e+02
7.002176513671875000e+02
6.517471923828125000e+02
6.978717651367187500e+02
7.427299194335937500e+02
8.699301757812500000e+02
9.436677856445312500e+02
7.503782958984375000e+02
7.145354003906250000e+02
8.598538208007812500e+02
5.800108032226562500e+02
8.786978149414062500e+02
8.804349975585937500e+02
8.095268554687500000e+02
9.002988891601562500e+02
6.804707641601562500e+02
7.162714843750000000e+02
6.937186889648437500e+02
7.682373657226562500e+02
7.816252441406250000e+02
7.706304321289062500e+02
9.706503906250000000e+02
9.462828979492187500e+02
7.729765625000000000e+02
7.062612304687500000e+02
8.726148681640625000e+02
5.454402465820312500e+02
7.813212890625000000e+02
8.812610473632812500e+02
5.672824096679687500e+02
9.935384521484375000e+02
8.353509521484375000e+02
8.692385864257812500e+02
4.774569396972656250e+02
1.000567871093750000e+03
6.038234863281250000e+02
7.328914184570312500e+02
7.677552490234375000e+02
9.530930786132812500e+02
7.511869506835937500e+02
8.357073974609375000e+02
8.092578735351562500e+02
8.675260620117187500e+02
6.755451049804687500e+02
6.843350219726562500e+02
7.826481323242187500e+02
9.860191040039062500e+02
1.004463867187500000e+03
7.283906860351562500e+02
7.814342041015625000e+02
8.391538696289062500e+02
8.321615600585937500e+02
8.253298339843750000e+02
7.273635864257812500e+02
6.791591796875000000e+02
7.277458496093750000e+02
6.036550903320312500e+02
6.861752929687500000e+02
9.332301025390625000e+02
5.391022338867187500e+02
6.838870849609375000e+02
7.515925903320312500e+02
8.034970703125000000e+02
9.075364379882812500e+02
6.019262084960937500e+02
8.298513793945312500e+02
8.320822753906250000e+02
7.661287231445312500e+02
7.522849121093750000e+02
8.618276367187500000e+02
5.795659790039062500e+02
8.405089721679687500e+02
7.294619750976562500e+02
7.844608154296875000e+02
7.419954223632812500e+02
7.127062377929687500e+02
7.368890380859375000e+02
7.588223266601562500e+02
7.346898193359375000e+02
5.833977661132812500e+02
7.632482910156250000e+02
8.465792236328125000e+02
7.075363769531250000e+02
1.018632141113281250e+03
8.507565307617187500e+02
7.554031372070312500e+02
8.079890136718750000e+02
9.293344116210937500e+02
7.768074951171875000e+02
1.049445678710937500e+03
6.508201293945312500e+02
7.898118286132812500e+02
6.620502319335937500e+02
9.255464477539062500e+02
7.595144653320312500e+02
7.516434326171875000e+02
5.988865966796875000e+02
5.198674926757812500e+02
7.093218383789062500e+02
6.520706176757812500e+02
7.499024658203125000e+02
7.709791870117187500e+02
9.673418579101562500e+02
7.313245849609375000e+02
1.015261596679687500e+03
7.564755859375000000e+02
7.593955078125000000e+02
8.514415893554687500e+02
9.450337524414062500e+02
5.386749267578125000e+02
7.933779907226562500e+02
8.886774291992187500e+02
8.628563842773437500e+02
7.846298217773437500e+02
6.493626708984375000e+02
8.408217773437500000e+02
9.274309692382812500e+02
8.075764160156250000e+02
8.697741699218750000e+02
6.895802001953125000e+02
6.539300537109375000e+02
6.690346069335937500e+02
7.197142333984375000e+02
8.301795043945312500e+02
8.221323852539062500e+02
7.275563354492187500e+02
8.120248413085937500e+02
9.057850341796875000e+02
7.520277709960937500e+02
8.119058837890625000e+02
9.297737426757812500e+02
7.194582519531250000e+02
4.481673889160156250e+02
7.602418823242187500e+02
7.261406250000000000e+02
6.905449218750000000e+02
7.723251953125000000e+02
7.392350463867187500e+02
6.037684936523437500e+02
8.091188354492187500e+02
8.552716674804687500e+02
4.589288940429687500e+02
9.679604492187500000e+02
7.671439819335937500e+02
7.733366699218750000e+02
9.920881958007812500e+02
6.468156738281250000e+02
7.182581787109375000e+02
4.974968872070312500e+02
7.200721435546875000e+02
7.599120483398437500e+02
6.296298828125000000e+02
8.424651489257812500e+02
8.920081176757812500e+02
7.493605346679687500e+02
7.571499023437500000e+02
5.709947509765625000e+02
9.126063842773437500e+02
8.550219726562500000e+02
7.057250366210937500e+02
8.610436401367187500e+02
8.028607177734375000e+02
5.393804321289062500e+02
9.784948120117187500e+02
6.338826293945312500e+02
6.468333740234375000e+02
7.232980346679687500e+02
8.870487060546875000e+02
4.701321105957031250e+02
7.289166259765625000e+02
8.122155151367187500e+02
7.742011718750000000e+02
8.090490722656250000e+02
8.551187744140625000e+02
1.031889892578125000e+03
8.987022094726562500e+02
8.114072265625000000e+02
8.742067260742187500e+02
6.282885131835937500e+02
7.053363037109375000e+02
1.001790588378906250e+03
8.594541015625000000e+02
8.014866943359375000e+02
7.492734985351562500e+02
9.294825439453125000e+02
7.015808715820312500e+02
8.397348022460937500e+02
9.625039062500000000e+02
8.773544921875000000e+02
8.934641723632812500e+02
7.345386962890625000e+02
7.565804443359375000e+02
8.234564819335937500e+02
7.982677001953125000e+02
7.342189941406250000e+02
5.632256469726562500e+02
8.329934692382812500e+02
9.099366455078125000e+02
7.353401489257812500e+02
7.652321777343750000e+02
7.131428222656250000e+02
7.960369262695312500e+02
8.964709472656250000e+02
7.653052978515625000e+02
6.318356933593750000e+02
7.808587646484375000e+02
9.456257324218750000e+02
8.290928344726562500e+02
7.530433959960937500e+02
7.325075073242187500e+02
8.731505737304687500e+02
6.829124755859375000e+02
6.026454467773437500e+02
7.339084472656250000e+02
8.044131469726562500e+02
8.117901000976562500e+02
7.750095825195312500e+02
7.862155761718750000e+02
9.944353637695312500e+02
9.156273193359375000e+02
7.524282836914062500e+02
6.511958007812500000e+02
7.514545288085937500e+02
6.376229248046875000e+02
8.283061523437500000e+02
7.272503662109375000e+02
6.644197387695312500e+02
6.966301269531250000e+02
7.229874267578125000e+02
8.246976928710937500e+02
7.060850219726562500e+02
7.288339233398437500e+02
7.992423706054687500e+02
5.315151367187500000e+02
7.972112426757812500e+02
7.845535888671875000e+02
8.171122436523437500e+02
8.228536987304687500e+02
8.154613647460937500e+02
8.393025512695312500e+02
7.217670898437500000e+02
6.919981079101562500e+02
9.307975463867187500e+02
6.020490722656250000e+02
7.341624755859375000e+02
7.912166137695312500e+02
8.092445068359375000e+02
8.178216552734375000e+02
8.963604736328125000e+02
7.290491943359375000e+02
6.716857910156250000e+02
7.943616333007812500e+02
8.149622192382812500e+02
5.956405029296875000e+02
7.332932739257812500e+02
6.348428955078125000e+02
7.516531982421875000e+02
6.988004760742187500e+02
7.771240844726562500e+02
8.668241577148437500e+02
8.205599975585937500e+02
6.004210815429687500e+02
9.369279174804687500e+02
7.200222167968750000e+02
7.459854736328125000e+02
5.612538452148437500e+02
7.148040771484375000e+02
7.829690551757812500e+02
7.460759277343750000e+02
7.704502563476562500e+02
5.126662597656250000e+02
8.501429443359375000e+02
7.055792846679687500e+02
6.663414916992187500e+02
7.917512817382812500e+02
8.220370483398437500e+02
8.428854980468750000e+02
8.811759643554687500e+02
8.004308471679687500e+02
6.247679443359375000e+02
8.878204345703125000e+02
9.116901245117187500e+02
6.824189453125000000e+02
7.048397216796875000e+02
6.789052734375000000e+02
8.504425048828125000e+02
9.266480102539062500e+02
8.393906860351562500e+02
8.598959350585937500e+02
7.833642578125000000e+02
7.255635375976562500e+02
7.949306640625000000e+02
6.383731079101562500e+02
8.439107055664062500e+02
8.329732055664062500e+02
8.084102172851562500e+02
6.346209106445312500e+02
8.549377441406250000e+02
6.036571044921875000e+02
6.219046020507812500e+02
8.576245727539062500e+02
7.550429077148437500e+02
7.893300781250000000e+02
6.688315429687500000e+02
7.231918945312500000e+02
8.810482177734375000e+02
7.335953979492187500e+02
7.892791748046875000e+02
7.040676879882812500e+02
5.315772705078125000e+02
7.416989135742187500e+02
6.807789916992187500e+02
6.305975341796875000e+02
8.140333862304687500e+02
8.911601562500000000e+02
6.608869018554687500e+02
7.027920532226562500e+02
7.793452148437500000e+02
5.558836669921875000e+02
7.388159179687500000e+02
4.762293395996093750e+02
6.663366699218750000e+02
7.504735717773437500e+02
7.943982543945312500e+02
6.714055175781250000e+02
9.324298095703125000e+02
6.056270141601562500e+02
6.147985229492187500e+02
9.519025268554687500e+02
9.457327880859375000e+02
6.970261230468750000e+02
6.797414550781250000e+02
8.552500610351562500e+02
7.962834472656250000e+02
5.256046142578125000e+02
7.790101318359375000e+02
7.892969360351562500e+02
8.426469726562500000e+02
9.260907592773437500e+02
6.914285278320312500e+02
6.563453369140625000e+02
7.294407958984375000e+02
7.597547607421875000e+02
7.847774047851562500e+02
8.984517822265625000e+02
7.735838012695312500e+02
8.478201904296875000e+02
8.309283447265625000e+02
7.330740356445312500e+02
7.254772338867187500e+02
8.480455932617187500e+02
8.570322875976562500e+02
5.762307739257812500e+02
7.188408813476562500e+02
7.820354003906250000e+02
8.853274536132812500e+02
8.634192504882812500e+02
6.612434082031250000e+02
8.235474853515625000e+02
5.545493774414062500e+02
6.530510253906250000e+02
8.415249023437500000e+02
6.014961547851562500e+02
9.307608032226562500e+02
6.361902465820312500e+02
8.169414672851562500e+02
7.894768676757812500e+02
7.297917480468750000e+02
8.614548950195312500e+02
7.194664916992187500e+02
7.762686767578125000e+02
7.652149658203125000e+02
7.849047851562500000e+02
6.367985839843750000e+02
5.646406860351562500e+02
7.625231323242187500e+02
7.889495239257812500e+02
8.015048828125000000e+02
6.883068237304687500e+02
7.182565307617187500e+02
8.398115844726562500e+02
7.512843017578125000e+02
1.037801513671875000e+03
7.216081542968750000e+02
7.058411254882812500e+02
7.485671997070312500e+02
6.162380371093750000e+02
6.654148559570312500e+02
6.249526977539062500e+02
7.134167480468750000e+02
7.237266845703125000e+02
9.265280761718750000e+02
7.751190795898437500e+02
7.722166748046875000e+02
6.737304687500000000e+02
7.110259399414062500e+02
9.656380615234375000e+02
6.732748413085937500e+02
6.818084716796875000e+02
6.171087646484375000e+02
9.889332275390625000e+02
8.219680786132812500e+02
8.451502685546875000e+02
6.829151000976562500e+02
6.038823852539062500e+02
6.845731811523437500e+02
7.709933471679687500e+02
6.911400756835937500e+02
8.587569580078125000e+02
7.609762573242187500e+02
8.207997436523437500e+02
8.978048095703125000e+02
8.127181396484375000e+02
6.883383789062500000e+02
6.813176269531250000e+02
6.993485717773437500e+02
6.993598632812500000e+02
7.101597290039062500e+02
7.331610107421875000e+02
9.342324218750000000e+02
8.304947509765625000e+02
8.412219238281250000e+02
6.215575561523437500e+02
6.420313110351562500e+02
9.233027343750000000e+02
7.314998168945312500e+02
5.474420166015625000e+02
6.090598144531250000e+02
8.526021728515625000e+02
6.561556396484375000e+02
8.959750366210937500e+02
8.386166992187500000e+02
6.186321411132812500e+02
8.634775390625000000e+02
7.323192749023437500e+02
7.497232666015625000e+02
7.363558349609375000e+02
8.514705200195312500e+02
8.990953979492187500e+02
8.323094482421875000e+02
9.245022583007812500e+02
7.790223999023437500e+02
9.400709838867187500e+02
1.072230224609375000e+03
7.358574218750000000e+02
7.118812866210937500e+02
6.422288818359375000e+02
6.029044799804687500e+02
7.225993652343750000e+02
7.813461303710937500e+02
7.713218383789062500e+02
9.226651000976562500e+02
6.550111083984375000e+02
7.251864624023437500e+02
7.268024291992187500e+02
4.738271484375000000e+02
6.115823364257812500e+02
6.584241943359375000e+02
7.949323730468750000e+02
8.308006591796875000e+02
7.207770996093750000e+02
9.370480957031250000e+02
7.439812622070312500e+02
7.691536865234375000e+02
6.855667724609375000e+02
7.039602050781250000e+02
7.263381958007812500e+02
8.262273559570312500e+02
7.510856323242187500e+02
7.844263305664062500e+02
8.140239257812500000e+02
8.064393920898437500e+02
7.531452636718750000e+02
8.313140869140625000e+02
8.673944702148437500e+02
9.200811157226562500e+02
7.423853149414062500e+02
8.058976440429687500e+02
6.771463623046875000e+02
8.050085449218750000e+02
7.139158935546875000e+02
8.206062622070312500e+02
8.138059692382812500e+02
7.073781738281250000e+02
7.660560302734375000e+02
8.467733154296875000e+02
6.175179443359375000e+02
6.291821289062500000e+02
6.104748535156250000e+02
5.812147827148437500e+02
8.680928955078125000e+02
6.669723510742187500e+02
8.084597778320312500e+02
7.204617309570312500e+02
5.625449218750000000e+02
4.351470336914062500e+02
8.049612426757812500e+02
6.894254150390625000e+02
6.471232910156250000e+02
8.174693603515625000e+02
6.009882812500000000e+02
7.351384277343750000e+02
7.437700195312500000e+02
8.842547607421875000e+02
7.431611328125000000e+02
6.340419311523437500e+02
8.533988647460937500e+02
7.830279541015625000e+02
5.479845581054687500e+02
8.339749755859375000e+02
7.680148315429687500e+02
8.078491821289062500e+02
9.086674194335937500e+02
7.151854858398437500e+02
6.781432495117187500e+02
6.991080322265625000e+02
6.930855102539062500e+02
8.385817871093750000e+02
6.896005249023437500e+02
9.971235961914062500e+02
7.433240356445312500e+02
6.378125610351562500e+02
6.203879394531250000e+02
6.376310424804687500e+02
6.556940917968750000e+02
9.706838378906250000e+02
9.228456420898437500e+02
8.078066406250000000e+02
5.352080078125000000e+02
8.262676391601562500e+02
7.027640991210937500e+02
7.956815795898437500e+02
8.870996093750000000e+02
8.689962768554687500e+02
6.645247802734375000e+02
9.392111206054687500e+02
6.437380981445312500e+02
9.213384399414062500e+02
1.004062683105468750e+03
1.065974487304687500e+03
6.336220092773437500e+02
8.262263793945312500e+02
8.233717041015625000e+02
9.382678222656250000e+02
8.200645751953125000e+02
8.115972290039062500e+02
8.189088745117187500e+02
7.032632446289062500e+02
6.909145507812500000e+02
7.666036987304687500e+02
7.910543823242187500e+02
9.053652954101562500e+02
7.922822875976562500e+02
7.897273559570312500e+02
9.490985107421875000e+02
7.267453613281250000e+02
5.681029663085937500e+02
7.968928833007812500e+02
8.076167602539062500e+02
7.651825561523437500e+02
8.899189453125000000e+02
5.448397216796875000e+02
9.610510253906250000e+02
8.762896728515625000e+02
7.722817382812500000e+02
6.616931762695312500e+02
7.817168579101562500e+02
6.851693115234375000e+02
5.597993774414062500e+02
7.297414550781250000e+02
7.909396362304687500e+02
8.127820434570312500e+02
7.715501098632812500e+02
7.037072143554687500e+02
6.480208740234375000e+02
7.212263793945312500e+02
5.723276367187500000e+02
9.162368774414062500e+02
8.685414428710937500e+02
7.395565795898437500e+02
6.286398315429687500e+02
6.761502075195312500e+02
8.770399169921875000e+02
8.485938110351562500e+02
8.356727905273437500e+02
8.756084594726562500e+02
6.871030883789062500e+02
9.493281860351562500e+02
7.941148071289062500e+02
8.424487304687500000e+02
7.978023071289062500e+02
8.090740966796875000e+02
7.112056274414062500e+02
7.675584106445312500e+02
8.443826293945312500e+02
8.221435546875000000e+02
7.655109252929687500e+02
9.384350585937500000e+02
9.899548950195312500e+02
7.229277954101562500e+02
7.530774536132812500e+02
7.872236328125000000e+02
8.782341918945312500e+02
6.093959350585937500e+02
7.729974975585937500e+02
6.333972167968750000e+02
7.356291503906250000e+02
5.716804199218750000e+02
7.450441894531250000e+02
4.689420471191406250e+02
8.103880004882812500e+02
7.430999145507812500e+02
7.617349243164062500e+02
1.140742065429687500e+03
1.006002014160156250e+03
7.786895751953125000e+02
7.823978881835937500e+02
7.584319458007812500e+02
7.979178466796875000e+02
9.858946533203125000e+02
7.874686889648437500e+02
7.259993286132812500e+02
8.484587402343750000e+02
6.695756835937500000e+02
8.228040161132812500e+02
5.559018554687500000e+02
5.870150756835937500e+02
7.005173950195312500e+02
8.887174682617187500e+02
7.506525878906250000e+02
7.480661010742187500e+02
6.811836547851562500e+02
6.206583862304687500e+02
9.400419921875000000e+02
7.883773193359375000e+02
7.026267700195312500e+02
7.955918579101562500e+02
8.742537231445312500e+02
6.132579345703125000e+02
8.341382446289062500e+02
8.054389038085937500e+02
8.424246826171875000e+02
8.153690795898437500e+02
7.968142700195312500e+02
8.849052734375000000e+02
7.907749023437500000e+02
8.769876098632812500e+02
7.879741210937500000e+02
7.670045776367187500e+02
6.745910034179687500e+02
8.452694702148437500e+02
7.266487426757812500e+02
7.585369262695312500e+02
7.270421752929687500e+02
7.779597778320312500e+02
8.459537353515625000e+02
7.357755126953125000e+02
7.107855834960937500e+02
7.924932861328125000e+02
8.351386108398437500e+02
7.603767700195312500e+02
7.306947021484375000e+02
6.910449829101562500e+02
8.086484985351562500e+02
7.832337646484375000e+02
5.409561767578125000e+02
5.749391479492187500e+02
6.514177856445312500e+02
7.818251953125000000e+02
8.674234008789062500e+02
8.063165283203125000e+02
8.171821899414062500e+02
8.581853637695312500e+02
7.521589965820312500e+02
6.712570800781250000e+02
9.166577758789062500e+02
7.424959716796875000e+02
6.726102905273437500e+02
6.834652709960937500e+02
6.290987548828125000e+02
8.261874389648437500e+02
7.452158203125000000e+02
6.556582031250000000e+02
8.414009399414062500e+02
7.618227539062500000e+02
6.286530151367187500e+02
6.992562866210937500e+02
6.562316284179687500e+02
8.116275024414062500e+02
7.178167114257812500e+02
7.353796386718750000e+02
8.753291625976562500e+02
6.899143066406250000e+02
8.065432739257812500e+02
8.086848754882812500e+02
7.070852050781250000e+02
9.562118530273437500e+02
6.480736694335937500e+02
8.194244995117187500e+02
6.877583618164062500e+02
6.019477539062500000e+02
7.273455810546875000e+02
8.520068969726562500e+02
6.890785522460937500e+02
8.483987426757812500e+02
8.928036499023437500e+02
8.415170898437500000e+02
7.173633422851562500e+02
6.562862548828125000e+02
7.772194213867187500e+02
9.293319091796875000e+02
7.035967407226562500e+02
6.410346069335937500e+02
5.764589233398437500e+02
8.208231811523437500e+02
8.153134155273437500e+02
8.203605346679687500e+02
7.612333374023437500e+02
9.065828247070312500e+02
6.264337768554687500e+02
8.331863403320312500e+02
8.206223754882812500e+02
7.418228149414062500e+02
7.013067016601562500e+02
6.773386230468750000e+02
5.526412963867187500e+02
8.382811889648437500e+02
8.316128540039062500e+02
9.243569946289062500e+02
8.452391967773437500e+02
7.470060424804687500e+02
8.565321655273437500e+02
7.558373413085937500e+02
7.532031860351562500e+02
7.415117797851562500e+02
7.487796020507812500e+02
8.130122070312500000e+02
8.443538818359375000e+02
8.038187255859375000e+02
7.881544799804687500e+02
6.563655395507812500e+02
7.507044067382812500e+02
7.093117065429687500e+02
7.456306152343750000e+02
7.575549316406250000e+02
8.233870239257812500e+02
6.165784301757812500e+02
6.314428100585937500e+02
8.758650512695312500e+02
7.898486328125000000e+02
7.341407470703125000e+02
6.002099609375000000e+02
6.461306762695312500e+02
8.494760131835937500e+02
6.670039672851562500e+02
5.909168701171875000e+02
7.658220825195312500e+02
6.384873046875000000e+02
8.440440673828125000e+02
6.980975341796875000e+02
7.431936645507812500e+02
7.790007324218750000e+02
9.537357177734375000e+02
8.568923950195312500e+02
6.518336181640625000e+02
7.701503295898437500e+02
7.440358276367187500e+02
8.862826538085937500e+02
7.413226928710937500e+02
6.246723632812500000e+02
8.615290527343750000e+02
7.387028198242187500e+02
7.948426513671875000e+02
9.786007690429687500e+02
8.909725952148437500e+02
7.128706665039062500e+02
5.812819213867187500e+02
6.873882446289062500e+02
6.081578369140625000e+02
6.928659057617187500e+02
8.452352294921875000e+02
7.026567993164062500e+02
6.757035522460937500e+02
7.260466918945312500e+02
8.163231811523437500e+02
5.519634399414062500e+02
7.233013916015625000e+02
6.195144042968750000e+02
9.336514282226562500e+02
6.819595336914062500e+02
8.492794799804687500e+02
6.096002807617187500e+02
7.995360107421875000e+02
7.768536987304687500e+02
7.288682861328125000e+02
8.089387207031250000e+02
7.514545288085937500e+02
8.760149536132812500e+02
8.018224487304687500e+02
7.426054077148437500e+02
9.420073242187500000e+02
7.246741333007812500e+02
6.656156005859375000e+02
8.493201904296875000e+02
8.670650024414062500e+02
7.979749145507812500e+02
7.656773681640625000e+02
7.976063232421875000e+02
6.987410278320312500e+02
7.424222412109375000e+02
6.886254882812500000e+02
6.688513793945312500e+02
9.131016235351562500e+02
6.395575561523437500e+02
7.794763183593750000e+02
6.962335815429687500e+02
7.120783691406250000e+02
8.878450927734375000e+02
5.556365356445312500e+02
8.360127563476562500e+02
9.150486450195312500e+02
8.083353881835937500e+02
9.239385375976562500e+02
7.105045776367187500e+02
8.281268310546875000e+02
8.226360473632812500e+02
6.223428344726562500e+02
8.319318847656250000e+02
8.369458007812500000e+02
7.195709838867187500e+02
6.362169189453125000e+02
8.081908569335937500e+02
6.908193359375000000e+02
8.752236328125000000e+02
8.043952026367187500e+02
6.530311889648437500e+02
6.905464477539062500e+02
8.727244873046875000e+02
7.456849365234375000e+02
8.462377929687500000e+02
5.879148559570312500e+02
7.528028564453125000e+02
6.509683227539062500e+02
8.874042968750000000e+02
7.670860595703125000e+02
1.040954223632812500e+03
7.757351074218750000e+02
9.419439086914062500e+02
8.729131469726562500e+02
8.389957885742187500e+02
7.444637451171875000e+02
1.047573242187500000e+03
7.838488159179687500e+02
9.943619384765625000e+02
7.285148315429687500e+02
7.119783935546875000e+02
7.025827636718750000e+02
7.226162109375000000e+02
7.928388671875000000e+02
7.937714843750000000e+02
8.450864868164062500e+02
5.912458496093750000e+02
7.214096069335937500e+02
6.902454223632812500e+02
7.547938232421875000e+02
6.770217285156250000e+02
7.414362792968750000e+02
9.339898681640625000e+02
7.551375122070312500e+02
8.841127929687500000e+02
7.248613891601562500e+02
9.172123413085937500e+02
6.346268310546875000e+02
8.683817138671875000e+02
6.654869995117187500e+02
8.333624267578125000e+02
8.705409545898437500e+02
5.750362548828125000e+02
8.309628906250000000e+02
6.478081054687500000e+02
7.172019653320312500e+02
7.770411987304687500e+02
8.119236450195312500e+02
8.732800292968750000e+02
8.399306030273437500e+02
7.041938476562500000e+02
7.861026611328125000e+02
8.410780029296875000e+02
6.949246215820312500e+02
8.247263183593750000e+02
8.997556762695312500e+02
8.065695190429687500e+02
7.374559936523437500e+02
9.034104003906250000e+02
8.646812133789062500e+02
7.092051391601562500e+02
8.167664184570312500e+02
7.506509399414062500e+02
6.844675292968750000e+02
6.103654785156250000e+02
7.560380859375000000e+02
8.538972778320312500e+02
8.148120727539062500e+02
8.320371704101562500e+02
8.354547119140625000e+02
7.002085571289062500e+02
7.126363525390625000e+02
7.468370361328125000e+02
8.397822875976562500e+02
7.454826660156250000e+02
8.225675048828125000e+02
8.373982543945312500e+02
6.919237670898437500e+02
9.078544311523437500e+02
7.906359863281250000e+02
6.950531005859375000e+02
6.342045288085937500e+02
7.090443725585937500e+02
9.690907592773437500e+02
8.028997802734375000e+02
8.498768920898437500e+02
7.815180053710937500e+02
8.148801269531250000e+02
8.600057983398437500e+02
9.178114624023437500e+02
7.880624389648437500e+02
7.906131591796875000e+02
9.160962524414062500e+02
6.911165161132812500e+02
6.946403808593750000e+02
6.531964111328125000e+02
8.588328857421875000e+02
7.639282226562500000e+02
8.174320678710937500e+02
7.549941406250000000e+02
8.763918457031250000e+02
6.969000854492187500e+02
8.610837402343750000e+02
8.274488525390625000e+02
9.198763427734375000e+02
6.523975219726562500e+02
8.695480346679687500e+02
8.234534912109375000e+02
7.008334350585937500e+02
6.993737792968750000e+02
9.137512817382812500e+02
8.250728149414062500e+02
6.520178222656250000e+02
9.231640014648437500e+02
5.754844970703125000e+02
7.593724975585937500e+02
8.169871215820312500e+02
7.930958862304687500e+02
7.483470458984375000e+02
7.365920410156250000e+02
7.859937744140625000e+02
7.281184692382812500e+02
8.428255004882812500e+02
8.437107543945312500e+02
8.526366577148437500e+02
7.841055908203125000e+02
7.025000610351562500e+02
8.013302612304687500e+02
1.097069580078125000e+03
8.744703369140625000e+02
8.282918090820312500e+02
9.197599487304687500e+02
6.623004150390625000e+02
5.000169982910156250e+02
6.419891357421875000e+02
7.226326293945312500e+02
6.879678344726562500e+02
7.341287841796875000e+02
6.800192260742187500e+02
7.877497558593750000e+02
7.607900390625000000e+02
6.091810913085937500e+02
8.535650024414062500e+02
8.064259643554687500e+02
5.902166748046875000e+02
8.474454956054687500e+02
7.636621093750000000e+02
4.690966186523437500e+02
5.187386474609375000e+02
9.750217285156250000e+02
8.187330322265625000e+02
7.243531494140625000e+02
7.645541381835937500e+02
6.031851806640625000e+02
6.750236206054687500e+02
7.668459472656250000e+02
8.073489990234375000e+02
8.704461669921875000e+02
8.859969482421875000e+02
6.649662475585937500e+02
9.970641479492187500e+02
7.772477416992187500e+02
8.552036743164062500e+02
7.578103637695312500e+02
7.758328857421875000e+02
9.923025512695312500e+02
8.515713500976562500e+02
9.104041748046875000e+02
7.559326782226562500e+02
7.050382690429687500e+02
6.743289794921875000e+02
7.795175781250000000e+02
9.811108398437500000e+02
7.713956298828125000e+02
8.781601562500000000e+02
7.391023559570312500e+02
7.614822998046875000e+02
6.187053833007812500e+02
7.397943725585937500e+02
7.577918701171875000e+02
9.169854736328125000e+02
9.695194702148437500e+02
6.781219482421875000e+02
8.815201416015625000e+02
7.033413696289062500e+02
8.285851440429687500e+02
8.052861938476562500e+02
6.521967163085937500e+02
6.299597167968750000e+02
8.006580200195312500e+02
6.040310058593750000e+02
8.442805175781250000e+02
8.468518066406250000e+02
5.787745361328125000e+02
7.814541625976562500e+02
9.037463378906250000e+02
8.319099121093750000e+02
7.285348510742187500e+02
9.113504638671875000e+02
6.041529541015625000e+02
8.186184692382812500e+02
7.327588500976562500e+02
8.025958862304687500e+02
8.442667846679687500e+02
7.966094360351562500e+02
5.445012207031250000e+02
6.811995849609375000e+02
7.216508178710937500e+02
5.948567504882812500e+02
7.538482055664062500e+02
8.263162841796875000e+02
6.785485229492187500e+02
7.394857788085937500e+02
9.486137084960937500e+02
4.891849975585937500e+02
9.648579101562500000e+02
7.394456787109375000e+02
7.545425415039062500e+02
7.400046386718750000e+02
6.086990966796875000e+02
7.707149047851562500e+02
8.373374633789062500e+02
8.217739868164062500e+02
9.012559814453125000e+02
7.480612182617187500e+02
6.979145507812500000e+02
1.013243591308593750e+03
8.149126586914062500e+02
6.541015625000000000e+02
7.380676269531250000e+02
8.118026123046875000e+02
7.571044921875000000e+02
8.599420166015625000e+02
8.241107177734375000e+02
7.661425170898437500e+02
6.881751708984375000e+02
7.074300537109375000e+02
8.224791870117187500e+02
9.648967895507812500e+02
6.259522705078125000e+02
8.358233032226562500e+02
6.815100097656250000e+02
9.199686279296875000e+02
7.818306274414062500e+02
9.098377685546875000e+02
6.739428710937500000e+02
9.314823608398437500e+02
9.335603027343750000e+02
7.686675415039062500e+02
7.630400390625000000e+02
8.689664916992187500e+02
7.222017822265625000e+02
8.502668457031250000e+02
8.461517944335937500e+02
8.340491333007812500e+02
7.590133666992187500e+02
7.358052368164062500e+02
7.791135253906250000e+02
7.958637084960937500e+02
7.371022338867187500e+02
8.220325317382812500e+02
6.806000976562500000e+02
6.723530883789062500e+02
9.107186889648437500e+02
8.363229980468750000e+02
7.829371948242187500e+02
7.252962646484375000e+02
8.049922485351562500e+02
5.293352661132812500e+02
8.393021240234375000e+02
5.737330932617187500e+02
6.810941772460937500e+02
7.803367309570312500e+02
8.182761840820312500e+02
1.013525573730468750e+03
7.651706542968750000e+02
6.943278198242187500e+02
9.326721801757812500e+02
7.231010742187500000e+02
6.872409667968750000e+02
8.831423950195312500e+02
6.037385864257812500e+02
7.703961181640625000e+02
6.069592285156250000e+02
6.798131103515625000e+02
6.351572875976562500e+02
6.743281860351562500e+02
6.259920654296875000e+02
7.857993774414062500e+02
6.553433837890625000e+02
7.825421142578125000e+02
7.048340454101562500e+02
6.977665405273437500e+02
7.005303955078125000e+02
6.350623168945312500e+02
7.165283203125000000e+02
8.468218994140625000e+02
6.466759643554687500e+02
5.114469909667968750e+02
5.437183227539062500e+02
6.825390625000000000e+02
8.342130737304687500e+02
6.721567382812500000e+02
7.597198486328125000e+02
6.834996337890625000e+02
8.025920410156250000e+02
7.816128540039062500e+02
8.330078125000000000e+02
8.204622802734375000e+02
8.506859741210937500e+02
8.911180419921875000e+02
7.129548950195312500e+02
6.305148315429687500e+02
6.220537719726562500e+02
8.444726562500000000e+02
7.009671630859375000e+02
9.100609741210937500e+02
7.644592285156250000e+02
5.950324707031250000e+02
9.502750854492187500e+02
6.016212768554687500e+02
6.340200805664062500e+02
8.389994506835937500e+02
6.798908081054687500e+02
9.026869506835937500e+02
7.811818237304687500e+02
5.926915283203125000e+02
7.043853759765625000e+02
7.148724365234375000e+02
7.361895141601562500e+02
9.078984375000000000e+02
8.384929809570312500e+02
7.373493652343750000e+02
8.936613769531250000e+02
9.332398681640625000e+02
6.881192016601562500e+02
6.680097045898437500e+02
7.924080200195312500e+02
7.387208251953125000e+02
8.472701416015625000e+02
9.193807983398437500e+02
6.619983520507812500e+02
9.484140014648437500e+02
7.873543701171875000e+02
7.745250244140625000e+02
6.885305175781250000e+02
6.769859619140625000e+02
8.890903320312500000e+02
7.113983764648437500e+02
7.434652099609375000e+02
7.974626464843750000e+02
5.334257812500000000e+02
7.272950439453125000e+02
6.777371215820312500e+02
8.295563354492187500e+02
7.298264160156250000e+02
6.869747924804687500e+02
1.101449096679687500e+03
6.173725585937500000e+02
8.001380615234375000e+02
7.091293334960937500e+02
7.656583251953125000e+02
8.645961303710937500e+02
6.831536865234375000e+02
8.169614868164062500e+02
6.022895507812500000e+02
7.756271362304687500e+02
7.595275878906250000e+02
6.554249877929687500e+02
8.195379028320312500e+02
8.087111206054687500e+02
5.863872680664062500e+02
9.029243164062500000e+02
7.181990356445312500e+02
8.695545654296875000e+02
7.958068847656250000e+02
8.753623046875000000e+02
8.879555053710937500e+02
6.607261352539062500e+02
7.927319946289062500e+02
7.117934570312500000e+02
8.132187500000000000e+02
7.509337768554687500e+02
9.159327392578125000e+02
7.878554077148437500e+02
6.966532592773437500e+02
8.620126342773437500e+02
7.176239013671875000e+02
7.168914184570312500e+02
7.931256103515625000e+02
7.979729003906250000e+02
7.604914550781250000e+02
8.401986083984375000e+02
7.801510009765625000e+02
6.916982421875000000e+02
8.796156616210937500e+02
8.573916625976562500e+02
6.168433227539062500e+02
7.510509033203125000e+02
8.324070434570312500e+02
7.795533447265625000e+02
7.563671875000000000e+02
7.475142822265625000e+02
6.621958007812500000e+02
4.866351928710937500e+02
8.209390869140625000e+02
8.344038085937500000e+02
8.000175170898437500e+02
8.172109985351562500e+02
6.284758300781250000e+02
8.000868530273437500e+02
7.085632934570312500e+02
8.059199218750000000e+02
6.799192504882812500e+02
9.217009887695312500e+02
9.454508666992187500e+02
6.024303588867187500e+02
8.161713867187500000e+02
7.532412719726562500e+02
9.223390502929687500e+02
9.101724853515625000e+02
8.381259765625000000e+02
7.759411010742187500e+02
7.275284423828125000e+02
7.409835205078125000e+02
7.796304321289062500e+02
6.806686401367187500e+02
4.381347045898437500e+02
6.181295166015625000e+02
7.809591064453125000e+02
8.650852661132812500e+02
1.119476074218750000e+03
8.868975219726562500e+02
8.609608154296875000e+02
7.453920898437500000e+02
8.148551025390625000e+02
7.860067749023437500e+02
6.966542968750000000e+02
9.486033935546875000e+02
8.270794067382812500e+02
7.933687744140625000e+02
8.540634765625000000e+02
8.517230224609375000e+02
7.663422851562500000e+02
5.977545776367187500e+02
9.288538208007812500e+02
1.005512756347656250e+03
7.829229125976562500e+02
7.281926879882812500e+02
7.202196655273437500e+02
1.000996398925781250e+03
6.631170654296875000e+02
7.996384887695312500e+02
8.080025024414062500e+02
7.629602050781250000e+02
9.018885498046875000e+02
7.407205810546875000e+02
5.984761962890625000e+02
6.716361083984375000e+02
7.713751831054687500e+02
6.192943725585937500e+02
1.027495605468750000e+03
6.066581420898437500e+02
9.421398925781250000e+02
9.601203002929687500e+02
8.040433349609375000e+02
6.727893066406250000e+02
8.735170898437500000e+02
6.450446777343750000e+02
8.581715698242187500e+02
8.466136474609375000e+02
8.349217529296875000e+02
9.112543945312500000e+02
8.002647705078125000e+02
6.974724731445312500e+02
6.328367309570312500e+02
8.437642822265625000e+02
7.054320068359375000e+02
7.092667236328125000e+02
5.986246948242187500e+02
7.909224853515625000e+02
6.621857910156250000e+02
5.056195068359375000e+02
7.390944213867187500e+02
7.749729614257812500e+02
7.038638305664062500e+02
1.026231323242187500e+03
7.154238891601562500e+02
8.835012817382812500e+02
9.797919311523437500e+02
6.674259033203125000e+02
9.300354614257812500e+02
7.631427001953125000e+02
7.616090087890625000e+02
7.662107543945312500e+02
7.514888305664062500e+02
7.160581665039062500e+02
8.830885620117187500e+02
7.231654663085937500e+02
6.967860107421875000e+02
7.471798706054687500e+02
7.071672973632812500e+02
8.423257446289062500e+02
5.471022949218750000e+02
6.756278076171875000e+02
6.741396484375000000e+02
7.599827880859375000e+02
9.849558105468750000e+02
7.930288085937500000e+02
9.087211914062500000e+02
8.620839843750000000e+02
8.600264282226562500e+02
8.196931762695312500e+02
6.622255859375000000e+02
7.960755615234375000e+02
7.832838745117187500e+02
8.520281982421875000e+02
7.389437866210937500e+02
6.452617187500000000e+02
9.819587402343750000e+02
7.075823364257812500e+02
7.816133422851562500e+02
7.293222045898437500e+02
7.044209594726562500e+02
6.928522949218750000e+02
8.077965087890625000e+02
8.667230224609375000e+02
8.919282226562500000e+02
8.367614746093750000e+02
6.301547851562500000e+02
7.333915405273437500e+02
7.297837524414062500e+02
6.308012695312500000e+02
8.888950195312500000e+02
9.323616333007812500e+02
8.435986328125000000e+02
8.133316650390625000e+02
7.391350708007812500e+02
8.382479858398437500e+02
7.404676513671875000e+02
7.113583984375000000e+02
7.701129150390625000e+02
6.049121093750000000e+02
8.614425048828125000e+02
8.374627685546875000e+02
8.981276855468750000e+02
6.120129394531250000e+02
6.292368774414062500e+02
9.123961181640625000e+02
9.441916503906250000e+02
8.654874877929687500e+02
8.080748901367187500e+02
6.754567260742187500e+02
5.636621093750000000e+02
7.429246826171875000e+02
6.659455566406250000e+02
8.104651489257812500e+02
9.659451293945312500e+02
7.551270751953125000e+02
7.324042358398437500e+02
7.250825805664062500e+02
4.670749511718750000e+02
5.766854248046875000e+02
8.515788574218750000e+02
8.716540527343750000e+02
8.266283569335937500e+02
7.976761474609375000e+02
6.277703247070312500e+02
8.715102539062500000e+02
6.457156982421875000e+02
7.747431640625000000e+02
9.923808593750000000e+02
7.939633789062500000e+02
8.298347167968750000e+02
8.773650512695312500e+02
6.513269653320312500e+02
7.226180419921875000e+02
7.041141357421875000e+02
6.997869262695312500e+02
6.413688354492187500e+02
6.962233276367187500e+02
7.097585449218750000e+02
6.619531250000000000e+02
7.609028930664062500e+02
8.374915161132812500e+02
8.214348754882812500e+02
7.773179321289062500e+02
4.954248046875000000e+02
9.145840454101562500e+02
5.816176757812500000e+02
7.045181274414062500e+02
9.161193237304687500e+02
9.114545898437500000e+02
9.910747070312500000e+02
5.751163330078125000e+02
8.698729248046875000e+02
8.992345581054687500e+02
7.339439086914062500e+02
7.711177978515625000e+02
7.101678466796875000e+02
8.662348022460937500e+02
7.366961059570312500e+02
8.993070678710937500e+02
8.666858520507812500e+02
7.271740112304687500e+02
5.735923461914062500e+02
6.911938476562500000e+02
8.042308959960937500e+02
7.989191284179687500e+02
6.856451416015625000e+02
8.348538208007812500e+02
8.852088012695312500e+02
6.391441650390625000e+02
8.320000610351562500e+02
5.815982666015625000e+02
6.677391967773437500e+02
6.935710449218750000e+02
7.125198974609375000e+02
6.805156860351562500e+02
6.340024414062500000e+02
8.099231567382812500e+02
9.358388671875000000e+02
7.086314086914062500e+02
8.572064208984375000e+02
6.225125122070312500e+02
7.961443481445312500e+02
8.172497558593750000e+02
8.793570556640625000e+02
7.398664550781250000e+02
9.083352050781250000e+02
8.755847778320312500e+02
7.498178710937500000e+02
6.971658935546875000e+02
7.304042358398437500e+02
6.103426513671875000e+02
5.381181640625000000e+02
9.684948120117187500e+02
7.981074218750000000e+02
9.495682373046875000e+02
8.184564208984375000e+02
6.233034057617187500e+02
6.641039428710937500e+02
8.286267089843750000e+02
9.156348266601562500e+02
5.877539062500000000e+02
8.010526123046875000e+02
7.890315551757812500e+02
7.564847412109375000e+02
6.610764770507812500e+02
8.917683715820312500e+02
7.774172973632812500e+02
7.144340820312500000e+02
7.727126464843750000e+02
8.973642578125000000e+02
5.852600097656250000e+02
8.810750732421875000e+02
8.733710327148437500e+02
8.414307250976562500e+02
6.345061035156250000e+02
7.437008666992187500e+02
7.836559448242187500e+02
8.499953613281250000e+02
7.285618286132812500e+02
6.199299926757812500e+02
6.877782592773437500e+02
5.941636352539062500e+02
7.948470458984375000e+02
9.381831665039062500e+02
8.117547607421875000e+02
7.787554931640625000e+02
9.115671997070312500e+02
7.393098754882812500e+02
8.088314208984375000e+02
8.101757812500000000e+02
8.250465698242187500e+02
9.429667358398437500e+02
8.858496704101562500e+02
7.403884887695312500e+02
6.462021484375000000e+02
8.115681762695312500e+02
9.107241210937500000e+02
7.599312744140625000e+02
6.906573486328125000e+02
8.781562500000000000e+02
7.308820190429687500e+02
7.879005126953125000e+02
8.984171142578125000e+02
8.389708862304687500e+02
5.739379882812500000e+02
8.916444702148437500e+02
9.459727172851562500e+02
6.874194335937500000e+02
6.269808349609375000e+02
1.075963012695312500e+03
7.074204711914062500e+02
5.893372192382812500e+02
8.076814575195312500e+02
9.600592041015625000e+02
8.065485229492187500e+02
6.489590454101562500e+02
8.899122924804687500e+02
8.554913940429687500e+02
5.919973754882812500e+02
6.842808227539062500e+02
9.275972290039062500e+02
9.556865844726562500e+02
8.865417480468750000e+02
9.079274291992187500e+02
7.570374145507812500e+02
7.827583618164062500e+02
8.103652954101562500e+02
8.675206298828125000e+02
8.192894287109375000e+02
7.291101684570312500e+02
8.098659057617187500e+02
8.501181640625000000e+02
6.691749877929687500e+02
6.756372070312500000e+02
7.458540649414062500e+02
9.037980346679687500e+02
8.482020874023437500e+02
7.619579467773437500e+02
7.763726196289062500e+02
8.331334838867187500e+02
8.080414428710937500e+02
7.591715698242187500e+02
7.326262817382812500e+02
6.216915283203125000e+02
1.080934082031250000e+03
7.580563964843750000e+02
7.686521606445312500e+02
7.566018066406250000e+02
8.494401245117187500e+02
8.974786987304687500e+02
7.863536987304687500e+02
8.343475952148437500e+02
8.742861328125000000e+02
8.428518676757812500e+02
5.039182128906250000e+02
6.981267700195312500e+02
7.640065307617187500e+02
6.643156127929687500e+02
8.548432006835937500e+02
9.163662719726562500e+02
6.267672729492187500e+02
7.044461669921875000e+02
9.408043212890625000e+02
8.866337890625000000e+02
6.943464355468750000e+02
6.973399047851562500e+02
6.444368896484375000e+02
1.059589477539062500e+03
8.224351196289062500e+02
6.264032592773437500e+02
8.504079589843750000e+02
7.778552856445312500e+02
8.348181152343750000e+02
7.151920166015625000e+02
9.557781982421875000e+02
9.021912231445312500e+02
9.131569824218750000e+02
8.328084716796875000e+02
7.092042236328125000e+02
7.546560668945312500e+02
6.243953247070312500e+02
8.979401855468750000e+02
8.412146606445312500e+02
7.386934204101562500e+02
6.754533081054687500e+02
7.731727905273437500e+02
9.153201904296875000e+02
7.708572387695312500e+02
7.442816772460937500e+02
6.861648559570312500e+02
3.649778137207031250e+02
7.219022827148437500e+02
6.991728515625000000e+02
6.229647827148437500e+02
8.128543090820312500e+02
8.593545532226562500e+02
8.672417602539062500e+02
7.110133666992187500e+02
7.378767700195312500e+02
7.990256958007812500e+02
7.384645996093750000e+02
8.986197509765625000e+02
5.850885009765625000e+02
5.519799804687500000e+02
8.253847045898437500e+02
7.419509277343750000e+02
7.231638793945312500e+02
8.102129516601562500e+02
8.117130126953125000e+02
5.168460083007812500e+02
8.392294921875000000e+02
7.082319946289062500e+02
6.613298950195312500e+02
7.149655761718750000e+02
9.426332397460937500e+02
1.060589843750000000e+03
7.108748168945312500e+02
6.967593994140625000e+02
5.819333496093750000e+02
8.387725830078125000e+02
6.202211914062500000e+02
8.368131103515625000e+02
7.747347412109375000e+02
6.679298706054687500e+02
7.561633911132812500e+02
6.322228393554687500e+02
8.141090698242187500e+02
7.840296020507812500e+02
6.635711059570312500e+02
8.002265014648437500e+02
9.106950073242187500e+02
7.872056274414062500e+02
7.202316894531250000e+02
7.380214843750000000e+02
8.347523193359375000e+02
9.414845581054687500e+02
6.262325439453125000e+02
6.727120361328125000e+02
7.931438598632812500e+02
7.242478637695312500e+02
6.878597412109375000e+02
7.637827148437500000e+02
7.209035034179687500e+02
8.134589233398437500e+02
7.423449096679687500e+02
8.902426757812500000e+02
6.891415405273437500e+02
8.054281616210937500e+02
6.360966186523437500e+02
5.880617065429687500e+02
8.839931640625000000e+02
6.777958374023437500e+02
9.687447509765625000e+02
7.873279418945312500e+02
8.236593627929687500e+02
8.669877319335937500e+02
6.899319458007812500e+02
8.313829956054687500e+02
4.505278625488281250e+02
8.622882690429687500e+02
7.909672241210937500e+02
8.370897827148437500e+02
9.493086547851562500e+02
6.213952026367187500e+02
5.965853881835937500e+02
7.911251220703125000e+02
8.142379760742187500e+02
8.659388427734375000e+02
6.256481933593750000e+02
7.045183715820312500e+02
6.889088745117187500e+02
8.840239868164062500e+02
9.630729980468750000e+02
8.060780639648437500e+02
6.975883789062500000e+02
7.745673828125000000e+02
8.287073364257812500e+02
7.787797241210937500e+02
7.357341918945312500e+02
7.646364135742187500e+02
7.720637817382812500e+02
7.552270507812500000e+02
7.248826904296875000e+02
8.276723632812500000e+02
8.422366333007812500e+02
8.254200439453125000e+02
9.152653198242187500e+02
4.855404968261718750e+02
7.988803100585937500e+02
8.183016357421875000e+02
7.212142944335937500e+02
8.095137939453125000e+02
7.666442871093750000e+02
7.070601196289062500e+02
8.990391845703125000e+02
5.654417114257812500e+02
8.801405029296875000e+02
6.764637451171875000e+02
6.345724487304687500e+02
6.986394653320312500e+02
7.197713012695312500e+02
7.077989501953125000e+02
7.704058837890625000e+02
7.185428466796875000e+02
8.057758789062500000e+02
6.986024780273437500e+02
7.217316284179687500e+02
6.739890136718750000e+02
5.019513549804687500e+02
6.381393432617187500e+02
6.518330688476562500e+02
7.414676513671875000e+02
8.068743896484375000e+02
6.050576171875000000e+02
7.680143432617187500e+02
7.865650634765625000e+02
7.598744506835937500e+02
9.183528442382812500e+02
7.257508544921875000e+02
4.319287109375000000e+02
8.336701660156250000e+02
7.612849121093750000e+02
6.516202392578125000e+02
5.633460693359375000e+02
7.216636962890625000e+02
8.297529907226562500e+02
9.724913940429687500e+02
6.097030029296875000e+02
7.817261962890625000e+02
9.320188598632812500e+02
4.462144165039062500e+02
7.116423950195312500e+02
8.191950073242187500e+02
8.038577270507812500e+02
7.704672241210937500e+02
6.084099731445312500e+02
7.876186523437500000e+02
7.999479370117187500e+02
7.444268798828125000e+02
8.990463867187500000e+02
7.199901733398437500e+02
9.170033569335937500e+02
7.980754394531250000e+02
7.253000488281250000e+02
8.567590332031250000e+02
5.890364990234375000e+02
6.703526611328125000e+02
7.202297973632812500e+02
8.819668579101562500e+02
7.509022216796875000e+02
7.315003051757812500e+02
6.977337646484375000e+02
8.018988647460937500e+02
8.885025634765625000e+02
9.445268554687500000e+02
8.682028198242187500e+02
8.694325561523437500e+02
7.549511108398437500e+02
7.544463500976562500e+02
7.864149169921875000e+02
6.245171508789062500e+02
6.458249511718750000e+02
4.348316040039062500e+02
6.705535278320312500e+02
6.991447753906250000e+02
7.851900634765625000e+02
8.606217041015625000e+02
7.805737304687500000e+02
9.944406738281250000e+02
6.251678466796875000e+02
8.689708251953125000e+02
5.974837036132812500e+02
5.256409301757812500e+02
8.532934570312500000e+02
6.776552124023437500e+02
5.933659057617187500e+02
9.181064453125000000e+02
7.845861816406250000e+02
5.508920898437500000e+02
8.157466430664062500e+02
8.177732543945312500e+02
7.959672241210937500e+02
7.921640014648437500e+02
6.012392578125000000e+02
8.543095703125000000e+02
9.536304931640625000e+02
8.225452270507812500e+02
8.436676025390625000e+02
8.790654907226562500e+02
5.506186523437500000e+02
7.875161743164062500e+02
7.147546997070312500e+02
8.580610351562500000e+02
8.252947387695312500e+02
7.455247192382812500e+02
8.186167602539062500e+02
6.766412963867187500e+02
8.536575317382812500e+02
8.008211059570312500e+02
7.168790893554687500e+02
8.768740234375000000e+02
7.146334228515625000e+02
7.800881958007812500e+02
8.995861206054687500e+02
5.856408691406250000e+02
7.825291748046875000e+02
7.870486450195312500e+02
6.828168334960937500e+02
7.844985961914062500e+02
7.509019165039062500e+02
6.879046630859375000e+02
7.671225585937500000e+02
9.189335327148437500e+02
8.513006591796875000e+02
6.446251831054687500e+02
6.318191528320312500e+02
8.285658569335937500e+02
6.124776000976562500e+02
8.993814697265625000e+02
6.500021362304687500e+02
8.253379516601562500e+02
7.333662719726562500e+02
9.664107666015625000e+02
5.712974243164062500e+02
6.444019165039062500e+02
1.043611572265625000e+03
6.476578979492187500e+02
9.486673583984375000e+02
6.356211547851562500e+02
8.447571411132812500e+02
6.465270385742187500e+02
8.021653442382812500e+02
9.312476806640625000e+02
4.647694091796875000e+02
7.298106079101562500e+02
8.189854125976562500e+02
7.462764892578125000e+02
7.205182495117187500e+02
5.398971557617187500e+02
8.081391601562500000e+02
5.821233520507812500e+02
7.756333007812500000e+02
7.085851440429687500e+02
7.869798583984375000e+02
7.587190551757812500e+02
8.253173217773437500e+02
7.032167358398437500e+02
6.237503662109375000e+02
8.821931152343750000e+02
7.764055175781250000e+02
9.737435913085937500e+02
5.667922973632812500e+02
7.106115112304687500e+02
5.853020629882812500e+02
8.413278808593750000e+02
6.570119628906250000e+02
8.731583251953125000e+02
8.024079589843750000e+02
6.596666259765625000e+02
7.334956054687500000e+02
6.148896484375000000e+02
7.635564575195312500e+02
9.006726074218750000e+02
7.708983154296875000e+02
7.319294433593750000e+02
6.920544433593750000e+02
8.906172485351562500e+02
8.644444580078125000e+02
8.728713378906250000e+02
7.588723754882812500e+02
7.693475952148437500e+02
8.204307250976562500e+02
8.149401245117187500e+02
8.123067626953125000e+02
8.512088012695312500e+02
8.120690917968750000e+02
8.108642578125000000e+02
5.689765014648437500e+02
7.849150390625000000e+02
8.987875976562500000e+02
7.214953002929687500e+02
9.511365966796875000e+02
7.488147583007812500e+02
8.241987304687500000e+02
8.290058593750000000e+02
6.446972656250000000e+02
8.548215332031250000e+02
8.915644531250000000e+02
5.658803710937500000e+02
7.748970336914062500e+02
6.221712036132812500e+02
7.543165893554687500e+02
8.509813842773437500e+02
8.213001708984375000e+02
8.273173217773437500e+02
6.341271362304687500e+02
7.750122680664062500e+02
7.679501953125000000e+02
8.555280151367187500e+02
5.081347961425781250e+02
7.084383544921875000e+02
4.644575195312500000e+02
8.025606079101562500e+02
8.942075805664062500e+02
7.666206054687500000e+02
7.695424804687500000e+02
7.741174926757812500e+02
8.745910644531250000e+02
7.418137207031250000e+02
8.539749145507812500e+02
9.482806396484375000e+02
5.677774047851562500e+02
7.967152709960937500e+02
7.922072143554687500e+02
7.988240966796875000e+02
8.504003295898437500e+02
9.079523925781250000e+02
8.156472778320312500e+02
7.854461059570312500e+02
9.542116699218750000e+02
7.962133789062500000e+02
8.937926635742187500e+02
7.258105468750000000e+02
8.468890991210937500e+02
9.957664794921875000e+02
7.924356689453125000e+02
8.317666625976562500e+02
6.611730957031250000e+02
8.590570068359375000e+02
9.045656127929687500e+02
6.412218627929687500e+02
8.706195068359375000e+02
9.487688598632812500e+02
6.232211914062500000e+02
4.898596191406250000e+02
7.285549316406250000e+02
8.852918090820312500e+02
7.240115966796875000e+02
7.543742065429687500e+02
6.642255859375000000e+02
7.113073730468750000e+02
8.924026489257812500e+02
9.474996337890625000e+02
5.041400756835937500e+02
6.521380004882812500e+02
9.012211303710937500e+02
8.018590087890625000e+02
7.970678710937500000e+02
7.296231689453125000e+02
8.190231933593750000e+02
7.007255859375000000e+02
6.642498779296875000e+02
8.684771728515625000e+02
7.503293457031250000e+02
7.596375732421875000e+02
6.583830566406250000e+02
6.829612426757812500e+02
8.025399169921875000e+02
7.938258056640625000e+02
6.620014038085937500e+02
9.284646606445312500e+02
9.821493530273437500e+02
7.618703002929687500e+02
6.090015869140625000e+02
9.275333862304687500e+02
7.207923583984375000e+02
9.468070068359375000e+02
7.910070190429687500e+02
7.545200195312500000e+02
6.900662841796875000e+02
7.556170043945312500e+02
7.891622314453125000e+02
7.271912231445312500e+02
7.957947998046875000e+02
9.007937622070312500e+02
7.672266235351562500e+02
7.396904296875000000e+02
7.529589843750000000e+02
8.640921630859375000e+02
6.717474365234375000e+02
8.770318603515625000e+02
7.842774658203125000e+02
6.214480590820312500e+02
8.808403930664062500e+02
7.471180419921875000e+02
9.355227050781250000e+02
8.130078125000000000e+02
6.411437377929687500e+02
6.856248168945312500e+02
7.916408691406250000e+02
6.622212524414062500e+02
9.280526733398437500e+02
5.782936401367187500e+02
8.266542968750000000e+02
8.675045776367187500e+02
8.886456298828125000e+02
8.775281982421875000e+02
6.877988281250000000e+02
6.968142089843750000e+02
5.191851196289062500e+02
9.285841674804687500e+02
6.122869262695312500e+02
6.315303955078125000e+02
6.558492431640625000e+02
7.140672607421875000e+02
9.706292114257812500e+02
8.333605346679687500e+02
8.450418701171875000e+02
6.426710205078125000e+02
8.850210571289062500e+02
6.497008666992187500e+02
7.691548461914062500e+02
8.785991821289062500e+02
6.809567260742187500e+02
9.282489013671875000e+02
8.041880493164062500e+02
5.145292358398437500e+02
6.763318481445312500e+02
7.287001953125000000e+02
7.334168090820312500e+02
7.046875610351562500e+02
7.926802368164062500e+02
8.272418212890625000e+02
8.004706420898437500e+02
6.501274414062500000e+02
5.999274902343750000e+02
7.624703979492187500e+02
9.326009521484375000e+02
9.814234008789062500e+02
7.992830810546875000e+02
8.754069824218750000e+02
5.122285766601562500e+02
4.415159912109375000e+02
6.202419433593750000e+02
8.299931640625000000e+02
7.740541381835937500e+02
9.832156982421875000e+02
7.637804565429687500e+02
6.133598022460937500e+02
5.886868896484375000e+02
7.987664184570312500e+02
9.282258300781250000e+02
9.506830444335937500e+02
7.801398315429687500e+02
8.203457641601562500e+02
7.022049560546875000e+02
9.129403686523437500e+02
7.308853149414062500e+02
6.744534912109375000e+02
7.933546142578125000e+02
7.671694946289062500e+02
8.957092285156250000e+02
7.510025634765625000e+02
8.028989257812500000e+02
7.210833129882812500e+02
8.735501708984375000e+02
6.832916259765625000e+02
8.675108032226562500e+02
7.562863159179687500e+02
8.216696166992187500e+02
8.082467651367187500e+02
5.988549804687500000e+02
6.664102172851562500e+02
8.693468017578125000e+02
8.362060546875000000e+02
7.094197998046875000e+02
8.089465942382812500e+02
6.704733276367187500e+02
7.185045776367187500e+02
7.924832153320312500e+02
8.726227416992187500e+02
6.681248779296875000e+02
8.161052856445312500e+02
8.395905761718750000e+02
6.685993041992187500e+02
9.085198974609375000e+02
6.657030639648437500e+02
7.533950195312500000e+02
8.300973510742187500e+02
7.052679443359375000e+02
8.463189697265625000e+02
5.977720947265625000e+02
8.404921264648437500e+02
7.815432739257812500e+02
8.414794921875000000e+02
8.490158081054687500e+02
9.144667968750000000e+02
1.008529663085937500e+03
7.774422607421875000e+02
6.951746826171875000e+02
5.435764770507812500e+02
6.446270751953125000e+02
6.721578369140625000e+02
8.777636718750000000e+02
8.264972534179687500e+02
6.720608520507812500e+02
8.823496704101562500e+02
9.250604248046875000e+02
9.047234497070312500e+02
9.219801635742187500e+02
6.335792846679687500e+02
6.671256103515625000e+02
6.716943969726562500e+02
8.205170288085937500e+02
7.129776611328125000e+02
6.670073852539062500e+02
7.538247680664062500e+02
6.928508300781250000e+02
7.743843994140625000e+02
5.200787963867187500e+02
9.851265258789062500e+02
8.818392944335937500e+02
5.738908691406250000e+02
7.667021484375000000e+02
6.798193359375000000e+02
9.158571777343750000e+02
6.490396118164062500e+02
8.944362182617187500e+02
7.968186645507812500e+02
8.807275390625000000e+02
7.729706420898437500e+02
9.248584594726562500e+02
8.600302124023437500e+02
8.928861083984375000e+02
6.394550170898437500e+02
5.815071411132812500e+02
6.336297607421875000e+02
5.888365478515625000e+02
7.507906494140625000e+02
5.368563232421875000e+02
8.024415283203125000e+02
7.191517944335937500e+02
6.977419433593750000e+02
5.648181762695312500e+02
7.350014038085937500e+02
8.181559448242187500e+02
7.092982177734375000e+02
6.304104003906250000e+02
5.567254638671875000e+02
8.003690795898437500e+02
8.924694213867187500e+02
9.197487792968750000e+02
7.816085815429687500e+02
6.155657958984375000e+02
8.734428100585937500e+02
8.889993896484375000e+02
6.745536499023437500e+02
8.340129394531250000e+02
1.020765686035156250e+03
6.845968017578125000e+02
8.844098510742187500e+02
6.267172851562500000e+02
7.312709960937500000e+02
5.802732543945312500e+02
8.894569091796875000e+02
6.835745239257812500e+02
7.613916015625000000e+02
7.199678344726562500e+02
7.393944702148437500e+02
8.390240478515625000e+02
8.610037841796875000e+02
7.243267822265625000e+02
8.030617065429687500e+02
9.363287963867187500e+02
6.315158691406250000e+02
7.524743652343750000e+02
7.322967529296875000e+02
9.346549682617187500e+02
7.476132202148437500e+02
7.585228271484375000e+02
6.967813720703125000e+02
8.884847412109375000e+02
6.491909179687500000e+02
6.390289916992187500e+02
8.623735351562500000e+02
7.750081787109375000e+02
8.187673950195312500e+02
7.916218872070312500e+02
4.925363769531250000e+02
8.157230224609375000e+02
6.913171386718750000e+02
7.574492797851562500e+02
8.196487426757812500e+02
8.418333740234375000e+02
7.245938720703125000e+02
7.654264526367187500e+02
8.464843750000000000e+02
6.271774902343750000e+02
7.211179199218750000e+02
8.540711059570312500e+02
8.590703125000000000e+02
7.486137084960937500e+02
9.242576293945312500e+02
6.541316528320312500e+02
7.088358764648437500e+02
7.427755126953125000e+02
8.240867919921875000e+02
6.982910156250000000e+02
6.941478271484375000e+02
6.329418945312500000e+02
6.088790893554687500e+02
7.971442260742187500e+02
7.910015258789062500e+02
6.135132446289062500e+02
6.693253784179687500e+02
5.840254516601562500e+02
7.523245239257812500e+02
8.318507080078125000e+02
7.280715942382812500e+02
7.145076293945312500e+02
7.604424438476562500e+02
6.429437255859375000e+02
7.292600097656250000e+02
6.442775268554687500e+02
6.504262084960937500e+02
7.714780883789062500e+02
7.589277954101562500e+02
7.617876586914062500e+02
9.110122070312500000e+02
6.290362548828125000e+02
6.247523803710937500e+02
8.685734863281250000e+02
7.541862182617187500e+02
8.671726684570312500e+02
7.639244384765625000e+02
5.530103149414062500e+02
8.934503784179687500e+02
6.457454833984375000e+02
7.808029785156250000e+02
8.197177124023437500e+02
7.707594604492187500e+02
6.523486938476562500e+02
5.786716308593750000e+02
6.354881591796875000e+02
6.416000976562500000e+02
7.591145629882812500e+02
5.342543945312500000e+02
7.439413452148437500e+02
7.385642089843750000e+02
5.808406372070312500e+02
9.022703247070312500e+02
5.658960571289062500e+02
7.802630615234375000e+02
5.597460937500000000e+02
8.961156616210937500e+02
7.400285644531250000e+02
8.150274658203125000e+02
6.581029052734375000e+02
7.815751953125000000e+02
5.796046142578125000e+02
6.862701416015625000e+02
8.558356933593750000e+02
5.781175537109375000e+02
8.046143798828125000e+02
8.318309936523437500e+02
7.489364013671875000e+02
8.035169677734375000e+02
8.476946411132812500e+02
7.717002563476562500e+02
8.331708374023437500e+02
8.950953369140625000e+02
9.411611328125000000e+02
6.700051269531250000e+02
7.344221801757812500e+02
9.007958984375000000e+02
6.425263671875000000e+02
6.792506713867187500e+02
8.656516723632812500e+02
4.981670837402343750e+02
8.763573608398437500e+02
8.063480834960937500e+02
8.638809814453125000e+02
4.905510864257812500e+02
6.515808715820312500e+02
6.191339721679687500e+02
6.015687866210937500e+02
6.789147338867187500e+02
1.085140014648437500e+03
9.414954223632812500e+02
7.542355957031250000e+02
8.654542236328125000e+02
8.295061645507812500e+02
7.770866088867187500e+02
7.684715576171875000e+02
9.872474975585937500e+02
7.442247314453125000e+02
6.552181396484375000e+02
8.282366943359375000e+02
9.048507080078125000e+02
9.027671508789062500e+02
9.051865234375000000e+02
8.185700683593750000e+02
7.603248901367187500e+02
8.236086425781250000e+02
8.597384033203125000e+02
9.417033691406250000e+02
8.095232543945312500e+02
6.837174072265625000e+02
9.470781250000000000e+02
6.489446411132812500e+02
7.331221923828125000e+02
7.177407836914062500e+02
8.162522583007812500e+02
8.569067993164062500e+02
7.146972045898437500e+02
7.298756713867187500e+02
7.376184692382812500e+02
6.597182617187500000e+02
8.763461303710937500e+02
6.725307617187500000e+02
7.586033325195312500e+02
9.192718505859375000e+02
5.996145629882812500e+02
7.418765258789062500e+02
7.634696655273437500e+02
8.769488525390625000e+02
8.024929809570312500e+02
9.011904907226562500e+02
9.174289550781250000e+02
7.504832763671875000e+02
8.229767456054687500e+02
7.525250244140625000e+02
1.009643066406250000e+03
7.757342529296875000e+02
6.689014282226562500e+02
7.549581298828125000e+02
8.460847167968750000e+02
9.293507080078125000e+02
8.568809814453125000e+02
8.307296752929687500e+02
8.204529418945312500e+02
8.678400878906250000e+02
8.439308471679687500e+02
6.882344360351562500e+02
6.825416870117187500e+02
7.458896484375000000e+02
6.011697998046875000e+02
7.200787353515625000e+02
8.409505615234375000e+02
7.026689453125000000e+02
7.463898925781250000e+02
8.017313842773437500e+02
8.119918212890625000e+02
6.698421630859375000e+02
9.460357666015625000e+02
