1.085807895660400391e+01
1.085609149932861328e+01
1.087294864654541016e+01
1.088804149627685547e+01
1.087264347076416016e+01
1.084635162353515625e+01
1.084512233734130859e+01
1.086030960083007812e+01
1.086181068420410156e+01
1.087042713165283203e+01
1.085222721099853516e+01
1.090271568298339844e+01
1.086320018768310547e+01
1.087564373016357422e+01
1.086009502410888672e+01
1.086723899841308594e+01
1.084814643859863281e+01
1.086851215362548828e+01
1.088443946838378906e+01
1.087485694885253906e+01
1.086555099487304688e+01
1.087053394317626953e+01
1.086661624908447266e+01
1.086064720153808594e+01
1.086383438110351562e+01
1.085187530517578125e+01
1.087065696716308594e+01
1.083818912506103516e+01
1.086852169036865234e+01
1.086221027374267578e+01
1.085621166229248047e+01
1.084014511108398438e+01
1.086289596557617188e+01
1.085697937011718750e+01
1.085536766052246094e+01
1.087190437316894531e+01
1.088172245025634766e+01
1.087267303466796875e+01
1.085857677459716797e+01
1.087322711944580078e+01
1.086695289611816406e+01
1.088008594512939453e+01
1.087089729309082031e+01
1.087390041351318359e+01
1.085094833374023438e+01
1.087135696411132812e+01
1.088509559631347656e+01
1.088566017150878906e+01
1.086922931671142578e+01
1.086863613128662109e+01
1.085640525817871094e+01
1.086102771759033203e+01
1.086114120483398438e+01
1.087881851196289062e+01
1.085427379608154297e+01
1.086718463897705078e+01
1.085809421539306641e+01
1.087492275238037109e+01
1.084014415740966797e+01
1.085647296905517578e+01
1.085466480255126953e+01
1.086255550384521484e+01
1.085480880737304688e+01
1.086160850524902344e+01
1.084813880920410156e+01
1.086145591735839844e+01
1.086910724639892578e+01
1.086733818054199219e+01
1.087415981292724609e+01
1.085863304138183594e+01
1.087332248687744141e+01
1.085499000549316406e+01
1.085743904113769531e+01
1.084219264984130859e+01
1.086690807342529297e+01
1.084970855712890625e+01
1.086149406433105469e+01
1.083449268341064453e+01
1.084243106842041016e+01
1.085603618621826172e+01
1.084160995483398438e+01
1.087875843048095703e+01
1.086158180236816406e+01
1.085266494750976562e+01
1.083097171783447266e+01
1.085423946380615234e+01
1.085461902618408203e+01
1.085207271575927734e+01
1.085284996032714844e+01
1.083892917633056641e+01
1.084885215759277344e+01
1.084897994995117188e+01
1.083503627777099609e+01
1.084482765197753906e+01
1.085247135162353516e+01
1.083932590484619141e+01
1.088078308105468750e+01
1.084146976470947266e+01
1.084354305267333984e+01
1.085704135894775391e+01
1.084399127960205078e+01
1.085810089111328125e+01
1.083535957336425781e+01
1.085918045043945312e+01
1.087604904174804688e+01
1.085315895080566406e+01
1.084649467468261719e+01
1.084620857238769531e+01
1.083781909942626953e+01
1.086353778839111328e+01
1.083690643310546875e+01
1.081834793090820312e+01
1.086229705810546875e+01
1.085896587371826172e+01
1.083768653869628906e+01
1.086023330688476562e+01
1.083677673339843750e+01
1.082996749877929688e+01
1.082454681396484375e+01
1.086936092376708984e+01
1.083436393737792969e+01
1.084936046600341797e+01
1.086103630065917969e+01
1.084305858612060547e+01
1.085661602020263672e+01
1.084167861938476562e+01
1.083663463592529297e+01
1.082507610321044922e+01
1.084867191314697266e+01
1.084695148468017578e+01
1.083743000030517578e+01
1.085180473327636719e+01
1.084483051300048828e+01
1.084656143188476562e+01
1.082119655609130859e+01
1.084837818145751953e+01
1.083793354034423828e+01
1.084148788452148438e+01
1.082955455780029297e+01
1.083401775360107422e+01
1.083482360839843750e+01
1.081324291229248047e+01
1.082448196411132812e+01
1.084256935119628906e+01
1.084806251525878906e+01
1.084689712524414062e+01
1.083303928375244141e+01
1.084883880615234375e+01
1.084516620635986328e+01
1.083251571655273438e+01
1.081029987335205078e+01
1.084858131408691406e+01
1.078105831146240234e+01
1.081907749176025391e+01
1.083574867248535156e+01
1.083504581451416016e+01
1.080542564392089844e+01
1.082846260070800781e+01
1.081253528594970703e+01
1.084588718414306641e+01
1.083360004425048828e+01
1.081851863861083984e+01
1.083743190765380859e+01
1.083535671234130859e+01
1.081574726104736328e+01
1.082983016967773438e+01
1.082719039916992188e+01
1.082484912872314453e+01
1.083554744720458984e+01
1.082636070251464844e+01
1.082271003723144531e+01
1.082813358306884766e+01
1.082122611999511719e+01
1.079244709014892578e+01
1.082887935638427734e+01
1.084127616882324219e+01
1.084135437011718750e+01
1.081500911712646484e+01
1.082012748718261719e+01
1.082744598388671875e+01
1.082617950439453125e+01
1.083192157745361328e+01
1.078418636322021484e+01
1.081797695159912109e+01
1.082811355590820312e+01
1.084208965301513672e+01
1.081629180908203125e+01
1.080038452148437500e+01
1.080443859100341797e+01
1.080488395690917969e+01
1.082055282592773438e+01
1.082006645202636719e+01
1.081988143920898438e+01
1.081248664855957031e+01
1.080860519409179688e+01
1.081012821197509766e+01
1.081258296966552734e+01
1.080810165405273438e+01
1.081707572937011719e+01
1.080522537231445312e+01
1.077489376068115234e+01
1.081377506256103516e+01
1.080289459228515625e+01
1.080430889129638672e+01
1.083366870880126953e+01
1.079403781890869141e+01
1.082071495056152344e+01
1.082417774200439453e+01
1.078932762145996094e+01
1.078689384460449219e+01
1.081380558013916016e+01
1.082091426849365234e+01
1.081081485748291016e+01
1.081614589691162109e+01
1.080361080169677734e+01
1.078024291992187500e+01
1.081567668914794922e+01
1.078972721099853516e+01
1.077443695068359375e+01
1.080473423004150391e+01
1.078404617309570312e+01
1.080202960968017578e+01
1.081218338012695312e+01
1.081926536560058594e+01
1.078578090667724609e+01
1.078999233245849609e+01
1.078164291381835938e+01
1.078591728210449219e+01
1.079127597808837891e+01
1.080184650421142578e+01
1.080431365966796875e+01
1.079571342468261719e+01
1.080117607116699219e+01
1.079857730865478516e+01
1.078082561492919922e+01
1.075394535064697266e+01
1.077744483947753906e+01
1.078609752655029297e+01
1.080498981475830078e+01
1.078113460540771484e+01
1.077750110626220703e+01
1.077258968353271484e+01
1.079247856140136719e+01
1.076463031768798828e+01
1.078949069976806641e+01
1.081840229034423828e+01
1.079742050170898438e+01
1.078486824035644531e+01
1.078481292724609375e+01
1.078046607971191406e+01
1.079408550262451172e+01
1.078978347778320312e+01
1.075142097473144531e+01
1.078722858428955078e+01
1.075171184539794922e+01
1.078635025024414062e+01
1.075832080841064453e+01
1.076341056823730469e+01
1.079496765136718750e+01
1.077488422393798828e+01
1.074145412445068359e+01
1.080598831176757812e+01
1.076937866210937500e+01
1.079530811309814453e+01
1.077299785614013672e+01
1.078992176055908203e+01
1.078948497772216797e+01
1.074815177917480469e+01
1.077577018737792969e+01
1.076339244842529297e+01
1.077659797668457031e+01
1.079315567016601562e+01
1.074979877471923828e+01
1.075990772247314453e+01
1.077432918548583984e+01
1.076168727874755859e+01
1.077229309082031250e+01
1.074359607696533203e+01
1.075631427764892578e+01
1.075702667236328125e+01
1.076765346527099609e+01
1.073886299133300781e+01
1.076973533630371094e+01
1.078680896759033203e+01
1.075361919403076172e+01
1.075238132476806641e+01
1.075346851348876953e+01
1.074727153778076172e+01
1.075386142730712891e+01
1.078352069854736328e+01
1.074463081359863281e+01
1.073259639739990234e+01
1.077259635925292969e+01
1.076958560943603516e+01
1.073410892486572266e+01
1.074460792541503906e+01
1.073319149017333984e+01
1.075772762298583984e+01
1.077816009521484375e+01
1.075275611877441406e+01
1.077039337158203125e+01
1.074255943298339844e+01
1.077639961242675781e+01
1.077109146118164062e+01
1.075810527801513672e+01
1.075270462036132812e+01
1.075640010833740234e+01
1.076949691772460938e+01
1.073150348663330078e+01
1.074046516418457031e+01
1.077005863189697266e+01
1.071440505981445312e+01
1.073441886901855469e+01
1.072903919219970703e+01
1.073717403411865234e+01
1.074096584320068359e+01
1.075417137145996094e+01
1.073489189147949219e+01
1.073433303833007812e+01
1.071435832977294922e+01
1.072366237640380859e+01
1.072769832611083984e+01
1.075207424163818359e+01
1.074751853942871094e+01
1.070639801025390625e+01
1.074099922180175781e+01
1.077756690979003906e+01
1.072815036773681641e+01
1.072099304199218750e+01
1.073371315002441406e+01
1.071910190582275391e+01
1.073318195343017578e+01
1.073068714141845703e+01
1.071854114532470703e+01
1.072286701202392578e+01
1.073396682739257812e+01
1.070904922485351562e+01
1.071722984313964844e+01
1.072403430938720703e+01
1.074056625366210938e+01
1.073878192901611328e+01
1.073776626586914062e+01
1.072203063964843750e+01
1.070781898498535156e+01
1.072070789337158203e+01
1.073492050170898438e+01
1.073254871368408203e+01
1.071972846984863281e+01
1.072589683532714844e+01
1.072596359252929688e+01
1.069659233093261719e+01
1.070469665527343750e+01
1.073268508911132812e+01
1.070085430145263672e+01
1.075781822204589844e+01
1.069666290283203125e+01
1.070956325531005859e+01
1.070954418182373047e+01
1.072433662414550781e+01
1.070460319519042969e+01
1.067709636688232422e+01
1.073978424072265625e+01
1.070233440399169922e+01
1.071615028381347656e+01
1.069792938232421875e+01
1.072545719146728516e+01
1.072728347778320312e+01
1.070646476745605469e+01
1.068976020812988281e+01
1.069382572174072266e+01
1.070925331115722656e+01
1.069311237335205078e+01
1.070514106750488281e+01
1.069208812713623047e+01
1.072994709014892578e+01
1.073445606231689453e+01
1.069426059722900391e+01
1.068157958984375000e+01
1.071666812896728516e+01
1.069002723693847656e+01
1.070303344726562500e+01
1.072290229797363281e+01
1.068716239929199219e+01
1.068240070343017578e+01
1.071215438842773438e+01
1.072278881072998047e+01
1.068206596374511719e+01
1.065947151184082031e+01
1.066760349273681641e+01
1.069976234436035156e+01
1.069141387939453125e+01
1.068547153472900391e+01
1.065344905853271484e+01
1.065028572082519531e+01
1.066575336456298828e+01
1.070946884155273438e+01
1.070555686950683594e+01
1.067165851593017578e+01
1.070796108245849609e+01
1.063888359069824219e+01
1.065822410583496094e+01
1.068304538726806641e+01
1.069992256164550781e+01
1.070184230804443359e+01
1.070138549804687500e+01
1.063515281677246094e+01
1.069698047637939453e+01
1.066809654235839844e+01
1.072441577911376953e+01
1.070389938354492188e+01
1.070570755004882812e+01
1.068908214569091797e+01
1.068321704864501953e+01
1.069135761260986328e+01
1.066542243957519531e+01
1.066602706909179688e+01
1.072369098663330078e+01
1.067301845550537109e+01
1.070598411560058594e+01
1.065371513366699219e+01
1.064138126373291016e+01
1.064653205871582031e+01
1.069101047515869141e+01
1.070651721954345703e+01
1.068427276611328125e+01
1.068315601348876953e+01
1.066677474975585938e+01
1.068532848358154297e+01
1.070410537719726562e+01
1.065257644653320312e+01
1.069282054901123047e+01
1.068444061279296875e+01
1.066108894348144531e+01
1.066616153717041016e+01
1.067709445953369141e+01
1.067167854309082031e+01
1.065557193756103516e+01
1.062803173065185547e+01
1.065699481964111328e+01
1.063601970672607422e+01
1.065155124664306641e+01
1.067353534698486328e+01
1.068894004821777344e+01
1.068313121795654297e+01
1.071033477783203125e+01
1.065246963500976562e+01
1.065308475494384766e+01
1.068133068084716797e+01
1.067511367797851562e+01
1.068318843841552734e+01
1.066673946380615234e+01
1.069026660919189453e+01
1.065228176116943359e+01
1.068317413330078125e+01
1.066036319732666016e+01
1.065631866455078125e+01
1.062830924987792969e+01
1.066127014160156250e+01
1.066083240509033203e+01
1.064223766326904297e+01
1.068337535858154297e+01
1.064480781555175781e+01
1.064669513702392578e+01
1.065701770782470703e+01
1.067343807220458984e+01
1.063572120666503906e+01
1.064887809753417969e+01
1.065077114105224609e+01
1.069606304168701172e+01
1.063366889953613281e+01
1.063120651245117188e+01
1.068342971801757812e+01
1.063170433044433594e+01
1.063362598419189453e+01
1.064665412902832031e+01
1.064552688598632812e+01
1.064770317077636719e+01
1.065493774414062500e+01
1.066087055206298828e+01
1.065898418426513672e+01
1.066326332092285156e+01
1.061720752716064453e+01
1.065822792053222656e+01
1.065538120269775391e+01
1.064761066436767578e+01
1.066557884216308594e+01
1.062787246704101562e+01
1.064448928833007812e+01
1.064994144439697266e+01
1.068072795867919922e+01
1.065729999542236328e+01
1.061405467987060547e+01
1.067139434814453125e+01
1.064772701263427734e+01
1.064646053314208984e+01
1.058586025238037109e+01
1.064169502258300781e+01
1.065857028961181641e+01
1.060551834106445312e+01
1.064149093627929688e+01
1.065979194641113281e+01
1.058989906311035156e+01
1.059788894653320312e+01
1.062871646881103516e+01
1.061830234527587891e+01
1.063435840606689453e+01
1.062236022949218750e+01
1.062724590301513672e+01
1.064073276519775391e+01
1.061896705627441406e+01
1.061695194244384766e+01
1.062622356414794922e+01
1.061366558074951172e+01
1.065883159637451172e+01
1.061016845703125000e+01
1.060208129882812500e+01
1.065385055541992188e+01
1.064174652099609375e+01
1.062710094451904297e+01
1.061984062194824219e+01
1.063004779815673828e+01
1.064657688140869141e+01
1.063169002532958984e+01
1.058497142791748047e+01
1.063353633880615234e+01
1.061320686340332031e+01
1.065088939666748047e+01
1.059964275360107422e+01
1.060657215118408203e+01
1.061782455444335938e+01
1.063517379760742188e+01
1.062941455841064453e+01
1.062039566040039062e+01
1.062353515625000000e+01
1.060186290740966797e+01
1.059946155548095703e+01
1.058408832550048828e+01
1.061625194549560547e+01
1.059082794189453125e+01
1.058111572265625000e+01
1.061241626739501953e+01
1.064847660064697266e+01
1.062719726562500000e+01
1.060616874694824219e+01
1.061138057708740234e+01
1.061046600341796875e+01
1.062063884735107422e+01
1.061710453033447266e+01
1.057478141784667969e+01
1.060818004608154297e+01
1.064103889465332031e+01
1.058828735351562500e+01
1.063290500640869141e+01
1.064924526214599609e+01
1.061716747283935547e+01
1.061630439758300781e+01
1.063270568847656250e+01
1.058987522125244141e+01
1.063708496093750000e+01
1.063288307189941406e+01
1.061371898651123047e+01
1.064349555969238281e+01
1.063426494598388672e+01
1.059032154083251953e+01
1.058057594299316406e+01
1.062275409698486328e+01
1.055107402801513672e+01
1.062752914428710938e+01
1.060556793212890625e+01
1.062368392944335938e+01
1.059066104888916016e+01
1.061922073364257812e+01
1.058199119567871094e+01
1.061210918426513672e+01
1.063869285583496094e+01
1.063884735107421875e+01
1.057841777801513672e+01
1.056694030761718750e+01
1.060060691833496094e+01
1.059633731842041016e+01
1.059683895111083984e+01
1.063433742523193359e+01
1.059122085571289062e+01
1.058125877380371094e+01
1.055946636199951172e+01
1.060116767883300781e+01
1.056740188598632812e+01
1.060292053222656250e+01
1.058727359771728516e+01
1.059527683258056641e+01
1.062063694000244141e+01
1.064059162139892578e+01
1.060846424102783203e+01
1.058693027496337891e+01
1.058254623413085938e+01
1.061371898651123047e+01
1.060696029663085938e+01
1.055854225158691406e+01
1.056227684020996094e+01
1.061841964721679688e+01
1.056464958190917969e+01
1.059786891937255859e+01
1.059021472930908203e+01
1.056130313873291016e+01
1.058392333984375000e+01
1.060423564910888672e+01
1.061439609527587891e+01
1.065365409851074219e+01
1.062153148651123047e+01
1.062966251373291016e+01
1.057830619812011719e+01
1.054626083374023438e+01
1.057982635498046875e+01
1.056669521331787109e+01
1.054919528961181641e+01
1.053585433959960938e+01
1.060244560241699219e+01
1.053595924377441406e+01
1.055234241485595703e+01
1.059928989410400391e+01
1.055900287628173828e+01
1.055517101287841797e+01
1.060755729675292969e+01
1.056976985931396484e+01
1.061284828186035156e+01
1.057909870147705078e+01
1.057167625427246094e+01
1.056993961334228516e+01
1.058400726318359375e+01
1.058961296081542969e+01
1.054614067077636719e+01
1.059132766723632812e+01
1.057875633239746094e+01
1.060379695892333984e+01
1.059840774536132812e+01
1.059415817260742188e+01
1.052048778533935547e+01
1.057404041290283203e+01
1.054012298583984375e+01
1.062851715087890625e+01
1.058659172058105469e+01
1.057614612579345703e+01
1.053697967529296875e+01
1.060089015960693359e+01
1.056635761260986328e+01
1.061185836791992188e+01
1.056619644165039062e+01
1.057229900360107422e+01
1.057537746429443359e+01
1.056224155426025391e+01
1.058141136169433594e+01
1.059232521057128906e+01
1.061805343627929688e+01
1.061464023590087891e+01
1.054725551605224609e+01
1.055567264556884766e+01
1.055580615997314453e+01
1.059585380554199219e+01
1.054981899261474609e+01
1.056538200378417969e+01
1.057819175720214844e+01
1.058542346954345703e+01
1.058448219299316406e+01
1.051166915893554688e+01
1.057128524780273438e+01
1.053768539428710938e+01
1.054782009124755859e+01
1.058973121643066406e+01
1.058913326263427734e+01
1.054705047607421875e+01
1.056946849822998047e+01
1.059553909301757812e+01
1.055549621582031250e+01
1.057094573974609375e+01
1.057853221893310547e+01
1.050115776062011719e+01
1.056740760803222656e+01
1.055200862884521484e+01
1.058175849914550781e+01
1.055659294128417969e+01
1.052147293090820312e+01
1.057147598266601562e+01
1.059181499481201172e+01
1.054965305328369141e+01
1.056213951110839844e+01
1.057153034210205078e+01
1.050233745574951172e+01
1.059418582916259766e+01
1.058991718292236328e+01
1.056153202056884766e+01
1.055957412719726562e+01
1.056757259368896484e+01
1.052501392364501953e+01
1.051187229156494141e+01
1.050367259979248047e+01
1.056116485595703125e+01
1.058973789215087891e+01
1.050725650787353516e+01
1.058487224578857422e+01
1.058550739288330078e+01
1.057724666595458984e+01
1.057434558868408203e+01
1.054305648803710938e+01
1.055202388763427734e+01
1.060618591308593750e+01
1.052658176422119141e+01
1.057742786407470703e+01
1.059549331665039062e+01
1.058497047424316406e+01
1.058173084259033203e+01
1.055411720275878906e+01
1.051845836639404297e+01
1.058727455139160156e+01
1.060735130310058594e+01
1.053044509887695312e+01
1.057671737670898438e+01
1.050946331024169922e+01
1.056893730163574219e+01
1.057807064056396484e+01
1.055107021331787109e+01
1.057550144195556641e+01
1.057989120483398438e+01
1.052751731872558594e+01
1.054279613494873047e+01
1.063130283355712891e+01
1.052291488647460938e+01
1.056855487823486328e+01
1.052788829803466797e+01
1.055930328369140625e+01
1.054420566558837891e+01
1.055332279205322266e+01
1.055448246002197266e+01
1.054215240478515625e+01
1.052098274230957031e+01
1.055154800415039062e+01
1.052505016326904297e+01
1.050650215148925781e+01
1.056566905975341797e+01
1.052789688110351562e+01
1.052525615692138672e+01
1.056621742248535156e+01
1.053256607055664062e+01
1.050800037384033203e+01
1.053833580017089844e+01
1.058703041076660156e+01
1.061631965637207031e+01
1.053688049316406250e+01
1.058910846710205078e+01
1.054275035858154297e+01
1.054535198211669922e+01
1.056892108917236328e+01
1.055805873870849609e+01
1.058339309692382812e+01
1.056556987762451172e+01
1.058700561523437500e+01
1.053768920898437500e+01
1.057591056823730469e+01
1.056307697296142578e+01
1.052136898040771484e+01
1.054598331451416016e+01
1.051676368713378906e+01
1.052953243255615234e+01
1.054441928863525391e+01
1.050357818603515625e+01
1.051281738281250000e+01
1.060441780090332031e+01
1.056484317779541016e+01
1.052402305603027344e+01
1.051836681365966797e+01
1.051194572448730469e+01
1.053487968444824219e+01
1.058216285705566406e+01
1.053647327423095703e+01
1.054209041595458984e+01
1.057922172546386719e+01
1.052248859405517578e+01
1.056487274169921875e+01
1.053800106048583984e+01
1.056104278564453125e+01
1.059808635711669922e+01
1.059048938751220703e+01
1.053792095184326172e+01
1.056102561950683594e+01
1.053438854217529297e+01
1.056785011291503906e+01
1.051289176940917969e+01
1.053432178497314453e+01
1.054403209686279297e+01
1.051915454864501953e+01
1.059634017944335938e+01
1.052084541320800781e+01
1.056432628631591797e+01
1.054587841033935547e+01
1.050978088378906250e+01
1.055890083312988281e+01
1.054870891571044922e+01
1.054761695861816406e+01
1.049876403808593750e+01
1.057697200775146484e+01
1.057558822631835938e+01
1.050020885467529297e+01
1.054887104034423828e+01
1.053549480438232422e+01
1.054790019989013672e+01
1.055384540557861328e+01
1.053305435180664062e+01
1.053209209442138672e+01
1.056806182861328125e+01
1.053349781036376953e+01
1.050611019134521484e+01
1.050715351104736328e+01
1.051397514343261719e+01
1.054223918914794922e+01
1.055154132843017578e+01
1.051706981658935547e+01
1.051702117919921875e+01
1.057693958282470703e+01
1.051317882537841797e+01
1.053978347778320312e+01
1.054688549041748047e+01
1.052491855621337891e+01
1.054259777069091797e+01
1.054417514801025391e+01
1.051413345336914062e+01
1.052416229248046875e+01
1.055514049530029297e+01
1.052433109283447266e+01
1.055523014068603516e+01
1.051619052886962891e+01
1.051019763946533203e+01
1.056464195251464844e+01
1.054969310760498047e+01
1.046974182128906250e+01
1.051031303405761719e+01
1.055526638031005859e+01
1.053213405609130859e+01
1.050926017761230469e+01
1.054555511474609375e+01
1.052401256561279297e+01
1.050119686126708984e+01
1.053110027313232422e+01
1.049625015258789062e+01
1.050664424896240234e+01
1.052952671051025391e+01
1.053152751922607422e+01
1.055699825286865234e+01
1.052371215820312500e+01
1.049981975555419922e+01
1.053162288665771484e+01
1.051992988586425781e+01
1.055542564392089844e+01
1.055042934417724609e+01
1.054017353057861328e+01
1.052279186248779297e+01
1.052008438110351562e+01
1.058199882507324219e+01
1.058624553680419922e+01
1.048433589935302734e+01
1.053017044067382812e+01
1.054151630401611328e+01
1.053700065612792969e+01
1.057762813568115234e+01
1.057510280609130859e+01
1.048836326599121094e+01
1.049112510681152344e+01
1.051695346832275391e+01
1.046617794036865234e+01
1.055440616607666016e+01
1.050572109222412109e+01
1.054064083099365234e+01
1.051261806488037109e+01
1.050471115112304688e+01
1.055245113372802734e+01
1.049103450775146484e+01
1.055764293670654297e+01
1.051310539245605469e+01
1.056422424316406250e+01
1.055430889129638672e+01
1.048962020874023438e+01
1.050009346008300781e+01
1.051547431945800781e+01
1.051086711883544922e+01
1.057132148742675781e+01
1.050750446319580078e+01
1.050885868072509766e+01
1.051616954803466797e+01
1.048558998107910156e+01
1.053923892974853516e+01
1.050933933258056641e+01
1.055230808258056641e+01
1.047567081451416016e+01
1.051354694366455078e+01
1.047604846954345703e+01
1.053500747680664062e+01
1.050939655303955078e+01
1.051367378234863281e+01
1.048211669921875000e+01
1.053956794738769531e+01
1.050144958496093750e+01
1.053612804412841797e+01
1.057509994506835938e+01
1.054618072509765625e+01
1.050918960571289062e+01
1.048544311523437500e+01
1.049443435668945312e+01
1.052947235107421875e+01
1.053967189788818359e+01
1.052315807342529297e+01
1.053785324096679688e+01
1.050435733795166016e+01
1.051937580108642578e+01
1.050744247436523438e+01
1.050437641143798828e+01
1.055117607116699219e+01
1.048166275024414062e+01
1.054621315002441406e+01
1.056353092193603516e+01
1.054597568511962891e+01
1.046997737884521484e+01
1.052109718322753906e+01
1.047561264038085938e+01
1.043644905090332031e+01
1.047976779937744141e+01
1.052176284790039062e+01
1.050771903991699219e+01
1.041047286987304688e+01
1.053502368927001953e+01
1.053125572204589844e+01
1.050809955596923828e+01
1.053933811187744141e+01
1.051796054840087891e+01
1.050102043151855469e+01
1.047115325927734375e+01
1.048196220397949219e+01
1.052571678161621094e+01
1.047900581359863281e+01
1.050340461730957031e+01
1.049069404602050781e+01
1.051149463653564453e+01
1.048736763000488281e+01
1.054456138610839844e+01
1.054813861846923828e+01
1.051739883422851562e+01
1.047568225860595703e+01
1.046486186981201172e+01
1.050578594207763672e+01
1.056008052825927734e+01
1.049421310424804688e+01
1.049981880187988281e+01
1.050938415527343750e+01
1.054878425598144531e+01
1.048828601837158203e+01
1.053902721405029297e+01
1.051051807403564453e+01
1.052484130859375000e+01
1.051480674743652344e+01
1.055623435974121094e+01
1.051520347595214844e+01
1.049154663085937500e+01
1.051885890960693359e+01
1.051938152313232422e+01
1.053245830535888672e+01
1.053697967529296875e+01
1.053077030181884766e+01
1.053442287445068359e+01
1.051675701141357422e+01
1.057924652099609375e+01
1.049877643585205078e+01
1.055058097839355469e+01
1.051699256896972656e+01
1.051563549041748047e+01
1.046668338775634766e+01
1.047381973266601562e+01
1.048264598846435547e+01
1.048922729492187500e+01
1.048376178741455078e+01
1.046392536163330078e+01
1.051241016387939453e+01
1.050551414489746094e+01
1.050324440002441406e+01
1.050861644744873047e+01
1.056037235260009766e+01
1.046803092956542969e+01
1.053177070617675781e+01
1.047706794738769531e+01
1.053562736511230469e+01
1.048239517211914062e+01
1.056980895996093750e+01
1.047214794158935547e+01
1.051719665527343750e+01
1.051396751403808594e+01
1.045919895172119141e+01
1.047402477264404297e+01
1.051671218872070312e+01
1.041949653625488281e+01
1.052378654479980469e+01
1.051274394989013672e+01
1.052623462677001953e+01
1.047302150726318359e+01
1.046970176696777344e+01
1.053975772857666016e+01
1.048876857757568359e+01
1.052097034454345703e+01
1.050813102722167969e+01
1.056261348724365234e+01
1.046661853790283203e+01
1.049025821685791016e+01
1.050784206390380859e+01
1.049925708770751953e+01
1.051169109344482422e+01
1.055358505249023438e+01
1.053501510620117188e+01
1.048427200317382812e+01
1.047497463226318359e+01
1.047012424468994141e+01
1.047946548461914062e+01
1.047500038146972656e+01
1.051676654815673828e+01
1.050514698028564453e+01
1.049060916900634766e+01
1.049015045166015625e+01
1.051150512695312500e+01
1.053837680816650391e+01
1.052197265625000000e+01
1.048849487304687500e+01
1.053178405761718750e+01
1.053866577148437500e+01
1.051190090179443359e+01
1.053628540039062500e+01
1.051141071319580078e+01
1.052023887634277344e+01
1.051017570495605469e+01
1.050546264648437500e+01
1.047472190856933594e+01
1.049874782562255859e+01
1.047770595550537109e+01
1.047832965850830078e+01
1.050573539733886719e+01
1.047163391113281250e+01
1.052638721466064453e+01
1.042958641052246094e+01
1.046477699279785156e+01
1.048405265808105469e+01
1.051547431945800781e+01
1.049154663085937500e+01
1.052359580993652344e+01
1.046796798706054688e+01
1.049542808532714844e+01
1.048511409759521484e+01
1.046599483489990234e+01
1.051399612426757812e+01
1.050250339508056641e+01
1.053236484527587891e+01
1.048720169067382812e+01
1.043890476226806641e+01
1.043217277526855469e+01
1.054527664184570312e+01
1.049843406677246094e+01
1.050498771667480469e+01
1.055489349365234375e+01
1.049499320983886719e+01
1.048520851135253906e+01
1.044170475006103516e+01
1.047344112396240234e+01
1.048082733154296875e+01
1.042019844055175781e+01
1.050340270996093750e+01
1.043457794189453125e+01
1.051483249664306641e+01
1.045346927642822266e+01
1.050759315490722656e+01
1.042792510986328125e+01
1.043962955474853516e+01
1.047890853881835938e+01
1.045981311798095703e+01
1.051415157318115234e+01
1.047585010528564453e+01
1.049073696136474609e+01
1.048090076446533203e+01
1.049349594116210938e+01
1.046076583862304688e+01
1.041888332366943359e+01
1.049121284484863281e+01
1.053220653533935547e+01
1.044185638427734375e+01
1.051445579528808594e+01
1.048347473144531250e+01
1.051510524749755859e+01
1.048132705688476562e+01
1.049404907226562500e+01
1.048509216308593750e+01
1.045026016235351562e+01
1.045225048065185547e+01
1.048541641235351562e+01
1.047300815582275391e+01
1.044669818878173828e+01
1.046255874633789062e+01
1.049661445617675781e+01
1.052957344055175781e+01
1.050044727325439453e+01
1.049229907989501953e+01
1.053629589080810547e+01
1.047037601470947266e+01
1.051595878601074219e+01
1.050092887878417969e+01
1.051648139953613281e+01
1.040578269958496094e+01
1.044084930419921875e+01
1.050266742706298828e+01
1.050859069824218750e+01
1.046109199523925781e+01
1.043618869781494141e+01
1.044565105438232422e+01
1.045488834381103516e+01
1.045690345764160156e+01
1.041414737701416016e+01
1.050475692749023438e+01
1.046835136413574219e+01
1.049484920501708984e+01
1.046374225616455078e+01
1.051879978179931641e+01
1.050207614898681641e+01
1.049204063415527344e+01
1.045653247833251953e+01
1.044179630279541016e+01
1.050859260559082031e+01
1.048357486724853516e+01
1.056983470916748047e+01
1.047246646881103516e+01
1.051512813568115234e+01
1.045557975769042969e+01
1.048043441772460938e+01
1.046094322204589844e+01
1.047202205657958984e+01
1.050941371917724609e+01
1.051751518249511719e+01
1.042389011383056641e+01
1.052208328247070312e+01
1.046651649475097656e+01
1.054792022705078125e+01
1.043638992309570312e+01
1.046672534942626953e+01
1.048915863037109375e+01
1.051450443267822266e+01
1.047255229949951172e+01
1.045101833343505859e+01
1.044099617004394531e+01
1.044715118408203125e+01
1.049005413055419922e+01
1.045315361022949219e+01
1.049203681945800781e+01
1.046811771392822266e+01
1.047919273376464844e+01
1.051485347747802734e+01
1.047112751007080078e+01
1.046229648590087891e+01
1.050932407379150391e+01
1.044279575347900391e+01
1.051514530181884766e+01
1.040435314178466797e+01
1.046078109741210938e+01
1.052713680267333984e+01
1.048671913146972656e+01
1.046415710449218750e+01
1.049609661102294922e+01
1.047928333282470703e+01
1.045077037811279297e+01
1.048013591766357422e+01
1.047871017456054688e+01
1.048147010803222656e+01
1.052583408355712891e+01
1.051089096069335938e+01
1.051654052734375000e+01
1.047583770751953125e+01
1.043019771575927734e+01
1.042347145080566406e+01
1.047041797637939453e+01
1.044710540771484375e+01
1.049313449859619141e+01
1.044727706909179688e+01
1.042679786682128906e+01
1.047042655944824219e+01
1.050580406188964844e+01
1.049275302886962891e+01
1.048282527923583984e+01
1.050849723815917969e+01
1.047521591186523438e+01
1.044118976593017578e+01
1.044628047943115234e+01
1.053895854949951172e+01
1.045827579498291016e+01
1.053172397613525391e+01
1.051293563842773438e+01
1.054097938537597656e+01
1.044386768341064453e+01
1.043688964843750000e+01
1.051117610931396484e+01
1.045333576202392578e+01
1.044088935852050781e+01
1.044995021820068359e+01
1.044024276733398438e+01
1.040085506439208984e+01
1.046869754791259766e+01
1.047054004669189453e+01
1.048820018768310547e+01
1.045613765716552734e+01
1.047680377960205078e+01
1.050579261779785156e+01
1.045892524719238281e+01
1.041471385955810547e+01
1.046865081787109375e+01
1.047121810913085938e+01
1.047155284881591797e+01
1.046089935302734375e+01
1.047366142272949219e+01
1.042805767059326172e+01
1.050499820709228516e+01
1.047698783874511719e+01
1.047039222717285156e+01
1.050205898284912109e+01
1.046536540985107422e+01
1.052732181549072266e+01
1.045367622375488281e+01
1.045784187316894531e+01
1.050788116455078125e+01
1.054498672485351562e+01
1.051260089874267578e+01
1.050153923034667969e+01
1.046695804595947266e+01
1.042451477050781250e+01
1.048470497131347656e+01
1.039119911193847656e+01
1.050027656555175781e+01
1.047723674774169922e+01
1.045088386535644531e+01
1.045012187957763672e+01
1.047082805633544922e+01
1.049577617645263672e+01
1.047895050048828125e+01
1.046036815643310547e+01
1.043137073516845703e+01
1.048979759216308594e+01
1.052024459838867188e+01
1.036991119384765625e+01
1.044360733032226562e+01
1.049407958984375000e+01
1.050962543487548828e+01
1.048989105224609375e+01
1.047848320007324219e+01
1.044134998321533203e+01
1.045506000518798828e+01
1.052105236053466797e+01
1.054825782775878906e+01
1.052126693725585938e+01
1.045078086853027344e+01
1.045745372772216797e+01
1.047746276855468750e+01
1.047161483764648438e+01
1.046397304534912109e+01
1.048407077789306641e+01
1.046261692047119141e+01
1.046746635437011719e+01
1.050546741485595703e+01
1.052096748352050781e+01
1.048329448699951172e+01
1.047174644470214844e+01
1.043098068237304688e+01
1.044820499420166016e+01
1.045784759521484375e+01
1.051960563659667969e+01
1.043508052825927734e+01
1.050851726531982422e+01
1.051223659515380859e+01
1.049421691894531250e+01
1.050366878509521484e+01
1.047266006469726562e+01
1.048751163482666016e+01
1.050028800964355469e+01
1.044828605651855469e+01
1.044190692901611328e+01
1.045324516296386719e+01
1.041427135467529297e+01
1.047340202331542969e+01
1.036559867858886719e+01
1.047212600708007812e+01
1.049085521697998047e+01
1.051899909973144531e+01
1.046197986602783203e+01
1.047594261169433594e+01
1.047720623016357422e+01
1.047701549530029297e+01
1.051106071472167969e+01
1.049972248077392578e+01
1.046319293975830078e+01
1.045786190032958984e+01
1.046247673034667969e+01
1.047577190399169922e+01
1.045021533966064453e+01
1.048005294799804688e+01
1.051101970672607422e+01
1.048340988159179688e+01
1.040848541259765625e+01
1.051035022735595703e+01
1.046362113952636719e+01
1.047649002075195312e+01
1.045473003387451172e+01
1.045611095428466797e+01
1.041626071929931641e+01
1.043036651611328125e+01
1.045444107055664062e+01
1.046151828765869141e+01
1.044967937469482422e+01
1.045068454742431641e+01
1.043341636657714844e+01
1.040648365020751953e+01
1.050756454467773438e+01
1.043458271026611328e+01
1.044614028930664062e+01
1.050661945343017578e+01
1.046610260009765625e+01
1.044680118560791016e+01
1.049873733520507812e+01
1.047237873077392578e+01
1.052538394927978516e+01
1.049566364288330078e+01
1.047638988494873047e+01
1.047346401214599609e+01
1.044251155853271484e+01
1.032709980010986328e+01
1.042699432373046875e+01
1.046754932403564453e+01
1.047778892517089844e+01
1.042984771728515625e+01
1.048776340484619141e+01
1.053747367858886719e+01
1.047627830505371094e+01
1.051059722900390625e+01
1.043169689178466797e+01
1.047042751312255859e+01
1.046510982513427734e+01
1.045974445343017578e+01
1.046242713928222656e+01
1.048201370239257812e+01
1.042897033691406250e+01
1.046726799011230469e+01
1.044581604003906250e+01
1.045646667480468750e+01
1.047492313385009766e+01
1.044029808044433594e+01
1.043323898315429688e+01
1.044195938110351562e+01
1.046205902099609375e+01
1.047478675842285156e+01
1.044101047515869141e+01
1.045734310150146484e+01
1.042116641998291016e+01
1.049606227874755859e+01
1.044366168975830078e+01
1.043548202514648438e+01
1.044137287139892578e+01
1.049569320678710938e+01
1.046504878997802734e+01
1.042891120910644531e+01
1.046234416961669922e+01
1.040341854095458984e+01
1.036292076110839844e+01
1.047572803497314453e+01
1.045714759826660156e+01
1.044390106201171875e+01
1.039140033721923828e+01
1.044208621978759766e+01
1.044478321075439453e+01
1.045295524597167969e+01
1.046352386474609375e+01
1.043213462829589844e+01
1.041996002197265625e+01
1.043741512298583984e+01
1.039488220214843750e+01
1.048568344116210938e+01
1.046570205688476562e+01
1.046859645843505859e+01
1.041840267181396484e+01
1.046396350860595703e+01
1.046807575225830078e+01
1.049410343170166016e+01
1.045653629302978516e+01
1.043570137023925781e+01
1.046445941925048828e+01
1.049886131286621094e+01
1.049447250366210938e+01
1.048895740509033203e+01
1.043332862854003906e+01
1.044534301757812500e+01
1.043989562988281250e+01
1.048871612548828125e+01
1.045444393157958984e+01
1.044927215576171875e+01
1.047156810760498047e+01
1.051494979858398438e+01
1.044927310943603516e+01
1.047369480133056641e+01
1.043586826324462891e+01
1.052203559875488281e+01
1.045492553710937500e+01
1.046213626861572266e+01
1.049820518493652344e+01
1.047596931457519531e+01
1.049364185333251953e+01
1.041526985168457031e+01
1.046484184265136719e+01
1.046490478515625000e+01
1.043888759613037109e+01
1.048591232299804688e+01
1.036381149291992188e+01
1.045945549011230469e+01
1.050413417816162109e+01
1.041649055480957031e+01
1.045370197296142578e+01
1.046664714813232422e+01
1.045196151733398438e+01
1.041012763977050781e+01
1.048267269134521484e+01
1.040581989288330078e+01
1.044023609161376953e+01
1.048523521423339844e+01
1.041182804107666016e+01
1.045075416564941406e+01
1.050182056427001953e+01
1.046625709533691406e+01
1.047098731994628906e+01
1.040740394592285156e+01
1.043163681030273438e+01
1.041975879669189453e+01
1.045854663848876953e+01
1.043432426452636719e+01
1.041919136047363281e+01
1.046410179138183594e+01
1.045956134796142578e+01
1.041978931427001953e+01
1.042133235931396484e+01
1.046648788452148438e+01
1.047966766357421875e+01
1.045708465576171875e+01
1.044402408599853516e+01
1.045520973205566406e+01
1.043197727203369141e+01
1.041810512542724609e+01
1.046058559417724609e+01
1.048188495635986328e+01
1.044152927398681641e+01
1.047515010833740234e+01
1.048923683166503906e+01
1.044854736328125000e+01
1.045412254333496094e+01
1.046498107910156250e+01
1.045965766906738281e+01
1.032141590118408203e+01
1.048096179962158203e+01
1.049453639984130859e+01
1.043750000000000000e+01
1.042945480346679688e+01
1.043068218231201172e+01
1.045662117004394531e+01
1.036858367919921875e+01
1.047505760192871094e+01
1.041990375518798828e+01
1.048120689392089844e+01
1.038541507720947266e+01
1.045063304901123047e+01
1.050530624389648438e+01
1.053258037567138672e+01
1.038003158569335938e+01
1.041357326507568359e+01
1.047798919677734375e+01
1.046133136749267578e+01
1.043456172943115234e+01
1.045875453948974609e+01
1.042112827301025391e+01
1.046091079711914062e+01
1.043802356719970703e+01
1.040369319915771484e+01
1.046546363830566406e+01
1.037089729309082031e+01
1.042134189605712891e+01
1.042157363891601562e+01
1.042274284362792969e+01
1.044347000122070312e+01
1.040690422058105469e+01
1.044463920593261719e+01
1.038308143615722656e+01
1.047814559936523438e+01
1.046749401092529297e+01
1.043163585662841797e+01
1.045433425903320312e+01
1.044720554351806641e+01
1.046208572387695312e+01
1.048956489562988281e+01
1.045861053466796875e+01
1.047623729705810547e+01
1.042162227630615234e+01
1.042650127410888672e+01
1.043074226379394531e+01
1.050469970703125000e+01
1.038579082489013672e+01
1.044518470764160156e+01
1.043430137634277344e+01
1.049708843231201172e+01
1.046936130523681641e+01
1.044769763946533203e+01
1.039759826660156250e+01
1.041688442230224609e+01
1.045014095306396484e+01
1.039690780639648438e+01
1.035271358489990234e+01
1.048860454559326172e+01
1.044341278076171875e+01
1.045271015167236328e+01
1.045176219940185547e+01
1.044099807739257812e+01
1.041501426696777344e+01
1.046034240722656250e+01
1.051877784729003906e+01
1.045214366912841797e+01
1.036394405364990234e+01
1.042640018463134766e+01
1.046037864685058594e+01
1.047394275665283203e+01
1.046887779235839844e+01
1.050801944732666016e+01
1.041308307647705078e+01
1.050140857696533203e+01
1.042084026336669922e+01
1.049148178100585938e+01
1.052888011932373047e+01
1.045150852203369141e+01
1.042486667633056641e+01
1.044231986999511719e+01
1.048083400726318359e+01
1.041197681427001953e+01
1.041692066192626953e+01
1.041179752349853516e+01
1.050411605834960938e+01
1.045518112182617188e+01
1.045664215087890625e+01
1.047903060913085938e+01
1.042130661010742188e+01
1.046921634674072266e+01
1.041492843627929688e+01
1.051545429229736328e+01
1.047934818267822266e+01
1.046286010742187500e+01
1.047037982940673828e+01
1.044846820831298828e+01
1.039016056060791016e+01
1.039506053924560547e+01
1.049412441253662109e+01
1.047145271301269531e+01
1.042757892608642578e+01
1.034005355834960938e+01
1.044774627685546875e+01
1.044262981414794922e+01
1.040580749511718750e+01
1.048563766479492188e+01
1.042650985717773438e+01
1.042791461944580078e+01
1.045471763610839844e+01
1.044052219390869141e+01
1.041181373596191406e+01
1.047818374633789062e+01
1.046129131317138672e+01
1.038595485687255859e+01
1.044125843048095703e+01
1.050536155700683594e+01
1.040985488891601562e+01
1.043846321105957031e+01
1.043213748931884766e+01
1.046547412872314453e+01
1.043223857879638672e+01
1.048748302459716797e+01
1.044902706146240234e+01
1.043903541564941406e+01
1.045645332336425781e+01
1.047018814086914062e+01
1.046534442901611328e+01
1.047853374481201172e+01
1.046627807617187500e+01
1.046459102630615234e+01
1.048925781250000000e+01
1.045275783538818359e+01
1.043781471252441406e+01
1.032558917999267578e+01
1.045354557037353516e+01
1.045115566253662109e+01
1.041475772857666016e+01
1.042263221740722656e+01
1.045495891571044922e+01
1.044705486297607422e+01
1.039633750915527344e+01
1.048419475555419922e+01
1.044020080566406250e+01
1.043750858306884766e+01
1.047377967834472656e+01
1.042276859283447266e+01
1.044220542907714844e+01
1.043664550781250000e+01
1.040062141418457031e+01
1.049661445617675781e+01
1.045548820495605469e+01
1.046613597869873047e+01
1.045992851257324219e+01
1.039073944091796875e+01
1.040991020202636719e+01
1.041880321502685547e+01
1.049240398406982422e+01
1.040949344635009766e+01
1.049096488952636719e+01
1.046933174133300781e+01
1.042748832702636719e+01
1.046813106536865234e+01
1.045184707641601562e+01
1.046806049346923828e+01
1.043256378173828125e+01
1.041397857666015625e+01
1.041137504577636719e+01
1.045003700256347656e+01
1.048799896240234375e+01
1.042055988311767578e+01
1.046562290191650391e+01
1.039756107330322266e+01
1.046665668487548828e+01
1.039242267608642578e+01
1.043165779113769531e+01
1.040719032287597656e+01
1.048332309722900391e+01
1.046076202392578125e+01
1.047216987609863281e+01
1.034620571136474609e+01
1.042218303680419922e+01
1.045091724395751953e+01
1.040246772766113281e+01
1.048495292663574219e+01
1.047320461273193359e+01
1.046895027160644531e+01
1.037736892700195312e+01
1.035522365570068359e+01
1.043257141113281250e+01
1.044876098632812500e+01
1.044254589080810547e+01
1.038399124145507812e+01
1.045665931701660156e+01
1.039178943634033203e+01
1.047506809234619141e+01
1.044849205017089844e+01
1.041210937500000000e+01
1.047397041320800781e+01
1.047029781341552734e+01
1.042768478393554688e+01
1.045683097839355469e+01
1.042978572845458984e+01
1.040901374816894531e+01
1.047736358642578125e+01
1.047101211547851562e+01
1.041349792480468750e+01
1.043708992004394531e+01
1.046129608154296875e+01
1.046232986450195312e+01
1.041386413574218750e+01
1.040635204315185547e+01
1.041489028930664062e+01
1.048829174041748047e+01
1.041365432739257812e+01
1.044339656829833984e+01
1.046906375885009766e+01
1.046087074279785156e+01
1.042329025268554688e+01
1.042667102813720703e+01
1.041770362854003906e+01
1.037341308593750000e+01
1.040875625610351562e+01
1.045820617675781250e+01
1.044759941101074219e+01
1.043465232849121094e+01
1.047097396850585938e+01
1.043147754669189453e+01
1.046118259429931641e+01
1.035364341735839844e+01
1.045712566375732422e+01
1.043722248077392578e+01
1.045946788787841797e+01
1.037485122680664062e+01
1.043801403045654297e+01
1.044432353973388672e+01
1.046646213531494141e+01
1.043154907226562500e+01
1.047964096069335938e+01
1.045500755310058594e+01
1.040285968780517578e+01
1.042864131927490234e+01
1.043626403808593750e+01
1.043139076232910156e+01
1.049489307403564453e+01
1.042060852050781250e+01
1.042787361145019531e+01
1.047465610504150391e+01
1.045073032379150391e+01
1.041921901702880859e+01
1.044813632965087891e+01
1.038035488128662109e+01
1.044264125823974609e+01
1.040030002593994141e+01
1.049327754974365234e+01
1.043361377716064453e+01
1.042976474761962891e+01
1.043362522125244141e+01
1.048385810852050781e+01
1.043824672698974609e+01
1.043038463592529297e+01
1.043185329437255859e+01
1.046655082702636719e+01
1.042063331604003906e+01
1.040839481353759766e+01
1.042563056945800781e+01
1.043323326110839844e+01
1.042801284790039062e+01
1.046643924713134766e+01
1.036996364593505859e+01
1.046982383728027344e+01
1.044473075866699219e+01
1.038417816162109375e+01
1.044661617279052734e+01
1.041284179687500000e+01
1.046680450439453125e+01
1.042891216278076172e+01
1.049713420867919922e+01
1.045426559448242188e+01
1.046573638916015625e+01
1.042592144012451172e+01
1.044820880889892578e+01
1.044989395141601562e+01
1.042759323120117188e+01
1.041527748107910156e+01
1.043629837036132812e+01
1.039697360992431641e+01
1.047753715515136719e+01
1.046143245697021484e+01
1.042809772491455078e+01
1.046045780181884766e+01
1.044050884246826172e+01
1.042544651031494141e+01
1.046190929412841797e+01
1.043944931030273438e+01
1.045847511291503906e+01
1.040248107910156250e+01
1.047839164733886719e+01
1.045939064025878906e+01
1.042054271697998047e+01
1.035661697387695312e+01
1.046035099029541016e+01
1.043006420135498047e+01
1.042054080963134766e+01
1.036390876770019531e+01
1.044433403015136719e+01
1.039457130432128906e+01
1.045042419433593750e+01
1.042933273315429688e+01
1.041938495635986328e+01
1.044159507751464844e+01
1.046430015563964844e+01
1.046710872650146484e+01
1.044564437866210938e+01
1.046131324768066406e+01
1.036021709442138672e+01
1.043619918823242188e+01
1.038623332977294922e+01
1.041563129425048828e+01
1.036836910247802734e+01
1.041151428222656250e+01
1.043590545654296875e+01
1.039682865142822266e+01
1.041823959350585938e+01
1.044963550567626953e+01
1.048682785034179688e+01
1.041092014312744141e+01
1.039803028106689453e+01
1.044207000732421875e+01
1.044857120513916016e+01
1.044546222686767578e+01
1.050254631042480469e+01
1.044602680206298828e+01
1.041079902648925781e+01
1.043829917907714844e+01
1.043408679962158203e+01
1.044215202331542969e+01
1.043601131439208984e+01
1.044826316833496094e+01
1.042794322967529297e+01
1.042892074584960938e+01
1.043421936035156250e+01
1.047272491455078125e+01
1.042321586608886719e+01
1.039993286132812500e+01
1.035489082336425781e+01
1.043203449249267578e+01
1.047601318359375000e+01
1.045918083190917969e+01
1.044906520843505859e+01
1.044882965087890625e+01
1.037098407745361328e+01
1.040387058258056641e+01
1.040793609619140625e+01
1.043458175659179688e+01
1.041310119628906250e+01
1.040733718872070312e+01
1.039413452148437500e+01
1.044691181182861328e+01
1.037318897247314453e+01
1.044239902496337891e+01
1.041217994689941406e+01
1.038916397094726562e+01
1.044884300231933594e+01
1.044327259063720703e+01
1.037628841400146484e+01
1.047604751586914062e+01
1.036395359039306641e+01
1.043746566772460938e+01
1.036031436920166016e+01
1.045990276336669922e+01
1.041228675842285156e+01
1.042467784881591797e+01
1.036351013183593750e+01
1.036315536499023438e+01
1.041055679321289062e+01
1.046920013427734375e+01
1.046652412414550781e+01
1.040308570861816406e+01
1.037711429595947266e+01
1.048237228393554688e+01
1.042213344573974609e+01
1.043150711059570312e+01
1.046757030487060547e+01
1.042064380645751953e+01
1.036610317230224609e+01
1.041960144042968750e+01
1.043368625640869141e+01
1.041552925109863281e+01
1.041049480438232422e+01
1.041491222381591797e+01
1.040685558319091797e+01
1.046195030212402344e+01
1.039457416534423828e+01
1.050332450866699219e+01
1.042455768585205078e+01
1.046094417572021484e+01
1.046014118194580078e+01
1.047839641571044922e+01
1.045560646057128906e+01
1.046033477783203125e+01
1.036065101623535156e+01
1.040606212615966797e+01
1.039123821258544922e+01
1.035266971588134766e+01
1.042922019958496094e+01
1.048355484008789062e+01
1.040242290496826172e+01
1.044568443298339844e+01
1.041645431518554688e+01
1.046033191680908203e+01
1.045230007171630859e+01
1.043825244903564453e+01
1.042244338989257812e+01
1.044783496856689453e+01
1.045935535430908203e+01
1.039323139190673828e+01
1.033803749084472656e+01
1.035978317260742188e+01
1.042542934417724609e+01
1.042216491699218750e+01
1.041315174102783203e+01
1.046640586853027344e+01
1.041743850708007812e+01
1.044993972778320312e+01
1.038603878021240234e+01
1.041622447967529297e+01
1.043136692047119141e+01
1.038519763946533203e+01
1.040407085418701172e+01
1.042534542083740234e+01
1.044066143035888672e+01
1.039759540557861328e+01
1.044699859619140625e+01
1.041516494750976562e+01
1.040864181518554688e+01
1.039020633697509766e+01
1.041630649566650391e+01
1.037784957885742188e+01
1.033988666534423828e+01
1.044206237792968750e+01
1.038704013824462891e+01
1.048413181304931641e+01
1.043061923980712891e+01
1.047348785400390625e+01
1.047305870056152344e+01
1.044250202178955078e+01
1.045158004760742188e+01
1.044626808166503906e+01
1.035887908935546875e+01
1.043410682678222656e+01
1.036708831787109375e+01
1.042578697204589844e+01
1.043489742279052734e+01
1.040976142883300781e+01
1.041220760345458984e+01
1.041215133666992188e+01
1.042943000793457031e+01
1.044101428985595703e+01
1.042619705200195312e+01
1.040694713592529297e+01
1.043597030639648438e+01
1.031322383880615234e+01
1.040346717834472656e+01
1.043005847930908203e+01
1.044008255004882812e+01
1.034368610382080078e+01
1.050368690490722656e+01
1.045873928070068359e+01
1.037887954711914062e+01
1.050357246398925781e+01
1.042001342773437500e+01
1.045859336853027344e+01
1.043134307861328125e+01
1.043072032928466797e+01
1.046511936187744141e+01
1.044751167297363281e+01
1.039991474151611328e+01
1.039443302154541016e+01
1.043154430389404297e+01
1.043524265289306641e+01
1.042087936401367188e+01
1.037394046783447266e+01
1.043403244018554688e+01
1.040065860748291016e+01
1.035199069976806641e+01
1.044517898559570312e+01
1.045714473724365234e+01
1.046139717102050781e+01
1.039507675170898438e+01
1.042927074432373047e+01
1.040357685089111328e+01
1.033728504180908203e+01
1.044232654571533203e+01
1.047183799743652344e+01
1.044836521148681641e+01
1.039961051940917969e+01
1.047136878967285156e+01
1.048819065093994141e+01
1.043508720397949219e+01
1.041170024871826172e+01
1.040862464904785156e+01
1.043537235260009766e+01
1.041871070861816406e+01
1.033918380737304688e+01
1.044691085815429688e+01
1.044823169708251953e+01
1.039099121093750000e+01
1.041178703308105469e+01
1.042049789428710938e+01
1.045193958282470703e+01
1.047605609893798828e+01
1.040933036804199219e+01
1.037816047668457031e+01
1.043572998046875000e+01
1.039032173156738281e+01
1.034170532226562500e+01
1.044063472747802734e+01
1.039664649963378906e+01
1.042460632324218750e+01
1.034259605407714844e+01
1.044465827941894531e+01
1.047299480438232422e+01
1.043792629241943359e+01
1.034125804901123047e+01
1.040935325622558594e+01
1.045314311981201172e+01
1.040772151947021484e+01
1.041998291015625000e+01
1.045510864257812500e+01
1.038372898101806641e+01
1.043767547607421875e+01
1.044490146636962891e+01
1.035173797607421875e+01
1.042178249359130859e+01
1.043686676025390625e+01
1.039814949035644531e+01
1.042141246795654297e+01
1.040652751922607422e+01
1.041220664978027344e+01
1.043760204315185547e+01
1.046291351318359375e+01
1.042373943328857422e+01
1.043038749694824219e+01
1.037758159637451172e+01
1.043019104003906250e+01
1.033163452148437500e+01
1.033315658569335938e+01
1.040271568298339844e+01
1.036860847473144531e+01
1.041497039794921875e+01
1.048670673370361328e+01
1.044062423706054688e+01
1.038941764831542969e+01
1.038571643829345703e+01
1.042224979400634766e+01
1.042449951171875000e+01
1.038374996185302734e+01
1.036665058135986328e+01
1.042234134674072266e+01
1.041020298004150391e+01
1.042886638641357422e+01
1.038503170013427734e+01
1.045789432525634766e+01
1.046802520751953125e+01
1.042645835876464844e+01
1.042506790161132812e+01
1.038539314270019531e+01
1.041053009033203125e+01
1.038434410095214844e+01
1.046161651611328125e+01
1.042790508270263672e+01
1.044660186767578125e+01
1.039119911193847656e+01
1.040577602386474609e+01
1.041720104217529297e+01
1.041522789001464844e+01
1.044117164611816406e+01
1.035425853729248047e+01
1.039224052429199219e+01
1.041906452178955078e+01
1.042222213745117188e+01
1.034433078765869141e+01
1.043157005310058594e+01
1.040527534484863281e+01
1.035886001586914062e+01
1.038232135772705078e+01
1.041294670104980469e+01
1.043274116516113281e+01
1.048083496093750000e+01
1.040137386322021484e+01
1.044528961181640625e+01
1.038050460815429688e+01
1.030350208282470703e+01
1.046916294097900391e+01
1.036419105529785156e+01
1.040538501739501953e+01
1.040161609649658203e+01
1.037899971008300781e+01
1.040369796752929688e+01
1.045184707641601562e+01
1.035923290252685547e+01
1.040901947021484375e+01
1.050639915466308594e+01
1.044302654266357422e+01
1.041000366210937500e+01
1.044129753112792969e+01
1.036328697204589844e+01
1.045421314239501953e+01
1.038823509216308594e+01
1.040862560272216797e+01
1.043481254577636719e+01
1.043081378936767578e+01
1.043487834930419922e+01
1.044635486602783203e+01
1.035034465789794922e+01
1.036725425720214844e+01
1.042893600463867188e+01
1.040429878234863281e+01
1.044657230377197266e+01
1.038270092010498047e+01
1.040239906311035156e+01
1.049563312530517578e+01
1.044154930114746094e+01
1.034762191772460938e+01
1.035694789886474609e+01
1.041573047637939453e+01
1.038618850708007812e+01
1.045027542114257812e+01
1.043850135803222656e+01
1.040005588531494141e+01
1.043825054168701172e+01
1.042244911193847656e+01
1.035115909576416016e+01
1.037164306640625000e+01
1.045843887329101562e+01
1.044853973388671875e+01
1.035784626007080078e+01
1.043806648254394531e+01
1.043176364898681641e+01
1.046147155761718750e+01
1.032715702056884766e+01
1.039396095275878906e+01
1.037759590148925781e+01
1.051834297180175781e+01
1.039351272583007812e+01
1.038801288604736328e+01
1.038047218322753906e+01
1.046354961395263672e+01
1.051101779937744141e+01
1.036841392517089844e+01
1.043876361846923828e+01
1.036800670623779297e+01
1.039654922485351562e+01
1.040025520324707031e+01
1.041946315765380859e+01
1.042348766326904297e+01
1.038694667816162109e+01
1.041606712341308594e+01
1.034753131866455078e+01
1.037448024749755859e+01
1.039990234375000000e+01
1.039316463470458984e+01
1.045705986022949219e+01
1.047412014007568359e+01
1.039928817749023438e+01
1.032034015655517578e+01
1.035821533203125000e+01
1.046759033203125000e+01
1.039168643951416016e+01
1.037322235107421875e+01
1.040337848663330078e+01
1.029057979583740234e+01
1.045249366760253906e+01
1.038039875030517578e+01
1.039307403564453125e+01
1.038556098937988281e+01
1.046358394622802734e+01
1.039950466156005859e+01
1.037976837158203125e+01
1.045902919769287109e+01
1.042806816101074219e+01
1.040550994873046875e+01
1.041760063171386719e+01
1.040942096710205078e+01
1.041442966461181641e+01
1.043991947174072266e+01
1.047618484497070312e+01
1.043373775482177734e+01
1.037622070312500000e+01
1.033391761779785156e+01
1.037006473541259766e+01
1.046601867675781250e+01
1.036294269561767578e+01
1.045739936828613281e+01
1.038276958465576172e+01
1.035902118682861328e+01
1.039306831359863281e+01
1.038335704803466797e+01
1.038410282135009766e+01
1.042048263549804688e+01
1.040251636505126953e+01
1.039146804809570312e+01
1.033756828308105469e+01
1.040178394317626953e+01
1.039452934265136719e+01
1.022722721099853516e+01
1.034901428222656250e+01
1.043435001373291016e+01
1.045558357238769531e+01
1.045200824737548828e+01
1.038409042358398438e+01
1.035529327392578125e+01
1.042335796356201172e+01
1.040114021301269531e+01
1.038837814331054688e+01
1.044091796875000000e+01
1.034994029998779297e+01
1.042678260803222656e+01
1.034521198272705078e+01
1.037904453277587891e+01
1.043569946289062500e+01
1.039084243774414062e+01
1.040318107604980469e+01
1.036861991882324219e+01
1.044621372222900391e+01
1.039081764221191406e+01
1.042493438720703125e+01
1.042154121398925781e+01
1.038678932189941406e+01
1.038973045349121094e+01
1.037522220611572266e+01
1.039644432067871094e+01
1.039350605010986328e+01
1.045899391174316406e+01
1.039515018463134766e+01
1.043869304656982422e+01
1.039698696136474609e+01
1.039328002929687500e+01
1.039321899414062500e+01
1.040389251708984375e+01
1.037098503112792969e+01
1.039661693572998047e+01
1.040014266967773438e+01
1.036416149139404297e+01
1.042076873779296875e+01
1.049133110046386719e+01
1.039124107360839844e+01
1.042594146728515625e+01
1.041349601745605469e+01
1.044474315643310547e+01
1.039409828186035156e+01
1.038441753387451172e+01
1.038140201568603516e+01
1.042129707336425781e+01
1.039891529083251953e+01
1.039711380004882812e+01
1.039238929748535156e+01
1.040069770812988281e+01
1.037173461914062500e+01
1.040155792236328125e+01
1.042879486083984375e+01
1.037056159973144531e+01
1.038981533050537109e+01
1.039058971405029297e+01
1.040389060974121094e+01
1.036654949188232422e+01
1.042186546325683594e+01
1.042023658752441406e+01
1.041399478912353516e+01
1.037540531158447266e+01
1.039449691772460938e+01
1.037791824340820312e+01
1.035686874389648438e+01
1.047404766082763672e+01
1.040457344055175781e+01
1.038752651214599609e+01
1.037864398956298828e+01
1.039754772186279297e+01
1.033811569213867188e+01
1.041168785095214844e+01
1.039225578308105469e+01
1.048363971710205078e+01
1.035490989685058594e+01
1.041018962860107422e+01
1.048421955108642578e+01
1.036642742156982422e+01
1.038054180145263672e+01
1.036049747467041016e+01
1.037461662292480469e+01
1.038920497894287109e+01
1.043326568603515625e+01
1.049455356597900391e+01
1.030817508697509766e+01
1.044180488586425781e+01
1.026102066040039062e+01
1.041401863098144531e+01
1.036255359649658203e+01
1.038172626495361328e+01
1.047448635101318359e+01
1.041649150848388672e+01
1.031946468353271484e+01
1.037744617462158203e+01
1.039963817596435547e+01
1.043405628204345703e+01
1.041662693023681641e+01
1.038352394104003906e+01
1.039455032348632812e+01
1.044777297973632812e+01
1.040742111206054688e+01
1.045988655090332031e+01
1.040169525146484375e+01
1.038468837738037109e+01
1.038439655303955078e+01
1.041825771331787109e+01
1.037779045104980469e+01
1.036482429504394531e+01
1.037576293945312500e+01
1.042725658416748047e+01
1.038780879974365234e+01
1.036106109619140625e+01
1.039150428771972656e+01
1.039910697937011719e+01
1.039853477478027344e+01
1.040242767333984375e+01
1.038924598693847656e+01
1.039062786102294922e+01
1.042769145965576172e+01
1.033413410186767578e+01
1.042593574523925781e+01
1.038490676879882812e+01
1.040746784210205078e+01
1.036809539794921875e+01
1.036766052246093750e+01
1.043554878234863281e+01
1.049418163299560547e+01
1.043456459045410156e+01
1.041191768646240234e+01
1.045205974578857422e+01
1.040543079376220703e+01
1.043693351745605469e+01
1.032824897766113281e+01
1.039882946014404297e+01
1.038542556762695312e+01
1.039812660217285156e+01
1.040796947479248047e+01
1.041152095794677734e+01
1.038409709930419922e+01
1.037572288513183594e+01
1.037999057769775391e+01
1.038037776947021484e+01
1.043245697021484375e+01
1.043938255310058594e+01
1.034128856658935547e+01
1.036832332611083984e+01
1.040766716003417969e+01
1.039189338684082031e+01
1.043147754669189453e+01
1.027038383483886719e+01
1.040371036529541016e+01
1.039298534393310547e+01
1.034650802612304688e+01
1.038120174407958984e+01
1.034588527679443359e+01
1.038850784301757812e+01
1.040291404724121094e+01
1.046814441680908203e+01
1.042778968811035156e+01
1.041038036346435547e+01
1.041998481750488281e+01
1.037635612487792969e+01
1.039288139343261719e+01
1.043922138214111328e+01
1.038386249542236328e+01
1.042582511901855469e+01
1.044410991668701172e+01
1.042026805877685547e+01
1.040610027313232422e+01
1.035070896148681641e+01
1.039437389373779297e+01
1.044002914428710938e+01
1.037231063842773438e+01
1.040646553039550781e+01
1.038989162445068359e+01
1.043601512908935547e+01
1.045304298400878906e+01
1.039276599884033203e+01
1.037072181701660156e+01
1.042590332031250000e+01
1.041397762298583984e+01
1.036307144165039062e+01
1.045132827758789062e+01
1.033517646789550781e+01
1.036265468597412109e+01
1.039905643463134766e+01
1.029834938049316406e+01
1.042343330383300781e+01
1.031353092193603516e+01
1.041530895233154297e+01
1.039973831176757812e+01
1.035558032989501953e+01
1.044326400756835938e+01
1.039712333679199219e+01
1.044031238555908203e+01
1.044843673706054688e+01
1.039393711090087891e+01
1.035527038574218750e+01
1.039153957366943359e+01
1.038085842132568359e+01
1.038835811614990234e+01
1.037383079528808594e+01
1.044899940490722656e+01
1.044126129150390625e+01
1.035377693176269531e+01
1.038612079620361328e+01
1.040497303009033203e+01
1.033758258819580078e+01
1.040472126007080078e+01
1.038381385803222656e+01
1.043517017364501953e+01
1.044904518127441406e+01
1.041390514373779297e+01
1.032060909271240234e+01
1.035877418518066406e+01
1.037938976287841797e+01
1.044917583465576172e+01
1.036983108520507812e+01
1.038759613037109375e+01
1.034676551818847656e+01
1.042122745513916016e+01
1.037669372558593750e+01
1.038770198822021484e+01
1.040411949157714844e+01
1.041023063659667969e+01
1.041985416412353516e+01
1.042475986480712891e+01
1.029879283905029297e+01
1.047524547576904297e+01
1.033580589294433594e+01
1.040373897552490234e+01
1.036533164978027344e+01
1.039305210113525391e+01
1.042986583709716797e+01
1.042333221435546875e+01
1.040860843658447266e+01
1.038190746307373047e+01
1.036310482025146484e+01
1.042382621765136719e+01
1.038122844696044922e+01
1.039072418212890625e+01
1.035564517974853516e+01
1.044802474975585938e+01
1.039351654052734375e+01
1.037800598144531250e+01
1.040803813934326172e+01
1.036204624176025391e+01
1.039145946502685547e+01
1.038781261444091797e+01
1.042912769317626953e+01
1.043540763854980469e+01
1.038823318481445312e+01
1.034624290466308594e+01
1.037352275848388672e+01
1.045748805999755859e+01
1.040703392028808594e+01
1.036600399017333984e+01
1.036797809600830078e+01
1.041648101806640625e+01
1.039975357055664062e+01
1.042717075347900391e+01
1.043945789337158203e+01
1.039933490753173828e+01
1.039838027954101562e+01
1.038928031921386719e+01
1.028357219696044922e+01
1.038674259185791016e+01
1.033354187011718750e+01
1.038539695739746094e+01
1.037911415100097656e+01
1.043285369873046875e+01
1.035807800292968750e+01
1.037338447570800781e+01
1.041119670867919922e+01
1.043976593017578125e+01
1.033910179138183594e+01
1.043821716308593750e+01
1.040860652923583984e+01
1.041285419464111328e+01
1.031643295288085938e+01
1.040042209625244141e+01
1.038112831115722656e+01
1.042147350311279297e+01
1.032080745697021484e+01
1.033825492858886719e+01
1.028877639770507812e+01
1.025893783569335938e+01
1.037126731872558594e+01
1.045986938476562500e+01
1.035481834411621094e+01
1.039327335357666016e+01
1.044343376159667969e+01
1.040138053894042969e+01
1.037962245941162109e+01
1.038052177429199219e+01
1.043580055236816406e+01
1.041084003448486328e+01
1.040003013610839844e+01
1.035348510742187500e+01
1.034166717529296875e+01
1.043139553070068359e+01
1.037290763854980469e+01
1.044032192230224609e+01
1.040222835540771484e+01
1.037596893310546875e+01
1.038448333740234375e+01
1.042259120941162109e+01
1.038575649261474609e+01
1.037055683135986328e+01
1.035914134979248047e+01
1.039345455169677734e+01
1.038523578643798828e+01
1.040856838226318359e+01
1.044830417633056641e+01
1.038969421386718750e+01
1.038893890380859375e+01
1.043894290924072266e+01
1.046777534484863281e+01
1.043128871917724609e+01
1.038737010955810547e+01
1.039904022216796875e+01
1.038190364837646484e+01
1.033107089996337891e+01
1.040052032470703125e+01
1.036063194274902344e+01
1.039289283752441406e+01
1.035433959960937500e+01
1.041044712066650391e+01
1.038700103759765625e+01
1.040820980072021484e+01
1.041232872009277344e+01
1.032546710968017578e+01
1.037146759033203125e+01
1.040349864959716797e+01
1.041404628753662109e+01
1.038192176818847656e+01
1.041219997406005859e+01
1.026655197143554688e+01
1.043532085418701172e+01
1.038626194000244141e+01
1.034741783142089844e+01
1.029402542114257812e+01
1.042625236511230469e+01
1.045513916015625000e+01
1.041562461853027344e+01
1.038043117523193359e+01
1.041619491577148438e+01
1.040132999420166016e+01
1.045983791351318359e+01
1.038542461395263672e+01
1.033741664886474609e+01
1.041118526458740234e+01
1.042894554138183594e+01
1.043469333648681641e+01
1.040502834320068359e+01
1.037749004364013672e+01
1.042688560485839844e+01
1.042022228240966797e+01
1.036205387115478516e+01
1.038569927215576172e+01
1.039708518981933594e+01
1.037249851226806641e+01
1.038780117034912109e+01
1.041818332672119141e+01
1.036542224884033203e+01
1.036805629730224609e+01
1.042495727539062500e+01
1.041792583465576172e+01
1.036304092407226562e+01
1.039729595184326172e+01
1.042296504974365234e+01
1.033466720581054688e+01
1.041759967803955078e+01
1.039761257171630859e+01
1.035945224761962891e+01
1.029971981048583984e+01
1.036652469635009766e+01
1.031212711334228516e+01
1.039409351348876953e+01
1.040519618988037109e+01
1.042349243164062500e+01
1.038837623596191406e+01
1.036899375915527344e+01
1.042737007141113281e+01
1.040911960601806641e+01
1.031910228729248047e+01
1.040933990478515625e+01
1.042602539062500000e+01
1.030823707580566406e+01
1.039608001708984375e+01
1.038780403137207031e+01
1.039651489257812500e+01
1.041719532012939453e+01
1.042373466491699219e+01
1.040130996704101562e+01
1.038523006439208984e+01
1.039746379852294922e+01
1.041930770874023438e+01
1.039758586883544922e+01
1.041293525695800781e+01
1.037849903106689453e+01
1.035615158081054688e+01
1.037968063354492188e+01
1.042689514160156250e+01
1.041091537475585938e+01
1.038651561737060547e+01
1.041054725646972656e+01
1.039657211303710938e+01
1.038182353973388672e+01
1.039567470550537109e+01
1.039453792572021484e+01
1.041766548156738281e+01
1.032685089111328125e+01
1.036876106262207031e+01
1.036682891845703125e+01
1.044088935852050781e+01
1.042424964904785156e+01
1.037254810333251953e+01
1.033344554901123047e+01
1.037440681457519531e+01
1.039702129364013672e+01
1.042731094360351562e+01
1.044242286682128906e+01
1.037894058227539062e+01
1.043943023681640625e+01
1.032626819610595703e+01
1.042029380798339844e+01
1.041535282135009766e+01
1.040190505981445312e+01
1.042175769805908203e+01
1.033958625793457031e+01
1.033827114105224609e+01
1.040430259704589844e+01
1.038232612609863281e+01
1.042049598693847656e+01
1.035435867309570312e+01
1.040453720092773438e+01
1.039202213287353516e+01
1.042033386230468750e+01
1.038604354858398438e+01
1.031233310699462891e+01
1.035749340057373047e+01
1.047170162200927734e+01
1.041493988037109375e+01
1.028058910369873047e+01
1.038376045227050781e+01
1.042599391937255859e+01
1.032102012634277344e+01
1.033285713195800781e+01
1.047330856323242188e+01
1.036477184295654297e+01
1.039255332946777344e+01
1.038597869873046875e+01
1.041006278991699219e+01
1.043344688415527344e+01
1.046105003356933594e+01
1.036436462402343750e+01
1.041695594787597656e+01
1.041426849365234375e+01
1.032532119750976562e+01
1.036634063720703125e+01
1.040638637542724609e+01
1.037751197814941406e+01
1.034986591339111328e+01
1.038566398620605469e+01
1.042499923706054688e+01
1.036855316162109375e+01
1.038421058654785156e+01
1.039051628112792969e+01
1.043886280059814453e+01
1.039346408843994141e+01
1.036453819274902344e+01
1.038237190246582031e+01
1.036274051666259766e+01
1.034624481201171875e+01
1.039672851562500000e+01
1.041986751556396484e+01
1.038837814331054688e+01
1.033052444458007812e+01
1.033291053771972656e+01
1.040819644927978516e+01
1.043308067321777344e+01
1.046017074584960938e+01
1.030335330963134766e+01
1.036288547515869141e+01
1.036736679077148438e+01
1.038152503967285156e+01
1.041949176788330078e+01
1.040546894073486328e+01
1.032074928283691406e+01
1.040949535369873047e+01
1.037613391876220703e+01
1.040187454223632812e+01
1.030791568756103516e+01
1.035907077789306641e+01
1.033911800384521484e+01
1.039853668212890625e+01
1.035371303558349609e+01
1.040655136108398438e+01
1.036473655700683594e+01
1.035469150543212891e+01
1.032132434844970703e+01
1.040137195587158203e+01
1.042824077606201172e+01
1.040963363647460938e+01
1.036387729644775391e+01
1.033815097808837891e+01
1.037067985534667969e+01
1.041134166717529297e+01
1.043716812133789062e+01
1.030545330047607422e+01
1.030097961425781250e+01
1.044680309295654297e+01
1.037958145141601562e+01
1.040394401550292969e+01
1.040580654144287109e+01
1.041713905334472656e+01
1.041050815582275391e+01
1.042579078674316406e+01
1.038393115997314453e+01
1.041441249847412109e+01
1.039356327056884766e+01
1.035186386108398438e+01
1.038890552520751953e+01
1.047391605377197266e+01
1.036525058746337891e+01
1.038812351226806641e+01
1.032792186737060547e+01
1.045300102233886719e+01
1.043383693695068359e+01
1.036057186126708984e+01
1.037838840484619141e+01
1.041887664794921875e+01
1.041587448120117188e+01
1.038678741455078125e+01
1.039545440673828125e+01
1.039029407501220703e+01
1.031969642639160156e+01
1.030358314514160156e+01
1.038150310516357422e+01
1.037619686126708984e+01
1.034347057342529297e+01
1.033603000640869141e+01
1.038995265960693359e+01
1.044808006286621094e+01
1.035810756683349609e+01
1.037268161773681641e+01
1.043038558959960938e+01
1.041549873352050781e+01
1.038225650787353516e+01
1.036281585693359375e+01
1.035598659515380859e+01
1.044673347473144531e+01
1.045829010009765625e+01
1.039933300018310547e+01
1.042946052551269531e+01
1.039028072357177734e+01
1.040472126007080078e+01
1.039569282531738281e+01
1.038690280914306641e+01
1.046879768371582031e+01
1.034934234619140625e+01
1.040582466125488281e+01
1.042178630828857422e+01
1.037423706054687500e+01
1.038045310974121094e+01
1.034317779541015625e+01
1.037309646606445312e+01
1.030513191223144531e+01
1.036955738067626953e+01
1.039766216278076172e+01
1.032729244232177734e+01
1.035882663726806641e+01
1.037328529357910156e+01
1.044421195983886719e+01
1.036963558197021484e+01
1.038011837005615234e+01
1.042968559265136719e+01
1.035126972198486328e+01
1.046542739868164062e+01
1.042402935028076172e+01
1.038420391082763672e+01
1.027282142639160156e+01
1.039000415802001953e+01
1.041057682037353516e+01
1.031172657012939453e+01
1.035449409484863281e+01
1.039490413665771484e+01
1.044700717926025391e+01
1.039114093780517578e+01
1.036234092712402344e+01
1.039659881591796875e+01
1.035523033142089844e+01
1.031324481964111328e+01
1.034971904754638672e+01
1.038238048553466797e+01
1.041471767425537109e+01
1.036373710632324219e+01
1.041052818298339844e+01
1.039460754394531250e+01
1.044167804718017578e+01
1.038827896118164062e+01
1.040096759796142578e+01
1.039452934265136719e+01
1.039767551422119141e+01
1.038814353942871094e+01
1.031692409515380859e+01
1.036096191406250000e+01
1.041679286956787109e+01
1.041784954071044922e+01
1.032939338684082031e+01
1.042855930328369141e+01
1.039583873748779297e+01
1.048379039764404297e+01
1.044068431854248047e+01
1.043025588989257812e+01
1.037930393218994141e+01
1.032435226440429688e+01
1.029912757873535156e+01
1.044340801239013672e+01
1.036227703094482422e+01
1.046739482879638672e+01
1.038767337799072266e+01
1.036307716369628906e+01
1.035064125061035156e+01
1.039909267425537109e+01
1.045484542846679688e+01
1.036896991729736328e+01
1.042535686492919922e+01
1.040737247467041016e+01
1.044275951385498047e+01
1.038326644897460938e+01
1.041805648803710938e+01
1.038571357727050781e+01
1.040463256835937500e+01
1.029353809356689453e+01
1.036946582794189453e+01
1.041233444213867188e+01
1.036205291748046875e+01
1.033136177062988281e+01
1.036083507537841797e+01
1.038156604766845703e+01
1.036312007904052734e+01
1.033510494232177734e+01
1.032637596130371094e+01
1.038869380950927734e+01
1.042901039123535156e+01
1.038456439971923828e+01
1.032532501220703125e+01
1.038417911529541016e+01
1.039797019958496094e+01
1.038218879699707031e+01
1.043363189697265625e+01
1.035010623931884766e+01
1.035609436035156250e+01
1.040654373168945312e+01
1.040214538574218750e+01
1.044210052490234375e+01
1.045313930511474609e+01
1.036585044860839844e+01
1.040163803100585938e+01
1.036686992645263672e+01
1.036752223968505859e+01
1.041881561279296875e+01
1.039458942413330078e+01
1.041443920135498047e+01
1.030037593841552734e+01
1.039919948577880859e+01
1.040490722656250000e+01
1.027076721191406250e+01
1.039447021484375000e+01
1.039242935180664062e+01
1.032102870941162109e+01
1.044622707366943359e+01
1.027429103851318359e+01
1.039302158355712891e+01
1.031732463836669922e+01
1.038835716247558594e+01
1.029711818695068359e+01
1.039040184020996094e+01
1.028956794738769531e+01
1.035364055633544922e+01
1.036001873016357422e+01
1.018681716918945312e+01
1.039107608795166016e+01
1.036437606811523438e+01
1.031654262542724609e+01
1.043489742279052734e+01
1.037098407745361328e+01
1.034181594848632812e+01
1.037870597839355469e+01
1.034439086914062500e+01
1.031562137603759766e+01
1.035068988800048828e+01
1.035677242279052734e+01
1.025716972351074219e+01
1.042781734466552734e+01
1.042773628234863281e+01
1.037346744537353516e+01
1.038182258605957031e+01
1.028131103515625000e+01
1.031103801727294922e+01
1.038270092010498047e+01
1.043427658081054688e+01
1.045835304260253906e+01
1.033224868774414062e+01
1.038981151580810547e+01
1.044001579284667969e+01
1.033848762512207031e+01
1.033104610443115234e+01
1.032292842864990234e+01
1.041385841369628906e+01
1.038144779205322266e+01
1.037042808532714844e+01
1.036609649658203125e+01
1.035470008850097656e+01
1.038147163391113281e+01
1.040732097625732422e+01
1.037796211242675781e+01
1.032910537719726562e+01
1.031608200073242188e+01
1.037918376922607422e+01
1.031228637695312500e+01
1.029684352874755859e+01
1.038906955718994141e+01
1.033849525451660156e+01
1.039868164062500000e+01
1.032112503051757812e+01
1.038180446624755859e+01
1.036987304687500000e+01
1.034497547149658203e+01
1.038047695159912109e+01
1.038132572174072266e+01
1.036641979217529297e+01
1.034453487396240234e+01
1.041512489318847656e+01
1.037128067016601562e+01
1.035350227355957031e+01
1.038043403625488281e+01
1.039310264587402344e+01
1.029796123504638672e+01
1.041088485717773438e+01
1.039065456390380859e+01
1.035396671295166016e+01
1.032383918762207031e+01
1.036876201629638672e+01
1.030981254577636719e+01
1.036265659332275391e+01
1.027917098999023438e+01
1.037770557403564453e+01
1.041507720947265625e+01
1.036951541900634766e+01
1.039808940887451172e+01
1.037897109985351562e+01
1.041353225708007812e+01
1.035181236267089844e+01
1.039353275299072266e+01
1.030869483947753906e+01
1.047743129730224609e+01
1.028265094757080078e+01
1.034766197204589844e+01
1.031302165985107422e+01
1.037967205047607422e+01
1.043108081817626953e+01
1.041269969940185547e+01
1.038791847229003906e+01
1.039556598663330078e+01
1.039498805999755859e+01
1.041547870635986328e+01
1.040726566314697266e+01
1.038469982147216797e+01
1.032333755493164062e+01
1.041256141662597656e+01
1.039805126190185547e+01
1.036144447326660156e+01
1.034985065460205078e+01
1.044146442413330078e+01
1.038401699066162109e+01
1.042220783233642578e+01
1.038179969787597656e+01
1.037922859191894531e+01
1.036343479156494141e+01
1.034172248840332031e+01
1.035517883300781250e+01
1.038234424591064453e+01
1.032227993011474609e+01
1.039511108398437500e+01
1.036927509307861328e+01
1.043709564208984375e+01
1.041177749633789062e+01
1.042178916931152344e+01
1.037869071960449219e+01
1.033527755737304688e+01
1.033533382415771484e+01
1.037253189086914062e+01
1.036890602111816406e+01
1.037590885162353516e+01
1.040968608856201172e+01
1.035237598419189453e+01
1.032245445251464844e+01
1.039972114562988281e+01
1.039094543457031250e+01
1.037415122985839844e+01
1.035432910919189453e+01
1.039757728576660156e+01
1.035600185394287109e+01
1.037747859954833984e+01
1.038454246520996094e+01
1.039053535461425781e+01
1.030230140686035156e+01
1.024281597137451172e+01
1.041098022460937500e+01
1.042342090606689453e+01
1.042434120178222656e+01
1.038296508789062500e+01
1.030357170104980469e+01
1.037847900390625000e+01
1.032603645324707031e+01
1.037979888916015625e+01
1.033182430267333984e+01
1.036924362182617188e+01
1.041071033477783203e+01
1.039888954162597656e+01
1.039779186248779297e+01
1.037958621978759766e+01
1.034847831726074219e+01
1.033486747741699219e+01
1.034596443176269531e+01
1.036755657196044922e+01
1.040830612182617188e+01
1.036681938171386719e+01
1.029744720458984375e+01
1.038189029693603516e+01
1.036309909820556641e+01
1.032955074310302734e+01
1.041402053833007812e+01
1.041566562652587891e+01
1.036172294616699219e+01
1.033408355712890625e+01
1.034258747100830078e+01
1.036499691009521484e+01
1.032480907440185547e+01
1.029530906677246094e+01
1.036079406738281250e+01
1.038060569763183594e+01
1.039310646057128906e+01
1.034014701843261719e+01
1.042399978637695312e+01
1.036722373962402344e+01
1.029275608062744141e+01
1.037646579742431641e+01
1.035439777374267578e+01
1.035439300537109375e+01
1.033287620544433594e+01
1.037068843841552734e+01
1.037012290954589844e+01
1.031637763977050781e+01
1.043288612365722656e+01
1.037804794311523438e+01
1.029645347595214844e+01
1.034639167785644531e+01
1.039411163330078125e+01
1.020413017272949219e+01
1.040390205383300781e+01
1.039640426635742188e+01
1.036245632171630859e+01
1.041924858093261719e+01
1.040913200378417969e+01
1.038827705383300781e+01
1.030756187438964844e+01
1.030416870117187500e+01
1.033044624328613281e+01
1.031690311431884766e+01
1.030120754241943359e+01
1.040282917022705078e+01
1.034354877471923828e+01
1.038901615142822266e+01
1.030445861816406250e+01
1.043970489501953125e+01
1.045068168640136719e+01
1.034222507476806641e+01
1.041692256927490234e+01
1.037549400329589844e+01
1.040410804748535156e+01
1.039810752868652344e+01
1.033069515228271484e+01
1.035093212127685547e+01
1.038511276245117188e+01
1.041487693786621094e+01
1.031755447387695312e+01
1.036593437194824219e+01
1.039374732971191406e+01
1.026520538330078125e+01
1.038388824462890625e+01
1.034807491302490234e+01
1.044425582885742188e+01
1.038719367980957031e+01
1.037333297729492188e+01
1.032639217376708984e+01
1.040145015716552734e+01
1.036454105377197266e+01
1.035107517242431641e+01
1.038433742523193359e+01
1.042012596130371094e+01
1.035646438598632812e+01
1.036018943786621094e+01
1.045657539367675781e+01
1.035272884368896484e+01
1.037284660339355469e+01
1.033910655975341797e+01
1.034722614288330078e+01
1.042440223693847656e+01
1.034359836578369141e+01
1.037075138092041016e+01
1.038451957702636719e+01
1.039861583709716797e+01
1.039479160308837891e+01
1.042903327941894531e+01
1.041137504577636719e+01
1.042872333526611328e+01
1.047869873046875000e+01
1.035723686218261719e+01
1.036710929870605469e+01
1.026627349853515625e+01
1.039768791198730469e+01
1.040091228485107422e+01
1.043048477172851562e+01
1.039480113983154297e+01
1.026992607116699219e+01
1.030868816375732422e+01
1.035781669616699219e+01
1.036750221252441406e+01
1.024643802642822266e+01
1.041963481903076172e+01
1.037208271026611328e+01
1.035864162445068359e+01
1.040762042999267578e+01
1.042614650726318359e+01
1.035803794860839844e+01
1.037718009948730469e+01
1.033493137359619141e+01
1.027708244323730469e+01
1.039738845825195312e+01
1.037157440185546875e+01
1.028474807739257812e+01
1.037007141113281250e+01
1.029831123352050781e+01
1.040697956085205078e+01
1.038070583343505859e+01
1.041041564941406250e+01
1.037650299072265625e+01
1.040241813659667969e+01
1.030239582061767578e+01
1.041357421875000000e+01
1.039649963378906250e+01
1.035816478729248047e+01
1.037846565246582031e+01
1.032125568389892578e+01
1.038415431976318359e+01
1.034406089782714844e+01
1.045389080047607422e+01
1.038411426544189453e+01
1.037059020996093750e+01
1.045887756347656250e+01
1.034990596771240234e+01
1.034978961944580078e+01
1.037305927276611328e+01
1.041669654846191406e+01
1.038561820983886719e+01
1.046074676513671875e+01
1.033915901184082031e+01
1.037671089172363281e+01
1.033068943023681641e+01
1.034470558166503906e+01
1.033113574981689453e+01
1.043753147125244141e+01
1.036136817932128906e+01
1.036728858947753906e+01
1.031324577331542969e+01
1.038371562957763672e+01
1.036321258544921875e+01
1.026213836669921875e+01
1.032033061981201172e+01
1.034107398986816406e+01
1.036769008636474609e+01
1.038228416442871094e+01
1.029330825805664062e+01
1.030502128601074219e+01
1.034399604797363281e+01
1.035995197296142578e+01
1.035766601562500000e+01
1.029781818389892578e+01
1.037043190002441406e+01
1.041109848022460938e+01
1.034497737884521484e+01
1.037698841094970703e+01
1.038100624084472656e+01
1.035790443420410156e+01
1.038108730316162109e+01
1.038958263397216797e+01
1.033866500854492188e+01
1.040169429779052734e+01
1.037704658508300781e+01
1.032487201690673828e+01
1.029076576232910156e+01
1.041133213043212891e+01
1.038976860046386719e+01
1.042112636566162109e+01
1.031696891784667969e+01
1.035239028930664062e+01
1.031858444213867188e+01
1.034410095214843750e+01
1.035775852203369141e+01
1.031600856781005859e+01
1.037521171569824219e+01
1.037036895751953125e+01
1.033380222320556641e+01
1.026240634918212891e+01
1.039381885528564453e+01
1.038915634155273438e+01
1.029824447631835938e+01
1.039080524444580078e+01
1.041134262084960938e+01
1.036089515686035156e+01
1.044104003906250000e+01
1.036581802368164062e+01
1.033992671966552734e+01
1.036117172241210938e+01
1.039888286590576172e+01
1.043038845062255859e+01
1.044394207000732422e+01
1.031365776062011719e+01
1.028187179565429688e+01
1.032194423675537109e+01
1.041552162170410156e+01
1.039725399017333984e+01
1.034949874877929688e+01
1.040750217437744141e+01
1.037689018249511719e+01
1.036954116821289062e+01
1.038144493103027344e+01
1.036986064910888672e+01
1.036373615264892578e+01
1.044634056091308594e+01
1.033277797698974609e+01
1.032331562042236328e+01
1.040651226043701172e+01
1.033094882965087891e+01
1.034599971771240234e+01
1.030738067626953125e+01
1.031937408447265625e+01
1.033590793609619141e+01
1.028340816497802734e+01
1.039840698242187500e+01
1.033488655090332031e+01
1.033541011810302734e+01
1.033998489379882812e+01
1.035582828521728516e+01
1.036276435852050781e+01
1.038823795318603516e+01
1.040211391448974609e+01
1.040561389923095703e+01
1.037265682220458984e+01
1.029252719879150391e+01
1.038780021667480469e+01
1.036493873596191406e+01
1.033733749389648438e+01
1.035817337036132812e+01
1.035500049591064453e+01
1.040987491607666016e+01
1.035651493072509766e+01
1.036738300323486328e+01
1.037622451782226562e+01
1.026368904113769531e+01
1.043860626220703125e+01
1.038286399841308594e+01
1.038714408874511719e+01
1.047546768188476562e+01
1.033663654327392578e+01
1.028624439239501953e+01
1.039439392089843750e+01
1.031690979003906250e+01
1.034678936004638672e+01
1.038295745849609375e+01
1.034103202819824219e+01
1.043107032775878906e+01
1.031340599060058594e+01
1.038721942901611328e+01
1.037295627593994141e+01
1.032645988464355469e+01
1.040370082855224609e+01
1.038340568542480469e+01
1.031766319274902344e+01
1.035859870910644531e+01
1.036229991912841797e+01
1.037430858612060547e+01
1.036466312408447266e+01
1.034803485870361328e+01
1.034022808074951172e+01
1.034599494934082031e+01
1.032838439941406250e+01
1.039077758789062500e+01
1.035908794403076172e+01
1.032879066467285156e+01
1.034494400024414062e+01
1.034102249145507812e+01
1.040141296386718750e+01
1.036211967468261719e+01
1.036550521850585938e+01
1.034587669372558594e+01
1.033718204498291016e+01
1.035673427581787109e+01
1.040359592437744141e+01
1.035067653656005859e+01
1.036687946319580078e+01
1.036479091644287109e+01
1.040285968780517578e+01
1.031943988800048828e+01
1.034493827819824219e+01
1.035339736938476562e+01
1.042342758178710938e+01
1.034329986572265625e+01
1.046100139617919922e+01
1.044801712036132812e+01
1.034232234954833984e+01
1.039628314971923828e+01
1.037167167663574219e+01
1.032123279571533203e+01
1.038916206359863281e+01
1.023997879028320312e+01
1.035366535186767578e+01
1.039322566986083984e+01
1.041733646392822266e+01
1.002284717559814453e+01
1.030663013458251953e+01
1.033746623992919922e+01
1.036038589477539062e+01
1.040283679962158203e+01
1.038832664489746094e+01
1.033963871002197266e+01
1.041140365600585938e+01
1.034626865386962891e+01
1.033575725555419922e+01
1.034467697143554688e+01
1.039640998840332031e+01
1.039502334594726562e+01
1.034817981719970703e+01
1.040305328369140625e+01
1.038075447082519531e+01
1.037088203430175781e+01
1.040563964843750000e+01
1.039871120452880859e+01
1.043082046508789062e+01
1.038546085357666016e+01
1.038757801055908203e+01
1.030420780181884766e+01
1.039080238342285156e+01
1.041865444183349609e+01
1.039279937744140625e+01
1.033315086364746094e+01
1.031503486633300781e+01
1.037723731994628906e+01
1.038961315155029297e+01
1.031408882141113281e+01
1.034794425964355469e+01
1.041041946411132812e+01
1.031841468811035156e+01
1.040841007232666016e+01
1.032575988769531250e+01
1.042195987701416016e+01
1.032671356201171875e+01
1.032210636138916016e+01
1.034850788116455078e+01
1.042232418060302734e+01
1.038768959045410156e+01
1.041693592071533203e+01
1.039440536499023438e+01
1.041682338714599609e+01
1.040943336486816406e+01
1.035988521575927734e+01
1.033756923675537109e+01
1.042069911956787109e+01
1.034336471557617188e+01
1.030451583862304688e+01
1.032660484313964844e+01
1.036807441711425781e+01
1.030295944213867188e+01
1.035495853424072266e+01
1.033225345611572266e+01
1.036674499511718750e+01
1.036409378051757812e+01
1.030050182342529297e+01
1.033258438110351562e+01
1.039232063293457031e+01
1.038728141784667969e+01
1.037721252441406250e+01
1.033249759674072266e+01
1.039496040344238281e+01
1.033652305603027344e+01
1.037690544128417969e+01
1.030866336822509766e+01
1.041605377197265625e+01
1.041604423522949219e+01
1.037184143066406250e+01
1.033335876464843750e+01
1.038009929656982422e+01
1.041213798522949219e+01
1.037968540191650391e+01
1.034984683990478516e+01
1.032575988769531250e+01
1.037737846374511719e+01
1.039289379119873047e+01
1.037376689910888672e+01
1.026820468902587891e+01
1.036893463134765625e+01
1.038629627227783203e+01
1.030461215972900391e+01
1.028748798370361328e+01
1.037508487701416016e+01
1.039843368530273438e+01
1.036300754547119141e+01
1.038242721557617188e+01
1.039735412597656250e+01
1.035032272338867188e+01
1.036590099334716797e+01
1.035343265533447266e+01
1.040670680999755859e+01
1.036029052734375000e+01
1.030494403839111328e+01
1.033835887908935547e+01
1.036572647094726562e+01
1.026050376892089844e+01
1.034445858001708984e+01
1.030042457580566406e+01
1.039591217041015625e+01
1.037278175354003906e+01
1.038102245330810547e+01
1.037733364105224609e+01
1.035086345672607422e+01
1.038355922698974609e+01
1.035013484954833984e+01
1.034806060791015625e+01
1.037018108367919922e+01
1.036073303222656250e+01
1.038342380523681641e+01
1.027784347534179688e+01
1.035321044921875000e+01
1.040801334381103516e+01
1.040801620483398438e+01
1.035676383972167969e+01
1.029942131042480469e+01
1.029607963562011719e+01
1.034587574005126953e+01
1.032326412200927734e+01
1.042805957794189453e+01
1.039984321594238281e+01
1.039904594421386719e+01
1.036451816558837891e+01
1.035740280151367188e+01
1.042674922943115234e+01
1.039043617248535156e+01
1.034348201751708984e+01
1.027792835235595703e+01
1.037748336791992188e+01
1.038341236114501953e+01
1.035048866271972656e+01
1.034054565429687500e+01
1.036484718322753906e+01
1.039165306091308594e+01
1.040065670013427734e+01
1.041005420684814453e+01
1.031331729888916016e+01
1.034794616699218750e+01
1.036082553863525391e+01
1.031735515594482422e+01
1.036651515960693359e+01
1.038812923431396484e+01
1.036667919158935547e+01
1.036533069610595703e+01
1.044961071014404297e+01
1.042943096160888672e+01
1.035953426361083984e+01
1.028116989135742188e+01
1.043131542205810547e+01
1.043641471862792969e+01
1.037936019897460938e+01
1.029308414459228516e+01
1.033569240570068359e+01
1.027462482452392578e+01
1.027386665344238281e+01
1.033413887023925781e+01
1.042249679565429688e+01
1.040185737609863281e+01
1.037551879882812500e+01
1.034578132629394531e+01
1.033264732360839844e+01
1.042328834533691406e+01
1.033941745758056641e+01
1.034716320037841797e+01
1.038674259185791016e+01
1.042609119415283203e+01
1.029869556427001953e+01
1.038961791992187500e+01
1.037895488739013672e+01
1.033136367797851562e+01
1.037707233428955078e+01
1.035503864288330078e+01
1.031053447723388672e+01
1.039193153381347656e+01
1.031671142578125000e+01
1.029668426513671875e+01
1.041045856475830078e+01
1.032395076751708984e+01
1.030872821807861328e+01
1.038239860534667969e+01
1.039245796203613281e+01
1.031667613983154297e+01
1.032349681854248047e+01
1.034923171997070312e+01
1.037309932708740234e+01
1.040637588500976562e+01
1.037113285064697266e+01
1.038365364074707031e+01
1.044644165039062500e+01
1.030304336547851562e+01
1.037916183471679688e+01
1.036211395263671875e+01
1.033481311798095703e+01
1.033835220336914062e+01
1.039235496520996094e+01
1.033005428314208984e+01
1.029763698577880859e+01
1.033503913879394531e+01
1.033960723876953125e+01
1.036182212829589844e+01
1.031722164154052734e+01
1.039788818359375000e+01
1.034469413757324219e+01
1.040039825439453125e+01
1.035215377807617188e+01
1.030787944793701172e+01
1.036110496520996094e+01
1.041563129425048828e+01
1.033359241485595703e+01
1.040621948242187500e+01
1.031252002716064453e+01
1.033745002746582031e+01
1.036607170104980469e+01
1.039684104919433594e+01
1.032092285156250000e+01
1.040861606597900391e+01
1.041959095001220703e+01
1.033640670776367188e+01
1.044446849822998047e+01
1.039089775085449219e+01
1.034728717803955078e+01
1.037727165222167969e+01
1.039737606048583984e+01
1.041603946685791016e+01
1.032505989074707031e+01
1.034000587463378906e+01
1.034417057037353516e+01
1.028616428375244141e+01
1.038804626464843750e+01
1.041483306884765625e+01
1.045013618469238281e+01
1.031275367736816406e+01
1.019951725006103516e+01
1.038746070861816406e+01
1.040131378173828125e+01
1.031632995605468750e+01
1.039184951782226562e+01
1.036075305938720703e+01
1.039790916442871094e+01
1.037206172943115234e+01
1.040178585052490234e+01
1.036410236358642578e+01
1.034364318847656250e+01
1.036961078643798828e+01
1.030670452117919922e+01
1.036912250518798828e+01
1.037255382537841797e+01
1.042082214355468750e+01
1.031795120239257812e+01
1.040241718292236328e+01
1.038517189025878906e+01
1.029152584075927734e+01
1.036574554443359375e+01
1.037479305267333984e+01
1.040714073181152344e+01
1.034139442443847656e+01
1.039650249481201172e+01
1.034938907623291016e+01
1.032911777496337891e+01
1.031821155548095703e+01
1.035562896728515625e+01
1.036493873596191406e+01
1.038842678070068359e+01
1.036005973815917969e+01
1.040656948089599609e+01
1.031530952453613281e+01
1.037741661071777344e+01
1.040047550201416016e+01
1.025332164764404297e+01
1.037862205505371094e+01
1.032843780517578125e+01
1.029366302490234375e+01
1.034062385559082031e+01
1.038214302062988281e+01
1.031964683532714844e+01
1.030740642547607422e+01
1.036056709289550781e+01
1.033102798461914062e+01
1.036625957489013672e+01
1.043945407867431641e+01
1.035137271881103516e+01
1.040342426300048828e+01
1.031357002258300781e+01
1.035210609436035156e+01
1.038237285614013672e+01
1.037880992889404297e+01
1.042757225036621094e+01
1.033433532714843750e+01
1.035564422607421875e+01
1.040845394134521484e+01
1.033628749847412109e+01
1.040094375610351562e+01
1.039629173278808594e+01
1.038304519653320312e+01
1.034613513946533203e+01
1.029179954528808594e+01
1.036085605621337891e+01
1.035982513427734375e+01
1.035571384429931641e+01
1.033962726593017578e+01
1.037059402465820312e+01
1.033856964111328125e+01
1.037631893157958984e+01
1.034520626068115234e+01
1.037626838684082031e+01
1.037881374359130859e+01
1.039737510681152344e+01
1.031248664855957031e+01
1.041569900512695312e+01
1.034493160247802734e+01
1.036101341247558594e+01
1.024347972869873047e+01
1.029935359954833984e+01
1.038732242584228516e+01
1.034509372711181641e+01
1.037727451324462891e+01
1.032347583770751953e+01
1.036126708984375000e+01
1.027035713195800781e+01
1.039528846740722656e+01
1.041814708709716797e+01
1.034560012817382812e+01
1.039574337005615234e+01
1.035616207122802734e+01
1.040676116943359375e+01
1.034655570983886719e+01
1.037303447723388672e+01
1.037463474273681641e+01
1.035153961181640625e+01
1.032452964782714844e+01
1.034123897552490234e+01
1.034663867950439453e+01
1.035948753356933594e+01
1.033664321899414062e+01
1.025886249542236328e+01
1.038137817382812500e+01
1.037188339233398438e+01
1.040109062194824219e+01
1.032703018188476562e+01
1.043350696563720703e+01
1.033416271209716797e+01
1.032572460174560547e+01
1.030381679534912109e+01
1.036935806274414062e+01
1.036218261718750000e+01
1.027598094940185547e+01
1.035725784301757812e+01
1.034137630462646484e+01
1.034216403961181641e+01
1.033949279785156250e+01
1.036787223815917969e+01
1.031249332427978516e+01
1.033825683593750000e+01
1.039098834991455078e+01
1.033236503601074219e+01
1.036164093017578125e+01
1.038766193389892578e+01
1.035424995422363281e+01
1.040935802459716797e+01
1.040468692779541016e+01
1.036248016357421875e+01
1.039049053192138672e+01
1.038514137268066406e+01
1.026770591735839844e+01
1.031610202789306641e+01
1.029592990875244141e+01
1.030656147003173828e+01
1.040768432617187500e+01
1.027302742004394531e+01
1.032552528381347656e+01
1.033420848846435547e+01
1.028600311279296875e+01
1.037773418426513672e+01
1.042167377471923828e+01
1.038822078704833984e+01
1.032183837890625000e+01
1.035883617401123047e+01
1.034211158752441406e+01
1.035503387451171875e+01
1.030592155456542969e+01
1.032081890106201172e+01
1.033582973480224609e+01
1.033764743804931641e+01
1.037265777587890625e+01
1.034162521362304688e+01
1.021782302856445312e+01
1.036972522735595703e+01
1.034499454498291016e+01
1.035544109344482422e+01
1.030962753295898438e+01
1.042131423950195312e+01
1.039326286315917969e+01
1.031892204284667969e+01
1.037061500549316406e+01
1.031866264343261719e+01
1.034717655181884766e+01
1.040564250946044922e+01
1.033779430389404297e+01
1.032239627838134766e+01
1.037078952789306641e+01
1.033156013488769531e+01
1.027333450317382812e+01
1.038305473327636719e+01
1.027929782867431641e+01
1.031651306152343750e+01
1.038014602661132812e+01
1.039941596984863281e+01
1.031260299682617188e+01
1.035498523712158203e+01
1.034413242340087891e+01
1.034689998626708984e+01
1.036856460571289062e+01
1.031460571289062500e+01
1.037541675567626953e+01
1.031417465209960938e+01
1.034644412994384766e+01
1.036671638488769531e+01
1.036021614074707031e+01
1.036620140075683594e+01
1.038458633422851562e+01
1.034021854400634766e+01
1.041666221618652344e+01
1.030332660675048828e+01
1.026866245269775391e+01
1.015463924407958984e+01
1.033253479003906250e+01
1.027905273437500000e+01
1.041475391387939453e+01
1.044078254699707031e+01
1.040692234039306641e+01
1.034808540344238281e+01
1.034539794921875000e+01
1.029231071472167969e+01
1.038234043121337891e+01
1.028786563873291016e+01
1.033145618438720703e+01
1.032328510284423828e+01
1.037682533264160156e+01
1.035937881469726562e+01
1.034991359710693359e+01
1.025182914733886719e+01
1.030269050598144531e+01
1.032557773590087891e+01
1.037619876861572266e+01
1.034135818481445312e+01
1.038427543640136719e+01
1.027827548980712891e+01
1.037357521057128906e+01
1.035708904266357422e+01
1.037797927856445312e+01
1.035507774353027344e+01
1.035619544982910156e+01
1.032378578186035156e+01
1.041326045989990234e+01
1.029886531829833984e+01
1.041914653778076172e+01
1.032839584350585938e+01
1.032114124298095703e+01
1.034148883819580078e+01
1.039577960968017578e+01
1.033293437957763672e+01
1.035256862640380859e+01
1.042808055877685547e+01
1.011665248870849609e+01
1.036256980895996094e+01
1.038928604125976562e+01
1.038809394836425781e+01
1.040995502471923828e+01
1.034359836578369141e+01
1.032445526123046875e+01
1.036421108245849609e+01
1.039351081848144531e+01
1.039820098876953125e+01
1.032061672210693359e+01
1.040764236450195312e+01
1.033756923675537109e+01
1.026811599731445312e+01
1.034383678436279297e+01
1.035035133361816406e+01
1.034014511108398438e+01
1.034513854980468750e+01
1.036293506622314453e+01
1.038006019592285156e+01
1.034891510009765625e+01
1.037799549102783203e+01
1.035763835906982422e+01
1.039706039428710938e+01
1.036707496643066406e+01
1.035027980804443359e+01
1.040750217437744141e+01
1.042129802703857422e+01
1.035654258728027344e+01
1.039613533020019531e+01
1.043142318725585938e+01
1.038404083251953125e+01
1.027796459197998047e+01
1.037137603759765625e+01
1.027726268768310547e+01
1.025133991241455078e+01
1.038785266876220703e+01
1.029866695404052734e+01
1.033394718170166016e+01
1.038558387756347656e+01
1.038037109375000000e+01
1.037228965759277344e+01
1.033896732330322266e+01
1.034048843383789062e+01
1.039855003356933594e+01
1.042472648620605469e+01
1.035053443908691406e+01
1.035669708251953125e+01
1.034531593322753906e+01
1.038639450073242188e+01
1.029212188720703125e+01
1.036307716369628906e+01
1.035651779174804688e+01
1.033804416656494141e+01
1.039217758178710938e+01
1.036116123199462891e+01
1.027923393249511719e+01
1.039435195922851562e+01
1.036807250976562500e+01
1.031196594238281250e+01
1.026110363006591797e+01
1.038983058929443359e+01
1.035484981536865234e+01
1.031926727294921875e+01
1.033603763580322266e+01
1.033421325683593750e+01
1.037971782684326172e+01
1.039079761505126953e+01
1.038745689392089844e+01
1.031766510009765625e+01
1.035431480407714844e+01
1.032279109954833984e+01
1.034412956237792969e+01
1.045031166076660156e+01
1.032364654541015625e+01
1.037236022949218750e+01
1.035016536712646484e+01
1.040785694122314453e+01
1.033305072784423828e+01
1.034533882141113281e+01
1.035615444183349609e+01
1.034559345245361328e+01
1.038710880279541016e+01
1.028623580932617188e+01
1.033447074890136719e+01
1.032843112945556641e+01
1.033147811889648438e+01
1.031542301177978516e+01
1.035454845428466797e+01
1.033035755157470703e+01
1.029466056823730469e+01
1.027610778808593750e+01
1.040358352661132812e+01
1.035200977325439453e+01
1.030760860443115234e+01
1.031694889068603516e+01
1.038062667846679688e+01
1.033270931243896484e+01
1.021705532073974609e+01
1.040380764007568359e+01
1.031494331359863281e+01
1.038476085662841797e+01
1.034910869598388672e+01
1.045001125335693359e+01
1.044003772735595703e+01
1.026911163330078125e+01
1.040702247619628906e+01
1.032667255401611328e+01
1.033271503448486328e+01
1.033996391296386719e+01
1.033674621582031250e+01
1.033225631713867188e+01
1.038094806671142578e+01
1.035827922821044922e+01
1.036829948425292969e+01
1.027735519409179688e+01
1.024172592163085938e+01
1.036168861389160156e+01
1.037823581695556641e+01
1.039633846282958984e+01
1.037045860290527344e+01
1.035513019561767578e+01
1.037736511230468750e+01
1.038039684295654297e+01
1.039000892639160156e+01
1.040054225921630859e+01
1.030427455902099609e+01
1.025151443481445312e+01
1.035630512237548828e+01
1.034203433990478516e+01
1.028013134002685547e+01
1.035223007202148438e+01
1.040220260620117188e+01
1.043630790710449219e+01
1.037850093841552734e+01
1.022732257843017578e+01
1.034151077270507812e+01
1.041471767425537109e+01
1.027953338623046875e+01
1.032485103607177734e+01
1.037843036651611328e+01
1.029589557647705078e+01
1.029698562622070312e+01
1.038243198394775391e+01
1.034874820709228516e+01
1.037873363494873047e+01
1.021302890777587891e+01
1.030598449707031250e+01
1.033579063415527344e+01
1.038809108734130859e+01
1.034680557250976562e+01
1.036000823974609375e+01
1.039107227325439453e+01
1.028161811828613281e+01
1.032027435302734375e+01
1.029874038696289062e+01
1.033323860168457031e+01
1.036641979217529297e+01
1.034167098999023438e+01
1.032683658599853516e+01
1.035228347778320312e+01
1.032347297668457031e+01
1.041231536865234375e+01
1.035236930847167969e+01
1.029305267333984375e+01
1.035158538818359375e+01
1.035661792755126953e+01
1.038706302642822266e+01
1.034678173065185547e+01
1.035766506195068359e+01
1.049572181701660156e+01
1.035306549072265625e+01
1.032538223266601562e+01
1.029634284973144531e+01
1.031363677978515625e+01
1.035287284851074219e+01
1.029843044281005859e+01
1.029222583770751953e+01
1.036424827575683594e+01
1.025746440887451172e+01
1.038016700744628906e+01
1.031623840332031250e+01
1.034348964691162109e+01
1.036636352539062500e+01
1.042757701873779297e+01
1.037621974945068359e+01
1.041004657745361328e+01
1.040326976776123047e+01
1.039094924926757812e+01
1.043438625335693359e+01
1.028994178771972656e+01
1.026171016693115234e+01
1.035516166687011719e+01
1.040812110900878906e+01
1.035537052154541016e+01
1.025358200073242188e+01
1.035795211791992188e+01
1.032728958129882812e+01
1.033895587921142578e+01
1.036098289489746094e+01
1.038720226287841797e+01
1.038142967224121094e+01
1.040196704864501953e+01
1.041550922393798828e+01
1.032072162628173828e+01
1.035528945922851562e+01
1.035577774047851562e+01
1.040833950042724609e+01
1.030254650115966797e+01
1.034870052337646484e+01
1.025402164459228516e+01
1.039146041870117188e+01
1.032262706756591797e+01
1.030491065979003906e+01
1.036092472076416016e+01
1.038472652435302734e+01
1.033307743072509766e+01
1.035784530639648438e+01
1.039055156707763672e+01
1.037436866760253906e+01
1.039630317687988281e+01
1.032824039459228516e+01
1.036582660675048828e+01
1.035144805908203125e+01
1.034311962127685547e+01
1.039116859436035156e+01
1.036729335784912109e+01
1.037699890136718750e+01
1.033749866485595703e+01
1.040103435516357422e+01
1.045062446594238281e+01
1.040715026855468750e+01
1.036379146575927734e+01
1.033987236022949219e+01
1.039605712890625000e+01
1.029090404510498047e+01
1.029817485809326172e+01
1.036775112152099609e+01
1.032141113281250000e+01
1.031670570373535156e+01
1.033684635162353516e+01
1.039222431182861328e+01
1.038244342803955078e+01
1.040510559082031250e+01
1.040597343444824219e+01
1.030454635620117188e+01
1.031101894378662109e+01
1.036510467529296875e+01
1.036257171630859375e+01
1.040904998779296875e+01
1.037112140655517578e+01
1.033980751037597656e+01
1.040680027008056641e+01
1.036019611358642578e+01
1.037668418884277344e+01
1.035917854309082031e+01
1.040405082702636719e+01
1.035392189025878906e+01
1.034980392456054688e+01
1.034301662445068359e+01
1.034428405761718750e+01
1.044311523437500000e+01
1.039812660217285156e+01
1.031674671173095703e+01
1.031243705749511719e+01
1.036816978454589844e+01
1.032792568206787109e+01
1.032133483886718750e+01
1.036866760253906250e+01
1.045851135253906250e+01
1.035446643829345703e+01
1.025363922119140625e+01
1.030400562286376953e+01
1.035895061492919922e+01
1.036558151245117188e+01
1.033611392974853516e+01
1.037460803985595703e+01
1.035019493103027344e+01
1.038936328887939453e+01
1.038870334625244141e+01
1.039019775390625000e+01
1.037722873687744141e+01
1.034587001800537109e+01
1.038540935516357422e+01
1.034998703002929688e+01
1.034779262542724609e+01
1.037666416168212891e+01
1.030275917053222656e+01
1.044104957580566406e+01
1.033587074279785156e+01
1.031782817840576172e+01
1.028742408752441406e+01
1.029387092590332031e+01
1.033029270172119141e+01
1.040621280670166016e+01
1.031322193145751953e+01
1.032048797607421875e+01
1.037875270843505859e+01
1.034131050109863281e+01
1.025958442687988281e+01
1.034729480743408203e+01
1.030805206298828125e+01
1.042779254913330078e+01
1.031400012969970703e+01
1.038899421691894531e+01
1.036929321289062500e+01
1.040872097015380859e+01
1.034672737121582031e+01
1.035899925231933594e+01
1.031853961944580078e+01
1.032930183410644531e+01
1.025689029693603516e+01
1.029484176635742188e+01
1.025617313385009766e+01
1.039716720581054688e+01
1.038677215576171875e+01
1.032734966278076172e+01
1.032774734497070312e+01
1.035797023773193359e+01
1.040158176422119141e+01
1.034501266479492188e+01
1.038140964508056641e+01
1.034119892120361328e+01
1.033267593383789062e+01
1.030147266387939453e+01
1.028645610809326172e+01
1.037836456298828125e+01
1.035505294799804688e+01
1.034445095062255859e+01
1.040506362915039062e+01
1.033686256408691406e+01
1.037856197357177734e+01
1.034987449645996094e+01
1.033050918579101562e+01
1.036335945129394531e+01
1.038540649414062500e+01
1.028915119171142578e+01
1.040657234191894531e+01
1.037835121154785156e+01
1.038383769989013672e+01
1.032849216461181641e+01
1.039868927001953125e+01
1.034792423248291016e+01
1.031391620635986328e+01
1.035241317749023438e+01
1.030398464202880859e+01
1.042936801910400391e+01
1.033188343048095703e+01
1.039094161987304688e+01
1.031469726562500000e+01
1.026835536956787109e+01
1.040526962280273438e+01
1.031079292297363281e+01
1.037363910675048828e+01
1.035227966308593750e+01
1.024904060363769531e+01
1.027958202362060547e+01
1.031646823883056641e+01
1.036998176574707031e+01
1.038174438476562500e+01
1.036745548248291016e+01
1.038427352905273438e+01
1.036295032501220703e+01
1.037512683868408203e+01
1.040429306030273438e+01
1.027084922790527344e+01
1.032841968536376953e+01
1.039801979064941406e+01
1.032845497131347656e+01
1.034693050384521484e+01
1.028439235687255859e+01
1.038573455810546875e+01
1.041444587707519531e+01
1.036017036437988281e+01
1.037733364105224609e+01
1.034307575225830078e+01
1.031889438629150391e+01
1.031701469421386719e+01
1.034116458892822266e+01
1.036969661712646484e+01
1.037536621093750000e+01
1.027020072937011719e+01
1.034796905517578125e+01
1.038639068603515625e+01
1.029876804351806641e+01
1.031945610046386719e+01
1.039535808563232422e+01
1.042289638519287109e+01
1.035588264465332031e+01
1.034607028961181641e+01
1.037697315216064453e+01
1.039075183868408203e+01
1.036483669281005859e+01
1.038724231719970703e+01
1.038873481750488281e+01
1.030771923065185547e+01
1.036870098114013672e+01
1.038828086853027344e+01
1.035733509063720703e+01
1.035060787200927734e+01
1.030910301208496094e+01
1.037865066528320312e+01
1.033197784423828125e+01
1.043212413787841797e+01
1.022191810607910156e+01
1.034790802001953125e+01
1.039666366577148438e+01
1.037786483764648438e+01
1.028784465789794922e+01
1.032389831542968750e+01
1.031562614440917969e+01
1.036665344238281250e+01
1.040163421630859375e+01
1.035274314880371094e+01
1.039540386199951172e+01
1.037014007568359375e+01
1.035585975646972656e+01
1.033694267272949219e+01
1.036110877990722656e+01
1.033440399169921875e+01
1.036206817626953125e+01
1.029319286346435547e+01
1.032734870910644531e+01
1.027756309509277344e+01
1.033220863342285156e+01
1.036853694915771484e+01
1.036658668518066406e+01
1.037660598754882812e+01
1.040276813507080078e+01
1.031390953063964844e+01
1.031080722808837891e+01
1.035371398925781250e+01
1.031832313537597656e+01
1.031344223022460938e+01
1.035568809509277344e+01
1.032483673095703125e+01
1.038724994659423828e+01
1.036112499237060547e+01
1.033620452880859375e+01
1.019970893859863281e+01
1.038313102722167969e+01
1.027611160278320312e+01
1.038768196105957031e+01
1.033475303649902344e+01
1.037459087371826172e+01
1.033387374877929688e+01
1.042323398590087891e+01
1.037601089477539062e+01
1.031773376464843750e+01
1.037749767303466797e+01
1.032715034484863281e+01
1.043532943725585938e+01
1.025574398040771484e+01
1.034352970123291016e+01
1.030803108215332031e+01
1.026042270660400391e+01
1.034676074981689453e+01
1.030589675903320312e+01
1.033277893066406250e+01
1.041149044036865234e+01
1.034059429168701172e+01
1.036068344116210938e+01
1.043707370758056641e+01
1.033879661560058594e+01
1.026881504058837891e+01
1.033214759826660156e+01
1.034310150146484375e+01
1.032594680786132812e+01
1.034933662414550781e+01
1.029834747314453125e+01
1.031698608398437500e+01
1.032823276519775391e+01
1.036510467529296875e+01
1.032553291320800781e+01
1.010706424713134766e+01
1.036374473571777344e+01
1.035901165008544922e+01
1.031027698516845703e+01
1.041803550720214844e+01
1.038699436187744141e+01
1.038945007324218750e+01
1.039371204376220703e+01
1.042236232757568359e+01
1.033640480041503906e+01
1.034643554687500000e+01
1.031706047058105469e+01
1.040346336364746094e+01
1.027549934387207031e+01
1.035930824279785156e+01
1.037013339996337891e+01
1.034432411193847656e+01
1.029104042053222656e+01
1.034626007080078125e+01
1.034248352050781250e+01
1.040430545806884766e+01
1.024659156799316406e+01
1.026981067657470703e+01
1.042041683197021484e+01
1.039136505126953125e+01
1.042490577697753906e+01
1.034664058685302734e+01
1.037413692474365234e+01
1.032573699951171875e+01
1.026420497894287109e+01
1.033084583282470703e+01
1.031820297241210938e+01
1.033261394500732422e+01
1.036684894561767578e+01
1.026134490966796875e+01
1.031487751007080078e+01
1.049193572998046875e+01
1.038840484619140625e+01
1.033736705780029297e+01
1.033296012878417969e+01
1.033433532714843750e+01
1.031057453155517578e+01
1.033620262145996094e+01
1.039446544647216797e+01
1.025471782684326172e+01
1.031848430633544922e+01
1.028598690032958984e+01
1.037304687500000000e+01
1.030084609985351562e+01
1.045457744598388672e+01
1.038090419769287109e+01
1.039426326751708984e+01
1.032334518432617188e+01
1.029721164703369141e+01
1.039612388610839844e+01
1.038717460632324219e+01
1.035831260681152344e+01
1.033314514160156250e+01
1.032299900054931641e+01
1.033045101165771484e+01
1.034888172149658203e+01
1.038150691986083984e+01
1.033047294616699219e+01
1.038742828369140625e+01
1.041368865966796875e+01
1.035338306427001953e+01
1.037870216369628906e+01
1.035401058197021484e+01
1.033212280273437500e+01
1.033659839630126953e+01
1.035106658935546875e+01
1.025769901275634766e+01
1.034933471679687500e+01
1.039092540740966797e+01
1.024302387237548828e+01
1.035759544372558594e+01
1.027167320251464844e+01
1.041219520568847656e+01
1.030657291412353516e+01
1.033240127563476562e+01
1.029917430877685547e+01
1.039384174346923828e+01
1.034629058837890625e+01
1.033105659484863281e+01
1.012959098815917969e+01
1.031377124786376953e+01
1.028827762603759766e+01
1.033730125427246094e+01
1.039065456390380859e+01
1.028902912139892578e+01
1.040873336791992188e+01
1.034414958953857422e+01
1.029788208007812500e+01
1.033133220672607422e+01
1.030852794647216797e+01
1.032697963714599609e+01
1.040660381317138672e+01
1.033191490173339844e+01
1.039501476287841797e+01
1.021021270751953125e+01
1.034834957122802734e+01
1.032200813293457031e+01
1.026238727569580078e+01
1.038274669647216797e+01
1.040115928649902344e+01
1.031258392333984375e+01
1.031029605865478516e+01
1.039045047760009766e+01
1.034354686737060547e+01
1.025810813903808594e+01
1.030916213989257812e+01
1.030983924865722656e+01
1.034172821044921875e+01
1.034120178222656250e+01
1.035220527648925781e+01
1.032479953765869141e+01
1.033080863952636719e+01
1.033173847198486328e+01
1.038233470916748047e+01
1.032833862304687500e+01
1.039901447296142578e+01
1.033380603790283203e+01
1.039897727966308594e+01
1.042823123931884766e+01
1.037594795227050781e+01
1.042014980316162109e+01
1.025237178802490234e+01
1.031062602996826172e+01
1.021588134765625000e+01
1.035836315155029297e+01
1.032734680175781250e+01
1.030785942077636719e+01
1.037475967407226562e+01
1.034083175659179688e+01
1.033793354034423828e+01
1.030654239654541016e+01
1.033957386016845703e+01
1.035694026947021484e+01
1.042082786560058594e+01
1.035204982757568359e+01
1.028660106658935547e+01
1.036334896087646484e+01
1.034783363342285156e+01
1.029697132110595703e+01
1.026411819458007812e+01
1.022078132629394531e+01
1.032283306121826172e+01
1.036869812011718750e+01
1.026448726654052734e+01
1.026666355133056641e+01
1.037037849426269531e+01
1.035806083679199219e+01
1.028585338592529297e+01
1.041425228118896484e+01
1.029082202911376953e+01
1.034571743011474609e+01
1.037375068664550781e+01
1.031754875183105469e+01
1.037702274322509766e+01
1.033324623107910156e+01
1.029479408264160156e+01
1.036308574676513672e+01
1.033669757843017578e+01
1.038533306121826172e+01
1.025623226165771484e+01
1.029094219207763672e+01
1.039808177947998047e+01
1.035725307464599609e+01
1.033893775939941406e+01
1.025785064697265625e+01
1.027633380889892578e+01
1.030718994140625000e+01
1.029409599304199219e+01
1.019122600555419922e+01
1.023552036285400391e+01
1.035153102874755859e+01
1.034928607940673828e+01
1.037563991546630859e+01
1.044130897521972656e+01
1.034275150299072266e+01
1.013096618652343750e+01
1.039385032653808594e+01
1.041809844970703125e+01
1.040432643890380859e+01
1.040964317321777344e+01
1.030426502227783203e+01
1.035154342651367188e+01
1.041719913482666016e+01
1.030768585205078125e+01
1.034315776824951172e+01
1.040287685394287109e+01
1.031008148193359375e+01
1.040746974945068359e+01
1.022950077056884766e+01
1.036168956756591797e+01
1.033156013488769531e+01
1.034513568878173828e+01
1.035189342498779297e+01
1.026752185821533203e+01
1.027956390380859375e+01
1.031002426147460938e+01
1.027533149719238281e+01
1.035456562042236328e+01
1.028120040893554688e+01
1.023502922058105469e+01
1.039340114593505859e+01
1.030234909057617188e+01
1.032122611999511719e+01
1.018465709686279297e+01
1.034952259063720703e+01
1.032957363128662109e+01
1.037551689147949219e+01
1.034295845031738281e+01
1.038959980010986328e+01
1.034465122222900391e+01
1.034080982208251953e+01
1.036555576324462891e+01
1.035575485229492188e+01
1.028780555725097656e+01
1.030470657348632812e+01
1.039645481109619141e+01
1.033313846588134766e+01
1.035947990417480469e+01
1.034163284301757812e+01
1.043540191650390625e+01
1.039817619323730469e+01
1.028409385681152344e+01
1.034761047363281250e+01
1.034832477569580078e+01
1.043022441864013672e+01
1.024010086059570312e+01
1.038481712341308594e+01
1.036371040344238281e+01
1.040977382659912109e+01
1.034337997436523438e+01
1.028985404968261719e+01
1.034727573394775391e+01
1.030686950683593750e+01
1.037039470672607422e+01
1.027163028717041016e+01
1.033630084991455078e+01
1.031246471405029297e+01
1.026927185058593750e+01
1.036988162994384766e+01
1.031318473815917969e+01
1.035651779174804688e+01
1.037063598632812500e+01
1.033087635040283203e+01
1.035438060760498047e+01
1.026196956634521484e+01
1.033433437347412109e+01
1.037976169586181641e+01
1.032083702087402344e+01
1.022403621673583984e+01
1.032424736022949219e+01
1.033139705657958984e+01
1.038299369812011719e+01
1.039566421508789062e+01
1.034180927276611328e+01
1.021932220458984375e+01
1.038044643402099609e+01
1.039047431945800781e+01
1.022400188446044922e+01
1.041939067840576172e+01
1.031217288970947266e+01
1.031172847747802734e+01
1.037730598449707031e+01
1.033250617980957031e+01
1.030697059631347656e+01
1.034613609313964844e+01
1.028307628631591797e+01
1.036810588836669922e+01
1.037208366394042969e+01
1.041506099700927734e+01
1.038641262054443359e+01
1.035953426361083984e+01
1.036596298217773438e+01
1.043542861938476562e+01
1.031493759155273438e+01
1.024859905242919922e+01
1.036977767944335938e+01
1.044544887542724609e+01
1.033869838714599609e+01
1.025446796417236328e+01
1.023419570922851562e+01
1.029732894897460938e+01
1.031894111633300781e+01
1.034054946899414062e+01
1.028275871276855469e+01
1.029407501220703125e+01
1.032339572906494141e+01
1.028033256530761719e+01
1.032583618164062500e+01
1.032785892486572266e+01
1.036827754974365234e+01
1.030658054351806641e+01
1.034667968750000000e+01
1.040079975128173828e+01
1.031458854675292969e+01
1.035127449035644531e+01
1.036212825775146484e+01
1.023684215545654297e+01
1.036946105957031250e+01
1.039687252044677734e+01
1.039907073974609375e+01
1.028130722045898438e+01
1.027663135528564453e+01
1.033327102661132812e+01
1.036200523376464844e+01
1.036261844635009766e+01
1.030620956420898438e+01
1.036551666259765625e+01
1.034362888336181641e+01
1.030085277557373047e+01
1.031084442138671875e+01
1.033913326263427734e+01
1.037421703338623047e+01
1.038694477081298828e+01
1.025726413726806641e+01
1.029161453247070312e+01
1.038027286529541016e+01
1.042455768585205078e+01
1.035416889190673828e+01
1.033559226989746094e+01
1.035992622375488281e+01
1.034050273895263672e+01
1.038832759857177734e+01
1.030976295471191406e+01
1.026592063903808594e+01
1.041573524475097656e+01
1.032246494293212891e+01
1.039590835571289062e+01
1.028444004058837891e+01
1.035095119476318359e+01
1.028418731689453125e+01
1.027537250518798828e+01
1.035014820098876953e+01
1.037222766876220703e+01
1.035317420959472656e+01
1.039309215545654297e+01
1.035182476043701172e+01
1.034096050262451172e+01
1.033584785461425781e+01
1.032950210571289062e+01
1.032878303527832031e+01
1.029868793487548828e+01
1.026904010772705078e+01
1.033273601531982422e+01
1.033450889587402344e+01
1.040662479400634766e+01
1.031551074981689453e+01
1.032897853851318359e+01
1.034197807312011719e+01
1.029574871063232422e+01
1.035581016540527344e+01
1.018670654296875000e+01
1.035775852203369141e+01
1.041925430297851562e+01
1.034795093536376953e+01
1.027422809600830078e+01
1.026968860626220703e+01
1.032700824737548828e+01
1.033652019500732422e+01
1.029809761047363281e+01
1.032176113128662109e+01
1.033695697784423828e+01
1.028304386138916016e+01
1.032172679901123047e+01
1.032030868530273438e+01
1.032138061523437500e+01
1.036133861541748047e+01
1.032763385772705078e+01
1.031309223175048828e+01
1.031252861022949219e+01
1.028015136718750000e+01
1.029065132141113281e+01
1.028617095947265625e+01
1.034075736999511719e+01
1.038299465179443359e+01
1.044141578674316406e+01
1.027988147735595703e+01
1.031457042694091797e+01
1.028869342803955078e+01
1.032241821289062500e+01
1.037419700622558594e+01
1.033013057708740234e+01
1.030434513092041016e+01
1.030495071411132812e+01
1.034181213378906250e+01
1.027131462097167969e+01
1.017547035217285156e+01
1.031206893920898438e+01
1.039007949829101562e+01
1.035579490661621094e+01
1.030979824066162109e+01
1.036668777465820312e+01
1.031438446044921875e+01
1.038275241851806641e+01
1.045380306243896484e+01
1.028402233123779297e+01
1.034993457794189453e+01
1.037967491149902344e+01
1.033445167541503906e+01
1.022715663909912109e+01
1.034192943572998047e+01
1.028835201263427734e+01
1.030121040344238281e+01
1.041397285461425781e+01
1.020619487762451172e+01
1.030600643157958984e+01
1.036503601074218750e+01
1.026676559448242188e+01
1.033088111877441406e+01
1.029032516479492188e+01
1.037319660186767578e+01
1.033845710754394531e+01
1.031620216369628906e+01
1.032047843933105469e+01
1.026891899108886719e+01
1.032034873962402344e+01
1.039483737945556641e+01
1.029424476623535156e+01
1.036214733123779297e+01
1.035564994812011719e+01
1.044508552551269531e+01
1.030411815643310547e+01
1.037724685668945312e+01
1.036444664001464844e+01
1.038516902923583984e+01
1.039723873138427734e+01
1.033873367309570312e+01
1.036895370483398438e+01
1.028699398040771484e+01
1.026902580261230469e+01
1.040448093414306641e+01
1.037265968322753906e+01
1.036931514739990234e+01
1.027415084838867188e+01
1.034513378143310547e+01
1.033266830444335938e+01
1.037987518310546875e+01
1.040565586090087891e+01
1.038320541381835938e+01
1.030018424987792969e+01
1.030786991119384766e+01
1.034433746337890625e+01
1.035019969940185547e+01
1.034729862213134766e+01
1.031395053863525391e+01
1.026065826416015625e+01
1.031980228424072266e+01
1.036375904083251953e+01
1.039327049255371094e+01
1.041884136199951172e+01
1.034879112243652344e+01
1.030362796783447266e+01
1.028971290588378906e+01
1.037266540527343750e+01
1.031818008422851562e+01
1.038714313507080078e+01
1.029833507537841797e+01
1.032935619354248047e+01
1.033560180664062500e+01
1.038841629028320312e+01
1.035183429718017578e+01
1.037924003601074219e+01
1.034037113189697266e+01
1.031206893920898438e+01
1.027722454071044922e+01
1.031245040893554688e+01
1.043204689025878906e+01
1.033764362335205078e+01
1.029791927337646484e+01
1.021960449218750000e+01
1.040659236907958984e+01
1.033085727691650391e+01
1.033149528503417969e+01
1.040333938598632812e+01
1.029002666473388672e+01
1.031604290008544922e+01
1.034397983551025391e+01
1.037888622283935547e+01
1.032918262481689453e+01
1.038710308074951172e+01
1.035422706604003906e+01
1.035238075256347656e+01
1.029754543304443359e+01
1.031757259368896484e+01
1.030436706542968750e+01
1.029815292358398438e+01
1.033248996734619141e+01
1.039278984069824219e+01
1.039952468872070312e+01
1.026539325714111328e+01
1.023092937469482422e+01
1.027301311492919922e+01
1.042930507659912109e+01
1.024376773834228516e+01
1.035572719573974609e+01
1.041398429870605469e+01
1.031652355194091797e+01
1.036181640625000000e+01
1.035093116760253906e+01
1.029450035095214844e+01
1.035605430603027344e+01
1.035840702056884766e+01
1.030011463165283203e+01
1.025148677825927734e+01
1.032405948638916016e+01
1.036582183837890625e+01
1.036917972564697266e+01
1.032780361175537109e+01
1.031883716583251953e+01
1.037235546112060547e+01
1.030990600585937500e+01
1.034526824951171875e+01
1.026294803619384766e+01
1.032197952270507812e+01
1.031795692443847656e+01
1.039064502716064453e+01
1.025734996795654297e+01
1.033265113830566406e+01
1.038582324981689453e+01
1.029705047607421875e+01
1.033182621002197266e+01
1.029466152191162109e+01
1.031225490570068359e+01
1.033541202545166016e+01
1.038305568695068359e+01
1.028335952758789062e+01
1.039221000671386719e+01
1.032116127014160156e+01
1.035487747192382812e+01
1.031707286834716797e+01
1.031827545166015625e+01
1.034952545166015625e+01
1.036725711822509766e+01
1.036700534820556641e+01
1.026616859436035156e+01
1.034871006011962891e+01
1.029469871520996094e+01
1.027778625488281250e+01
1.037232208251953125e+01
1.034878253936767578e+01
1.031800842285156250e+01
1.032367610931396484e+01
1.035575675964355469e+01
1.036100006103515625e+01
1.028134059906005859e+01
1.027863216400146484e+01
1.037249469757080078e+01
1.029846668243408203e+01
1.036122417449951172e+01
1.033005523681640625e+01
1.029176235198974609e+01
1.026078510284423828e+01
1.035346603393554688e+01
1.037232017517089844e+01
1.037355995178222656e+01
1.036892318725585938e+01
1.030581474304199219e+01
1.035986518859863281e+01
1.030295562744140625e+01
1.039526462554931641e+01
1.034989833831787109e+01
1.031038188934326172e+01
1.031506824493408203e+01
1.032608032226562500e+01
1.034532546997070312e+01
1.037458229064941406e+01
1.034642601013183594e+01
1.045757675170898438e+01
1.038416385650634766e+01
1.009788990020751953e+01
1.027492141723632812e+01
1.035225677490234375e+01
1.029363346099853516e+01
1.037326145172119141e+01
1.039445018768310547e+01
1.016443920135498047e+01
1.033460140228271484e+01
1.036704730987548828e+01
1.043367195129394531e+01
1.035184955596923828e+01
1.040383148193359375e+01
1.033546161651611328e+01
1.027939701080322266e+01
1.032136440277099609e+01
1.030619812011718750e+01
1.033039569854736328e+01
1.030927371978759766e+01
1.032517337799072266e+01
1.021660232543945312e+01
1.037760066986083984e+01
1.033253192901611328e+01
1.036637783050537109e+01
1.036931896209716797e+01
1.029758834838867188e+01
1.030264091491699219e+01
1.036083698272705078e+01
1.029582309722900391e+01
1.030621147155761719e+01
1.037023639678955078e+01
1.026651287078857422e+01
1.031301403045654297e+01
1.026857948303222656e+01
1.034566974639892578e+01
1.033835697174072266e+01
1.032044315338134766e+01
1.038123035430908203e+01
1.034673786163330078e+01
1.034951210021972656e+01
1.031903743743896484e+01
1.033395004272460938e+01
1.038856029510498047e+01
1.036239051818847656e+01
1.031188011169433594e+01
1.036644935607910156e+01
1.039637184143066406e+01
1.033718776702880859e+01
1.036595153808593750e+01
1.034939002990722656e+01
1.032982444763183594e+01
1.030742168426513672e+01
1.030974674224853516e+01
1.022295284271240234e+01
1.033331394195556641e+01
1.034272956848144531e+01
1.033872604370117188e+01
1.035043239593505859e+01
1.035372543334960938e+01
1.031404876708984375e+01
1.029376411437988281e+01
1.032887458801269531e+01
1.030203247070312500e+01
1.042794418334960938e+01
1.033427906036376953e+01
1.033509826660156250e+01
1.031000804901123047e+01
1.030312442779541016e+01
1.034855461120605469e+01
1.023373126983642578e+01
1.033460426330566406e+01
1.030614757537841797e+01
1.024298477172851562e+01
1.032071971893310547e+01
1.032644844055175781e+01
1.025128936767578125e+01
1.031806755065917969e+01
1.037160015106201172e+01
1.034469890594482422e+01
1.029588890075683594e+01
1.032718467712402344e+01
1.029371929168701172e+01
1.040566062927246094e+01
1.033711147308349609e+01
1.038048648834228516e+01
1.026163768768310547e+01
1.033660697937011719e+01
1.027573776245117188e+01
1.022747802734375000e+01
1.035923957824707031e+01
1.030721569061279297e+01
1.032791519165039062e+01
1.033490180969238281e+01
1.030103015899658203e+01
1.033887481689453125e+01
1.034093856811523438e+01
1.036792087554931641e+01
1.036254310607910156e+01
1.032761859893798828e+01
1.019246101379394531e+01
1.023319149017333984e+01
1.034933757781982422e+01
1.027466964721679688e+01
1.032767200469970703e+01
1.033726119995117188e+01
1.035799598693847656e+01
1.036726474761962891e+01
1.032355117797851562e+01
1.032643413543701172e+01
1.030742359161376953e+01
1.038110446929931641e+01
1.031054306030273438e+01
1.031172084808349609e+01
1.038812351226806641e+01
1.033017539978027344e+01
1.037332534790039062e+01
1.025797939300537109e+01
1.027028846740722656e+01
1.036037731170654297e+01
1.033271884918212891e+01
1.029138374328613281e+01
1.036078071594238281e+01
1.037295627593994141e+01
1.036042213439941406e+01
1.035033035278320312e+01
1.036933994293212891e+01
1.038844966888427734e+01
1.033991622924804688e+01
1.029519748687744141e+01
1.029867172241210938e+01
1.027312278747558594e+01
1.029418945312500000e+01
1.031641101837158203e+01
1.032738304138183594e+01
1.031647682189941406e+01
1.032702255249023438e+01
1.030589771270751953e+01
1.032545089721679688e+01
1.042466831207275391e+01
1.036060714721679688e+01
1.039182758331298828e+01
1.027252578735351562e+01
1.041456127166748047e+01
1.034514713287353516e+01
1.030531883239746094e+01
1.035615062713623047e+01
1.038414001464843750e+01
1.022858333587646484e+01
1.035674953460693359e+01
1.020287227630615234e+01
1.040237045288085938e+01
1.032741355895996094e+01
1.037306118011474609e+01
1.033892250061035156e+01
1.028333282470703125e+01
1.026885890960693359e+01
1.039699077606201172e+01
1.034808254241943359e+01
1.034054279327392578e+01
1.027774333953857422e+01
1.033190536499023438e+01
1.040617084503173828e+01
1.040034866333007812e+01
1.033837318420410156e+01
1.029506111145019531e+01
1.030729579925537109e+01
1.030605030059814453e+01
1.032616519927978516e+01
1.029020404815673828e+01
1.033249378204345703e+01
1.033102130889892578e+01
1.038333797454833984e+01
1.027813625335693359e+01
1.042132377624511719e+01
1.032852077484130859e+01
1.030472183227539062e+01
1.030174255371093750e+01
1.032494926452636719e+01
1.029844188690185547e+01
1.032669067382812500e+01
1.031368732452392578e+01
1.039680194854736328e+01
1.035710620880126953e+01
1.030591487884521484e+01
1.035041999816894531e+01
1.033107280731201172e+01
1.028078556060791016e+01
1.032861518859863281e+01
1.028746986389160156e+01
1.029830455780029297e+01
1.033738613128662109e+01
1.036032772064208984e+01
