1.088588619232177734e+01
1.088866424560546875e+01
1.089582157135009766e+01
1.087255573272705078e+01
1.088163852691650391e+01
1.088133811950683594e+01
1.089841556549072266e+01
1.088196277618408203e+01
1.088015651702880859e+01
1.089699172973632812e+01
1.087751865386962891e+01
1.088561248779296875e+01
1.089450168609619141e+01
1.087490463256835938e+01
1.087326240539550781e+01
1.088629341125488281e+01
1.087438201904296875e+01
1.086969757080078125e+01
1.087734127044677734e+01
1.088427448272705078e+01
1.088489818572998047e+01
1.090022087097167969e+01
1.087452030181884766e+01
1.088190937042236328e+01
1.087431144714355469e+01
1.089087104797363281e+01
1.090132808685302734e+01
1.088150501251220703e+01
1.087592029571533203e+01
1.087298679351806641e+01
1.089251136779785156e+01
1.089176940917968750e+01
1.087351417541503906e+01
1.088528537750244141e+01
1.086732387542724609e+01
1.087661838531494141e+01
1.088450431823730469e+01
1.088352775573730469e+01
1.089706611633300781e+01
1.088111972808837891e+01
1.086970901489257812e+01
1.087134838104248047e+01
1.087396240234375000e+01
1.087678813934326172e+01
1.087545204162597656e+01
1.087466621398925781e+01
1.089962100982666016e+01
1.088237190246582031e+01
1.090326309204101562e+01
1.088147735595703125e+01
1.088961315155029297e+01
1.089716911315917969e+01
1.087608146667480469e+01
1.087647438049316406e+01
1.088780879974365234e+01
1.087754154205322266e+01
1.088001537322998047e+01
1.086943531036376953e+01
1.087875556945800781e+01
1.089159774780273438e+01
1.087296009063720703e+01
1.090668010711669922e+01
1.087451839447021484e+01
1.089629077911376953e+01
1.086386203765869141e+01
1.087344932556152344e+01
1.087064647674560547e+01
1.087170696258544922e+01
1.088516712188720703e+01
1.087496757507324219e+01
1.088265800476074219e+01
1.086850547790527344e+01
1.087417030334472656e+01
1.087561225891113281e+01
1.086976528167724609e+01
1.089286136627197266e+01
1.087523651123046875e+01
1.087294101715087891e+01
1.087468433380126953e+01
1.089405727386474609e+01
1.088004970550537109e+01
1.084137821197509766e+01
1.089151287078857422e+01
1.088423061370849609e+01
1.088063430786132812e+01
1.088162803649902344e+01
1.089539051055908203e+01
1.087390995025634766e+01
1.088315010070800781e+01
1.087933635711669922e+01
1.088087272644042969e+01
1.087062549591064453e+01
1.088713932037353516e+01
1.086479187011718750e+01
1.088387870788574219e+01
1.087848758697509766e+01
1.087406635284423828e+01
1.088741207122802734e+01
1.089593029022216797e+01
1.088313961029052734e+01
1.089867115020751953e+01
1.086018943786621094e+01
1.087006855010986328e+01
1.088848972320556641e+01
1.088846206665039062e+01
1.088232326507568359e+01
1.088468360900878906e+01
1.087551975250244141e+01
1.088529586791992188e+01
1.088412761688232422e+01
1.087833404541015625e+01
1.086130714416503906e+01
1.088218593597412109e+01
1.087903308868408203e+01
1.087962627410888672e+01
1.086184501647949219e+01
1.086739730834960938e+01
1.087159538269042969e+01
1.088854789733886719e+01
1.088500308990478516e+01
1.088162231445312500e+01
1.087574958801269531e+01
1.086297607421875000e+01
1.088639354705810547e+01
1.089259624481201172e+01
1.087386798858642578e+01
1.087798500061035156e+01
1.087434387207031250e+01
1.085904693603515625e+01
1.087825679779052734e+01
1.087998867034912109e+01
1.087326526641845703e+01
1.087547588348388672e+01
1.087047481536865234e+01
1.089976406097412109e+01
1.087054538726806641e+01
1.088732528686523438e+01
1.087475585937500000e+01
1.088076686859130859e+01
1.087191867828369141e+01
1.088293552398681641e+01
1.087500000000000000e+01
1.087537956237792969e+01
1.087899971008300781e+01
1.088120079040527344e+01
1.088493919372558594e+01
1.087164497375488281e+01
1.086895465850830078e+01
1.087063503265380859e+01
1.086902618408203125e+01
1.088225555419921875e+01
1.089044761657714844e+01
1.089640903472900391e+01
1.086725425720214844e+01
1.089240455627441406e+01
1.086654567718505859e+01
1.087674903869628906e+01
1.088524913787841797e+01
1.087425518035888672e+01
1.085448169708251953e+01
1.088278865814208984e+01
1.086939430236816406e+01
1.087871074676513672e+01
1.087304115295410156e+01
1.086311054229736328e+01
1.089227104187011719e+01
1.087615680694580078e+01
1.086848926544189453e+01
1.089176845550537109e+01
1.087871646881103516e+01
1.088442420959472656e+01
1.089534950256347656e+01
1.089748096466064453e+01
1.087249279022216797e+01
1.087064647674560547e+01
1.088051605224609375e+01
1.085015487670898438e+01
1.086992931365966797e+01
1.087642765045166016e+01
1.086441993713378906e+01
1.087724876403808594e+01
1.087848663330078125e+01
1.087101459503173828e+01
1.087582778930664062e+01
1.087848281860351562e+01
1.087655925750732422e+01
1.087039089202880859e+01
1.086856174468994141e+01
1.086139488220214844e+01
1.086396121978759766e+01
1.088312816619873047e+01
1.086923408508300781e+01
1.085343837738037109e+01
1.087839889526367188e+01
1.088715362548828125e+01
1.088370895385742188e+01
1.087196063995361328e+01
1.086918544769287109e+01
1.086717128753662109e+01
1.088697814941406250e+01
1.086247825622558594e+01
1.088189029693603516e+01
1.087069034576416016e+01
1.087668704986572266e+01
1.088030338287353516e+01
1.087709712982177734e+01
1.086388301849365234e+01
1.085975551605224609e+01
1.086735439300537109e+01
1.084913730621337891e+01
1.087337207794189453e+01
1.087214469909667969e+01
1.087899112701416016e+01
1.086682510375976562e+01
1.087269973754882812e+01
1.086978721618652344e+01
1.088514709472656250e+01
1.087760734558105469e+01
1.086804485321044922e+01
1.087153720855712891e+01
1.086952304840087891e+01
1.087639522552490234e+01
1.086801242828369141e+01
1.086916446685791016e+01
1.087005996704101562e+01
1.088422489166259766e+01
1.087057876586914062e+01
1.085665512084960938e+01
1.087124347686767578e+01
1.086055088043212891e+01
1.085827922821044922e+01
1.087612724304199219e+01
1.086979770660400391e+01
1.087242221832275391e+01
1.086525726318359375e+01
1.086236953735351562e+01
1.087655067443847656e+01
1.087122726440429688e+01
1.086031436920166016e+01
1.087271404266357422e+01
1.087373256683349609e+01
1.087490749359130859e+01
1.085984611511230469e+01
1.086990261077880859e+01
1.086177444458007812e+01
1.086174297332763672e+01
1.085999774932861328e+01
1.087667560577392578e+01
1.085140991210937500e+01
1.086721801757812500e+01
1.086888408660888672e+01
1.087772178649902344e+01
1.087814998626708984e+01
1.087398147583007812e+01
1.085510635375976562e+01
1.085897445678710938e+01
1.087221717834472656e+01
1.083283710479736328e+01
1.087900161743164062e+01
1.084822559356689453e+01
1.085517215728759766e+01
1.084726142883300781e+01
1.087412261962890625e+01
1.086401844024658203e+01
1.086708450317382812e+01
1.087277698516845703e+01
1.087633037567138672e+01
1.086578273773193359e+01
1.086369514465332031e+01
1.087141323089599609e+01
1.085154628753662109e+01
1.086852073669433594e+01
1.088242435455322266e+01
1.088191795349121094e+01
1.085960388183593750e+01
1.087442398071289062e+01
1.086154460906982422e+01
1.087775516510009766e+01
1.087015056610107422e+01
1.085979270935058594e+01
1.087241649627685547e+01
1.085123538970947266e+01
1.086464023590087891e+01
1.085165405273437500e+01
1.085586166381835938e+01
1.086128997802734375e+01
1.087012004852294922e+01
1.086493682861328125e+01
1.084450435638427734e+01
1.087243652343750000e+01
1.087831211090087891e+01
1.086636638641357422e+01
1.085487461090087891e+01
1.085973167419433594e+01
1.085911273956298828e+01
1.086321735382080078e+01
1.085944175720214844e+01
1.085581207275390625e+01
1.085374546051025391e+01
1.086562442779541016e+01
1.087570190429687500e+01
1.087546634674072266e+01
1.085064029693603516e+01
1.086077117919921875e+01
1.086029243469238281e+01
1.085680961608886719e+01
1.085796642303466797e+01
1.086365509033203125e+01
1.086784076690673828e+01
1.085883522033691406e+01
1.086104583740234375e+01
1.084725379943847656e+01
1.086167716979980469e+01
1.087211322784423828e+01
1.085301876068115234e+01
1.084731769561767578e+01
1.086617469787597656e+01
1.086044025421142578e+01
1.084702396392822266e+01
1.085795497894287109e+01
1.085185241699218750e+01
1.085044574737548828e+01
1.086593818664550781e+01
1.085573577880859375e+01
1.086634635925292969e+01
1.085292434692382812e+01
1.084070587158203125e+01
1.084306526184082031e+01
1.085442447662353516e+01
1.086014938354492188e+01
1.085940456390380859e+01
1.085207557678222656e+01
1.086314964294433594e+01
1.085064697265625000e+01
1.085191154479980469e+01
1.085260963439941406e+01
1.086377906799316406e+01
1.086817741394042969e+01
1.084993267059326172e+01
1.086086559295654297e+01
1.086384487152099609e+01
1.083938121795654297e+01
1.085516071319580078e+01
1.085811424255371094e+01
1.084494113922119141e+01
1.085620403289794922e+01
1.085814476013183594e+01
1.084599685668945312e+01
1.084104919433593750e+01
1.084540462493896484e+01
1.084463119506835938e+01
1.085247993469238281e+01
1.085695552825927734e+01
1.084330844879150391e+01
1.084978675842285156e+01
1.086560344696044922e+01
1.085372829437255859e+01
1.086669731140136719e+01
1.087033462524414062e+01
1.085221481323242188e+01
1.082834053039550781e+01
1.084276866912841797e+01
1.085158824920654297e+01
1.084257507324218750e+01
1.083291816711425781e+01
1.084499835968017578e+01
1.084547328948974609e+01
1.083415222167968750e+01
1.085145473480224609e+01
1.084606170654296875e+01
1.085536956787109375e+01
1.084713745117187500e+01
1.085470962524414062e+01
1.084018802642822266e+01
1.084451866149902344e+01
1.084340286254882812e+01
1.084356784820556641e+01
1.085670757293701172e+01
1.085231018066406250e+01
1.084636020660400391e+01
1.084261894226074219e+01
1.087244701385498047e+01
1.084267330169677734e+01
1.085548782348632812e+01
1.084403228759765625e+01
1.084743976593017578e+01
1.082280254364013672e+01
1.084810352325439453e+01
1.083673381805419922e+01
1.085195541381835938e+01
1.084571361541748047e+01
1.083845901489257812e+01
1.085085296630859375e+01
1.084811401367187500e+01
1.085370063781738281e+01
1.085163497924804688e+01
1.084223079681396484e+01
1.083472537994384766e+01
1.083570575714111328e+01
1.082915782928466797e+01
1.082548809051513672e+01
1.083749198913574219e+01
1.085018920898437500e+01
1.084146499633789062e+01
1.083671283721923828e+01
1.083983993530273438e+01
1.084207725524902344e+01
1.083527088165283203e+01
1.084142684936523438e+01
1.085129070281982422e+01
1.085054492950439453e+01
1.082252216339111328e+01
1.083338260650634766e+01
1.085040760040283203e+01
1.084755802154541016e+01
1.085815906524658203e+01
1.084260177612304688e+01
1.083669281005859375e+01
1.085592079162597656e+01
1.084234046936035156e+01
1.084361839294433594e+01
1.084145832061767578e+01
1.083444309234619141e+01
1.083909988403320312e+01
1.082354354858398438e+01
1.083676719665527344e+01
1.084841060638427734e+01
1.081327915191650391e+01
1.084033966064453125e+01
1.083700847625732422e+01
1.085564136505126953e+01
1.083505535125732422e+01
1.083769416809082031e+01
1.084822463989257812e+01
1.082396221160888672e+01
1.083611297607421875e+01
1.082749366760253906e+01
1.083261299133300781e+01
1.083584594726562500e+01
1.083475112915039062e+01
1.084334945678710938e+01
1.083658695220947266e+01
1.082518577575683594e+01
1.083003997802734375e+01
1.082751941680908203e+01
1.083347702026367188e+01
1.083077812194824219e+01
1.083209705352783203e+01
1.083260822296142578e+01
1.081680202484130859e+01
1.080749034881591797e+01
1.083331298828125000e+01
1.083938121795654297e+01
1.083686637878417969e+01
1.084212017059326172e+01
1.083326244354248047e+01
1.083870697021484375e+01
1.081520080566406250e+01
1.082370281219482422e+01
1.082529544830322266e+01
1.083240890502929688e+01
1.083087253570556641e+01
1.082421302795410156e+01
1.083666706085205078e+01
1.082815837860107422e+01
1.084615898132324219e+01
1.083812236785888672e+01
1.083335590362548828e+01
1.082058620452880859e+01
1.082643985748291016e+01
1.082155323028564453e+01
1.080561542510986328e+01
1.082864570617675781e+01
1.080602455139160156e+01
1.082699108123779297e+01
1.084271430969238281e+01
1.082861709594726562e+01
1.082499408721923828e+01
1.082460308074951172e+01
1.082304382324218750e+01
1.082329177856445312e+01
1.081094455718994141e+01
1.081963253021240234e+01
1.082646179199218750e+01
1.081848144531250000e+01
1.082038974761962891e+01
1.079759693145751953e+01
1.080813694000244141e+01
1.082164287567138672e+01
1.081523323059082031e+01
1.082793426513671875e+01
1.082187271118164062e+01
1.080822849273681641e+01
1.081832122802734375e+01
1.079156494140625000e+01
1.081943798065185547e+01
1.081594753265380859e+01
1.081831550598144531e+01
1.082518005371093750e+01
1.081076526641845703e+01
1.083668708801269531e+01
1.082258415222167969e+01
1.084100055694580078e+01
1.082850933074951172e+01
1.080762386322021484e+01
1.081929397583007812e+01
1.082325172424316406e+01
1.082296943664550781e+01
1.082076072692871094e+01
1.083010959625244141e+01
1.081208419799804688e+01
1.083687591552734375e+01
1.081056594848632812e+01
1.081505298614501953e+01
1.083689880371093750e+01
1.081043815612792969e+01
1.083812618255615234e+01
1.081622886657714844e+01
1.079923534393310547e+01
1.080617809295654297e+01
1.081233310699462891e+01
1.082469367980957031e+01
1.080012702941894531e+01
1.081636810302734375e+01
1.080035972595214844e+01
1.081180000305175781e+01
1.081148338317871094e+01
1.078074169158935547e+01
1.081266307830810547e+01
1.080129337310791016e+01
1.082573795318603516e+01
1.081340217590332031e+01
1.079009914398193359e+01
1.080000972747802734e+01
1.080557155609130859e+01
1.080114269256591797e+01
1.080540275573730469e+01
1.080849266052246094e+01
1.078782844543457031e+01
1.080469989776611328e+01
1.081701660156250000e+01
1.082413291931152344e+01
1.080431175231933594e+01
1.080180644989013672e+01
1.080808925628662109e+01
1.079784679412841797e+01
1.082877349853515625e+01
1.079170608520507812e+01
1.080035686492919922e+01
1.078970146179199219e+01
1.078847503662109375e+01
1.082965564727783203e+01
1.079685115814208984e+01
1.081081962585449219e+01
1.080886173248291016e+01
1.081050968170166016e+01
1.079687881469726562e+01
1.080467700958251953e+01
1.080346107482910156e+01
1.080941009521484375e+01
1.079426479339599609e+01
1.080941295623779297e+01
1.080209827423095703e+01
1.080853176116943359e+01
1.080269145965576172e+01
1.080442619323730469e+01
1.078731536865234375e+01
1.082484245300292969e+01
1.081466484069824219e+01
1.080120372772216797e+01
1.081060409545898438e+01
1.081218528747558594e+01
1.078771305084228516e+01
1.080929470062255859e+01
1.079165363311767578e+01
1.079457759857177734e+01
1.079138851165771484e+01
1.079695701599121094e+01
1.079442119598388672e+01
1.079940128326416016e+01
1.080922794342041016e+01
1.079051876068115234e+01
1.077403354644775391e+01
1.077324581146240234e+01
1.080156040191650391e+01
1.079925060272216797e+01
1.081000804901123047e+01
1.077959251403808594e+01
1.079464721679687500e+01
1.080214691162109375e+01
1.077942943572998047e+01
1.079498195648193359e+01
1.079358577728271484e+01
1.080376338958740234e+01
1.079864311218261719e+01
1.077129459381103516e+01
1.078107833862304688e+01
1.078130340576171875e+01
1.078446674346923828e+01
1.077903938293457031e+01
1.078939628601074219e+01
1.078374195098876953e+01
1.077131843566894531e+01
1.078020572662353516e+01
1.079774475097656250e+01
1.078789710998535156e+01
1.078770065307617188e+01
1.077920913696289062e+01
1.079323768615722656e+01
1.076864433288574219e+01
1.076969909667968750e+01
1.078571319580078125e+01
1.078736877441406250e+01
1.080324745178222656e+01
1.078902721405029297e+01
1.080183792114257812e+01
1.078844928741455078e+01
1.077600097656250000e+01
1.079969882965087891e+01
1.077934455871582031e+01
1.077131938934326172e+01
1.077695560455322266e+01
1.080088424682617188e+01
1.077951622009277344e+01
1.075568389892578125e+01
1.077784347534179688e+01
1.079083538055419922e+01
1.078675365447998047e+01
1.078143882751464844e+01
1.076981258392333984e+01
1.078705596923828125e+01
1.078000640869140625e+01
1.078394985198974609e+01
1.077366065979003906e+01
1.077535820007324219e+01
1.078700447082519531e+01
1.077127456665039062e+01
1.077311801910400391e+01
1.077892780303955078e+01
1.077866554260253906e+01
1.079066753387451172e+01
1.077575397491455078e+01
1.078503704071044922e+01
1.077186965942382812e+01
1.078716087341308594e+01
1.076362991333007812e+01
1.076587677001953125e+01
1.076694393157958984e+01
1.078250503540039062e+01
1.078181648254394531e+01
1.076861476898193359e+01
1.074561500549316406e+01
1.075260925292968750e+01
1.078241729736328125e+01
1.077479934692382812e+01
1.077671051025390625e+01
1.077031326293945312e+01
1.076265048980712891e+01
1.075521087646484375e+01
1.077403831481933594e+01
1.079415988922119141e+01
1.077987003326416016e+01
1.077639675140380859e+01
1.076654052734375000e+01
1.076952838897705078e+01
1.075988960266113281e+01
1.078568840026855469e+01
1.077432823181152344e+01
1.077694129943847656e+01
1.076496982574462891e+01
1.077083492279052734e+01
1.077859306335449219e+01
1.077146339416503906e+01
1.075774192810058594e+01
1.075959682464599609e+01
1.076571941375732422e+01
1.080505752563476562e+01
1.076353263854980469e+01
1.077553844451904297e+01
1.075290107727050781e+01
1.075068187713623047e+01
1.077204132080078125e+01
1.076818275451660156e+01
1.075076866149902344e+01
1.076632308959960938e+01
1.076228713989257812e+01
1.077263736724853516e+01
1.076249217987060547e+01
1.077288341522216797e+01
1.075017929077148438e+01
1.075343227386474609e+01
1.073950004577636719e+01
1.076807785034179688e+01
1.077019023895263672e+01
1.076939487457275391e+01
1.075861549377441406e+01
1.075736141204833984e+01
1.075566005706787109e+01
1.075604152679443359e+01
1.076032733917236328e+01
1.075826072692871094e+01
1.076611900329589844e+01
1.076607418060302734e+01
1.076525783538818359e+01
1.076374340057373047e+01
1.075970363616943359e+01
1.074644470214843750e+01
1.076921272277832031e+01
1.076887893676757812e+01
1.074679946899414062e+01
1.076835346221923828e+01
1.077295970916748047e+01
1.075896453857421875e+01
1.074284934997558594e+01
1.074239826202392578e+01
1.075151634216308594e+01
1.077436447143554688e+01
1.077230358123779297e+01
1.074375438690185547e+01
1.075020027160644531e+01
1.076558685302734375e+01
1.073566341400146484e+01
1.076468372344970703e+01
1.074977493286132812e+01
1.074379062652587891e+01
1.077227783203125000e+01
1.075218105316162109e+01
1.076321125030517578e+01
1.073209476470947266e+01
1.074091625213623047e+01
1.074715042114257812e+01
1.076154613494873047e+01
1.076468753814697266e+01
1.072137928009033203e+01
1.076956558227539062e+01
1.075127601623535156e+01
1.072846984863281250e+01
1.074228763580322266e+01
1.071832084655761719e+01
1.072637748718261719e+01
1.073944759368896484e+01
1.073891258239746094e+01
1.076310157775878906e+01
1.075383853912353516e+01
1.074689865112304688e+01
1.073575687408447266e+01
1.076389408111572266e+01
1.075039100646972656e+01
1.075849246978759766e+01
1.074783992767333984e+01
1.074232482910156250e+01
1.074263572692871094e+01
1.075875473022460938e+01
1.074413394927978516e+01
1.075331592559814453e+01
1.073282432556152344e+01
1.074476623535156250e+01
1.075608825683593750e+01
1.076013946533203125e+01
1.072958850860595703e+01
1.075755882263183594e+01
1.071725654602050781e+01
1.075667095184326172e+01
1.074402904510498047e+01
1.072583961486816406e+01
1.073143100738525391e+01
1.074800395965576172e+01
1.073225975036621094e+01
1.073422050476074219e+01
1.073542785644531250e+01
1.074330902099609375e+01
1.073867034912109375e+01
1.074791431427001953e+01
1.074838924407958984e+01
1.074069786071777344e+01
1.073878383636474609e+01
1.072512149810791016e+01
1.074111461639404297e+01
1.073637485504150391e+01
1.073051166534423828e+01
1.071597194671630859e+01
1.074061584472656250e+01
1.072549533843994141e+01
1.073375034332275391e+01
1.071739673614501953e+01
1.072375202178955078e+01
1.071489620208740234e+01
1.073969841003417969e+01
1.072418308258056641e+01
1.073440551757812500e+01
1.073475837707519531e+01
1.072697925567626953e+01
1.072158241271972656e+01
1.075130558013916016e+01
1.071931362152099609e+01
1.072727108001708984e+01
1.074497032165527344e+01
1.073220443725585938e+01
1.073766708374023438e+01
1.072146797180175781e+01
1.074267005920410156e+01
1.069645309448242188e+01
1.075280952453613281e+01
1.071885776519775391e+01
1.072240543365478516e+01
1.074251747131347656e+01
1.074263191223144531e+01
1.073305130004882812e+01
1.073331260681152344e+01
1.071650028228759766e+01
1.074230003356933594e+01
1.073341274261474609e+01
1.073291015625000000e+01
1.072111129760742188e+01
1.072001552581787109e+01
1.071852302551269531e+01
1.071879959106445312e+01
1.070534610748291016e+01
1.071470260620117188e+01
1.072975444793701172e+01
1.071453666687011719e+01
1.073958110809326172e+01
1.071217632293701172e+01
1.069785881042480469e+01
1.072390937805175781e+01
1.072923374176025391e+01
1.072666454315185547e+01
1.073430919647216797e+01
1.072088813781738281e+01
1.072026443481445312e+01
1.071945381164550781e+01
1.070154094696044922e+01
1.073610305786132812e+01
1.070500183105468750e+01
1.071595382690429688e+01
1.071555805206298828e+01
1.073125743865966797e+01
1.072283554077148438e+01
1.071147346496582031e+01
1.071567916870117188e+01
1.071872615814208984e+01
1.073085212707519531e+01
1.074832820892333984e+01
1.071256446838378906e+01
1.069475078582763672e+01
1.071714973449707031e+01
1.072395324707031250e+01
1.072550487518310547e+01
1.070290565490722656e+01
1.071476173400878906e+01
1.072125244140625000e+01
1.069791889190673828e+01
1.071905422210693359e+01
1.072326755523681641e+01
1.068140316009521484e+01
1.071686077117919922e+01
1.069895267486572266e+01
1.071537971496582031e+01
1.071505355834960938e+01
1.070492076873779297e+01
1.071159553527832031e+01
1.073481082916259766e+01
1.072487735748291016e+01
1.072584056854248047e+01
1.070391845703125000e+01
1.069553375244140625e+01
1.072553253173828125e+01
1.072293853759765625e+01
1.069395732879638672e+01
1.073199367523193359e+01
1.070588207244873047e+01
1.072509479522705078e+01
1.071218395233154297e+01
1.070022201538085938e+01
1.070872211456298828e+01
1.072424221038818359e+01
1.069587898254394531e+01
1.070953178405761719e+01
1.070942592620849609e+01
1.070075798034667969e+01
1.067884063720703125e+01
1.069084167480468750e+01
1.069952297210693359e+01
1.071968555450439453e+01
1.068019104003906250e+01
1.071432018280029297e+01
1.069303321838378906e+01
1.069464206695556641e+01
1.070516395568847656e+01
1.071831321716308594e+01
1.070011711120605469e+01
1.069942951202392578e+01
1.071645450592041016e+01
1.068677139282226562e+01
1.071454906463623047e+01
1.071119308471679688e+01
1.070746135711669922e+01
1.071777725219726562e+01
1.067073249816894531e+01
1.071029376983642578e+01
1.070938587188720703e+01
1.069726467132568359e+01
1.071752452850341797e+01
1.070717144012451172e+01
1.069744205474853516e+01
1.069719219207763672e+01
1.066109848022460938e+01
1.069076633453369141e+01
1.068771362304687500e+01
1.071019554138183594e+01
1.069497489929199219e+01
1.070867443084716797e+01
1.069796943664550781e+01
1.070793437957763672e+01
1.068200302124023438e+01
1.070224761962890625e+01
1.070014953613281250e+01
1.069347095489501953e+01
1.071838092803955078e+01
1.069393825531005859e+01
1.068407535552978516e+01
1.069436454772949219e+01
1.071010875701904297e+01
1.069027900695800781e+01
1.069615554809570312e+01
1.069777870178222656e+01
1.069447708129882812e+01
1.069765472412109375e+01
1.069580173492431641e+01
1.070800209045410156e+01
1.069784545898437500e+01
1.069878578186035156e+01
1.068976211547851562e+01
1.067926979064941406e+01
1.069346618652343750e+01
1.066606903076171875e+01
1.069543933868408203e+01
1.066606044769287109e+01
1.069299983978271484e+01
1.069361782073974609e+01
1.070095634460449219e+01
1.069067096710205078e+01
1.071029567718505859e+01
1.068378925323486328e+01
1.066332340240478516e+01
1.068416595458984375e+01
1.066750240325927734e+01
1.068847274780273438e+01
1.067134571075439453e+01
1.068870353698730469e+01
1.069926929473876953e+01
1.064413833618164062e+01
1.068194293975830078e+01
1.067592239379882812e+01
1.068620967864990234e+01
1.067105007171630859e+01
1.069316005706787109e+01
1.067662906646728516e+01
1.069567584991455078e+01
1.065174770355224609e+01
1.070123577117919922e+01
1.068824577331542969e+01
1.067290592193603516e+01
1.068788146972656250e+01
1.070498180389404297e+01
1.068618488311767578e+01
1.066939258575439453e+01
1.068132495880126953e+01
1.069814968109130859e+01
1.068990516662597656e+01
1.067970275878906250e+01
1.069044208526611328e+01
1.068880939483642578e+01
1.066863346099853516e+01
1.068217372894287109e+01
1.067570781707763672e+01
1.069334793090820312e+01
1.064639282226562500e+01
1.067618274688720703e+01
1.066409397125244141e+01
1.068293190002441406e+01
1.067953968048095703e+01
1.068353939056396484e+01
1.069263935089111328e+01
1.067313766479492188e+01
1.064511680603027344e+01
1.067915439605712891e+01
1.068881893157958984e+01
1.066355895996093750e+01
1.065959262847900391e+01
1.066749763488769531e+01
1.066547679901123047e+01
1.068941879272460938e+01
1.066574001312255859e+01
1.064321041107177734e+01
1.066251182556152344e+01
1.068239688873291016e+01
1.064777469635009766e+01
1.065272331237792969e+01
1.067317485809326172e+01
1.067171764373779297e+01
1.065250968933105469e+01
1.065047359466552734e+01
1.066326713562011719e+01
1.066611099243164062e+01
1.066418457031250000e+01
1.066757488250732422e+01
1.067822074890136719e+01
1.064617443084716797e+01
1.068077564239501953e+01
1.065778255462646484e+01
1.067164993286132812e+01
1.066874504089355469e+01
1.065692615509033203e+01
1.066763973236083984e+01
1.068473052978515625e+01
1.067856121063232422e+01
1.064541339874267578e+01
1.065098762512207031e+01
1.065436649322509766e+01
1.063196277618408203e+01
1.064686775207519531e+01
1.069097328186035156e+01
1.067278575897216797e+01
1.066096019744873047e+01
1.067836952209472656e+01
1.067010021209716797e+01
1.064765167236328125e+01
1.066562461853027344e+01
1.065650939941406250e+01
1.067336940765380859e+01
1.066594696044921875e+01
1.065868473052978516e+01
1.065061187744140625e+01
1.065092372894287109e+01
1.068004035949707031e+01
1.068064403533935547e+01
1.063957405090332031e+01
1.066353607177734375e+01
1.065078544616699219e+01
1.066010284423828125e+01
1.065114784240722656e+01
1.063686943054199219e+01
1.067067909240722656e+01
1.064359092712402344e+01
1.059677696228027344e+01
1.062822437286376953e+01
1.062611675262451172e+01
1.064926624298095703e+01
1.065738964080810547e+01
1.067672634124755859e+01
1.065315818786621094e+01
1.066596603393554688e+01
1.063681793212890625e+01
1.062475395202636719e+01
1.067994880676269531e+01
1.064912319183349609e+01
1.063445758819580078e+01
1.065406227111816406e+01
1.065594100952148438e+01
1.063809490203857422e+01
1.065273952484130859e+01
1.065124225616455078e+01
1.065465831756591797e+01
1.065137004852294922e+01
1.064565467834472656e+01
1.065755081176757812e+01
1.062997627258300781e+01
1.065729999542236328e+01
1.064512729644775391e+01
1.066592121124267578e+01
1.061702346801757812e+01
1.065223217010498047e+01
1.063692665100097656e+01
1.064728164672851562e+01
1.066593074798583984e+01
1.066266059875488281e+01
1.065609550476074219e+01
1.065673255920410156e+01
1.065172576904296875e+01
1.063279342651367188e+01
1.065464973449707031e+01
1.065341186523437500e+01
1.063166141510009766e+01
1.064570045471191406e+01
1.065931415557861328e+01
1.063975143432617188e+01
1.062950038909912109e+01
1.061538505554199219e+01
1.066971492767333984e+01
1.065456104278564453e+01
1.062556648254394531e+01
1.065623664855957031e+01
1.064808940887451172e+01
1.062819480895996094e+01
1.063255596160888672e+01
1.062333869934082031e+01
1.062126159667968750e+01
1.063890075683593750e+01
1.064101028442382812e+01
1.065883159637451172e+01
1.066129398345947266e+01
1.066354179382324219e+01
1.063855648040771484e+01
1.062084960937500000e+01
1.064345550537109375e+01
1.064717674255371094e+01
1.062775230407714844e+01
1.062769794464111328e+01
1.063471508026123047e+01
1.063460826873779297e+01
1.063893318176269531e+01
1.064350795745849609e+01
1.062594032287597656e+01
1.061710166931152344e+01
1.060143566131591797e+01
1.064398574829101562e+01
1.062981414794921875e+01
1.063195037841796875e+01
1.062410926818847656e+01
1.062194633483886719e+01
1.062957668304443359e+01
1.063301658630371094e+01
1.065795421600341797e+01
1.063324832916259766e+01
1.063885688781738281e+01
1.062298011779785156e+01
1.060433197021484375e+01
1.062087440490722656e+01
1.063451099395751953e+01
1.063073921203613281e+01
1.065640258789062500e+01
1.059669971466064453e+01
1.062207698822021484e+01
1.064891433715820312e+01
1.061001491546630859e+01
1.062820816040039062e+01
1.064105415344238281e+01
1.066204547882080078e+01
1.062165355682373047e+01
1.063252353668212891e+01
1.062200355529785156e+01
1.062154960632324219e+01
1.062762546539306641e+01
1.061986351013183594e+01
1.062349510192871094e+01
1.062696552276611328e+01
1.063786792755126953e+01
1.060616207122802734e+01
1.060011386871337891e+01
1.060904502868652344e+01
1.059489250183105469e+01
1.063771533966064453e+01
1.064357757568359375e+01
1.060583305358886719e+01
1.061517238616943359e+01
1.061763191223144531e+01
1.061159229278564453e+01
1.061505508422851562e+01
1.060453224182128906e+01
1.061547279357910156e+01
1.061608314514160156e+01
1.064365482330322266e+01
1.064181041717529297e+01
1.061011028289794922e+01
1.059224224090576172e+01
1.060030460357666016e+01
1.061612224578857422e+01
1.056946468353271484e+01
1.063990402221679688e+01
1.062758731842041016e+01
1.062402248382568359e+01
1.060819530487060547e+01
1.061041927337646484e+01
1.064206790924072266e+01
1.061041545867919922e+01
1.064215564727783203e+01
1.062175559997558594e+01
1.061681079864501953e+01
1.064552307128906250e+01
1.060486030578613281e+01
1.061248874664306641e+01
1.060675621032714844e+01
1.061600112915039062e+01
1.059512424468994141e+01
1.063655471801757812e+01
1.061843681335449219e+01
1.060664939880371094e+01
1.061741447448730469e+01
1.063331317901611328e+01
1.064366149902343750e+01
1.060581588745117188e+01
1.061915588378906250e+01
1.061846733093261719e+01
1.062165927886962891e+01
1.061366844177246094e+01
1.063262748718261719e+01
1.060265922546386719e+01
1.058139133453369141e+01
1.064016914367675781e+01
1.061920452117919922e+01
1.062486553192138672e+01
1.062560081481933594e+01
1.058846759796142578e+01
1.060731792449951172e+01
1.060713958740234375e+01
1.063461971282958984e+01
1.061302471160888672e+01
1.060598087310791016e+01
1.060386753082275391e+01
1.063409709930419922e+01
1.061276817321777344e+01
1.059522914886474609e+01
1.059326362609863281e+01
1.062107372283935547e+01
1.061413097381591797e+01
1.060327148437500000e+01
1.061370372772216797e+01
1.058752441406250000e+01
1.061421108245849609e+01
1.061835289001464844e+01
1.062524700164794922e+01
1.059692478179931641e+01
1.060105037689208984e+01
1.060020732879638672e+01
1.060129451751708984e+01
1.059568119049072266e+01
1.059543800354003906e+01
1.058813953399658203e+01
1.058274459838867188e+01
1.060761642456054688e+01
1.061262607574462891e+01
1.057225608825683594e+01
1.060079860687255859e+01
1.060388851165771484e+01
1.062373638153076172e+01
1.061433696746826172e+01
1.063930225372314453e+01
1.061039543151855469e+01
1.059862518310546875e+01
1.059905529022216797e+01
1.059342479705810547e+01
1.060143280029296875e+01
1.057780933380126953e+01
1.059316062927246094e+01
1.063490295410156250e+01
1.059708309173583984e+01
1.063372993469238281e+01
1.060378265380859375e+01
1.059892272949218750e+01
1.060174942016601562e+01
1.061731910705566406e+01
1.060175037384033203e+01
1.060954952239990234e+01
1.061036586761474609e+01
1.061736488342285156e+01
1.061053562164306641e+01
1.059903526306152344e+01
1.058562278747558594e+01
1.059049224853515625e+01
1.060030460357666016e+01
1.060473918914794922e+01
1.059316635131835938e+01
1.058021926879882812e+01
1.057198810577392578e+01
1.058968162536621094e+01
1.060295104980468750e+01
1.059846115112304688e+01
1.058120727539062500e+01
1.060724544525146484e+01
1.059314727783203125e+01
1.057853317260742188e+01
1.058234882354736328e+01
1.057023429870605469e+01
1.056028366088867188e+01
1.061547756195068359e+01
1.063789844512939453e+01
1.059158802032470703e+01
1.059778594970703125e+01
1.062072277069091797e+01
1.060763835906982422e+01
1.061054801940917969e+01
1.060131454467773438e+01
1.059274101257324219e+01
1.056075191497802734e+01
1.060552120208740234e+01
1.061385440826416016e+01
1.060113906860351562e+01
1.057369709014892578e+01
1.057996273040771484e+01
1.057577419281005859e+01
1.059966564178466797e+01
1.062590122222900391e+01
1.057233428955078125e+01
1.058268070220947266e+01
1.059430027008056641e+01
1.058492088317871094e+01
1.055927276611328125e+01
1.058236885070800781e+01
1.060548782348632812e+01
1.059429931640625000e+01
1.057955551147460938e+01
1.060091876983642578e+01
1.057986068725585938e+01
1.057246112823486328e+01
1.062447929382324219e+01
1.058736705780029297e+01
1.057359218597412109e+01
1.058724594116210938e+01
1.061158561706542969e+01
1.061078929901123047e+01
1.058282566070556641e+01
1.054946899414062500e+01
1.059215641021728516e+01
1.061196994781494141e+01
1.057358932495117188e+01
1.056988334655761719e+01
1.054479694366455078e+01
1.059408473968505859e+01
1.055609321594238281e+01
1.061430740356445312e+01
1.058036994934082031e+01
1.058636951446533203e+01
1.058033180236816406e+01
1.057979869842529297e+01
1.059713268280029297e+01
1.055919361114501953e+01
1.057903671264648438e+01
1.052713203430175781e+01
1.056726264953613281e+01
1.059677600860595703e+01
1.059098434448242188e+01
1.060891914367675781e+01
1.058555412292480469e+01
1.058919811248779297e+01
1.057463645935058594e+01
1.058886528015136719e+01
1.059488677978515625e+01
1.057981491088867188e+01
1.057723903656005859e+01
1.057811927795410156e+01
1.056991100311279297e+01
1.055419254302978516e+01
1.054153442382812500e+01
1.057345962524414062e+01
1.057474136352539062e+01
1.058100986480712891e+01
1.055365276336669922e+01
1.055190181732177734e+01
1.054796981811523438e+01
1.057744884490966797e+01
1.056289100646972656e+01
1.056030941009521484e+01
1.057497406005859375e+01
1.058316230773925781e+01
1.054866409301757812e+01
1.052129650115966797e+01
1.054041099548339844e+01
1.057612705230712891e+01
1.057845211029052734e+01
1.056464862823486328e+01
1.054178142547607422e+01
1.058362865447998047e+01
1.058511924743652344e+01
1.060861682891845703e+01
1.058568000793457031e+01
1.058318328857421875e+01
1.055693435668945312e+01
1.050784683227539062e+01
1.056404113769531250e+01
1.058078765869140625e+01
1.057005214691162109e+01
1.056648540496826172e+01
1.055124378204345703e+01
1.056404304504394531e+01
1.057116413116455078e+01
1.052282619476318359e+01
1.057304573059082031e+01
1.058345794677734375e+01
1.058006286621093750e+01
1.055459117889404297e+01
1.053782272338867188e+01
1.057226276397705078e+01
1.054690456390380859e+01
1.055554866790771484e+01
1.057124423980712891e+01
1.058293342590332031e+01
1.057590579986572266e+01
1.057828998565673828e+01
1.054775142669677734e+01
1.057193756103515625e+01
1.056969738006591797e+01
1.056097412109375000e+01
1.057797241210937500e+01
1.057121276855468750e+01
1.056852340698242188e+01
1.057820224761962891e+01
1.052312660217285156e+01
1.054856872558593750e+01
1.056900787353515625e+01
1.059726428985595703e+01
1.057025909423828125e+01
1.057340526580810547e+01
1.057939910888671875e+01
1.058230400085449219e+01
1.055709457397460938e+01
1.055524349212646484e+01
1.054758834838867188e+01
1.057899188995361328e+01
1.056999111175537109e+01
1.057569503784179688e+01
1.057980537414550781e+01
1.057730102539062500e+01
1.057453727722167969e+01
1.055531501770019531e+01
1.056931781768798828e+01
1.054962921142578125e+01
1.056478309631347656e+01
1.056893157958984375e+01
1.054863548278808594e+01
1.055781936645507812e+01
1.055977153778076172e+01
1.053403568267822266e+01
1.055866241455078125e+01
1.055472850799560547e+01
1.053337192535400391e+01
1.057048702239990234e+01
1.054598426818847656e+01
1.057073307037353516e+01
1.057021236419677734e+01
1.055235767364501953e+01
1.058327960968017578e+01
1.058475017547607422e+01
1.056781578063964844e+01
1.056705760955810547e+01
1.056738090515136719e+01
1.057808399200439453e+01
1.054528331756591797e+01
1.057697772979736328e+01
1.059331035614013672e+01
1.055667686462402344e+01
1.058049869537353516e+01
1.055509567260742188e+01
1.055338954925537109e+01
1.057813644409179688e+01
1.057559394836425781e+01
1.057267665863037109e+01
1.055702209472656250e+01
1.054843711853027344e+01
1.052416992187500000e+01
1.055481052398681641e+01
1.058668136596679688e+01
1.055085468292236328e+01
1.056075763702392578e+01
1.058870887756347656e+01
1.054648494720458984e+01
1.059684658050537109e+01
1.056524753570556641e+01
1.055401039123535156e+01
1.057531547546386719e+01
1.056478595733642578e+01
1.055326557159423828e+01
1.055048274993896484e+01
1.054362773895263672e+01
1.057141685485839844e+01
1.051613712310791016e+01
1.054666042327880859e+01
1.054156494140625000e+01
1.055773067474365234e+01
1.053563785552978516e+01
1.054623985290527344e+01
1.059664344787597656e+01
1.057061958312988281e+01
1.054062366485595703e+01
1.055928421020507812e+01
1.052706623077392578e+01
1.055313396453857422e+01
1.055704784393310547e+01
1.057358455657958984e+01
1.058461284637451172e+01
1.055245971679687500e+01
1.055876541137695312e+01
1.055048274993896484e+01
1.053356361389160156e+01
1.052317047119140625e+01
1.054611587524414062e+01
1.054055118560791016e+01
1.055905342102050781e+01
1.058693790435791016e+01
1.052949619293212891e+01
1.054800510406494141e+01
1.055362033843994141e+01
1.055775737762451172e+01
1.056981563568115234e+01
1.054255104064941406e+01
1.055311870574951172e+01
1.057007026672363281e+01
1.055317783355712891e+01
1.050370883941650391e+01
1.055041885375976562e+01
1.051820087432861328e+01
1.056068611145019531e+01
1.055382728576660156e+01
1.056688213348388672e+01
1.056736850738525391e+01
1.052372741699218750e+01
1.057564735412597656e+01
1.054164505004882812e+01
1.052562141418457031e+01
1.053390026092529297e+01
1.052581119537353516e+01
1.053930187225341797e+01
1.056370258331298828e+01
1.052452468872070312e+01
1.053762626647949219e+01
1.054092025756835938e+01
1.057616424560546875e+01
1.054768943786621094e+01
1.053883838653564453e+01
1.053086471557617188e+01
1.053744125366210938e+01
1.055668067932128906e+01
1.052877044677734375e+01
1.052547454833984375e+01
1.053145694732666016e+01
1.053575038909912109e+01
1.051519775390625000e+01
1.051113414764404297e+01
1.052988243103027344e+01
1.052913379669189453e+01
1.056502437591552734e+01
1.052859973907470703e+01
1.050112628936767578e+01
1.055708980560302734e+01
1.047967433929443359e+01
1.050801181793212891e+01
1.053790473937988281e+01
1.053793239593505859e+01
1.052698516845703125e+01
1.053377246856689453e+01
1.054756927490234375e+01
1.056128787994384766e+01
1.053498840332031250e+01
1.054173660278320312e+01
1.053786373138427734e+01
1.052812194824218750e+01
1.055111408233642578e+01
1.055591106414794922e+01
1.051191425323486328e+01
1.054307460784912109e+01
1.052447509765625000e+01
1.054843044281005859e+01
1.054445266723632812e+01
1.050412845611572266e+01
1.052931213378906250e+01
1.051847743988037109e+01
1.048016071319580078e+01
1.055646514892578125e+01
1.045368576049804688e+01
1.053442955017089844e+01
1.051778411865234375e+01
1.052151679992675781e+01
1.051014137268066406e+01
1.053155517578125000e+01
1.054880237579345703e+01
1.049518299102783203e+01
1.056008625030517578e+01
1.053730297088623047e+01
1.055270671844482422e+01
1.053128147125244141e+01
1.052229404449462891e+01
1.055135726928710938e+01
1.057351684570312500e+01
1.056312465667724609e+01
1.054449272155761719e+01
1.055481529235839844e+01
1.056502151489257812e+01
1.052504634857177734e+01
1.054070091247558594e+01
1.054337120056152344e+01
1.055983352661132812e+01
1.052487468719482422e+01
1.054255485534667969e+01
1.054940414428710938e+01
1.054989814758300781e+01
1.053580570220947266e+01
1.053486633300781250e+01
1.053327274322509766e+01
1.054625797271728516e+01
1.052905464172363281e+01
1.053465843200683594e+01
1.054053592681884766e+01
1.054805469512939453e+01
1.051250267028808594e+01
1.048492527008056641e+01
1.053991794586181641e+01
1.049574279785156250e+01
1.051707744598388672e+01
1.050541591644287109e+01
1.054612636566162109e+01
1.055017566680908203e+01
1.050976371765136719e+01
1.054267501831054688e+01
1.050390529632568359e+01
1.050470542907714844e+01
1.053597736358642578e+01
1.051443767547607422e+01
1.054594326019287109e+01
1.051646041870117188e+01
1.051708602905273438e+01
1.054491233825683594e+01
1.054222393035888672e+01
1.052117919921875000e+01
1.056146717071533203e+01
1.054547786712646484e+01
1.054084968566894531e+01
1.054372119903564453e+01
1.052400398254394531e+01
1.051311111450195312e+01
1.051985549926757812e+01
1.049921035766601562e+01
1.053939914703369141e+01
1.048637485504150391e+01
1.054373168945312500e+01
1.054312515258789062e+01
1.050672626495361328e+01
1.054152488708496094e+01
1.052214050292968750e+01
1.050709152221679688e+01
1.049377059936523438e+01
1.050134658813476562e+01
1.053248500823974609e+01
1.051480960845947266e+01
1.059320449829101562e+01
1.053228759765625000e+01
1.050704383850097656e+01
1.051058673858642578e+01
1.052434253692626953e+01
1.052688407897949219e+01
1.052948570251464844e+01
1.054016685485839844e+01
1.050653362274169922e+01
1.047482395172119141e+01
1.054838562011718750e+01
1.051178455352783203e+01
1.052713298797607422e+01
1.049854087829589844e+01
1.048681831359863281e+01
1.051120853424072266e+01
1.052428627014160156e+01
1.049297809600830078e+01
1.053014087677001953e+01
1.048204994201660156e+01
1.052860164642333984e+01
1.052858734130859375e+01
1.052564430236816406e+01
1.048349380493164062e+01
1.050329399108886719e+01
1.053185081481933594e+01
1.050762557983398438e+01
1.052911567687988281e+01
1.053432464599609375e+01
1.053926944732666016e+01
1.055870437622070312e+01
1.054418087005615234e+01
1.050072860717773438e+01
1.051357364654541016e+01
1.053836917877197266e+01
1.052672958374023438e+01
1.049115943908691406e+01
1.049853420257568359e+01
1.052512645721435547e+01
1.051301383972167969e+01
1.051168441772460938e+01
1.049877834320068359e+01
1.050555896759033203e+01
1.051572322845458984e+01
1.046769237518310547e+01
1.055638122558593750e+01
1.048598861694335938e+01
1.050726127624511719e+01
1.051636886596679688e+01
1.051712703704833984e+01
1.052446460723876953e+01
1.051664733886718750e+01
1.050616741180419922e+01
1.051492691040039062e+01
1.048861694335937500e+01
1.050432777404785156e+01
1.051617145538330078e+01
1.051714515686035156e+01
1.048001766204833984e+01
1.051187515258789062e+01
1.049640750885009766e+01
1.051061916351318359e+01
1.046931838989257812e+01
1.049184513092041016e+01
1.049954986572265625e+01
1.051441955566406250e+01
1.049319934844970703e+01
1.048495483398437500e+01
1.051171970367431641e+01
1.050733661651611328e+01
1.053417968750000000e+01
1.051291084289550781e+01
1.052985286712646484e+01
1.048267269134521484e+01
1.052375602722167969e+01
1.050624656677246094e+01
1.049524974822998047e+01
1.049299716949462891e+01
1.047766685485839844e+01
1.049576091766357422e+01
1.044065475463867188e+01
1.049798870086669922e+01
1.051499557495117188e+01
1.050920677185058594e+01
1.051074600219726562e+01
1.052533054351806641e+01
1.052042102813720703e+01
1.047082996368408203e+01
1.049128627777099609e+01
1.050979995727539062e+01
1.051302909851074219e+01
1.048430824279785156e+01
1.051199722290039062e+01
1.053792572021484375e+01
1.053105354309082031e+01
1.048473548889160156e+01
1.052442932128906250e+01
1.053890323638916016e+01
1.049858188629150391e+01
1.051198959350585938e+01
1.051260662078857422e+01
1.048872947692871094e+01
1.051526737213134766e+01
1.053398132324218750e+01
1.052421665191650391e+01
1.049490547180175781e+01
1.050269699096679688e+01
1.051955318450927734e+01
1.048968219757080078e+01
1.051423835754394531e+01
1.049132537841796875e+01
1.047706508636474609e+01
1.048005008697509766e+01
1.050652122497558594e+01
1.049526119232177734e+01
1.047636413574218750e+01
1.048926353454589844e+01
1.050053024291992188e+01
1.051056575775146484e+01
1.049472045898437500e+01
1.049800300598144531e+01
1.052511501312255859e+01
1.050019168853759766e+01
1.049573326110839844e+01
1.049728679656982422e+01
1.048949146270751953e+01
1.050152301788330078e+01
1.050656700134277344e+01
1.050550079345703125e+01
1.051901054382324219e+01
1.049695491790771484e+01
1.049990558624267578e+01
1.049435997009277344e+01
1.051767730712890625e+01
1.050045394897460938e+01
1.051950931549072266e+01
1.052283191680908203e+01
1.051663303375244141e+01
1.048889064788818359e+01
1.044051647186279297e+01
1.051069355010986328e+01
1.051063728332519531e+01
1.048096370697021484e+01
1.047971057891845703e+01
1.049404048919677734e+01
1.049600505828857422e+01
1.049968624114990234e+01
1.047997379302978516e+01
1.052429676055908203e+01
1.052561569213867188e+01
1.049251365661621094e+01
1.050491237640380859e+01
1.047875499725341797e+01
1.049186706542968750e+01
1.050098609924316406e+01
1.051627635955810547e+01
1.048006153106689453e+01
1.050122070312500000e+01
1.050600051879882812e+01
1.049711227416992188e+01
1.048228740692138672e+01
1.050600719451904297e+01
1.048041152954101562e+01
1.050219154357910156e+01
1.047733879089355469e+01
1.051350116729736328e+01
1.051666450500488281e+01
1.045844268798828125e+01
1.051204776763916016e+01
1.052355670928955078e+01
1.049958896636962891e+01
1.049792003631591797e+01
1.049170684814453125e+01
1.049450778961181641e+01
1.053639888763427734e+01
1.050147724151611328e+01
1.045946502685546875e+01
1.049530696868896484e+01
1.051066780090332031e+01
1.049629592895507812e+01
1.048203182220458984e+01
1.050184345245361328e+01
1.042483520507812500e+01
1.044177532196044922e+01
1.049772071838378906e+01
1.048311138153076172e+01
1.050946998596191406e+01
1.048961257934570312e+01
1.043231678009033203e+01
1.050682830810546875e+01
1.051395988464355469e+01
1.047542190551757812e+01
1.052353572845458984e+01
1.046983528137207031e+01
1.046683883666992188e+01
1.048777008056640625e+01
1.048611068725585938e+01
1.049060726165771484e+01
1.049780845642089844e+01
1.046469497680664062e+01
1.044846534729003906e+01
1.049959087371826172e+01
1.049801540374755859e+01
1.048581981658935547e+01
1.049188804626464844e+01
1.049981784820556641e+01
1.050040245056152344e+01
1.049223232269287109e+01
1.046422195434570312e+01
1.046750545501708984e+01
1.046442317962646484e+01
1.048657417297363281e+01
1.045193004608154297e+01
1.048758316040039062e+01
1.051975440979003906e+01
1.046078109741210938e+01
1.045892047882080078e+01
1.048305702209472656e+01
1.047862243652343750e+01
1.043200016021728516e+01
1.046095180511474609e+01
1.049472904205322266e+01
1.049035549163818359e+01
1.046175479888916016e+01
1.045862388610839844e+01
1.045048809051513672e+01
1.044670009613037109e+01
1.047169494628906250e+01
1.048859214782714844e+01
1.047308826446533203e+01
1.047082996368408203e+01
1.047892570495605469e+01
1.048859310150146484e+01
1.050178432464599609e+01
1.046731662750244141e+01
1.045733356475830078e+01
1.046705532073974609e+01
1.046660423278808594e+01
1.052256298065185547e+01
1.047043514251708984e+01
1.045552444458007812e+01
1.045301342010498047e+01
1.047895717620849609e+01
1.048188877105712891e+01
1.051789188385009766e+01
1.047991657257080078e+01
1.052463436126708984e+01
1.049528694152832031e+01
1.046714878082275391e+01
1.050571060180664062e+01
1.051705265045166016e+01
1.047906875610351562e+01
1.047875976562500000e+01
1.046933460235595703e+01
1.046851825714111328e+01
1.048189449310302734e+01
1.050223827362060547e+01
1.049285697937011719e+01
1.050446701049804688e+01
1.045962429046630859e+01
1.049588489532470703e+01
1.050471115112304688e+01
1.045782661437988281e+01
1.048634338378906250e+01
1.047236442565917969e+01
1.046485042572021484e+01
1.049012470245361328e+01
1.050067043304443359e+01
1.050380802154541016e+01
1.051951026916503906e+01
1.048635005950927734e+01
1.049987220764160156e+01
1.051421070098876953e+01
1.045479106903076172e+01
1.046021366119384766e+01
1.046189785003662109e+01
1.049674987792968750e+01
1.044832038879394531e+01
1.050242042541503906e+01
1.049825000762939453e+01
1.042043781280517578e+01
1.046984767913818359e+01
1.050026416778564453e+01
1.050250816345214844e+01
1.048919773101806641e+01
1.052225971221923828e+01
1.049411487579345703e+01
1.048415946960449219e+01
1.046816158294677734e+01
1.046964550018310547e+01
1.049067878723144531e+01
1.046464443206787109e+01
1.048223400115966797e+01
1.047592735290527344e+01
1.049378108978271484e+01
1.049204921722412109e+01
1.047910690307617188e+01
1.048636245727539062e+01
1.046387958526611328e+01
1.047315883636474609e+01
1.050011539459228516e+01
1.048202037811279297e+01
1.052599716186523438e+01
1.048798274993896484e+01
1.046793460845947266e+01
1.047753620147705078e+01
1.048663139343261719e+01
1.045440673828125000e+01
1.047918987274169922e+01
1.046399497985839844e+01
1.050050544738769531e+01
1.047574615478515625e+01
1.045604228973388672e+01
1.048741626739501953e+01
1.048349952697753906e+01
1.047038936614990234e+01
1.050020313262939453e+01
1.049992179870605469e+01
1.047203636169433594e+01
1.047431755065917969e+01
1.044093894958496094e+01
1.045011711120605469e+01
1.049905776977539062e+01
1.046433925628662109e+01
1.045880794525146484e+01
1.044984722137451172e+01
1.045471477508544922e+01
1.049513435363769531e+01
1.047064018249511719e+01
1.046448993682861328e+01
1.045966529846191406e+01
1.048363018035888672e+01
1.043332576751708984e+01
1.044668865203857422e+01
1.050247001647949219e+01
1.045914745330810547e+01
1.047758007049560547e+01
1.046126747131347656e+01
1.043795013427734375e+01
1.046751308441162109e+01
1.048283672332763672e+01
1.050473690032958984e+01
1.046736335754394531e+01
1.048211765289306641e+01
1.042351531982421875e+01
1.048099517822265625e+01
1.048014926910400391e+01
1.049711132049560547e+01
1.043949413299560547e+01
1.044965457916259766e+01
1.047285747528076172e+01
1.049371910095214844e+01
1.046304893493652344e+01
1.047580814361572266e+01
1.047876262664794922e+01
1.046530532836914062e+01
1.052491188049316406e+01
1.052022552490234375e+01
1.047442436218261719e+01
1.044536781311035156e+01
1.048615550994873047e+01
1.042668533325195312e+01
1.045621585845947266e+01
1.047727584838867188e+01
1.047731590270996094e+01
1.045455265045166016e+01
1.044788455963134766e+01
1.049667739868164062e+01
1.045645141601562500e+01
1.049638557434082031e+01
1.046914863586425781e+01
1.047534179687500000e+01
1.049873065948486328e+01
1.048787784576416016e+01
1.046288585662841797e+01
1.046604537963867188e+01
1.046367359161376953e+01
1.050118827819824219e+01
1.048844432830810547e+01
1.043717765808105469e+01
1.050445842742919922e+01
1.048188209533691406e+01
1.050346946716308594e+01
1.047609615325927734e+01
1.046630096435546875e+01
1.044549274444580078e+01
1.044965553283691406e+01
1.048144626617431641e+01
1.046269893646240234e+01
1.047543334960937500e+01
1.042408847808837891e+01
1.046272754669189453e+01
1.047888183593750000e+01
1.051493167877197266e+01
1.044695377349853516e+01
1.045209693908691406e+01
1.049041843414306641e+01
1.044760036468505859e+01
1.046616077423095703e+01
1.039341449737548828e+01
1.044022750854492188e+01
1.049074745178222656e+01
1.049701118469238281e+01
1.046891403198242188e+01
1.049681472778320312e+01
1.048966979980468750e+01
1.043336296081542969e+01
1.048018074035644531e+01
1.049054241180419922e+01
1.046117210388183594e+01
1.046977806091308594e+01
1.051680564880371094e+01
1.048713874816894531e+01
1.046777534484863281e+01
1.045014286041259766e+01
1.047861576080322266e+01
1.041388797760009766e+01
1.044884395599365234e+01
1.047465705871582031e+01
1.045267868041992188e+01
1.045006942749023438e+01
1.046458911895751953e+01
1.042910957336425781e+01
1.045377540588378906e+01
1.045507240295410156e+01
1.049107265472412109e+01
1.044827461242675781e+01
1.047521877288818359e+01
1.047272777557373047e+01
1.050423049926757812e+01
1.051506710052490234e+01
1.047477436065673828e+01
1.050165462493896484e+01
1.046685028076171875e+01
1.047041702270507812e+01
1.048559474945068359e+01
1.050780010223388672e+01
1.046689128875732422e+01
1.045987129211425781e+01
1.051093387603759766e+01
1.047105693817138672e+01
1.046030712127685547e+01
1.051189517974853516e+01
1.045838928222656250e+01
1.046679878234863281e+01
1.043807506561279297e+01
1.045660400390625000e+01
1.045474338531494141e+01
1.043401527404785156e+01
1.045327758789062500e+01
1.047810745239257812e+01
1.042862224578857422e+01
1.048684787750244141e+01
1.044246196746826172e+01
1.047822761535644531e+01
1.041104507446289062e+01
1.048206138610839844e+01
1.046522617340087891e+01
1.044056320190429688e+01
1.044643592834472656e+01
1.044365501403808594e+01
1.046523284912109375e+01
1.044298076629638672e+01
1.044959735870361328e+01
1.047406578063964844e+01
1.045649814605712891e+01
1.045302963256835938e+01
1.048182582855224609e+01
1.041258811950683594e+01
1.042079448699951172e+01
1.043217945098876953e+01
1.045666122436523438e+01
1.048843765258789062e+01
1.051603698730468750e+01
1.047393798828125000e+01
1.049401664733886719e+01
1.042844676971435547e+01
1.041752624511718750e+01
1.047459316253662109e+01
1.045665264129638672e+01
1.041744613647460938e+01
1.047401046752929688e+01
1.044060420989990234e+01
1.048388767242431641e+01
1.047044563293457031e+01
1.043215084075927734e+01
1.047742271423339844e+01
1.043561172485351562e+01
1.044054985046386719e+01
1.044279289245605469e+01
1.045352458953857422e+01
1.043220329284667969e+01
1.048993301391601562e+01
1.046386718750000000e+01
1.045330810546875000e+01
1.046047401428222656e+01
1.044228839874267578e+01
1.045785427093505859e+01
1.045109653472900391e+01
1.046945571899414062e+01
1.045560264587402344e+01
1.044294071197509766e+01
1.040807247161865234e+01
1.049631309509277344e+01
1.044108676910400391e+01
1.046659660339355469e+01
1.049445056915283203e+01
1.045856571197509766e+01
1.050299835205078125e+01
1.045354461669921875e+01
1.048724651336669922e+01
1.039800643920898438e+01
1.051870059967041016e+01
1.045698451995849609e+01
1.045588588714599609e+01
1.043582344055175781e+01
1.046162128448486328e+01
1.043726921081542969e+01
1.043457603454589844e+01
1.045493316650390625e+01
1.044821643829345703e+01
1.040743255615234375e+01
1.043930816650390625e+01
1.046904850006103516e+01
1.042563915252685547e+01
1.043564701080322266e+01
1.045685577392578125e+01
1.047411632537841797e+01
1.046159934997558594e+01
1.042632293701171875e+01
1.049037361145019531e+01
1.043895816802978516e+01
1.046477603912353516e+01
1.040428161621093750e+01
1.039618968963623047e+01
1.042479324340820312e+01
1.048432064056396484e+01
1.046755123138427734e+01
1.039448738098144531e+01
1.047937107086181641e+01
1.046676254272460938e+01
1.044469642639160156e+01
1.044665145874023438e+01
1.045162010192871094e+01
1.046867370605468750e+01
1.045117092132568359e+01
1.043865013122558594e+01
1.042777729034423828e+01
1.044460868835449219e+01
1.044993305206298828e+01
1.046498012542724609e+01
1.048338222503662109e+01
1.044170570373535156e+01
1.045949649810791016e+01
1.045803737640380859e+01
1.046242809295654297e+01
1.045500373840332031e+01
1.044890499114990234e+01
1.041530418395996094e+01
1.044103908538818359e+01
1.042510414123535156e+01
1.049427413940429688e+01
1.042159271240234375e+01
1.041065406799316406e+01
1.041849803924560547e+01
1.045618152618408203e+01
1.048519134521484375e+01
1.045682907104492188e+01
1.046640491485595703e+01
1.048620414733886719e+01
1.047589492797851562e+01
1.045875549316406250e+01
1.043369293212890625e+01
1.046716785430908203e+01
1.044824504852294922e+01
1.040754604339599609e+01
1.044959926605224609e+01
1.043038272857666016e+01
1.044283580780029297e+01
1.050155735015869141e+01
1.043198013305664062e+01
1.045115375518798828e+01
1.043540096282958984e+01
1.044508075714111328e+01
1.045485687255859375e+01
1.041615104675292969e+01
1.046569156646728516e+01
1.045598506927490234e+01
1.048430919647216797e+01
1.042996215820312500e+01
1.048403263092041016e+01
1.049520397186279297e+01
1.043616962432861328e+01
1.044270229339599609e+01
1.043669700622558594e+01
1.046252918243408203e+01
1.044310855865478516e+01
1.045414829254150391e+01
1.043622684478759766e+01
1.043544673919677734e+01
1.047127723693847656e+01
1.041271305084228516e+01
1.043108654022216797e+01
1.041990756988525391e+01
1.042414188385009766e+01
1.043468570709228516e+01
1.046917247772216797e+01
1.043749523162841797e+01
1.039969921112060547e+01
1.043573665618896484e+01
1.049470520019531250e+01
1.044746875762939453e+01
1.044265174865722656e+01
1.046064186096191406e+01
1.044676303863525391e+01
1.041168308258056641e+01
1.043769645690917969e+01
1.047169494628906250e+01
1.049208259582519531e+01
1.042205810546875000e+01
1.043652439117431641e+01
1.046683692932128906e+01
1.047552967071533203e+01
1.042978763580322266e+01
1.043661403656005859e+01
1.044955062866210938e+01
1.044409179687500000e+01
1.041952705383300781e+01
1.041776275634765625e+01
1.045472621917724609e+01
1.040167331695556641e+01
1.047013854980468750e+01
1.041556549072265625e+01
1.042594718933105469e+01
1.042432022094726562e+01
1.044624137878417969e+01
1.046323013305664062e+01
1.046064376831054688e+01
1.040419387817382812e+01
1.042324638366699219e+01
1.042219066619873047e+01
1.046723270416259766e+01
1.045737743377685547e+01
1.044529819488525391e+01
1.048572444915771484e+01
1.045101928710937500e+01
1.040554618835449219e+01
1.043638134002685547e+01
1.042801094055175781e+01
1.040461254119873047e+01
1.042072296142578125e+01
1.046897315979003906e+01
1.042337417602539062e+01
1.040688610076904297e+01
1.044778728485107422e+01
1.043694877624511719e+01
1.045500946044921875e+01
1.043485069274902344e+01
1.042014408111572266e+01
1.040907669067382812e+01
1.043448829650878906e+01
1.043863964080810547e+01
1.045012569427490234e+01
1.043141365051269531e+01
1.041331863403320312e+01
1.047420883178710938e+01
1.040722560882568359e+01
1.045351314544677734e+01
1.045726203918457031e+01
1.045535755157470703e+01
1.045567131042480469e+01
1.042697715759277344e+01
1.045298862457275391e+01
1.041401863098144531e+01
1.040807819366455078e+01
1.043596935272216797e+01
1.038829040527343750e+01
1.044138431549072266e+01
1.045996189117431641e+01
1.047167968750000000e+01
1.044599437713623047e+01
1.045045185089111328e+01
1.046730041503906250e+01
1.043897914886474609e+01
1.042053890228271484e+01
1.041248893737792969e+01
1.041789627075195312e+01
1.043213367462158203e+01
1.039844703674316406e+01
1.039399909973144531e+01
1.045332813262939453e+01
1.039101123809814453e+01
1.042593002319335938e+01
1.046081352233886719e+01
1.046103382110595703e+01
1.044183063507080078e+01
1.045530223846435547e+01
1.043616485595703125e+01
1.040273380279541016e+01
1.041752433776855469e+01
1.043570137023925781e+01
1.042590141296386719e+01
1.043595027923583984e+01
1.041600322723388672e+01
1.042727565765380859e+01
1.043524265289306641e+01
1.044934654235839844e+01
1.045479202270507812e+01
1.042946720123291016e+01
1.043413925170898438e+01
1.044381999969482422e+01
1.040320301055908203e+01
1.040203094482421875e+01
1.040242481231689453e+01
1.046671295166015625e+01
1.046700572967529297e+01
1.043699932098388672e+01
1.042335033416748047e+01
1.042265129089355469e+01
1.046368026733398438e+01
1.044287014007568359e+01
1.046604919433593750e+01
1.041174793243408203e+01
1.045901870727539062e+01
1.045608997344970703e+01
1.047993659973144531e+01
1.048391628265380859e+01
1.039376354217529297e+01
1.041839694976806641e+01
1.044881629943847656e+01
1.040170955657958984e+01
1.045483493804931641e+01
1.036551666259765625e+01
1.044907760620117188e+01
1.044155120849609375e+01
1.044520187377929688e+01
1.042461204528808594e+01
1.042846965789794922e+01
1.045498466491699219e+01
1.043511486053466797e+01
1.041939163208007812e+01
1.042599678039550781e+01
1.038084316253662109e+01
1.043923377990722656e+01
1.044440555572509766e+01
1.040824985504150391e+01
1.042859363555908203e+01
1.038524818420410156e+01
1.043274402618408203e+01
1.041167163848876953e+01
1.042752838134765625e+01
1.040283966064453125e+01
1.044535541534423828e+01
1.040970802307128906e+01
1.042404174804687500e+01
1.041797447204589844e+01
1.042922782897949219e+01
1.045174598693847656e+01
1.043743038177490234e+01
1.040943145751953125e+01
1.042748641967773438e+01
1.044084548950195312e+01
1.043139553070068359e+01
1.040296745300292969e+01
1.047991561889648438e+01
1.044221019744873047e+01
1.044694232940673828e+01
1.043805503845214844e+01
1.042587566375732422e+01
1.045023632049560547e+01
1.040772056579589844e+01
1.041458225250244141e+01
1.044313144683837891e+01
1.041055107116699219e+01
1.044929218292236328e+01
1.042020511627197266e+01
1.046249675750732422e+01
1.040728569030761719e+01
1.038549423217773438e+01
1.044542312622070312e+01
1.037736797332763672e+01
1.041809463500976562e+01
1.045400428771972656e+01
1.039227008819580078e+01
1.046787548065185547e+01
1.042704963684082031e+01
1.042870140075683594e+01
1.044184398651123047e+01
1.043122959136962891e+01
1.042620849609375000e+01
1.043118858337402344e+01
1.039570903778076172e+01
1.042141437530517578e+01
1.040340137481689453e+01
1.040556240081787109e+01
1.042923069000244141e+01
1.040972423553466797e+01
1.044196987152099609e+01
1.042019081115722656e+01
1.048747920989990234e+01
1.039811325073242188e+01
1.043036842346191406e+01
1.043685340881347656e+01
1.038470840454101562e+01
1.042967987060546875e+01
1.042574787139892578e+01
1.045916080474853516e+01
1.039846611022949219e+01
1.043138885498046875e+01
1.043407440185546875e+01
1.041979503631591797e+01
1.045236301422119141e+01
1.044657039642333984e+01
1.043109798431396484e+01
1.043847370147705078e+01
1.043419170379638672e+01
1.042541599273681641e+01
1.045962810516357422e+01
1.044589710235595703e+01
1.044509696960449219e+01
1.042960262298583984e+01
1.045004272460937500e+01
1.047077083587646484e+01
1.038047409057617188e+01
1.045644378662109375e+01
1.044827842712402344e+01
1.041631889343261719e+01
1.040836238861083984e+01
1.043226528167724609e+01
1.043434047698974609e+01
1.043102264404296875e+01
1.037795257568359375e+01
1.039772129058837891e+01
1.044771194458007812e+01
1.040450572967529297e+01
1.044247245788574219e+01
1.045237159729003906e+01
1.040536308288574219e+01
1.040368747711181641e+01
1.037049674987792969e+01
1.041502475738525391e+01
1.039163875579833984e+01
1.046190452575683594e+01
1.046228408813476562e+01
1.044969177246093750e+01
1.039903259277343750e+01
1.043779182434082031e+01
1.042523574829101562e+01
1.039644527435302734e+01
1.040611934661865234e+01
1.042311286926269531e+01
1.040093040466308594e+01
1.041261196136474609e+01
1.045386791229248047e+01
1.043636703491210938e+01
1.039302825927734375e+01
1.040606880187988281e+01
1.040001201629638672e+01
1.040673542022705078e+01
1.039362716674804688e+01
1.040960311889648438e+01
1.049039745330810547e+01
1.047158336639404297e+01
1.044691181182861328e+01
1.038526344299316406e+01
1.045519447326660156e+01
1.043862628936767578e+01
1.041785907745361328e+01
1.042469120025634766e+01
1.042095088958740234e+01
1.043347167968750000e+01
1.041894435882568359e+01
1.042270851135253906e+01
1.045293521881103516e+01
1.041402816772460938e+01
1.041607189178466797e+01
1.044491004943847656e+01
1.040330314636230469e+01
1.044234848022460938e+01
1.041865062713623047e+01
1.039457035064697266e+01
1.043833541870117188e+01
1.042730998992919922e+01
1.046728706359863281e+01
1.041977500915527344e+01
1.045156764984130859e+01
1.041765308380126953e+01
1.043917942047119141e+01
1.036160182952880859e+01
1.037976074218750000e+01
1.042426395416259766e+01
1.043540859222412109e+01
1.038919353485107422e+01
1.042208576202392578e+01
1.044486045837402344e+01
1.045099258422851562e+01
1.039419174194335938e+01
1.043107032775878906e+01
1.042775440216064453e+01
1.038019943237304688e+01
1.041246509552001953e+01
1.037288475036621094e+01
1.044493770599365234e+01
1.042751502990722656e+01
1.041195011138916016e+01
1.039700984954833984e+01
1.039215755462646484e+01
1.043310070037841797e+01
1.040646934509277344e+01
1.041248989105224609e+01
1.041620159149169922e+01
1.040002727508544922e+01
1.044330215454101562e+01
1.044796466827392578e+01
1.046324825286865234e+01
1.043200206756591797e+01
1.041885471343994141e+01
1.043588733673095703e+01
1.043540859222412109e+01
1.043525218963623047e+01
1.042106723785400391e+01
1.042060756683349609e+01
1.045735740661621094e+01
1.038856601715087891e+01
1.045623683929443359e+01
1.037273979187011719e+01
1.038978862762451172e+01
1.043505191802978516e+01
1.042111968994140625e+01
1.041136932373046875e+01
1.043912601470947266e+01
1.041571521759033203e+01
1.042969417572021484e+01
1.042832469940185547e+01
1.045335197448730469e+01
1.042268371582031250e+01
1.041792774200439453e+01
1.039814949035644531e+01
1.040071392059326172e+01
1.037751674652099609e+01
1.039537620544433594e+01
1.041382789611816406e+01
1.046424674987792969e+01
1.041210651397705078e+01
1.039946365356445312e+01
1.040464305877685547e+01
1.041821289062500000e+01
1.044895648956298828e+01
1.041681766510009766e+01
1.043192768096923828e+01
1.044614028930664062e+01
1.041171455383300781e+01
1.045733070373535156e+01
1.045001888275146484e+01
1.043372917175292969e+01
1.040683174133300781e+01
1.039258003234863281e+01
1.043326282501220703e+01
1.037978458404541016e+01
1.040600299835205078e+01
1.043480777740478516e+01
1.041642379760742188e+01
1.045140361785888672e+01
1.035846519470214844e+01
1.043084907531738281e+01
1.036397552490234375e+01
1.042266082763671875e+01
1.039912033081054688e+01
1.043313789367675781e+01
1.042892456054687500e+01
1.043695926666259766e+01
1.037340927124023438e+01
1.039978885650634766e+01
1.044972991943359375e+01
1.043911075592041016e+01
1.045401954650878906e+01
1.041022777557373047e+01
1.040594768524169922e+01
1.040826129913330078e+01
1.042971611022949219e+01
1.040353965759277344e+01
1.042089843750000000e+01
1.038075160980224609e+01
1.044823455810546875e+01
1.038723468780517578e+01
1.041488647460937500e+01
1.041636085510253906e+01
1.042182636260986328e+01
1.041622161865234375e+01
1.044506931304931641e+01
1.038240528106689453e+01
1.044533252716064453e+01
1.039739036560058594e+01
1.038098239898681641e+01
1.040917205810546875e+01
1.046045207977294922e+01
1.045616054534912109e+01
1.038344955444335938e+01
1.043545722961425781e+01
1.040737533569335938e+01
1.044704151153564453e+01
1.041999816894531250e+01
1.041254329681396484e+01
1.042686748504638672e+01
1.043908023834228516e+01
1.042859840393066406e+01
1.042472362518310547e+01
1.044644737243652344e+01
1.044118595123291016e+01
1.038977241516113281e+01
1.038961029052734375e+01
1.040696907043457031e+01
1.038701343536376953e+01
1.041122722625732422e+01
1.040011978149414062e+01
1.038928127288818359e+01
1.039480209350585938e+01
1.040138721466064453e+01
1.042335414886474609e+01
1.042085933685302734e+01
1.043628215789794922e+01
1.039415073394775391e+01
1.041656589508056641e+01
1.039206504821777344e+01
1.039377117156982422e+01
1.042119884490966797e+01
1.040055751800537109e+01
1.043058109283447266e+01
1.041757392883300781e+01
1.040820980072021484e+01
1.040845108032226562e+01
1.039439392089843750e+01
1.043678665161132812e+01
1.038645935058593750e+01
1.040138149261474609e+01
1.042102622985839844e+01
1.041922092437744141e+01
1.041887187957763672e+01
1.041653633117675781e+01
1.044227790832519531e+01
1.045406055450439453e+01
1.038851928710937500e+01
1.043825054168701172e+01
1.040436935424804688e+01
1.042337512969970703e+01
1.045236968994140625e+01
1.046242046356201172e+01
1.039343547821044922e+01
1.042817401885986328e+01
1.040513706207275391e+01
1.044993877410888672e+01
1.039678955078125000e+01
1.043817138671875000e+01
1.037106513977050781e+01
1.039642238616943359e+01
1.044100284576416016e+01
1.040523052215576172e+01
1.039562511444091797e+01
1.040045452117919922e+01
1.037590217590332031e+01
1.043516826629638672e+01
1.042415523529052734e+01
1.043228530883789062e+01
1.041096687316894531e+01
1.039395713806152344e+01
1.040935993194580078e+01
1.037211513519287109e+01
1.039830303192138672e+01
1.042888164520263672e+01
1.043179988861083984e+01
1.044352054595947266e+01
1.041512489318847656e+01
1.041275596618652344e+01
1.040627288818359375e+01
1.043660926818847656e+01
1.044348335266113281e+01
1.039807987213134766e+01
1.042811489105224609e+01
1.039790153503417969e+01
1.040181636810302734e+01
1.037552452087402344e+01
1.040276050567626953e+01
1.041211414337158203e+01
1.039198112487792969e+01
1.042928409576416016e+01
1.043224430084228516e+01
1.037461566925048828e+01
1.039406585693359375e+01
1.037474727630615234e+01
1.045627212524414062e+01
1.040816879272460938e+01
1.041981792449951172e+01
1.041650295257568359e+01
1.039194583892822266e+01
1.039608955383300781e+01
1.041810894012451172e+01
1.040828704833984375e+01
1.039052486419677734e+01
1.040704727172851562e+01
1.039859199523925781e+01
1.043926525115966797e+01
1.039846038818359375e+01
1.039746665954589844e+01
1.037248134613037109e+01
1.042459583282470703e+01
1.043439483642578125e+01
1.043060493469238281e+01
1.041867351531982422e+01
1.043429946899414062e+01
1.041746139526367188e+01
1.041440677642822266e+01
1.042397212982177734e+01
1.044989681243896484e+01
1.040847969055175781e+01
1.042338657379150391e+01
1.045679283142089844e+01
1.037416744232177734e+01
1.039134979248046875e+01
1.038473796844482422e+01
1.043229770660400391e+01
1.038203144073486328e+01
1.041323375701904297e+01
1.041433334350585938e+01
1.039892768859863281e+01
1.040927696228027344e+01
1.041770267486572266e+01
1.040301227569580078e+01
1.044407081604003906e+01
1.039054107666015625e+01
1.042149257659912109e+01
1.041428661346435547e+01
1.041901779174804688e+01
1.044081115722656250e+01
1.034087562561035156e+01
1.043439769744873047e+01
1.044072151184082031e+01
1.040260124206542969e+01
1.039730262756347656e+01
1.039718627929687500e+01
1.040693187713623047e+01
1.039193439483642578e+01
1.039453601837158203e+01
1.038139152526855469e+01
1.040589809417724609e+01
1.040850734710693359e+01
1.037290477752685547e+01
1.040215778350830078e+01
1.041387844085693359e+01
1.041397571563720703e+01
1.044009399414062500e+01
1.044604206085205078e+01
1.039597892761230469e+01
1.038800334930419922e+01
1.038653278350830078e+01
1.039180850982666016e+01
1.039893341064453125e+01
1.041781997680664062e+01
1.042475986480712891e+01
1.041711044311523438e+01
1.043561649322509766e+01
1.037821388244628906e+01
1.039004516601562500e+01
1.042541313171386719e+01
1.040642452239990234e+01
1.046498298645019531e+01
1.037963199615478516e+01
1.038355827331542969e+01
1.041397285461425781e+01
1.039213848114013672e+01
1.040439605712890625e+01
1.038580703735351562e+01
1.042161560058593750e+01
1.040128707885742188e+01
1.039804077148437500e+01
1.045314502716064453e+01
1.038800239562988281e+01
1.042272853851318359e+01
1.036009883880615234e+01
1.038650512695312500e+01
1.034238719940185547e+01
1.037912368774414062e+01
1.041103935241699219e+01
1.041333293914794922e+01
1.042115211486816406e+01
1.043200016021728516e+01
1.039705657958984375e+01
1.039577198028564453e+01
1.042181873321533203e+01
1.043980216979980469e+01
1.040006351470947266e+01
1.039467334747314453e+01
1.039495277404785156e+01
1.046046352386474609e+01
1.041218757629394531e+01
1.038230419158935547e+01
1.040976142883300781e+01
1.039537906646728516e+01
1.038786983489990234e+01
1.035698223114013672e+01
1.040590190887451172e+01
1.045966815948486328e+01
1.047102355957031250e+01
1.045114231109619141e+01
1.038460350036621094e+01
1.041878795623779297e+01
1.038292598724365234e+01
1.038646125793457031e+01
1.035372638702392578e+01
1.039941501617431641e+01
1.040535259246826172e+01
1.035937881469726562e+01
1.037536621093750000e+01
1.038358116149902344e+01
1.040264797210693359e+01
1.040783309936523438e+01
1.042830467224121094e+01
1.041739559173583984e+01
1.041598606109619141e+01
1.034548568725585938e+01
1.044659996032714844e+01
1.040281295776367188e+01
1.037223434448242188e+01
1.041367530822753906e+01
1.043186759948730469e+01
1.041043663024902344e+01
1.037065219879150391e+01
1.038960552215576172e+01
1.043147468566894531e+01
1.041667079925537109e+01
1.034548282623291016e+01
1.034937953948974609e+01
1.039726924896240234e+01
1.034923362731933594e+01
1.038554763793945312e+01
1.039897918701171875e+01
1.043527126312255859e+01
1.042657375335693359e+01
1.035790252685546875e+01
1.040283584594726562e+01
1.036674976348876953e+01
1.039997577667236328e+01
1.042223167419433594e+01
1.041915702819824219e+01
1.041080379486083984e+01
1.040007305145263672e+01
1.037769794464111328e+01
1.037985420227050781e+01
1.039601707458496094e+01
1.043746280670166016e+01
1.040589332580566406e+01
1.038167858123779297e+01
1.034543895721435547e+01
1.039735794067382812e+01
1.040721130371093750e+01
1.045146083831787109e+01
1.040643978118896484e+01
1.039282703399658203e+01
1.045799160003662109e+01
1.038308906555175781e+01
1.039308643341064453e+01
1.039383029937744141e+01
1.040004730224609375e+01
1.039362239837646484e+01
1.039027214050292969e+01
1.039771938323974609e+01
1.044698143005371094e+01
1.038555431365966797e+01
1.040333938598632812e+01
1.041598224639892578e+01
1.033683872222900391e+01
1.038811779022216797e+01
1.036709213256835938e+01
1.041533184051513672e+01
1.036800956726074219e+01
1.041050624847412109e+01
1.039601135253906250e+01
1.040192508697509766e+01
1.037752628326416016e+01
1.037786388397216797e+01
1.040111637115478516e+01
1.041648197174072266e+01
1.040576553344726562e+01
1.040853881835937500e+01
1.041516208648681641e+01
1.041756534576416016e+01
1.044846153259277344e+01
1.037590599060058594e+01
1.042831230163574219e+01
1.042263984680175781e+01
1.043615055084228516e+01
1.039706325531005859e+01
1.038069057464599609e+01
1.042894172668457031e+01
1.040729808807373047e+01
1.039642429351806641e+01
1.040279102325439453e+01
1.038410377502441406e+01
1.042385292053222656e+01
1.038177299499511719e+01
1.039610195159912109e+01
1.039450645446777344e+01
1.042969036102294922e+01
1.037561607360839844e+01
1.038960838317871094e+01
1.033114624023437500e+01
1.039130020141601562e+01
1.037464332580566406e+01
1.041795349121093750e+01
1.034607315063476562e+01
1.039230537414550781e+01
1.045022392272949219e+01
1.038550662994384766e+01
1.039144229888916016e+01
1.039054107666015625e+01
1.037418270111083984e+01
1.042644596099853516e+01
1.040954017639160156e+01
1.045084285736083984e+01
1.038801288604736328e+01
1.044791698455810547e+01
1.041312980651855469e+01
1.036476230621337891e+01
1.037527561187744141e+01
1.037903785705566406e+01
1.041317367553710938e+01
1.040179538726806641e+01
1.046919441223144531e+01
1.039655017852783203e+01
1.039613151550292969e+01
1.041023921966552734e+01
1.037866973876953125e+01
1.038178730010986328e+01
1.040152359008789062e+01
1.036567783355712891e+01
1.039136219024658203e+01
1.045624923706054688e+01
1.040254306793212891e+01
1.040666294097900391e+01
1.039521503448486328e+01
1.041201782226562500e+01
1.033944606781005859e+01
1.040085601806640625e+01
1.041701126098632812e+01
1.041570854187011719e+01
1.038224411010742188e+01
1.041394424438476562e+01
1.038948154449462891e+01
1.036910533905029297e+01
1.038447189331054688e+01
1.036088943481445312e+01
1.036087036132812500e+01
1.036373424530029297e+01
1.033905315399169922e+01
1.036774253845214844e+01
1.041703224182128906e+01
1.036830902099609375e+01
1.037301254272460938e+01
1.045940589904785156e+01
1.038375473022460938e+01
1.039254951477050781e+01
1.042768383026123047e+01
1.040135288238525391e+01
1.037353038787841797e+01
1.037949466705322266e+01
1.036362171173095703e+01
1.037700557708740234e+01
1.040007972717285156e+01
1.040785026550292969e+01
1.040348815917968750e+01
1.036973190307617188e+01
1.042325878143310547e+01
1.037295055389404297e+01
1.038021564483642578e+01
1.033993148803710938e+01
1.037034893035888672e+01
1.035259056091308594e+01
1.034756755828857422e+01
1.039406013488769531e+01
1.038929462432861328e+01
1.036120223999023438e+01
1.041145992279052734e+01
1.042493152618408203e+01
1.037024688720703125e+01
1.038609886169433594e+01
1.041257858276367188e+01
1.038855075836181641e+01
1.043598842620849609e+01
1.038966655731201172e+01
1.040529537200927734e+01
1.036190700531005859e+01
1.038520908355712891e+01
1.039214229583740234e+01
1.041409206390380859e+01
1.040454769134521484e+01
1.037313556671142578e+01
1.035009956359863281e+01
1.042526531219482422e+01
1.040574264526367188e+01
1.037870311737060547e+01
1.042232608795166016e+01
1.036676788330078125e+01
1.035788059234619141e+01
1.040868759155273438e+01
1.040976619720458984e+01
1.040582370758056641e+01
1.040407562255859375e+01
1.036084747314453125e+01
1.038167667388916016e+01
1.042774868011474609e+01
1.034297180175781250e+01
1.038199424743652344e+01
1.034877777099609375e+01
1.036883354187011719e+01
1.040238475799560547e+01
1.043660545349121094e+01
1.033696556091308594e+01
1.039844799041748047e+01
1.043667984008789062e+01
1.040390300750732422e+01
1.042755317687988281e+01
1.043380928039550781e+01
1.036201190948486328e+01
1.037698364257812500e+01
1.040606021881103516e+01
1.039938449859619141e+01
1.034773445129394531e+01
1.041093444824218750e+01
1.035534954071044922e+01
1.042517375946044922e+01
1.038165092468261719e+01
1.036062526702880859e+01
1.039974880218505859e+01
1.034318923950195312e+01
1.037987899780273438e+01
1.042387294769287109e+01
1.036393451690673828e+01
1.040815830230712891e+01
1.037300777435302734e+01
1.039336490631103516e+01
1.035102939605712891e+01
1.040942287445068359e+01
1.037815475463867188e+01
1.034975242614746094e+01
1.038992881774902344e+01
1.033076000213623047e+01
1.036869716644287109e+01
1.040836048126220703e+01
1.037416553497314453e+01
1.038383865356445312e+01
1.040930271148681641e+01
1.039062786102294922e+01
1.039434242248535156e+01
1.035421562194824219e+01
1.035709476470947266e+01
1.040218448638916016e+01
1.034023189544677734e+01
1.037218761444091797e+01
1.045286655426025391e+01
1.038856124877929688e+01
1.038151073455810547e+01
1.036968803405761719e+01
1.037040615081787109e+01
1.036564350128173828e+01
1.038728046417236328e+01
1.041151618957519531e+01
1.036810111999511719e+01
1.048090553283691406e+01
1.036810874938964844e+01
1.038389396667480469e+01
1.031857490539550781e+01
1.038587951660156250e+01
1.038582515716552734e+01
1.037862777709960938e+01
1.038470077514648438e+01
1.041734886169433594e+01
1.035679149627685547e+01
1.039764404296875000e+01
1.041261959075927734e+01
1.039756011962890625e+01
1.034661960601806641e+01
1.037601661682128906e+01
1.043814754486083984e+01
1.034696483612060547e+01
1.042359352111816406e+01
1.037730693817138672e+01
1.035845851898193359e+01
1.035063552856445312e+01
1.035532093048095703e+01
1.036484909057617188e+01
1.036025333404541016e+01
1.040399742126464844e+01
1.038855838775634766e+01
1.042646598815917969e+01
1.032590770721435547e+01
1.036043834686279297e+01
1.041142272949218750e+01
1.038280582427978516e+01
1.039598941802978516e+01
1.038487052917480469e+01
1.038617610931396484e+01
1.035347366333007812e+01
1.037222576141357422e+01
1.037457752227783203e+01
1.040750694274902344e+01
1.036530399322509766e+01
1.039583206176757812e+01
1.036488342285156250e+01
1.041412925720214844e+01
1.039521121978759766e+01
1.038789463043212891e+01
1.036702728271484375e+01
1.038525962829589844e+01
1.036703681945800781e+01
1.038935089111328125e+01
1.029379749298095703e+01
1.036159133911132812e+01
1.040176582336425781e+01
1.039037513732910156e+01
1.039067840576171875e+01
1.040085983276367188e+01
1.043980026245117188e+01
1.040257167816162109e+01
1.036769104003906250e+01
1.042087745666503906e+01
1.039726066589355469e+01
1.034403896331787109e+01
1.039554786682128906e+01
1.044211292266845703e+01
1.035249805450439453e+01
1.035819530487060547e+01
1.038319110870361328e+01
1.039193630218505859e+01
1.034972667694091797e+01
1.037278938293457031e+01
1.037155437469482422e+01
1.039638996124267578e+01
1.037609291076660156e+01
1.032297897338867188e+01
1.034873580932617188e+01
1.041118812561035156e+01
1.039995861053466797e+01
1.038831043243408203e+01
1.036296558380126953e+01
1.041656875610351562e+01
1.035112762451171875e+01
1.039937019348144531e+01
1.039070606231689453e+01
1.035772991180419922e+01
1.036764907836914062e+01
1.043355464935302734e+01
1.037840557098388672e+01
1.042464828491210938e+01
1.037982654571533203e+01
1.040056037902832031e+01
1.034442710876464844e+01
1.035789394378662109e+01
1.038560867309570312e+01
1.039243698120117188e+01
1.038611602783203125e+01
1.038642787933349609e+01
1.037791442871093750e+01
1.036510086059570312e+01
1.037330055236816406e+01
1.037855243682861328e+01
1.035608577728271484e+01
1.037995052337646484e+01
1.034053897857666016e+01
1.040340328216552734e+01
1.040037631988525391e+01
1.039305877685546875e+01
1.036894607543945312e+01
1.038593769073486328e+01
1.038374900817871094e+01
1.039603137969970703e+01
1.035665893554687500e+01
1.036854171752929688e+01
1.035755348205566406e+01
1.038726139068603516e+01
1.036662578582763672e+01
1.038730239868164062e+01
1.037982845306396484e+01
1.036789321899414062e+01
1.036359596252441406e+01
1.040179443359375000e+01
1.035158729553222656e+01
1.033335018157958984e+01
1.033598995208740234e+01
1.039805221557617188e+01
1.041294097900390625e+01
1.038005924224853516e+01
1.032997798919677734e+01
1.035180950164794922e+01
1.037147617340087891e+01
1.035381889343261719e+01
1.038746833801269531e+01
1.034968280792236328e+01
1.037078380584716797e+01
1.033692836761474609e+01
1.037169265747070312e+01
1.035637187957763672e+01
1.039326286315917969e+01
1.040746402740478516e+01
1.037666606903076172e+01
1.036681842803955078e+01
1.040874958038330078e+01
1.033222389221191406e+01
1.033591842651367188e+01
1.040505886077880859e+01
1.037437534332275391e+01
1.039241409301757812e+01
1.034687995910644531e+01
1.039943599700927734e+01
1.037139987945556641e+01
1.040535640716552734e+01
1.043111515045166016e+01
1.035922718048095703e+01
1.039097976684570312e+01
1.038775920867919922e+01
1.036788368225097656e+01
1.032329368591308594e+01
1.039503097534179688e+01
1.043468093872070312e+01
1.033109569549560547e+01
1.034184646606445312e+01
1.036170959472656250e+01
1.040494441986083984e+01
1.037736988067626953e+01
1.037663650512695312e+01
1.034909343719482422e+01
1.039574813842773438e+01
1.040033912658691406e+01
1.037800121307373047e+01
1.037273120880126953e+01
1.038177204132080078e+01
1.039969539642333984e+01
1.036418724060058594e+01
1.039977741241455078e+01
1.031053829193115234e+01
1.039711093902587891e+01
1.038240718841552734e+01
1.040659046173095703e+01
1.039508724212646484e+01
1.039179897308349609e+01
1.041283321380615234e+01
1.037231636047363281e+01
1.038105297088623047e+01
1.039013385772705078e+01
1.039210891723632812e+01
1.039423751831054688e+01
1.038158035278320312e+01
1.038423633575439453e+01
1.040301322937011719e+01
1.044595718383789062e+01
1.038892173767089844e+01
1.037943172454833984e+01
1.032508182525634766e+01
1.040999412536621094e+01
1.034505558013916016e+01
1.034968757629394531e+01
1.042622184753417969e+01
1.035103893280029297e+01
1.042805480957031250e+01
1.045465564727783203e+01
1.033000564575195312e+01
1.036359214782714844e+01
1.036912727355957031e+01
1.041499042510986328e+01
1.037368202209472656e+01
1.038110733032226562e+01
1.034779548645019531e+01
1.036697387695312500e+01
1.035959148406982422e+01
1.037390708923339844e+01
1.034665107727050781e+01
1.035177326202392578e+01
1.041892051696777344e+01
1.039469623565673828e+01
1.035403251647949219e+01
1.033774280548095703e+01
1.035906219482421875e+01
1.037224197387695312e+01
1.037587928771972656e+01
1.040342903137207031e+01
1.034333610534667969e+01
1.033962154388427734e+01
1.037337303161621094e+01
1.036453723907470703e+01
1.039405632019042969e+01
1.037403869628906250e+01
1.038191604614257812e+01
1.029142951965332031e+01
1.038904476165771484e+01
1.039199924468994141e+01
1.030739974975585938e+01
1.038622951507568359e+01
1.036302471160888672e+01
1.039062500000000000e+01
1.035095119476318359e+01
1.043355560302734375e+01
1.038239765167236328e+01
1.038463211059570312e+01
1.041912937164306641e+01
1.038554859161376953e+01
1.041286277770996094e+01
1.038114070892333984e+01
1.036917972564697266e+01
1.038209724426269531e+01
1.037895298004150391e+01
1.036070060729980469e+01
1.037250423431396484e+01
1.035829067230224609e+01
1.034992504119873047e+01
1.036185836791992188e+01
1.037040328979492188e+01
1.034454822540283203e+01
1.035001182556152344e+01
1.037098121643066406e+01
1.038346099853515625e+01
1.036984825134277344e+01
1.036478519439697266e+01
1.031932640075683594e+01
1.036807632446289062e+01
1.040726470947265625e+01
1.037736797332763672e+01
1.038108348846435547e+01
1.031571197509765625e+01
1.040732955932617188e+01
1.036813831329345703e+01
1.032950973510742188e+01
1.042211914062500000e+01
1.039767646789550781e+01
1.036647224426269531e+01
1.036959743499755859e+01
1.035706329345703125e+01
1.036001873016357422e+01
1.036659717559814453e+01
1.039677906036376953e+01
1.041228389739990234e+01
1.037944412231445312e+01
1.039028549194335938e+01
1.037439632415771484e+01
1.033905982971191406e+01
1.038871574401855469e+01
1.043315982818603516e+01
1.039268779754638672e+01
1.036611270904541016e+01
1.039271068572998047e+01
1.038367748260498047e+01
1.042133045196533203e+01
1.036177730560302734e+01
1.039963722229003906e+01
1.039276218414306641e+01
1.035334682464599609e+01
1.034765148162841797e+01
1.037666225433349609e+01
1.033326530456542969e+01
1.031369304656982422e+01
1.035253524780273438e+01
1.040296745300292969e+01
1.036861419677734375e+01
1.035821247100830078e+01
1.037885856628417969e+01
1.037764930725097656e+01
1.031976222991943359e+01
1.032831859588623047e+01
1.033925914764404297e+01
1.035329246520996094e+01
1.035715007781982422e+01
1.038763809204101562e+01
1.028575992584228516e+01
1.035654449462890625e+01
1.030834579467773438e+01
1.038328075408935547e+01
1.038498497009277344e+01
1.035474300384521484e+01
1.032416629791259766e+01
1.031665229797363281e+01
1.037138843536376953e+01
1.038051223754882812e+01
1.036899852752685547e+01
1.035218715667724609e+01
1.038195037841796875e+01
1.041467571258544922e+01
1.030244636535644531e+01
1.040169239044189453e+01
1.033972835540771484e+01
1.036808204650878906e+01
1.035781097412109375e+01
1.029109668731689453e+01
1.039844608306884766e+01
1.047233009338378906e+01
1.038742637634277344e+01
1.038214302062988281e+01
1.037970542907714844e+01
1.035007286071777344e+01
1.041129398345947266e+01
1.034712219238281250e+01
1.039270591735839844e+01
1.031066513061523438e+01
1.036249828338623047e+01
1.038778305053710938e+01
1.036294364929199219e+01
1.036132526397705078e+01
1.036446952819824219e+01
1.035688400268554688e+01
1.045441341400146484e+01
1.043795680999755859e+01
1.037786865234375000e+01
1.038053321838378906e+01
1.037123107910156250e+01
1.040561008453369141e+01
1.030535984039306641e+01
1.037382793426513672e+01
1.033889961242675781e+01
1.039738655090332031e+01
1.035349464416503906e+01
1.034928989410400391e+01
1.035075759887695312e+01
1.033360195159912109e+01
1.039028072357177734e+01
1.040540409088134766e+01
1.034899616241455078e+01
1.034086227416992188e+01
1.039433860778808594e+01
1.042462444305419922e+01
1.038955974578857422e+01
1.038067150115966797e+01
1.036310863494873047e+01
1.031259250640869141e+01
1.037462425231933594e+01
1.038176345825195312e+01
1.036056041717529297e+01
1.029723072052001953e+01
1.038179779052734375e+01
1.030425071716308594e+01
1.038046550750732422e+01
1.038911342620849609e+01
1.037086868286132812e+01
1.036495399475097656e+01
1.041166687011718750e+01
1.038858699798583984e+01
1.033027076721191406e+01
1.036842346191406250e+01
1.036406326293945312e+01
1.038123226165771484e+01
1.038982009887695312e+01
1.041375255584716797e+01
1.034654808044433594e+01
1.040705966949462891e+01
1.033056068420410156e+01
1.039660644531250000e+01
1.039314651489257812e+01
1.036568832397460938e+01
1.030127525329589844e+01
1.039964103698730469e+01
1.036534023284912109e+01
1.040051651000976562e+01
1.035524272918701172e+01
1.036820983886718750e+01
1.034239482879638672e+01
1.040216732025146484e+01
1.037772846221923828e+01
1.034611511230468750e+01
1.035972499847412109e+01
1.035708236694335938e+01
1.036452770233154297e+01
1.035318374633789062e+01
1.039416408538818359e+01
1.032255363464355469e+01
1.037107849121093750e+01
1.039034461975097656e+01
1.034958362579345703e+01
1.033958816528320312e+01
1.034580802917480469e+01
1.033800888061523438e+01
1.035746479034423828e+01
1.034470176696777344e+01
1.038874816894531250e+01
1.034759998321533203e+01
1.037293529510498047e+01
1.034325218200683594e+01
1.032530784606933594e+01
1.033689403533935547e+01
1.036315059661865234e+01
1.035060119628906250e+01
1.037080764770507812e+01
1.037093925476074219e+01
1.041760826110839844e+01
1.033586502075195312e+01
1.032919120788574219e+01
1.040254688262939453e+01
1.035187149047851562e+01
1.039187145233154297e+01
1.037457561492919922e+01
1.036235904693603516e+01
1.039381599426269531e+01
1.033403110504150391e+01
1.041010475158691406e+01
1.035697555541992188e+01
1.036301708221435547e+01
1.028450584411621094e+01
1.029461669921875000e+01
1.036787033081054688e+01
1.033412170410156250e+01
1.038144207000732422e+01
1.037993526458740234e+01
1.042103385925292969e+01
1.038056755065917969e+01
1.039047718048095703e+01
1.033548736572265625e+01
1.039714527130126953e+01
1.040423011779785156e+01
1.034515476226806641e+01
1.038932609558105469e+01
1.037702751159667969e+01
1.032371520996093750e+01
1.037954807281494141e+01
1.033906459808349609e+01
1.038457584381103516e+01
1.037699508666992188e+01
1.031715774536132812e+01
1.039705753326416016e+01
1.035272979736328125e+01
1.035654830932617188e+01
1.039573478698730469e+01
1.033013153076171875e+01
1.038754081726074219e+01
1.035143852233886719e+01
1.038304996490478516e+01
1.043715190887451172e+01
1.035589599609375000e+01
1.033924579620361328e+01
1.031240653991699219e+01
1.032848453521728516e+01
1.034273147583007812e+01
1.040618324279785156e+01
1.038536643981933594e+01
1.034092330932617188e+01
1.038726997375488281e+01
1.035197830200195312e+01
1.036197090148925781e+01
1.034735107421875000e+01
1.033574581146240234e+01
1.034934997558593750e+01
1.035601234436035156e+01
1.034119987487792969e+01
1.034868240356445312e+01
1.037119102478027344e+01
1.035097599029541016e+01
1.034817981719970703e+01
1.033683300018310547e+01
1.035125064849853516e+01
1.040598869323730469e+01
1.033962726593017578e+01
1.038683319091796875e+01
1.039277553558349609e+01
1.036721038818359375e+01
1.037926673889160156e+01
1.034033870697021484e+01
1.035309314727783203e+01
1.037111473083496094e+01
1.031215667724609375e+01
1.038440227508544922e+01
1.038497161865234375e+01
1.041139698028564453e+01
1.038322353363037109e+01
1.031726169586181641e+01
1.039539718627929688e+01
1.032488536834716797e+01
1.038654136657714844e+01
1.033430767059326172e+01
1.033114051818847656e+01
1.035364818572998047e+01
1.040084457397460938e+01
1.035204029083251953e+01
1.034104728698730469e+01
1.038829326629638672e+01
1.037206459045410156e+01
1.036886310577392578e+01
1.036528968811035156e+01
1.034989166259765625e+01
1.035145282745361328e+01
1.039260959625244141e+01
1.036785697937011719e+01
1.035031604766845703e+01
1.036536502838134766e+01
1.042859458923339844e+01
1.036713981628417969e+01
1.035402107238769531e+01
1.030545330047607422e+01
1.037721824645996094e+01
1.036727237701416016e+01
1.035332679748535156e+01
1.026371288299560547e+01
1.036377143859863281e+01
1.035831451416015625e+01
1.032286262512207031e+01
1.034535312652587891e+01
1.040977478027343750e+01
1.039965820312500000e+01
1.036802196502685547e+01
1.041421890258789062e+01
1.036291408538818359e+01
1.037831878662109375e+01
1.036873245239257812e+01
1.029460620880126953e+01
1.036529254913330078e+01
1.035982990264892578e+01
1.037197685241699219e+01
1.036805629730224609e+01
1.038598346710205078e+01
1.035280132293701172e+01
1.033004379272460938e+01
1.035846805572509766e+01
1.036243057250976562e+01
1.034023094177246094e+01
1.035520935058593750e+01
1.039290523529052734e+01
1.033766174316406250e+01
1.032248497009277344e+01
1.040012645721435547e+01
1.036812973022460938e+01
1.034385776519775391e+01
1.037051200866699219e+01
1.032058334350585938e+01
1.038359546661376953e+01
1.036154937744140625e+01
1.036910152435302734e+01
1.035190010070800781e+01
1.037647724151611328e+01
1.039734077453613281e+01
1.036321163177490234e+01
1.035583019256591797e+01
1.037894916534423828e+01
1.044542217254638672e+01
1.031075859069824219e+01
1.033625602722167969e+01
1.034268093109130859e+01
1.033298969268798828e+01
1.034906196594238281e+01
1.034666919708251953e+01
1.038683128356933594e+01
1.038754272460937500e+01
1.037352657318115234e+01
1.028637027740478516e+01
1.036894702911376953e+01
1.039438629150390625e+01
1.033797931671142578e+01
1.039710330963134766e+01
1.031586170196533203e+01
1.039577865600585938e+01
1.032586002349853516e+01
1.034633255004882812e+01
1.032411861419677734e+01
1.036122703552246094e+01
1.034862327575683594e+01
1.029912185668945312e+01
1.038203048706054688e+01
1.031798076629638672e+01
1.031681156158447266e+01
1.031728553771972656e+01
1.037037849426269531e+01
1.035361766815185547e+01
1.033013248443603516e+01
1.033986568450927734e+01
1.036220836639404297e+01
1.040899658203125000e+01
1.039376640319824219e+01
1.040635490417480469e+01
1.044753932952880859e+01
1.036490154266357422e+01
1.035688495635986328e+01
1.036580944061279297e+01
1.038326454162597656e+01
1.040027904510498047e+01
1.036778926849365234e+01
1.035782718658447266e+01
1.034746170043945312e+01
1.028390502929687500e+01
1.037846660614013672e+01
1.037654590606689453e+01
1.036749839782714844e+01
1.034354209899902344e+01
1.037923336029052734e+01
1.034731101989746094e+01
1.038405132293701172e+01
1.040765190124511719e+01
1.033071136474609375e+01
1.041669368743896484e+01
1.037091350555419922e+01
1.038855934143066406e+01
1.036829662322998047e+01
1.037743186950683594e+01
1.041085433959960938e+01
1.038751697540283203e+01
1.030241489410400391e+01
1.032520771026611328e+01
1.035108184814453125e+01
1.034010219573974609e+01
1.033037471771240234e+01
1.035597515106201172e+01
1.033883953094482422e+01
1.038398551940917969e+01
1.039282894134521484e+01
1.033217716217041016e+01
1.036793327331542969e+01
1.037443161010742188e+01
1.036575126647949219e+01
1.038887596130371094e+01
1.036907768249511719e+01
1.031220340728759766e+01
1.031701946258544922e+01
1.029449367523193359e+01
1.031551361083984375e+01
1.038728904724121094e+01
1.029984283447265625e+01
1.038222789764404297e+01
1.033605480194091797e+01
1.035232734680175781e+01
1.036832904815673828e+01
1.033904838562011719e+01
1.031000423431396484e+01
1.042152023315429688e+01
1.029016399383544922e+01
1.038453388214111328e+01
1.034738731384277344e+01
1.033733558654785156e+01
1.036606788635253906e+01
1.038444519042968750e+01
1.038056850433349609e+01
1.037745380401611328e+01
1.033487796783447266e+01
1.032700443267822266e+01
1.042671012878417969e+01
1.036462879180908203e+01
1.039807605743408203e+01
1.040286922454833984e+01
1.038197422027587891e+01
1.032611274719238281e+01
1.036812686920166016e+01
1.036387634277343750e+01
1.029940128326416016e+01
1.034819889068603516e+01
1.035624027252197266e+01
1.037158107757568359e+01
1.038615608215332031e+01
1.036457347869873047e+01
1.033171367645263672e+01
1.039058399200439453e+01
1.034276294708251953e+01
1.029055881500244141e+01
1.036403942108154297e+01
1.030519676208496094e+01
1.037786865234375000e+01
1.037027645111083984e+01
1.031179046630859375e+01
1.032975959777832031e+01
1.036949443817138672e+01
1.038434219360351562e+01
1.040332603454589844e+01
1.038634872436523438e+01
1.041448593139648438e+01
1.034144496917724609e+01
1.037913513183593750e+01
1.035019397735595703e+01
1.036972045898437500e+01
1.040266704559326172e+01
1.043185424804687500e+01
1.031846332550048828e+01
1.041813755035400391e+01
1.034886455535888672e+01
1.036269283294677734e+01
1.042643833160400391e+01
1.033051013946533203e+01
1.031702423095703125e+01
1.031042861938476562e+01
1.032741451263427734e+01
1.036410617828369141e+01
1.036141777038574219e+01
1.036035919189453125e+01
1.036875915527343750e+01
1.034109878540039062e+01
1.034718704223632812e+01
1.039880466461181641e+01
1.035007095336914062e+01
1.036648273468017578e+01
1.031654262542724609e+01
1.035737991333007812e+01
1.036205482482910156e+01
1.029369544982910156e+01
1.032360267639160156e+01
1.037061691284179688e+01
1.038518524169921875e+01
1.031091308593750000e+01
1.038778972625732422e+01
1.033452415466308594e+01
1.033908176422119141e+01
1.033422756195068359e+01
1.034353923797607422e+01
1.034542179107666016e+01
1.033424758911132812e+01
1.034795475006103516e+01
1.032698440551757812e+01
1.034064292907714844e+01
1.035018825531005859e+01
1.033094787597656250e+01
1.030449104309082031e+01
1.034533023834228516e+01
1.038159275054931641e+01
1.036097335815429688e+01
1.036136817932128906e+01
1.033847522735595703e+01
1.029728794097900391e+01
1.034446334838867188e+01
1.033859443664550781e+01
1.035313796997070312e+01
1.039806175231933594e+01
1.038272571563720703e+01
1.030963325500488281e+01
1.031706809997558594e+01
1.036425971984863281e+01
1.038259983062744141e+01
1.034813690185546875e+01
1.036120128631591797e+01
1.034405899047851562e+01
1.038525676727294922e+01
1.039549064636230469e+01
1.032260417938232422e+01
1.036218261718750000e+01
1.036381244659423828e+01
1.035012435913085938e+01
1.032926082611083984e+01
1.033976268768310547e+01
1.035814666748046875e+01
1.039715862274169922e+01
1.036737728118896484e+01
1.034580612182617188e+01
1.033480644226074219e+01
1.036528968811035156e+01
1.036877155303955078e+01
1.038497638702392578e+01
1.037187099456787109e+01
1.031488323211669922e+01
1.036632919311523438e+01
1.034351730346679688e+01
1.037934112548828125e+01
1.040464019775390625e+01
1.039928150177001953e+01
1.034668636322021484e+01
1.036665058135986328e+01
1.033710098266601562e+01
1.035924053192138672e+01
1.034986877441406250e+01
1.033154201507568359e+01
1.032342433929443359e+01
1.029497146606445312e+01
1.031518650054931641e+01
1.035005950927734375e+01
1.032367992401123047e+01
1.030778408050537109e+01
1.032005882263183594e+01
1.032023525238037109e+01
1.033851909637451172e+01
1.036632347106933594e+01
1.033922004699707031e+01
1.041358947753906250e+01
1.035325050354003906e+01
1.031991481781005859e+01
1.032109451293945312e+01
1.032089710235595703e+01
1.038393115997314453e+01
1.034888553619384766e+01
1.036107826232910156e+01
1.029956054687500000e+01
1.034815406799316406e+01
1.034834384918212891e+01
1.040924549102783203e+01
1.035642814636230469e+01
1.036205577850341797e+01
1.035784721374511719e+01
1.039272499084472656e+01
1.036310291290283203e+01
1.032446002960205078e+01
1.036297035217285156e+01
1.036065769195556641e+01
1.038597965240478516e+01
1.037511730194091797e+01
1.035180664062500000e+01
1.032272148132324219e+01
1.036660385131835938e+01
1.034425258636474609e+01
1.036703681945800781e+01
1.034281444549560547e+01
1.038275718688964844e+01
1.031899261474609375e+01
1.037758064270019531e+01
1.037913513183593750e+01
1.038163089752197266e+01
1.035800647735595703e+01
1.036273574829101562e+01
1.029728317260742188e+01
1.037609767913818359e+01
1.035266876220703125e+01
1.035739231109619141e+01
1.036410903930664062e+01
1.032213973999023438e+01
1.031185531616210938e+01
1.034148979187011719e+01
1.036749172210693359e+01
1.034795379638671875e+01
1.034430217742919922e+01
1.039712905883789062e+01
1.029095935821533203e+01
1.040657615661621094e+01
1.040880393981933594e+01
1.039669418334960938e+01
1.037616729736328125e+01
1.035116577148437500e+01
1.038205909729003906e+01
1.033528137207031250e+01
1.036391067504882812e+01
1.036443519592285156e+01
1.030781555175781250e+01
1.036351680755615234e+01
1.034570217132568359e+01
1.034646701812744141e+01
1.038482379913330078e+01
1.031988716125488281e+01
1.033645343780517578e+01
1.030776691436767578e+01
1.033308124542236328e+01
1.034314441680908203e+01
1.038560581207275391e+01
1.036834907531738281e+01
1.038224792480468750e+01
1.028229427337646484e+01
1.032009220123291016e+01
1.029859828948974609e+01
1.032728576660156250e+01
1.035161209106445312e+01
1.030860233306884766e+01
1.037292385101318359e+01
1.035975742340087891e+01
1.030388736724853516e+01
1.035794162750244141e+01
1.035310554504394531e+01
1.036094474792480469e+01
1.033225345611572266e+01
1.037066459655761719e+01
1.037403106689453125e+01
1.037971687316894531e+01
1.033678054809570312e+01
1.034805393218994141e+01
1.030737495422363281e+01
1.033840465545654297e+01
1.032182312011718750e+01
1.037383556365966797e+01
1.026177310943603516e+01
1.033588790893554688e+01
1.035875606536865234e+01
1.031082725524902344e+01
1.033003044128417969e+01
1.036914157867431641e+01
1.030750942230224609e+01
1.033651828765869141e+01
1.032661437988281250e+01
1.035356044769287109e+01
1.037130069732666016e+01
1.037062644958496094e+01
1.033473873138427734e+01
1.034436225891113281e+01
1.037437438964843750e+01
1.035091686248779297e+01
1.037536048889160156e+01
1.035665893554687500e+01
1.033528995513916016e+01
1.034361457824707031e+01
1.032082653045654297e+01
1.034564113616943359e+01
1.029236412048339844e+01
1.033616161346435547e+01
1.037106227874755859e+01
1.036811923980712891e+01
1.033693313598632812e+01
1.037744712829589844e+01
1.040202999114990234e+01
1.033100509643554688e+01
1.033578300476074219e+01
1.033386325836181641e+01
1.041453456878662109e+01
1.035421752929687500e+01
1.034216308593750000e+01
1.034148120880126953e+01
1.034017658233642578e+01
1.038696384429931641e+01
1.031142711639404297e+01
1.032493591308593750e+01
1.033671188354492188e+01
1.038665294647216797e+01
1.031408882141113281e+01
1.029818534851074219e+01
1.034147262573242188e+01
1.038645458221435547e+01
1.035476303100585938e+01
1.027597141265869141e+01
1.033625698089599609e+01
1.035665321350097656e+01
1.035879230499267578e+01
1.030195999145507812e+01
1.034983253479003906e+01
1.033740234375000000e+01
1.034009647369384766e+01
1.036051368713378906e+01
1.028818416595458984e+01
1.033053970336914062e+01
1.036940097808837891e+01
1.037542629241943359e+01
1.033798885345458984e+01
1.036629199981689453e+01
1.031919670104980469e+01
1.036579608917236328e+01
1.036168193817138672e+01
1.034964847564697266e+01
1.035134792327880859e+01
1.037602806091308594e+01
1.035332870483398438e+01
1.034053802490234375e+01
1.034487819671630859e+01
1.034006690979003906e+01
1.032062244415283203e+01
1.034712886810302734e+01
1.037121105194091797e+01
1.035241699218750000e+01
1.033459091186523438e+01
1.035832691192626953e+01
1.031575965881347656e+01
1.033510780334472656e+01
1.032687759399414062e+01
1.034067058563232422e+01
1.030949020385742188e+01
1.035959243774414062e+01
1.040154457092285156e+01
1.031603717803955078e+01
1.032471752166748047e+01
1.035892200469970703e+01
1.037089633941650391e+01
1.031872081756591797e+01
1.037378978729248047e+01
1.032772827148437500e+01
1.037620162963867188e+01
1.033007431030273438e+01
1.035345649719238281e+01
1.035968971252441406e+01
1.035203266143798828e+01
1.029532337188720703e+01
1.037340545654296875e+01
1.031875610351562500e+01
1.038740062713623047e+01
1.032524204254150391e+01
1.032205867767333984e+01
1.037800693511962891e+01
1.032322883605957031e+01
1.032909679412841797e+01
1.027984428405761719e+01
1.037917232513427734e+01
1.041070270538330078e+01
1.037132930755615234e+01
1.039207839965820312e+01
1.036206340789794922e+01
1.039949703216552734e+01
1.033458614349365234e+01
1.038915538787841797e+01
1.034699344635009766e+01
1.038053798675537109e+01
1.034584236145019531e+01
1.035025691986083984e+01
1.028695297241210938e+01
1.029252624511718750e+01
1.034207630157470703e+01
1.034356117248535156e+01
1.038680458068847656e+01
1.042146873474121094e+01
1.035480976104736328e+01
1.032408046722412109e+01
1.031185817718505859e+01
1.037630271911621094e+01
1.034936237335205078e+01
1.039466667175292969e+01
1.037308025360107422e+01
1.038785552978515625e+01
1.038439178466796875e+01
1.035794830322265625e+01
1.035165214538574219e+01
1.034912300109863281e+01
1.035969066619873047e+01
1.033202171325683594e+01
1.035070896148681641e+01
1.039602851867675781e+01
1.034952831268310547e+01
1.033032226562500000e+01
1.027802753448486328e+01
1.033518218994140625e+01
1.033000469207763672e+01
1.028875637054443359e+01
1.031995391845703125e+01
1.038487052917480469e+01
1.035062122344970703e+01
1.029106616973876953e+01
1.032170867919921875e+01
1.034431934356689453e+01
1.036753368377685547e+01
1.033958911895751953e+01
1.031536388397216797e+01
1.033706092834472656e+01
1.037467098236083984e+01
1.037635612487792969e+01
1.037399578094482422e+01
1.037311267852783203e+01
1.032007694244384766e+01
1.039987850189208984e+01
1.035899829864501953e+01
1.033727169036865234e+01
1.032678890228271484e+01
1.035462474822998047e+01
1.034101772308349609e+01
1.033661842346191406e+01
1.037667942047119141e+01
1.032832336425781250e+01
1.032569408416748047e+01
1.033083057403564453e+01
1.034218502044677734e+01
1.035273361206054688e+01
1.029226493835449219e+01
1.039150619506835938e+01
1.031405735015869141e+01
1.033960437774658203e+01
1.035207653045654297e+01
1.032242584228515625e+01
1.027696990966796875e+01
1.032574272155761719e+01
1.035035419464111328e+01
1.038452243804931641e+01
1.032621097564697266e+01
1.035400581359863281e+01
1.038446617126464844e+01
1.033798122406005859e+01
1.034551906585693359e+01
1.034780883789062500e+01
1.031892395019531250e+01
1.033684062957763672e+01
1.032187747955322266e+01
1.034923171997070312e+01
1.030169296264648438e+01
1.035879516601562500e+01
1.033692836761474609e+01
1.034626007080078125e+01
1.038171482086181641e+01
1.033773136138916016e+01
1.030240249633789062e+01
1.032788848876953125e+01
1.039252376556396484e+01
1.035731410980224609e+01
1.034124183654785156e+01
1.025918102264404297e+01
1.029296779632568359e+01
1.026428413391113281e+01
1.038119697570800781e+01
1.032382869720458984e+01
1.030837726593017578e+01
1.035336589813232422e+01
1.034784889221191406e+01
1.031618118286132812e+01
1.028303146362304688e+01
1.036614799499511719e+01
1.032043266296386719e+01
1.029564094543457031e+01
1.034943675994873047e+01
1.035064029693603516e+01
1.035063076019287109e+01
1.030971145629882812e+01
1.035505199432373047e+01
1.035068798065185547e+01
1.039426422119140625e+01
1.037364292144775391e+01
1.033704662322998047e+01
1.030664539337158203e+01
1.031005382537841797e+01
1.040513324737548828e+01
1.024817848205566406e+01
1.031112289428710938e+01
1.031736946105957031e+01
1.030580139160156250e+01
1.035587406158447266e+01
1.037441635131835938e+01
1.033843898773193359e+01
1.042839145660400391e+01
1.036283874511718750e+01
1.037743473052978516e+01
1.037346076965332031e+01
1.034304046630859375e+01
1.039452552795410156e+01
1.025665473937988281e+01
1.038013935089111328e+01
1.034489917755126953e+01
1.032524013519287109e+01
1.037012100219726562e+01
1.034289455413818359e+01
1.032249641418457031e+01
1.033110523223876953e+01
1.031571674346923828e+01
1.034659767150878906e+01
1.032036495208740234e+01
1.033567523956298828e+01
1.030523872375488281e+01
1.030625247955322266e+01
1.029465103149414062e+01
1.032585525512695312e+01
1.038063240051269531e+01
1.033205986022949219e+01
1.035642051696777344e+01
1.034037399291992188e+01
1.030160331726074219e+01
1.035238647460937500e+01
1.038550472259521484e+01
1.030222129821777344e+01
1.037971115112304688e+01
1.036734676361083984e+01
1.034285640716552734e+01
1.034224224090576172e+01
1.030318069458007812e+01
1.036137199401855469e+01
1.031822109222412109e+01
1.029194641113281250e+01
1.031349658966064453e+01
1.035622310638427734e+01
1.040323543548583984e+01
1.036876392364501953e+01
1.034713077545166016e+01
1.036626720428466797e+01
1.038390445709228516e+01
1.031418895721435547e+01
1.034726333618164062e+01
1.034569835662841797e+01
1.033528614044189453e+01
1.027947998046875000e+01
1.039412021636962891e+01
1.030551624298095703e+01
1.037545776367187500e+01
1.032745838165283203e+01
1.037176322937011719e+01
1.034280586242675781e+01
1.033813381195068359e+01
1.037785148620605469e+01
1.036240673065185547e+01
1.034536743164062500e+01
1.035851287841796875e+01
1.033677768707275391e+01
1.036342525482177734e+01
1.036223506927490234e+01
1.036233711242675781e+01
1.032102394104003906e+01
1.037214469909667969e+01
1.029795932769775391e+01
1.037016677856445312e+01
1.035922145843505859e+01
1.035192108154296875e+01
1.034994506835937500e+01
1.037550163269042969e+01
1.032446861267089844e+01
1.033928585052490234e+01
1.034876728057861328e+01
1.028115844726562500e+01
1.028851604461669922e+01
1.031846332550048828e+01
1.037133121490478516e+01
1.037415409088134766e+01
1.038628387451171875e+01
1.034678554534912109e+01
1.031817340850830078e+01
1.034215450286865234e+01
1.034911251068115234e+01
1.030349445343017578e+01
1.036565017700195312e+01
1.033043575286865234e+01
1.030992126464843750e+01
1.034853649139404297e+01
1.034620571136474609e+01
1.036137199401855469e+01
1.035936546325683594e+01
1.033751964569091797e+01
1.034592628479003906e+01
1.035031890869140625e+01
1.035949993133544922e+01
1.034844493865966797e+01
1.031313991546630859e+01
1.037002754211425781e+01
1.034196281433105469e+01
1.035380172729492188e+01
1.034053325653076172e+01
1.036810207366943359e+01
1.035066318511962891e+01
1.032552337646484375e+01
1.035134410858154297e+01
1.031382179260253906e+01
1.040759944915771484e+01
1.032774925231933594e+01
1.034202480316162109e+01
1.031084442138671875e+01
1.033024978637695312e+01
1.036201095581054688e+01
1.034331989288330078e+01
1.035650539398193359e+01
1.029501533508300781e+01
1.036993694305419922e+01
1.034459877014160156e+01
1.037726688385009766e+01
1.032155704498291016e+01
1.040375518798828125e+01
1.039483261108398438e+01
1.031929397583007812e+01
1.041374874114990234e+01
1.032014942169189453e+01
1.031798648834228516e+01
1.029876136779785156e+01
1.032336807250976562e+01
1.038037300109863281e+01
1.036882781982421875e+01
1.027095508575439453e+01
1.031364727020263672e+01
1.034477806091308594e+01
1.027338314056396484e+01
1.034618759155273438e+01
1.036534881591796875e+01
1.037263393402099609e+01
1.038232135772705078e+01
1.035162544250488281e+01
1.039936733245849609e+01
1.037134075164794922e+01
1.034482288360595703e+01
1.035555553436279297e+01
1.037583065032958984e+01
1.035202980041503906e+01
1.038829421997070312e+01
1.038238334655761719e+01
1.031038284301757812e+01
1.034903335571289062e+01
1.035032176971435547e+01
1.036815452575683594e+01
1.029787921905517578e+01
1.035464954376220703e+01
1.031167221069335938e+01
1.033993816375732422e+01
1.037223720550537109e+01
1.028168678283691406e+01
1.033069324493408203e+01
1.034050846099853516e+01
1.040792274475097656e+01
1.034242725372314453e+01
1.035813426971435547e+01
1.028460788726806641e+01
1.030558109283447266e+01
1.035653495788574219e+01
1.037427234649658203e+01
1.035780429840087891e+01
1.037234306335449219e+01
1.032292556762695312e+01
1.032303714752197266e+01
1.032403755187988281e+01
1.032227230072021484e+01
1.041657829284667969e+01
1.035984802246093750e+01
1.034822368621826172e+01
1.037013721466064453e+01
1.033407211303710938e+01
1.035722732543945312e+01
1.026217079162597656e+01
1.034578037261962891e+01
1.039986610412597656e+01
1.033883857727050781e+01
1.038855171203613281e+01
1.029925346374511719e+01
1.035107612609863281e+01
1.033237648010253906e+01
1.036595916748046875e+01
1.036680793762207031e+01
1.035562801361083984e+01
1.037396049499511719e+01
1.032058048248291016e+01
1.032161045074462891e+01
1.029359245300292969e+01
1.034164333343505859e+01
1.035900497436523438e+01
1.030444526672363281e+01
1.035877895355224609e+01
1.033471488952636719e+01
1.036134624481201172e+01
1.037988185882568359e+01
1.034864807128906250e+01
1.037419700622558594e+01
1.030327796936035156e+01
1.035533046722412109e+01
1.034630393981933594e+01
1.034589385986328125e+01
1.036416625976562500e+01
1.034384822845458984e+01
1.030954551696777344e+01
1.033991909027099609e+01
1.032633495330810547e+01
1.040714931488037109e+01
1.035527133941650391e+01
1.036675548553466797e+01
1.032498741149902344e+01
1.025832080841064453e+01
1.028332805633544922e+01
1.036152648925781250e+01
1.032263088226318359e+01
1.032452011108398438e+01
1.034613418579101562e+01
1.029262065887451172e+01
1.037457847595214844e+01
1.036616039276123047e+01
1.031674575805664062e+01
1.034299087524414062e+01
1.030324554443359375e+01
1.035533523559570312e+01
1.031818962097167969e+01
1.029676055908203125e+01
1.031946945190429688e+01
1.035958957672119141e+01
1.036190986633300781e+01
1.032359313964843750e+01
1.036051940917968750e+01
1.039440155029296875e+01
1.033640384674072266e+01
1.034782409667968750e+01
1.036566925048828125e+01
1.035004711151123047e+01
1.029954051971435547e+01
1.030953788757324219e+01
1.037447452545166016e+01
1.032858753204345703e+01
1.038234043121337891e+01
1.032914066314697266e+01
1.031825923919677734e+01
1.033780002593994141e+01
1.028889560699462891e+01
1.032411575317382812e+01
1.033669471740722656e+01
1.036894798278808594e+01
1.034309196472167969e+01
1.033929538726806641e+01
1.031065368652343750e+01
1.024517726898193359e+01
1.030501651763916016e+01
1.028501510620117188e+01
1.032219123840332031e+01
1.031529903411865234e+01
1.034853839874267578e+01
1.036679077148437500e+01
1.034934806823730469e+01
1.036450481414794922e+01
1.033033943176269531e+01
1.034098625183105469e+01
1.035621452331542969e+01
1.034860992431640625e+01
1.031501770019531250e+01
1.036036109924316406e+01
1.034123706817626953e+01
1.035599803924560547e+01
1.038832759857177734e+01
1.029915714263916016e+01
1.030159759521484375e+01
1.030612659454345703e+01
1.032568168640136719e+01
1.031327342987060547e+01
1.037010574340820312e+01
1.031770896911621094e+01
1.035271358489990234e+01
1.035580062866210938e+01
1.031111049652099609e+01
1.033009719848632812e+01
1.030397891998291016e+01
1.036144065856933594e+01
1.033094310760498047e+01
1.035020256042480469e+01
1.030270385742187500e+01
1.036817932128906250e+01
1.026362419128417969e+01
1.032887077331542969e+01
1.030227756500244141e+01
1.034808921813964844e+01
1.032185745239257812e+01
1.033071136474609375e+01
1.033267879486083984e+01
1.031706047058105469e+01
1.033663082122802734e+01
1.037559413909912109e+01
1.037872409820556641e+01
1.032211971282958984e+01
1.031480884552001953e+01
1.033690547943115234e+01
1.036629295349121094e+01
1.034741497039794922e+01
1.029627323150634766e+01
1.029754638671875000e+01
1.038008403778076172e+01
1.030614662170410156e+01
1.034884834289550781e+01
1.032568836212158203e+01
1.031040382385253906e+01
1.030586147308349609e+01
1.031173229217529297e+01
1.033946514129638672e+01
1.036632537841796875e+01
1.033631706237792969e+01
1.035707283020019531e+01
1.033431339263916016e+01
1.029428482055664062e+01
1.031804180145263672e+01
1.039423942565917969e+01
1.034177589416503906e+01
1.032167530059814453e+01
1.034561443328857422e+01
1.040058135986328125e+01
1.030139923095703125e+01
1.031079483032226562e+01
1.035233116149902344e+01
1.033165931701660156e+01
1.034257507324218750e+01
1.031466197967529297e+01
1.036290359497070312e+01
1.031110095977783203e+01
1.030932235717773438e+01
1.030117988586425781e+01
1.031848907470703125e+01
1.034407520294189453e+01
1.030488204956054688e+01
1.034722518920898438e+01
1.033823966979980469e+01
1.034325981140136719e+01
1.038330936431884766e+01
1.036112403869628906e+01
1.032630157470703125e+01
1.031162166595458984e+01
1.034544181823730469e+01
1.037636184692382812e+01
1.036692047119140625e+01
1.036972618103027344e+01
1.029883670806884766e+01
1.034183120727539062e+01
1.031836128234863281e+01
1.026305294036865234e+01
1.027008342742919922e+01
1.031911945343017578e+01
1.033828449249267578e+01
1.035075092315673828e+01
1.036542034149169922e+01
1.034551811218261719e+01
1.032366657257080078e+01
1.035667037963867188e+01
1.036824417114257812e+01
1.035017395019531250e+01
1.037202930450439453e+01
1.037002754211425781e+01
1.035035514831542969e+01
1.026673603057861328e+01
1.029378604888916016e+01
1.036251831054687500e+01
1.031362915039062500e+01
1.035603809356689453e+01
1.018475437164306641e+01
1.036271762847900391e+01
1.033643054962158203e+01
1.032016849517822266e+01
1.035112667083740234e+01
1.036544227600097656e+01
1.032339096069335938e+01
1.034895420074462891e+01
1.031671810150146484e+01
1.035652065277099609e+01
1.036742019653320312e+01
1.039532661437988281e+01
1.034278297424316406e+01
1.032694244384765625e+01
1.030695629119873047e+01
1.028787899017333984e+01
1.029392433166503906e+01
1.041116237640380859e+01
1.032822418212890625e+01
1.033890724182128906e+01
1.035268592834472656e+01
1.037746620178222656e+01
1.036706638336181641e+01
1.033687877655029297e+01
1.033050823211669922e+01
1.036213588714599609e+01
1.035546112060546875e+01
1.039430522918701172e+01
1.035572338104248047e+01
1.033121967315673828e+01
1.034878826141357422e+01
1.038463973999023438e+01
1.034840869903564453e+01
1.029772090911865234e+01
1.036500740051269531e+01
1.032725620269775391e+01
1.034793949127197266e+01
1.029699707031250000e+01
1.034642410278320312e+01
1.036123561859130859e+01
1.031432247161865234e+01
1.036462306976318359e+01
1.031975364685058594e+01
1.037921333312988281e+01
1.034385395050048828e+01
1.035249137878417969e+01
1.027855205535888672e+01
1.032954883575439453e+01
1.036415195465087891e+01
1.031508064270019531e+01
1.034120082855224609e+01
1.039801883697509766e+01
1.037498474121093750e+01
1.037696933746337891e+01
1.033794212341308594e+01
1.030572700500488281e+01
1.034902572631835938e+01
1.031748294830322266e+01
1.035139942169189453e+01
1.030635356903076172e+01
1.036705017089843750e+01
1.029159355163574219e+01
1.015226078033447266e+01
1.030020427703857422e+01
1.031755828857421875e+01
1.028016281127929688e+01
1.034524345397949219e+01
1.036988544464111328e+01
1.033874225616455078e+01
1.035000228881835938e+01
1.032549285888671875e+01
1.034304809570312500e+01
1.038475131988525391e+01
1.033550071716308594e+01
1.027816867828369141e+01
1.040575218200683594e+01
1.036295509338378906e+01
1.037726783752441406e+01
1.033645915985107422e+01
1.036321353912353516e+01
1.028858089447021484e+01
1.028572845458984375e+01
1.030300998687744141e+01
1.033188056945800781e+01
1.033428382873535156e+01
1.039773273468017578e+01
1.035556030273437500e+01
1.028682708740234375e+01
1.034283542633056641e+01
1.029537391662597656e+01
1.033557605743408203e+01
1.035669136047363281e+01
1.030111789703369141e+01
1.030781078338623047e+01
1.038132095336914062e+01
1.031608772277832031e+01
1.038636207580566406e+01
1.025046062469482422e+01
1.033402061462402344e+01
1.035811233520507812e+01
1.033099365234375000e+01
1.036990451812744141e+01
1.034182548522949219e+01
1.035715961456298828e+01
1.036081790924072266e+01
1.033907890319824219e+01
1.031693363189697266e+01
1.032372283935546875e+01
1.032718658447265625e+01
1.032100772857666016e+01
1.031216049194335938e+01
1.030862998962402344e+01
1.035269451141357422e+01
1.029042911529541016e+01
1.033543682098388672e+01
1.036840534210205078e+01
1.037382698059082031e+01
1.034462356567382812e+01
1.027949714660644531e+01
1.033105468750000000e+01
1.028154182434082031e+01
1.033963108062744141e+01
1.034586906433105469e+01
1.035026264190673828e+01
1.035744571685791016e+01
1.038358497619628906e+01
1.038158035278320312e+01
1.031689739227294922e+01
1.030939483642578125e+01
1.030381107330322266e+01
1.030973625183105469e+01
1.044366455078125000e+01
1.034206199645996094e+01
1.030975437164306641e+01
1.032337474822998047e+01
1.029052448272705078e+01
1.033147525787353516e+01
1.038441848754882812e+01
1.034647274017333984e+01
1.033345699310302734e+01
1.035770988464355469e+01
1.032015705108642578e+01
1.036617946624755859e+01
1.030634784698486328e+01
1.034732627868652344e+01
1.034767150878906250e+01
1.029878520965576172e+01
1.036673069000244141e+01
1.037922096252441406e+01
1.033735656738281250e+01
1.034397029876708984e+01
1.035173034667968750e+01
1.030556964874267578e+01
1.033148384094238281e+01
1.041149044036865234e+01
1.032747650146484375e+01
1.024688625335693359e+01
1.037131786346435547e+01
1.036953353881835938e+01
1.036695861816406250e+01
1.033323192596435547e+01
1.036703300476074219e+01
1.033641433715820312e+01
1.036750602722167969e+01
1.037574768066406250e+01
1.030783939361572266e+01
1.029387187957763672e+01
1.031448745727539062e+01
1.027270603179931641e+01
1.033963394165039062e+01
1.030630779266357422e+01
1.038086605072021484e+01
1.031690788269042969e+01
1.037172222137451172e+01
1.035770225524902344e+01
1.028599357604980469e+01
1.027979850769042969e+01
1.034910964965820312e+01
1.035062599182128906e+01
1.033954906463623047e+01
1.033522129058837891e+01
1.029498481750488281e+01
1.035480117797851562e+01
1.041061115264892578e+01
1.035754203796386719e+01
1.032211589813232422e+01
1.035557651519775391e+01
1.035421562194824219e+01
1.035266876220703125e+01
1.036411190032958984e+01
1.034382438659667969e+01
1.034544181823730469e+01
1.029450511932373047e+01
1.030765247344970703e+01
1.032551002502441406e+01
1.031722831726074219e+01
1.030596256256103516e+01
1.033103656768798828e+01
1.032427978515625000e+01
1.034863471984863281e+01
1.029705142974853516e+01
1.032847404479980469e+01
1.034871196746826172e+01
1.037653923034667969e+01
1.028077602386474609e+01
1.029927062988281250e+01
1.033583545684814453e+01
1.036481285095214844e+01
1.031411838531494141e+01
1.030988025665283203e+01
1.029922294616699219e+01
1.030026626586914062e+01
1.034987354278564453e+01
1.033668804168701172e+01
1.032769012451171875e+01
1.036121749877929688e+01
1.032810497283935547e+01
1.033455848693847656e+01
1.035647296905517578e+01
1.034530448913574219e+01
1.034553432464599609e+01
1.039544677734375000e+01
1.029935169219970703e+01
1.030836391448974609e+01
1.029972839355468750e+01
1.032094287872314453e+01
1.034985923767089844e+01
1.036768054962158203e+01
1.030684185028076172e+01
1.025420570373535156e+01
1.033714199066162109e+01
1.036177253723144531e+01
1.031509590148925781e+01
1.033736038208007812e+01
1.035008430480957031e+01
1.030048179626464844e+01
1.034385585784912109e+01
1.026328086853027344e+01
1.033021450042724609e+01
1.031877613067626953e+01
1.031617736816406250e+01
1.036499881744384766e+01
1.030141544342041016e+01
1.028305816650390625e+01
1.036527252197265625e+01
1.034822940826416016e+01
1.036623191833496094e+01
1.035214042663574219e+01
1.030591487884521484e+01
1.040062999725341797e+01
1.037642478942871094e+01
1.024750328063964844e+01
1.031093692779541016e+01
1.034916210174560547e+01
1.030490398406982422e+01
1.032277774810791016e+01
1.029714488983154297e+01
1.026079463958740234e+01
1.033175945281982422e+01
1.034173393249511719e+01
1.034068393707275391e+01
1.030942535400390625e+01
1.035809993743896484e+01
1.033105945587158203e+01
1.035026264190673828e+01
1.024105930328369141e+01
1.029655265808105469e+01
1.036870861053466797e+01
1.033144950866699219e+01
1.033285713195800781e+01
1.028403472900390625e+01
1.033936882019042969e+01
1.033122920989990234e+01
1.035083484649658203e+01
1.033635330200195312e+01
1.034856700897216797e+01
1.031963634490966797e+01
1.031396579742431641e+01
1.037420272827148438e+01
1.033465957641601562e+01
1.030177402496337891e+01
1.034906768798828125e+01
1.032804393768310547e+01
1.031541633605957031e+01
1.035142707824707031e+01
1.027729797363281250e+01
1.033702945709228516e+01
1.036206054687500000e+01
1.035952758789062500e+01
1.035106563568115234e+01
1.034292030334472656e+01
1.032128429412841797e+01
1.031721878051757812e+01
1.034621715545654297e+01
1.039223289489746094e+01
1.037978363037109375e+01
1.037170219421386719e+01
1.033998870849609375e+01
1.034412002563476562e+01
1.036261367797851562e+01
1.028959941864013672e+01
1.034874153137207031e+01
1.034240627288818359e+01
1.034775447845458984e+01
1.029588794708251953e+01
1.031799697875976562e+01
1.032314872741699219e+01
1.029164600372314453e+01
1.033790111541748047e+01
1.037582874298095703e+01
1.026917171478271484e+01
1.031305217742919922e+01
1.033171653747558594e+01
1.030857944488525391e+01
1.032574748992919922e+01
1.032379150390625000e+01
1.033798789978027344e+01
1.030002498626708984e+01
1.034396839141845703e+01
1.034432125091552734e+01
1.029969692230224609e+01
1.029382038116455078e+01
1.028954696655273438e+01
1.034364032745361328e+01
1.034309482574462891e+01
1.033422279357910156e+01
1.035730266571044922e+01
1.030236053466796875e+01
1.036031723022460938e+01
1.032404518127441406e+01
1.036962890625000000e+01
1.032544803619384766e+01
1.036738491058349609e+01
1.029063701629638672e+01
1.034011268615722656e+01
1.035755920410156250e+01
1.035146141052246094e+01
1.027846431732177734e+01
1.034845542907714844e+01
1.029733085632324219e+01
1.034249877929687500e+01
1.033404541015625000e+01
1.033788204193115234e+01
1.033737182617187500e+01
1.028670310974121094e+01
1.032685852050781250e+01
1.035913372039794922e+01
1.029351520538330078e+01
1.035847759246826172e+01
1.033372592926025391e+01
1.037402629852294922e+01
1.031407642364501953e+01
1.034568691253662109e+01
1.029000091552734375e+01
1.035455131530761719e+01
1.030331230163574219e+01
1.034329223632812500e+01
1.027801036834716797e+01
1.036882400512695312e+01
1.027823066711425781e+01
1.027671527862548828e+01
1.027076435089111328e+01
1.035184478759765625e+01
1.030680751800537109e+01
1.037897872924804688e+01
1.034463977813720703e+01
1.034790325164794922e+01
1.028854846954345703e+01
1.035362815856933594e+01
1.029399681091308594e+01
1.037823486328125000e+01
1.032220077514648438e+01
1.034444713592529297e+01
1.039363765716552734e+01
1.031328964233398438e+01
1.030782699584960938e+01
1.029718112945556641e+01
1.034345340728759766e+01
1.035004901885986328e+01
1.030385589599609375e+01
1.031885337829589844e+01
1.035795783996582031e+01
1.035243511199951172e+01
1.024914073944091797e+01
1.029907703399658203e+01
1.032615470886230469e+01
1.030349063873291016e+01
1.029389190673828125e+01
1.031898117065429688e+01
1.036137390136718750e+01
1.033397006988525391e+01
1.031859779357910156e+01
1.034735107421875000e+01
1.034021091461181641e+01
1.031815528869628906e+01
1.030271434783935547e+01
1.034460639953613281e+01
1.033380508422851562e+01
1.032428264617919922e+01
1.034341907501220703e+01
1.029942035675048828e+01
1.032374477386474609e+01
1.029553794860839844e+01
1.028915882110595703e+01
1.029575252532958984e+01
1.035428905487060547e+01
1.030699825286865234e+01
1.030195522308349609e+01
1.032244300842285156e+01
1.032612800598144531e+01
1.027180671691894531e+01
1.036659145355224609e+01
1.029111957550048828e+01
1.034006023406982422e+01
1.032314014434814453e+01
1.033593750000000000e+01
1.036798477172851562e+01
1.037125396728515625e+01
1.031721973419189453e+01
1.033242511749267578e+01
1.028048324584960938e+01
1.027963924407958984e+01
1.031273841857910156e+01
1.032057952880859375e+01
1.034710121154785156e+01
1.037310409545898438e+01
1.040361309051513672e+01
1.036244773864746094e+01
1.037516307830810547e+01
1.027062034606933594e+01
1.029587364196777344e+01
1.035894393920898438e+01
1.030232620239257812e+01
1.031116294860839844e+01
1.027681350708007812e+01
1.034086418151855469e+01
1.033450603485107422e+01
1.037843036651611328e+01
1.031272029876708984e+01
1.034534263610839844e+01
1.031627273559570312e+01
1.029626464843750000e+01
1.030609893798828125e+01
1.036265659332275391e+01
1.034798622131347656e+01
1.032594013214111328e+01
1.033624744415283203e+01
1.033793544769287109e+01
1.033478355407714844e+01
1.034293270111083984e+01
1.029337310791015625e+01
1.034115982055664062e+01
1.033672618865966797e+01
1.030774307250976562e+01
1.029136466979980469e+01
1.028122329711914062e+01
1.036137104034423828e+01
1.027983283996582031e+01
1.027837085723876953e+01
1.028674507141113281e+01
1.040036487579345703e+01
1.027624320983886719e+01
1.028517723083496094e+01
1.036062335968017578e+01
1.034697151184082031e+01
1.034267997741699219e+01
1.032012176513671875e+01
1.039792251586914062e+01
1.030339241027832031e+01
1.032938003540039062e+01
1.035261440277099609e+01
1.030232524871826172e+01
1.033821201324462891e+01
1.036394119262695312e+01
1.026702022552490234e+01
1.032051849365234375e+01
1.033263206481933594e+01
1.032157230377197266e+01
1.032552433013916016e+01
1.033287811279296875e+01
1.028525257110595703e+01
1.025606918334960938e+01
1.031134605407714844e+01
1.028189373016357422e+01
1.034947967529296875e+01
1.032379627227783203e+01
1.035414981842041016e+01
1.028520298004150391e+01
1.033620548248291016e+01
1.035612487792968750e+01
1.033003902435302734e+01
1.035068893432617188e+01
1.032586383819580078e+01
1.028251457214355469e+01
1.029643821716308594e+01
1.033571529388427734e+01
1.029984092712402344e+01
1.031244564056396484e+01
1.034198284149169922e+01
1.035708045959472656e+01
1.033812713623046875e+01
1.034771633148193359e+01
1.034602451324462891e+01
1.039548587799072266e+01
1.033606624603271484e+01
1.029053306579589844e+01
1.033156013488769531e+01
1.025153732299804688e+01
1.037499713897705078e+01
1.031546401977539062e+01
1.034401893615722656e+01
1.033400344848632812e+01
1.033675289154052734e+01
1.031818675994873047e+01
1.034771919250488281e+01
1.037874221801757812e+01
1.033120632171630859e+01
1.037850570678710938e+01
1.036692237854003906e+01
1.033706951141357422e+01
1.030250740051269531e+01
1.031089115142822266e+01
1.036448478698730469e+01
1.029695606231689453e+01
1.033260536193847656e+01
1.033680343627929688e+01
1.029139041900634766e+01
1.035577201843261719e+01
1.031722545623779297e+01
1.037216091156005859e+01
1.033745956420898438e+01
1.032099723815917969e+01
1.030705738067626953e+01
1.035476207733154297e+01
1.031570720672607422e+01
1.027752685546875000e+01
1.034773540496826172e+01
1.034105682373046875e+01
1.030866909027099609e+01
1.033504962921142578e+01
1.030925369262695312e+01
1.032472515106201172e+01
1.028993511199951172e+01
1.029630279541015625e+01
1.029575824737548828e+01
1.035085678100585938e+01
1.028015518188476562e+01
1.034375286102294922e+01
1.026335144042968750e+01
1.033209991455078125e+01
1.029899311065673828e+01
1.032764053344726562e+01
1.033241653442382812e+01
1.035058498382568359e+01
1.032006168365478516e+01
1.033979892730712891e+01
1.032922840118408203e+01
1.031516265869140625e+01
1.030270195007324219e+01
1.037336921691894531e+01
1.032992553710937500e+01
1.031504344940185547e+01
1.031111621856689453e+01
1.037601470947265625e+01
1.035789680480957031e+01
1.031085109710693359e+01
1.033492088317871094e+01
1.029043483734130859e+01
1.030872917175292969e+01
1.031026458740234375e+01
1.030457973480224609e+01
1.033627986907958984e+01
1.030755043029785156e+01
1.029653167724609375e+01
1.030629920959472656e+01
1.026896286010742188e+01
1.032429504394531250e+01
1.031887340545654297e+01
1.037302684783935547e+01
1.027516365051269531e+01
1.030786228179931641e+01
1.038397598266601562e+01
1.029187393188476562e+01
1.030615997314453125e+01
1.032044506072998047e+01
1.025979137420654297e+01
1.034240245819091797e+01
1.035757923126220703e+01
1.029504013061523438e+01
1.036572551727294922e+01
1.032179737091064453e+01
1.037523269653320312e+01
1.036289215087890625e+01
1.028664207458496094e+01
1.025664424896240234e+01
1.031335830688476562e+01
1.029342842102050781e+01
1.036305046081542969e+01
1.030940532684326172e+01
1.027484798431396484e+01
1.028455543518066406e+01
1.033286190032958984e+01
1.033230304718017578e+01
1.038861942291259766e+01
1.029898548126220703e+01
1.029635715484619141e+01
1.029072761535644531e+01
1.028352832794189453e+01
1.027647113800048828e+01
1.035481166839599609e+01
1.036249828338623047e+01
1.032581710815429688e+01
1.027746009826660156e+01
1.029591655731201172e+01
1.025511455535888672e+01
1.032845973968505859e+01
1.031371307373046875e+01
1.039436626434326172e+01
1.037982463836669922e+01
1.033599758148193359e+01
1.034195804595947266e+01
1.033267211914062500e+01
1.030744838714599609e+01
1.035515213012695312e+01
1.032817077636718750e+01
1.033078289031982422e+01
1.030698966979980469e+01
1.034320926666259766e+01
1.035812759399414062e+01
1.036719894409179688e+01
1.032055377960205078e+01
1.029605579376220703e+01
1.037219429016113281e+01
1.030051612854003906e+01
1.032997894287109375e+01
1.035314846038818359e+01
1.030984592437744141e+01
1.033954238891601562e+01
1.033184909820556641e+01
1.030354022979736328e+01
1.031219387054443359e+01
1.033485412597656250e+01
1.030364704132080078e+01
1.037579631805419922e+01
1.029191780090332031e+01
1.031957530975341797e+01
1.030042648315429688e+01
1.027338790893554688e+01
1.028580665588378906e+01
1.032832527160644531e+01
1.037672042846679688e+01
1.032598781585693359e+01
1.031229972839355469e+01
1.032641696929931641e+01
1.036073589324951172e+01
1.033278846740722656e+01
1.038098621368408203e+01
1.032963180541992188e+01
1.032877635955810547e+01
1.030173301696777344e+01
1.030711650848388672e+01
1.039702033996582031e+01
1.031471061706542969e+01
1.029195785522460938e+01
1.029065990447998047e+01
1.038625717163085938e+01
1.037485790252685547e+01
1.030853748321533203e+01
1.037996482849121094e+01
1.033592510223388672e+01
1.037238121032714844e+01
1.036353588104248047e+01
1.031016826629638672e+01
1.031850147247314453e+01
1.034348011016845703e+01
1.039448928833007812e+01
1.032928562164306641e+01
1.037032222747802734e+01
1.034798049926757812e+01
1.036269283294677734e+01
1.032712173461914062e+01
1.038374710083007812e+01
1.032250118255615234e+01
1.030039787292480469e+01
1.034750270843505859e+01
1.032994270324707031e+01
1.031339454650878906e+01
1.031115341186523438e+01
1.031913471221923828e+01
1.032619953155517578e+01
1.031603431701660156e+01
1.035055732727050781e+01
1.036240673065185547e+01
1.034713363647460938e+01
1.030305957794189453e+01
1.034615421295166016e+01
1.028619956970214844e+01
1.025142288208007812e+01
1.034338951110839844e+01
1.028772830963134766e+01
1.034136867523193359e+01
1.035343647003173828e+01
1.028096771240234375e+01
1.032816123962402344e+01
1.036466598510742188e+01
1.034524154663085938e+01
1.035439491271972656e+01
1.029154109954833984e+01
1.027944183349609375e+01
1.031489086151123047e+01
1.032291507720947266e+01
1.031579494476318359e+01
1.034129142761230469e+01
1.037946701049804688e+01
1.035752964019775391e+01
1.029702377319335938e+01
1.030400371551513672e+01
1.037032794952392578e+01
1.033288288116455078e+01
1.030766010284423828e+01
1.032991790771484375e+01
1.029488468170166016e+01
1.033885002136230469e+01
1.036873149871826172e+01
1.033889579772949219e+01
1.029453182220458984e+01
1.030181121826171875e+01
1.037648868560791016e+01
1.034565067291259766e+01
1.025634860992431641e+01
1.032012844085693359e+01
1.034151363372802734e+01
1.029399108886718750e+01
1.027498245239257812e+01
1.033583450317382812e+01
1.029015827178955078e+01
1.032054710388183594e+01
1.031853199005126953e+01
1.031687450408935547e+01
1.028608417510986328e+01
1.027908229827880859e+01
1.032166004180908203e+01
1.029176807403564453e+01
1.025770854949951172e+01
1.033459377288818359e+01
1.036333084106445312e+01
1.038815879821777344e+01
1.036102199554443359e+01
1.026925563812255859e+01
1.036197566986083984e+01
1.028984642028808594e+01
1.027438354492187500e+01
1.026933860778808594e+01
1.030728816986083984e+01
1.027796459197998047e+01
1.033051300048828125e+01
1.030293846130371094e+01
1.031273174285888672e+01
1.031374835968017578e+01
1.031876182556152344e+01
1.028610515594482422e+01
1.032538414001464844e+01
1.028646373748779297e+01
1.035487842559814453e+01
1.028956699371337891e+01
1.032397270202636719e+01
1.032049751281738281e+01
1.037948608398437500e+01
1.033569431304931641e+01
1.035918426513671875e+01
1.027606582641601562e+01
1.033131027221679688e+01
1.030631256103515625e+01
1.027094650268554688e+01
1.034388637542724609e+01
1.028112316131591797e+01
1.032537174224853516e+01
1.030122089385986328e+01
1.034980583190917969e+01
1.034034061431884766e+01
1.029056835174560547e+01
1.034571361541748047e+01
1.039360332489013672e+01
1.033061504364013672e+01
1.029741382598876953e+01
1.036941909790039062e+01
1.032194423675537109e+01
1.028818511962890625e+01
1.033865737915039062e+01
1.036830234527587891e+01
1.029751968383789062e+01
1.031528472900390625e+01
1.034553718566894531e+01
1.035000038146972656e+01
1.035569858551025391e+01
1.031925106048583984e+01
1.029867744445800781e+01
1.029242992401123047e+01
1.035482978820800781e+01
1.034872817993164062e+01
1.033355522155761719e+01
1.038918685913085938e+01
1.028040122985839844e+01
1.035916900634765625e+01
1.027810192108154297e+01
1.035346317291259766e+01
1.037059688568115234e+01
1.026491737365722656e+01
1.029293441772460938e+01
1.033531570434570312e+01
1.030440235137939453e+01
1.033496761322021484e+01
1.031308364868164062e+01
1.035666275024414062e+01
1.025906753540039062e+01
1.028241348266601562e+01
1.031475830078125000e+01
1.035713958740234375e+01
1.026665782928466797e+01
1.032129955291748047e+01
1.025296878814697266e+01
1.036037063598632812e+01
1.032006454467773438e+01
1.034783840179443359e+01
1.036901569366455078e+01
1.031441593170166016e+01
1.029261302947998047e+01
1.034025192260742188e+01
1.038998508453369141e+01
1.027420520782470703e+01
1.028209400177001953e+01
1.033774375915527344e+01
1.027139282226562500e+01
1.039085388183593750e+01
1.032907867431640625e+01
1.033094120025634766e+01
1.033759975433349609e+01
1.030227375030517578e+01
1.034315299987792969e+01
1.033697032928466797e+01
1.031411743164062500e+01
1.034131336212158203e+01
1.034828948974609375e+01
1.038192081451416016e+01
1.035577297210693359e+01
1.026775264739990234e+01
1.032567787170410156e+01
1.032661819458007812e+01
1.034766006469726562e+01
1.027268123626708984e+01
1.028030681610107422e+01
1.034185791015625000e+01
1.033699989318847656e+01
1.027639198303222656e+01
1.033779716491699219e+01
1.028434371948242188e+01
1.029262924194335938e+01
1.034787750244140625e+01
1.030160427093505859e+01
1.026788997650146484e+01
1.037701511383056641e+01
1.029827785491943359e+01
1.028413009643554688e+01
1.023503303527832031e+01
1.030679512023925781e+01
1.035701465606689453e+01
1.026956176757812500e+01
1.037194061279296875e+01
1.030510234832763672e+01
1.029441165924072266e+01
1.027927875518798828e+01
1.028002452850341797e+01
1.038455772399902344e+01
1.030554676055908203e+01
1.025145053863525391e+01
1.032502079010009766e+01
1.035095500946044922e+01
1.030273151397705078e+01
1.032793521881103516e+01
1.038327217102050781e+01
1.032756805419921875e+01
1.032114791870117188e+01
1.033338928222656250e+01
1.034880733489990234e+01
1.027263450622558594e+01
1.032725429534912109e+01
1.033296203613281250e+01
1.034525966644287109e+01
1.033476161956787109e+01
1.025629520416259766e+01
1.029058551788330078e+01
1.033308506011962891e+01
1.031117343902587891e+01
1.035562896728515625e+01
1.030757045745849609e+01
1.034937763214111328e+01
1.031920814514160156e+01
1.034386539459228516e+01
1.031401824951171875e+01
1.037078857421875000e+01
1.030404186248779297e+01
1.033286952972412109e+01
1.026133441925048828e+01
1.028121566772460938e+01
1.032557582855224609e+01
1.030725479125976562e+01
1.028869819641113281e+01
1.034092330932617188e+01
1.031206130981445312e+01
1.031865310668945312e+01
1.030266284942626953e+01
1.032084560394287109e+01
1.033483982086181641e+01
1.032095432281494141e+01
1.031381511688232422e+01
1.035662937164306641e+01
1.028342628479003906e+01
1.025140857696533203e+01
1.035775470733642578e+01
1.030199432373046875e+01
1.033152389526367188e+01
1.038658428192138672e+01
1.031543445587158203e+01
1.033929824829101562e+01
1.025835227966308594e+01
1.033778381347656250e+01
1.033550739288330078e+01
1.030049610137939453e+01
1.027169227600097656e+01
1.029639148712158203e+01
1.035223007202148438e+01
1.035255432128906250e+01
1.024893569946289062e+01
1.033190631866455078e+01
1.027543640136718750e+01
1.035200786590576172e+01
1.035330486297607422e+01
1.036958599090576172e+01
1.021882534027099609e+01
1.030953884124755859e+01
1.028539657592773438e+01
1.033242607116699219e+01
1.036219692230224609e+01
1.031119441986083984e+01
1.028625106811523438e+01
1.034875583648681641e+01
1.031907749176025391e+01
1.032919502258300781e+01
1.027589035034179688e+01
1.034017467498779297e+01
1.030034732818603516e+01
1.032891559600830078e+01
1.032600879669189453e+01
1.033958625793457031e+01
1.031908130645751953e+01
1.029205608367919922e+01
1.026667976379394531e+01
1.029125213623046875e+01
1.035086536407470703e+01
1.029689788818359375e+01
1.025093936920166016e+01
1.034460067749023438e+01
1.031094455718994141e+01
1.033560085296630859e+01
1.037852382659912109e+01
1.035321998596191406e+01
1.029148769378662109e+01
1.031717395782470703e+01
1.032020282745361328e+01
1.032969856262207031e+01
1.035770320892333984e+01
1.032974338531494141e+01
1.029377460479736328e+01
1.029363536834716797e+01
1.031462860107421875e+01
1.028028964996337891e+01
1.024319267272949219e+01
1.036683750152587891e+01
1.034044170379638672e+01
1.022803306579589844e+01
1.029528903961181641e+01
1.015587615966796875e+01
1.035035800933837891e+01
1.029916381835937500e+01
1.036665058135986328e+01
1.036081314086914062e+01
1.033368492126464844e+01
1.030509853363037109e+01
1.036378955841064453e+01
1.029560756683349609e+01
1.035272693634033203e+01
1.033619689941406250e+01
1.030722332000732422e+01
1.033052825927734375e+01
1.031396961212158203e+01
1.034624958038330078e+01
1.026928997039794922e+01
1.027339649200439453e+01
1.034134292602539062e+01
1.036300182342529297e+01
1.028815174102783203e+01
1.037164878845214844e+01
1.034084129333496094e+01
1.034185695648193359e+01
1.029018306732177734e+01
1.037518882751464844e+01
1.038351154327392578e+01
1.036763763427734375e+01
1.026752662658691406e+01
1.030235862731933594e+01
1.037419986724853516e+01
1.037271595001220703e+01
1.034334945678710938e+01
1.032905578613281250e+01
1.034631919860839844e+01
1.033735275268554688e+01
1.034129810333251953e+01
1.033976173400878906e+01
1.032774066925048828e+01
1.036583137512207031e+01
1.032675743103027344e+01
1.029203033447265625e+01
1.036138153076171875e+01
1.029921817779541016e+01
1.032808399200439453e+01
1.034433460235595703e+01
1.033108615875244141e+01
1.037017631530761719e+01
1.032136249542236328e+01
1.035803222656250000e+01
1.030410099029541016e+01
1.033265018463134766e+01
1.030877304077148438e+01
1.038180065155029297e+01
1.034210586547851562e+01
1.031668376922607422e+01
1.035099887847900391e+01
1.035959625244140625e+01
1.037125873565673828e+01
1.028846645355224609e+01
1.034034061431884766e+01
1.028719329833984375e+01
1.033576488494873047e+01
1.032792854309082031e+01
1.033298873901367188e+01
1.029317760467529297e+01
1.032800674438476562e+01
1.029903411865234375e+01
1.037264633178710938e+01
1.028106689453125000e+01
1.034048461914062500e+01
1.032112693786621094e+01
1.026976490020751953e+01
1.032235527038574219e+01
1.028592300415039062e+01
1.031363296508789062e+01
1.030596828460693359e+01
1.031331348419189453e+01
1.036336803436279297e+01
1.035384368896484375e+01
1.030423545837402344e+01
1.034356403350830078e+01
1.027814960479736328e+01
1.033734798431396484e+01
1.031920623779296875e+01
1.029903125762939453e+01
1.036677837371826172e+01
1.037964820861816406e+01
1.033832550048828125e+01
1.034262943267822266e+01
1.035777854919433594e+01
1.023059272766113281e+01
1.029815673828125000e+01
1.033331298828125000e+01
1.029924869537353516e+01
1.036600208282470703e+01
1.027468395233154297e+01
1.034893417358398438e+01
1.032381439208984375e+01
1.030082702636718750e+01
1.031920528411865234e+01
1.031319046020507812e+01
1.027303791046142578e+01
1.035433197021484375e+01
1.034347629547119141e+01
1.033985424041748047e+01
1.030269050598144531e+01
1.031686782836914062e+01
1.032843208312988281e+01
1.031843566894531250e+01
1.043193626403808594e+01
1.032495975494384766e+01
1.033071327209472656e+01
1.027789974212646484e+01
1.030713367462158203e+01
1.030306434631347656e+01
1.029757308959960938e+01
1.033433341979980469e+01
1.030723953247070312e+01
1.036832427978515625e+01
1.028615093231201172e+01
1.029955101013183594e+01
1.035275363922119141e+01
1.029603767395019531e+01
1.030144882202148438e+01
1.026519393920898438e+01
1.038241386413574219e+01
1.032896709442138672e+01
1.032064151763916016e+01
1.030307197570800781e+01
1.031164264678955078e+01
1.036167144775390625e+01
1.034658908843994141e+01
1.032373142242431641e+01
1.033300113677978516e+01
1.024963474273681641e+01
1.030125045776367188e+01
1.022868251800537109e+01
1.031453704833984375e+01
1.033436679840087891e+01
1.036278057098388672e+01
1.031891822814941406e+01
1.025434875488281250e+01
1.033932209014892578e+01
1.033613967895507812e+01
1.031170845031738281e+01
1.032632732391357422e+01
1.032825183868408203e+01
1.030803871154785156e+01
1.029472446441650391e+01
1.029122257232666016e+01
1.030675792694091797e+01
1.038213920593261719e+01
1.032412242889404297e+01
1.034187316894531250e+01
1.034351444244384766e+01
1.029591178894042969e+01
