9.506687011718750000e+02
8.358424072265625000e+02
7.235438842773437500e+02
7.623114624023437500e+02
6.216862792968750000e+02
6.743198852539062500e+02
7.523175659179687500e+02
9.583629760742187500e+02
7.681341552734375000e+02
7.894321289062500000e+02
8.348899536132812500e+02
5.908967895507812500e+02
8.273400268554687500e+02
8.813273925781250000e+02
5.933314819335937500e+02
9.247673950195312500e+02
6.382985839843750000e+02
7.118450927734375000e+02
8.048534545898437500e+02
7.197054443359375000e+02
9.762261352539062500e+02
7.645012207031250000e+02
7.907204589843750000e+02
6.874915771484375000e+02
8.207286987304687500e+02
8.638411254882812500e+02
7.408032226562500000e+02
8.609296875000000000e+02
5.348863525390625000e+02
6.853750610351562500e+02
6.982185668945312500e+02
8.205914306640625000e+02
8.836042480468750000e+02
8.210045166015625000e+02
8.838974609375000000e+02
9.189144897460937500e+02
8.700775146484375000e+02
6.066560058593750000e+02
9.660288696289062500e+02
8.048249511718750000e+02
8.213873291015625000e+02
6.421452636718750000e+02
9.068112792968750000e+02
8.359846191406250000e+02
8.398791503906250000e+02
8.195714111328125000e+02
7.470037231445312500e+02
9.097288818359375000e+02
5.810890502929687500e+02
8.212841186523437500e+02
8.315385742187500000e+02
9.328455200195312500e+02
5.780089721679687500e+02
8.573582153320312500e+02
7.611107177734375000e+02
6.354815673828125000e+02
8.191298828125000000e+02
8.966538085937500000e+02
6.761300659179687500e+02
7.287111816406250000e+02
6.900843505859375000e+02
8.541282958984375000e+02
7.743491210937500000e+02
8.451622924804687500e+02
6.494264526367187500e+02
5.208175659179687500e+02
9.329036865234375000e+02
7.786835327148437500e+02
7.747239990234375000e+02
9.480331420898437500e+02
7.009182128906250000e+02
9.143395996093750000e+02
7.040916137695312500e+02
6.956575927734375000e+02
7.767481689453125000e+02
7.276696777343750000e+02
7.714295043945312500e+02
7.386291503906250000e+02
6.610277099609375000e+02
5.757496948242187500e+02
8.129149169921875000e+02
7.585218505859375000e+02
8.339160156250000000e+02
7.269433593750000000e+02
7.502276000976562500e+02
7.891496582031250000e+02
6.332272338867187500e+02
6.653395385742187500e+02
6.900572509765625000e+02
7.288472290039062500e+02
7.836609497070312500e+02
9.093880615234375000e+02
6.005332641601562500e+02
8.515951538085937500e+02
8.357328491210937500e+02
8.639830932617187500e+02
8.748767089843750000e+02
8.815151367187500000e+02
9.724791870117187500e+02
8.369509277343750000e+02
6.467480468750000000e+02
7.036340332031250000e+02
7.780753173828125000e+02
8.645138549804687500e+02
8.716648559570312500e+02
6.894421386718750000e+02
8.280322875976562500e+02
5.904730834960937500e+02
5.672436523437500000e+02
1.043733520507812500e+03
4.775941162109375000e+02
8.586928100585937500e+02
7.737636718750000000e+02
6.465936279296875000e+02
7.011047973632812500e+02
6.963046875000000000e+02
5.503519897460937500e+02
7.376751708984375000e+02
7.772208862304687500e+02
6.052589111328125000e+02
7.899592895507812500e+02
8.615976562500000000e+02
6.682190551757812500e+02
6.611933593750000000e+02
4.812923889160156250e+02
6.925599975585937500e+02
8.431610717773437500e+02
8.064695434570312500e+02
6.898176879882812500e+02
7.552679443359375000e+02
8.165365600585937500e+02
7.725288696289062500e+02
8.829168701171875000e+02
5.789031372070312500e+02
7.916634521484375000e+02
8.439281616210937500e+02
8.536875610351562500e+02
7.473176879882812500e+02
7.361826171875000000e+02
7.424344482421875000e+02
6.978612060546875000e+02
5.130809936523437500e+02
8.608605957031250000e+02
5.467888183593750000e+02
7.321555786132812500e+02
8.553804931640625000e+02
6.960911254882812500e+02
7.987234497070312500e+02
7.431178588867187500e+02
7.384648437500000000e+02
8.131999511718750000e+02
6.956856079101562500e+02
8.334833984375000000e+02
7.805341796875000000e+02
9.095413208007812500e+02
8.654412231445312500e+02
7.192019653320312500e+02
6.957506713867187500e+02
8.743224487304687500e+02
8.676508789062500000e+02
8.292604370117187500e+02
5.161625976562500000e+02
7.014676513671875000e+02
6.377739868164062500e+02
7.802329711914062500e+02
8.031052856445312500e+02
6.283685302734375000e+02
8.989433593750000000e+02
7.427552490234375000e+02
7.538267211914062500e+02
6.820285644531250000e+02
8.875890502929687500e+02
7.517429199218750000e+02
6.552904663085937500e+02
6.948899536132812500e+02
6.568847656250000000e+02
5.557102050781250000e+02
6.752008056640625000e+02
8.291915283203125000e+02
7.522434082031250000e+02
8.555024414062500000e+02
7.926685791015625000e+02
8.252545166015625000e+02
5.831270141601562500e+02
6.064664916992187500e+02
5.931322631835937500e+02
7.706672973632812500e+02
7.266846313476562500e+02
6.709343872070312500e+02
8.165314331054687500e+02
7.365769042968750000e+02
8.786954956054687500e+02
7.258028564453125000e+02
5.766338500976562500e+02
8.019319458007812500e+02
8.241515502929687500e+02
7.123106689453125000e+02
8.120862426757812500e+02
8.019510498046875000e+02
6.524384765625000000e+02
8.651798095703125000e+02
9.104815063476562500e+02
8.546804199218750000e+02
7.198677978515625000e+02
6.712299804687500000e+02
6.284415283203125000e+02
6.411448974609375000e+02
7.015721435546875000e+02
7.879655151367187500e+02
6.971881713867187500e+02
7.257332153320312500e+02
6.847949218750000000e+02
6.957698364257812500e+02
8.461419677734375000e+02
6.234219360351562500e+02
8.357528076171875000e+02
7.387323608398437500e+02
7.865101318359375000e+02
7.820925292968750000e+02
7.557700805664062500e+02
7.421690673828125000e+02
7.492440185546875000e+02
6.773346557617187500e+02
6.226954345703125000e+02
6.207614746093750000e+02
8.202266845703125000e+02
6.294739990234375000e+02
4.675925598144531250e+02
7.744776611328125000e+02
6.989896240234375000e+02
6.677184448242187500e+02
7.766779174804687500e+02
8.291009521484375000e+02
8.218030395507812500e+02
7.500898437500000000e+02
8.191600952148437500e+02
5.258440551757812500e+02
7.480671997070312500e+02
7.681264648437500000e+02
8.325424804687500000e+02
7.022481079101562500e+02
7.099713745117187500e+02
7.813729858398437500e+02
9.037020874023437500e+02
7.969943237304687500e+02
9.001181030273437500e+02
8.881681518554687500e+02
8.989628906250000000e+02
7.131509399414062500e+02
5.862152099609375000e+02
7.302458496093750000e+02
5.738795776367187500e+02
6.926240234375000000e+02
7.765527343750000000e+02
6.325199584960937500e+02
6.461797485351562500e+02
7.847518920898437500e+02
7.295184326171875000e+02
8.188877563476562500e+02
8.436980590820312500e+02
7.569755249023437500e+02
8.104119262695312500e+02
8.987789916992187500e+02
7.655920410156250000e+02
5.593743286132812500e+02
9.119874877929687500e+02
6.475322875976562500e+02
8.010411987304687500e+02
6.170955200195312500e+02
5.465736694335937500e+02
6.598070068359375000e+02
7.870770263671875000e+02
7.252585449218750000e+02
7.954578247070312500e+02
6.240988769531250000e+02
6.578273315429687500e+02
9.001536254882812500e+02
8.456425170898437500e+02
6.101739501953125000e+02
7.664066162109375000e+02
7.744030761718750000e+02
7.465407104492187500e+02
8.917663574218750000e+02
6.232640991210937500e+02
5.615479736328125000e+02
8.944770507812500000e+02
8.535567016601562500e+02
8.055046386718750000e+02
7.650337524414062500e+02
5.417479858398437500e+02
6.852018432617187500e+02
9.328201904296875000e+02
7.885816650390625000e+02
8.386628417968750000e+02
9.321650390625000000e+02
9.075863037109375000e+02
8.330418090820312500e+02
7.596983642578125000e+02
7.945863647460937500e+02
8.309169921875000000e+02
1.016357116699218750e+03
8.785555419921875000e+02
7.113253173828125000e+02
5.608448486328125000e+02
7.052398071289062500e+02
6.424603881835937500e+02
7.880612792968750000e+02
6.763264160156250000e+02
9.409584960937500000e+02
7.787969360351562500e+02
8.437138671875000000e+02
9.072662963867187500e+02
7.848876953125000000e+02
5.970067138671875000e+02
8.922610473632812500e+02
8.355314941406250000e+02
8.674628295898437500e+02
6.776408081054687500e+02
1.033049560546875000e+03
7.759746093750000000e+02
7.712098999023437500e+02
6.176647338867187500e+02
9.607563476562500000e+02
7.539642944335937500e+02
6.999274291992187500e+02
5.261828613281250000e+02
6.934282226562500000e+02
6.531171875000000000e+02
9.132864990234375000e+02
7.297415771484375000e+02
5.793548583984375000e+02
8.533594360351562500e+02
7.084602661132812500e+02
7.457795410156250000e+02
7.675515136718750000e+02
8.565106201171875000e+02
8.535695190429687500e+02
9.504326782226562500e+02
9.024608764648437500e+02
9.746491699218750000e+02
7.281483154296875000e+02
8.753451538085937500e+02
8.378435668945312500e+02
8.421522827148437500e+02
7.736959838867187500e+02
8.532162475585937500e+02
7.745326538085937500e+02
1.011487670898437500e+03
7.926108398437500000e+02
8.049990844726562500e+02
8.085010986328125000e+02
9.178902587890625000e+02
8.179185180664062500e+02
7.306144409179687500e+02
8.666530761718750000e+02
7.835175781250000000e+02
9.984165649414062500e+02
7.949010009765625000e+02
7.674722290039062500e+02
8.261627807617187500e+02
8.527261352539062500e+02
8.786257324218750000e+02
6.230237426757812500e+02
6.101807250976562500e+02
8.459976806640625000e+02
6.570134887695312500e+02
9.446310424804687500e+02
6.701766967773437500e+02
9.610827026367187500e+02
8.758906860351562500e+02
7.330840454101562500e+02
8.579334106445312500e+02
7.062214965820312500e+02
8.754645385742187500e+02
8.120662841796875000e+02
5.949415283203125000e+02
6.611473999023437500e+02
9.797943725585937500e+02
7.824879760742187500e+02
7.680504150390625000e+02
7.814046020507812500e+02
7.218637695312500000e+02
8.387308959960937500e+02
7.549168701171875000e+02
6.567957763671875000e+02
8.258563842773437500e+02
7.601139526367187500e+02
7.660808715820312500e+02
7.092612304687500000e+02
7.345330810546875000e+02
7.699138183593750000e+02
7.234374389648437500e+02
5.021079406738281250e+02
7.019417114257812500e+02
7.111594238281250000e+02
6.155842285156250000e+02
6.119929809570312500e+02
8.360547485351562500e+02
9.515656127929687500e+02
5.552453613281250000e+02
6.803836669921875000e+02
9.272640991210937500e+02
5.648944702148437500e+02
8.212648315429687500e+02
8.947058105468750000e+02
8.226154785156250000e+02
8.114712524414062500e+02
8.357517089843750000e+02
8.025161132812500000e+02
8.970242919921875000e+02
9.170811157226562500e+02
9.691240234375000000e+02
7.131019287109375000e+02
8.645337524414062500e+02
7.404779663085937500e+02
7.757670898437500000e+02
8.228493652343750000e+02
8.130925903320312500e+02
8.429291381835937500e+02
8.009577026367187500e+02
8.438527832031250000e+02
8.995187377929687500e+02
8.727387084960937500e+02
7.974629516601562500e+02
4.765151062011718750e+02
8.487440795898437500e+02
8.998379516601562500e+02
7.423012084960937500e+02
6.968481445312500000e+02
9.509874877929687500e+02
9.905422363281250000e+02
7.296138305664062500e+02
8.747034301757812500e+02
9.121545410156250000e+02
7.656384887695312500e+02
8.223955688476562500e+02
9.490498657226562500e+02
8.011359252929687500e+02
7.295003662109375000e+02
4.754880676269531250e+02
7.511895141601562500e+02
8.276544799804687500e+02
8.218427124023437500e+02
7.031537475585937500e+02
7.157408447265625000e+02
8.239461669921875000e+02
8.196503295898437500e+02
6.071219482421875000e+02
6.403228149414062500e+02
6.591038208007812500e+02
6.642441406250000000e+02
7.223399658203125000e+02
5.416267089843750000e+02
7.787974853515625000e+02
7.515679931640625000e+02
4.602194519042968750e+02
6.792636108398437500e+02
9.154069213867187500e+02
9.544743041992187500e+02
8.516589965820312500e+02
6.144033813476562500e+02
6.515774536132812500e+02
6.640557250976562500e+02
8.987213134765625000e+02
8.898056030273437500e+02
6.459107666015625000e+02
6.698389282226562500e+02
5.868156127929687500e+02
8.331489868164062500e+02
8.737504882812500000e+02
7.901395263671875000e+02
8.471242065429687500e+02
8.219698486328125000e+02
8.082449340820312500e+02
6.954447631835937500e+02
8.765114746093750000e+02
9.582919921875000000e+02
6.590658569335937500e+02
6.461898193359375000e+02
7.722774047851562500e+02
7.498784179687500000e+02
8.069500732421875000e+02
5.844227294921875000e+02
8.182856445312500000e+02
6.423757324218750000e+02
8.700996093750000000e+02
7.606537475585937500e+02
8.265904541015625000e+02
7.814201660156250000e+02
8.275944213867187500e+02
7.302434082031250000e+02
9.794895019531250000e+02
8.334003295898437500e+02
6.046512451171875000e+02
9.330773925781250000e+02
7.464790649414062500e+02
9.058782348632812500e+02
9.313830566406250000e+02
6.832379760742187500e+02
8.149938354492187500e+02
7.475820312500000000e+02
8.254844360351562500e+02
8.170247802734375000e+02
6.957567749023437500e+02
7.409618530273437500e+02
5.934642944335937500e+02
6.304529418945312500e+02
8.543176269531250000e+02
6.865726928710937500e+02
8.403558959960937500e+02
8.015655517578125000e+02
7.262672729492187500e+02
5.677376708984375000e+02
8.724104614257812500e+02
6.631338500976562500e+02
7.026636962890625000e+02
7.629120483398437500e+02
6.491012573242187500e+02
7.657293701171875000e+02
8.793217773437500000e+02
6.616814575195312500e+02
8.840061035156250000e+02
8.725594482421875000e+02
7.034204101562500000e+02
9.000686645507812500e+02
7.488455200195312500e+02
8.807257080078125000e+02
7.430834350585937500e+02
7.113435668945312500e+02
7.738635864257812500e+02
6.060432739257812500e+02
7.633612060546875000e+02
7.348479614257812500e+02
8.956980590820312500e+02
7.739925537109375000e+02
6.866590576171875000e+02
6.188908081054687500e+02
7.589591674804687500e+02
8.183744506835937500e+02
7.893150634765625000e+02
8.027784423828125000e+02
6.718988037109375000e+02
5.739818115234375000e+02
9.450572509765625000e+02
7.294618530273437500e+02
7.861929321289062500e+02
7.844951171875000000e+02
6.492363281250000000e+02
9.228195800781250000e+02
7.960698242187500000e+02
6.957429809570312500e+02
7.988793945312500000e+02
7.467313842773437500e+02
6.904531860351562500e+02
8.351589965820312500e+02
8.628381958007812500e+02
9.381804809570312500e+02
7.783103637695312500e+02
7.674495239257812500e+02
8.417899169921875000e+02
7.678906250000000000e+02
8.217689819335937500e+02
6.407409057617187500e+02
8.160867919921875000e+02
8.969887695312500000e+02
9.417910766601562500e+02
6.405253906250000000e+02
9.268059692382812500e+02
9.182312011718750000e+02
8.056987915039062500e+02
7.691401367187500000e+02
8.961049194335937500e+02
7.373001098632812500e+02
7.395859375000000000e+02
7.054335937500000000e+02
7.801671142578125000e+02
9.123962402343750000e+02
7.503772583007812500e+02
7.859836425781250000e+02
8.871652221679687500e+02
6.105701293945312500e+02
7.886524047851562500e+02
6.727685546875000000e+02
7.296762695312500000e+02
9.416556396484375000e+02
7.837828369140625000e+02
4.797397155761718750e+02
7.649081420898437500e+02
7.947240600585937500e+02
9.498584594726562500e+02
8.724865722656250000e+02
6.816584472656250000e+02
7.754830932617187500e+02
8.135292968750000000e+02
9.415042724609375000e+02
6.421675415039062500e+02
7.484492187500000000e+02
9.580563354492187500e+02
7.421310424804687500e+02
8.594729614257812500e+02
6.865528564453125000e+02
7.834558105468750000e+02
7.586897583007812500e+02
6.118505249023437500e+02
5.767253417968750000e+02
9.821663818359375000e+02
7.250267333984375000e+02
7.244147338867187500e+02
8.932167358398437500e+02
8.255493774414062500e+02
5.385838623046875000e+02
9.003601074218750000e+02
8.847229614257812500e+02
6.812008666992187500e+02
8.815941772460937500e+02
8.272891235351562500e+02
8.287246093750000000e+02
7.782890014648437500e+02
7.301074218750000000e+02
7.250635986328125000e+02
9.273724365234375000e+02
9.154192504882812500e+02
8.385568237304687500e+02
7.461671752929687500e+02
6.981328735351562500e+02
6.142299804687500000e+02
7.419749145507812500e+02
8.372759399414062500e+02
6.704591674804687500e+02
7.733813476562500000e+02
7.338300781250000000e+02
6.884608154296875000e+02
7.582416992187500000e+02
7.553508300781250000e+02
7.783139038085937500e+02
6.157736206054687500e+02
6.853411865234375000e+02
8.344464111328125000e+02
8.628148803710937500e+02
6.503766479492187500e+02
5.104711303710937500e+02
1.022259826660156250e+03
8.745939331054687500e+02
6.807211914062500000e+02
7.939310302734375000e+02
7.887329101562500000e+02
6.985659179687500000e+02
7.862368164062500000e+02
4.351963806152343750e+02
7.846992187500000000e+02
8.261312866210937500e+02
1.072651000976562500e+03
9.004999389648437500e+02
8.880262451171875000e+02
6.282471313476562500e+02
8.762885742187500000e+02
7.956570434570312500e+02
6.956925659179687500e+02
8.559143066406250000e+02
6.932348632812500000e+02
8.385909423828125000e+02
8.994454345703125000e+02
8.605447387695312500e+02
8.550875244140625000e+02
5.788161621093750000e+02
7.940507202148437500e+02
6.933242797851562500e+02
7.816776123046875000e+02
7.788882446289062500e+02
8.598188476562500000e+02
8.804470825195312500e+02
5.771822509765625000e+02
7.472341308593750000e+02
8.539325561523437500e+02
5.897913818359375000e+02
7.522761840820312500e+02
7.848036499023437500e+02
6.542177124023437500e+02
8.000291748046875000e+02
9.188727416992187500e+02
9.929515380859375000e+02
8.214019775390625000e+02
8.030258789062500000e+02
7.618966674804687500e+02
6.158361816406250000e+02
9.470957641601562500e+02
7.912764892578125000e+02
7.479951782226562500e+02
5.834066162109375000e+02
8.622713623046875000e+02
6.441943359375000000e+02
8.751906127929687500e+02
8.784568481445312500e+02
6.444025268554687500e+02
7.684294433593750000e+02
8.470640258789062500e+02
7.744637451171875000e+02
7.262253417968750000e+02
6.147456054687500000e+02
7.871780395507812500e+02
7.207140502929687500e+02
8.033549804687500000e+02
7.297911376953125000e+02
6.785265502929687500e+02
6.517209472656250000e+02
7.037556152343750000e+02
8.405949707031250000e+02
6.933415527343750000e+02
9.154625244140625000e+02
6.599205932617187500e+02
6.475020141601562500e+02
6.969625854492187500e+02
9.710414428710937500e+02
6.293263549804687500e+02
6.646392211914062500e+02
7.454918823242187500e+02
6.975155639648437500e+02
5.691055908203125000e+02
8.926622924804687500e+02
7.879044799804687500e+02
6.456597290039062500e+02
7.577825927734375000e+02
5.018399963378906250e+02
7.417620239257812500e+02
8.925560302734375000e+02
7.009345092773437500e+02
9.571347045898437500e+02
1.099002807617187500e+03
6.324886474609375000e+02
9.075668945312500000e+02
8.244804687500000000e+02
8.413397216796875000e+02
8.634144897460937500e+02
7.251052856445312500e+02
7.527375488281250000e+02
7.852438964843750000e+02
8.270885009765625000e+02
9.672692260742187500e+02
6.757164916992187500e+02
8.656182250976562500e+02
6.506410522460937500e+02
6.689894409179687500e+02
9.127800292968750000e+02
8.185245361328125000e+02
8.591277465820312500e+02
6.885941162109375000e+02
7.004810180664062500e+02
8.051273803710937500e+02
7.701935424804687500e+02
7.160553588867187500e+02
9.637171020507812500e+02
7.807186279296875000e+02
6.538869018554687500e+02
9.107642822265625000e+02
8.001599731445312500e+02
7.274481201171875000e+02
8.936376953125000000e+02
6.805925292968750000e+02
8.139536132812500000e+02
8.532036743164062500e+02
7.702124023437500000e+02
7.014884643554687500e+02
7.017839965820312500e+02
8.472638549804687500e+02
8.889957275390625000e+02
7.238720092773437500e+02
8.414293823242187500e+02
8.941307983398437500e+02
6.951036987304687500e+02
9.057969360351562500e+02
8.250498046875000000e+02
6.872593994140625000e+02
8.383115844726562500e+02
5.679794311523437500e+02
6.497048339843750000e+02
8.317750244140625000e+02
8.666073608398437500e+02
8.603268432617187500e+02
7.254912719726562500e+02
8.805743408203125000e+02
5.755225830078125000e+02
9.941334838867187500e+02
6.800534667968750000e+02
4.946400451660156250e+02
8.341658935546875000e+02
5.826149291992187500e+02
8.190986938476562500e+02
9.335407104492187500e+02
7.611256713867187500e+02
7.926453247070312500e+02
8.241545410156250000e+02
6.788928222656250000e+02
7.264166259765625000e+02
7.874719848632812500e+02
7.842310180664062500e+02
8.383502197265625000e+02
8.938447265625000000e+02
8.208380737304687500e+02
9.011598510742187500e+02
5.150688476562500000e+02
9.857935791015625000e+02
6.243800048828125000e+02
9.069494628906250000e+02
6.956776123046875000e+02
8.583325195312500000e+02
5.263313598632812500e+02
8.735216064453125000e+02
6.982913818359375000e+02
8.891610717773437500e+02
7.256777343750000000e+02
9.066323242187500000e+02
8.385534667968750000e+02
7.296616821289062500e+02
8.067440185546875000e+02
7.802296752929687500e+02
8.501086425781250000e+02
6.748117675781250000e+02
8.641189575195312500e+02
8.173588256835937500e+02
8.572962646484375000e+02
9.573021850585937500e+02
6.216083984375000000e+02
7.732529296875000000e+02
7.532744140625000000e+02
8.321104125976562500e+02
7.910297851562500000e+02
8.109390869140625000e+02
6.931151123046875000e+02
9.358448486328125000e+02
9.042069091796875000e+02
8.247175903320312500e+02
7.093449707031250000e+02
7.490392456054687500e+02
5.209799804687500000e+02
5.801152954101562500e+02
7.185875244140625000e+02
6.124277954101562500e+02
7.795443115234375000e+02
5.989060058593750000e+02
6.306669311523437500e+02
6.839418945312500000e+02
8.355395507812500000e+02
5.985720825195312500e+02
7.009791870117187500e+02
6.570347290039062500e+02
8.154793701171875000e+02
7.243154296875000000e+02
8.901992187500000000e+02
6.103971557617187500e+02
7.857412109375000000e+02
7.131968994140625000e+02
7.836838378906250000e+02
6.043385009765625000e+02
7.586969604492187500e+02
8.145733032226562500e+02
8.774240722656250000e+02
5.867959594726562500e+02
7.779811401367187500e+02
7.273808593750000000e+02
8.580009765625000000e+02
7.810235595703125000e+02
6.005502319335937500e+02
6.419129638671875000e+02
6.700015869140625000e+02
8.058699340820312500e+02
8.422019042968750000e+02
7.116276855468750000e+02
8.888687133789062500e+02
5.682996826171875000e+02
9.267849121093750000e+02
7.558079223632812500e+02
8.858970947265625000e+02
7.686594848632812500e+02
7.529992675781250000e+02
8.163991699218750000e+02
7.001368408203125000e+02
9.517521362304687500e+02
8.010023803710937500e+02
1.029654418945312500e+03
8.508880004882812500e+02
6.418807373046875000e+02
7.131692504882812500e+02
6.721264038085937500e+02
6.820227661132812500e+02
6.671671142578125000e+02
6.840053710937500000e+02
7.806900634765625000e+02
6.355164184570312500e+02
6.495668334960937500e+02
8.112285156250000000e+02
7.747056884765625000e+02
7.475200805664062500e+02
7.078076782226562500e+02
9.450896606445312500e+02
6.765211791992187500e+02
9.224037475585937500e+02
8.805452270507812500e+02
9.027670898437500000e+02
8.517042236328125000e+02
8.402913208007812500e+02
5.798109741210937500e+02
7.830023803710937500e+02
8.020450439453125000e+02
8.478171386718750000e+02
7.043020019531250000e+02
8.129625244140625000e+02
7.998697509765625000e+02
5.405368652343750000e+02
8.934058227539062500e+02
8.800416870117187500e+02
7.634737548828125000e+02
7.192428588867187500e+02
8.725228271484375000e+02
7.317536621093750000e+02
6.422639160156250000e+02
6.412667846679687500e+02
4.821549072265625000e+02
9.846811523437500000e+02
8.651948242187500000e+02
8.140048828125000000e+02
7.184219360351562500e+02
9.349907836914062500e+02
8.565279541015625000e+02
7.958817749023437500e+02
8.274208984375000000e+02
5.360548095703125000e+02
9.378928222656250000e+02
8.539293212890625000e+02
8.255039062500000000e+02
6.684895019531250000e+02
9.843151855468750000e+02
7.591929321289062500e+02
7.028411254882812500e+02
7.064986572265625000e+02
6.995390625000000000e+02
8.308378906250000000e+02
1.010412658691406250e+03
1.044795043945312500e+03
6.439910278320312500e+02
5.960615844726562500e+02
7.512261962890625000e+02
6.940458984375000000e+02
7.927729492187500000e+02
8.956347045898437500e+02
8.788881835937500000e+02
6.996087036132812500e+02
8.707741699218750000e+02
7.327136840820312500e+02
9.899766845703125000e+02
1.000476013183593750e+03
8.417312011718750000e+02
7.613429565429687500e+02
7.651224365234375000e+02
8.354183959960937500e+02
5.845623168945312500e+02
7.693902587890625000e+02
6.743856811523437500e+02
5.946187744140625000e+02
9.414959716796875000e+02
9.634089355468750000e+02
7.949958496093750000e+02
8.103323364257812500e+02
6.376542358398437500e+02
8.216365356445312500e+02
7.498756103515625000e+02
7.218915405273437500e+02
7.135616455078125000e+02
1.036801025390625000e+03
8.024054565429687500e+02
7.688123168945312500e+02
9.292036743164062500e+02
9.289014892578125000e+02
8.396055908203125000e+02
8.169692993164062500e+02
5.415289916992187500e+02
8.164048461914062500e+02
7.529094848632812500e+02
8.835664062500000000e+02
6.514222412109375000e+02
7.932842407226562500e+02
7.011110229492187500e+02
6.153644409179687500e+02
7.850077514648437500e+02
8.046051635742187500e+02
7.208126831054687500e+02
7.541959838867187500e+02
7.057547607421875000e+02
7.655052490234375000e+02
7.170671386718750000e+02
6.435916748046875000e+02
8.186104125976562500e+02
7.665015258789062500e+02
8.186451416015625000e+02
7.054155883789062500e+02
7.999592895507812500e+02
7.040747680664062500e+02
8.706985473632812500e+02
8.150134277343750000e+02
6.089582519531250000e+02
7.556234130859375000e+02
6.917069702148437500e+02
7.031513061523437500e+02
8.161103515625000000e+02
7.591381835937500000e+02
8.700812377929687500e+02
6.536785278320312500e+02
7.528311767578125000e+02
6.236720581054687500e+02
8.899736328125000000e+02
7.931638183593750000e+02
7.545910034179687500e+02
8.238253173828125000e+02
5.858439941406250000e+02
5.114798278808593750e+02
6.759409179687500000e+02
6.643688354492187500e+02
7.274501953125000000e+02
8.266801757812500000e+02
8.287173461914062500e+02
7.754252319335937500e+02
1.009906860351562500e+03
7.235935058593750000e+02
8.453587036132812500e+02
6.064494018554687500e+02
7.299654541015625000e+02
6.153021850585937500e+02
8.904319458007812500e+02
8.954078979492187500e+02
8.462608642578125000e+02
7.083405761718750000e+02
9.688549194335937500e+02
8.709265747070312500e+02
7.876703491210937500e+02
8.794555664062500000e+02
8.068265991210937500e+02
8.240865478515625000e+02
5.637092285156250000e+02
6.123082885742187500e+02
8.152935180664062500e+02
6.011921997070312500e+02
6.142572021484375000e+02
9.188671264648437500e+02
8.761577758789062500e+02
7.854619750976562500e+02
8.321942749023437500e+02
7.166840820312500000e+02
7.394174804687500000e+02
7.784713745117187500e+02
7.948681030273437500e+02
8.725863037109375000e+02
7.856334838867187500e+02
6.468961791992187500e+02
7.370201416015625000e+02
6.640093994140625000e+02
8.753277587890625000e+02
6.352624511718750000e+02
6.276635742187500000e+02
7.443394775390625000e+02
6.863051147460937500e+02
6.901147460937500000e+02
8.565078125000000000e+02
7.544902954101562500e+02
6.513760986328125000e+02
6.571239624023437500e+02
5.006564025878906250e+02
7.356272583007812500e+02
5.359576416015625000e+02
6.812828979492187500e+02
8.610697021484375000e+02
8.969080810546875000e+02
7.282558593750000000e+02
8.474978637695312500e+02
7.672706298828125000e+02
7.160055541992187500e+02
9.239645996093750000e+02
9.058347167968750000e+02
8.663325195312500000e+02
8.823033447265625000e+02
6.669511718750000000e+02
9.701317749023437500e+02
5.082691345214843750e+02
7.639272460937500000e+02
6.756461791992187500e+02
6.663051147460937500e+02
6.979917602539062500e+02
7.197271728515625000e+02
1.088135009765625000e+03
8.740836181640625000e+02
7.531893310546875000e+02
1.042834838867187500e+03
8.357577514648437500e+02
6.367066650390625000e+02
7.538703002929687500e+02
6.637250976562500000e+02
7.693121948242187500e+02
6.650181884765625000e+02
8.931501464843750000e+02
8.142432250976562500e+02
7.161164550781250000e+02
5.665006713867187500e+02
7.653679199218750000e+02
9.767430419921875000e+02
7.153230590820312500e+02
6.754339599609375000e+02
8.035191650390625000e+02
7.194000854492187500e+02
8.408172607421875000e+02
8.495944824218750000e+02
6.734860229492187500e+02
6.410822143554687500e+02
7.160868530273437500e+02
8.304167480468750000e+02
9.838339843750000000e+02
7.190415649414062500e+02
8.294141235351562500e+02
6.830638427734375000e+02
7.082992553710937500e+02
6.538717651367187500e+02
7.616730346679687500e+02
6.799797973632812500e+02
8.438018798828125000e+02
9.244668579101562500e+02
7.750393676757812500e+02
5.620910034179687500e+02
7.667454223632812500e+02
5.958482666015625000e+02
5.996008911132812500e+02
6.358635253906250000e+02
7.301133422851562500e+02
9.293738403320312500e+02
6.892100830078125000e+02
6.352836303710937500e+02
7.598607177734375000e+02
8.384837036132812500e+02
8.178935546875000000e+02
6.835995483398437500e+02
7.811748657226562500e+02
8.575446166992187500e+02
5.406274414062500000e+02
6.486871337890625000e+02
8.378979492187500000e+02
7.994735107421875000e+02
7.299301147460937500e+02
6.167276000976562500e+02
6.940001831054687500e+02
7.153031616210937500e+02
6.447723388671875000e+02
6.894801025390625000e+02
8.127158813476562500e+02
8.652283935546875000e+02
7.032964477539062500e+02
6.729949951171875000e+02
8.095773925781250000e+02
6.201481933593750000e+02
8.708413085937500000e+02
6.306535644531250000e+02
8.372904052734375000e+02
7.835527343750000000e+02
9.604498901367187500e+02
8.018895874023437500e+02
6.131506347656250000e+02
7.494903564453125000e+02
7.478255615234375000e+02
8.551712036132812500e+02
7.028983154296875000e+02
8.875686645507812500e+02
8.848670043945312500e+02
8.716396484375000000e+02
7.256041870117187500e+02
6.114036865234375000e+02
7.128695068359375000e+02
9.027391357421875000e+02
7.791522216796875000e+02
8.770690307617187500e+02
7.309505004882812500e+02
8.894777221679687500e+02
6.905841674804687500e+02
7.732192993164062500e+02
8.771289672851562500e+02
6.883513183593750000e+02
7.775386352539062500e+02
9.021082763671875000e+02
6.041358032226562500e+02
7.606337890625000000e+02
6.711932983398437500e+02
6.701342773437500000e+02
6.815770263671875000e+02
7.900736083984375000e+02
7.156572265625000000e+02
7.596525268554687500e+02
8.537686157226562500e+02
6.154653320312500000e+02
9.128593750000000000e+02
8.465183715820312500e+02
7.663873901367187500e+02
7.797042846679687500e+02
6.612184448242187500e+02
8.645708007812500000e+02
9.408206176757812500e+02
8.431713256835937500e+02
7.515975341796875000e+02
5.893162231445312500e+02
8.344595336914062500e+02
7.233140258789062500e+02
7.073751831054687500e+02
7.994227294921875000e+02
6.359555053710937500e+02
8.057145996093750000e+02
7.509614257812500000e+02
8.430899047851562500e+02
9.914060668945312500e+02
7.938874511718750000e+02
7.583571777343750000e+02
8.320466918945312500e+02
6.724223022460937500e+02
6.800067749023437500e+02
7.476099243164062500e+02
8.180002441406250000e+02
6.562942504882812500e+02
7.553413085937500000e+02
8.620859985351562500e+02
7.323709106445312500e+02
8.763234863281250000e+02
8.065710449218750000e+02
8.334534301757812500e+02
6.887631835937500000e+02
7.437325439453125000e+02
9.518054809570312500e+02
7.467899169921875000e+02
8.296157226562500000e+02
6.622673950195312500e+02
6.784638061523437500e+02
9.570389404296875000e+02
8.767518920898437500e+02
6.940453491210937500e+02
5.874192504882812500e+02
6.078993530273437500e+02
8.461907958984375000e+02
8.439762573242187500e+02
6.349793090820312500e+02
7.188683471679687500e+02
7.288708496093750000e+02
8.939757690429687500e+02
6.270396118164062500e+02
6.643405151367187500e+02
9.111248168945312500e+02
7.838522949218750000e+02
5.608524780273437500e+02
9.655391845703125000e+02
6.677453613281250000e+02
8.598933715820312500e+02
9.510688476562500000e+02
8.769057617187500000e+02
6.747552490234375000e+02
8.106319580078125000e+02
6.430857543945312500e+02
6.840354614257812500e+02
7.844144897460937500e+02
7.152141723632812500e+02
6.112116699218750000e+02
6.682114257812500000e+02
7.997638549804687500e+02
7.939895629882812500e+02
8.598391723632812500e+02
6.784653320312500000e+02
8.310908813476562500e+02
5.845379638671875000e+02
6.853103027343750000e+02
7.420292358398437500e+02
7.611652832031250000e+02
8.416244506835937500e+02
6.594262695312500000e+02
8.700166015625000000e+02
7.647572631835937500e+02
8.704513549804687500e+02
8.798436889648437500e+02
5.861592407226562500e+02
8.734091186523437500e+02
7.613610839843750000e+02
7.535915527343750000e+02
6.943544311523437500e+02
8.276362304687500000e+02
8.253671875000000000e+02
6.450687255859375000e+02
7.964805908203125000e+02
8.124574584960937500e+02
7.978495483398437500e+02
5.436140747070312500e+02
7.007347412109375000e+02
8.586408081054687500e+02
8.755162963867187500e+02
7.855196533203125000e+02
6.220788574218750000e+02
9.283516845703125000e+02
6.505439453125000000e+02
5.997542724609375000e+02
8.055549926757812500e+02
7.508212890625000000e+02
7.886614379882812500e+02
8.184072265625000000e+02
8.109949340820312500e+02
7.169841308593750000e+02
8.596209106445312500e+02
8.268995971679687500e+02
8.382426147460937500e+02
8.517706298828125000e+02
7.036261596679687500e+02
5.795421752929687500e+02
7.519884033203125000e+02
7.922392578125000000e+02
7.577931518554687500e+02
7.834990844726562500e+02
6.595166015625000000e+02
6.488739013671875000e+02
8.791376953125000000e+02
7.026945800781250000e+02
7.935399169921875000e+02
7.222904663085937500e+02
7.273152465820312500e+02
9.436799926757812500e+02
7.716062011718750000e+02
7.489757690429687500e+02
1.028937377929687500e+03
6.185645141601562500e+02
5.746904907226562500e+02
6.510668945312500000e+02
7.812796630859375000e+02
6.522827758789062500e+02
8.105019531250000000e+02
7.211398315429687500e+02
8.851199951171875000e+02
7.189881591796875000e+02
6.763240966796875000e+02
6.782551879882812500e+02
7.519132080078125000e+02
7.017429809570312500e+02
8.387902221679687500e+02
6.933411865234375000e+02
8.790409545898437500e+02
7.627611694335937500e+02
7.381549072265625000e+02
8.036613769531250000e+02
6.225939331054687500e+02
8.077163696289062500e+02
7.259124145507812500e+02
6.626491699218750000e+02
6.472876586914062500e+02
4.022646484375000000e+02
8.289769287109375000e+02
7.920269165039062500e+02
7.710947875976562500e+02
8.397238159179687500e+02
7.908203125000000000e+02
8.014651489257812500e+02
5.716936035156250000e+02
7.046817016601562500e+02
9.040758666992187500e+02
7.309852905273437500e+02
8.301286621093750000e+02
7.604731445312500000e+02
5.764531860351562500e+02
7.676102294921875000e+02
7.798562622070312500e+02
6.966750488281250000e+02
7.627756958007812500e+02
8.111702880859375000e+02
7.288909301757812500e+02
9.441369628906250000e+02
6.587751464843750000e+02
8.685921020507812500e+02
6.722254638671875000e+02
3.913853454589843750e+02
6.409960937500000000e+02
7.125533447265625000e+02
8.139417114257812500e+02
9.508589477539062500e+02
6.403057861328125000e+02
7.921738281250000000e+02
8.543499145507812500e+02
7.991716918945312500e+02
9.856599121093750000e+02
6.747653198242187500e+02
8.241416625976562500e+02
6.429386596679687500e+02
6.022843627929687500e+02
6.234417114257812500e+02
1.073818359375000000e+03
9.807097167968750000e+02
8.491912841796875000e+02
5.913596191406250000e+02
9.560502929687500000e+02
7.968355102539062500e+02
7.723787231445312500e+02
7.382280883789062500e+02
8.236548461914062500e+02
7.192319335937500000e+02
7.114180908203125000e+02
7.311259155273437500e+02
7.466124877929687500e+02
7.114299316406250000e+02
7.417739868164062500e+02
7.480573120117187500e+02
7.689208374023437500e+02
7.443811645507812500e+02
8.263808593750000000e+02
7.659312744140625000e+02
6.451362304687500000e+02
7.984483642578125000e+02
5.513919677734375000e+02
7.721494750976562500e+02
7.095847778320312500e+02
7.262897338867187500e+02
7.820325317382812500e+02
8.715343017578125000e+02
6.530319213867187500e+02
8.035980834960937500e+02
6.915197143554687500e+02
6.863825683593750000e+02
6.465454101562500000e+02
8.540905151367187500e+02
6.361923217773437500e+02
6.238663330078125000e+02
7.396212158203125000e+02
6.502465820312500000e+02
7.706109619140625000e+02
8.408488769531250000e+02
7.597319946289062500e+02
5.272233276367187500e+02
7.674003906250000000e+02
8.283032226562500000e+02
8.955652465820312500e+02
7.383251953125000000e+02
7.663775024414062500e+02
7.022241821289062500e+02
5.672980346679687500e+02
8.320000610351562500e+02
1.070577636718750000e+03
7.775028076171875000e+02
7.005864257812500000e+02
5.536520996093750000e+02
8.305092773437500000e+02
6.437543334960937500e+02
9.523958129882812500e+02
6.469534301757812500e+02
7.628696899414062500e+02
8.980366210937500000e+02
8.183733520507812500e+02
5.584569702148437500e+02
7.335182495117187500e+02
7.189057617187500000e+02
7.386643066406250000e+02
8.131464233398437500e+02
6.087858276367187500e+02
8.920310058593750000e+02
7.063479003906250000e+02
7.157832641601562500e+02
7.298359375000000000e+02
8.177145385742187500e+02
5.523947753906250000e+02
7.675484619140625000e+02
7.742858276367187500e+02
7.108837280273437500e+02
6.047954711914062500e+02
6.858718872070312500e+02
7.170444335937500000e+02
8.646723632812500000e+02
6.820150756835937500e+02
6.589841918945312500e+02
8.022454833984375000e+02
9.083310546875000000e+02
9.459822998046875000e+02
8.975310058593750000e+02
8.772382202148437500e+02
7.175662231445312500e+02
6.508048095703125000e+02
7.876158447265625000e+02
7.298627929687500000e+02
6.992841186523437500e+02
8.191776123046875000e+02
7.334944458007812500e+02
8.639782104492187500e+02
6.889791870117187500e+02
7.472143554687500000e+02
5.314954833984375000e+02
6.249906005859375000e+02
7.847604370117187500e+02
7.176493530273437500e+02
8.544131469726562500e+02
7.651750488281250000e+02
8.989285888671875000e+02
8.929920043945312500e+02
6.861325683593750000e+02
8.160132446289062500e+02
8.186130981445312500e+02
7.155101318359375000e+02
8.023953857421875000e+02
6.777933959960937500e+02
9.001385498046875000e+02
9.398292846679687500e+02
7.780035400390625000e+02
7.308909301757812500e+02
8.003244018554687500e+02
8.037942504882812500e+02
7.770274658203125000e+02
8.631707763671875000e+02
8.063544921875000000e+02
6.060571289062500000e+02
8.001920776367187500e+02
9.014541625976562500e+02
7.428244018554687500e+02
7.742063598632812500e+02
6.874874267578125000e+02
8.939146728515625000e+02
6.977344970703125000e+02
7.834791259765625000e+02
9.074306030273437500e+02
9.487666625976562500e+02
7.641179809570312500e+02
7.291375732421875000e+02
7.355364379882812500e+02
8.214866943359375000e+02
6.843758544921875000e+02
8.043195800781250000e+02
1.028699340820312500e+03
7.711865234375000000e+02
8.430648803710937500e+02
6.844102783203125000e+02
7.764483642578125000e+02
8.832236328125000000e+02
6.518130493164062500e+02
9.493148803710937500e+02
8.305759277343750000e+02
6.607327880859375000e+02
8.193538208007812500e+02
7.833235473632812500e+02
8.135118408203125000e+02
7.321757812500000000e+02
7.330895385742187500e+02
9.725426025390625000e+02
7.731194458007812500e+02
9.309705200195312500e+02
8.771840820312500000e+02
7.100935668945312500e+02
8.403942260742187500e+02
9.780239868164062500e+02
7.767480468750000000e+02
6.734266357421875000e+02
8.614957885742187500e+02
6.479135131835937500e+02
7.378462524414062500e+02
5.891676635742187500e+02
6.512393188476562500e+02
8.386630249023437500e+02
7.735326538085937500e+02
8.357100219726562500e+02
8.311155395507812500e+02
6.805868530273437500e+02
9.354968261718750000e+02
7.713417358398437500e+02
9.050143432617187500e+02
4.118377990722656250e+02
7.654710693359375000e+02
9.327962036132812500e+02
7.676328125000000000e+02
5.748782348632812500e+02
5.426425781250000000e+02
6.241537475585937500e+02
6.626225585937500000e+02
6.644432373046875000e+02
7.289477539062500000e+02
7.975496826171875000e+02
8.071390991210937500e+02
6.847058715820312500e+02
7.277731323242187500e+02
6.145043334960937500e+02
8.173081665039062500e+02
8.483899536132812500e+02
7.850126953125000000e+02
9.925185546875000000e+02
7.104946289062500000e+02
7.222555541992187500e+02
8.108589477539062500e+02
8.437721557617187500e+02
6.662218627929687500e+02
8.471943969726562500e+02
8.360271606445312500e+02
7.303159179687500000e+02
7.098846435546875000e+02
5.848479614257812500e+02
5.538295288085937500e+02
7.648450927734375000e+02
8.188769531250000000e+02
6.302609863281250000e+02
6.472223510742187500e+02
5.706726074218750000e+02
6.284721679687500000e+02
9.248953857421875000e+02
5.767933959960937500e+02
7.458805541992187500e+02
8.908645629882812500e+02
4.858368835449218750e+02
8.892065429687500000e+02
7.008882446289062500e+02
7.625632324218750000e+02
6.432950439453125000e+02
7.888674926757812500e+02
7.175010375976562500e+02
7.794618530273437500e+02
8.392397460937500000e+02
5.335010375976562500e+02
7.799312133789062500e+02
9.487220458984375000e+02
7.970861206054687500e+02
8.528482666015625000e+02
6.781154785156250000e+02
7.723194580078125000e+02
6.503073120117187500e+02
8.188768310546875000e+02
7.751098632812500000e+02
8.790493164062500000e+02
6.383478393554687500e+02
7.233453979492187500e+02
8.739532470703125000e+02
6.861951293945312500e+02
5.570198974609375000e+02
8.272089843750000000e+02
8.680808715820312500e+02
8.237256469726562500e+02
6.177653198242187500e+02
8.961497802734375000e+02
8.132530517578125000e+02
7.046660766601562500e+02
9.125682983398437500e+02
1.059669311523437500e+03
5.379805297851562500e+02
8.466060791015625000e+02
7.744260253906250000e+02
7.102476806640625000e+02
9.625474853515625000e+02
1.054396118164062500e+03
8.407146606445312500e+02
7.819782714843750000e+02
9.850004272460937500e+02
4.933007202148437500e+02
1.068194213867187500e+03
8.037908935546875000e+02
6.635659179687500000e+02
6.610625000000000000e+02
4.577192077636718750e+02
8.862313232421875000e+02
9.147445068359375000e+02
6.958118896484375000e+02
8.822543945312500000e+02
6.795028076171875000e+02
7.151588745117187500e+02
5.543750610351562500e+02
8.564171142578125000e+02
5.682222290039062500e+02
9.705953369140625000e+02
4.764011840820312500e+02
6.301083984375000000e+02
1.052349731445312500e+03
7.603446044921875000e+02
7.287136840820312500e+02
9.348856811523437500e+02
9.444183349609375000e+02
7.858341674804687500e+02
7.185802001953125000e+02
8.367053222656250000e+02
8.126774902343750000e+02
8.824475708007812500e+02
7.448178710937500000e+02
9.177722167968750000e+02
7.332435913085937500e+02
6.263998413085937500e+02
9.583156738281250000e+02
9.794785156250000000e+02
7.879236450195312500e+02
7.457469482421875000e+02
7.466153564453125000e+02
9.712742309570312500e+02
6.221769409179687500e+02
7.547139282226562500e+02
8.245787963867187500e+02
7.800358276367187500e+02
7.136576538085937500e+02
8.445713500976562500e+02
7.748858642578125000e+02
7.385770263671875000e+02
7.407899780273437500e+02
9.055886230468750000e+02
6.898173828125000000e+02
8.366923217773437500e+02
8.875153198242187500e+02
7.788251953125000000e+02
8.213182983398437500e+02
9.531236572265625000e+02
8.699373168945312500e+02
8.771228027343750000e+02
8.458889160156250000e+02
8.589387207031250000e+02
8.787855834960937500e+02
6.907877807617187500e+02
8.369964599609375000e+02
5.760018310546875000e+02
7.259058227539062500e+02
5.763720092773437500e+02
8.408875122070312500e+02
7.980770874023437500e+02
8.538776245117187500e+02
6.726101074218750000e+02
7.153771362304687500e+02
8.291349487304687500e+02
6.625396118164062500e+02
7.032828979492187500e+02
7.566748657226562500e+02
6.390848388671875000e+02
6.738941040039062500e+02
8.672667236328125000e+02
7.519255981445312500e+02
7.699472656250000000e+02
8.849770507812500000e+02
8.888250732421875000e+02
7.539305419921875000e+02
9.276225585937500000e+02
7.699683837890625000e+02
7.626578369140625000e+02
7.522205810546875000e+02
8.966470947265625000e+02
8.002027587890625000e+02
7.609703979492187500e+02
7.813322143554687500e+02
7.028949584960937500e+02
8.405209960937500000e+02
6.029989624023437500e+02
9.963118896484375000e+02
7.821952514648437500e+02
8.082272338867187500e+02
9.498865356445312500e+02
8.334416503906250000e+02
8.167607421875000000e+02
6.957093505859375000e+02
6.520259399414062500e+02
6.220717773437500000e+02
8.156195678710937500e+02
7.331110229492187500e+02
6.621038818359375000e+02
9.368728027343750000e+02
9.384006958007812500e+02
5.738178710937500000e+02
1.004653198242187500e+03
9.297304687500000000e+02
5.840936889648437500e+02
6.145007324218750000e+02
8.775386962890625000e+02
8.100732421875000000e+02
6.204063110351562500e+02
9.866543579101562500e+02
8.642822265625000000e+02
8.349908447265625000e+02
7.798962402343750000e+02
7.310263061523437500e+02
8.298740234375000000e+02
9.314207153320312500e+02
8.369981079101562500e+02
8.192470092773437500e+02
9.200418701171875000e+02
6.418158569335937500e+02
6.303726806640625000e+02
8.563905639648437500e+02
8.875740356445312500e+02
6.959201049804687500e+02
8.520134887695312500e+02
7.460253295898437500e+02
5.980827026367187500e+02
7.576629028320312500e+02
7.764931640625000000e+02
5.438198242187500000e+02
7.181071166992187500e+02
9.108831176757812500e+02
7.839779663085937500e+02
6.498207397460937500e+02
9.487900390625000000e+02
8.743555297851562500e+02
6.413576049804687500e+02
8.222574462890625000e+02
7.771982421875000000e+02
5.509129028320312500e+02
7.866217651367187500e+02
7.621080322265625000e+02
7.681558837890625000e+02
8.068908081054687500e+02
5.047792663574218750e+02
7.429554443359375000e+02
8.373153686523437500e+02
7.527555541992187500e+02
7.897249755859375000e+02
7.833271484375000000e+02
9.826735839843750000e+02
5.241852416992187500e+02
8.394194335937500000e+02
7.450728759765625000e+02
8.718388671875000000e+02
6.670769653320312500e+02
7.651284790039062500e+02
7.335466308593750000e+02
8.867166137695312500e+02
7.292391357421875000e+02
7.064411621093750000e+02
7.728569946289062500e+02
6.830318603515625000e+02
7.320138549804687500e+02
6.898148193359375000e+02
8.800679931640625000e+02
9.239553222656250000e+02
8.808107299804687500e+02
6.321796264648437500e+02
8.819747924804687500e+02
8.127512207031250000e+02
1.031030029296875000e+03
7.918051147460937500e+02
7.934397583007812500e+02
8.318778686523437500e+02
6.877156982421875000e+02
8.543474731445312500e+02
7.335407714843750000e+02
9.433925781250000000e+02
6.155845947265625000e+02
7.813145751953125000e+02
5.610709838867187500e+02
6.843624267578125000e+02
8.772720947265625000e+02
7.414243774414062500e+02
6.388519897460937500e+02
8.943328857421875000e+02
7.081265258789062500e+02
7.072875366210937500e+02
9.513560180664062500e+02
5.565526733398437500e+02
9.356029663085937500e+02
9.299989624023437500e+02
6.820805053710937500e+02
8.679608154296875000e+02
7.337636108398437500e+02
6.586943969726562500e+02
8.836940307617187500e+02
9.487384643554687500e+02
8.765547485351562500e+02
7.534457397460937500e+02
8.540264892578125000e+02
7.924829711914062500e+02
8.235839233398437500e+02
6.742364501953125000e+02
9.140996093750000000e+02
8.213732910156250000e+02
8.375111694335937500e+02
7.408161010742187500e+02
7.538796997070312500e+02
7.244624633789062500e+02
7.217591552734375000e+02
1.016738525390625000e+03
7.330744018554687500e+02
9.083115234375000000e+02
8.642768554687500000e+02
6.516572265625000000e+02
6.905542602539062500e+02
8.664312744140625000e+02
8.063724975585937500e+02
8.208016357421875000e+02
7.882380371093750000e+02
8.415263671875000000e+02
7.524694213867187500e+02
7.738497924804687500e+02
7.854755249023437500e+02
8.233386840820312500e+02
8.010473022460937500e+02
6.422553710937500000e+02
6.811848754882812500e+02
6.008084106445312500e+02
8.089216918945312500e+02
9.005200805664062500e+02
7.173784179687500000e+02
6.746644287109375000e+02
8.194657592773437500e+02
8.081710205078125000e+02
6.828552246093750000e+02
7.849276123046875000e+02
7.414446411132812500e+02
8.974822998046875000e+02
8.493527221679687500e+02
5.688134765625000000e+02
8.490109863281250000e+02
6.676926269531250000e+02
7.212100830078125000e+02
6.705430297851562500e+02
4.987300415039062500e+02
7.372960815429687500e+02
7.373165893554687500e+02
5.544456787109375000e+02
6.370222167968750000e+02
8.383828735351562500e+02
6.583611450195312500e+02
8.172611694335937500e+02
7.926812133789062500e+02
7.028209838867187500e+02
7.211766967773437500e+02
7.229326171875000000e+02
9.297544555664062500e+02
8.446166992187500000e+02
7.329929809570312500e+02
6.919040527343750000e+02
7.765093994140625000e+02
7.878562011718750000e+02
8.074273071289062500e+02
7.615274047851562500e+02
6.748428344726562500e+02
8.385827636718750000e+02
5.776620483398437500e+02
7.888344116210937500e+02
6.389986572265625000e+02
7.278533325195312500e+02
8.461804199218750000e+02
1.000347045898437500e+03
6.774064331054687500e+02
7.338288574218750000e+02
8.073386840820312500e+02
7.538756713867187500e+02
7.968930664062500000e+02
7.386868286132812500e+02
6.962804565429687500e+02
8.748287963867187500e+02
3.195708618164062500e+02
7.151843872070312500e+02
9.229015502929687500e+02
6.730264282226562500e+02
5.842261962890625000e+02
8.067042846679687500e+02
7.100185546875000000e+02
5.999895019531250000e+02
9.193391723632812500e+02
8.430501708984375000e+02
7.754862060546875000e+02
8.299957885742187500e+02
5.731159057617187500e+02
6.149728393554687500e+02
9.070502929687500000e+02
7.527891845703125000e+02
7.551358032226562500e+02
8.083155517578125000e+02
6.104586791992187500e+02
8.018356933593750000e+02
6.815209350585937500e+02
6.226008911132812500e+02
7.734613037109375000e+02
7.782650146484375000e+02
8.983162231445312500e+02
7.286818847656250000e+02
8.022896728515625000e+02
6.465909423828125000e+02
6.637637329101562500e+02
7.852563476562500000e+02
6.069524536132812500e+02
7.690841674804687500e+02
9.339227294921875000e+02
6.512028198242187500e+02
5.785272216796875000e+02
8.581718139648437500e+02
9.217502441406250000e+02
7.927340087890625000e+02
7.026103515625000000e+02
7.007396850585937500e+02
9.354439697265625000e+02
7.002970581054687500e+02
7.048068847656250000e+02
9.549816894531250000e+02
1.011010498046875000e+03
7.060701293945312500e+02
6.925456542968750000e+02
5.736511230468750000e+02
8.510551147460937500e+02
8.413027343750000000e+02
7.661330566406250000e+02
7.230346679687500000e+02
7.699564208984375000e+02
6.661878051757812500e+02
9.533436279296875000e+02
8.424285278320312500e+02
7.651466064453125000e+02
8.879146728515625000e+02
6.840172119140625000e+02
6.436043701171875000e+02
7.296339721679687500e+02
8.220084228515625000e+02
7.277324218750000000e+02
7.353875122070312500e+02
8.434926757812500000e+02
4.606941223144531250e+02
1.018642517089843750e+03
5.818801269531250000e+02
7.380844116210937500e+02
8.618328857421875000e+02
8.272786865234375000e+02
9.187392578125000000e+02
6.758500366210937500e+02
9.143767700195312500e+02
9.258210449218750000e+02
7.230091552734375000e+02
7.371343994140625000e+02
1.007099975585937500e+03
7.389556884765625000e+02
8.233386840820312500e+02
7.998964233398437500e+02
8.737001342773437500e+02
9.619398193359375000e+02
7.135642089843750000e+02
8.010512084960937500e+02
9.087235107421875000e+02
7.603645019531250000e+02
7.756994018554687500e+02
7.868560180664062500e+02
8.492485351562500000e+02
8.511583251953125000e+02
6.090097656250000000e+02
7.594205932617187500e+02
8.204337768554687500e+02
8.419988403320312500e+02
6.208886108398437500e+02
9.167252807617187500e+02
5.734575805664062500e+02
7.153724975585937500e+02
6.583823852539062500e+02
7.575816650390625000e+02
7.668659667968750000e+02
6.304320678710937500e+02
5.485096435546875000e+02
7.517783203125000000e+02
9.101386718750000000e+02
8.585195312500000000e+02
7.988303222656250000e+02
5.925247192382812500e+02
7.657460937500000000e+02
6.757503051757812500e+02
8.513024291992187500e+02
8.110068359375000000e+02
8.537423706054687500e+02
8.227173461914062500e+02
6.032343139648437500e+02
9.107224121093750000e+02
6.613475341796875000e+02
8.598081054687500000e+02
6.997926635742187500e+02
9.364186401367187500e+02
7.195046386718750000e+02
5.646172485351562500e+02
8.350140991210937500e+02
5.696441040039062500e+02
5.564194946289062500e+02
6.417597656250000000e+02
5.552725830078125000e+02
7.553289184570312500e+02
7.718374633789062500e+02
5.811705322265625000e+02
8.809320678710937500e+02
8.923098754882812500e+02
7.639588623046875000e+02
7.625462036132812500e+02
7.689934692382812500e+02
7.272010498046875000e+02
8.794086303710937500e+02
8.003391113281250000e+02
7.919613037109375000e+02
8.324485473632812500e+02
5.299299316406250000e+02
7.564282836914062500e+02
7.815759887695312500e+02
7.443950195312500000e+02
8.863734741210937500e+02
7.884687500000000000e+02
8.217573242187500000e+02
7.297456054687500000e+02
6.976264038085937500e+02
8.737835693359375000e+02
6.455678100585937500e+02
6.376356811523437500e+02
7.485056152343750000e+02
6.471705322265625000e+02
7.296090698242187500e+02
6.552562255859375000e+02
8.533429565429687500e+02
6.934478149414062500e+02
8.475311279296875000e+02
8.307177734375000000e+02
7.133432617187500000e+02
8.638076782226562500e+02
7.997779541015625000e+02
6.618017578125000000e+02
9.014388427734375000e+02
9.448405151367187500e+02
1.088838745117187500e+03
8.608027954101562500e+02
8.238881835937500000e+02
8.435144042968750000e+02
9.244736328125000000e+02
1.025547241210937500e+03
8.973458251953125000e+02
5.819812011718750000e+02
5.412579956054687500e+02
5.486665649414062500e+02
6.957991333007812500e+02
8.229691162109375000e+02
8.131172485351562500e+02
8.035948486328125000e+02
8.356718750000000000e+02
8.073504638671875000e+02
8.104052734375000000e+02
9.289320068359375000e+02
7.939125366210937500e+02
6.067436523437500000e+02
6.869921875000000000e+02
7.646733398437500000e+02
7.886980590820312500e+02
7.690505371093750000e+02
6.250970458984375000e+02
8.151367797851562500e+02
6.651905517578125000e+02
7.175938720703125000e+02
8.050142822265625000e+02
6.846609497070312500e+02
8.487092895507812500e+02
5.993328247070312500e+02
8.573023681640625000e+02
6.355906982421875000e+02
8.521771240234375000e+02
8.108777465820312500e+02
7.439979248046875000e+02
9.075565185546875000e+02
7.952925415039062500e+02
8.472261962890625000e+02
4.593707580566406250e+02
8.107129516601562500e+02
8.402966308593750000e+02
7.960360717773437500e+02
8.562282714843750000e+02
7.640813598632812500e+02
8.150931396484375000e+02
7.320855712890625000e+02
5.940373535156250000e+02
6.259834594726562500e+02
6.785482177734375000e+02
7.406160278320312500e+02
6.823677978515625000e+02
7.268496093750000000e+02
9.197006835937500000e+02
8.830451049804687500e+02
7.974264526367187500e+02
6.572982788085937500e+02
7.430062866210937500e+02
7.297296752929687500e+02
8.426101684570312500e+02
6.366779174804687500e+02
5.878678588867187500e+02
9.575044555664062500e+02
5.781201782226562500e+02
7.839917602539062500e+02
7.162354736328125000e+02
7.441497802734375000e+02
9.662484130859375000e+02
7.964487915039062500e+02
8.642819213867187500e+02
7.222273559570312500e+02
8.058388061523437500e+02
8.853141479492187500e+02
7.307766723632812500e+02
7.808271484375000000e+02
6.192235717773437500e+02
6.424137573242187500e+02
7.953350830078125000e+02
8.139592895507812500e+02
8.281460571289062500e+02
7.784146728515625000e+02
6.825039672851562500e+02
7.244744262695312500e+02
6.723518066406250000e+02
7.840560913085937500e+02
8.206425170898437500e+02
7.392488403320312500e+02
6.471331787109375000e+02
5.655777587890625000e+02
8.675947265625000000e+02
8.878798217773437500e+02
8.987721557617187500e+02
6.496487426757812500e+02
7.632803955078125000e+02
7.194978637695312500e+02
8.753578491210937500e+02
6.720721435546875000e+02
8.273676147460937500e+02
7.910090942382812500e+02
7.931458740234375000e+02
6.760479736328125000e+02
5.375996093750000000e+02
8.762268066406250000e+02
7.248327636718750000e+02
6.868013305664062500e+02
8.983175048828125000e+02
7.988264770507812500e+02
6.625529174804687500e+02
7.727475585937500000e+02
6.814519653320312500e+02
6.030260620117187500e+02
6.449495849609375000e+02
8.092738037109375000e+02
5.275121459960937500e+02
8.229425659179687500e+02
8.490947265625000000e+02
8.982183837890625000e+02
7.748142700195312500e+02
9.458275756835937500e+02
6.869748535156250000e+02
9.083991699218750000e+02
6.356976928710937500e+02
7.940375366210937500e+02
6.194368286132812500e+02
8.554815063476562500e+02
7.797017822265625000e+02
6.671237182617187500e+02
8.791808471679687500e+02
9.176640625000000000e+02
7.942539062500000000e+02
8.102711181640625000e+02
6.476539306640625000e+02
4.998904724121093750e+02
8.961571655273437500e+02
6.152849731445312500e+02
5.569132080078125000e+02
7.271326293945312500e+02
8.272190551757812500e+02
8.068924560546875000e+02
8.175541381835937500e+02
1.047739868164062500e+03
6.464902954101562500e+02
8.579726562500000000e+02
6.898299560546875000e+02
9.297654418945312500e+02
8.222567138671875000e+02
7.864476928710937500e+02
9.252833251953125000e+02
6.882189941406250000e+02
7.338695678710937500e+02
7.913572387695312500e+02
7.867084350585937500e+02
7.274342041015625000e+02
9.222462158203125000e+02
6.493992309570312500e+02
6.343624877929687500e+02
9.382103271484375000e+02
9.211605224609375000e+02
5.010491333007812500e+02
9.093880004882812500e+02
8.290125732421875000e+02
6.843580932617187500e+02
7.596378784179687500e+02
8.554558715820312500e+02
8.361626586914062500e+02
9.006130981445312500e+02
7.282832641601562500e+02
8.508187255859375000e+02
6.878503417968750000e+02
8.935115356445312500e+02
7.343262939453125000e+02
7.651755981445312500e+02
6.105756225585937500e+02
6.259392089843750000e+02
8.485350952148437500e+02
7.118877563476562500e+02
9.230557250976562500e+02
7.107808227539062500e+02
6.963024291992187500e+02
7.608202514648437500e+02
8.690740966796875000e+02
8.171151123046875000e+02
6.441657104492187500e+02
5.240679321289062500e+02
9.076850585937500000e+02
9.373380126953125000e+02
5.563127441406250000e+02
6.061916503906250000e+02
8.464697875976562500e+02
8.169926757812500000e+02
9.879003906250000000e+02
8.349754028320312500e+02
8.393425292968750000e+02
6.995128173828125000e+02
9.115817871093750000e+02
6.855602416992187500e+02
7.000222167968750000e+02
8.144928588867187500e+02
7.671481933593750000e+02
7.305078735351562500e+02
8.077772827148437500e+02
8.057734985351562500e+02
6.772153320312500000e+02
6.793769531250000000e+02
8.218507080078125000e+02
9.474711914062500000e+02
5.894428100585937500e+02
8.449048461914062500e+02
5.134400634765625000e+02
8.477938232421875000e+02
7.722808227539062500e+02
7.721294555664062500e+02
8.582054443359375000e+02
5.718740234375000000e+02
6.424097900390625000e+02
6.982900390625000000e+02
7.390709228515625000e+02
8.933008422851562500e+02
8.401111450195312500e+02
8.791730346679687500e+02
9.024396362304687500e+02
7.749037475585937500e+02
6.039263305664062500e+02
6.887404785156250000e+02
7.737788085937500000e+02
6.557716064453125000e+02
6.594726562500000000e+02
7.390065917968750000e+02
8.772183227539062500e+02
5.990927124023437500e+02
8.717246704101562500e+02
8.327592163085937500e+02
7.646753540039062500e+02
9.678953857421875000e+02
7.896505737304687500e+02
7.944706420898437500e+02
6.747781372070312500e+02
7.154244384765625000e+02
6.788707275390625000e+02
8.702646484375000000e+02
7.975364990234375000e+02
9.841044311523437500e+02
8.709634399414062500e+02
6.294898681640625000e+02
5.797055053710937500e+02
9.148416137695312500e+02
9.609227294921875000e+02
7.082621459960937500e+02
6.836570434570312500e+02
5.489393310546875000e+02
8.912022705078125000e+02
7.030260009765625000e+02
6.400505371093750000e+02
7.355999755859375000e+02
7.308475952148437500e+02
7.499463500976562500e+02
7.758165283203125000e+02
6.551751098632812500e+02
8.751537475585937500e+02
7.360226440429687500e+02
7.383875122070312500e+02
7.874718017578125000e+02
7.093315429687500000e+02
6.600571899414062500e+02
9.645309448242187500e+02
9.103855590820312500e+02
6.737814941406250000e+02
8.274286499023437500e+02
6.959256591796875000e+02
6.263579711914062500e+02
6.316323852539062500e+02
9.368320312500000000e+02
6.953432617187500000e+02
7.295886230468750000e+02
7.996617431640625000e+02
9.137811889648437500e+02
6.157705688476562500e+02
6.906539916992187500e+02
7.248568725585937500e+02
5.538922119140625000e+02
8.029669799804687500e+02
9.808462524414062500e+02
6.974553222656250000e+02
9.869958496093750000e+02
8.649633789062500000e+02
7.990531616210937500e+02
8.077379150390625000e+02
8.534682617187500000e+02
6.950661621093750000e+02
8.185521850585937500e+02
6.427274780273437500e+02
6.482451171875000000e+02
8.568809814453125000e+02
6.012212524414062500e+02
7.778611450195312500e+02
6.989921264648437500e+02
6.229832153320312500e+02
9.282980346679687500e+02
5.901638793945312500e+02
9.047713623046875000e+02
8.761284790039062500e+02
8.545567626953125000e+02
8.403438720703125000e+02
7.021117553710937500e+02
8.884370727539062500e+02
7.198587036132812500e+02
7.273057861328125000e+02
8.741396484375000000e+02
8.700591430664062500e+02
6.344937133789062500e+02
8.856850585937500000e+02
9.033809204101562500e+02
9.753120117187500000e+02
4.592327575683593750e+02
6.476842651367187500e+02
9.643322143554687500e+02
7.760023193359375000e+02
5.368461303710937500e+02
8.733121337890625000e+02
7.350562744140625000e+02
8.349503173828125000e+02
8.823286743164062500e+02
6.079806518554687500e+02
7.305405883789062500e+02
6.307565917968750000e+02
9.140360717773437500e+02
7.146072387695312500e+02
9.129547729492187500e+02
6.428600463867187500e+02
7.107857666015625000e+02
6.617974243164062500e+02
9.537720336914062500e+02
6.461347045898437500e+02
7.746195678710937500e+02
6.471964111328125000e+02
6.368118286132812500e+02
8.799746093750000000e+02
7.762478637695312500e+02
8.372090454101562500e+02
8.203142700195312500e+02
1.041188598632812500e+03
7.721259765625000000e+02
6.627826538085937500e+02
5.494884033203125000e+02
7.551174926757812500e+02
9.491482543945312500e+02
8.388470458984375000e+02
7.774000854492187500e+02
6.891750488281250000e+02
6.933062133789062500e+02
8.729259643554687500e+02
7.973045043945312500e+02
7.725375976562500000e+02
7.013203735351562500e+02
8.534074096679687500e+02
6.983815307617187500e+02
6.845271606445312500e+02
7.324180908203125000e+02
8.844758911132812500e+02
7.038633422851562500e+02
5.919954833984375000e+02
7.888644409179687500e+02
7.616074829101562500e+02
9.256358642578125000e+02
6.896486816406250000e+02
9.857412719726562500e+02
7.373145751953125000e+02
6.939705810546875000e+02
9.382475585937500000e+02
5.538156738281250000e+02
7.333154907226562500e+02
9.757908935546875000e+02
7.922153930664062500e+02
8.486222534179687500e+02
9.977156372070312500e+02
5.801428833007812500e+02
8.383355712890625000e+02
8.773494873046875000e+02
8.394497680664062500e+02
6.152904663085937500e+02
8.222966918945312500e+02
8.440520019531250000e+02
9.623312988281250000e+02
5.971930541992187500e+02
7.926020507812500000e+02
5.302697143554687500e+02
7.430679931640625000e+02
7.087998046875000000e+02
8.713347778320312500e+02
5.584505615234375000e+02
6.208444824218750000e+02
7.427071533203125000e+02
7.808433227539062500e+02
5.833864746093750000e+02
7.290346069335937500e+02
8.007697753906250000e+02
8.533114624023437500e+02
8.215474853515625000e+02
4.026719970703125000e+02
6.011217651367187500e+02
7.256524047851562500e+02
7.170910034179687500e+02
7.417168579101562500e+02
8.655803833007812500e+02
6.799976196289062500e+02
6.872254028320312500e+02
7.911222534179687500e+02
7.078546752929687500e+02
7.128674926757812500e+02
9.033803100585937500e+02
6.294382324218750000e+02
6.523302001953125000e+02
5.884707641601562500e+02
6.706178588867187500e+02
7.654028930664062500e+02
9.990493164062500000e+02
6.064069213867187500e+02
5.747852172851562500e+02
7.411964721679687500e+02
7.780916748046875000e+02
8.019456176757812500e+02
8.110418701171875000e+02
7.572897949218750000e+02
9.182363281250000000e+02
7.748607177734375000e+02
8.176934814453125000e+02
6.597116088867187500e+02
9.092987670898437500e+02
7.627244873046875000e+02
8.031821289062500000e+02
6.278698120117187500e+02
7.055287475585937500e+02
7.539788208007812500e+02
8.385072021484375000e+02
4.425044555664062500e+02
8.352000122070312500e+02
7.038230590820312500e+02
7.390196533203125000e+02
6.697213745117187500e+02
6.900289306640625000e+02
6.963410644531250000e+02
8.913945922851562500e+02
8.116398315429687500e+02
7.418270263671875000e+02
6.608461303710937500e+02
8.561251831054687500e+02
9.294209594726562500e+02
8.575637207031250000e+02
7.663552856445312500e+02
7.195173950195312500e+02
7.285902099609375000e+02
7.632001342773437500e+02
7.299314575195312500e+02
7.621526489257812500e+02
8.839189453125000000e+02
7.523081054687500000e+02
7.278220214843750000e+02
5.889064331054687500e+02
9.096141357421875000e+02
9.169032592773437500e+02
7.605443115234375000e+02
5.990762939453125000e+02
8.577226562500000000e+02
7.224307861328125000e+02
8.383067016601562500e+02
6.664781494140625000e+02
5.761232910156250000e+02
6.220827636718750000e+02
7.072606811523437500e+02
7.485294189453125000e+02
7.757198486328125000e+02
7.089058837890625000e+02
7.298425903320312500e+02
1.021859619140625000e+03
8.939108886718750000e+02
9.655828857421875000e+02
6.809356689453125000e+02
6.914665527343750000e+02
7.662684936523437500e+02
7.999384155273437500e+02
8.506942749023437500e+02
8.357228393554687500e+02
7.372972412109375000e+02
9.217623901367187500e+02
6.562329101562500000e+02
6.972502441406250000e+02
8.437085571289062500e+02
6.725540771484375000e+02
6.454131469726562500e+02
8.486440429687500000e+02
8.037738037109375000e+02
6.683226928710937500e+02
6.704778442382812500e+02
5.403320922851562500e+02
7.686396484375000000e+02
9.314790039062500000e+02
5.383995971679687500e+02
7.118856201171875000e+02
8.358671875000000000e+02
6.803903808593750000e+02
8.042848510742187500e+02
6.551873779296875000e+02
7.517233276367187500e+02
8.867399291992187500e+02
8.213172607421875000e+02
7.303547363281250000e+02
6.942192382812500000e+02
7.914296264648437500e+02
7.002653198242187500e+02
7.391254882812500000e+02
6.695684204101562500e+02
7.823023071289062500e+02
7.889615478515625000e+02
7.672796020507812500e+02
7.533640136718750000e+02
6.606519165039062500e+02
6.527111816406250000e+02
9.047257080078125000e+02
7.308859863281250000e+02
8.859797973632812500e+02
8.072773437500000000e+02
9.428521728515625000e+02
7.755732421875000000e+02
8.756097412109375000e+02
7.880409545898437500e+02
7.618681640625000000e+02
7.569733276367187500e+02
8.700742797851562500e+02
6.492519531250000000e+02
8.964927978515625000e+02
7.357077636718750000e+02
7.120042724609375000e+02
7.187817993164062500e+02
7.489006347656250000e+02
8.786541748046875000e+02
8.411419677734375000e+02
9.469487304687500000e+02
7.788618164062500000e+02
8.674930419921875000e+02
7.528004760742187500e+02
7.188602294921875000e+02
7.226830444335937500e+02
7.325708007812500000e+02
8.016638793945312500e+02
7.176921386718750000e+02
7.231654052734375000e+02
7.291159057617187500e+02
6.935934448242187500e+02
6.625686035156250000e+02
9.605003662109375000e+02
9.340302124023437500e+02
7.082623291015625000e+02
1.035609252929687500e+03
6.729255981445312500e+02
8.365557861328125000e+02
8.345775146484375000e+02
8.979957275390625000e+02
7.336840209960937500e+02
7.913810424804687500e+02
8.010177612304687500e+02
6.755112915039062500e+02
8.516030883789062500e+02
6.881149291992187500e+02
9.080490112304687500e+02
1.007079162597656250e+03
7.873327026367187500e+02
8.241417846679687500e+02
8.272899780273437500e+02
6.513638305664062500e+02
8.308149414062500000e+02
6.807526855468750000e+02
9.417754516601562500e+02
9.599277954101562500e+02
8.243625488281250000e+02
8.423610839843750000e+02
7.389890136718750000e+02
6.314292602539062500e+02
8.697221679687500000e+02
6.070617675781250000e+02
8.337077026367187500e+02
8.643225708007812500e+02
7.319262084960937500e+02
7.135319213867187500e+02
6.380946044921875000e+02
1.013178161621093750e+03
8.771069946289062500e+02
5.751130981445312500e+02
9.593002319335937500e+02
7.606213378906250000e+02
7.734675903320312500e+02
8.810808105468750000e+02
7.524644775390625000e+02
6.887658081054687500e+02
7.433897094726562500e+02
7.896669921875000000e+02
8.481456909179687500e+02
7.469006958007812500e+02
7.997788085937500000e+02
7.181318969726562500e+02
8.938195800781250000e+02
6.535570678710937500e+02
7.459960937500000000e+02
9.387518310546875000e+02
7.943247680664062500e+02
8.418489990234375000e+02
6.573103027343750000e+02
9.732254028320312500e+02
7.178579711914062500e+02
8.075988159179687500e+02
8.429368286132812500e+02
6.557477416992187500e+02
7.850050048828125000e+02
6.789859008789062500e+02
7.757795410156250000e+02
6.615011596679687500e+02
7.975138549804687500e+02
8.752302856445312500e+02
7.341104125976562500e+02
8.341029052734375000e+02
7.242974853515625000e+02
7.590845947265625000e+02
8.840639648437500000e+02
8.653062133789062500e+02
5.533189086914062500e+02
7.736613159179687500e+02
9.596160278320312500e+02
7.574007568359375000e+02
6.556779785156250000e+02
8.019790039062500000e+02
6.216599121093750000e+02
7.783367919921875000e+02
7.917879028320312500e+02
6.166903686523437500e+02
7.996116333007812500e+02
7.975848388671875000e+02
8.529830932617187500e+02
7.114226684570312500e+02
6.842587890625000000e+02
7.786713256835937500e+02
7.291384277343750000e+02
6.181828613281250000e+02
8.306570434570312500e+02
7.148967285156250000e+02
8.001033935546875000e+02
8.649869384765625000e+02
7.565744018554687500e+02
7.574205932617187500e+02
9.010927734375000000e+02
7.559685668945312500e+02
6.033350830078125000e+02
7.292581176757812500e+02
7.105291748046875000e+02
6.797603149414062500e+02
6.442553710937500000e+02
8.004985351562500000e+02
8.619052124023437500e+02
5.540250244140625000e+02
5.367199707031250000e+02
7.652515258789062500e+02
8.377821044921875000e+02
1.048350219726562500e+03
6.843120727539062500e+02
7.843386230468750000e+02
8.545490722656250000e+02
6.229704589843750000e+02
8.385128784179687500e+02
7.748312988281250000e+02
4.847049560546875000e+02
6.280953369140625000e+02
7.815001831054687500e+02
8.797296142578125000e+02
6.919280395507812500e+02
7.998298950195312500e+02
8.026445922851562500e+02
8.192623291015625000e+02
6.676403808593750000e+02
7.971668090820312500e+02
5.393295288085937500e+02
7.440557861328125000e+02
6.599082641601562500e+02
7.024247436523437500e+02
8.836280517578125000e+02
6.430344238281250000e+02
8.115194702148437500e+02
7.504353027343750000e+02
6.417589111328125000e+02
8.963685913085937500e+02
9.391301269531250000e+02
7.698214111328125000e+02
7.311271972656250000e+02
7.474400634765625000e+02
8.655451049804687500e+02
5.400096435546875000e+02
8.046097412109375000e+02
7.144605712890625000e+02
6.825589599609375000e+02
6.793418579101562500e+02
9.027554931640625000e+02
6.799727783203125000e+02
9.359162597656250000e+02
7.337798461914062500e+02
5.410527954101562500e+02
1.026111816406250000e+03
7.600354614257812500e+02
8.188449096679687500e+02
8.038151855468750000e+02
5.422946777343750000e+02
6.796361083984375000e+02
6.983499755859375000e+02
8.984196777343750000e+02
6.071113891601562500e+02
6.596422119140625000e+02
7.998717651367187500e+02
8.211877441406250000e+02
8.011710815429687500e+02
8.396875000000000000e+02
6.995600585937500000e+02
8.136299438476562500e+02
8.947915649414062500e+02
6.958412475585937500e+02
9.219610595703125000e+02
5.858880004882812500e+02
5.854272460937500000e+02
8.591654052734375000e+02
7.541426391601562500e+02
8.489845581054687500e+02
1.003615356445312500e+03
6.819547119140625000e+02
7.555040893554687500e+02
6.994175415039062500e+02
7.231954956054687500e+02
8.380401000976562500e+02
8.649315185546875000e+02
5.882493896484375000e+02
7.352933959960937500e+02
7.634687500000000000e+02
7.421466064453125000e+02
7.565189819335937500e+02
9.104586181640625000e+02
8.764118041992187500e+02
7.393919067382812500e+02
8.426327514648437500e+02
6.627885742187500000e+02
7.588567504882812500e+02
8.250166015625000000e+02
9.029776000976562500e+02
7.356072998046875000e+02
7.529315795898437500e+02
8.276430053710937500e+02
7.028732299804687500e+02
6.187213134765625000e+02
9.574464111328125000e+02
7.790419311523437500e+02
7.853535766601562500e+02
6.298820190429687500e+02
8.052117919921875000e+02
7.528914794921875000e+02
6.438471069335937500e+02
5.914022827148437500e+02
6.075295410156250000e+02
7.785652465820312500e+02
8.685270385742187500e+02
8.905611572265625000e+02
7.380032348632812500e+02
8.279085083007812500e+02
8.396865234375000000e+02
8.116248168945312500e+02
8.717780151367187500e+02
6.108883056640625000e+02
7.803504638671875000e+02
7.850437622070312500e+02
6.777314453125000000e+02
8.374689331054687500e+02
7.893005371093750000e+02
7.616204833984375000e+02
8.637788696289062500e+02
7.464119873046875000e+02
9.355433349609375000e+02
7.595878295898437500e+02
6.722939453125000000e+02
7.115999145507812500e+02
4.976293640136718750e+02
7.429996948242187500e+02
6.739468383789062500e+02
7.007388916015625000e+02
8.212648925781250000e+02
7.310952148437500000e+02
8.624733886718750000e+02
6.520842895507812500e+02
8.163672485351562500e+02
6.815772705078125000e+02
7.602526245117187500e+02
6.787136230468750000e+02
6.953943481445312500e+02
8.740221557617187500e+02
8.331010742187500000e+02
7.501370849609375000e+02
9.299113769531250000e+02
7.466423339843750000e+02
7.154586791992187500e+02
8.174935302734375000e+02
6.793552246093750000e+02
7.625846557617187500e+02
8.037293090820312500e+02
7.462556762695312500e+02
7.058830566406250000e+02
8.290338745117187500e+02
7.137838745117187500e+02
6.197057495117187500e+02
8.943197631835937500e+02
9.151728515625000000e+02
5.587092285156250000e+02
8.556520996093750000e+02
7.540839843750000000e+02
6.305862426757812500e+02
6.283290405273437500e+02
7.750375976562500000e+02
8.370781860351562500e+02
5.892308959960937500e+02
9.018207397460937500e+02
9.246934204101562500e+02
6.253681030273437500e+02
7.745220336914062500e+02
7.834552612304687500e+02
7.494871826171875000e+02
6.927212524414062500e+02
5.651231079101562500e+02
7.109136962890625000e+02
4.907563171386718750e+02
8.983800048828125000e+02
8.244237670898437500e+02
7.342077026367187500e+02
7.358472900390625000e+02
5.151524047851562500e+02
7.813446655273437500e+02
7.733966674804687500e+02
6.600590820312500000e+02
7.822314453125000000e+02
6.458809204101562500e+02
4.912295227050781250e+02
6.688327026367187500e+02
5.647289428710937500e+02
5.588742065429687500e+02
8.071767578125000000e+02
7.567010498046875000e+02
7.073451538085937500e+02
8.020610351562500000e+02
6.538596801757812500e+02
7.177189331054687500e+02
8.035127563476562500e+02
8.793634643554687500e+02
8.627355346679687500e+02
7.641178588867187500e+02
7.476671752929687500e+02
7.932788696289062500e+02
6.206997680664062500e+02
6.772961425781250000e+02
8.839081420898437500e+02
8.370949096679687500e+02
5.039165344238281250e+02
7.170582885742187500e+02
1.050080566406250000e+03
6.864586181640625000e+02
7.812305297851562500e+02
6.962420043945312500e+02
8.483967285156250000e+02
7.297276000976562500e+02
5.903965454101562500e+02
5.641112060546875000e+02
7.890449829101562500e+02
7.672647705078125000e+02
6.765353393554687500e+02
8.309235839843750000e+02
1.039932495117187500e+03
7.674293212890625000e+02
6.311204833984375000e+02
6.035410766601562500e+02
7.228243408203125000e+02
7.125001831054687500e+02
9.485386352539062500e+02
8.914857788085937500e+02
7.281128540039062500e+02
7.947514648437500000e+02
8.000783081054687500e+02
9.935927734375000000e+02
1.039743164062500000e+03
9.746097412109375000e+02
8.220017700195312500e+02
7.899234008789062500e+02
1.043574584960937500e+03
8.112079467773437500e+02
1.001003540039062500e+03
6.432811889648437500e+02
9.256461181640625000e+02
7.035378417968750000e+02
7.982537841796875000e+02
6.671878662109375000e+02
8.059602050781250000e+02
7.217131347656250000e+02
8.075443115234375000e+02
6.721407470703125000e+02
8.544936523437500000e+02
8.891713256835937500e+02
7.074994506835937500e+02
6.735283813476562500e+02
6.203198852539062500e+02
7.042576904296875000e+02
6.702950439453125000e+02
6.560178222656250000e+02
8.613914184570312500e+02
9.110517578125000000e+02
6.326970825195312500e+02
7.352305908203125000e+02
8.279931640625000000e+02
8.746915283203125000e+02
8.184831542968750000e+02
7.124990234375000000e+02
8.661610107421875000e+02
7.622962036132812500e+02
8.738106079101562500e+02
7.979800415039062500e+02
6.599081420898437500e+02
7.431661376953125000e+02
5.628292846679687500e+02
8.651648559570312500e+02
6.104165039062500000e+02
9.774996337890625000e+02
8.435247192382812500e+02
7.503566284179687500e+02
7.162172241210937500e+02
7.729049072265625000e+02
7.824421997070312500e+02
1.029862182617187500e+03
6.759754028320312500e+02
6.967138061523437500e+02
8.194447631835937500e+02
7.579966430664062500e+02
5.512830200195312500e+02
7.406153564453125000e+02
7.052412719726562500e+02
8.831032714843750000e+02
9.499659423828125000e+02
6.841248779296875000e+02
8.714496459960937500e+02
8.484063110351562500e+02
9.080510864257812500e+02
7.483916625976562500e+02
7.717061767578125000e+02
7.161356811523437500e+02
8.834356689453125000e+02
8.369567871093750000e+02
6.558384399414062500e+02
9.234486694335937500e+02
5.228295898437500000e+02
8.572453613281250000e+02
7.582959594726562500e+02
7.941677856445312500e+02
8.111036987304687500e+02
8.072329101562500000e+02
9.622113647460937500e+02
6.763876342773437500e+02
7.338388671875000000e+02
7.878247070312500000e+02
6.947376098632812500e+02
8.346563110351562500e+02
1.075259765625000000e+03
7.098746948242187500e+02
6.724592895507812500e+02
7.708306274414062500e+02
6.326806030273437500e+02
8.820935058593750000e+02
7.755875244140625000e+02
9.786167602539062500e+02
7.451804199218750000e+02
7.498615112304687500e+02
8.946703491210937500e+02
7.301719360351562500e+02
7.796951904296875000e+02
8.064723510742187500e+02
6.504880371093750000e+02
9.134616088867187500e+02
6.827396850585937500e+02
8.265871582031250000e+02
9.284064331054687500e+02
8.156740112304687500e+02
6.781686401367187500e+02
6.132723388671875000e+02
6.365133056640625000e+02
7.947301635742187500e+02
8.094131469726562500e+02
7.695614624023437500e+02
7.163400268554687500e+02
6.864899902343750000e+02
8.150124511718750000e+02
7.066878051757812500e+02
6.225642089843750000e+02
6.602888793945312500e+02
6.506676635742187500e+02
8.536132202148437500e+02
8.178102416992187500e+02
7.633161010742187500e+02
5.744030151367187500e+02
8.334766235351562500e+02
8.118008422851562500e+02
6.406173095703125000e+02
8.334018554687500000e+02
8.244339599609375000e+02
6.369467773437500000e+02
8.360794067382812500e+02
7.182409057617187500e+02
6.514818725585937500e+02
8.018273925781250000e+02
7.703746948242187500e+02
8.832682495117187500e+02
6.197719726562500000e+02
6.648107299804687500e+02
6.158842163085937500e+02
8.525366821289062500e+02
1.088423339843750000e+03
8.212975463867187500e+02
8.578209838867187500e+02
7.347084960937500000e+02
7.825147094726562500e+02
6.866108398437500000e+02
7.060510253906250000e+02
6.944508666992187500e+02
6.887391357421875000e+02
5.360990600585937500e+02
7.994285278320312500e+02
7.505786132812500000e+02
6.225187988281250000e+02
7.758444213867187500e+02
6.601369018554687500e+02
7.353189086914062500e+02
7.274174804687500000e+02
9.044423217773437500e+02
7.101059570312500000e+02
6.749611206054687500e+02
7.604256591796875000e+02
6.161744995117187500e+02
7.550481567382812500e+02
8.278101196289062500e+02
7.773578491210937500e+02
8.740057373046875000e+02
8.873991088867187500e+02
9.203495483398437500e+02
6.225159912109375000e+02
8.776019287109375000e+02
8.904103393554687500e+02
6.378087768554687500e+02
8.267034912109375000e+02
7.527100830078125000e+02
6.352322998046875000e+02
5.256005859375000000e+02
8.392556762695312500e+02
7.715859985351562500e+02
7.212407836914062500e+02
7.309634399414062500e+02
6.166471557617187500e+02
7.425946655273437500e+02
6.237753906250000000e+02
7.679000854492187500e+02
7.480460205078125000e+02
8.367372436523437500e+02
7.285393676757812500e+02
7.553402099609375000e+02
9.667508544921875000e+02
7.373184204101562500e+02
6.017062988281250000e+02
7.623660278320312500e+02
6.578626098632812500e+02
7.854903564453125000e+02
7.755266113281250000e+02
6.977886962890625000e+02
8.358022460937500000e+02
6.294500122070312500e+02
7.219305419921875000e+02
1.007437072753906250e+03
8.109440307617187500e+02
8.050565795898437500e+02
6.794751586914062500e+02
9.094370727539062500e+02
6.884048461914062500e+02
6.852275390625000000e+02
6.259948120117187500e+02
7.814249267578125000e+02
5.568076171875000000e+02
7.874896850585937500e+02
8.302421875000000000e+02
7.727568969726562500e+02
8.536636352539062500e+02
7.773574829101562500e+02
5.558688354492187500e+02
9.009265136718750000e+02
8.627901000976562500e+02
8.802233886718750000e+02
9.588247680664062500e+02
7.269159545898437500e+02
6.575969848632812500e+02
5.178211669921875000e+02
8.733386840820312500e+02
6.554006347656250000e+02
7.584967041015625000e+02
6.375897216796875000e+02
6.636570434570312500e+02
6.449198608398437500e+02
6.798649291992187500e+02
7.259794921875000000e+02
6.969834594726562500e+02
7.571116333007812500e+02
7.455944213867187500e+02
7.005172119140625000e+02
7.509335327148437500e+02
7.363049926757812500e+02
8.248573608398437500e+02
7.890048217773437500e+02
7.785952758789062500e+02
7.533868408203125000e+02
9.108054199218750000e+02
7.187249755859375000e+02
6.835455322265625000e+02
6.230049438476562500e+02
8.164099121093750000e+02
5.864365844726562500e+02
5.417362060546875000e+02
7.448052978515625000e+02
7.591192016601562500e+02
6.436643676757812500e+02
7.528289184570312500e+02
9.836185302734375000e+02
8.224636230468750000e+02
9.144739990234375000e+02
6.302754516601562500e+02
9.113172607421875000e+02
9.006284790039062500e+02
1.034814453125000000e+03
5.962724609375000000e+02
7.569941406250000000e+02
8.817431030273437500e+02
7.982407836914062500e+02
9.373255004882812500e+02
7.378758544921875000e+02
6.079245605468750000e+02
5.307785644531250000e+02
9.031962280273437500e+02
5.390319213867187500e+02
7.419836425781250000e+02
7.492999267578125000e+02
8.333353271484375000e+02
7.731315307617187500e+02
8.811541748046875000e+02
6.294445190429687500e+02
4.919007263183593750e+02
6.575549316406250000e+02
7.636138916015625000e+02
6.927012329101562500e+02
8.711769409179687500e+02
9.655458984375000000e+02
7.198475341796875000e+02
8.790067749023437500e+02
6.557214355468750000e+02
7.359890136718750000e+02
8.530090942382812500e+02
7.340157470703125000e+02
6.991580200195312500e+02
6.899223632812500000e+02
7.415411376953125000e+02
7.109095458984375000e+02
7.585388793945312500e+02
7.853004760742187500e+02
6.994093017578125000e+02
7.411119995117187500e+02
6.159185180664062500e+02
8.124039306640625000e+02
7.517627563476562500e+02
8.797096557617187500e+02
9.113530273437500000e+02
8.778781738281250000e+02
8.248920288085937500e+02
6.954385986328125000e+02
5.627883300781250000e+02
7.074390258789062500e+02
6.857380371093750000e+02
9.248966064453125000e+02
7.120711669921875000e+02
6.521812744140625000e+02
8.468933105468750000e+02
5.089302978515625000e+02
8.292045288085937500e+02
7.587269897460937500e+02
7.030642700195312500e+02
8.059376831054687500e+02
6.855222778320312500e+02
6.239556274414062500e+02
7.125991210937500000e+02
5.134023437500000000e+02
7.277525634765625000e+02
8.712674560546875000e+02
9.099701538085937500e+02
8.209104614257812500e+02
4.705989990234375000e+02
7.458425903320312500e+02
8.617022094726562500e+02
8.731370239257812500e+02
7.710783691406250000e+02
9.486320190429687500e+02
9.218890991210937500e+02
1.011810058593750000e+03
1.038921264648437500e+03
7.059769287109375000e+02
9.000166015625000000e+02
8.229741210937500000e+02
5.825177001953125000e+02
8.094381713867187500e+02
7.486356201171875000e+02
6.546367187500000000e+02
7.845459594726562500e+02
8.305545043945312500e+02
6.581618652343750000e+02
8.839808959960937500e+02
7.294355468750000000e+02
6.369158935546875000e+02
8.041916503906250000e+02
7.605036621093750000e+02
6.626919555664062500e+02
7.374948120117187500e+02
7.584321899414062500e+02
9.494412231445312500e+02
8.083353881835937500e+02
8.160431518554687500e+02
9.170633544921875000e+02
7.707053222656250000e+02
6.479485473632812500e+02
5.046331787109375000e+02
9.124998779296875000e+02
8.765233154296875000e+02
9.421449584960937500e+02
9.043209228515625000e+02
7.896648559570312500e+02
6.677549438476562500e+02
6.716924438476562500e+02
9.464501953125000000e+02
1.026390380859375000e+03
8.581640014648437500e+02
8.789210205078125000e+02
8.072442016601562500e+02
9.626244506835937500e+02
5.324127807617187500e+02
7.157035522460937500e+02
7.536728515625000000e+02
9.210170898437500000e+02
9.209724731445312500e+02
6.807872924804687500e+02
8.287494506835937500e+02
5.268172607421875000e+02
6.057862548828125000e+02
5.766746826171875000e+02
9.234191284179687500e+02
7.542263793945312500e+02
7.153951416015625000e+02
6.592025146484375000e+02
6.935056762695312500e+02
5.411338500976562500e+02
7.990823364257812500e+02
8.234551391601562500e+02
6.741867065429687500e+02
6.956130981445312500e+02
1.007151245117187500e+03
6.999475097656250000e+02
6.659231567382812500e+02
7.150705566406250000e+02
9.732459106445312500e+02
7.673206176757812500e+02
5.902745971679687500e+02
9.734726562500000000e+02
8.754077148437500000e+02
6.064228515625000000e+02
8.928267822265625000e+02
5.888210449218750000e+02
8.501210937500000000e+02
5.434952392578125000e+02
6.507188720703125000e+02
8.319467773437500000e+02
8.192744750976562500e+02
8.797398681640625000e+02
7.633955078125000000e+02
9.234868774414062500e+02
7.707794799804687500e+02
6.626004638671875000e+02
7.968983764648437500e+02
6.220949096679687500e+02
7.402987060546875000e+02
7.961239624023437500e+02
7.948140258789062500e+02
7.428713989257812500e+02
7.704394531250000000e+02
8.257684936523437500e+02
8.253176269531250000e+02
6.681437377929687500e+02
7.638125000000000000e+02
7.879701538085937500e+02
6.642062988281250000e+02
6.897874755859375000e+02
7.670018920898437500e+02
5.865780639648437500e+02
8.359885864257812500e+02
6.404987792968750000e+02
7.158029785156250000e+02
7.335860595703125000e+02
7.827427978515625000e+02
6.523400268554687500e+02
9.613634033203125000e+02
8.415991210937500000e+02
7.600686035156250000e+02
8.250778808593750000e+02
7.468740234375000000e+02
9.117087402343750000e+02
7.241464843750000000e+02
6.993482055664062500e+02
6.061758422851562500e+02
6.958946533203125000e+02
8.359392089843750000e+02
6.435123291015625000e+02
7.360292968750000000e+02
7.605300903320312500e+02
8.675404052734375000e+02
8.100024414062500000e+02
7.555278930664062500e+02
6.476725463867187500e+02
6.066724243164062500e+02
7.241793823242187500e+02
9.833059692382812500e+02
8.578778076171875000e+02
7.465718994140625000e+02
6.500581665039062500e+02
7.943608398437500000e+02
8.731150512695312500e+02
6.612086181640625000e+02
7.351806640625000000e+02
8.390860595703125000e+02
5.511581420898437500e+02
7.661511840820312500e+02
5.845919189453125000e+02
5.858649902343750000e+02
7.308322143554687500e+02
6.802042236328125000e+02
6.429196166992187500e+02
7.960856323242187500e+02
8.837316894531250000e+02
7.431715698242187500e+02
7.470722045898437500e+02
5.218751831054687500e+02
8.457612915039062500e+02
6.068200683593750000e+02
6.313740234375000000e+02
8.692354736328125000e+02
8.402856445312500000e+02
7.829422607421875000e+02
6.930556030273437500e+02
7.323555908203125000e+02
8.060482788085937500e+02
8.365036621093750000e+02
6.531563720703125000e+02
6.552331542968750000e+02
7.659219970703125000e+02
6.743724365234375000e+02
6.550228271484375000e+02
7.995670776367187500e+02
9.026705932617187500e+02
7.422982788085937500e+02
6.300657958984375000e+02
7.550318603515625000e+02
7.402839965820312500e+02
6.332818603515625000e+02
5.917017822265625000e+02
7.889636230468750000e+02
7.629201049804687500e+02
8.392719726562500000e+02
6.959151611328125000e+02
1.006121276855468750e+03
7.424882812500000000e+02
5.406462402343750000e+02
6.675601806640625000e+02
7.644276123046875000e+02
8.332418823242187500e+02
6.586566162109375000e+02
9.766460571289062500e+02
5.968955688476562500e+02
7.655207519531250000e+02
9.657680053710937500e+02
8.734810180664062500e+02
6.868208007812500000e+02
8.673336791992187500e+02
8.448037109375000000e+02
7.398590087890625000e+02
7.771666870117187500e+02
9.516623535156250000e+02
6.521904296875000000e+02
1.025802001953125000e+03
8.714838867187500000e+02
8.795446777343750000e+02
7.648004760742187500e+02
7.811505737304687500e+02
8.446920166015625000e+02
7.148013305664062500e+02
7.327860107421875000e+02
7.979565429687500000e+02
8.135355224609375000e+02
6.521102905273437500e+02
6.790238647460937500e+02
6.867828979492187500e+02
6.146376953125000000e+02
9.085595703125000000e+02
8.987517089843750000e+02
5.120379638671875000e+02
8.558046875000000000e+02
7.857501220703125000e+02
8.546973266601562500e+02
5.970523071289062500e+02
7.522460327148437500e+02
7.250039062500000000e+02
8.191037597656250000e+02
1.007528198242187500e+03
6.478491821289062500e+02
8.613070068359375000e+02
8.722337036132812500e+02
7.898981933593750000e+02
8.022302856445312500e+02
7.850677490234375000e+02
1.067506591796875000e+03
8.334425048828125000e+02
8.917608642578125000e+02
7.029651489257812500e+02
8.736357421875000000e+02
8.443873291015625000e+02
6.067870483398437500e+02
7.684197998046875000e+02
8.135138549804687500e+02
8.103815307617187500e+02
7.305873413085937500e+02
6.407567749023437500e+02
6.753198852539062500e+02
7.621490478515625000e+02
1.044186523437500000e+03
8.121969604492187500e+02
5.216157836914062500e+02
6.108702392578125000e+02
7.807182006835937500e+02
6.008308715820312500e+02
5.403057861328125000e+02
6.364125366210937500e+02
7.761548461914062500e+02
8.379927368164062500e+02
5.518462524414062500e+02
8.012626953125000000e+02
7.891632690429687500e+02
9.033243408203125000e+02
8.015727539062500000e+02
6.755389404296875000e+02
8.036778564453125000e+02
7.433250732421875000e+02
9.485102539062500000e+02
6.711321411132812500e+02
4.990826416015625000e+02
8.203569946289062500e+02
7.857373657226562500e+02
5.288645019531250000e+02
7.813884277343750000e+02
6.050017089843750000e+02
7.912691040039062500e+02
6.524135742187500000e+02
8.837907104492187500e+02
7.978021240234375000e+02
8.961820678710937500e+02
6.383176269531250000e+02
8.115961303710937500e+02
7.867753295898437500e+02
9.257272338867187500e+02
9.617129516601562500e+02
6.442964477539062500e+02
6.838925170898437500e+02
7.416819458007812500e+02
8.361247558593750000e+02
1.011062316894531250e+03
8.755720825195312500e+02
9.690586547851562500e+02
7.167194213867187500e+02
7.454069213867187500e+02
9.379860229492187500e+02
7.237450561523437500e+02
8.619121704101562500e+02
9.182005615234375000e+02
1.017714111328125000e+03
9.312966308593750000e+02
5.656256103515625000e+02
1.007418579101562500e+03
6.321975097656250000e+02
6.126259155273437500e+02
7.402294921875000000e+02
7.367452392578125000e+02
8.481854248046875000e+02
9.088291015625000000e+02
9.465803222656250000e+02
6.251276855468750000e+02
8.434734497070312500e+02
7.509996948242187500e+02
9.160619506835937500e+02
9.286268310546875000e+02
1.088830444335937500e+03
8.695446166992187500e+02
6.328966674804687500e+02
7.194785766601562500e+02
6.733812255859375000e+02
6.578146362304687500e+02
8.312382202148437500e+02
7.371630859375000000e+02
7.603760375976562500e+02
7.147586669921875000e+02
7.032328491210937500e+02
5.612975463867187500e+02
7.438545532226562500e+02
8.675348510742187500e+02
8.491788940429687500e+02
7.231354980468750000e+02
9.039490356445312500e+02
6.005840454101562500e+02
8.008461303710937500e+02
8.718214721679687500e+02
7.440458984375000000e+02
5.837427978515625000e+02
8.751157226562500000e+02
6.990482177734375000e+02
9.176684570312500000e+02
9.665089111328125000e+02
8.030163574218750000e+02
6.667350463867187500e+02
5.502220458984375000e+02
1.149585449218750000e+03
5.583031005859375000e+02
9.005668334960937500e+02
8.172857055664062500e+02
6.962678833007812500e+02
7.652138061523437500e+02
6.295532836914062500e+02
8.130956420898437500e+02
6.144821777343750000e+02
7.245059814453125000e+02
8.068137207031250000e+02
8.774179687500000000e+02
8.400673828125000000e+02
8.170595092773437500e+02
6.199521484375000000e+02
7.428691406250000000e+02
7.700438842773437500e+02
7.181620483398437500e+02
7.072572021484375000e+02
6.391857299804687500e+02
8.137994995117187500e+02
8.259287719726562500e+02
8.080602416992187500e+02
7.198187866210937500e+02
8.406282348632812500e+02
7.763430175781250000e+02
8.083920288085937500e+02
6.377382202148437500e+02
8.785900268554687500e+02
8.396629028320312500e+02
1.083454833984375000e+03
9.789669189453125000e+02
7.103009033203125000e+02
6.999545898437500000e+02
6.526231689453125000e+02
8.834149169921875000e+02
8.435359497070312500e+02
7.670341186523437500e+02
7.715345458984375000e+02
6.632308959960937500e+02
6.926477050781250000e+02
7.646178588867187500e+02
6.718894042968750000e+02
8.301973266601562500e+02
8.058237304687500000e+02
7.106005249023437500e+02
7.199309082031250000e+02
6.120690307617187500e+02
1.009948852539062500e+03
7.447556762695312500e+02
7.322215576171875000e+02
6.466496582031250000e+02
5.910690307617187500e+02
8.130624389648437500e+02
9.699526977539062500e+02
5.683123779296875000e+02
7.801265258789062500e+02
8.548330078125000000e+02
8.408322753906250000e+02
6.453334960937500000e+02
7.304874877929687500e+02
7.104645385742187500e+02
9.128726806640625000e+02
6.103367309570312500e+02
7.116954345703125000e+02
8.058826904296875000e+02
6.270173950195312500e+02
8.168715209960937500e+02
8.194655151367187500e+02
7.538657836914062500e+02
8.603211059570312500e+02
7.930847778320312500e+02
8.140844116210937500e+02
7.151335449218750000e+02
7.831286621093750000e+02
8.620882568359375000e+02
8.079536132812500000e+02
7.413034667968750000e+02
7.998078002929687500e+02
6.060983886718750000e+02
9.512274169921875000e+02
5.633887939453125000e+02
7.645754394531250000e+02
6.589081420898437500e+02
7.670386352539062500e+02
9.914608764648437500e+02
9.636254272460937500e+02
7.820786743164062500e+02
7.479581298828125000e+02
8.636947631835937500e+02
9.304003295898437500e+02
5.825165405273437500e+02
7.439975585937500000e+02
6.559174194335937500e+02
8.547434692382812500e+02
8.235704345703125000e+02
8.715963134765625000e+02
1.048008666992187500e+03
7.338760375976562500e+02
7.148770751953125000e+02
7.802873535156250000e+02
7.507081909179687500e+02
6.929067993164062500e+02
9.615437011718750000e+02
7.613125000000000000e+02
9.650070190429687500e+02
8.109513549804687500e+02
7.843333740234375000e+02
7.090759887695312500e+02
7.076437377929687500e+02
8.038305053710937500e+02
9.405089111328125000e+02
7.897753906250000000e+02
6.456557006835937500e+02
7.896502075195312500e+02
8.564790649414062500e+02
8.347063598632812500e+02
8.672498168945312500e+02
8.032235717773437500e+02
6.647305908203125000e+02
7.942199096679687500e+02
5.733451538085937500e+02
8.545023803710937500e+02
9.373654174804687500e+02
7.867606201171875000e+02
6.285802612304687500e+02
7.832923583984375000e+02
7.431050415039062500e+02
8.673260498046875000e+02
7.875657348632812500e+02
7.771373901367187500e+02
8.811763305664062500e+02
8.412335205078125000e+02
7.704220581054687500e+02
8.280391235351562500e+02
8.292252807617187500e+02
8.490663452148437500e+02
8.669829711914062500e+02
7.186536254882812500e+02
7.075881958007812500e+02
6.669236450195312500e+02
7.395088500976562500e+02
9.047631835937500000e+02
9.066178588867187500e+02
7.554298706054687500e+02
7.513436889648437500e+02
8.334448852539062500e+02
8.156805419921875000e+02
8.087441406250000000e+02
8.808288574218750000e+02
9.097235107421875000e+02
6.343823242187500000e+02
6.118443603515625000e+02
8.961252441406250000e+02
6.448510742187500000e+02
8.449799194335937500e+02
7.261983642578125000e+02
7.511503906250000000e+02
6.929239501953125000e+02
7.556710205078125000e+02
7.668782348632812500e+02
7.649198608398437500e+02
6.385697631835937500e+02
8.892197875976562500e+02
6.137499389648437500e+02
8.289602050781250000e+02
6.459797973632812500e+02
7.402518310546875000e+02
8.915261230468750000e+02
7.970018310546875000e+02
8.191868896484375000e+02
9.676437988281250000e+02
9.686332397460937500e+02
7.680851440429687500e+02
6.228407592773437500e+02
7.522113647460937500e+02
5.366534423828125000e+02
7.232977905273437500e+02
9.602561035156250000e+02
9.735585327148437500e+02
8.880542602539062500e+02
8.300680541992187500e+02
6.819703369140625000e+02
9.032125854492187500e+02
8.012503051757812500e+02
5.264940185546875000e+02
7.225009155273437500e+02
6.767005004882812500e+02
7.981322631835937500e+02
8.423002319335937500e+02
7.322708129882812500e+02
8.999731445312500000e+02
8.547225952148437500e+02
9.105789794921875000e+02
7.521450195312500000e+02
8.503181152343750000e+02
8.330486450195312500e+02
9.486194458007812500e+02
6.728418579101562500e+02
7.180475463867187500e+02
7.010963745117187500e+02
7.886220092773437500e+02
8.520010375976562500e+02
7.311417846679687500e+02
7.918323974609375000e+02
6.873890380859375000e+02
8.706160278320312500e+02
8.697519531250000000e+02
8.601052856445312500e+02
8.292628173828125000e+02
9.242143554687500000e+02
7.445918579101562500e+02
8.895981445312500000e+02
9.449258422851562500e+02
9.627819824218750000e+02
7.680616455078125000e+02
6.552601318359375000e+02
7.435054931640625000e+02
8.070753173828125000e+02
6.008580322265625000e+02
8.021052856445312500e+02
9.720744628906250000e+02
6.935136718750000000e+02
7.616889648437500000e+02
5.147852172851562500e+02
9.497760009765625000e+02
8.784075927734375000e+02
8.190706787109375000e+02
7.827946777343750000e+02
6.579136962890625000e+02
7.344790039062500000e+02
9.124552612304687500e+02
6.156664428710937500e+02
4.774981384277343750e+02
8.214777221679687500e+02
6.956226806640625000e+02
7.009910278320312500e+02
7.273782348632812500e+02
6.296486206054687500e+02
6.571414184570312500e+02
4.941027526855468750e+02
7.790158081054687500e+02
7.085642700195312500e+02
6.882682495117187500e+02
6.562725830078125000e+02
6.949583129882812500e+02
7.936588134765625000e+02
9.776532592773437500e+02
8.165783691406250000e+02
8.413599243164062500e+02
7.959625854492187500e+02
8.042015380859375000e+02
6.927174682617187500e+02
6.026770019531250000e+02
8.356901245117187500e+02
7.062528076171875000e+02
9.880192871093750000e+02
6.452459716796875000e+02
8.578648071289062500e+02
5.203629760742187500e+02
7.435408325195312500e+02
7.386868286132812500e+02
9.048727416992187500e+02
8.821507568359375000e+02
9.042922363281250000e+02
7.823919067382812500e+02
7.928379516601562500e+02
7.539667968750000000e+02
9.111612548828125000e+02
7.821057128906250000e+02
8.829042968750000000e+02
7.612915649414062500e+02
6.331504516601562500e+02
9.026787719726562500e+02
9.547730712890625000e+02
7.207341308593750000e+02
7.174331665039062500e+02
7.960839233398437500e+02
7.171181640625000000e+02
8.379613037109375000e+02
7.752044677734375000e+02
7.560521850585937500e+02
6.896146850585937500e+02
8.416852416992187500e+02
9.917033691406250000e+02
7.313530883789062500e+02
8.392398071289062500e+02
6.428378906250000000e+02
6.688403930664062500e+02
7.522065429687500000e+02
7.519210205078125000e+02
7.642200927734375000e+02
7.402721557617187500e+02
9.519962158203125000e+02
8.822875366210937500e+02
8.410805053710937500e+02
6.861536254882812500e+02
9.779713745117187500e+02
1.085591796875000000e+03
7.782111206054687500e+02
7.515075073242187500e+02
8.612400512695312500e+02
9.557172241210937500e+02
7.007053833007812500e+02
6.958939819335937500e+02
6.441906738281250000e+02
5.609035034179687500e+02
8.886974487304687500e+02
7.970084228515625000e+02
9.145187377929687500e+02
8.067007446289062500e+02
7.609953002929687500e+02
5.775105590820312500e+02
7.766598510742187500e+02
6.349769897460937500e+02
6.809274902343750000e+02
8.810803833007812500e+02
8.171326904296875000e+02
8.600900268554687500e+02
8.733847656250000000e+02
4.467666320800781250e+02
6.567411499023437500e+02
7.236900024414062500e+02
8.687541503906250000e+02
9.588355712890625000e+02
7.349241333007812500e+02
5.702180786132812500e+02
7.047472534179687500e+02
7.994127807617187500e+02
8.499199829101562500e+02
6.716376953125000000e+02
7.277371215820312500e+02
7.473574829101562500e+02
7.043370971679687500e+02
8.249544677734375000e+02
6.159696044921875000e+02
8.990987548828125000e+02
7.933217163085937500e+02
8.259561767578125000e+02
1.017011779785156250e+03
7.438908081054687500e+02
6.678998413085937500e+02
7.355948486328125000e+02
8.797036132812500000e+02
9.194535522460937500e+02
7.765028076171875000e+02
8.505228271484375000e+02
9.414798583984375000e+02
7.343284912109375000e+02
7.873233642578125000e+02
8.841321411132812500e+02
8.829032592773437500e+02
6.994290771484375000e+02
7.083458251953125000e+02
7.516792602539062500e+02
7.126888427734375000e+02
8.547037353515625000e+02
8.127877807617187500e+02
9.862946166992187500e+02
7.621978759765625000e+02
8.984163208007812500e+02
6.912625122070312500e+02
8.099829101562500000e+02
7.477468261718750000e+02
7.658808593750000000e+02
7.223630981445312500e+02
8.198522338867187500e+02
7.586408691406250000e+02
7.375276489257812500e+02
7.032586669921875000e+02
7.677519531250000000e+02
7.867946777343750000e+02
5.904332275390625000e+02
6.941917114257812500e+02
7.461339721679687500e+02
6.624270019531250000e+02
6.732719726562500000e+02
7.003073730468750000e+02
7.485494384765625000e+02
7.571809082031250000e+02
8.507866821289062500e+02
7.694552001953125000e+02
5.649340820312500000e+02
6.612714843750000000e+02
8.251585693359375000e+02
9.236624755859375000e+02
6.806691894531250000e+02
8.121901855468750000e+02
6.950717773437500000e+02
7.582286376953125000e+02
5.992568969726562500e+02
9.019167480468750000e+02
6.108972167968750000e+02
9.310269165039062500e+02
9.009155273437500000e+02
9.189002075195312500e+02
5.394425659179687500e+02
9.658644409179687500e+02
6.603280639648437500e+02
9.166250000000000000e+02
6.872583618164062500e+02
8.763762817382812500e+02
7.188804931640625000e+02
8.023271484375000000e+02
6.670682373046875000e+02
7.950243530273437500e+02
6.894401245117187500e+02
8.177147216796875000e+02
6.997479858398437500e+02
8.574165649414062500e+02
6.456324462890625000e+02
7.382003173828125000e+02
5.784260864257812500e+02
8.739837646484375000e+02
7.344093017578125000e+02
5.968838500976562500e+02
6.979974975585937500e+02
7.433437500000000000e+02
7.861702880859375000e+02
9.271445312500000000e+02
7.499716796875000000e+02
7.156749267578125000e+02
8.318696289062500000e+02
7.316792602539062500e+02
7.839937744140625000e+02
5.814347534179687500e+02
7.149331054687500000e+02
7.495984497070312500e+02
8.006500244140625000e+02
7.375701904296875000e+02
9.328263549804687500e+02
8.568178710937500000e+02
6.596774291992187500e+02
8.301222534179687500e+02
9.405901489257812500e+02
6.685731201171875000e+02
9.854942626953125000e+02
7.849969482421875000e+02
8.987745361328125000e+02
7.535537719726562500e+02
7.628208618164062500e+02
8.698007202148437500e+02
6.528032836914062500e+02
9.058452148437500000e+02
8.109615478515625000e+02
7.747152709960937500e+02
6.124826049804687500e+02
7.198596191406250000e+02
7.278886108398437500e+02
7.833402709960937500e+02
8.944948120117187500e+02
6.686965942382812500e+02
9.870918579101562500e+02
6.976219482421875000e+02
8.869799804687500000e+02
6.690945434570312500e+02
7.243108520507812500e+02
8.096868896484375000e+02
7.087736206054687500e+02
9.045503540039062500e+02
7.616375732421875000e+02
9.337509765625000000e+02
8.457304077148437500e+02
7.289097290039062500e+02
6.716234741210937500e+02
6.241218261718750000e+02
5.989017944335937500e+02
7.094123535156250000e+02
7.698401489257812500e+02
8.233989257812500000e+02
6.741416625976562500e+02
7.093758544921875000e+02
6.630230102539062500e+02
6.959780273437500000e+02
7.686650390625000000e+02
7.496102905273437500e+02
8.165512695312500000e+02
9.980076293945312500e+02
8.368564453125000000e+02
9.702589111328125000e+02
8.426894531250000000e+02
1.007227966308593750e+03
3.855105590820312500e+02
7.600643310546875000e+02
8.072376708984375000e+02
6.811430053710937500e+02
5.568218383789062500e+02
6.396483154296875000e+02
8.035405273437500000e+02
7.369660034179687500e+02
7.103419799804687500e+02
7.190056762695312500e+02
7.656492309570312500e+02
7.808414306640625000e+02
8.615147705078125000e+02
7.606376953125000000e+02
1.040522094726562500e+03
6.364344482421875000e+02
5.980990600585937500e+02
6.249189453125000000e+02
1.037100952148437500e+03
6.310345458984375000e+02
6.943970947265625000e+02
8.496638183593750000e+02
7.957821044921875000e+02
7.848489379882812500e+02
7.595014038085937500e+02
8.360723876953125000e+02
6.027370605468750000e+02
6.882259521484375000e+02
9.015232543945312500e+02
7.195079345703125000e+02
8.200617065429687500e+02
6.829794311523437500e+02
8.263995971679687500e+02
7.745645751953125000e+02
9.626000976562500000e+02
7.188602294921875000e+02
8.646304931640625000e+02
8.356306762695312500e+02
9.443314208984375000e+02
8.674077148437500000e+02
6.155451049804687500e+02
6.709440917968750000e+02
7.510995483398437500e+02
7.561063232421875000e+02
7.273062133789062500e+02
6.438064575195312500e+02
7.613739624023437500e+02
9.773771362304687500e+02
7.896046752929687500e+02
8.513092041015625000e+02
6.488272094726562500e+02
7.247888183593750000e+02
7.759322509765625000e+02
8.589230346679687500e+02
6.160454101562500000e+02
9.450257568359375000e+02
7.216514892578125000e+02
9.228662109375000000e+02
6.782187500000000000e+02
8.658126220703125000e+02
7.598717651367187500e+02
9.578114013671875000e+02
6.912352905273437500e+02
5.572363281250000000e+02
7.840651245117187500e+02
6.919752807617187500e+02
6.162412719726562500e+02
7.085151367187500000e+02
9.916194458007812500e+02
9.512829589843750000e+02
7.955684814453125000e+02
8.465985717773437500e+02
7.974016113281250000e+02
7.350501708984375000e+02
9.624898071289062500e+02
6.848607788085937500e+02
7.924970092773437500e+02
7.590845336914062500e+02
6.108813476562500000e+02
7.091561279296875000e+02
8.224884643554687500e+02
1.002818359375000000e+03
8.336454467773437500e+02
6.727036132812500000e+02
7.086142578125000000e+02
7.794223632812500000e+02
6.154481811523437500e+02
9.034197387695312500e+02
6.744390869140625000e+02
7.802340698242187500e+02
6.427694702148437500e+02
9.500706787109375000e+02
7.003898925781250000e+02
8.550559082031250000e+02
9.419176635742187500e+02
6.185250244140625000e+02
7.635764160156250000e+02
8.485480346679687500e+02
7.694035644531250000e+02
9.729305419921875000e+02
6.542864990234375000e+02
9.712272338867187500e+02
5.781125488281250000e+02
9.299327392578125000e+02
7.100319824218750000e+02
9.260459594726562500e+02
8.434497680664062500e+02
8.872593383789062500e+02
8.965585327148437500e+02
9.250944213867187500e+02
6.531984252929687500e+02
6.810138549804687500e+02
5.663169555664062500e+02
8.666981811523437500e+02
8.597286376953125000e+02
8.720280151367187500e+02
9.240339355468750000e+02
7.318592529296875000e+02
8.538657226562500000e+02
7.398021850585937500e+02
7.748322143554687500e+02
7.344330444335937500e+02
7.804036865234375000e+02
7.850029296875000000e+02
8.500622558593750000e+02
6.488908081054687500e+02
6.622416992187500000e+02
8.522833251953125000e+02
9.191429443359375000e+02
8.587020874023437500e+02
7.642716064453125000e+02
7.330639038085937500e+02
8.748734741210937500e+02
6.908956909179687500e+02
8.474858398437500000e+02
7.721772460937500000e+02
8.733779907226562500e+02
8.445737915039062500e+02
7.566831054687500000e+02
9.486563720703125000e+02
6.530223999023437500e+02
7.528085937500000000e+02
7.216095581054687500e+02
7.144438476562500000e+02
6.490145874023437500e+02
6.458093872070312500e+02
7.096416015625000000e+02
8.619185180664062500e+02
6.899709472656250000e+02
8.352232666015625000e+02
1.114542358398437500e+03
8.506530151367187500e+02
6.689207763671875000e+02
7.248007812500000000e+02
5.214055175781250000e+02
7.521808471679687500e+02
6.757679443359375000e+02
7.133341064453125000e+02
8.198173217773437500e+02
8.320049438476562500e+02
8.540374145507812500e+02
9.815114135742187500e+02
7.544989013671875000e+02
8.547926025390625000e+02
7.483867797851562500e+02
7.677070922851562500e+02
7.555962524414062500e+02
8.373397827148437500e+02
9.804690551757812500e+02
6.578963012695312500e+02
7.242677612304687500e+02
7.982193603515625000e+02
6.814364624023437500e+02
6.818518066406250000e+02
6.765055541992187500e+02
9.477294311523437500e+02
8.089396972656250000e+02
7.418700561523437500e+02
7.433616333007812500e+02
8.565504150390625000e+02
7.782883911132812500e+02
7.426201171875000000e+02
9.358703613281250000e+02
1.022992492675781250e+03
7.010620117187500000e+02
8.502940673828125000e+02
7.882421875000000000e+02
7.634241333007812500e+02
7.597299804687500000e+02
7.341805419921875000e+02
8.570733032226562500e+02
9.413540039062500000e+02
9.111142578125000000e+02
8.968402099609375000e+02
6.566731567382812500e+02
7.271052856445312500e+02
6.659502563476562500e+02
5.176961669921875000e+02
8.677536621093750000e+02
7.998703613281250000e+02
7.568034057617187500e+02
8.305187377929687500e+02
7.815139770507812500e+02
8.471671752929687500e+02
8.482695922851562500e+02
9.862631225585937500e+02
5.971863403320312500e+02
1.008584472656250000e+03
9.124454956054687500e+02
8.902747192382812500e+02
5.965994873046875000e+02
6.733434448242187500e+02
7.498231201171875000e+02
8.767163696289062500e+02
7.004971923828125000e+02
6.642419433593750000e+02
7.163348999023437500e+02
7.922677612304687500e+02
8.286906127929687500e+02
7.761804199218750000e+02
8.246163330078125000e+02
8.148541870117187500e+02
7.231232299804687500e+02
7.118719482421875000e+02
7.900266723632812500e+02
5.815115356445312500e+02
9.034226684570312500e+02
7.411766357421875000e+02
7.804813232421875000e+02
6.911211547851562500e+02
6.754365234375000000e+02
8.162305297851562500e+02
8.163468017578125000e+02
8.231439819335937500e+02
3.880816345214843750e+02
7.640577392578125000e+02
7.995614624023437500e+02
7.629222412109375000e+02
9.154425659179687500e+02
7.676580200195312500e+02
7.045357666015625000e+02
7.707149658203125000e+02
8.816363525390625000e+02
9.198801269531250000e+02
6.957335815429687500e+02
8.184656982421875000e+02
9.415917968750000000e+02
9.306825561523437500e+02
8.516381835937500000e+02
7.416722412109375000e+02
6.411066894531250000e+02
6.853375244140625000e+02
7.580090942382812500e+02
7.687335815429687500e+02
6.517691040039062500e+02
6.820885620117187500e+02
7.371704101562500000e+02
6.698599243164062500e+02
6.708296508789062500e+02
8.165773315429687500e+02
6.892867431640625000e+02
8.549316406250000000e+02
6.264830322265625000e+02
6.917139892578125000e+02
7.458740844726562500e+02
6.948725585937500000e+02
7.522666625976562500e+02
8.899040527343750000e+02
6.372236328125000000e+02
6.932163696289062500e+02
7.944483032226562500e+02
7.349559936523437500e+02
6.500635986328125000e+02
1.026612182617187500e+03
7.881607666015625000e+02
6.137452392578125000e+02
7.329417724609375000e+02
1.039818115234375000e+03
7.373888549804687500e+02
7.047682495117187500e+02
9.016678466796875000e+02
5.829778442382812500e+02
7.042309570312500000e+02
6.219049072265625000e+02
7.909295654296875000e+02
4.603420410156250000e+02
7.275241699218750000e+02
7.772400512695312500e+02
7.155633544921875000e+02
8.135451660156250000e+02
7.725092773437500000e+02
7.111798706054687500e+02
6.159520263671875000e+02
6.730261230468750000e+02
6.667196655273437500e+02
6.956436767578125000e+02
6.836576538085937500e+02
5.441244506835937500e+02
5.459542846679687500e+02
7.888352661132812500e+02
7.361171264648437500e+02
8.828253784179687500e+02
6.414455566406250000e+02
6.798391113281250000e+02
9.275466918945312500e+02
7.553094482421875000e+02
7.929406738281250000e+02
8.428050537109375000e+02
8.905180053710937500e+02
6.095969238281250000e+02
6.306295776367187500e+02
7.489706420898437500e+02
5.792856445312500000e+02
8.301276855468750000e+02
8.628743286132812500e+02
6.730597534179687500e+02
9.200373535156250000e+02
1.131071777343750000e+03
7.252606201171875000e+02
7.754690551757812500e+02
7.589768066406250000e+02
8.869400024414062500e+02
5.718631591796875000e+02
7.621831054687500000e+02
8.882778930664062500e+02
8.378040771484375000e+02
6.331212768554687500e+02
8.759006958007812500e+02
8.785277709960937500e+02
6.156327514648437500e+02
7.576322631835937500e+02
6.468075561523437500e+02
7.243014526367187500e+02
7.440271606445312500e+02
7.175750122070312500e+02
8.177395019531250000e+02
1.023891906738281250e+03
7.492901000976562500e+02
8.370309448242187500e+02
7.638848266601562500e+02
6.738359375000000000e+02
6.150720825195312500e+02
7.257573852539062500e+02
6.701714477539062500e+02
5.341376953125000000e+02
9.632519531250000000e+02
7.197023315429687500e+02
8.833710937500000000e+02
7.469451293945312500e+02
7.758959960937500000e+02
8.716860961914062500e+02
8.042293090820312500e+02
7.461000366210937500e+02
7.057526855468750000e+02
5.938772583007812500e+02
8.912425537109375000e+02
8.556004028320312500e+02
7.155742187500000000e+02
6.321889648437500000e+02
6.442284545898437500e+02
6.395557250976562500e+02
6.275737915039062500e+02
9.666799316406250000e+02
8.535380859375000000e+02
7.330720825195312500e+02
8.501760253906250000e+02
7.621906127929687500e+02
7.400645751953125000e+02
6.751135864257812500e+02
8.412376708984375000e+02
6.768647460937500000e+02
7.221167602539062500e+02
8.193190307617187500e+02
7.294821777343750000e+02
8.839277954101562500e+02
6.991739501953125000e+02
7.142401123046875000e+02
8.328333129882812500e+02
9.247435913085937500e+02
7.790162353515625000e+02
6.866026611328125000e+02
7.700892333984375000e+02
6.251613159179687500e+02
8.419433593750000000e+02
7.941321411132812500e+02
6.288999633789062500e+02
7.713684082031250000e+02
7.533779907226562500e+02
6.887717285156250000e+02
4.959307250976562500e+02
7.267829589843750000e+02
7.934664916992187500e+02
9.736666870117187500e+02
7.439800415039062500e+02
6.797369384765625000e+02
7.055770263671875000e+02
4.966871337890625000e+02
8.410997924804687500e+02
8.252896728515625000e+02
7.796034545898437500e+02
8.240845336914062500e+02
8.653729248046875000e+02
1.069056518554687500e+03
8.413154296875000000e+02
7.291624755859375000e+02
8.555727539062500000e+02
8.961484375000000000e+02
8.315867309570312500e+02
6.202550659179687500e+02
7.391447753906250000e+02
8.905941772460937500e+02
6.973112792968750000e+02
7.358899536132812500e+02
7.023644409179687500e+02
6.051637573242187500e+02
8.647286987304687500e+02
1.046867919921875000e+03
6.453051147460937500e+02
4.476282958984375000e+02
9.783392333984375000e+02
6.515758056640625000e+02
8.206436767578125000e+02
5.807346191406250000e+02
8.931266479492187500e+02
9.498367309570312500e+02
6.811351318359375000e+02
7.497097167968750000e+02
6.863020019531250000e+02
6.777638549804687500e+02
5.299190673828125000e+02
7.877287597656250000e+02
7.939781494140625000e+02
6.613243408203125000e+02
8.353891601562500000e+02
7.064300537109375000e+02
6.642288818359375000e+02
6.890233154296875000e+02
6.120913696289062500e+02
6.960025634765625000e+02
9.832471313476562500e+02
8.249419555664062500e+02
7.937517089843750000e+02
8.491547241210937500e+02
8.362108154296875000e+02
8.844089355468750000e+02
6.960867919921875000e+02
7.475950927734375000e+02
8.032475585937500000e+02
7.515562744140625000e+02
9.538004760742187500e+02
9.072067260742187500e+02
6.953475952148437500e+02
7.205130615234375000e+02
7.187285156250000000e+02
7.275483398437500000e+02
7.811042480468750000e+02
8.316188354492187500e+02
8.705406494140625000e+02
1.043411987304687500e+03
8.752017822265625000e+02
6.323034667968750000e+02
5.603742065429687500e+02
6.202162475585937500e+02
9.115037231445312500e+02
6.720664062500000000e+02
1.019666870117187500e+03
8.069978027343750000e+02
7.167003784179687500e+02
7.899515380859375000e+02
7.713476562500000000e+02
6.903571166992187500e+02
7.761087036132812500e+02
8.516933593750000000e+02
9.658898925781250000e+02
8.650697021484375000e+02
7.478585815429687500e+02
8.207562866210937500e+02
9.041676635742187500e+02
8.736317749023437500e+02
7.246529541015625000e+02
6.839217529296875000e+02
8.382353515625000000e+02
7.559444580078125000e+02
8.053447875976562500e+02
8.795586547851562500e+02
4.712663269042968750e+02
8.602413330078125000e+02
7.278326416015625000e+02
7.410598144531250000e+02
6.273416137695312500e+02
6.113350830078125000e+02
7.042778320312500000e+02
5.955206298828125000e+02
6.729293823242187500e+02
8.312031860351562500e+02
8.892542114257812500e+02
7.305607299804687500e+02
8.582665405273437500e+02
7.135856323242187500e+02
8.745958251953125000e+02
7.419076538085937500e+02
6.384265747070312500e+02
6.770794067382812500e+02
8.620183715820312500e+02
8.155619506835937500e+02
5.978715209960937500e+02
7.143187866210937500e+02
6.995593261718750000e+02
7.538636474609375000e+02
8.584940185546875000e+02
8.740717773437500000e+02
8.693316650390625000e+02
7.475834350585937500e+02
6.904531860351562500e+02
6.852940673828125000e+02
7.947564697265625000e+02
7.225398559570312500e+02
9.011569213867187500e+02
8.003128662109375000e+02
7.212034301757812500e+02
7.302772216796875000e+02
6.729373779296875000e+02
8.650441284179687500e+02
7.669935913085937500e+02
6.637232666015625000e+02
9.245773925781250000e+02
6.803517456054687500e+02
6.931288452148437500e+02
6.018517456054687500e+02
8.485041503906250000e+02
6.643972167968750000e+02
7.800291137695312500e+02
7.676015014648437500e+02
8.062825317382812500e+02
5.844506835937500000e+02
7.792277832031250000e+02
8.802426757812500000e+02
8.319385986328125000e+02
7.345062255859375000e+02
5.882735595703125000e+02
6.984689331054687500e+02
5.820113525390625000e+02
6.222923583984375000e+02
7.444490966796875000e+02
6.584557495117187500e+02
8.098958740234375000e+02
8.219254150390625000e+02
7.678462524414062500e+02
6.774006347656250000e+02
9.413672485351562500e+02
7.063049316406250000e+02
6.898983764648437500e+02
7.773327636718750000e+02
6.903372802734375000e+02
7.464138793945312500e+02
9.027369995117187500e+02
5.230619506835937500e+02
7.645228271484375000e+02
6.778203125000000000e+02
6.974586181640625000e+02
7.991644287109375000e+02
7.196357421875000000e+02
6.852999267578125000e+02
5.013060913085937500e+02
8.000551757812500000e+02
8.012666625976562500e+02
6.201558837890625000e+02
8.683175048828125000e+02
7.277796630859375000e+02
8.595643310546875000e+02
8.516306762695312500e+02
8.178010253906250000e+02
8.061505126953125000e+02
6.767225952148437500e+02
7.734298095703125000e+02
8.939420776367187500e+02
5.355090332031250000e+02
7.885437011718750000e+02
8.071350097656250000e+02
7.214022827148437500e+02
1.012411254882812500e+03
5.955198974609375000e+02
6.855651245117187500e+02
7.900037231445312500e+02
6.747633666992187500e+02
7.141768188476562500e+02
9.098118896484375000e+02
7.764565429687500000e+02
9.164486083984375000e+02
6.537389526367187500e+02
7.234314575195312500e+02
8.576927490234375000e+02
6.879547119140625000e+02
9.784357910156250000e+02
8.281209716796875000e+02
7.302383422851562500e+02
6.181931152343750000e+02
8.608053588867187500e+02
8.220783691406250000e+02
8.931380615234375000e+02
8.757388916015625000e+02
5.917475585937500000e+02
7.571746215820312500e+02
8.069340209960937500e+02
7.901801147460937500e+02
8.197213134765625000e+02
7.651846313476562500e+02
8.283740234375000000e+02
6.170345458984375000e+02
6.921647949218750000e+02
6.555950317382812500e+02
7.105532836914062500e+02
7.915687866210937500e+02
7.139522705078125000e+02
8.077684326171875000e+02
6.761800537109375000e+02
7.788656616210937500e+02
9.246777343750000000e+02
7.419337768554687500e+02
7.552446899414062500e+02
7.309374389648437500e+02
6.701937255859375000e+02
5.368003540039062500e+02
9.400175781250000000e+02
5.572573852539062500e+02
5.795537719726562500e+02
8.684735107421875000e+02
7.232024536132812500e+02
8.262624511718750000e+02
5.915329589843750000e+02
8.480361938476562500e+02
9.312598876953125000e+02
7.136323242187500000e+02
8.241016845703125000e+02
7.084236450195312500e+02
6.936963500976562500e+02
7.654812622070312500e+02
6.946817626953125000e+02
7.782553100585937500e+02
7.095988769531250000e+02
6.976666870117187500e+02
7.001406860351562500e+02
8.660725708007812500e+02
7.336729736328125000e+02
6.487158203125000000e+02
9.954913940429687500e+02
7.946298828125000000e+02
9.196536254882812500e+02
5.219937133789062500e+02
8.870551757812500000e+02
7.361546630859375000e+02
7.843148193359375000e+02
6.865950317382812500e+02
6.939023437500000000e+02
8.733866577148437500e+02
8.792877197265625000e+02
6.568875732421875000e+02
7.591433715820312500e+02
6.644174194335937500e+02
6.038806152343750000e+02
8.857786865234375000e+02
7.949879760742187500e+02
8.172954101562500000e+02
7.785581054687500000e+02
8.764746093750000000e+02
8.461627197265625000e+02
8.347260742187500000e+02
6.875101928710937500e+02
9.390012817382812500e+02
7.376846313476562500e+02
8.165427856445312500e+02
6.786976928710937500e+02
8.674963378906250000e+02
4.037972717285156250e+02
6.938544921875000000e+02
8.588264160156250000e+02
6.149939575195312500e+02
9.328612670898437500e+02
7.413581542968750000e+02
8.651024780273437500e+02
7.041676635742187500e+02
8.032529296875000000e+02
5.485202026367187500e+02
7.135697021484375000e+02
6.413368530273437500e+02
9.130497436523437500e+02
8.514083251953125000e+02
6.842231445312500000e+02
6.982459716796875000e+02
1.047011962890625000e+03
7.510647583007812500e+02
8.851641235351562500e+02
7.561127319335937500e+02
8.431033935546875000e+02
9.433765869140625000e+02
9.842643432617187500e+02
8.081589965820312500e+02
7.778663330078125000e+02
6.155611572265625000e+02
8.366895141601562500e+02
7.816870117187500000e+02
6.909597167968750000e+02
8.378791503906250000e+02
9.156493530273437500e+02
7.194165039062500000e+02
6.417996826171875000e+02
7.427556152343750000e+02
7.805344848632812500e+02
8.624168090820312500e+02
6.893082885742187500e+02
7.830073242187500000e+02
9.184630737304687500e+02
9.410335083007812500e+02
8.334835815429687500e+02
6.912109375000000000e+02
6.583127441406250000e+02
7.503461914062500000e+02
9.378672485351562500e+02
8.385065307617187500e+02
5.835803222656250000e+02
6.324539794921875000e+02
8.636695556640625000e+02
7.611776733398437500e+02
7.892963256835937500e+02
5.721799926757812500e+02
7.489216918945312500e+02
9.273427124023437500e+02
6.035908203125000000e+02
6.579644775390625000e+02
8.531844482421875000e+02
7.970311279296875000e+02
9.614541015625000000e+02
6.135647583007812500e+02
7.456423339843750000e+02
9.530245971679687500e+02
5.825910644531250000e+02
6.671510620117187500e+02
8.568714599609375000e+02
8.211414184570312500e+02
6.250144042968750000e+02
8.411882324218750000e+02
9.002723388671875000e+02
8.003131713867187500e+02
8.963466186523437500e+02
8.213669433593750000e+02
8.227794189453125000e+02
8.729477539062500000e+02
8.715488281250000000e+02
7.253871459960937500e+02
8.018400878906250000e+02
8.980310668945312500e+02
8.868387451171875000e+02
8.409135742187500000e+02
8.948331298828125000e+02
7.513208618164062500e+02
8.867244262695312500e+02
9.334051513671875000e+02
9.190601806640625000e+02
7.526717529296875000e+02
7.113762207031250000e+02
6.316690673828125000e+02
6.545449218750000000e+02
6.177028808593750000e+02
6.983365478515625000e+02
7.953535156250000000e+02
1.002859863281250000e+03
6.729096069335937500e+02
6.716271972656250000e+02
7.201004638671875000e+02
8.658611450195312500e+02
9.295982055664062500e+02
8.075760498046875000e+02
7.399931640625000000e+02
6.728630981445312500e+02
8.352158203125000000e+02
8.713208618164062500e+02
8.143482666015625000e+02
7.330263671875000000e+02
7.071088256835937500e+02
7.527643432617187500e+02
8.020616455078125000e+02
8.872275390625000000e+02
7.657543334960937500e+02
7.601421508789062500e+02
8.520349121093750000e+02
7.587305297851562500e+02
5.459557495117187500e+02
6.611142578125000000e+02
7.548100585937500000e+02
1.057464843750000000e+03
6.982247924804687500e+02
5.115055847167968750e+02
9.785046997070312500e+02
6.956550292968750000e+02
5.851810913085937500e+02
7.243041992187500000e+02
7.735462646484375000e+02
6.970693969726562500e+02
5.901915893554687500e+02
7.037808837890625000e+02
8.029400634765625000e+02
5.450562744140625000e+02
8.098681640625000000e+02
7.666591796875000000e+02
7.364753417968750000e+02
5.910717163085937500e+02
8.206336669921875000e+02
6.496821289062500000e+02
8.055006713867187500e+02
7.486509399414062500e+02
6.780418701171875000e+02
8.049092407226562500e+02
1.105048950195312500e+03
6.402068481445312500e+02
1.032442260742187500e+03
6.747190551757812500e+02
7.023947143554687500e+02
8.886025390625000000e+02
8.668129272460937500e+02
7.752364501953125000e+02
9.558727416992187500e+02
7.246256713867187500e+02
6.657993774414062500e+02
9.157713012695312500e+02
6.995024414062500000e+02
8.047045288085937500e+02
7.892149047851562500e+02
9.017429199218750000e+02
6.566682739257812500e+02
7.332360229492187500e+02
6.721536254882812500e+02
8.635950927734375000e+02
6.348743286132812500e+02
6.663389282226562500e+02
7.986386718750000000e+02
6.981264038085937500e+02
8.549534912109375000e+02
8.624197998046875000e+02
8.678649291992187500e+02
1.038389648437500000e+03
9.557128295898437500e+02
7.072249755859375000e+02
7.494061279296875000e+02
6.737429199218750000e+02
8.830466918945312500e+02
7.579263305664062500e+02
8.659746093750000000e+02
8.387249755859375000e+02
7.359439086914062500e+02
7.724849243164062500e+02
6.669494628906250000e+02
9.329131469726562500e+02
7.117332153320312500e+02
6.978302612304687500e+02
7.455310058593750000e+02
8.567664794921875000e+02
7.827640991210937500e+02
9.072385864257812500e+02
8.618223266601562500e+02
7.730370483398437500e+02
7.526674194335937500e+02
6.448421020507812500e+02
8.048085327148437500e+02
7.691296386718750000e+02
6.960678710937500000e+02
8.167779541015625000e+02
5.885420532226562500e+02
5.241504516601562500e+02
7.837791137695312500e+02
9.002605590820312500e+02
8.801962280273437500e+02
8.733180541992187500e+02
6.375778808593750000e+02
8.663677978515625000e+02
9.779248046875000000e+02
6.569507446289062500e+02
7.254008178710937500e+02
7.777085571289062500e+02
8.469517211914062500e+02
7.640952758789062500e+02
1.021784851074218750e+03
7.296182250976562500e+02
8.209369506835937500e+02
8.826743774414062500e+02
7.072878417968750000e+02
6.343869018554687500e+02
8.937849121093750000e+02
5.329577026367187500e+02
8.097247924804687500e+02
6.640201416015625000e+02
6.508114624023437500e+02
8.483775634765625000e+02
8.917409667968750000e+02
5.648751220703125000e+02
5.988400268554687500e+02
6.764300537109375000e+02
8.002362670898437500e+02
7.432857666015625000e+02
8.675459594726562500e+02
7.428610839843750000e+02
9.686052246093750000e+02
8.370703125000000000e+02
8.760528564453125000e+02
9.715394897460937500e+02
6.438687744140625000e+02
7.120751342773437500e+02
6.448737792968750000e+02
6.745354614257812500e+02
7.810640869140625000e+02
9.047251586914062500e+02
7.877129516601562500e+02
8.422442016601562500e+02
7.676092529296875000e+02
8.374384765625000000e+02
6.611198730468750000e+02
1.032477661132812500e+03
5.678856811523437500e+02
7.439025268554687500e+02
8.170697021484375000e+02
7.653435668945312500e+02
6.842852172851562500e+02
6.850848999023437500e+02
6.067101440429687500e+02
7.496212768554687500e+02
7.191016235351562500e+02
7.034517211914062500e+02
7.549622802734375000e+02
7.565965576171875000e+02
7.024070434570312500e+02
8.059061279296875000e+02
6.433007812500000000e+02
7.621499023437500000e+02
7.247813110351562500e+02
1.026336181640625000e+03
7.695653686523437500e+02
7.741441040039062500e+02
6.957838134765625000e+02
8.398721313476562500e+02
8.382793579101562500e+02
7.509646606445312500e+02
7.031528930664062500e+02
6.195878906250000000e+02
7.413161010742187500e+02
7.352189331054687500e+02
6.194156494140625000e+02
7.602261352539062500e+02
7.852641601562500000e+02
5.365734863281250000e+02
8.708540039062500000e+02
6.319202880859375000e+02
8.820352172851562500e+02
6.702987670898437500e+02
6.808270263671875000e+02
7.001355590820312500e+02
8.165065307617187500e+02
6.618801879882812500e+02
6.359153442382812500e+02
7.959003906250000000e+02
7.272747802734375000e+02
8.759666748046875000e+02
6.776145629882812500e+02
6.853894042968750000e+02
8.204644775390625000e+02
9.109165039062500000e+02
5.131126098632812500e+02
7.939074707031250000e+02
7.817896728515625000e+02
8.557671508789062500e+02
8.217185058593750000e+02
6.978062744140625000e+02
7.883142089843750000e+02
7.265394287109375000e+02
1.019365173339843750e+03
7.830471191406250000e+02
5.907011108398437500e+02
9.486115112304687500e+02
6.175014038085937500e+02
7.436723632812500000e+02
7.207326049804687500e+02
6.806083984375000000e+02
7.744144287109375000e+02
6.339354248046875000e+02
6.376065673828125000e+02
8.317505493164062500e+02
7.966906738281250000e+02
8.254388427734375000e+02
7.318587646484375000e+02
8.739789428710937500e+02
6.994712524414062500e+02
7.365134277343750000e+02
6.093848876953125000e+02
8.595690917968750000e+02
9.270982666015625000e+02
7.627512207031250000e+02
7.392064819335937500e+02
7.782398681640625000e+02
6.035189208984375000e+02
6.664499511718750000e+02
9.086016235351562500e+02
8.755582885742187500e+02
7.657580566406250000e+02
5.291016235351562500e+02
5.839767456054687500e+02
7.447744140625000000e+02
6.781646728515625000e+02
7.548583984375000000e+02
6.774879150390625000e+02
7.908611450195312500e+02
7.666528320312500000e+02
7.651950073242187500e+02
7.872521362304687500e+02
8.854057617187500000e+02
1.009616821289062500e+03
7.282935180664062500e+02
6.288410034179687500e+02
7.216859130859375000e+02
5.971260986328125000e+02
7.829078979492187500e+02
8.689313354492187500e+02
8.640363769531250000e+02
6.616477050781250000e+02
8.404229125976562500e+02
8.133172607421875000e+02
7.735016479492187500e+02
7.744216918945312500e+02
6.578996582031250000e+02
8.400516967773437500e+02
1.017842346191406250e+03
9.675924072265625000e+02
6.681749267578125000e+02
8.985086059570312500e+02
6.606208496093750000e+02
9.285665893554687500e+02
7.874008178710937500e+02
7.197738037109375000e+02
8.459315795898437500e+02
7.393834228515625000e+02
7.963612670898437500e+02
9.731423339843750000e+02
7.644115600585937500e+02
7.569255981445312500e+02
6.811861572265625000e+02
9.079938354492187500e+02
8.632593994140625000e+02
8.934886474609375000e+02
6.787443847656250000e+02
9.253980102539062500e+02
9.971038208007812500e+02
8.252700805664062500e+02
7.088887939453125000e+02
7.140384521484375000e+02
6.857692260742187500e+02
9.235097045898437500e+02
7.717550048828125000e+02
7.397275390625000000e+02
9.864098510742187500e+02
7.946608276367187500e+02
6.098961181640625000e+02
6.644436035156250000e+02
6.156269531250000000e+02
7.920997314453125000e+02
8.558609008789062500e+02
6.431237792968750000e+02
6.843388061523437500e+02
8.945308227539062500e+02
8.195178222656250000e+02
7.130422363281250000e+02
6.168709716796875000e+02
7.533231811523437500e+02
8.463591308593750000e+02
8.160903320312500000e+02
6.713635253906250000e+02
8.803249511718750000e+02
7.881210937500000000e+02
8.180599975585937500e+02
5.634465942382812500e+02
5.653533325195312500e+02
8.954318237304687500e+02
8.834001464843750000e+02
8.198007202148437500e+02
6.516246337890625000e+02
6.788593139648437500e+02
8.002982788085937500e+02
8.267077636718750000e+02
6.429826660156250000e+02
9.020968017578125000e+02
7.009397583007812500e+02
6.895290527343750000e+02
7.136495971679687500e+02
8.550420532226562500e+02
7.409111938476562500e+02
6.797689819335937500e+02
6.597781982421875000e+02
6.710311279296875000e+02
7.631165161132812500e+02
8.701845092773437500e+02
8.457230834960937500e+02
9.337971801757812500e+02
8.561886596679687500e+02
5.738961791992187500e+02
8.510522460937500000e+02
7.482564697265625000e+02
9.076230468750000000e+02
7.678408813476562500e+02
7.801739501953125000e+02
6.320076293945312500e+02
8.135164184570312500e+02
8.911138916015625000e+02
8.157763671875000000e+02
8.398925170898437500e+02
6.648649902343750000e+02
8.032530517578125000e+02
8.229209594726562500e+02
7.500916137695312500e+02
7.962152099609375000e+02
7.104047241210937500e+02
6.712825317382812500e+02
8.823406372070312500e+02
6.955018920898437500e+02
8.747042846679687500e+02
8.228471679687500000e+02
6.622237548828125000e+02
6.631434326171875000e+02
8.038605957031250000e+02
7.352969970703125000e+02
7.258341064453125000e+02
8.590187377929687500e+02
5.331453857421875000e+02
8.283030395507812500e+02
6.059191894531250000e+02
9.282019653320312500e+02
7.293753051757812500e+02
7.928593139648437500e+02
8.301647338867187500e+02
7.699025268554687500e+02
7.339379882812500000e+02
9.563419189453125000e+02
7.107305297851562500e+02
6.957653808593750000e+02
8.514310302734375000e+02
5.367867431640625000e+02
8.307703247070312500e+02
8.755172119140625000e+02
6.702751464843750000e+02
8.359346923828125000e+02
8.333042602539062500e+02
7.642929687500000000e+02
8.215085449218750000e+02
6.510054931640625000e+02
7.457614746093750000e+02
8.541753540039062500e+02
7.906868286132812500e+02
7.200255737304687500e+02
7.135759277343750000e+02
8.980051269531250000e+02
8.256364135742187500e+02
6.253753051757812500e+02
6.894119262695312500e+02
8.687869262695312500e+02
7.538303833007812500e+02
8.402981567382812500e+02
6.145747680664062500e+02
8.532697143554687500e+02
7.323774414062500000e+02
7.981004638671875000e+02
6.863120117187500000e+02
8.170248413085937500e+02
7.413949584960937500e+02
8.093489990234375000e+02
8.603921508789062500e+02
8.823760986328125000e+02
7.658480834960937500e+02
8.369097290039062500e+02
6.679331665039062500e+02
5.584904785156250000e+02
7.956864013671875000e+02
6.259331665039062500e+02
8.814544677734375000e+02
7.327144165039062500e+02
1.010803222656250000e+03
7.918038940429687500e+02
8.513515625000000000e+02
9.979079589843750000e+02
6.004381103515625000e+02
8.040457763671875000e+02
9.233422241210937500e+02
8.722776489257812500e+02
8.023762207031250000e+02
8.868070678710937500e+02
8.845689086914062500e+02
7.632799072265625000e+02
8.040716552734375000e+02
5.699007568359375000e+02
8.808647460937500000e+02
8.601857910156250000e+02
7.301376342773437500e+02
8.902272338867187500e+02
8.681914062500000000e+02
8.102828369140625000e+02
8.646723022460937500e+02
8.448859252929687500e+02
7.028342895507812500e+02
1.034150878906250000e+03
6.719382934570312500e+02
1.047900756835937500e+03
9.922525634765625000e+02
7.797537231445312500e+02
5.667744750976562500e+02
6.842792358398437500e+02
6.813997192382812500e+02
9.736250610351562500e+02
8.578293457031250000e+02
8.180434570312500000e+02
4.358940124511718750e+02
7.661213989257812500e+02
8.847086181640625000e+02
8.925637817382812500e+02
8.748907470703125000e+02
6.744217529296875000e+02
6.100453491210937500e+02
6.923896484375000000e+02
8.267543945312500000e+02
7.675920410156250000e+02
7.701444091796875000e+02
8.093868408203125000e+02
7.786289062500000000e+02
8.036472167968750000e+02
6.976875000000000000e+02
8.401655883789062500e+02
7.667138671875000000e+02
6.312928466796875000e+02
6.675957031250000000e+02
8.113125000000000000e+02
7.405333251953125000e+02
9.274246826171875000e+02
8.707749023437500000e+02
9.561182250976562500e+02
7.684080810546875000e+02
6.361807250976562500e+02
7.370696411132812500e+02
8.044753417968750000e+02
8.062885131835937500e+02
7.673437500000000000e+02
9.794194946289062500e+02
6.730376586914062500e+02
7.235761108398437500e+02
7.899591674804687500e+02
4.685977783203125000e+02
9.394043579101562500e+02
8.988456420898437500e+02
8.403501586914062500e+02
6.726684570312500000e+02
9.650777587890625000e+02
8.735810546875000000e+02
6.076818847656250000e+02
7.719960937500000000e+02
6.451440429687500000e+02
5.522302856445312500e+02
9.562749023437500000e+02
8.189300537109375000e+02
8.992240600585937500e+02
9.165521850585937500e+02
9.836108398437500000e+02
7.882328491210937500e+02
6.565672607421875000e+02
8.235490112304687500e+02
6.078708496093750000e+02
7.425180664062500000e+02
8.448831176757812500e+02
7.775857543945312500e+02
6.765900878906250000e+02
6.860276489257812500e+02
8.828257446289062500e+02
6.317279663085937500e+02
7.862842407226562500e+02
1.047709350585937500e+03
7.153913574218750000e+02
7.199957275390625000e+02
6.967637329101562500e+02
4.926000976562500000e+02
6.721063232421875000e+02
6.593927612304687500e+02
8.563925170898437500e+02
6.408381958007812500e+02
5.965211181640625000e+02
7.741275024414062500e+02
7.631642456054687500e+02
7.771116333007812500e+02
8.761129760742187500e+02
6.086906127929687500e+02
8.111187744140625000e+02
6.791836547851562500e+02
8.153451538085937500e+02
8.472531738281250000e+02
7.056715698242187500e+02
4.669080505371093750e+02
8.543532104492187500e+02
8.147348022460937500e+02
6.439455566406250000e+02
6.678408203125000000e+02
7.941251220703125000e+02
6.470306396484375000e+02
8.170344848632812500e+02
7.824953002929687500e+02
7.999844360351562500e+02
8.253672485351562500e+02
5.709356079101562500e+02
8.003494873046875000e+02
7.806624755859375000e+02
7.771288452148437500e+02
8.183776855468750000e+02
7.650447387695312500e+02
7.078040771484375000e+02
7.019003906250000000e+02
8.957666015625000000e+02
7.828639526367187500e+02
9.010657958984375000e+02
9.610232543945312500e+02
7.239292602539062500e+02
6.627210083007812500e+02
9.003342285156250000e+02
7.990609130859375000e+02
9.030149536132812500e+02
8.066695556640625000e+02
9.811434936523437500e+02
8.108884887695312500e+02
6.831076049804687500e+02
7.727019653320312500e+02
7.136102905273437500e+02
7.572049560546875000e+02
8.587618408203125000e+02
7.829517822265625000e+02
8.915626831054687500e+02
6.541033325195312500e+02
8.254109497070312500e+02
7.744605102539062500e+02
6.626878662109375000e+02
8.749217529296875000e+02
8.429115600585937500e+02
8.212545776367187500e+02
9.084391479492187500e+02
6.946415405273437500e+02
8.342166137695312500e+02
6.948881835937500000e+02
7.826035156250000000e+02
7.040944213867187500e+02
7.966698608398437500e+02
7.259162597656250000e+02
9.544802856445312500e+02
7.688353271484375000e+02
6.219337768554687500e+02
5.995892944335937500e+02
7.876276855468750000e+02
7.108923339843750000e+02
7.315756835937500000e+02
9.196979370117187500e+02
8.491887207031250000e+02
9.200457153320312500e+02
8.793387451171875000e+02
7.617169189453125000e+02
6.449337158203125000e+02
7.185888061523437500e+02
6.594520263671875000e+02
5.290192871093750000e+02
7.567375488281250000e+02
8.294277954101562500e+02
7.911763916015625000e+02
7.480894165039062500e+02
6.633106079101562500e+02
8.245905151367187500e+02
8.487822265625000000e+02
7.456571044921875000e+02
8.280418701171875000e+02
8.786895141601562500e+02
5.634078979492187500e+02
7.006953735351562500e+02
7.891535644531250000e+02
9.088319702148437500e+02
8.626695556640625000e+02
6.632648925781250000e+02
7.180891723632812500e+02
8.971393432617187500e+02
9.421524658203125000e+02
7.368410644531250000e+02
6.739053344726562500e+02
6.377319335937500000e+02
9.504476318359375000e+02
6.853116455078125000e+02
6.072524414062500000e+02
7.927327880859375000e+02
8.196720581054687500e+02
6.929274291992187500e+02
7.068744506835937500e+02
7.901275024414062500e+02
7.643063964843750000e+02
6.474669799804687500e+02
7.411796264648437500e+02
6.693172607421875000e+02
7.728579711914062500e+02
7.782454223632812500e+02
6.969053955078125000e+02
8.040954589843750000e+02
6.497312622070312500e+02
7.685210571289062500e+02
7.718919677734375000e+02
7.451104736328125000e+02
8.347236328125000000e+02
8.757329711914062500e+02
7.744224853515625000e+02
8.575578613281250000e+02
6.975820312500000000e+02
9.219802246093750000e+02
8.438898315429687500e+02
6.805426025390625000e+02
6.656641845703125000e+02
7.327485961914062500e+02
6.308566894531250000e+02
8.197548217773437500e+02
5.554870605468750000e+02
8.694968872070312500e+02
6.642012939453125000e+02
6.006819458007812500e+02
6.158386230468750000e+02
6.599132080078125000e+02
8.836664428710937500e+02
6.313303833007812500e+02
8.070447387695312500e+02
8.145305786132812500e+02
8.972642822265625000e+02
8.179413452148437500e+02
7.847084350585937500e+02
7.549349365234375000e+02
5.825073852539062500e+02
5.450606079101562500e+02
8.415742797851562500e+02
8.830332031250000000e+02
7.152122802734375000e+02
6.414229736328125000e+02
8.713672485351562500e+02
6.354865112304687500e+02
7.678316650390625000e+02
7.836746826171875000e+02
7.186218872070312500e+02
8.274584350585937500e+02
6.953305664062500000e+02
6.137991943359375000e+02
8.592539062500000000e+02
7.701120605468750000e+02
6.669398803710937500e+02
7.612951660156250000e+02
9.427166748046875000e+02
8.762794189453125000e+02
9.332805786132812500e+02
7.105487060546875000e+02
8.139318237304687500e+02
8.655217285156250000e+02
9.262498168945312500e+02
9.813439941406250000e+02
7.199915161132812500e+02
9.420820922851562500e+02
6.744294433593750000e+02
7.286076660156250000e+02
5.656535644531250000e+02
8.713762207031250000e+02
8.136644897460937500e+02
8.992326049804687500e+02
8.461053466796875000e+02
8.630109252929687500e+02
7.623865356445312500e+02
8.217380371093750000e+02
8.293749389648437500e+02
7.878293457031250000e+02
7.866165771484375000e+02
7.392578735351562500e+02
7.498191528320312500e+02
8.816576538085937500e+02
7.259657592773437500e+02
5.609017333984375000e+02
7.137936401367187500e+02
5.747406005859375000e+02
8.352116699218750000e+02
8.287356567382812500e+02
9.569974365234375000e+02
8.527496337890625000e+02
7.760483398437500000e+02
9.433325195312500000e+02
6.378838500976562500e+02
1.069716674804687500e+03
8.771791381835937500e+02
7.582299194335937500e+02
7.424200439453125000e+02
7.515901489257812500e+02
7.767470703125000000e+02
8.323352661132812500e+02
6.765427246093750000e+02
6.246119384765625000e+02
5.418657226562500000e+02
7.855523071289062500e+02
6.514454345703125000e+02
7.141164550781250000e+02
7.593970947265625000e+02
7.348543701171875000e+02
7.053682861328125000e+02
8.080661621093750000e+02
8.605119628906250000e+02
7.702390747070312500e+02
5.471447753906250000e+02
7.429813842773437500e+02
7.177645874023437500e+02
5.791286010742187500e+02
7.605383300781250000e+02
7.295133666992187500e+02
8.664723510742187500e+02
8.129279174804687500e+02
9.043287963867187500e+02
8.436260375976562500e+02
7.139224853515625000e+02
9.576822509765625000e+02
9.855106811523437500e+02
4.449007568359375000e+02
9.689417114257812500e+02
8.129201049804687500e+02
7.960669555664062500e+02
7.264868164062500000e+02
7.109591064453125000e+02
6.516044311523437500e+02
7.843138427734375000e+02
7.751880493164062500e+02
7.754096679687500000e+02
8.899316406250000000e+02
6.109679565429687500e+02
6.535620117187500000e+02
6.723382568359375000e+02
7.745856323242187500e+02
8.790783691406250000e+02
7.100721435546875000e+02
6.471947021484375000e+02
1.013724792480468750e+03
7.842520141601562500e+02
8.243109130859375000e+02
7.412573242187500000e+02
8.074770507812500000e+02
7.020103149414062500e+02
6.704125976562500000e+02
7.512951049804687500e+02
8.115908813476562500e+02
7.971838989257812500e+02
9.977184448242187500e+02
7.304735717773437500e+02
8.365187988281250000e+02
7.635772094726562500e+02
7.882817382812500000e+02
6.329313964843750000e+02
8.848090209960937500e+02
6.814633789062500000e+02
7.840413818359375000e+02
8.768162231445312500e+02
9.542698364257812500e+02
7.117391967773437500e+02
8.781843872070312500e+02
8.130895996093750000e+02
7.394532470703125000e+02
6.556613159179687500e+02
5.873753051757812500e+02
6.738878173828125000e+02
7.172304687500000000e+02
6.694961547851562500e+02
9.167752685546875000e+02
8.469750976562500000e+02
8.612606201171875000e+02
6.732556152343750000e+02
7.025941772460937500e+02
8.487177124023437500e+02
9.401204223632812500e+02
6.898032226562500000e+02
7.318245849609375000e+02
7.478996582031250000e+02
7.681017456054687500e+02
6.660808715820312500e+02
7.374954223632812500e+02
7.532733154296875000e+02
8.815227661132812500e+02
6.267008056640625000e+02
7.866356201171875000e+02
4.909784545898437500e+02
1.035100585937500000e+03
7.705682983398437500e+02
8.323569946289062500e+02
9.277819824218750000e+02
1.008809082031250000e+03
7.531687011718750000e+02
8.528827514648437500e+02
7.790790405273437500e+02
6.724459228515625000e+02
7.739888916015625000e+02
7.797072143554687500e+02
8.099829711914062500e+02
6.616911621093750000e+02
6.786948242187500000e+02
7.009198608398437500e+02
6.996724243164062500e+02
7.940317382812500000e+02
6.853692016601562500e+02
7.003867187500000000e+02
7.631662597656250000e+02
8.316293334960937500e+02
1.075898803710937500e+03
8.503341064453125000e+02
7.899050903320312500e+02
5.957431030273437500e+02
7.196893310546875000e+02
8.292448120117187500e+02
1.028855346679687500e+03
7.958520507812500000e+02
7.059474487304687500e+02
7.555886840820312500e+02
8.069333496093750000e+02
7.492134399414062500e+02
7.094495239257812500e+02
6.116813964843750000e+02
9.464303588867187500e+02
6.970134277343750000e+02
